4.6,15.600000000000014,12.469740096861553,12.460271798647465,12.450266321672721,12.440039671018203,12.429813020363683,12.419586369709164,12.409359719054645,12.399133068400126,12.388906417745607,18.910226650654522,29.900000000000006,29.900000000000006,18.900000000000006,12.337773164473012,12.327546513818492,23.307093212509457,12.307093212509455,12.296866561854936,12.286639911200416,12.276413260545896,12.266186609891378,12.25595995923686,12.24573330858234,12.238732922717597,12.23495880164263,12.231184680567665,12.227410559492698,12.223636438417731,12.219862317342766,12.216088196267819,12.212314075192891,12.208539954117963,12.204765833043036,12.200991711968108,12.197217590893182,12.193443469818254,12.189669348743326,12.185895227668397,12.18212110659347,18.903774121074928,29.900000000000006,18.900000000000006,12.16702462229376,12.163250501218831,12.159476380143904,12.155702259068939,12.151928137993933
0.0,26.77857638491387,29.900000000000006,29.900000000000006,29.900000000000006,29.900000000000006,29.900000000000006,29.900000000000006,29.900000000000006,29.900000000000006,29.900000000000006,23.36845311643657,12.36845311643657,12.35822646578205,23.34799981512753,29.900000000000006,29.900000000000006,18.910226650654522,29.900000000000006,29.900000000000006,29.900000000000006,29.900000000000006,29.900000000000006,29.900000000000006,29.900000000000006,29.900000000000006,29.900000000000006,29.900000000000006,29.900000000000006,29.900000000000006,29.900000000000006,29.900000000000006,29.900000000000006,29.900000000000006,29.900000000000006,29.900000000000006,29.900000000000006,29.900000000000006,29.900000000000006,29.900000000000006,29.900000000000006,23.17457286444362,12.174572864443615,23.170798743368685,29.900000000000006,29.900000000000006,29.900000000000006,29.900000000000006,29.900000000000006
5.0,14.375,14.375,14.375,14.375,14.375,14.375,14.375,14.375,14.375,14.375,14.375,14.375,14.375,14.375,14.375,14.375,14.375,14.375,14.375,14.375,14.375,14.375,14.375,14.375,14.375,14.375,14.375,14.375,14.375,14.375,14.375,14.375,14.375,14.375,14.375,14.375,14.375,14.375,14.375,14.375,14.375,14.375,14.375,14.375,14.375,14.375,14.375,14.375
5.0,14.375,14.375,14.375,14.375,14.375,14.375,14.375,14.375,14.375,14.375,14.375,14.375,14.375,14.375,14.375,14.375,14.375,14.375,14.375,14.375,14.375,14.375,14.375,14.375,14.375,14.375,14.375,14.375,14.375,14.375,14.375,14.375,14.375,14.375,14.375,14.375,14.375,14.375,14.375,14.375,14.375,14.375,14.375,14.375,14.375,14.375,14.375,14.375
0.0,15.543203476461848,15.543203476520056,15.543203476578263,15.543203476520056,15.543203476520056,15.54320347663647,15.54320347663647,15.543203476752886,15.543203476752886,15.543203476752886,15.543203476752886,15.543203476985717,15.543203476985717,15.543203476985717,15.543203476985717,15.543203476985717,15.543203476985717,15.543203476985717,15.543203476985717,15.543203476985717,15.543203476985717,15.543203476985717,15.543203476985717,15.543203477451378,15.543203477451378,15.543203477451378,15.543203477451378,15.543203477451378,15.543203477451378,15.543203477451378,15.543203476985717,15.543203476985717,15.543203476985717,15.543203476985717,15.543203476985717,15.543203476985717,16.1,15.543203476985717,15.543203476985717,15.543203476985717,15.543203476985717,15.543203476985717,16.1,15.543203476985717,15.543203476985717,15.543203476985717,15.54320347791704,15.54320347791704
0.0,14.950000000000003,14.950000000000003,14.950000000000003,14.950000000000003,14.950000000000003,14.950000000000003,14.950000000000003,14.950000000000003,14.950000000000003,14.950000000000003,14.950000000000003,14.950000000000003,14.950000000000003,14.950000000000003,14.950000000000003,14.950000000000003,14.950000000000003,14.950000000000003,14.950000000000003,14.950000000000003,14.950000000000003,14.950000000000003,14.950000000000003,14.950000000000003,14.950000000000003,14.950000000000003,14.950000000000003,14.950000000000003,14.950000000000003,14.950000000000003,14.950000000000003,14.950000000000003,14.950000000000003,14.950000000000003,14.950000000000003,14.950000000000003,14.393203476985718,14.950000000000003,14.950000000000003,14.950000000000003,14.950000000000003,14.950000000000003,14.393203476985718,14.950000000000003,14.950000000000003,14.950000000000003,14.950000000000003,14.950000000000003
24.0,0.0,0.0,0.0,0.0,0.0,0.0,0.0,0.0,0.0,0.0,0.0,0.0,0.0,0.0,0.0,0.0,0.0,0.0,0.0,0.0,0.0,0.0,0.0,0.0,69.0,69.0,69.0,69.0,69.0,69.0,69.0,69.0,69.0,69.0,69.0,69.0,69.0,69.0,69.0,69.0,69.0,69.0,69.0,69.0,69.0,69.0,69.0,69.0
24.0,0.0,0.0,0.0,0.0,0.0,0.0,0.0,0.0,0.0,0.0,0.0,0.0,0.0,0.0,27.899640000000502,27.899640000000502,27.899640000000502,27.899640000000502,27.899640000000502,27.899640000000502,27.899640000000502,27.899640000000502,27.899640000000502,27.899640000000502,38.8996400000005,49.8996400000005,60.8996400000005,69.0,69.0,69.0,69.0,69.0,69.0,69.0,69.0,69.0,69.0,69.0,69.0,69.0,69.0,69.0,69.0,69.0,69.0,69.0,69.0,69.0
0.0,27.899640000000502,27.899640000000502,27.899640000000502,27.899640000000502,27.899640000000502,27.899640000000502,27.899640000000502,27.899640000000502,27.899640000000502,27.899640000000502,27.899640000000502,27.899640000000502,27.899640000000502,27.899640000000502,0.0,0.0,0.0,0.0,0.0,0.0,0.0,0.0,0.0,0.0,69.0,69.0,69.0,68.5986,68.5986,68.5986,68.5986,68.5986,68.5986,68.5986,68.5986,68.5986,68.5986,68.5986,68.5986,68.5986,68.5986,68.5986,68.5986,68.5986,68.5986,68.5986,68.5986,68.5986
150.0,100.0,0.0,0.0,0.0,0.0,0.0,0.0,0.0,0.0,0.0,0.0,0.0,0.0,0.0,0.0,0.0,0.0,0.0,0.0,0.0,0.0,0.0,0.0,0.0,0.0,0.0,0.0,0.0,0.0,0.0,0.0,0.0,0.0,0.0,0.0,0.0,0.0,0.0,0.0,0.0,0.0,0.0,0.0,0.0,0.0,0.0,0.0,0.0
150.0,0.0,0.0,0.0,0.0,0.0,0.0,0.0,0.0,0.0,0.0,0.0,0.0,0.0,0.0,0.0,0.0,0.0,0.0,0.0,0.0,0.0,0.0,0.0,0.0,0.0,0.0,0.0,0.0,0.0,0.0,0.0,0.0,0.0,0.0,0.0,0.0,0.0,0.0,0.0,0.0,0.0,0.0,0.0,0.0,0.0,0.0,0.0,0.0
150.0,0.0,0.0,0.0,0.0,0.0,0.0,0.0,0.0,0.0,0.0,0.0,0.0,0.0,0.0,0.0,0.0,0.0,0.0,0.0,0.0,0.0,0.0,0.0,0.0,0.0,0.0,0.0,0.0,0.0,0.0,0.0,0.0,0.0,0.0,0.0,0.0,0.0,0.0,0.0,0.0,0.0,0.0,0.0,0.0,0.0,0.0,0.0,0.0
0.0,0.0,0.0,0.0,0.0,0.0,0.0,0.0,0.0,0.0,0.0,0.0,0.0,0.0,0.0,0.0,0.0,0.0,0.0,0.0,0.0,0.0,0.0,0.0,0.0,0.0,0.0,0.0,0.0,0.0,0.0,0.0,0.0,0.0,0.0,0.0,0.0,0.0,0.0,0.0,0.0,0.0,0.0,0.0,0.0,0.0,0.0,0.0,0.0
0.0,0.0,0.0,0.0,0.0,0.0,0.0,0.0,0.0,0.0,0.0,0.0,0.0,0.0,0.0,0.0,0.0,0.0,0.0,0.0,0.0,0.0,65.6,65.6,65.6,65.6,65.6,65.6,65.6,65.6,65.6,65.6,65.6,65.6,65.6,65.6,65.6,0.0,0.0,0.0,0.0,0.0,0.0,0.0,0.0,0.0,0.0,0.0,0.0
0.0,0.0,0.0,0.0,0.0,0.0,0.0,0.0,0.0,0.0,0.0,0.0,0.0,0.0,0.0,0.0,0.0,0.0,0.0,0.0,0.0,0.0,0.0,0.0,0.0,0.0,0.0,0.0,0.0,0.0,0.0,0.0,0.0,0.0,0.0,0.0,0.0,0.0,0.0,0.0,0.0,0.0,0.0,0.0,0.0,0.0,0.0,0.0,0.0
0.0,0.0,0.0,0.0,0.0,0.0,0.0,0.0,0.0,0.0,0.0,0.0,0.0,0.0,0.0,0.0,0.0,0.0,0.0,0.0,0.0,0.0,0.0,0.0,0.0,0.0,0.0,0.0,0.0,0.0,0.0,0.0,0.0,0.0,0.0,0.0,0.0,0.0,0.0,0.0,0.0,0.0,0.0,0.0,0.0,0.0,0.0,0.0,0.0
0.0,0.0,0.0,0.0,0.0,0.0,0.0,0.0,0.0,0.0,0.0,0.0,0.0,0.0,0.0,0.0,0.0,0.0,0.0,0.0,0.0,0.0,0.0,0.0,0.0,0.0,0.0,0.0,0.0,0.0,0.0,0.0,0.0,0.0,0.0,0.0,0.0,0.0,0.0,0.0,0.0,0.0,0.0,0.0,0.0,0.0,0.0,0.0,0.0
20.0,0.0,0.0,0.0,0.0,0.0,0.0,0.0,0.0,0.0,0.0,0.0,0.0,0.0,0.0,0.0,0.0,0.0,0.0,0.0,0.0,0.0,0.0,0.0,0.0,0.0,0.0,0.0,0.0,0.0,0.0,0.0,0.0,0.0,0.0,0.0,0.0,0.0,0.0,0.0,0.0,0.0,0.0,0.0,0.0,0.0,0.0,0.0,0.0
20.0,35.0,34.26879896160306,0.0,0.0,0.0,0.0,0.0,0.0,0.0,0.0,0.0,0.0,0.0,0.0,0.0,0.0,0.0,0.0,0.0,0.0,0.0,0.0,0.0,0.0,0.0,0.0,0.0,0.0,0.0,0.0,0.0,0.0,0.0,0.0,0.0,0.0,0.0,0.0,0.0,0.0,0.0,0.0,0.0,0.0,0.0,0.0,0.0,0.0
40.0,0.0,0.0,0.0,0.0,0.0,0.0,0.0,0.0,0.0,0.0,0.0,0.0,0.0,0.0,0.0,0.0,0.0,0.0,0.0,0.0,0.0,0.0,0.0,0.0,0.0,0.0,0.0,0.0,0.0,0.0,0.0,0.0,0.0,0.0,0.0,0.0,0.0,0.0,0.0,0.0,0.0,0.0,0.0,0.0,0.0,0.0,0.0,0.0
40.0,0.0,0.0,0.0,0.0,0.0,0.0,0.0,0.0,0.0,0.0,0.0,0.0,0.0,0.0,0.0,0.0,0.0,0.0,0.0,0.0,0.0,0.0,0.0,0.0,0.0,0.0,0.0,0.0,0.0,0.0,0.0,0.0,0.0,0.0,0.0,0.0,0.0,0.0,0.0,0.0,0.0,0.0,0.0,0.0,0.0,0.0,0.0,0.0
50.0,0.0,0.0,0.0,0.0,0.0,0.0,0.0,0.0,0.0,0.0,0.0,0.0,0.0,0.0,0.0,0.0,0.0,0.0,0.0,0.0,0.0,0.0,0.0,0.0,0.0,0.0,0.0,0.0,0.0,0.0,0.0,0.0,0.0,0.0,0.0,0.0,0.0,0.0,0.0,0.0,0.0,0.0,0.0,0.0,0.0,0.0,0.0,0.0
50.0,0.0,0.0,0.0,0.0,0.0,0.0,0.0,0.0,0.0,0.0,0.0,0.0,0.0,0.0,0.0,0.0,0.0,0.0,0.0,0.0,0.0,0.0,0.0,0.0,0.0,0.0,0.0,0.0,0.0,0.0,0.0,0.0,0.0,0.0,0.0,0.0,0.0,0.0,0.0,0.0,0.0,0.0,0.0,0.0,0.0,0.0,0.0,0.0
50.0,0.0,0.0,0.0,0.0,0.0,0.0,0.0,0.0,0.0,0.0,0.0,0.0,0.0,0.0,0.0,0.0,0.0,0.0,0.0,0.0,0.0,0.0,0.0,0.0,0.0,0.0,0.0,0.0,0.0,0.0,0.0,0.0,0.0,0.0,0.0,0.0,0.0,0.0,0.0,0.0,0.0,0.0,0.0,0.0,0.0,0.0,0.0,0.0
50.0,0.0,0.0,0.0,0.0,0.0,0.0,0.0,0.0,0.0,0.0,0.0,0.0,0.0,0.0,0.0,0.0,0.0,0.0,0.0,0.0,0.0,0.0,0.0,0.0,0.0,0.0,0.0,0.0,0.0,0.0,0.0,0.0,0.0,0.0,0.0,0.0,0.0,0.0,0.0,0.0,0.0,0.0,0.0,0.0,0.0,0.0,0.0,0.0
0.0,0.0,0.0,0.0,0.0,0.0,0.0,0.0,0.0,0.0,0.0,0.0,0.0,0.0,0.0,0.0,0.0,0.0,0.0,0.0,0.0,0.0,0.0,0.0,0.0,0.0,0.0,0.0,0.0,0.0,0.0,0.0,0.0,0.0,0.0,0.0,0.0,0.0,0.0,0.0,0.0,0.0,0.0,0.0,0.0,0.0,0.0,0.0,0.0
0.0,0.0,0.0,0.0,0.0,0.0,0.0,0.0,0.0,0.0,0.0,0.0,0.0,0.0,0.0,0.0,0.0,0.0,0.0,0.0,0.0,0.0,0.0,0.0,0.0,0.0,0.0,0.0,0.0,0.0,0.0,0.0,0.0,0.0,0.0,0.0,0.0,0.0,0.0,0.0,0.0,0.0,0.0,0.0,0.0,0.0,0.0,0.0,0.0
150.0,134.60078107763482,123.00078107763503,123.00078107763503,161.00078107763503,0.0,0.0,0.0,0.0,0.0,0.0,0.0,0.0,0.0,0.0,0.0,0.0,0.0,0.0,0.0,0.0,0.0,0.0,0.0,0.0,0.0,0.0,0.0,0.0,0.0,0.0,0.0,0.0,0.0,0.0,0.0,0.0,0.0,0.0,0.0,0.0,0.0,0.0,0.0,0.0,0.0,0.0,0.0,0.0
150.0,200.00000000000017,211.6,211.6,211.6,0.0,0.0,0.0,0.0,0.0,0.0,0.0,0.0,0.0,0.0,0.0,0.0,0.0,0.0,0.0,0.0,0.0,0.0,0.0,0.0,0.0,0.0,0.0,0.0,0.0,0.0,0.0,0.0,0.0,0.0,0.0,0.0,0.0,0.0,0.0,0.0,0.0,0.0,0.0,0.0,0.0,0.0,0.0,0.0
150.0,161.6,161.6,161.6,123.6,73.6,0.0,0.0,0.0,0.0,0.0,0.0,0.0,0.0,0.0,0.0,0.0,0.0,0.0,0.0,0.0,0.0,0.0,0.0,0.0,0.0,0.0,0.0,0.0,0.0,0.0,0.0,0.0,0.0,0.0,0.0,0.0,0.0,0.0,0.0,0.0,0.0,0.0,0.0,0.0,0.0,0.0,0.0,0.0
0.0,0.0,0.0,0.0,0.0,0.0,0.0,0.0,0.0,0.0,0.0,0.0,0.0,0.0,0.0,0.0,0.0,0.0,0.0,0.0,0.0,0.0,0.0,0.0,0.0,0.0,0.0,0.0,0.0,0.0,0.0,0.0,0.0,0.0,0.0,0.0,0.0,0.0,0.0,0.0,0.0,0.0,0.0,0.0,0.0,0.0,0.0,0.0,0.0
0.0,0.0,0.0,0.0,0.0,0.0,0.0,0.0,0.0,0.0,0.0,0.0,0.0,0.0,0.0,0.0,0.0,0.0,0.0,0.0,0.0,0.0,0.0,0.0,0.0,0.0,0.0,0.0,0.0,0.0,0.0,0.0,0.0,0.0,0.0,0.0,0.0,0.0,0.0,0.0,0.0,0.0,0.0,0.0,0.0,0.0,0.0,0.0,0.0
0.0,0.0,0.0,0.0,0.0,0.0,0.0,0.0,0.0,0.0,0.0,0.0,0.0,0.0,0.0,0.0,0.0,0.0,0.0,0.0,0.0,0.0,0.0,0.0,0.0,0.0,0.0,0.0,0.0,0.0,0.0,0.0,0.0,0.0,0.0,0.0,0.0,0.0,0.0,0.0,0.0,0.0,0.0,0.0,0.0,0.0,0.0,0.0,0.0
100.0,42.4,42.4,42.4,42.4,42.4,42.4,42.4,42.4,0.0,0.0,0.0,0.0,0.0,0.0,0.0,0.0,0.0,0.0,0.0,0.0,0.0,0.0,0.0,0.0,0.0,0.0,0.0,0.0,0.0,0.0,0.0,0.0,0.0,0.0,0.0,0.0,0.0,0.0,0.0,0.0,0.0,0.0,0.0,0.0,0.0,0.0,0.0,0.0
100.0,42.4,42.4,42.4,42.4,81.50181900819842,81.50181900819842,81.50181900819842,81.50181900819842,0.0,0.0,0.0,0.0,0.0,0.0,0.0,0.0,0.0,0.0,0.0,0.0,0.0,0.0,0.0,0.0,0.0,0.0,0.0,0.0,0.0,0.0,0.0,0.0,0.0,0.0,0.0,0.0,0.0,0.0,0.0,0.0,0.0,0.0,0.0,0.0,0.0,0.0,0.0,0.0
100.0,82.60837400634179,82.60837400631473,82.60837400631473,82.60837400631473,121.9,121.9,121.9,121.9,0.0,0.0,0.0,0.0,0.0,0.0,0.0,0.0,0.0,0.0,0.0,0.0,0.0,0.0,0.0,0.0,0.0,0.0,0.0,0.0,0.0,0.0,0.0,0.0,0.0,0.0,0.0,0.0,0.0,0.0,0.0,0.0,0.0,0.0,0.0,0.0,0.0,0.0,0.0,0.0
0.0,121.9,121.9,121.9,121.9,121.9,121.9,121.9,121.9,56.06240600401676,50.71109594060065,0.0,0.0,0.0,0.0,0.0,0.0,0.0,0.0,0.0,0.0,0.0,0.0,0.0,0.0,0.0,0.0,0.0,0.0,0.0,0.0,0.0,0.0,0.0,0.0,0.0,0.0,0.0,0.0,0.0,0.0,0.0,0.0,0.0,0.0,0.0,0.0,0.0,0.0
38.0,37.351678687541835,16.8,16.8,16.8,16.8,16.8,16.8,16.8,16.8,16.8,16.8,16.8,16.8,16.8,16.8,16.8,16.8,16.8,0.0,0.0,0.0,0.0,0.0,0.0,0.0,0.0,0.0,0.0,0.0,0.0,0.0,0.0,0.0,0.0,0.0,0.0,0.0,0.0,0.0,0.0,0.0,0.0,0.0,0.0,0.0,0.0,0.0,0.0
38.0,48.3,20.551678687530753,20.551678687530753,20.551678687530753,20.551678687530753,20.551678687530753,16.8,16.8,16.8,16.8,16.8,16.8,16.8,16.8,16.8,16.8,16.8,16.8,0.0,0.0,0.0,0.0,0.0,0.0,0.0,0.0,0.0,0.0,0.0,0.0,0.0,0.0,0.0,0.0,0.0,0.0,0.0,0.0,0.0,0.0,0.0,0.0,0.0,0.0,0.0,0.0,0.0,0.0
38.0,48.3,48.3,48.3,48.3,48.3,48.3,16.8,16.8,16.8,16.8,16.8,16.8,16.8,16.8,16.8,16.8,16.8,16.8,22.26187669787903,20.288894102328552,0.0,0.0,0.0,0.0,0.0,0.0,0.0,0.0,0.0,0.0,0.0,0.0,0.0,0.0,0.0,0.0,0.0,0.0,0.0,0.0,0.0,0.0,0.0,0.0,0.0,0.0,0.0,0.0
0.0,0.0,0.0,0.0,0.0,0.0,0.0,35.251678687530756,35.251678687530756,35.251678687530756,35.251678687530756,16.8,16.8,16.8,16.8,38.938579963401736,38.938579963401736,38.938579963401736,38.938579963401736,0.0,0.0,0.0,0.0,0.0,0.0,0.0,0.0,0.0,0.0,0.0,0.0,0.0,0.0,0.0,0.0,0.0,0.0,0.0,0.0,0.0,0.0,0.0,0.0,0.0,0.0,0.0,0.0,0.0,0.0
0.0,0.0,48.3,48.3,48.3,48.3,48.3,48.3,48.3,48.3,48.3,41.250611529429776,41.2506115294284,41.2506115294284,41.2506115294284,48.3,48.3,48.3,48.3,0.0,0.0,0.0,0.0,0.0,0.0,0.0,0.0,0.0,0.0,0.0,0.0,0.0,0.0,0.0,0.0,0.0,0.0,0.0,0.0,0.0,0.0,0.0,0.0,0.0,0.0,0.0,0.0,0.0,0.0
95.0,38.0,38.0,38.0,38.0,38.0,38.0,38.0,38.0,38.0,38.0,38.0,38.0,38.0,38.0,38.0,38.0,38.0,38.0,38.0,43.50210927966472,38.0,0.0,0.0,0.0,0.0,0.0,0.0,0.0,0.0,0.0,0.0,0.0,0.0,0.0,0.0,0.0,0.0,0.0,0.0,0.0,0.0,0.0,0.0,0.0,0.0,0.0,0.0,0.0
95.0,80.24992522798544,42.249925227920215,42.249925227920215,42.249925227920215,108.741625831415,108.74162583141282,108.74162583141282,108.74162583141282,38.0,108.74162583141282,38.0,108.74162583141282,108.74162583141282,108.74162583141282,38.0,38.0,67.16911531434573,38.0,43.50210927966472,109.25,43.50210927966472,81.50210927966472,41.19399992496124,38.0,0.0,0.0,0.0,0.0,0.0,0.0,0.0,0.0,0.0,0.0,0.0,0.0,0.0,0.0,0.0,0.0,0.0,0.0,0.0,0.0,0.0,0.0,0.0,0.0
95.0,109.25,38.0,38.0,38.0,38.0,38.0,38.0,38.0,38.0,38.0,38.0,38.0,38.0,38.0,38.0,38.0,38.0,67.16911531434573,38.0,38.0,38.0,38.0,0.0,0.0,0.0,0.0,0.0,0.0,0.0,0.0,0.0,0.0,0.0,0.0,0.0,0.0,0.0,0.0,0.0,0.0,0.0,0.0,0.0,0.0,0.0,0.0,0.0,0.0
0.0,0.0,109.25,109.25,109.25,38.0,38.0,38.0,38.0,108.74162583141282,38.0,108.74162583141282,38.0,38.0,38.0,67.16911531434798,67.16911531434573,38.0,38.0,109.25,38.0,109.25,109.25,0.0,0.0,0.0,0.0,0.0,0.0,0.0,0.0,0.0,0.0,0.0,0.0,0.0,0.0,0.0,0.0,0.0,0.0,0.0,0.0,0.0,0.0,0.0,0.0,0.0,0.0
80.0,42.29300268444446,42.29300268444446,42.29300268444446,42.29300268444446,42.29300268444446,94.3,42.29300268444446,42.29300268444446,32.8,42.29300268444446,32.8,42.29300268444446,69.76685935312709,69.76685935334699,41.06685935279667,32.8,37.64624176921542,37.64624176921383,94.3,94.3,37.64624176921383,37.64624176921383,32.8,32.8,37.64624176921383,37.64624176921383,32.8,32.8,32.8,32.8,32.8,32.8,94.3,74.76702187481523,35.13835204930892,32.880149398926804,0.0,0.0,0.0,0.0,0.0,0.0,0.0,0.0,0.0,0.0,0.0,0.0
80.0,32.8,32.8,32.8,32.8,32.8,32.8,32.8,32.8,32.8,32.8,42.293002684444474,32.8,32.8,32.8,0.0,0.0,0.0,0.0,0.0,0.0,0.0,0.0,0.0,0.0,32.8,32.8,32.799999999999955,69.26084603881095,32.8,32.799999999999955,94.3,94.3,32.8,94.3,0.0,0.0,0.0,0.0,0.0,0.0,0.0,0.0,0.0,0.0,0.0,0.0,0.0,0.0
80.0,32.8,32.8,32.8,32.8,32.8,42.29300268444446,32.8,32.8,42.29300268444446,32.8,94.3,32.8,32.8,32.8,32.8,41.06685935279667,32.8,32.8,32.8,37.646241769213844,32.8,32.8,37.64624176921383,37.64624176921383,0.0,0.0,0.0,0.0,0.0,0.0,0.0,0.0,0.0,0.0,0.0,0.0,0.0,0.0,0.0,0.0,0.0,0.0,0.0,0.0,0.0,0.0,0.0,0.0
80.0,94.3,94.3,94.3,94.3,94.3,32.8,94.3,94.3,94.3,94.3,32.8,94.3,32.7999999996825,32.79999999944967,94.3,94.3,94.3,94.3,37.646241769213844,32.8,94.3,94.3,94.3,94.3,94.3,94.3,69.26084603881255,32.799999999999955,69.26084603881091,69.26084603881095,41.96702187481522,41.96702187481522,41.96702187481523,0.0,0.0,0.0,0.0,0.0,0.0,0.0,0.0,0.0,0.0,0.0,0.0,0.0,0.0,0.0
16.48,0.0,0.0,0.0,0.0,0.0,0.0,0.0,0.0,0.0,0.0,0.0,0.0,0.0,0.0,0.0,0.0,0.0,0.0,0.0,0.0,0.0,0.0,0.0,0.0,0.0,0.0,0.0,0.0,0.0,0.0,0.0,0.0,0.0,0.0,0.0,0.0,0.0,0.0,0.0,0.0,0.0,0.0,0.0,0.0,0.0,0.0,0.0,0.0
0.0,0.0,0.0,0.0,0.0,0.0,0.0,0.0,0.0,0.0,0.0,0.0,0.0,0.0,0.0,0.0,0.0,0.0,0.0,0.0,0.0,0.0,0.0,0.0,0.0,0.0,0.0,0.0,0.0,0.0,0.0,0.0,0.0,0.0,0.0,0.0,0.0,0.0,0.0,0.0,0.0,0.0,0.0,0.0,0.0,0.0,0.0,0.0,0.0
10.88,20.002656965297668,30.00265696529837,20.002656965297668,20.002656965297668,20.002656965297668,20.002656965297668,20.002656965297668,20.002656965297668,20.002656965297668,20.002656965297668,20.002656965297668,20.002656965297668,20.002656965297668,20.002656965297668,20.002656965297668,20.002656965297668,20.002656965297668,20.002656965297668,20.002656965297668,20.002656965297668,20.002656965297668,20.002656965297668,20.002656965297668,20.002656965299273,0.0,0.0,0.0,0.0,0.0,0.0,0.0,0.0,0.0,0.0,0.0,0.0,0.0,0.0,0.0,0.0,0.0,0.0,10.88,10.88,10.88,10.88,10.88,10.88
10.88,10.880000000000003,0.0,0.0,0.0,0.0,0.0,0.0,0.0,0.0,0.0,0.0,0.0,0.0,0.0,0.0,0.0,0.0,0.0,0.0,0.0,0.0,0.0,0.0,0.0,0.0,0.0,0.0,0.0,0.0,0.0,0.0,0.0,0.0,0.0,0.0,0.0,0.0,0.0,0.0,0.0,0.0,0.0,0.0,0.0,0.0,0.0,0.0,0.0
0.0,0.0,0.0,0.0,0.0,0.0,0.0,0.0,0.0,0.0,0.0,0.0,0.0,0.0,0.0,10.88,10.88,10.88,10.88,10.88,10.88,10.88,10.88,10.88,10.879999999998397,10.88,0.0,0.0,0.0,0.0,0.0,0.0,0.0,0.0,0.0,0.0,0.0,0.0,0.0,0.0,0.0,0.0,0.0,0.0,0.0,0.0,0.0,0.0,0.0
0.0,0.0,0.0,10.880000000000003,10.88,10.88,10.88,10.88,10.88,10.88,10.88,10.88,10.88,10.88,10.88,0.0,0.0,0.0,0.0,0.0,0.0,0.0,0.0,0.0,0.0,0.0,0.0,0.0,0.0,0.0,0.0,0.0,0.0,0.0,0.0,0.0,0.0,0.0,0.0,0.0,0.0,0.0,0.0,0.0,0.0,0.0,0.0,0.0,0.0
6.4,11.40230610738294,11.402306107382842,11.402306107382842,11.402306107382842,11.402306107382842,0.0,0.0,0.0,0.0,0.0,0.0,0.0,0.0,0.0,0.0,9.390134441374144,9.390134441374144,9.390134441374144,9.390134441374144,9.390134441374144,9.390134441374144,9.390134441374144,9.390134441374144,9.390134441374144,9.390134441374144,9.390134441374144,9.390134441374144,9.390134441374144,9.390134441374144,9.390134441374144,0.0,0.0,0.0,0.0,0.0,0.0,0.0,0.0,0.0,0.0,0.0,0.0,0.0,0.0,0.0,0.0,0.0,0.0
0.0,0.0,0.0,0.0,0.0,0.0,11.402306107382842,9.390134441374144,9.390134441374144,9.390134441374144,9.390134441374144,9.390134441374144,9.390134441374144,9.390134441374144,9.390134441374144,9.390134441374144,0.0,0.0,0.0,0.0,0.0,0.0,0.0,0.0,0.0,0.0,0.0,0.0,0.0,0.0,0.0,0.0,0.0,0.0,0.0,0.0,0.0,0.0,0.0,0.0,0.0,0.0,0.0,0.0,0.0,0.0,0.0,0.0,0.0
150.0,0.0,0.0,0.0,0.0,0.0,0.0,0.0,0.0,0.0,0.0,0.0,0.0,0.0,0.0,0.0,0.0,0.0,0.0,0.0,0.0,0.0,0.0,0.0,0.0,0.0,0.0,0.0,0.0,0.0,0.0,0.0,0.0,0.0,0.0,0.0,0.0,0.0,0.0,0.0,0.0,0.0,0.0,0.0,0.0,0.0,0.0,0.0,0.0
150.0,114.4,0.0,0.0,0.0,0.0,0.0,0.0,0.0,0.0,0.0,0.0,0.0,0.0,0.0,0.0,0.0,0.0,0.0,0.0,0.0,74.4,114.4,114.4,114.4,114.4,114.4,133.9,173.9,133.9,114.4,114.4,133.9,173.9,133.9,173.9,133.9,0.0,0.0,0.0,0.0,0.0,0.0,0.0,0.0,0.0,0.0,0.0,0.0
150.0,0.0,0.0,0.0,0.0,0.0,0.0,0.0,0.0,0.0,0.0,0.0,0.0,0.0,0.0,0.0,0.0,0.0,0.0,0.0,0.0,0.0,0.0,0.0,0.0,0.0,0.0,0.0,0.0,0.0,0.0,0.0,0.0,0.0,0.0,0.0,0.0,0.0,0.0,0.0,0.0,0.0,0.0,0.0,0.0,0.0,0.0,0.0,0.0
150.0,0.0,0.0,0.0,0.0,0.0,0.0,0.0,0.0,0.0,0.0,0.0,0.0,0.0,0.0,0.0,0.0,0.0,0.0,0.0,0.0,0.0,0.0,0.0,0.0,0.0,0.0,96.68960988478491,136.68960988478491,96.68960988478491,74.4,74.4,114.4,154.4,114.4,154.4,191.88926448531646,0.0,0.0,0.0,0.0,0.0,0.0,0.0,0.0,0.0,0.0,0.0,0.0
150.0,0.0,0.0,0.0,0.0,0.0,0.0,0.0,0.0,0.0,0.0,0.0,0.0,0.0,0.0,0.0,0.0,0.0,0.0,0.0,0.0,0.0,0.0,0.0,0.0,0.0,0.0,0.0,0.0,0.0,0.0,0.0,0.0,0.0,0.0,0.0,0.0,0.0,0.0,0.0,0.0,0.0,0.0,0.0,0.0,0.0,0.0,0.0,0.0
0.0,0.0,0.0,0.0,0.0,0.0,0.0,0.0,0.0,0.0,0.0,0.0,0.0,0.0,0.0,0.0,0.0,0.0,0.0,0.0,0.0,0.0,0.0,0.0,0.0,0.0,0.0,74.4,114.4,74.4,74.4,74.4,114.4,154.4,114.4,154.4,194.4,0.0,0.0,0.0,0.0,0.0,0.0,0.0,0.0,0.0,0.0,0.0,0.0
0.0,0.0,0.0,0.0,0.0,0.0,0.0,0.0,0.0,0.0,0.0,0.0,0.0,0.0,0.0,0.0,0.0,0.0,0.0,0.0,0.0,0.0,0.0,0.0,0.0,0.0,0.0,74.4,114.4,74.4,74.4,90.32983291685377,130.32983291685377,170.32983291685377,130.32983291685377,170.32983291685377,130.32983291685377,0.0,0.0,0.0,0.0,0.0,0.0,0.0,0.0,0.0,0.0,0.0,0.0
0.0,0.0,0.0,0.0,0.0,0.0,0.0,0.0,0.0,0.0,0.0,0.0,0.0,0.0,0.0,0.0,0.0,0.0,0.0,0.0,0.0,0.0,0.0,0.0,0.0,0.0,0.0,0.0,0.0,0.0,0.0,0.0,0.0,0.0,0.0,0.0,0.0,0.0,0.0,0.0,0.0,0.0,0.0,0.0,0.0,0.0,0.0,0.0,0.0
200.0,0.0,0.0,0.0,0.0,0.0,0.0,0.0,0.0,0.0,0.0,0.0,0.0,0.0,0.0,0.0,0.0,0.0,0.0,0.0,0.0,0.0,0.0,0.0,0.0,0.0,0.0,0.0,0.0,0.0,0.0,0.0,0.0,0.0,0.0,0.0,0.0,0.0,0.0,0.0,0.0,0.0,0.0,0.0,0.0,0.0,0.0,0.0,0.0
200.0,0.0,0.0,0.0,0.0,0.0,0.0,0.0,0.0,0.0,0.0,0.0,0.0,0.0,0.0,0.0,0.0,0.0,0.0,0.0,0.0,0.0,0.0,0.0,0.0,0.0,0.0,0.0,0.0,0.0,0.0,0.0,0.0,0.0,0.0,0.0,0.0,0.0,0.0,0.0,0.0,0.0,0.0,0.0,0.0,0.0,0.0,0.0,0.0
200.0,0.0,0.0,0.0,0.0,0.0,0.0,0.0,0.0,0.0,0.0,0.0,0.0,0.0,0.0,0.0,0.0,0.0,0.0,0.0,0.0,0.0,0.0,0.0,0.0,0.0,0.0,0.0,0.0,0.0,0.0,0.0,0.0,0.0,0.0,0.0,0.0,0.0,0.0,0.0,0.0,0.0,0.0,0.0,0.0,0.0,0.0,0.0,0.0
200.0,0.0,0.0,0.0,0.0,0.0,0.0,0.0,0.0,0.0,0.0,0.0,0.0,0.0,0.0,0.0,0.0,0.0,0.0,0.0,0.0,0.0,0.0,0.0,0.0,0.0,0.0,0.0,0.0,0.0,0.0,0.0,0.0,0.0,0.0,0.0,0.0,0.0,0.0,0.0,0.0,0.0,0.0,0.0,0.0,0.0,0.0,0.0,0.0
0.0,0.0,0.0,0.0,0.0,0.0,0.0,0.0,0.0,0.0,0.0,0.0,0.0,0.0,0.0,0.0,0.0,0.0,0.0,0.0,0.0,0.0,0.0,0.0,0.0,0.0,0.0,0.0,0.0,0.0,0.0,0.0,0.0,0.0,0.0,0.0,0.0,0.0,0.0,0.0,0.0,0.0,0.0,0.0,0.0,0.0,0.0,0.0,0.0
0.0,0.0,0.0,0.0,0.0,0.0,0.0,0.0,0.0,0.0,0.0,0.0,0.0,0.0,0.0,0.0,0.0,0.0,0.0,0.0,0.0,0.0,0.0,0.0,0.0,0.0,0.0,0.0,0.0,0.0,0.0,0.0,0.0,0.0,0.0,0.0,0.0,0.0,0.0,0.0,0.0,0.0,0.0,0.0,0.0,0.0,0.0,0.0,0.0
10.52,30.245,0.0,0.0,0.0,0.0,0.0,0.0,0.0,0.0,0.0,0.0,0.0,0.0,0.0,0.0,0.0,0.0,0.0,0.0,0.0,0.0,10.52,30.245,30.245,30.245,30.245,30.245,30.245,30.245,30.245,30.245,30.245,0.0,0.0,0.0,0.0,0.0,0.0,0.0,0.0,0.0,0.0,0.0,0.0,0.0,0.0,0.0,0.0
0.0,0.0,0.0,0.0,0.0,0.0,0.0,0.0,0.0,0.0,0.0,0.0,0.0,0.0,0.0,0.0,0.0,0.0,0.0,0.0,0.0,0.0,0.0,27.867281900323842,27.866289636416223,27.865297372508607,27.86430510860099,27.86331284469337,27.862320580785752,27.861328316878136,27.860336052970517,27.8593437890629,27.858351525155282,0.0,0.0,0.0,0.0,0.0,0.0,0.0,0.0,0.0,0.0,0.0,0.0,0.0,0.0,0.0,0.0
42.52,42.52,0.0,0.0,0.0,0.0,0.0,0.0,0.0,0.0,0.0,0.0,0.0,0.0,0.0,0.0,0.0,0.0,0.0,0.0,0.0,0.0,0.0,0.0,0.0,0.0,0.0,0.0,0.0,0.0,0.0,0.0,0.0,0.0,0.0,0.0,0.0,0.0,0.0,0.0,0.0,0.0,0.0,0.0,0.0,0.0,0.0,0.0,0.0
0.0,0.0,0.0,0.0,0.0,0.0,0.0,0.0,0.0,0.0,0.0,0.0,0.0,0.0,0.0,0.0,0.0,0.0,0.0,0.0,0.0,0.0,0.0,0.0,0.0,0.0,0.0,0.0,0.0,0.0,0.0,0.0,0.0,0.0,0.0,0.0,0.0,0.0,0.0,0.0,0.0,0.0,0.0,0.0,0.0,0.0,0.0,0.0,0.0
250.0,0.0,0.0,0.0,0.0,0.0,0.0,0.0,0.0,0.0,0.0,0.0,0.0,0.0,0.0,0.0,0.0,0.0,0.0,0.0,0.0,0.0,0.0,0.0,0.0,0.0,0.0,0.0,0.0,0.0,0.0,0.0,0.0,0.0,0.0,0.0,0.0,0.0,0.0,0.0,0.0,0.0,0.0,0.0,0.0,0.0,0.0,0.0,0.0
250.0,129.99999999999983,0.0,0.0,0.0,0.0,0.0,0.0,0.0,0.0,0.0,0.0,0.0,0.0,0.0,0.0,0.0,0.0,0.0,0.0,0.0,0.0,0.0,0.0,0.0,0.0,0.0,0.0,0.0,0.0,0.0,0.0,0.0,0.0,0.0,0.0,0.0,0.0,0.0,0.0,0.0,0.0,0.0,0.0,0.0,0.0,0.0,0.0,0.0
250.0,0.0,0.0,0.0,0.0,0.0,0.0,0.0,0.0,0.0,0.0,0.0,0.0,0.0,0.0,0.0,0.0,0.0,0.0,0.0,0.0,0.0,0.0,0.0,0.0,0.0,119.2,119.2,119.2,119.2,119.2,119.2,119.2,119.2,119.2,119.2,119.2,0.0,0.0,0.0,0.0,0.0,0.0,0.0,0.0,0.0,0.0,0.0,0.0
0.0,0.0,0.0,0.0,0.0,0.0,0.0,0.0,0.0,0.0,0.0,0.0,0.0,0.0,0.0,0.0,0.0,0.0,0.0,0.0,0.0,0.0,0.0,0.0,0.0,0.0,0.0,0.0,0.0,0.0,0.0,0.0,0.0,0.0,0.0,0.0,0.0,0.0,0.0,0.0,0.0,0.0,0.0,0.0,0.0,0.0,0.0,0.0,0.0
150.0,75.5,0.0,0.0,0.0,0.0,0.0,0.0,0.0,0.0,0.0,0.0,0.0,0.0,0.0,0.0,0.0,0.0,0.0,0.0,0.0,68.0,75.5,75.5,75.5,75.5,75.5,75.5,75.5,75.5,75.5,75.5,75.5,87.81665699060625,75.5,75.5,75.5,0.0,0.0,0.0,0.0,0.0,0.0,0.0,0.0,0.0,0.0,0.0,0.0
150.0,0.0,0.0,0.0,0.0,0.0,0.0,0.0,0.0,0.0,0.0,0.0,0.0,0.0,0.0,0.0,0.0,0.0,0.0,0.0,0.0,0.0,0.0,0.0,0.0,0.0,0.0,0.0,0.0,0.0,0.0,0.0,0.0,0.0,0.0,0.0,0.0,0.0,0.0,0.0,0.0,0.0,0.0,0.0,0.0,0.0,0.0,0.0,0.0
0.0,0.0,0.0,0.0,0.0,0.0,0.0,0.0,0.0,0.0,0.0,0.0,0.0,0.0,0.0,0.0,0.0,0.0,0.0,0.0,0.0,0.0,0.0,0.0,0.0,0.0,0.0,0.0,0.0,0.0,0.0,0.0,0.0,0.0,0.0,0.0,0.0,0.0,0.0,0.0,0.0,0.0,0.0,0.0,0.0,0.0,0.0,0.0,0.0
120.0,76.4,54.4,54.4,54.4,54.4,54.4,54.4,54.4,54.4,54.4,54.4,54.4,54.4,54.4,54.4,54.4,54.4,54.4,54.4,76.4,76.4,76.4,76.4,76.4,76.4,76.4,76.4,76.4,76.4,76.4,76.4,76.4,76.4,76.4,76.4,76.4,134.4,156.40000000000003,0.0,0.0,0.0,0.0,0.0,0.0,0.0,0.0,0.0,0.0
120.0,0.0,0.0,0.0,0.0,0.0,0.0,0.0,0.0,0.0,0.0,0.0,0.0,0.0,0.0,0.0,0.0,0.0,0.0,0.0,0.0,0.0,0.0,0.0,0.0,0.0,0.0,0.0,0.0,0.0,0.0,0.0,0.0,0.0,0.0,0.0,0.0,0.0,0.0,0.0,0.0,0.0,0.0,0.0,0.0,0.0,0.0,0.0,0.0
0.0,0.0,0.0,0.0,0.0,0.0,0.0,0.0,0.0,0.0,0.0,0.0,0.0,0.0,0.0,0.0,0.0,0.0,0.0,0.0,0.0,0.0,0.0,0.0,0.0,0.0,0.0,0.0,0.0,54.4,54.4,54.4,54.4,54.4,54.4,54.4,76.40000000000003,156.40000000000003,156.40000000000003,0.0,0.0,0.0,0.0,0.0,0.0,0.0,0.0,0.0,0.0
80.0,0.0,0.0,0.0,0.0,0.0,0.0,0.0,0.0,0.0,0.0,0.0,0.0,0.0,0.0,0.0,0.0,0.0,0.0,0.0,0.0,0.0,0.0,0.0,0.0,0.0,0.0,0.0,0.0,0.0,0.0,0.0,0.0,0.0,0.0,0.0,0.0,0.0,0.0,0.0,0.0,0.0,0.0,0.0,0.0,0.0,0.0,0.0,0.0
80.0,0.0,0.0,0.0,0.0,0.0,0.0,0.0,0.0,0.0,0.0,0.0,0.0,0.0,0.0,0.0,0.0,0.0,0.0,0.0,0.0,0.0,0.0,0.0,0.0,0.0,0.0,0.0,0.0,0.0,32.0,32.0,32.0,32.0,32.0,32.0,32.0,92.0,92.0,87.33741404282335,0.0,0.0,0.0,0.0,0.0,0.0,0.0,0.0,0.0
0.0,0.0,0.0,0.0,0.0,0.0,0.0,0.0,0.0,0.0,0.0,0.0,0.0,0.0,0.0,0.0,0.0,0.0,0.0,0.0,32.0,32.0,32.0,32.0,32.0,32.0,32.0,32.0,32.0,32.0,32.0,32.0,32.0,32.0,32.0,32.0,32.0,92.0,92.0,32.0,32.0,32.0,32.0,32.0,32.0,32.0,32.0,0.0,0.0
70.0,61.41572654905971,0.0,0.0,0.0,0.0,0.0,0.0,0.0,0.0,0.0,0.0,0.0,0.0,0.0,0.0,0.0,0.0,0.0,0.0,0.0,28.0,28.0,28.0,28.0,28.0,28.0,28.0,28.0,28.0,28.0,0.0,0.0,0.0,0.0,0.0,0.0,0.0,0.0,0.0,0.0,0.0,0.0,0.0,0.0,0.0,0.0,0.0,0.0
70.0,80.5,0.0,0.0,0.0,0.0,0.0,0.0,0.0,0.0,0.0,0.0,0.0,0.0,0.0,0.0,0.0,0.0,0.0,0.0,0.0,0.0,0.0,0.0,0.0,0.0,0.0,0.0,0.0,0.0,0.0,28.0,28.0,28.0,28.0,28.0,28.0,61.15126639279676,80.5,80.5,80.5,0.0,0.0,0.0,0.0,0.0,0.0,0.0,0.0
0.0,0.0,0.0,0.0,0.0,0.0,0.0,0.0,0.0,0.0,0.0,0.0,0.0,0.0,0.0,0.0,0.0,0.0,0.0,0.0,0.0,0.0,0.0,0.0,0.0,0.0,0.0,0.0,0.0,0.0,0.0,28.0,28.0,28.0,28.0,28.0,28.0,28.0,80.5,80.5,69.23928203166876,0.0,0.0,0.0,0.0,0.0,0.0,0.0,0.0
350.0,0.0,0.0,0.0,0.0,0.0,0.0,0.0,0.0,0.0,0.0,0.0,0.0,0.0,0.0,0.0,0.0,0.0,0.0,0.0,0.0,0.0,0.0,0.0,0.0,0.0,0.0,0.0,0.0,0.0,0.0,0.0,0.0,0.0,0.0,0.0,0.0,0.0,0.0,0.0,0.0,0.0,0.0,0.0,0.0,0.0,0.0,0.0,0.0
350.0,0.0,0.0,0.0,0.0,0.0,0.0,0.0,0.0,0.0,0.0,0.0,0.0,0.0,0.0,0.0,0.0,0.0,0.0,0.0,0.0,0.0,0.0,0.0,0.0,0.0,0.0,0.0,0.0,0.0,0.0,0.0,0.0,0.0,0.0,0.0,0.0,0.0,0.0,0.0,0.0,0.0,0.0,0.0,0.0,0.0,0.0,0.0,0.0
350.0,0.0,0.0,0.0,0.0,0.0,0.0,0.0,0.0,0.0,0.0,0.0,0.0,0.0,0.0,0.0,0.0,0.0,0.0,0.0,0.0,0.0,0.0,0.0,0.0,0.0,0.0,0.0,0.0,0.0,0.0,0.0,0.0,0.0,0.0,0.0,0.0,0.0,0.0,0.0,0.0,0.0,0.0,0.0,0.0,0.0,0.0,0.0,0.0
350.0,0.0,0.0,0.0,0.0,0.0,0.0,0.0,0.0,0.0,0.0,0.0,0.0,0.0,0.0,0.0,0.0,0.0,0.0,0.0,0.0,0.0,0.0,0.0,0.0,0.0,0.0,0.0,0.0,0.0,0.0,0.0,0.0,0.0,0.0,0.0,0.0,0.0,0.0,0.0,0.0,0.0,0.0,0.0,0.0,0.0,0.0,0.0,0.0
0.0,0.0,0.0,0.0,0.0,0.0,0.0,0.0,0.0,0.0,0.0,0.0,0.0,0.0,0.0,0.0,0.0,0.0,0.0,0.0,0.0,0.0,0.0,0.0,0.0,0.0,0.0,0.0,0.0,0.0,0.0,0.0,0.0,0.0,0.0,0.0,0.0,0.0,0.0,0.0,0.0,0.0,0.0,0.0,0.0,0.0,0.0,0.0,0.0
0.0,0.0,0.0,0.0,0.0,0.0,0.0,0.0,0.0,0.0,0.0,0.0,0.0,0.0,0.0,0.0,0.0,0.0,0.0,0.0,0.0,0.0,0.0,0.0,0.0,0.0,0.0,0.0,0.0,0.0,0.0,0.0,0.0,0.0,0.0,0.0,0.0,0.0,0.0,0.0,0.0,0.0,0.0,0.0,0.0,0.0,0.0,0.0,0.0
6.8,6.8,6.8,6.8,6.8,6.8,19.550000000000004,6.8,6.8,0.0,0.0,0.0,0.0,0.0,0.0,0.0,0.0,0.0,0.0,0.0,0.0,0.0,0.0,0.0,0.0,0.0,0.0,0.0,0.0,0.0,0.0,0.0,0.0,13.3183979524006,13.3183979524006,13.3183979524006,13.3183979524006,13.3183979524006,13.3183979524006,13.3183979524006,13.3183979524006,13.3183979524006,13.3183979524006,13.3183979524006,13.3183979524006,13.3183979524006,13.3183979524006,13.3183979524006,13.3183979524006
6.8,6.8,6.8,6.8,6.8,6.8,19.550000000000004,6.8,6.8,0.0,0.0,0.0,0.0,0.0,0.0,0.0,0.0,0.0,0.0,0.0,0.0,0.0,0.0,0.0,0.0,0.0,0.0,0.0,0.0,0.0,0.0,0.0,0.0,6.8,6.8,6.8,6.8,6.8,6.8,6.8,6.8,6.8,6.8,6.8,6.8,6.8,6.8,6.8,6.8
0.0,59.93265509229573,33.93265509229357,33.93265509229357,33.93265509229357,62.1,21.6,21.6,21.6,21.6,21.59999999916181,21.599999997764826,21.6,21.6,21.599999997764826,21.6,21.6,21.599999994039536,21.599999999999852,21.6,21.6,21.6,21.6,21.6,21.6,21.6,21.6,21.6,21.6,21.6,21.6,21.6,21.6,0.0,0.0,0.0,0.0,0.0,0.0,0.0,0.0,0.0,0.0,0.0,0.0,0.0,0.0,0.0,0.0
0.0,0.0,0.0,0.0,0.0,0.0,0.0,0.0,0.0,0.0,0.0,0.0,0.0,0.0,0.0,0.0,0.0,0.0,0.0,0.0,0.0,0.0,0.0,0.0,0.0,0.0,0.0,0.0,0.0,0.0,0.0,0.0,0.0,0.0,0.0,0.0,0.0,0.0,0.0,0.0,0.0,0.0,0.0,0.0,0.0,0.0,0.0,0.0,0.0
21.6,21.6,21.6,21.6,21.6,21.6,62.1,0.0,0.0,0.0,0.0,0.0,0.0,0.0,0.0,0.0,0.0,0.0,0.0,0.0,0.0,0.0,0.0,0.0,0.0,0.0,0.0,0.0,0.0,0.0,0.0,0.0,0.0,0.0,0.0,0.0,0.0,0.0,0.0,0.0,0.0,0.0,0.0,0.0,0.0,0.0,0.0,0.0,0.0
33.6,33.6,33.6,33.6,33.6,33.6,83.6,80.53265509229357,67.53265509229357,0.0,0.0,0.0,0.0,0.0,0.0,0.0,0.0,0.0,0.0,0.0,0.0,0.0,0.0,0.0,0.0,0.0,0.0,0.0,0.0,0.0,0.0,0.0,0.0,0.0,0.0,0.0,0.0,0.0,0.0,0.0,0.0,0.0,0.0,0.0,0.0,0.0,0.0,0.0,0.0
33.6,83.60000000000005,96.6,96.6,96.6,96.6,55.9326550922936,96.6,96.6,0.0,0.0,0.0,0.0,0.0,0.0,0.0,0.0,0.0,0.0,0.0,0.0,0.0,0.0,0.0,0.0,0.0,0.0,0.0,0.0,0.0,0.0,0.0,0.0,0.0,0.0,0.0,0.0,0.0,0.0,0.0,0.0,0.0,0.0,0.0,0.0,0.0,0.0,0.0,0.0
33.6,83.60000000000005,96.6,96.6,96.6,68.4326550922936,33.6,83.6,96.6,0.0,0.0,0.0,0.0,0.0,0.0,0.0,0.0,0.0,0.0,0.0,0.0,0.0,0.0,0.0,0.0,0.0,0.0,0.0,0.0,0.0,0.0,0.0,0.0,0.0,0.0,0.0,0.0,0.0,0.0,0.0,0.0,0.0,0.0,0.0,0.0,0.0,0.0,0.0,0.0
0.0,0.0,0.0,0.0,0.0,0.0,0.0,0.0,0.0,0.0,0.0,0.0,0.0,0.0,0.0,0.0,0.0,0.0,0.0,0.0,0.0,0.0,0.0,0.0,0.0,0.0,0.0,0.0,0.0,0.0,0.0,0.0,0.0,0.0,0.0,0.0,0.0,0.0,0.0,0.0,0.0,0.0,0.0,0.0,0.0,0.0,0.0,0.0,0.0
0.0,0.0,0.0,0.0,0.0,0.0,0.0,0.0,0.0,0.0,0.0,0.0,0.0,0.0,0.0,0.0,0.0,0.0,0.0,0.0,0.0,0.0,0.0,0.0,0.0,0.0,0.0,0.0,0.0,0.0,0.0,0.0,0.0,0.0,0.0,0.0,0.0,0.0,0.0,0.0,0.0,0.0,0.0,0.0,0.0,0.0,0.0,0.0,0.0
270.0,0.0,0.0,0.0,0.0,0.0,0.0,0.0,0.0,0.0,0.0,0.0,0.0,0.0,0.0,0.0,0.0,0.0,0.0,0.0,0.0,0.0,0.0,0.0,0.0,0.0,0.0,0.0,0.0,0.0,0.0,0.0,0.0,0.0,0.0,0.0,0.0,0.0,0.0,0.0,0.0,0.0,0.0,0.0,0.0,0.0,0.0,0.0,0.0
270.0,0.0,0.0,0.0,0.0,0.0,0.0,0.0,0.0,0.0,0.0,0.0,0.0,0.0,0.0,0.0,0.0,0.0,0.0,0.0,0.0,0.0,0.0,0.0,0.0,0.0,0.0,0.0,0.0,0.0,0.0,0.0,0.0,0.0,0.0,0.0,0.0,0.0,0.0,0.0,0.0,0.0,0.0,0.0,0.0,0.0,0.0,0.0,0.0
270.0,0.0,0.0,0.0,0.0,0.0,0.0,0.0,0.0,0.0,0.0,0.0,0.0,0.0,0.0,0.0,0.0,0.0,0.0,0.0,0.0,0.0,0.0,0.0,0.0,0.0,0.0,0.0,0.0,0.0,0.0,0.0,0.0,0.0,0.0,0.0,0.0,0.0,0.0,0.0,0.0,0.0,0.0,0.0,0.0,0.0,0.0,0.0,0.0
270.0,0.0,0.0,0.0,0.0,0.0,0.0,0.0,0.0,0.0,0.0,0.0,0.0,0.0,0.0,0.0,0.0,0.0,0.0,0.0,0.0,0.0,0.0,0.0,0.0,0.0,0.0,0.0,0.0,0.0,0.0,0.0,0.0,0.0,0.0,0.0,0.0,0.0,0.0,0.0,0.0,0.0,0.0,0.0,0.0,0.0,0.0,0.0,0.0
270.0,0.0,0.0,0.0,0.0,0.0,0.0,0.0,0.0,0.0,0.0,0.0,0.0,0.0,0.0,0.0,0.0,0.0,0.0,0.0,0.0,0.0,0.0,0.0,0.0,0.0,0.0,0.0,0.0,0.0,0.0,0.0,0.0,0.0,0.0,0.0,0.0,0.0,0.0,0.0,0.0,0.0,0.0,0.0,0.0,0.0,0.0,0.0,0.0
270.0,0.0,0.0,0.0,0.0,0.0,0.0,0.0,0.0,0.0,0.0,0.0,0.0,0.0,0.0,0.0,0.0,0.0,0.0,0.0,0.0,0.0,0.0,0.0,0.0,0.0,0.0,0.0,0.0,0.0,0.0,0.0,0.0,0.0,0.0,0.0,0.0,0.0,0.0,0.0,0.0,0.0,0.0,0.0,0.0,0.0,0.0,0.0,0.0
170.0,194.30771378933196,202.4,202.4,202.4,168.00595298955568,202.4,202.4,202.4,202.4,202.4,202.4,202.4,202.4,190.4455803914998,142.4,202.4,202.4,202.4,202.4,202.4,202.4,171.17847534330485,128.6450872122805,176.11169908125657,202.4,174.51153468818347,114.51153468818347,174.51153468818347,142.93338813102446,202.4,142.4,179.34459403306118,202.4,202.4,170.24442963998763,202.4,202.4,202.4,202.4,185.5774889848658,185.04410085384143,202.4,202.4,202.4,182.91054832974396,202.4,202.4,202.4
170.0,202.4,202.4,202.4,202.4,202.4,202.4,202.4,202.4,202.4,202.4,202.4,202.4,202.4,142.4,202.4,174.3788041294515,202.4,173.31202786740278,142.4,202.4,202.4,202.4,202.4,202.4,202.4,202.4,202.4,202.4,202.4,202.4,202.4,202.4,202.4,202.4,202.4,202.4,202.4,202.4,202.4,202.4,202.4,202.4,202.4,202.4,202.4,202.4,202.4,202.4
170.0,202.4,202.4,202.4,202.4,202.4,202.4,202.4,202.4,202.4,202.4,202.4,202.4,202.4,190.4,130.4,70.4,70.4,70.4,118.77863973637795,70.4,70.4,130.4,190.4,202.4,202.4,202.4,202.4,202.4,202.4,202.4,202.4,202.4,202.4,202.4,202.4,202.4,202.4,202.4,202.4,202.4,202.4,202.4,202.4,202.4,202.4,202.4,202.4,202.4
170.0,202.4,202.4,202.4,202.4,202.4,202.4,202.4,166.5018368289484,202.4,165.49909272187688,202.4,202.4,202.4,202.4,202.4,202.4,202.4,202.4,202.4,202.4,202.4,202.4,202.4,202.4,202.4,202.4,202.4,202.4,202.4,202.4,202.4,202.4,202.4,202.4,202.4,202.4,202.4,202.4,202.4,202.4,202.4,202.4,202.4,202.4,202.4,202.4,202.4,202.4
170.0,195.5,195.5,195.5,195.5,195.5,195.5,195.5,195.5,195.5,195.5,135.5,195.5,195.5,195.5,195.5,195.5,195.5,195.5,195.5,195.5,195.5,195.5,195.5,195.5,135.5,195.5,195.5,195.5,195.5,195.5,195.5,195.5,195.5,195.5,195.5,195.5,195.5,195.5,195.5,195.5,195.5,195.5,195.5,195.5,195.5,195.5,174.94377206769514,195.5
170.0,195.5,195.5,195.5,195.5,195.5,195.5,195.5,195.5,195.5,195.5,195.5,195.5,195.5,195.5,195.5,195.5,195.5,195.5,195.5,195.5,195.5,195.5,195.5,195.5,195.5,195.5,195.5,195.5,195.5,195.5,195.5,195.5,195.5,195.5,195.5,195.5,154.7776533779388,195.5,161.21087711589007,195.5,195.5,195.5,195.5,195.5,195.5,195.5,195.5,195.5
170.0,195.5,195.5,195.5,195.5,195.5,195.5,195.5,195.5,195.5,195.5,195.5,195.5,195.5,195.5,195.5,195.5,195.5,195.5,195.5,195.5,195.5,195.5,195.5,195.5,195.5,195.5,195.5,195.5,195.5,195.5,195.5,195.5,195.5,195.5,195.5,195.5,195.5,195.5,195.5,195.5,195.5,195.5,195.5,195.5,195.5,195.5,195.5,160.12202505979633
170.0,195.5,195.5,195.5,195.5,195.5,195.5,195.5,195.5,195.5,195.5,195.5,195.5,195.5,195.5,195.5,195.5,195.5,195.5,195.5,195.5,195.5,195.5,195.5,195.5,195.5,195.5,195.5,195.5,195.5,195.5,195.5,195.5,195.5,195.5,195.5,195.5,195.5,195.5,195.5,195.5,195.5,195.5,195.5,195.5,195.5,195.5,195.5,195.5
170.0,195.5,195.5,195.5,195.5,195.5,195.5,195.5,195.5,195.5,195.5,135.5,123.09634861480527,68.0,128.0,188.0,195.5,195.5,195.5,195.5,195.5,195.5,195.5,195.5,195.5,195.5,195.5,195.5,195.5,195.5,195.5,195.5,195.5,195.5,195.5,195.5,195.5,195.5,195.5,195.5,195.5,195.5,195.5,195.5,195.5,195.5,195.5,195.5,195.5
170.0,195.5,195.5,195.5,195.5,195.5,195.5,195.5,195.5,195.5,195.5,195.5,195.5,172.07896852252497,195.5,195.5,195.5,195.5,195.5,195.5,195.5,164.81186347432958,135.5,195.5,195.5,195.5,195.5,195.5,195.5,195.5,195.5,195.5,195.5,195.5,195.5,195.5,195.5,195.5,195.5,195.5,195.5,195.5,195.5,195.5,195.5,195.5,195.5,195.5,195.5
170.0,195.5,195.5,195.5,195.5,195.5,195.5,195.5,195.5,195.5,195.5,195.5,195.5,195.5,195.5,175.51219226047533,195.5,195.5,195.5,195.5,195.5,195.5,195.5,195.5,195.5,195.5,195.5,195.5,195.5,195.5,195.5,195.5,195.5,195.5,195.5,195.5,195.5,195.5,195.5,195.5,195.5,195.5,195.5,195.5,195.5,195.5,195.5,195.5,195.5
170.0,195.5,195.5,195.5,161.60732504309135,195.5,195.5,195.5,195.5,195.5,195.5,195.5,195.5,195.5,195.5,195.5,195.5,195.5,195.5,195.5,195.5,195.5,195.5,135.5,75.5,135.5,75.5,135.5,195.5,135.5,195.5,135.5,135.5,195.5,135.5,195.5,155.31104150896317,195.5,195.5,195.5,195.5,195.5,195.5,177.0773245917926,176.54393646076824,195.5,195.5,195.5,195.5
170.0,128.0,128.0,128.0,135.5,135.5,128.0,128.0,135.5,128.0,135.5,129.53485509815528,128.0,135.5,128.0,135.5,135.5,128.0,135.5,128.0,135.5,135.5,135.5,128.0,128.0,128.0,135.5,128.0,128.0,128.0,128.0,128.0,128.0,135.5,128.0,128.0,135.5,135.5,135.5,135.5,128.0,128.0,128.0,128.0,128.0,128.0,128.0,128.0,135.5
170.0,128.0,131.11006915016287,128.0,135.5,135.5,128.0,128.0,135.5,128.0,135.5,174.56286557018566,128.0,188.0,195.5,195.5,195.5,195.5,195.5,195.5,195.5,195.5,195.5,195.5,195.5,158.17831095023212,178.03338813102437,195.5,184.46661186897563,166.01137029511028,106.01137029511028,154.977982164085,128.0,68.0,103.8778177710119,135.5,75.5,135.5,135.5,128.0,128.0,128.0,128.0,128.0,128.0,128.0,128.0,128.0,135.5
170.0,195.5,195.5,195.5,195.5,195.5,195.5,195.5,195.5,195.5,195.5,195.5,195.5,195.5,195.5,195.5,195.5,195.5,195.5,195.5,195.5,195.5,195.5,195.5,195.5,195.5,195.5,195.5,135.5,195.5,195.5,195.5,195.5,195.5,195.5,195.5,195.5,195.5,195.5,195.5,195.5,195.5,177.61071272281697,195.5,195.5,195.5,195.5,195.5,195.5
170.0,129.6,129.6,129.6,140.1,140.1,130.70458093601974,130.20320888248398,140.1,129.6,140.1,129.6,129.6,140.1,140.1,140.1,140.1,129.6,140.1,129.6,140.1,140.1,140.1,129.6,129.6,140.1,140.1,129.6,140.1,129.6,129.6,140.1,129.6,140.1,129.6,129.6,129.6,129.6,140.1,140.1,129.6,129.6,129.6,129.6,129.6,129.6,129.6,129.6,140.1
170.0,200.1,200.1,200.1,200.1,200.1,200.1,200.1,200.1,200.1,200.1,200.1,200.1,200.1,200.1,200.1,200.1,200.1,200.1,200.1,200.1,200.1,200.1,200.1,200.1,200.1,200.1,200.1,200.1,200.1,200.1,200.1,200.1,200.1,200.1,200.1,200.1,200.1,200.1,200.1,200.1,200.1,200.1,200.1,200.1,200.1,200.1,200.1,200.1
170.0,109.99999999999989,129.6,132.20869709662702,140.1,140.1,129.6,129.6,140.1,129.20046477541246,140.1,200.1,200.1,200.1,200.1,200.1,200.1,200.1,200.1,200.1,200.1,200.1,200.1,200.1,200.1,200.1,200.1,200.1,140.1,200.1,140.1,200.1,200.1,158.51120590203618,200.1,140.1,200.1,140.1,140.1,129.6,129.6,129.6,129.6,129.6,129.6,129.6,129.6,129.6,140.1
170.0,200.1,200.1,200.1,200.1,200.1,200.1,200.1,200.1,200.1,200.1,200.1,200.1,200.1,200.1,200.1,200.1,200.1,200.1,200.1,200.1,200.1,200.1,200.1,200.1,200.1,200.1,200.1,200.1,200.1,200.1,200.1,200.1,200.1,200.1,200.1,200.1,200.1,200.1,200.1,200.1,200.1,200.1,200.1,200.1,200.1,180.0771601987194,200.1,200.1
0.0,200.1,200.1,200.1,200.1,200.1,200.1,200.1,200.1,200.1,200.1,200.1,200.1,200.1,200.1,200.1,200.1,189.54541599842696,200.1,200.1,169.94525160535386,200.1,200.1,200.1,200.1,200.1,200.1,200.1,200.1,200.1,200.1,200.1,200.1,200.1,200.1,200.1,200.1,200.1,148.34426524691435,200.1,200.1,200.1,200.1,200.1,200.1,200.1,200.1,200.1,178.38835887687435
14.0,0.0,0.0,0.0,0.0,0.0,0.0,0.0,0.0,0.0,0.0,0.0,0.0,0.0,0.0,0.0,0.0,0.0,0.0,0.0,0.0,0.0,0.0,0.0,0.0,0.0,0.0,0.0,0.0,0.0,0.0,0.0,0.0,0.0,0.0,0.0,0.0,0.0,0.0,0.0,0.0,0.0,0.0,0.0,0.0,0.0,0.0,0.0,0.0
14.0,0.0,0.0,0.0,0.0,0.0,0.0,0.0,0.0,0.0,0.0,0.0,0.0,0.0,0.0,0.0,0.0,0.0,0.0,0.0,0.0,0.0,0.0,0.0,0.0,0.0,0.0,0.0,0.0,0.0,0.0,0.0,0.0,0.0,0.0,0.0,0.0,0.0,0.0,0.0,0.0,0.0,0.0,0.0,0.0,0.0,0.0,0.0,0.0
14.0,0.0,0.0,0.0,0.0,0.0,0.0,0.0,0.0,0.0,0.0,0.0,0.0,0.0,0.0,0.0,0.0,0.0,0.0,0.0,0.0,0.0,0.0,0.0,0.0,0.0,0.0,0.0,0.0,0.0,0.0,0.0,0.0,0.0,0.0,0.0,0.0,0.0,0.0,0.0,0.0,0.0,0.0,0.0,0.0,0.0,0.0,0.0,0.0
14.0,0.0,0.0,0.0,0.0,0.0,0.0,0.0,0.0,0.0,0.0,0.0,0.0,0.0,0.0,0.0,0.0,0.0,0.0,0.0,0.0,0.0,0.0,0.0,0.0,0.0,0.0,0.0,0.0,0.0,0.0,0.0,0.0,0.0,0.0,0.0,0.0,0.0,0.0,0.0,0.0,0.0,0.0,0.0,0.0,0.0,0.0,0.0,0.0
19.2,19.2,19.2,19.2,19.2,19.2,37.51904341871291,52.719043418712914,55.2,55.2,55.2,52.719043418712914,55.2,55.2,55.2,55.2,55.2,52.719043418712914,55.2,55.2,55.2,55.2,55.2,52.719043418712914,55.2,0.0,0.0,0.0,0.0,0.0,0.0,0.0,0.0,0.0,0.0,0.0,0.0,0.0,0.0,0.0,0.0,0.0,0.0,0.0,0.0,0.0,0.0,0.0,0.0
19.2,39.20000000000003,39.2,39.2,35.2,39.2,35.2,39.2,36.719043418712914,36.719043418712914,36.719043418712914,39.2,36.719043418712914,36.719043418712914,36.719043418712914,36.719043418712914,36.719043418712914,39.2,36.719043418712914,36.719043418712914,36.719043418712914,36.719043418712914,36.719043418712914,39.2,36.719043418712914,0.0,0.0,0.0,0.0,0.0,0.0,0.0,0.0,0.0,0.0,0.0,0.0,0.0,0.0,0.0,0.0,0.0,0.0,0.0,0.0,0.0,0.0,0.0,0.0
19.2,33.519043418732295,33.51904341871291,33.51904341871291,37.51904341871291,33.51904341871291,19.2,0.0,0.0,0.0,0.0,0.0,0.0,0.0,0.0,0.0,0.0,0.0,0.0,0.0,0.0,0.0,0.0,0.0,0.0,0.0,0.0,0.0,0.0,0.0,0.0,0.0,0.0,0.0,0.0,0.0,0.0,0.0,0.0,0.0,0.0,0.0,0.0,0.0,0.0,0.0,0.0,0.0,0.0
17.52,17.52,17.52,17.52,17.52,17.52,17.52,17.52,17.52,17.52,17.52,17.52,17.52,17.52,17.52,17.52,17.52,17.52,17.52,17.52,17.52,17.52,17.52,17.52,17.52,17.52,17.52,17.52,17.52,17.52,17.52,17.52,17.52,17.52,17.52,17.52,17.52,0.0,0.0,0.0,0.0,0.0,0.0,0.0,0.0,0.0,0.0,0.0,0.0
17.52,33.9516828570075,33.9516828570075,33.9516828570075,33.9516828570075,33.9516828570075,33.9516828570075,33.9516828570075,33.9516828570075,33.9516828570075,33.9516828570075,33.9516828570075,33.9516828570075,38.10197619910356,38.101976199102054,38.10197619904169,38.101976199102054,38.101976199102054,38.10197619904169,38.10197619904169,38.10197619904169,38.10197619904169,38.10197619904169,38.10197619904169,38.10197619904169,50.370000000000005,38.10197619904169,38.10197619904169,50.370000000000005,38.10197619904169,50.370000000000005,38.10197619904169,38.10197619904169,50.370000000000005,38.10197619904169,50.370000000000005,38.10197619904169,0.0,0.0,0.0,0.0,0.0,0.0,0.0,0.0,0.0,0.0,0.0,0.0
17.52,50.370000000000005,50.370000000000005,50.370000000000005,50.370000000000005,50.370000000000005,50.370000000000005,50.370000000000005,50.370000000000005,50.370000000000005,50.370000000000005,50.370000000000005,50.370000000000005,50.370000000000005,50.370000000000005,50.370000000000005,50.370000000000005,50.370000000000005,50.370000000000005,50.370000000000005,50.370000000000005,50.370000000000005,50.370000000000005,50.370000000000005,50.370000000000005,38.10197619904169,50.370000000000005,50.370000000000005,38.10197619904169,50.370000000000005,38.10197619904169,50.370000000000005,50.370000000000005,38.10197619904169,50.370000000000005,38.10197619904169,50.370000000000005,21.362025494127796,21.362025492408883,21.36202549425762,21.36202549425762,21.36202549425762,21.36202549425762,21.36202549425762,21.36202549425762,21.36202549425762,21.36202549425762,21.36202549425762,21.36202549425762
35.2,0.0,0.0,0.0,0.0,0.0,0.0,0.0,0.0,0.0,0.0,0.0,0.0,0.0,0.0,0.0,0.0,0.0,0.0,0.0,0.0,0.0,0.0,0.0,0.0,0.0,0.0,0.0,0.0,0.0,0.0,0.0,0.0,0.0,0.0,0.0,0.0,0.0,0.0,0.0,0.0,0.0,0.0,0.0,0.0,0.0,0.0,0.0,0.0
35.2,0.0,0.0,0.0,0.0,0.0,0.0,0.0,0.0,0.0,0.0,0.0,0.0,0.0,0.0,0.0,0.0,0.0,0.0,0.0,0.0,0.0,0.0,0.0,0.0,0.0,0.0,0.0,0.0,0.0,0.0,0.0,0.0,0.0,0.0,0.0,0.0,0.0,0.0,0.0,0.0,0.0,0.0,0.0,0.0,0.0,0.0,0.0,0.0
35.2,0.0,0.0,0.0,0.0,0.0,0.0,0.0,0.0,0.0,0.0,0.0,0.0,0.0,0.0,0.0,0.0,0.0,0.0,0.0,0.0,0.0,0.0,0.0,0.0,0.0,0.0,0.0,0.0,0.0,0.0,0.0,0.0,0.0,0.0,0.0,0.0,0.0,0.0,0.0,0.0,0.0,0.0,0.0,0.0,0.0,0.0,0.0,0.0
46.32,46.32,46.32,46.32,46.32,46.32,46.32,46.32,46.32,46.32,46.32,46.32,81.35387368715493,0.0,0.0,0.0,0.0,0.0,0.0,0.0,0.0,0.0,0.0,0.0,0.0,0.0,0.0,0.0,0.0,0.0,0.0,0.0,0.0,0.0,0.0,0.0,0.0,0.0,0.0,0.0,0.0,0.0,0.0,0.0,0.0,0.0,0.0,0.0,0.0
46.32,46.32,46.32,46.32,46.32,46.32,46.32,46.32,46.32,46.32,46.32,53.170000000000016,133.17000000000002,0.0,0.0,0.0,0.0,0.0,0.0,0.0,0.0,0.0,0.0,0.0,0.0,0.0,0.0,0.0,0.0,0.0,0.0,0.0,0.0,0.0,0.0,0.0,0.0,0.0,0.0,0.0,0.0,0.0,0.0,0.0,0.0,0.0,0.0,0.0,0.0
46.32,121.88387368715496,121.88387368715496,121.88387368715496,121.88387368715496,121.88387368715496,121.88387368715496,121.88387368715496,121.88387368715496,121.88387368715496,121.88387368715496,115.03387368715494,0.0,0.0,0.0,0.0,0.0,0.0,0.0,0.0,0.0,0.0,0.0,0.0,0.0,0.0,0.0,0.0,0.0,0.0,0.0,0.0,0.0,0.0,0.0,0.0,0.0,0.0,0.0,0.0,0.0,0.0,0.0,0.0,0.0,0.0,0.0,0.0,0.0
64.6,132.3518797447815,121.66231398655884,121.66231398655884,121.66231398655884,121.66231398655884,121.66231398655884,121.66231398655884,185.725,185.725,121.66231398655884,185.725,185.725,121.66231398655884,185.725,185.725,185.725,185.725,121.66231398655884,121.66231398655884,185.725,121.66231398655884,121.66231398655884,121.66231398655884,121.66231398655884,121.66231398655884,121.66231398655884,121.66231398655884,121.66231398655884,121.66231398655884,121.66231398655884,121.66231398655884,121.66231398655884,121.66231398655884,121.66231398655884,121.66231398655884,121.66231398655884,185.725,185.725,121.66231398655884,121.66231398655884,185.725,121.66231398655884,185.725,121.66231398655884,121.66231398655884,121.66231398655884,121.66231398655884,185.725
64.6,185.725,185.725,185.725,185.725,185.725,185.725,185.725,185.725,185.725,185.725,185.725,185.725,185.725,185.725,185.725,185.725,185.725,185.725,185.725,185.725,185.725,185.725,185.725,185.725,185.725,185.725,185.725,185.725,185.725,185.725,185.725,185.725,185.725,185.725,185.725,185.725,185.725,121.66231398655884,185.725,185.725,121.66231398655884,185.725,185.725,185.725,185.725,185.725,185.725,121.66231398655884
64.6,185.725,185.725,185.725,185.725,185.725,185.725,185.725,185.725,185.725,185.725,185.725,185.725,185.725,185.725,185.725,121.66231398655884,185.725,185.725,185.725,185.725,185.725,185.725,185.725,185.725,185.725,185.725,185.725,185.725,185.725,185.725,185.725,185.725,185.725,185.725,185.725,185.725,121.66231398655884,185.725,185.725,185.725,185.725,185.725,121.66231398655884,185.725,185.725,185.725,185.725,185.725
0.0,185.725,185.725,185.725,185.725,185.725,185.725,185.725,185.725,185.725,185.725,185.725,121.66231398655884,185.725,185.725,185.725,185.725,185.725,185.725,185.725,185.725,185.725,185.725,185.725,185.725,185.725,185.725,185.725,185.725,185.725,185.725,185.725,185.725,185.725,185.725,185.725,185.725,185.725,185.725,185.725,185.725,185.725,185.725,185.725,185.725,185.725,185.725,185.725,185.725
0.0,185.725,185.725,185.725,185.725,185.725,185.725,185.725,121.66231398655884,121.66231398655884,185.725,121.66231398655884,185.725,185.725,121.66231398655884,121.66231398655884,185.725,121.66231398655884,185.725,185.725,121.66231398655884,185.725,185.725,185.725,185.725,185.725,185.725,185.725,185.725,185.725,185.725,185.725,185.725,185.725,185.725,185.725,185.725,185.725,185.725,185.725,185.725,185.725,185.725,185.725,185.725,185.725,185.725,185.725,185.725
100.0,60.0,44.32,44.32,44.32,47.420000000000016,87.42000000000002,127.42000000000002,127.42000000000002,127.42000000000002,127.42000000000002,127.42000000000002,127.42000000000002,127.42000000000002,127.42000000000002,127.42000000000002,127.42000000000002,127.42000000000002,127.42000000000002,127.42000000000002,127.42000000000002,87.42000000000002,127.42000000000002,87.42000000000002,47.420000000000016,44.32,63.83303570812177,63.83303570812177,63.83303570812177,87.42000000000002,127.42000000000002,87.42000000000002,63.83303570812177,63.83303570812177,63.83303570812177,63.83303570812177,44.32,84.32,87.42000000000002,127.42000000000002,127.42000000000002,127.42000000000002,127.42000000000002,127.42000000000002,127.42000000000002,127.42000000000002,127.42000000000002,127.42000000000002,87.42000000000002
100.0,60.0,44.32,44.32,44.32,47.420000000000016,87.42000000000002,127.42000000000002,127.42000000000002,127.42000000000002,87.42000000000002,87.42000000000002,127.42000000000002,127.42000000000002,127.42000000000002,127.42000000000002,127.42000000000002,127.42000000000002,127.42000000000002,127.42000000000002,127.42000000000002,127.42000000000002,127.42000000000002,87.42000000000002,96.41303570812175,99.51303570812183,127.42000000000002,127.42000000000002,127.42000000000002,127.42000000000002,87.42000000000002,127.42000000000002,127.42000000000002,127.42000000000002,127.42000000000002,127.42000000000002,120.00000000000006,127.42000000000002,127.42000000000002,127.42000000000002,127.42000000000002,127.42000000000002,127.42000000000002,127.42000000000002,127.42000000000002,127.42000000000002,127.42000000000002,127.42000000000002,127.42000000000002
100.0,127.42000000000002,127.42000000000002,127.42000000000002,127.42000000000002,96.41303570812175,87.42000000000002,127.42000000000002,127.42000000000002,127.42000000000002,127.42000000000002,127.42000000000002,127.42000000000002,127.42000000000002,127.42000000000002,127.42000000000002,127.42000000000002,127.42000000000002,127.42000000000002,127.42000000000002,127.42000000000002,127.42000000000002,127.42000000000002,127.42000000000002,87.42000000000002,47.420000000000016,0.0,0.0,0.0,0.0,0.0,0.0,0.0,0.0,0.0,0.0,66.93303570812179,106.93303570812179,127.42000000000002,127.42000000000002,127.42000000000002,127.42000000000002,127.42000000000002,127.42000000000002,127.42000000000002,127.42000000000002,127.42000000000002,127.42000000000002,127.42000000000002
100.0,127.42000000000002,127.42000000000002,127.42000000000002,127.42000000000002,127.42000000000002,127.42000000000002,127.42000000000002,127.42000000000002,127.42000000000002,127.42000000000002,127.42000000000002,127.42000000000002,127.42000000000002,127.42000000000002,127.42000000000002,127.42000000000002,127.42000000000002,127.42000000000002,127.42000000000002,127.42000000000002,127.42000000000002,127.42000000000002,127.42000000000002,127.42000000000002,127.42000000000002,127.42000000000002,127.42000000000002,127.42000000000002,127.42000000000002,127.42000000000002,127.42000000000002,127.42000000000002,127.42000000000002,127.42000000000002,127.42000000000002,127.42000000000002,127.42000000000002,127.42000000000002,127.42000000000002,127.42000000000002,127.42000000000002,127.42000000000002,127.42000000000002,127.42000000000002,127.42000000000002,127.42000000000002,127.42000000000002,127.42000000000002
100.0,127.42000000000002,127.42000000000002,127.42000000000002,127.42000000000002,127.42000000000002,103.83303570812177,63.83303570812177,63.83303570812177,63.83303570812177,103.83303570812177,127.42000000000002,127.42000000000002,127.42000000000002,127.42000000000002,127.42000000000002,127.42000000000002,127.42000000000002,127.42000000000002,127.42000000000002,127.42000000000002,127.42000000000002,127.42000000000002,127.42000000000002,127.42000000000002,127.42000000000002,127.42000000000002,127.42000000000002,127.42000000000002,127.42000000000002,127.42000000000002,127.42000000000002,127.42000000000002,127.42000000000002,127.42000000000002,127.42000000000002,127.42000000000002,127.42000000000002,127.42000000000002,127.42000000000002,127.42000000000002,127.42000000000002,127.42000000000002,127.42000000000002,127.42000000000002,127.42000000000002,127.42000000000002,127.42000000000002,127.42000000000002
100.0,127.42000000000002,127.42000000000002,127.42000000000002,127.42000000000002,127.42000000000002,127.42000000000002,127.42000000000002,127.42000000000002,127.42000000000002,127.42000000000002,127.42000000000002,127.42000000000002,127.42000000000002,127.42000000000002,127.42000000000002,127.42000000000002,127.42000000000002,127.42000000000002,127.42000000000002,127.42000000000002,127.42000000000002,127.42000000000002,127.42000000000002,127.42000000000002,127.42000000000002,127.42000000000002,127.42000000000002,127.42000000000002,127.42000000000002,103.83303570812177,127.42000000000002,127.42000000000002,127.42000000000002,127.42000000000002,127.42000000000002,127.42000000000002,127.42000000000002,127.42000000000002,127.42000000000002,127.42000000000002,127.42000000000002,127.42000000000002,127.42000000000002,127.42000000000002,127.42000000000002,127.42000000000002,127.42000000000002,127.42000000000002
100.0,127.42000000000002,127.42000000000002,127.42000000000002,127.42000000000002,127.42000000000002,127.42000000000002,127.42000000000002,127.42000000000002,127.42000000000002,127.42000000000002,103.83303570812177,87.42000000000002,127.42000000000002,127.42000000000002,127.42000000000002,127.42000000000002,127.42000000000002,127.42000000000002,127.42000000000002,127.42000000000002,127.42000000000002,127.42000000000002,127.42000000000002,127.42000000000002,127.42000000000002,127.42000000000002,127.42000000000002,127.42000000000002,127.42000000000002,127.42000000000002,127.42000000000002,127.42000000000002,127.42000000000002,127.42000000000002,127.42000000000002,127.42000000000002,127.42000000000002,127.42000000000002,127.42000000000002,127.42000000000002,127.42000000000002,127.42000000000002,127.42000000000002,127.42000000000002,127.42000000000002,127.42000000000002,127.42000000000002,127.42000000000002
100.0,127.42000000000002,127.42000000000002,127.42000000000002,127.42000000000002,127.42000000000002,127.42000000000002,127.42000000000002,127.42000000000002,127.42000000000002,127.42000000000002,127.42000000000002,127.42000000000002,127.42000000000002,127.42000000000002,127.42000000000002,127.42000000000002,127.42000000000002,127.42000000000002,127.42000000000002,127.42000000000002,127.42000000000002,127.42000000000002,127.42000000000002,127.42000000000002,127.42000000000002,127.42000000000002,127.42000000000002,127.42000000000002,127.42000000000002,127.42000000000002,127.42000000000002,127.42000000000002,127.42000000000002,127.42000000000002,127.42000000000002,127.42000000000002,127.42000000000002,127.42000000000002,127.42000000000002,127.42000000000002,127.42000000000002,127.42000000000002,127.42000000000002,127.42000000000002,127.42000000000002,127.42000000000002,127.42000000000002,127.42000000000002
100.0,127.42000000000002,127.42000000000002,127.42000000000002,127.42000000000002,127.42000000000002,127.42000000000002,127.42000000000002,127.42000000000002,127.42000000000002,127.42000000000002,127.42000000000002,127.42000000000002,127.42000000000002,127.42000000000002,127.42000000000002,127.42000000000002,127.42000000000002,127.42000000000002,127.42000000000002,127.42000000000002,127.42000000000002,127.42000000000002,127.42000000000002,127.42000000000002,127.42000000000002,127.42000000000002,127.42000000000002,127.42000000000002,127.42000000000002,127.42000000000002,127.42000000000002,127.42000000000002,127.42000000000002,127.42000000000002,127.42000000000002,127.42000000000002,127.42000000000002,127.42000000000002,127.42000000000002,127.42000000000002,127.42000000000002,127.42000000000002,127.42000000000002,127.42000000000002,127.42000000000002,127.42000000000002,127.42000000000002,127.41999999999999
100.0,127.42000000000002,127.42000000000002,127.42000000000002,127.42000000000002,127.42000000000002,127.42000000000002,127.42000000000002,127.42000000000002,127.42000000000002,127.42000000000002,127.42000000000002,127.42000000000002,127.42000000000002,127.42000000000002,127.42000000000002,127.42000000000002,127.42000000000002,127.42000000000002,87.42000000000002,127.42000000000002,127.42000000000002,127.42000000000002,127.42000000000002,127.42000000000002,127.42000000000002,127.42000000000002,127.42000000000002,127.42000000000002,127.42000000000002,127.42000000000002,127.42000000000002,127.42000000000002,127.42000000000002,127.42000000000002,127.42000000000002,127.42000000000002,127.42000000000002,127.42000000000002,127.42000000000002,127.42000000000002,127.42000000000002,127.42000000000002,127.42000000000002,127.42000000000002,127.42000000000002,127.42000000000002,127.42000000000002,127.42000000000002
100.0,127.42000000000002,127.42000000000002,127.42000000000002,127.42000000000002,127.42000000000002,127.42000000000002,127.42000000000002,127.42000000000002,127.42000000000002,127.42000000000002,127.42000000000002,127.42000000000002,127.42000000000002,127.42000000000002,127.41999999999999,127.42000000000002,127.42000000000002,87.42000000000002,127.42000000000002,127.42000000000002,127.42000000000002,127.42000000000002,127.42000000000002,127.42000000000002,127.42000000000002,127.42000000000002,127.42000000000002,127.42000000000002,127.42000000000002,127.42000000000002,127.42000000000002,127.42000000000002,127.42000000000002,127.42000000000002,127.42000000000002,127.42000000000002,127.42000000000002,127.42000000000002,127.42000000000002,127.42000000000002,127.42000000000002,127.42000000000002,127.42000000000002,127.42000000000002,127.42000000000002,127.42000000000002,127.42000000000002,127.42000000000002
100.0,127.42000000000002,127.42000000000002,127.42000000000002,127.42000000000002,127.42000000000002,120.0,127.42000000000002,127.42000000000002,127.42000000000002,127.42000000000002,127.42000000000002,127.42000000000002,127.42000000000002,127.42000000000002,127.42000000000002,127.42000000000002,127.42000000000002,127.42000000000002,127.42000000000002,127.42000000000002,127.42000000000002,127.42000000000002,127.42000000000002,127.42000000000002,127.42000000000002,127.42000000000002,127.42000000000002,127.42000000000002,127.42000000000002,127.42000000000002,127.42000000000002,127.42000000000002,127.42000000000002,127.42000000000002,127.42000000000002,127.42000000000002,127.42000000000002,127.42000000000002,127.42000000000002,127.42000000000002,127.42000000000002,127.42000000000002,127.42000000000002,127.42000000000002,127.42000000000002,127.42000000000002,127.42000000000002,127.42000000000002
100.0,127.42000000000002,127.42000000000002,127.42000000000002,127.42000000000002,127.42000000000002,87.42000000000002,0.0,0.0,0.0,0.0,0.0,0.0,0.0,0.0,0.0,0.0,0.0,0.0,0.0,0.0,0.0,0.0,47.420000000000016,87.42000000000002,127.42000000000002,127.42000000000002,127.42000000000002,127.42000000000002,103.83303570812177,127.42000000000002,103.83303570812177,127.42000000000002,127.42000000000002,127.42000000000002,127.42000000000002,127.42000000000002,127.42000000000002,103.83303570812177,63.83303570812177,63.83303570812177,63.83303570812177,63.83303570812177,63.83303570812177,63.83303570812177,0.0,0.0,0.0,0.0
100.0,71.25303570812184,102.61303570812197,102.61303570812197,102.61303570812197,127.42000000000002,127.42000000000002,127.42000000000002,127.42000000000002,127.42000000000002,127.42000000000002,127.42000000000002,103.83303570812177,63.83303570812177,63.83303570812177,63.833035708121784,63.83303570812177,63.83303570812177,103.83303570812177,103.83303570812177,63.83303570812177,103.83303570812177,63.83303570812177,96.41303570812175,127.42000000000002,127.42000000000002,127.42000000000002,127.42000000000002,127.42000000000002,127.42000000000002,127.42000000000002,127.42000000000002,127.42000000000002,127.42000000000002,127.42000000000002,127.42000000000002,87.42000000000002,0.0,0.0,0.0,0.0,0.0,0.0,0.0,0.0,0.0,0.0,63.83303570812177,103.83303570812177
100.0,66.06908559787712,106.06908559787712,106.06908559787712,106.06908559787712,101.06908559787712,61.06908559787712,67.56908559787712,67.56908559787712,67.56908559787712,67.56908559787712,67.56908559787712,61.06908559787712,101.06908559787712,106.06908559787712,86.5,126.5,126.5,126.5,126.5,86.5,46.5,44.0,44.0,44.0,44.0,44.0,44.0,44.0,70.06908559787712,70.06908559787712,110.06908559787712,126.5,110.06908559787712,126.5,126.5,126.5,126.5,126.5,86.5,62.06908559787712,62.06908559787712,44.0,44.0,0.0,0.0,0.0,0.0,0.0
100.0,60.0,44.0,44.0,44.0,44.0,44.0,44.0,44.0,44.0,44.0,44.0,44.0,44.0,44.0,44.0,44.0,44.0,44.0,44.0,44.0,44.0,44.0,44.0,44.0,44.0,44.0,44.0,44.0,44.0,44.0,44.0,67.56908559787712,44.0,67.56908559787712,67.56908559787712,70.06908559787712,72.56908559787712,66.06908559787712,44.0,44.0,44.0,46.5,86.5,126.5,126.5,126.5,126.5,126.5
100.0,60.0,44.0,44.0,44.0,46.5,86.5,126.5,126.5,126.5,126.5,126.5,86.5,46.5,44.0,44.0,44.0,44.0,44.0,44.0,44.0,44.0,44.0,44.0,44.0,44.0,44.0,44.0,84.0,124.0,124.0,84.0,44.0,84.0,44.0,44.0,44.0,84.0,44.0,44.0,44.0,44.0,59.56908559787712,44.0,44.0,67.56908559787712,44.0,84.0,124.0
100.0,60.0,44.0,44.0,44.0,46.5,86.5,126.5,126.5,126.5,126.5,126.5,86.5,46.5,44.0,84.0,73.56908559787712,0.0,0.0,0.0,0.0,0.0,0.0,0.0,0.0,0.0,0.0,106.06908559787712,86.5,126.5,126.5,126.5,126.5,126.5,126.5,126.5,124.0,84.0,44.0,44.0,44.0,44.0,44.0,44.0,84.0,44.0,67.56908559787712,74.06908559787712,114.06908559787712
100.0,84.0,86.5,86.5,86.5,86.5,84.0,86.5,86.5,86.5,86.5,86.5,84.0,86.5,86.5,84.0,84.0,86.5,84.0,84.0,84.0,84.0,84.0,86.5,84.0,84.0,84.0,86.5,84.0,86.5,86.5,86.5,86.5,86.5,86.5,86.5,86.5,86.5,86.5,84.0,86.5,86.5,86.5,84.0,86.5,86.5,86.5,84.0,86.5
100.0,86.5,126.5,126.5,126.5,126.5,126.5,126.5,126.5,126.5,126.5,126.5,126.5,126.5,126.5,124.0,84.0,44.0,44.0,44.0,71.06908559787712,106.06908559787712,108.56908559787712,106.06908559787712,108.56908559787712,108.56908559787712,126.5,126.5,126.5,126.5,126.5,126.5,126.5,126.5,126.5,126.5,126.5,124.0,84.0,44.0,44.0,44.0,44.0,44.0,0.0,0.0,0.0,0.0,0.0
100.0,86.5,126.5,126.5,126.5,126.5,94.0,0.0,0.0,0.0,0.0,0.0,0.0,0.0,0.0,0.0,0.0,126.5,126.5,113.56908559787712,126.5,126.5,126.5,126.5,126.5,126.5,126.5,126.5,126.5,126.5,126.5,126.5,126.5,126.5,126.5,126.5,126.5,126.5,126.5,126.5,126.5,126.5,126.5,126.5,126.5,126.5,126.5,126.5,126.5
100.0,126.5,126.5,126.5,126.5,126.5,126.5,126.5,126.5,126.5,126.5,126.5,126.5,126.5,126.5,126.5,126.5,106.06908559787712,126.5,126.5,126.5,126.5,126.5,126.5,126.5,126.5,108.56908559787712,0.0,0.0,0.0,0.0,0.0,0.0,0.0,0.0,0.0,0.0,0.0,126.5,126.5,126.5,126.5,126.5,109.56908559787712,110.06908559787712,126.5,126.5,87.5,0.0
100.0,126.5,126.5,126.5,126.5,126.5,126.5,126.5,126.5,126.5,126.5,126.5,126.5,126.5,126.5,126.5,126.5,126.5,126.5,126.5,126.5,126.5,126.5,126.5,126.5,126.5,126.5,126.5,113.56908559787712,0.0,0.0,0.0,0.0,0.0,0.0,0.0,0.0,0.0,0.0,109.56908559787712,126.5,126.5,126.5,126.5,126.5,126.5,126.5,126.5,126.5
100.0,126.5,126.5,126.5,126.5,126.5,126.5,126.5,126.5,126.5,126.5,126.5,126.5,126.5,126.5,126.5,126.5,126.5,113.56908559787712,126.5,126.5,126.5,126.5,126.5,126.5,126.5,126.5,126.5,126.5,126.5,126.5,126.5,126.5,126.5,126.5,126.5,126.5,126.5,126.5,126.5,126.5,126.5,126.5,126.5,126.5,126.5,126.5,126.5,126.5
100.0,86.5,86.5,86.5,86.5,86.5,84.0,86.5,86.5,86.5,86.5,86.5,84.0,86.5,86.5,84.0,84.0,86.5,84.0,84.0,84.0,86.5,86.5,86.5,86.5,86.5,86.5,86.5,84.0,86.5,86.5,86.5,86.5,86.5,86.5,86.5,86.5,86.5,86.5,84.0,86.5,86.5,86.5,84.0,86.5,86.5,86.5,84.0,86.5
100.0,74.5000000000407,0.0,0.0,0.0,0.0,0.0,0.0,0.0,0.0,0.0,0.0,94.0,126.5,126.5,126.5,126.5,126.5,126.5,126.5,126.5,126.5,126.5,126.5,126.5,126.5,126.5,126.5,126.5,126.5,126.5,126.5,126.5,126.5,126.5,126.5,126.5,126.5,126.5,126.5,126.5,126.5,126.5,126.5,126.5,126.5,126.5,126.5,126.5
100.0,126.5,126.5,126.5,126.5,126.5,126.5,126.5,126.5,126.5,126.5,126.5,126.5,126.5,126.5,116.06908559787712,126.5,126.5,126.5,126.5,126.5,126.5,126.5,126.5,126.5,126.5,126.5,126.5,126.5,126.5,126.5,126.5,126.5,126.5,126.5,126.5,126.5,126.5,126.5,126.5,126.5,126.5,126.5,126.5,126.5,126.5,126.5,126.5,126.5
100.0,86.5,86.5,86.5,86.5,86.5,84.0,86.5,86.5,86.5,86.5,86.5,84.0,86.5,86.5,84.0,84.0,86.5,84.0,84.0,84.0,86.5,86.5,86.5,86.5,86.5,86.5,86.5,84.0,86.5,86.5,86.5,86.5,86.5,86.5,86.5,86.5,86.5,86.5,84.0,86.5,86.5,86.5,84.0,86.5,86.5,86.5,84.0,86.5
20.2,20.2,0.0,0.0,0.0,0.0,0.0,0.0,0.0,0.0,0.0,0.0,0.0,0.0,0.0,0.0,0.0,0.0,0.0,0.0,20.2,20.2,58.075,58.075,58.075,58.075,58.075,58.075,58.075,58.075,58.075,58.075,58.075,58.075,58.075,54.955688307101155,54.95570227906961,58.075,56.528348220361536,0.0,0.0,0.0,0.0,0.0,0.0,0.0,0.0,0.0,0.0
0.0,0.0,0.0,0.0,0.0,0.0,0.0,0.0,0.0,0.0,0.0,0.0,0.0,0.0,0.0,0.0,0.0,0.0,0.0,0.0,0.0,0.0,0.0,54.95552064347983,54.95553461544827,54.955548587416715,54.95556255938516,54.955576531353614,54.95559050332206,54.9556044752905,54.95561844725894,54.955632419227385,54.95564639119583,54.95566036316427,54.95567433513271,58.075,58.075,54.955716251038055,58.075,0.0,0.0,0.0,0.0,0.0,0.0,0.0,0.0,0.0,0.0
16.0,46.0,46.0,16.138998449880184,0.0,0.0,0.0,0.0,0.0,0.0,0.0,0.0,0.0,0.0,0.0,0.0,0.0,0.0,0.0,0.0,0.0,0.0,16.11584884211602,16.114784821025943,44.464666173166805,37.927734440630076,46.0,37.927734440630076,46.0,37.927734440630076,37.927734440630076,37.927734440630076,46.0,37.927734440630076,46.0,37.927734440630076,46.0,46.0,37.927734440630076,37.927734440630076,37.927734440630076,0.0,0.0,0.0,0.0,0.0,0.0,0.0,0.0
0.0,0.0,0.0,0.0,0.0,0.0,0.0,0.0,0.0,0.0,0.0,0.0,0.0,0.0,0.0,0.0,0.0,0.0,0.0,0.0,0.0,0.0,0.0,0.0,0.0,46.0,37.927734440630076,46.0,37.927734440630076,46.0,46.0,46.0,37.927734440630076,46.0,37.927734440630076,46.0,37.927734440630076,37.927734440630076,46.0,46.0,46.0,0.0,0.0,0.0,0.0,0.0,0.0,0.0,0.0
41.4,0.0,0.0,0.0,0.0,0.0,0.0,0.0,0.0,0.0,0.0,0.0,0.0,0.0,0.0,0.0,0.0,0.0,0.0,0.0,0.0,0.0,0.0,0.0,0.0,0.0,0.0,0.0,0.0,0.0,0.0,0.0,0.0,0.0,0.0,0.0,0.0,0.0,0.0,0.0,0.0,0.0,0.0,0.0,0.0,0.0,0.0,0.0,0.0
0.0,0.0,0.0,0.0,0.0,0.0,0.0,0.0,0.0,0.0,0.0,0.0,0.0,0.0,0.0,0.0,0.0,0.0,0.0,0.0,0.0,0.0,0.0,0.0,0.0,0.0,0.0,0.0,0.0,0.0,0.0,0.0,0.0,0.0,0.0,0.0,0.0,0.0,0.0,0.0,0.0,0.0,0.0,0.0,0.0,0.0,0.0,0.0,0.0
0.0,0.0,0.0,0.0,0.0,0.0,0.0,0.0,0.0,0.0,0.0,0.0,0.0,0.0,0.0,0.0,0.0,0.0,0.0,0.0,0.0,0.0,0.0,0.0,0.0,0.0,0.0,0.0,0.0,0.0,0.0,0.0,0.0,0.0,0.0,0.0,0.0,0.0,0.0,0.0,0.0,0.0,0.0,0.0,0.0,0.0,0.0,0.0,0.0
0.0,0.0,0.0,0.0,0.0,0.0,0.0,0.0,0.0,0.0,0.0,0.0,0.0,0.0,0.0,0.0,0.0,0.0,0.0,0.0,0.0,0.0,0.0,0.0,0.0,0.0,0.0,0.0,0.0,0.0,0.0,0.0,0.0,0.0,0.0,0.0,0.0,0.0,0.0,0.0,0.0,0.0,0.0,0.0,0.0,0.0,0.0,0.0,0.0
7.4,21.275,21.275,21.275,21.275,21.275,21.275,21.275,21.275,0.0,0.0,0.0,0.0,0.0,0.0,0.0,0.0,0.0,0.0,7.4,14.506327133464062,14.506327133464062,14.506327133464062,14.506327133464062,14.506327133464062,14.506327133464062,14.506327133464062,14.506327133464062,14.506327133464062,7.399999999999986,7.4,7.4,7.4,7.4,7.4,7.4,7.4,7.4,7.4,7.4,7.4,14.506327133464062,14.506327133464062,14.506327133464062,14.506327133464062,14.506327133464062,14.506327133464062,14.506327133464062,14.506327133464062
7.4,21.275,21.275,21.275,21.275,21.275,21.275,21.275,21.275,0.0,0.0,0.0,0.0,0.0,0.0,0.0,0.0,0.0,0.0,0.0,0.0,0.0,0.0,0.0,0.0,0.0,0.0,0.0,0.0,7.4,7.4,7.4,7.4,7.4,7.4,7.4,7.4,7.4,7.4,7.4,7.4,0.0,0.0,0.0,0.0,0.0,0.0,0.0,0.0
0.0,21.275,21.275,21.275,21.275,21.275,21.275,21.275,21.275,7.399999999851708,7.4,7.4,7.4,7.4,7.4,7.4,0.0,0.0,0.0,0.0,0.0,0.0,0.0,0.0,0.0,0.0,0.0,0.0,0.0,0.0,0.0,0.0,0.0,0.0,0.0,0.0,0.0,0.0,0.0,0.0,0.0,0.0,0.0,0.0,0.0,0.0,0.0,0.0,0.0
0.0,21.275,21.275,21.275,21.275,21.275,21.275,21.275,21.275,7.4,7.4,7.4,7.4,7.4,7.4,7.4,14.506327133464062,14.506327133464062,14.506327133464062,7.4,0.0,0.0,0.0,0.0,0.0,0.0,0.0,0.0,0.0,0.0,0.0,0.0,0.0,0.0,0.0,0.0,0.0,0.0,0.0,0.0,0.0,0.0,0.0,0.0,0.0,0.0,0.0,0.0,0.0
9.6,27.6,27.6,27.6,27.6,27.6,15.387110128780108,15.387110128783746,15.387110128787384,15.387110128787384,27.6,27.6,15.387110128801936,13.329653020439153,13.329653020563581,13.329653020563581,13.329653020563581,13.329653020563581,13.329653020563581,13.329653020563581,13.083238017289867,13.083238017289867,13.083238017289867,13.329653020563581,13.083238017289867,13.083238017289867,13.083238017289867,13.083238017289867,13.083238017289867,13.083238017289867,13.083238017289867,13.083238017289867,13.083238017289867,13.32965302056357,13.329653020563581,13.329653020563581,13.329653020563581,13.329653020563581,13.329653020563581,13.329653020563581,13.329653020563581,13.329653020563581,13.329653020563581,13.329653020563581,13.329653020563581,13.083238017289867,13.083238017289867,13.083238017289867,13.083238017289867
0.0,15.38711012877829,15.38711012877829,15.38711012877829,15.38711012877829,15.387110128780108,27.6,27.6,27.6,27.6,27.6,15.387110128787384,27.6,0.0,0.0,0.0,0.0,0.0,0.0,0.0,0.0,0.0,0.0,0.0,0.0,0.0,0.0,0.0,0.0,0.0,0.0,0.0,0.0,0.0,0.0,0.0,0.0,0.0,0.0,0.0,0.0,0.0,0.0,0.0,0.0,0.0,0.0,0.0,0.0
0.0,27.6,27.6,27.6,27.6,27.6,27.6,27.6,27.6,27.6,15.387110128787384,27.6,27.6,0.0,0.0,0.0,0.0,0.0,0.0,0.0,0.0,0.0,0.0,0.0,0.0,0.0,0.0,0.0,0.0,0.0,0.0,0.0,0.0,0.0,0.0,0.0,0.0,0.0,0.0,0.0,0.0,0.0,0.0,0.0,0.0,0.0,0.0,0.0,0.0
11.0,22.97871011126101,22.97871011126101,22.978710111268285,22.97871011127556,22.97871011127556,22.978710111290113,22.978710111290113,22.978710111319216,22.978710111319216,22.978710111319216,22.978710111377424,22.978710111377424,22.97871011149384,23.603710111377424,0.0,0.0,0.0,0.0,0.0,0.0,0.0,0.0,0.0,0.0,11.0,11.0,23.706244319484554,23.706244319484554,23.706244319484554,23.706244319484554,11.0,11.0,12.706244319484554,11.0,13.00440077869376,0.0,0.0,0.0,0.0,0.0,0.0,0.0,0.0,0.0,0.0,0.0,0.0,23.706244319484554
0.0,31.625,31.625,31.625,31.625,31.625,31.625,31.625,31.625,31.625,31.625,31.625,31.625,31.625,31.625,13.004400778543221,11.0,13.004400778693775,13.004400778693775,13.004400778693775,13.004400778693775,24.004400778693775,23.706244319484554,23.706244319484554,23.706244319484554,13.004400778693775,12.706244319484554,0.0,0.0,0.0,0.0,0.0,0.0,0.0,0.0,0.0,0.0,11.0,11.0,11.0,13.004400778693775,13.004400778693775,24.004400778693775,24.004400778693775,24.004400778693775,24.004400778693775,24.004400778693775,23.706244319484554,0.0
0.0,31.625,31.625,31.625,31.625,31.625,31.625,31.625,31.625,31.625,31.625,31.625,31.625,31.625,31.0,11.0,13.004400778693775,11.0,11.0,11.0,11.0,0.0,0.0,0.0,0.0,0.0,0.0,0.0,0.0,0.0,0.0,12.706244319484554,12.706244319484554,11.0,12.706244319484554,11.0,24.004400778693775,13.004400778693775,13.004400778693775,13.004400778693775,11.0,11.0,0.0,0.0,0.0,0.0,0.0,0.0,0.0
46.96,0.0,0.0,0.0,0.0,0.0,0.0,0.0,0.0,0.0,0.0,0.0,0.0,0.0,0.0,0.0,0.0,0.0,0.0,0.0,0.0,0.0,0.0,0.0,0.0,0.0,0.0,0.0,0.0,0.0,0.0,0.0,0.0,0.0,0.0,0.0,0.0,0.0,0.0,0.0,0.0,0.0,0.0,0.0,0.0,0.0,0.0,0.0,0.0
0.0,0.0,0.0,0.0,0.0,0.0,0.0,0.0,0.0,0.0,0.0,0.0,0.0,0.0,0.0,0.0,0.0,0.0,0.0,0.0,0.0,0.0,0.0,0.0,0.0,0.0,0.0,0.0,0.0,0.0,0.0,0.0,0.0,0.0,0.0,0.0,0.0,0.0,0.0,0.0,0.0,0.0,0.0,0.0,0.0,0.0,0.0,0.0,0.0
0.0,0.0,0.0,0.0,0.0,0.0,0.0,0.0,0.0,0.0,0.0,0.0,0.0,0.0,0.0,0.0,0.0,0.0,0.0,0.0,0.0,0.0,0.0,0.0,0.0,0.0,0.0,0.0,0.0,0.0,0.0,0.0,0.0,0.0,0.0,0.0,0.0,0.0,0.0,0.0,0.0,0.0,0.0,0.0,0.0,0.0,0.0,0.0,0.0
50.0,189.75,189.75,189.75,168.037932655147,189.75,189.75,189.75,189.75,167.9605631329229,189.75,189.75,189.75,167.89866751514367,167.88319361069884,189.75,189.75,189.75,189.75,189.75,189.75,189.75,189.75,189.75,189.75,189.75,189.75,189.75,189.75,189.75,167.6356111395818,167.620137235137,189.75,189.75,189.75,189.75,189.75,189.75,189.75,189.75,189.75,189.75,167.44992428624406,189.75,189.75,167.40350257290967,189.75,189.75,164.96421323377515
0.0,168.08435436848148,168.06888046403662,168.0534065595918,189.75,168.02245875070219,168.00698484625735,167.99151094181255,167.97603703736772,189.75,167.9450892284781,167.92961532403328,167.91414141958847,189.75,189.75,167.86771970625404,167.85224580180923,167.8367718973644,167.8212979929196,167.8058240884748,167.79035018402996,167.77487627958513,167.75940237514033,167.74392847069552,167.7284545662507,167.7129806618059,167.69750675736108,167.68203285291625,167.66655894847145,167.65108504402664,189.75,189.75,167.60466333069218,167.58918942624737,167.57371552180257,167.55824161735774,167.54276771291293,167.5272938084681,167.5118199040233,167.4963459995785,167.48087209513366,167.46539819068886,189.75,167.43445038179928,167.41897647735448,189.75,167.38802866846484,167.37255476402004,189.75
150.0,112.1137722769837,112.11201845892447,112.11026464086524,112.10851082280612,112.10675700474701,112.1050031866879,112.10324936862878,112.10149555056967,112.09974173251055,112.09798791445144,112.09633076352952,112.0947702797447,112.09348598778013,112.09247788763594,124.80100810014426,174.8,174.8,162.08664333543152,112.08664333543152,112.08531761469385,112.08424737139012,112.0834326055201,112.0826178396502,112.08180307378018,112.076993143913,112.06818805004866,112.05938295618432,112.05057786231998,112.04177276845564,112.0329676745913,112.02416258072697,112.01534441706724,112.00651318361213,111.99768195015713,111.98886378649752,124.80000000000001,174.8,174.8,174.8,174.8,174.8,174.8,174.8,174.8,174.8,174.8,174.8,174.8
150.0,174.8,174.8,174.8,174.8,174.8,174.8,174.8,174.8,174.8,174.8,174.8,174.8,174.8,174.8,174.8,174.8,124.80000000000001,174.8,174.8,174.8,174.8,174.8,174.8,174.8,174.8,174.8,174.8,174.8,174.8,174.8,174.8,174.8,174.8,174.8,174.8,161.98004562283774,161.97121438938262,161.9623831559275,124.80883123345495,174.8,174.8,124.8050059767435,111.95282001414864,161.95282001414864,174.8,174.8,161.9729092700993,162.92332724578839
150.0,174.8,174.8,174.8,174.8,174.8,174.8,174.8,174.8,174.8,174.8,174.8,174.8,174.8,174.8,174.8,174.8,174.8,174.8,174.8,174.8,174.8,174.8,174.8,174.8,174.8,174.8,174.8,174.8,174.8,174.8,174.8,174.8,174.8,174.8,174.8,174.8,124.80000000000001,124.80000000000001,161.94472068901757,111.94472068901757,111.94280806066169,161.9428080606617,174.8,124.80500597674347,111.96284503743095,111.96787715376513,124.80000000000001,124.80000000000001
150.0,187.45,187.45,187.45,187.45,187.45,187.45,187.45,187.45,187.45,187.45,187.45,187.45,187.45,187.45,174.74046168734742,124.74046168734742,174.73929477690655,137.4513257207375,187.45,187.45,187.45,187.45,187.45,187.45,187.45,187.45,187.45,187.45,187.45,187.45,187.45,187.45,187.45,187.45,187.45,187.45,187.45,187.45,187.45,187.45,187.45,187.45,187.45,187.45,187.45,187.45,187.45,187.45
80.0,42.0,42.0,42.0,42.0,42.0,42.0,42.0,42.0,86.17284177183262,86.17284177555791,86.17284177091744,86.17284177091744,86.17284177091744,86.17284177091744,86.17284177091744,120.75,120.75,86.17284177091744,120.75,86.17284177091744,86.17284177091744,86.17284177091744,86.17284177091744,86.17284177091744,86.17284177091744,86.17284177091744,86.17284177091744,86.17284177091744,86.17284177091744,86.17284177091744,86.17284177091744,86.17284177091744,86.17284177091744,86.17284177091744,86.17284177091744,86.17284177091744,86.17284177091744,86.17284177091744,86.17284177091744,86.17284177091744,86.17284177091744,120.75,120.75,86.17284177091744,86.17284177091744,86.17284177091744,86.17284177091744,86.17284177091744
80.0,42.0,42.0,42.0,42.0,42.0,42.0,42.0,70.75,120.75,120.75,120.75,120.75,120.75,120.75,120.75,120.75,120.75,120.75,120.75,120.75,120.75,120.75,120.75,120.75,120.75,120.75,120.75,120.75,120.75,120.75,120.75,120.75,120.75,120.75,120.75,120.75,120.75,120.75,120.75,120.75,120.75,120.75,86.17284177091744,120.75,120.75,120.75,120.75,120.75
80.0,68.34176100718963,68.34176100718804,68.34176100718804,68.34176100718804,68.34176100718804,68.34176100718804,68.34176100718804,70.75,120.75,120.75,120.75,120.75,120.75,120.75,120.75,120.75,120.75,120.75,120.75,120.75,120.75,120.75,120.75,120.75,120.75,120.75,120.75,120.75,120.75,120.75,120.75,120.75,120.75,120.75,120.75,120.75,120.75,120.75,120.75,120.75,120.75,86.17284177091744,120.75,120.75,120.75,120.75,120.75,120.75
80.0,120.75,120.75,120.75,120.75,120.75,120.75,120.75,120.75,120.75,120.75,120.75,120.75,120.75,120.75,120.75,120.75,120.75,120.75,86.17284177091744,120.75,120.75,120.75,120.75,120.75,120.75,120.75,120.75,120.75,120.75,120.75,120.75,120.75,120.75,120.75,120.75,120.75,120.75,120.75,120.75,120.75,120.75,120.75,120.75,120.75,120.75,120.75,120.75,120.75
80.0,120.75,120.75,120.75,120.75,120.75,120.75,120.75,89.59176100718804,120.75,120.75,120.75,120.75,120.75,120.75,120.75,86.17284177091744,86.17284177091744,120.75,120.75,120.75,120.75,120.75,120.75,120.75,120.75,120.75,120.75,120.75,120.75,120.75,120.75,120.75,120.75,120.75,120.75,120.75,120.75,120.75,120.75,120.75,120.75,120.75,120.75,120.75,120.75,120.75,120.75,120.75
80.0,62.64445295480414,90.4,90.4,53.54993820429217,90.4,46.775000000000006,90.4,90.4,90.4,90.4,90.4,90.4,90.4,90.4,90.4,90.4,101.775,101.775,101.775,101.775,101.775,101.775,101.775,101.775,101.775,101.775,101.775,101.775,101.775,101.775,101.775,101.775,101.775,101.775,101.775,101.775,101.775,101.775,101.775,101.775,101.775,101.775,101.775,101.775,101.775,101.775,101.775,101.775
80.0,82.40705136759607,54.6515043224002,54.6515043224002,101.775,54.6515043224002,98.2765043224002,101.775,54.6515043224002,57.864668801565216,57.8646688015032,101.775,57.8646688015032,101.775,101.775,101.775,101.775,101.775,101.775,101.775,101.775,101.775,101.775,101.775,101.775,101.775,101.775,101.775,101.775,101.775,101.775,101.775,101.775,101.775,101.775,101.775,101.775,101.775,101.775,101.775,101.775,101.775,101.775,101.775,101.775,101.775,101.775,101.775,101.775
80.0,101.775,101.775,101.775,101.775,101.775,101.775,101.775,101.775,101.775,101.775,101.775,101.775,57.8646688015032,101.775,101.775,57.8646688015032,101.775,101.775,101.775,101.775,101.775,101.775,101.775,101.775,101.775,101.775,101.775,101.775,101.775,101.775,101.775,101.775,101.775,101.775,101.775,101.775,101.775,101.775,101.775,101.775,101.775,101.775,101.775,101.775,101.775,101.775,101.775,101.775
80.0,101.775,101.775,101.775,91.50156611810803,101.775,101.775,54.6515043224002,101.775,101.775,101.775,57.8646688015032,101.775,101.775,57.8646688015032,57.8646688015032,101.775,101.775,101.775,101.775,101.775,101.775,101.775,101.775,101.775,101.775,101.775,101.775,101.775,101.775,101.775,101.775,101.775,101.775,101.775,101.775,101.775,101.775,101.775,101.775,101.775,101.775,101.775,101.775,101.775,101.775,101.775,101.775,101.775
700.0,800.0,805.0,805.0,805.0,805.0,805.0,705.0,705.0,805.0,805.0,705.0,805.0,0.0,0.0,0.0,0.0,0.0,0.0,0.0,0.0,0.0,0.0,0.0,0.0,0.0,805.0,805.0,805.0,805.0,805.0,805.0,805.0,805.0,705.0,805.0,705.0,805.0,805.0,805.0,805.0,805.0,705.0,805.0,805.0,805.0,805.0,0.0,0.0
700.0,800.0,805.0,805.0,805.0,805.0,713.0681853694332,613.0681853694332,526.8275766614697,466.7929561090059,472.11650184483005,389.0943525294988,480.0,380.0,280.0,280.0,380.0,480.0,580.0,680.0,580.0,480.0,580.0,613.8021923626329,513.8021923626329,505.0,605.0,705.0,805.0,705.0,605.0,505.0,405.0,399.15591376430393,299.15591376430393,373.5702844722839,280.0,0.0,0.0,0.0,0.0,0.0,0.0,0.0,0.0,0.0,0.0,784.8295082369132,805.0
700.0,600.0,500.0,530.862087225385,430.86208722538504,530.862087225385,430.86208722538504,380.0,480.0,380.0,480.0,380.0,380.0,280.0,335.5063101529089,280.0,380.0,480.0,580.0,680.0,580.0,680.0,780.0,805.0,805.0,805.0,805.0,805.0,805.0,805.0,805.0,779.1551508347766,679.1551508347766,732.9415779251099,632.9415779251099,705.0,605.0,705.0,620.3965110107824,685.8567440813295,585.8567440813295,605.0,705.0,704.8702617048093,705.0,605.0,705.0,705.0,805.0
700.0,800.0,805.0,805.0,805.0,805.0,705.0,605.0,505.0,405.0,0.0,0.0,0.0,0.0,0.0,0.0,0.0,0.0,0.0,0.0,463.8021923626329,563.8021923626329,663.8021923626329,605.0,705.0,805.0,805.0,805.0,805.0,805.0,805.0,805.0,805.0,805.0,705.0,805.0,705.0,805.0,805.0,805.0,805.0,805.0,805.0,805.0,805.0,805.0,805.0,805.0,805.0
700.0,800.0,805.0,805.0,805.0,805.0,805.0,805.0,805.0,705.0,805.0,705.0,0.0,0.0,0.0,0.0,0.0,0.0,0.0,0.0,0.0,0.0,705.0,805.0,805.0,805.0,805.0,805.0,805.0,705.0,805.0,805.0,705.0,805.0,705.0,805.0,705.0,805.0,805.0,805.0,805.0,805.0,785.4675291957647,685.4675291957647,785.2080526053833,805.0,805.0,805.0,805.0
700.0,600.0,500.0,480.0,380.0,479.7513699556839,380.0,380.0,380.0,380.0,480.0,580.0,680.0,580.0,480.0,380.0,480.0,505.0,605.0,705.0,605.0,505.0,605.0,505.0,505.0,405.0,505.0,605.0,705.0,616.6344231640087,588.7070822197784,688.7070822197784,605.0,705.0,605.0,650.8503339483648,550.8503339483648,650.8503339483648,705.0,605.0,704.8702617048111,685.5972674909535,705.0,705.0,705.0,685.0783143101944,705.0,605.0,705.0
700.0,800.0,805.0,805.0,805.0,805.0,763.304991644909,805.0,805.0,705.0,805.0,705.0,805.0,0.0,0.0,0.0,0.0,0.0,0.0,0.0,0.0,0.0,0.0,0.0,0.0,805.0,805.0,805.0,805.0,705.0,805.0,805.0,805.0,805.0,705.0,805.0,705.0,805.0,805.0,805.0,805.0,805.0,805.0,805.0,805.0,805.0,805.0,805.0,805.0
700.0,800.0,805.0,805.0,805.0,805.0,805.0,705.0,0.0,0.0,0.0,0.0,0.0,0.0,0.0,0.0,0.0,0.0,705.0,805.0,805.0,805.0,705.0,805.0,805.0,805.0,805.0,805.0,805.0,705.0,805.0,805.0,805.0,805.0,705.0,805.0,705.0,805.0,805.0,805.0,805.0,805.0,805.0,805.0,805.0,805.0,805.0,805.0,805.0
0.0,280.0,280.0,280.0,280.0,280.0,280.0,280.0,280.0,280.0,380.0,375.4801392228055,475.4801392228055,375.4801392228055,352.3703779789405,280.0,380.0,480.0,580.0,680.0,580.0,480.0,380.0,280.0,380.0,439.51734926377867,495.17209525700855,0.0,0.0,0.0,0.0,0.0,0.0,0.0,0.0,0.0,0.0,805.0,805.0,805.0,805.0,805.0,805.0,805.0,805.0,805.0,805.0,805.0,0.0
0.0,676.116220671709,708.6068191232789,805.0,805.0,805.0,805.0,805.0,705.0,605.0,705.0,605.0,668.8021923626329,568.8021923626329,468.8021923626329,368.8021923626329,468.8021923626329,568.8021923626329,668.8021923626329,768.8021923626329,705.0,805.0,705.0,805.0,805.0,805.0,0.0,0.0,0.0,0.0,0.0,0.0,0.0,0.0,0.0,0.0,0.0,805.0,805.0,805.0,805.0,805.0,805.0,805.0,805.0,805.0,805.0,805.0,0.0
700.0,800.0,805.0,805.0,805.0,805.0,805.0,705.0,805.0,705.0,805.0,705.0,805.0,705.0,805.0,705.0,805.0,805.0,705.0,805.0,805.0,805.0,805.0,805.0,805.0,805.0,805.0,705.0,805.0,705.0,805.0,805.0,705.0,805.0,705.0,805.0,705.0,805.0,805.0,805.0,805.0,805.0,805.0,805.0,805.0,805.0,805.0,805.0,805.0
700.0,800.0,805.0,805.0,805.0,805.0,805.0,805.0,805.0,805.0,805.0,705.0,805.0,705.0,805.0,705.0,805.0,805.0,805.0,805.0,805.0,805.0,805.0,805.0,805.0,705.0,705.0,805.0,805.0,805.0,805.0,805.0,805.0,805.0,705.0,805.0,705.0,805.0,805.0,805.0,805.0,805.0,805.0,805.0,805.0,805.0,705.0,805.0,805.0
700.0,800.0,805.0,805.0,805.0,805.0,805.0,805.0,805.0,705.0,805.0,805.0,805.0,705.0,805.0,705.0,805.0,705.0,805.0,805.0,805.0,805.0,805.0,805.0,705.0,805.0,805.0,805.0,805.0,805.0,805.0,805.0,805.0,805.0,705.0,805.0,705.0,805.0,805.0,805.0,805.0,805.0,805.0,805.0,805.0,805.0,805.0,805.0,805.0
700.0,800.0,805.0,805.0,805.0,805.0,805.0,705.0,605.0,705.0,805.0,705.0,805.0,705.0,805.0,705.0,805.0,805.0,805.0,805.0,805.0,805.0,805.0,805.0,705.0,805.0,805.0,705.0,805.0,805.0,805.0,805.0,705.0,805.0,705.0,805.0,705.0,805.0,805.0,805.0,805.0,805.0,805.0,805.0,705.0,805.0,805.0,805.0,805.0
700.0,800.0,805.0,805.0,805.0,805.0,805.0,705.0,805.0,705.0,805.0,705.0,805.0,705.0,805.0,705.0,805.0,804.2376324413835,805.0,805.0,805.0,805.0,805.0,805.0,805.0,805.0,0.0,0.0,0.0,0.0,0.0,0.0,0.0,0.0,0.0,0.0,0.0,805.0,805.0,805.0,805.0,805.0,805.0,805.0,805.0,805.0,805.0,805.0,805.0
700.0,800.0,805.0,805.0,805.0,805.0,805.0,805.0,805.0,705.0,805.0,805.0,805.0,705.0,605.0,505.0,605.0,605.0,705.0,805.0,805.0,805.0,805.0,705.0,805.0,805.0,705.0,722.2334892002746,805.0,805.0,805.0,805.0,705.0,805.0,705.0,805.0,705.0,805.0,770.5899713657377,805.0,805.0,805.0,805.0,805.0,805.0,805.0,805.0,805.0,805.0
0.0,805.0,805.0,805.0,805.0,805.0,805.0,705.0,805.0,705.0,805.0,805.0,805.0,705.0,805.0,705.0,805.0,705.0,729.8081646329865,805.0,805.0,805.0,0.0,0.0,0.0,0.0,0.0,0.0,0.0,0.0,0.0,0.0,640.265886723344,740.265886723344,640.265886723344,740.265886723344,640.265886723344,740.265886723344,805.0,805.0,805.0,805.0,805.0,805.0,805.0,805.0,770.50619511484,805.0,805.0
0.0,805.0,805.0,805.0,805.0,805.0,805.0,805.0,705.0,705.0,805.0,705.0,805.0,705.0,711.7957287488159,611.7957287488159,711.7957287488159,805.0,805.0,805.0,805.0,805.0,805.0,805.0,805.0,805.0,705.0,705.0,805.0,805.0,805.0,805.0,705.0,805.0,705.0,805.0,705.0,805.0,805.0,805.0,805.0,805.0,805.0,805.0,805.0,805.0,705.0,805.0,805.0
0.0,805.0,805.0,805.0,786.8902761882528,805.0,705.0,705.0,805.0,705.0,805.0,705.0,805.0,705.0,705.0,605.0,705.0,805.0,805.0,805.0,805.0,805.0,805.0,805.0,805.0,805.0,805.0,705.0,805.0,805.0,805.0,805.0,805.0,805.0,705.0,805.0,705.0,805.0,805.0,805.0,805.0,805.0,805.0,805.0,805.0,805.0,705.0,805.0,805.0
0.0,805.0,805.0,805.0,805.0,805.0,705.0,605.0,705.0,705.0,805.0,705.0,805.0,705.0,805.0,705.0,805.0,805.0,805.0,805.0,805.0,805.0,805.0,805.0,805.0,805.0,705.0,705.0,805.0,805.0,805.0,805.0,705.0,805.0,705.0,805.0,705.0,805.0,805.0,805.0,805.0,805.0,805.0,805.0,805.0,805.0,805.0,805.0,805.0
5.52,0.0,0.0,0.0,0.0,0.0,0.0,0.0,0.0,0.0,0.0,0.0,0.0,0.0,0.0,0.0,0.0,0.0,0.0,0.0,0.0,0.0,0.0,0.0,0.0,0.0,0.0,0.0,0.0,0.0,0.0,0.0,0.0,0.0,0.0,0.0,0.0,0.0,0.0,0.0,0.0,0.0,0.0,0.0,0.0,0.0,0.0,0.0,0.0
0.0,0.0,0.0,0.0,0.0,0.0,0.0,0.0,0.0,0.0,0.0,0.0,0.0,0.0,0.0,0.0,0.0,0.0,0.0,0.0,0.0,0.0,0.0,0.0,0.0,0.0,0.0,0.0,0.0,0.0,0.0,0.0,0.0,0.0,0.0,0.0,0.0,0.0,0.0,0.0,0.0,0.0,0.0,0.0,0.0,0.0,0.0,0.0,0.0
17.2,17.2,0.0,0.0,0.0,0.0,0.0,0.0,0.0,0.0,0.0,0.0,0.0,0.0,0.0,0.0,0.0,0.0,0.0,0.0,0.0,0.0,17.2,17.2,17.2,17.2,17.2,17.19999998498237,17.2,17.2,17.2,17.2,17.2,17.2,17.2,17.2,17.2,0.0,0.0,0.0,0.0,0.0,0.0,0.0,0.0,0.0,0.0,0.0,0.0
0.0,0.0,0.0,0.0,0.0,0.0,0.0,0.0,0.0,0.0,0.0,0.0,0.0,0.0,0.0,0.0,0.0,0.0,0.0,0.0,0.0,0.0,0.0,0.0,0.0,0.0,0.0,0.0,0.0,0.0,0.0,0.0,0.0,0.0,0.0,0.0,0.0,0.0,0.0,0.0,0.0,0.0,0.0,0.0,0.0,0.0,0.0,0.0,0.0
11.2,0.0,0.0,0.0,0.0,0.0,0.0,0.0,0.0,0.0,0.0,0.0,0.0,0.0,0.0,0.0,0.0,0.0,0.0,0.0,0.0,0.0,0.0,0.0,0.0,0.0,0.0,0.0,0.0,0.0,0.0,0.0,0.0,0.0,0.0,0.0,0.0,0.0,0.0,0.0,0.0,0.0,0.0,0.0,0.0,0.0,0.0,0.0,0.0
0.0,0.0,0.0,0.0,0.0,0.0,0.0,0.0,0.0,0.0,0.0,0.0,0.0,0.0,0.0,0.0,0.0,0.0,0.0,0.0,0.0,0.0,0.0,0.0,0.0,0.0,0.0,0.0,0.0,0.0,0.0,0.0,0.0,0.0,0.0,0.0,0.0,0.0,0.0,0.0,0.0,0.0,0.0,0.0,0.0,0.0,0.0,0.0,0.0
29.6,0.0,0.0,0.0,0.0,0.0,0.0,0.0,0.0,0.0,0.0,0.0,0.0,0.0,0.0,0.0,0.0,0.0,0.0,0.0,0.0,0.0,0.0,0.0,0.0,0.0,0.0,0.0,0.0,0.0,0.0,0.0,0.0,0.0,0.0,0.0,0.0,0.0,0.0,0.0,0.0,0.0,0.0,0.0,0.0,0.0,0.0,0.0,0.0
0.0,0.0,0.0,0.0,0.0,0.0,0.0,0.0,0.0,0.0,0.0,0.0,0.0,0.0,0.0,0.0,0.0,0.0,0.0,0.0,0.0,0.0,0.0,0.0,0.0,0.0,0.0,0.0,0.0,0.0,0.0,0.0,0.0,0.0,0.0,0.0,0.0,0.0,0.0,0.0,0.0,0.0,0.0,0.0,0.0,0.0,0.0,0.0,0.0
0.0,0.0,0.0,0.0,0.0,0.0,0.0,0.0,0.0,0.0,0.0,0.0,0.0,0.0,0.0,0.0,0.0,0.0,0.0,0.0,0.0,0.0,0.0,0.0,0.0,0.0,0.0,0.0,0.0,0.0,0.0,0.0,0.0,0.0,0.0,0.0,0.0,0.0,0.0,0.0,0.0,0.0,0.0,0.0,0.0,0.0,0.0,0.0,0.0
10.0,0.0,0.0,0.0,0.0,0.0,0.0,0.0,0.0,0.0,0.0,0.0,0.0,0.0,0.0,0.0,0.0,0.0,0.0,0.0,0.0,0.0,0.0,0.0,0.0,0.0,0.0,0.0,28.75,28.75,10.0,10.0,10.0,10.0,10.0,10.0,10.0,10.0,28.75,0.0,0.0,0.0,0.0,0.0,0.0,0.0,0.0,0.0,0.0
0.0,13.169207854283936,10.0,10.0,10.0,10.0,10.0,10.0,10.0,10.0,10.0,10.0,10.0,10.0,10.0,10.0,10.845917197967015,10.0,10.0,10.0,10.211533554370174,10.211533554370174,10.211533554370174,10.845917197967015,10.0,10.0,10.0,10.211533554370174,21.14854271328397,0.0,0.0,0.0,0.0,0.0,0.0,0.0,0.0,0.0,0.0,0.0,0.0,0.0,0.0,0.0,0.0,0.0,0.0,0.0,0.0
8.0,17.084925000000002,9.084924999999973,9.084924999999973,9.084924999999973,9.084924999999973,9.084924999999973,9.084924999999973,9.084924999999973,9.084924999999973,9.084924999999973,8.0,8.0,8.957719869311385,0.0,0.0,0.0,0.0,0.0,0.0,0.0,0.0,0.0,0.0,0.0,0.0,0.0,8.95750213294549,8.957480338821016,8.957458540968924,9.084925000000142,9.084925000000142,9.084925000000142,8.0,8.95750213294549,8.957480338821016,8.0,0.0,0.0,0.0,0.0,0.0,0.0,0.0,0.0,0.0,0.0,0.0,23.0
0.0,0.0,0.0,0.0,0.0,0.0,0.0,0.0,0.0,0.0,0.0,0.0,8.9577416224741,8.0,16.957698112428055,16.95767635182348,16.957654587497014,16.95763281944803,16.957611047675886,16.957589272179945,16.957567492959573,16.957545710014134,16.957523923342983,16.95750213294549,8.957480338821016,0.0,0.0,0.0,0.0,0.0,0.0,0.0,0.0,0.0,0.0,0.0,0.0,8.0,23.0,20.262085325889817,8.96363907534754,8.96361833087208,8.96359758284853,8.963576831276283,8.963556076154736,8.0,8.963514555261298,8.0,0.0
0.0,0.0,8.0,8.0,8.0,8.0,8.0,8.0,8.0,8.0,8.0,10.867473178109574,0.0,0.0,0.0,0.0,0.0,0.0,0.0,0.0,0.0,0.0,0.0,0.0,8.0,16.957458540968926,17.46725898726469,8.0,8.0,8.0,8.0,8.0,8.0,9.467258987264687,8.0,8.0,8.957458540968924,9.084925000000142,19.17072312797542,8.0,8.0,8.0,8.0,8.0,8.0,8.963535317483275,8.0,8.9634937894882,0.0
40.76,0.0,0.0,0.0,0.0,0.0,0.0,0.0,0.0,0.0,0.0,0.0,0.0,0.0,0.0,0.0,0.0,0.0,0.0,0.0,0.0,0.0,0.0,0.0,0.0,0.0,0.0,0.0,0.0,0.0,0.0,0.0,0.0,0.0,0.0,0.0,0.0,0.0,0.0,0.0,0.0,0.0,0.0,0.0,0.0,0.0,0.0,0.0,0.0
0.0,0.0,0.0,0.0,0.0,0.0,0.0,0.0,0.0,0.0,0.0,0.0,0.0,0.0,0.0,0.0,0.0,0.0,0.0,0.0,0.0,0.0,0.0,0.0,0.0,0.0,0.0,0.0,0.0,0.0,0.0,0.0,0.0,0.0,0.0,0.0,0.0,0.0,0.0,0.0,0.0,0.0,0.0,0.0,0.0,0.0,0.0,0.0,0.0
0.0,0.0,0.0,0.0,0.0,0.0,0.0,0.0,0.0,0.0,0.0,0.0,0.0,0.0,0.0,0.0,0.0,0.0,0.0,0.0,0.0,0.0,0.0,0.0,0.0,0.0,0.0,0.0,0.0,0.0,0.0,0.0,0.0,0.0,0.0,0.0,0.0,0.0,0.0,0.0,0.0,0.0,0.0,0.0,0.0,0.0,0.0,0.0,0.0
10.96,13.325240157758426,13.325240157758405,13.325240157758405,13.325240157758405,13.325240157758405,13.325240157758405,13.325240157758405,13.325240157758405,13.325240157758405,13.325240157758405,13.325240157758405,13.325240157758405,13.325240157758405,13.325240157758405,13.325240157758405,13.325240157758405,0.0,0.0,0.0,0.0,0.0,0.0,0.0,0.0,0.0,0.0,0.0,0.0,0.0,0.0,0.0,0.0,0.0,0.0,0.0,0.0,0.0,0.0,0.0,0.0,0.0,0.0,0.0,0.0,0.0,0.0,0.0,0.0
0.0,0.0,0.0,0.0,0.0,0.0,0.0,0.0,0.0,0.0,0.0,0.0,0.0,0.0,0.0,0.0,0.0,0.0,0.0,0.0,0.0,0.0,0.0,0.0,0.0,0.0,0.0,0.0,0.0,0.0,0.0,0.0,0.0,0.0,0.0,0.0,0.0,0.0,0.0,0.0,0.0,0.0,0.0,0.0,0.0,0.0,0.0,0.0,0.0
0.0,0.0,0.0,0.0,0.0,0.0,0.0,0.0,0.0,0.0,0.0,0.0,0.0,0.0,0.0,0.0,0.0,0.0,0.0,0.0,0.0,0.0,0.0,0.0,0.0,0.0,0.0,0.0,0.0,0.0,0.0,0.0,0.0,0.0,0.0,0.0,0.0,0.0,0.0,0.0,0.0,0.0,0.0,0.0,0.0,0.0,0.0,0.0,0.0
0.0,0.0,0.0,0.0,0.0,0.0,0.0,0.0,0.0,0.0,0.0,0.0,0.0,0.0,0.0,0.0,0.0,0.0,0.0,0.0,0.0,0.0,0.0,0.0,0.0,0.0,0.0,0.0,0.0,0.0,0.0,0.0,0.0,0.0,0.0,0.0,0.0,0.0,0.0,0.0,0.0,0.0,0.0,0.0,0.0,0.0,0.0,0.0,0.0
0.0,0.0,0.0,0.0,0.0,0.0,0.0,0.0,0.0,0.0,0.0,0.0,0.0,0.0,0.0,0.0,0.0,0.0,0.0,0.0,0.0,0.0,0.0,0.0,0.0,0.0,0.0,0.0,0.0,0.0,0.0,0.0,0.0,0.0,0.0,0.0,0.0,0.0,0.0,0.0,0.0,0.0,0.0,0.0,0.0,0.0,0.0,0.0,0.0
10.8,15.151133967982389,15.151133967980304,15.151133967980304,15.151133967980304,15.151133967980304,0.0,0.0,0.0,0.0,0.0,0.0,0.0,0.0,0.0,0.0,0.0,0.0,0.0,0.0,0.0,0.0,0.0,0.0,0.0,0.0,0.0,15.151133967980304,15.151133967980304,15.151133967980304,15.151133967980304,15.151133967980304,15.151133967980304,15.151133967980304,15.151133967980304,15.151133967980304,15.151133967980304,0.0,0.0,0.0,0.0,0.0,0.0,0.0,0.0,0.0,0.0,0.0,0.0
0.0,0.0,0.0,0.0,0.0,0.0,0.0,0.0,0.0,0.0,0.0,0.0,0.0,0.0,0.0,0.0,0.0,0.0,0.0,0.0,0.0,0.0,0.0,0.0,0.0,0.0,0.0,0.0,0.0,0.0,0.0,0.0,0.0,0.0,0.0,0.0,0.0,0.0,0.0,0.0,0.0,0.0,0.0,0.0,0.0,0.0,0.0,0.0,0.0
0.0,0.0,0.0,0.0,0.0,0.0,15.151133967980304,15.151133967980304,15.151133967980304,15.151133967980304,15.151133967980304,15.151133967980304,15.151133967980304,15.151133967980304,15.151133967980304,15.151133967980304,15.151133967980304,15.151133967980304,15.151133967980304,15.151133967980304,0.0,0.0,0.0,0.0,0.0,0.0,0.0,0.0,0.0,0.0,0.0,0.0,0.0,0.0,0.0,0.0,0.0,0.0,0.0,0.0,0.0,0.0,0.0,0.0,0.0,0.0,0.0,0.0,15.151133967980304
0.0,0.0,0.0,0.0,0.0,0.0,0.0,0.0,0.0,0.0,0.0,0.0,0.0,0.0,0.0,0.0,0.0,0.0,0.0,0.0,0.0,0.0,0.0,0.0,0.0,0.0,0.0,0.0,0.0,0.0,0.0,0.0,0.0,0.0,0.0,0.0,0.0,15.151133967980304,15.151133967980304,15.151133967980304,15.151133967980304,15.151133967980304,15.151133967980304,15.151133967980304,15.151133967980304,15.151133967980304,15.151133967980304,0.0,0.0
22.4,0.0,0.0,0.0,0.0,0.0,0.0,0.0,0.0,0.0,0.0,0.0,0.0,0.0,0.0,0.0,0.0,0.0,0.0,0.0,0.0,0.0,0.0,0.0,0.0,0.0,0.0,0.0,0.0,0.0,0.0,0.0,0.0,0.0,0.0,0.0,0.0,0.0,0.0,0.0,0.0,0.0,0.0,0.0,0.0,0.0,0.0,0.0,0.0
0.0,0.0,0.0,0.0,0.0,0.0,0.0,0.0,0.0,0.0,0.0,0.0,0.0,0.0,0.0,0.0,0.0,0.0,0.0,0.0,0.0,0.0,0.0,0.0,0.0,0.0,0.0,0.0,0.0,0.0,0.0,0.0,0.0,0.0,0.0,0.0,0.0,0.0,0.0,0.0,0.0,0.0,0.0,0.0,0.0,0.0,0.0,0.0,0.0
18.68,0.0,0.0,0.0,0.0,0.0,0.0,0.0,0.0,0.0,0.0,0.0,0.0,0.0,0.0,0.0,0.0,0.0,0.0,0.0,0.0,0.0,0.0,0.0,0.0,0.0,0.0,0.0,0.0,0.0,0.0,0.0,0.0,0.0,0.0,0.0,0.0,0.0,0.0,0.0,0.0,0.0,0.0,0.0,0.0,0.0,0.0,0.0,0.0
0.0,0.0,0.0,0.0,0.0,0.0,0.0,0.0,0.0,0.0,0.0,0.0,0.0,0.0,0.0,0.0,0.0,0.0,0.0,0.0,0.0,0.0,0.0,0.0,0.0,0.0,0.0,0.0,0.0,0.0,0.0,0.0,0.0,0.0,0.0,0.0,0.0,0.0,0.0,0.0,0.0,0.0,0.0,0.0,0.0,0.0,0.0,0.0,0.0
0.0,0.0,0.0,0.0,0.0,0.0,0.0,0.0,0.0,0.0,0.0,0.0,0.0,0.0,0.0,0.0,0.0,0.0,0.0,0.0,0.0,0.0,0.0,0.0,0.0,0.0,0.0,0.0,0.0,0.0,0.0,0.0,0.0,0.0,0.0,0.0,0.0,0.0,0.0,0.0,0.0,0.0,0.0,0.0,0.0,0.0,0.0,0.0,0.0
14.0,40.25,0.0,0.0,0.0,0.0,0.0,0.0,0.0,0.0,0.0,0.0,0.0,0.0,0.0,0.0,0.0,0.0,0.0,0.0,0.0,0.0,0.0,0.0,0.0,0.0,0.0,0.0,0.0,0.0,0.0,0.0,0.0,0.0,0.0,0.0,0.0,0.0,0.0,0.0,0.0,0.0,0.0,0.0,0.0,0.0,0.0,0.0,0.0
0.0,0.0,0.0,0.0,0.0,0.0,0.0,0.0,0.0,0.0,0.0,0.0,0.0,0.0,0.0,0.0,0.0,0.0,0.0,0.0,0.0,0.0,0.0,0.0,0.0,0.0,0.0,0.0,0.0,0.0,0.0,0.0,0.0,0.0,0.0,0.0,0.0,0.0,0.0,0.0,0.0,0.0,0.0,0.0,0.0,0.0,0.0,0.0,0.0
0.0,0.0,0.0,0.0,0.0,0.0,0.0,0.0,0.0,0.0,0.0,0.0,0.0,0.0,0.0,0.0,0.0,0.0,0.0,0.0,0.0,0.0,0.0,0.0,0.0,0.0,0.0,0.0,0.0,0.0,0.0,0.0,0.0,0.0,0.0,0.0,0.0,0.0,0.0,0.0,0.0,0.0,0.0,0.0,0.0,0.0,0.0,0.0,0.0
0.0,0.0,0.0,0.0,0.0,0.0,0.0,0.0,0.0,0.0,0.0,0.0,0.0,0.0,0.0,0.0,0.0,0.0,0.0,0.0,0.0,0.0,0.0,0.0,0.0,0.0,0.0,0.0,0.0,0.0,0.0,0.0,0.0,0.0,0.0,0.0,0.0,0.0,0.0,0.0,0.0,0.0,0.0,0.0,0.0,0.0,0.0,0.0,0.0
44.0,0.0,0.0,0.0,0.0,0.0,0.0,0.0,0.0,0.0,0.0,0.0,0.0,0.0,0.0,0.0,0.0,0.0,0.0,0.0,0.0,0.0,0.0,0.0,0.0,0.0,0.0,0.0,0.0,0.0,0.0,0.0,0.0,0.0,0.0,0.0,0.0,0.0,0.0,0.0,0.0,0.0,0.0,0.0,0.0,0.0,0.0,0.0,0.0
0.0,0.0,0.0,0.0,0.0,0.0,0.0,0.0,0.0,0.0,0.0,0.0,0.0,0.0,0.0,0.0,0.0,0.0,0.0,0.0,0.0,0.0,0.0,0.0,0.0,0.0,0.0,0.0,0.0,0.0,0.0,0.0,0.0,0.0,0.0,0.0,0.0,72.9369464465525,92.9369464465525,72.9369464465525,52.9369464465525,46.05580245767259,46.02508421250745,45.994365967342326,45.96364772217719,45.93292947701206,45.90221123184693,0.0,0.0
0.0,0.0,0.0,0.0,0.0,0.0,0.0,0.0,0.0,0.0,0.0,0.0,0.0,0.0,0.0,0.0,0.0,0.0,0.0,0.0,0.0,0.0,44.0,44.0,44.0,44.0,44.0,44.0,44.0,44.0,44.0,44.0,44.0,44.0,44.0,52.991438263651276,72.99143826365128,0.0,0.0,0.0,0.0,0.0,0.0,0.0,0.0,0.0,0.0,0.0,0.0
19.8,0.0,0.0,0.0,0.0,0.0,0.0,0.0,0.0,0.0,0.0,0.0,0.0,0.0,0.0,0.0,0.0,0.0,0.0,0.0,0.0,0.0,0.0,0.0,0.0,0.0,0.0,0.0,0.0,0.0,0.0,0.0,0.0,0.0,0.0,0.0,0.0,0.0,0.0,0.0,0.0,0.0,0.0,0.0,0.0,0.0,0.0,0.0,0.0
0.0,0.0,0.0,0.0,0.0,0.0,0.0,0.0,0.0,0.0,0.0,0.0,0.0,0.0,0.0,0.0,0.0,0.0,0.0,0.0,0.0,0.0,0.0,0.0,0.0,0.0,0.0,0.0,0.0,0.0,0.0,0.0,0.0,0.0,0.0,0.0,0.0,0.0,0.0,0.0,0.0,0.0,0.0,0.0,0.0,0.0,0.0,0.0,0.0
0.0,0.0,0.0,0.0,0.0,0.0,0.0,0.0,0.0,0.0,0.0,0.0,0.0,0.0,0.0,0.0,0.0,0.0,0.0,0.0,0.0,0.0,0.0,0.0,0.0,0.0,0.0,0.0,0.0,0.0,0.0,0.0,0.0,0.0,0.0,0.0,0.0,0.0,0.0,0.0,0.0,0.0,0.0,0.0,0.0,0.0,0.0,0.0,0.0
0.0,0.0,0.0,0.0,0.0,0.0,0.0,0.0,0.0,0.0,0.0,0.0,0.0,0.0,0.0,0.0,0.0,0.0,0.0,0.0,0.0,0.0,0.0,0.0,34.9724458149793,34.98613719737854,34.99984078751344,34.97730567445761,34.958555282318635,34.97984390750294,35.00115151440155,35.022478119939244,35.04382374105592,35.06518839470654,35.08657209786123,35.10797486750519,35.12939672063883,41.89538087263037,56.92500000000001,56.92500000000001,56.92500000000001,56.92500000000001,42.058976503985804,36.925,36.925,36.925,36.925,36.925,36.925
53.2,0.0,0.0,0.0,0.0,0.0,0.0,0.0,0.0,0.0,0.0,0.0,0.0,0.0,0.0,0.0,0.0,0.0,0.0,0.0,0.0,0.0,0.0,0.0,0.0,0.0,0.0,0.0,0.0,0.0,0.0,0.0,0.0,0.0,0.0,0.0,0.0,0.0,0.0,0.0,0.0,0.0,0.0,0.0,0.0,0.0,0.0,0.0,0.0
0.0,0.0,0.0,0.0,0.0,0.0,0.0,0.0,0.0,0.0,0.0,0.0,0.0,0.0,0.0,0.0,0.0,0.0,0.0,0.0,0.0,0.0,0.0,0.0,0.0,0.0,0.0,0.0,0.0,0.0,0.0,0.0,0.0,0.0,0.0,0.0,0.0,0.0,0.0,0.0,0.0,0.0,0.0,0.0,0.0,0.0,0.0,0.0,0.0
0.0,0.0,0.0,0.0,0.0,0.0,0.0,0.0,0.0,0.0,0.0,0.0,0.0,0.0,0.0,0.0,0.0,0.0,0.0,0.0,0.0,0.0,0.0,0.0,0.0,0.0,0.0,0.0,0.0,0.0,0.0,0.0,0.0,0.0,0.0,0.0,0.0,0.0,0.0,0.0,0.0,0.0,0.0,0.0,0.0,0.0,0.0,0.0,0.0
16.72,0.0,0.0,0.0,0.0,0.0,0.0,0.0,0.0,0.0,0.0,0.0,0.0,0.0,0.0,0.0,0.0,0.0,0.0,0.0,0.0,0.0,0.0,0.0,0.0,0.0,0.0,0.0,0.0,0.0,0.0,0.0,0.0,0.0,0.0,0.0,0.0,0.0,0.0,0.0,0.0,0.0,0.0,0.0,0.0,0.0,0.0,0.0,0.0
16.76,0.0,0.0,0.0,0.0,0.0,0.0,0.0,0.0,0.0,0.0,0.0,0.0,0.0,0.0,0.0,0.0,0.0,0.0,0.0,0.0,0.0,0.0,0.0,0.0,0.0,0.0,0.0,0.0,0.0,0.0,0.0,0.0,0.0,0.0,0.0,0.0,0.0,0.0,0.0,0.0,0.0,0.0,0.0,0.0,0.0,0.0,0.0,0.0
60.0,75.9,26.4,26.4,26.4,26.4,26.4,26.4,26.4,26.4,26.4,26.4,26.4,26.4,26.4,26.4,26.4,26.4,26.4,26.4,26.4,26.4,26.4,26.4,26.4,26.4,26.4,26.4,26.4,26.4,26.4,26.4,26.4,26.4,26.4,72.45513542085183,26.4,26.4,75.9,26.4,26.4,26.4,26.4,72.40839901734205,26.4,26.4,26.4,26.4,75.9
0.0,75.9,26.4,26.4,26.4,26.4,47.949873239670104,26.4,26.4,26.4,26.4,26.4,26.4,26.4,26.4,26.4,26.4,26.4,26.4,26.4,26.4,26.4,26.4,26.4,26.4,26.4,26.4,26.4,26.4,26.4,26.4,26.4,26.4,72.46681952172924,26.4,26.4,26.4,26.4,26.4,26.4,75.9,72.42008311821951,72.41424106778078,26.4,72.40255696690332,75.9,26.4,26.4,75.9
0.0,75.9,75.9,75.9,72.63637966886336,72.63048134466015,75.9,75.9,72.61287078269726,72.60702873225853,72.6011866818198,72.59534463138107,72.5895025809424,72.58366053050366,72.57781848006493,72.5719764296262,72.56613437918747,72.5602923287488,72.55445027831007,72.54860822787134,72.54276617743261,72.53692412699388,72.53108207655521,72.52524002611642,72.51939797567775,72.51355592523902,72.50771387480029,72.50187182436156,72.49602977392283,75.9,75.9,75.9,75.9,75.9,75.9,75.9,75.9,75.9,75.9,75.9,75.9,75.9,75.9,75.9,75.9,75.9,75.9,72.38503081558719,75.9
0.0,75.9,72.64817631726976,72.6422779930665,75.9,75.9,51.074709780786826,72.61871283313599,75.9,75.9,75.9,75.9,75.9,75.9,75.9,75.9,75.9,75.9,75.9,75.9,75.9,75.9,75.9,75.9,75.9,75.9,75.9,75.9,75.9,75.9,72.48434567304542,75.9,75.9,26.4,75.9,26.4,75.9,75.9,26.4,75.9,72.42592516865818,26.4,26.4,26.4,26.4,72.39671491646459,75.9,75.9,49.279188765148454
0.0,49.55407464147295,75.9,75.9,75.9,75.9,75.9,75.9,75.9,75.9,75.9,75.9,75.9,75.9,75.9,75.9,75.9,75.9,75.9,75.9,75.9,75.9,75.9,75.9,75.9,75.9,75.9,75.9,75.9,75.9,75.9,75.9,75.9,75.9,75.9,75.9,75.9,72.44345131997437,72.43760926953564,72.43176721909697,26.4,75.9,75.9,75.9,75.9,26.4,72.39087286602592,75.9,75.9
0.0,0.0,75.9,75.9,75.9,75.9,75.9,75.9,75.9,75.9,75.9,75.9,75.9,75.9,75.9,75.9,75.9,75.9,75.9,75.9,75.9,75.9,75.9,75.9,75.9,75.9,75.9,75.9,75.9,72.49018772348415,75.9,72.4785036226067,72.47266157216797,75.9,72.46097747129056,75.9,72.4492933704131,75.9,75.9,75.9,75.9,75.9,75.9,75.9,75.9,75.9,75.9,75.9,0.0
14.0,34.0,39.623203057920676,39.62260857859419,40.25,39.62141961994118,40.25,39.620230661288176,39.61963618196165,39.61904170263517,39.61844722330865,39.61785274398217,39.617258264655646,39.616663785329166,39.61606930600264,39.61547482667616,39.61488034734964,40.25,40.25,39.61309690937016,39.612502430043634,39.61190795071715,39.61131347139063,39.61071899206415,39.61012451273763,39.60953003341114,39.60893555408462,39.60834107475814,39.607746595431614,39.607152116105134,39.60655763677861,39.60596315745213,39.60536867812561,39.60477419879913,39.604179719472604,39.603585240146124,39.6029907608196,39.60239628149312,39.6018018021666,39.60120732284012,39.600612843513595,39.600018364187115,39.59942388486059,40.25,40.25,40.25,40.25,39.5964514882281,39.59585700890159
0.0,40.25,40.25,40.25,40.25,40.25,40.25,40.25,40.25,40.25,40.25,40.25,40.25,40.25,40.25,40.25,40.25,40.25,40.25,40.25,40.25,40.25,40.25,40.25,40.25,40.25,40.25,40.25,40.25,40.25,40.25,40.25,40.25,40.25,40.25,40.25,40.25,40.25,40.25,40.25,40.25,40.25,40.25,40.25,40.25,39.5976404468811,40.25,40.25,40.25
0.0,40.25,40.25,40.25,39.622014099267666,40.25,39.620825140614656,40.25,40.25,40.25,40.25,40.25,40.25,40.25,40.25,40.25,40.25,39.61428586802316,39.61369138869664,40.25,40.25,40.25,40.25,40.25,40.25,40.25,40.25,40.25,40.25,40.25,40.25,40.25,40.25,40.25,40.25,40.25,40.25,40.25,40.25,40.25,40.25,40.25,40.25,39.598829405534104,39.59823492620758,40.25,39.59704596755458,40.25,40.25
5.88,16.905000000000005,16.905000000000005,16.905000000000005,16.905000000000005,0.0,0.0,0.0,0.0,0.0,0.0,0.0,0.0,0.0,0.0,0.0,0.0,0.0,0.0,0.0,0.0,0.0,0.0,0.0,0.0,0.0,0.0,0.0,0.0,0.0,0.0,0.0,0.0,0.0,0.0,0.0,0.0,0.0,0.0,0.0,0.0,0.0,0.0,0.0,0.0,0.0,0.0,0.0,0.0
0.0,0.0,0.0,0.0,0.0,0.0,0.0,0.0,0.0,0.0,0.0,0.0,0.0,0.0,0.0,0.0,0.0,0.0,0.0,0.0,0.0,0.0,0.0,0.0,0.0,0.0,0.0,0.0,0.0,0.0,0.0,0.0,0.0,0.0,0.0,0.0,0.0,0.0,0.0,0.0,0.0,0.0,0.0,0.0,0.0,0.0,0.0,0.0,0.0
0.0,0.0,0.0,0.0,0.0,0.0,0.0,0.0,0.0,0.0,0.0,0.0,0.0,0.0,0.0,0.0,0.0,0.0,0.0,0.0,0.0,0.0,0.0,0.0,0.0,0.0,0.0,0.0,0.0,0.0,0.0,0.0,0.0,0.0,0.0,0.0,0.0,0.0,0.0,0.0,0.0,0.0,0.0,0.0,0.0,0.0,0.0,0.0,0.0
120.0,143.75,0.0,0.0,0.0,0.0,0.0,0.0,0.0,0.0,0.0,0.0,0.0,0.0,0.0,0.0,0.0,0.0,0.0,0.0,0.0,0.0,0.0,143.75,143.75,143.75,143.75,143.75,143.75,143.75,143.75,143.75,143.75,143.75,143.75,143.75,143.75,0.0,0.0,0.0,0.0,0.0,0.0,0.0,0.0,0.0,0.0,0.0,0.0
120.0,130.0,63.75,63.75,63.75,63.75,63.75,63.75,63.75,50.0,63.75,50.0,50.0,50.0,50.0,50.0,63.75,50.0,50.0,50.0,63.75,63.75,63.75,130.0,130.0,130.0,130.0,130.0,130.0,130.0,130.0,130.0,130.0,130.0,130.0,130.0,130.0,0.0,0.0,0.0,0.0,0.0,0.0,0.0,0.0,0.0,0.0,0.0,0.0
0.0,130.0,50.0,63.75,50.0,50.0,50.0,63.75,50.0,50.0,50.0,0.0,0.0,0.0,0.0,0.0,0.0,0.0,0.0,0.0,0.0,63.75,63.75,130.0,130.0,130.0,130.0,130.0,130.0,130.0,130.0,130.0,130.0,130.0,130.0,130.0,130.0,0.0,0.0,0.0,0.0,0.0,0.0,0.0,0.0,0.0,0.0,0.0,0.0
14.0,0.0,0.0,0.0,0.0,0.0,0.0,0.0,0.0,0.0,0.0,0.0,0.0,0.0,0.0,0.0,0.0,0.0,0.0,0.0,0.0,0.0,0.0,0.0,0.0,0.0,0.0,0.0,0.0,0.0,0.0,0.0,0.0,0.0,0.0,0.0,0.0,0.0,0.0,0.0,0.0,0.0,0.0,0.0,0.0,0.0,0.0,0.0,0.0
0.0,0.0,0.0,0.0,0.0,0.0,0.0,0.0,0.0,0.0,0.0,0.0,0.0,0.0,0.0,0.0,0.0,0.0,0.0,0.0,0.0,0.0,0.0,0.0,0.0,0.0,0.0,0.0,0.0,0.0,0.0,0.0,0.0,0.0,0.0,0.0,0.0,0.0,0.0,0.0,0.0,0.0,0.0,0.0,0.0,0.0,0.0,0.0,0.0
0.0,0.0,0.0,0.0,0.0,0.0,0.0,0.0,0.0,0.0,0.0,0.0,0.0,0.0,0.0,0.0,0.0,0.0,0.0,0.0,0.0,0.0,0.0,0.0,0.0,0.0,0.0,0.0,0.0,0.0,0.0,0.0,0.0,0.0,0.0,0.0,0.0,0.0,0.0,0.0,0.0,0.0,0.0,0.0,0.0,0.0,0.0,0.0,0.0
0.0,0.0,0.0,0.0,0.0,0.0,0.0,0.0,0.0,0.0,0.0,0.0,0.0,0.0,0.0,0.0,0.0,0.0,0.0,0.0,0.0,0.0,0.0,0.0,0.0,0.0,0.0,0.0,0.0,0.0,0.0,0.0,0.0,0.0,0.0,0.0,0.0,0.0,0.0,0.0,0.0,0.0,0.0,0.0,0.0,0.0,0.0,0.0,0.0
6.0,10.920745000000112,10.920745000000023,10.920745000000023,10.920745000000023,10.920745000000023,10.920745000000023,10.920745000000023,10.920745000000023,10.92074500000039,10.92074500000039,10.92074500000039,10.92074500000039,10.92074500000039,10.92074500000039,10.92074500000039,10.92074500000039,10.92074500000039,10.92074500000039,10.92074500000039,10.92074500000039,10.92074500000039,10.92074500000039,10.92074500000039,10.92074500000039,10.92074500000039,10.92074500000039,10.92074500000039,10.92074500000039,10.92074500000039,10.92074500000039,10.92074500000039,10.92074500000039,10.92074500000039,10.92074500000039,10.92074500000039,10.92074500000039,10.92074500000039,10.92074500000039,10.92074500000039,10.92074500000039,10.92074500000039,10.92074500000039,10.92074500000039,10.92074500000039,10.92074500000039,10.92074500000039,10.92074500000039,10.92074500000039
0.0,0.0,0.0,0.0,0.0,0.0,0.0,0.0,0.0,0.0,0.0,0.0,0.0,0.0,0.0,0.0,0.0,0.0,0.0,0.0,0.0,0.0,0.0,0.0,0.0,0.0,0.0,0.0,0.0,0.0,0.0,0.0,0.0,0.0,0.0,0.0,0.0,0.0,0.0,0.0,0.0,0.0,0.0,0.0,0.0,0.0,0.0,0.0,0.0
0.0,0.0,0.0,0.0,0.0,0.0,0.0,0.0,0.0,0.0,0.0,0.0,0.0,0.0,0.0,0.0,0.0,0.0,0.0,0.0,0.0,0.0,0.0,0.0,0.0,0.0,0.0,0.0,0.0,0.0,0.0,0.0,0.0,0.0,0.0,0.0,0.0,0.0,0.0,0.0,0.0,0.0,0.0,0.0,0.0,0.0,0.0,0.0,0.0
0.0,0.0,0.0,0.0,0.0,0.0,0.0,0.0,0.0,0.0,0.0,0.0,0.0,0.0,0.0,0.0,0.0,0.0,0.0,0.0,0.0,0.0,0.0,0.0,0.0,0.0,0.0,0.0,0.0,0.0,0.0,0.0,0.0,0.0,0.0,0.0,0.0,0.0,0.0,0.0,0.0,0.0,0.0,0.0,0.0,0.0,0.0,0.0,0.0
15.72,35.720000000000034,21.503150401762966,41.503150401762966,21.503150401762966,41.503150401762966,0.0,0.0,0.0,0.0,0.0,0.0,0.0,0.0,0.0,0.0,0.0,0.0,0.0,27.92890755879045,38.378907558790445,38.378907558790445,27.92890755879045,27.92890755879045,38.378907558790445,38.378907558790445,38.378907558790445,22.658907558790446,35.72,15.72,15.72,15.719999999998052,15.719999999998038,26.082183883803957,15.72,15.72,22.658907558790446,42.658907558790446,45.19500000000001,45.19500000000001,25.195000000000007,15.72,35.72,0.0,0.0,0.0,0.0,0.0,0.0
0.0,45.19500000000001,25.195000000000007,45.19500000000001,25.195000000000007,15.72,15.72,15.72,15.72,35.72,45.19500000000001,0.0,0.0,0.0,0.0,0.0,0.0,0.0,0.0,0.0,0.0,0.0,0.0,0.0,0.0,0.0,0.0,15.72,16.532183883803953,15.72,15.72,15.72,15.72,15.72,15.72,15.72,15.72,35.72,45.19500000000001,41.53061260500341,21.530612605003412,15.72,35.72,0.0,0.0,0.0,0.0,0.0,0.0
0.0,41.55780431693795,25.310000000000002,35.76,25.310000000000002,26.985304442436913,25.310000000000002,25.310000000000002,25.310000000000002,29.903595834426596,35.76,35.76,35.76,25.310000000000002,25.310000000000002,15.76,35.76,25.310000000000002,35.76,35.76,25.310000000000002,25.310000000000002,35.76,35.76,25.310000000000002,25.310000000000002,25.310000000000002,25.310000000000002,25.310000000000002,25.310000000000002,25.310000000000002,32.248907558792396,32.24890755879241,35.76,25.310000000000002,25.310000000000002,25.310000000000002,35.76,32.108441311629434,35.76,25.310000000000002,25.310000000000002,31.860724602884417,25.310000000000002,25.310000000000002,25.310000000000002,25.310000000000002,35.76,35.76
16.0,36.0,36.0,36.0,36.0,36.0,26.0,36.0,36.0,36.0,27.77412100592693,36.0,36.0,36.0,26.0,26.0,36.0,32.41169325190251,26.0,36.0,26.0,26.0,28.434658911659483,36.0,26.0,26.0,26.0,26.0,26.0,26.0,46.0,46.0,46.0,36.0,36.0,36.0,26.0,36.0,26.0,26.0,26.0,26.0,26.0,36.0,26.0,27.55587857803455,36.0,30.844190642890638,26.0
0.0,0.0,0.0,0.0,0.0,0.0,0.0,0.0,0.0,0.0,0.0,0.0,19.977374981743196,19.97737498170295,29.97737498170295,29.97737498170295,19.97737498170295,23.56568172980044,29.97737498170295,19.97737498170295,29.97737498170295,29.97737498170295,27.54271607004347,19.97737498170295,29.97737498170295,29.97737498170295,29.97737498170295,29.97737498170295,29.97737498170295,29.97737498170295,0.0,0.0,0.0,0.0,0.0,0.0,0.0,0.0,0.0,0.0,0.0,0.0,0.0,0.0,0.0,0.0,0.0,25.133184338812313,29.97737498170295
0.0,19.97737498170295,19.977374981743196,19.977374981743196,19.977374981743196,19.977374981743196,29.977374981743196,19.977374981743196,19.977374981743196,19.977374981743196,28.203253975816267,19.977374981743196,0.0,0.0,0.0,0.0,0.0,0.0,0.0,0.0,0.0,0.0,0.0,0.0,0.0,0.0,0.0,0.0,0.0,0.0,0.0,0.0,0.0,19.97737498170295,19.97737498170295,19.97737498170295,29.97737498170295,19.97737498170295,29.97737498170295,29.97737498170295,29.97737498170295,29.97737498170295,29.97737498170295,19.97737498170295,29.97737498170295,28.4214964036684,19.97737498170295,0.0,0.0
25.4,70.40000000000006,0.0,0.0,0.0,0.0,0.0,0.0,0.0,0.0,0.0,0.0,0.0,0.0,0.0,0.0,0.0,0.0,0.0,0.0,0.0,0.0,0.0,63.71671334694536,73.025,73.025,73.025,73.025,73.025,73.025,73.025,73.025,73.025,73.025,73.025,73.025,73.025,61.07272699032199,61.07137082199175,61.07001465366151,73.025,61.06730231700103,61.06594614867078,61.06458998034054,61.0632338120103,73.025,61.060521475349816,0.0,0.0
0.0,0.0,0.0,0.0,0.0,0.0,0.0,0.0,0.0,0.0,0.0,0.0,0.0,0.0,0.0,0.0,0.0,0.0,0.0,0.0,0.0,25.4,25.4,70.4,61.09035717861512,61.08900101028488,61.08764484195464,61.0862886736244,61.084932505294155,61.083576336963915,61.082220168633675,61.080864000303436,61.079507831973196,61.078151663642956,61.076795495312716,61.07543932698247,61.07408315865223,73.025,73.025,73.025,61.06865848533127,73.025,73.025,73.025,73.025,61.06187764368006,73.025,0.0,0.0
19.12,19.12,0.0,0.0,0.0,0.0,0.0,0.0,0.0,0.0,0.0,0.0,0.0,0.0,0.0,0.0,0.0,0.0,0.0,0.0,0.0,0.0,0.0,0.0,0.0,0.0,0.0,0.0,0.0,0.0,0.0,0.0,0.0,0.0,0.0,0.0,0.0,0.0,0.0,0.0,0.0,0.0,0.0,0.0,0.0,0.0,0.0,0.0,0.0
0.0,25.89,19.44,19.44,19.44,19.44,19.44,19.44,19.44,19.44,19.44,19.44,19.44,19.44,19.44,19.44,19.44,0.0,0.0,0.0,0.0,0.0,0.0,0.0,0.0,0.0,0.0,0.0,0.0,0.0,0.0,0.0,0.0,0.0,0.0,0.0,0.0,0.0,0.0,0.0,0.0,0.0,0.0,0.0,0.0,0.0,0.0,0.0,0.0
350.0,0.0,0.0,0.0,0.0,0.0,0.0,0.0,0.0,0.0,0.0,0.0,0.0,0.0,0.0,0.0,0.0,0.0,0.0,0.0,0.0,0.0,0.0,0.0,0.0,0.0,0.0,0.0,0.0,0.0,0.0,0.0,0.0,0.0,0.0,0.0,0.0,0.0,0.0,0.0,0.0,0.0,0.0,0.0,0.0,0.0,0.0,0.0,0.0
350.0,0.0,0.0,0.0,0.0,0.0,0.0,0.0,0.0,0.0,0.0,0.0,0.0,0.0,0.0,0.0,0.0,0.0,0.0,0.0,0.0,0.0,0.0,0.0,0.0,0.0,0.0,0.0,0.0,0.0,0.0,0.0,0.0,0.0,0.0,0.0,0.0,0.0,0.0,0.0,0.0,0.0,0.0,0.0,0.0,0.0,0.0,0.0,0.0
350.0,0.0,0.0,0.0,0.0,0.0,0.0,0.0,0.0,0.0,0.0,0.0,0.0,0.0,0.0,0.0,0.0,0.0,0.0,0.0,0.0,0.0,0.0,0.0,0.0,0.0,0.0,0.0,0.0,0.0,0.0,0.0,0.0,0.0,0.0,0.0,0.0,0.0,0.0,0.0,0.0,0.0,0.0,0.0,0.0,0.0,0.0,0.0,0.0
350.0,0.0,0.0,0.0,0.0,0.0,0.0,0.0,0.0,0.0,0.0,0.0,0.0,0.0,0.0,0.0,0.0,0.0,0.0,0.0,0.0,0.0,0.0,0.0,0.0,0.0,0.0,0.0,0.0,0.0,0.0,0.0,0.0,0.0,0.0,0.0,0.0,0.0,0.0,0.0,0.0,0.0,0.0,0.0,0.0,0.0,0.0,0.0,0.0
350.0,0.0,0.0,0.0,0.0,0.0,0.0,0.0,0.0,0.0,0.0,226.85335586927664,226.85335586927664,226.85335586927664,226.85335586927664,226.85335586927664,226.85335586927664,226.85335586927664,226.85335586927664,226.85335586927664,226.85335586927664,226.85335586927664,226.85335586927664,226.85335586927664,226.85335586927664,226.85335586927664,226.85335586927664,226.85335586927664,226.85335586927664,226.85335586927664,226.85335586927664,226.85335586927664,226.85335586927664,226.85335586927664,226.85335586927664,226.85335586927664,226.85335586927664,226.85335586927664,226.85335586927664,226.85335586927664,226.85335586927664,226.85335586927664,226.85335586927664,226.85335586927664,226.85335586927664,226.85335586927664,226.85335586927664,226.85335586927664,226.85335586927664
150.0,108.00536056315438,108.00536056315438,108.00536056315438,108.00536056315438,108.00536056315438,108.00536056315438,108.00536056315438,108.00536056315438,108.00536056315438,108.00536056315438,108.00536056315438,108.00536056315438,108.00536056315438,108.00536056315438,108.00536056315438,58.00536056315438,58.00536056315438,58.00536056315438,58.00536056315438,58.00536056315438,58.00536056315438,58.00536056315438,0.0,0.0,0.0,0.0,0.0,0.0,0.0,0.0,0.0,0.0,0.0,0.0,58.00536056315438,58.00536056315438,58.00536056315438,58.00536056315438,58.00536056315438,58.00536056315438,50.0,50.0,58.00536056315438,50.0,50.0,50.0,50.0,50.0
150.0,0.0,0.0,0.0,0.0,0.0,0.0,0.0,0.0,0.0,0.0,0.0,0.0,0.0,0.0,0.0,50.0,50.0,50.0,50.0,50.0,50.0,50.0,108.00536056315438,108.00536056315438,58.00536056315438,0.0,0.0,0.0,0.0,0.0,0.0,0.0,0.0,0.0,0.0,0.0,50.0,50.0,50.0,50.0,58.00536056315438,58.00536056315438,50.0,58.00536056315438,58.00536056315438,58.00536056315438,58.00536056315438,58.00536056315438
150.0,0.0,0.0,0.0,0.0,0.0,0.0,0.0,0.0,0.0,0.0,0.0,0.0,0.0,0.0,0.0,0.0,0.0,0.0,0.0,0.0,0.0,0.0,0.0,0.0,0.0,58.00536056315438,58.00536056315438,58.00536056315438,58.00536056315438,58.00536056315438,58.00536056315438,58.00536056315438,58.00536056315438,58.00536056315438,50.0,50.0,0.0,0.0,0.0,0.0,0.0,0.0,0.0,0.0,0.0,0.0,0.0,0.0
150.0,0.0,0.0,0.0,0.0,0.0,0.0,0.0,0.0,0.0,0.0,0.0,0.0,0.0,0.0,0.0,0.0,0.0,0.0,0.0,0.0,0.0,0.0,0.0,0.0,50.0,50.0,50.0,50.0,50.0,50.0,50.0,50.0,50.0,50.0,0.0,0.0,0.0,0.0,0.0,0.0,0.0,0.0,0.0,0.0,0.0,0.0,0.0,0.0
70.0,86.25,86.25,30.0,86.25,86.25,86.25,86.25,86.25,86.25,86.25,86.25,86.25,30.0,86.25,86.25,86.25,30.0,30.0,30.0,30.0,30.0,86.25,30.0,30.0,86.25,30.0,86.25,86.25,86.25,30.0,41.71248910919489,30.0,86.25,86.25,30.0,86.25,86.25,86.25,86.25,86.25,86.25,86.25,86.25,86.25,86.25,86.25,86.25,86.25
70.0,86.25,30.0,30.0,86.25,30.0,86.25,86.25,86.25,86.25,86.25,86.25,71.52978547855207,86.25,86.25,86.25,30.0,30.0,30.0,30.0,86.25,30.0,30.0,86.25,86.25,86.25,86.25,86.25,30.0,86.25,86.25,30.0,30.0,86.25,30.0,86.25,30.0,86.25,86.25,30.0,86.25,86.25,86.25,30.0,86.25,86.25,86.25,30.0,86.25
70.0,30.0,30.0,30.0,86.25,74.06994136896911,30.0,86.25,86.25,86.25,86.25,30.0,86.25,86.25,86.25,86.25,86.25,30.0,30.0,30.0,86.25,30.0,30.0,30.0,86.25,86.25,86.25,38.53186321956582,86.25,86.25,86.25,30.0,30.0,30.0,86.25,30.0,86.25,65.64365534431147,30.0,30.0,86.25,46.03186321956582,30.0,86.25,86.25,30.0,86.25,30.0,30.0
70.0,86.25,30.0,30.0,86.25,86.25,30.0,86.25,86.25,30.0,86.25,30.0,30.0,30.0,86.25,55.18436030687376,86.25,30.0,30.0,30.0,86.25,30.0,30.0,86.25,86.25,86.25,30.0,86.25,30.0,38.53186321956582,86.25,30.0,86.25,86.25,86.25,86.25,86.25,86.25,46.03186321956582,86.25,86.25,86.25,86.25,55.732091692096304,86.25,86.25,86.25,30.0,86.25
70.0,30.0,30.0,86.25,86.25,86.25,86.25,30.0,86.25,30.0,30.0,30.0,86.25,86.25,30.0,86.25,30.0,30.0,86.25,86.25,30.0,65.03445438900643,86.25,86.25,53.26377114171987,30.0,30.0,30.0,30.0,30.0,30.0,30.0,86.25,30.0,86.25,86.25,30.0,30.0,30.0,30.0,30.0,30.0,86.25,46.54977152746952,30.0,30.0,45.261924082227566,72.28186321956582,30.0
70.0,30.0,30.0,30.0,30.0,86.25,30.0,30.0,30.0,30.0,30.0,30.0,30.0,0.0,0.0,0.0,0.0,0.0,0.0,0.0,0.0,0.0,0.0,86.25,30.0,30.0,30.0,86.25,30.0,30.0,30.0,86.25,30.0,86.25,54.71990279036575,30.0,46.17382356460175,86.25,30.0,86.25,30.0,30.0,86.25,86.25,86.25,30.0,30.0,30.0,46.03186321956582
70.0,30.0,30.0,86.25,30.0,86.25,86.25,86.25,55.529432389214136,30.0,86.25,30.0,86.25,72.28186321956582,30.0,86.25,86.25,86.25,86.25,86.25,41.33388714875999,86.25,86.25,51.68401486356788,30.0,30.0,30.0,30.0,30.0,30.0,30.0,30.0,86.25,30.0,86.25,30.0,56.108039654964074,30.0,30.0,30.0,30.0,30.0,86.25,30.0,30.0,30.0,30.0,30.0,30.0
70.0,30.0,30.0,30.0,30.0,30.0,30.0,30.0,30.0,30.0,30.0,30.0,30.0,30.0,86.25,30.0,86.25,30.0,86.25,30.0,86.25,30.0,30.0,50.59784835599794,30.0,30.0,30.0,86.25,30.0,86.25,30.0,30.0,86.25,30.0,30.0,86.25,30.0,86.25,86.25,86.25,86.25,30.0,30.0,86.25,30.0,30.0,30.0,30.0,86.25
70.0,30.0,30.0,30.0,30.0,30.0,30.0,30.0,30.0,30.0,30.0,86.25,30.0,30.0,30.0,30.0,30.0,30.0,86.25,30.0,30.0,30.0,30.0,30.0,30.0,30.0,30.0,86.25,30.0,86.25,30.0,30.0,30.0,86.25,30.0,30.0,86.25,30.0,30.0,86.25,86.25,30.0,0.0,0.0,0.0,0.0,0.0,0.0,0.0
70.0,86.25,30.0,30.0,30.0,30.0,30.0,30.0,30.0,30.0,30.0,86.25,30.0,30.0,30.0,30.0,30.0,51.522742851293714,86.25,86.25,86.25,86.25,30.0,30.0,30.0,30.0,30.0,86.25,30.0,86.25,30.0,30.0,30.0,86.25,30.0,30.0,30.0,30.0,86.25,86.25,86.25,86.25,30.0,86.25,30.0,86.25,30.0,30.0,86.25
70.0,86.25,30.0,86.25,30.0,30.0,30.0,30.0,30.0,30.0,30.0,86.25,30.0,30.0,30.0,30.0,30.0,86.25,86.25,86.25,86.25,86.25,30.0,86.25,30.0,86.25,30.0,86.25,30.0,86.25,30.0,30.0,30.0,30.0,30.0,30.0,30.0,30.0,86.25,86.25,30.0,86.25,30.0,86.25,30.0,86.25,30.0,86.25,86.25
70.0,86.25,86.25,86.25,30.0,30.0,30.0,30.0,30.0,30.0,30.0,86.25,30.0,30.0,30.0,30.0,30.0,86.25,86.25,86.25,86.25,30.0,30.0,86.25,30.0,31.583689753526357,86.25,86.25,30.0,30.0,30.0,30.0,30.0,30.0,30.0,30.0,30.0,86.25,86.25,86.25,86.25,86.25,46.03186321956582,30.0,86.25,86.25,30.0,86.25,0.0
70.0,86.25,86.25,86.25,30.0,30.0,30.0,30.0,30.0,30.0,30.0,86.25,30.0,30.0,30.0,30.0,30.0,86.25,86.25,86.25,30.0,86.25,30.0,30.0,30.0,30.0,86.25,86.25,86.25,86.25,68.53186321956582,30.0,86.25,30.0,86.25,86.25,86.25,86.25,86.25,46.03186321956582,86.25,86.25,30.0,30.0,86.25,30.0,30.0,86.25,86.25
70.0,76.03186321962994,86.25,86.25,86.25,30.0,30.0,75.53713966165594,86.25,30.0,86.25,86.25,86.25,86.25,30.0,86.25,86.25,86.25,86.25,86.25,86.25,30.0,86.25,86.25,30.0,30.0,86.25,86.25,86.25,30.0,30.0,86.25,30.0,86.25,86.25,86.25,30.0,86.25,86.25,86.25,86.25,86.25,86.25,30.0,86.25,42.28186321956582,86.25,86.25,86.25
70.0,86.25,86.25,86.25,30.0,30.0,86.25,86.25,73.00243083042035,30.0,42.281863219605384,86.25,86.25,30.0,30.0,30.0,30.0,30.0,30.0,86.25,86.25,86.25,86.25,30.0,30.0,86.25,86.25,86.25,86.25,30.0,86.25,86.25,86.25,0.0,0.0,0.0,0.0,0.0,0.0,0.0,0.0,0.0,0.0,30.0,86.25,86.25,86.25,86.25,86.25
70.0,86.25,86.25,86.25,86.25,86.25,30.0,86.25,86.25,34.73179128596332,86.25,86.25,86.25,86.25,86.25,86.25,86.25,86.25,30.0,86.25,86.25,30.0,86.25,86.25,30.0,86.25,86.25,86.25,30.0,86.25,86.25,30.0,50.572605893654455,86.25,86.25,86.25,30.0,86.25,86.25,30.0,86.25,86.25,86.25,86.25,86.25,86.25,83.26993913733826,86.25,86.25
70.0,86.25,86.25,86.25,30.0,86.25,86.25,86.25,30.0,86.25,86.25,42.281863219605384,30.0,86.25,86.25,30.0,86.25,86.25,30.0,86.25,86.25,86.25,86.25,86.25,86.25,86.25,86.25,86.25,86.25,30.0,86.25,86.25,30.0,72.28186321956582,86.25,30.0,86.25,30.0,86.25,86.25,86.25,86.25,86.25,86.25,86.25,86.25,86.25,86.25,86.25
70.0,86.25,86.25,86.25,86.25,86.25,86.25,86.25,86.25,86.25,86.25,86.25,86.25,86.25,86.25,86.25,86.25,86.25,86.25,86.25,86.25,86.25,86.25,30.0,86.25,86.25,86.25,86.25,86.25,30.0,86.25,86.25,86.25,86.25,86.25,86.25,86.25,86.25,86.25,86.25,86.25,86.25,86.25,86.25,30.0,86.25,86.25,86.25,86.25
70.0,86.25,86.25,86.25,42.28186321963449,30.0,30.0,30.0,30.0,86.25,30.0,30.0,57.002077741053306,30.0,30.0,47.097502912692065,86.25,86.25,46.03186321956582,39.113142009044864,30.0,86.25,86.25,30.0,86.25,30.0,84.47989429920517,30.0,30.0,30.0,30.0,30.0,86.25,30.0,47.56196042920007,86.25,86.25,30.0,30.0,30.0,30.0,30.0,30.0,30.0,30.0,86.25,30.0,30.0,30.0
70.0,86.25,86.25,86.25,86.25,86.25,86.25,86.25,86.25,86.25,86.25,30.0,86.25,86.25,86.25,86.25,86.25,86.25,86.25,86.25,86.25,86.25,86.25,86.25,86.25,86.25,86.25,86.25,86.25,86.25,86.25,86.25,86.25,86.25,86.25,86.25,86.25,30.0,86.25,86.25,86.25,86.25,86.25,86.25,86.25,86.25,86.25,86.25,86.25
70.0,86.25,86.25,86.25,86.25,86.25,86.25,86.25,86.25,86.25,86.25,86.25,86.25,86.25,86.25,86.25,86.25,86.25,86.25,86.25,86.25,30.0,86.25,86.25,86.25,86.25,86.25,86.25,86.25,86.25,86.25,86.25,86.25,86.25,86.25,86.25,86.25,86.25,86.25,86.25,86.25,86.25,86.25,86.25,30.0,86.25,86.25,86.25,30.0
70.0,86.25,86.25,86.25,86.25,86.25,86.25,86.25,86.25,86.25,86.25,86.25,86.25,86.25,86.25,86.25,86.25,86.25,86.25,86.25,86.25,86.25,86.25,86.25,86.25,86.25,86.25,86.25,86.25,86.25,86.25,86.25,86.25,86.25,86.25,86.25,86.25,86.25,86.25,86.25,86.25,86.25,86.25,86.25,86.25,86.25,86.25,86.25,86.25
70.0,86.25,86.25,86.25,30.0,54.46192185066538,86.25,30.0,30.0,37.550071933642066,30.0,86.25,30.0,30.0,30.0,30.0,30.0,86.25,30.0,30.0,86.25,86.25,30.0,30.0,86.25,30.0,30.0,30.0,30.0,30.0,30.0,56.81937411037093,47.959257325911366,30.0,86.25,30.0,86.25,30.0,30.0,30.0,30.0,30.0,30.0,30.0,30.0,30.0,30.0,30.0,30.0
70.0,86.25,86.25,86.25,86.25,86.25,86.25,86.25,86.25,86.25,86.25,86.25,86.25,86.25,0.0,0.0,0.0,0.0,0.0,0.0,0.0,0.0,0.0,0.0,86.25,86.25,86.25,86.25,86.25,86.25,86.25,86.25,86.25,86.25,86.25,86.25,86.25,86.25,86.25,86.25,86.25,86.25,86.25,86.25,86.25,86.25,86.25,86.25,86.25
70.0,30.0,30.0,30.0,30.0,30.0,86.25,30.0,30.0,86.25,30.0,30.0,30.0,30.0,30.0,30.0,86.25,30.0,86.25,30.0,86.25,86.25,86.25,30.0,30.0,30.0,86.25,30.0,85.90181197228134,30.0,30.0,86.25,30.0,30.0,30.0,30.0,86.25,30.0,30.0,30.0,30.0,30.0,30.0,30.0,30.0,30.0,30.0,30.0,30.0
70.0,86.25,86.25,0.0,0.0,0.0,0.0,0.0,0.0,0.0,0.0,0.0,0.0,0.0,86.25,86.25,86.25,86.25,86.25,86.25,86.25,86.25,86.25,86.25,86.25,86.25,86.25,30.0,86.25,86.25,86.25,86.25,86.25,86.25,86.25,86.25,86.25,86.25,86.25,86.25,86.25,86.25,86.25,86.25,86.25,86.25,86.25,86.25,86.25
70.0,86.25,86.25,86.25,86.25,86.25,86.25,86.25,86.25,86.25,86.25,86.25,86.25,86.25,86.25,86.25,86.25,86.25,86.25,86.25,86.25,86.25,86.25,86.25,86.25,86.25,86.25,30.0,86.25,86.25,86.25,86.25,86.25,86.25,86.25,86.25,86.25,86.25,86.25,86.25,86.25,86.25,86.25,86.25,86.25,86.25,86.25,86.25,86.25
70.0,30.0,70.26644863024964,30.0,86.25,30.0,86.25,52.994723557978546,30.0,30.0,30.0,30.0,30.0,30.0,30.0,30.0,30.0,86.25,86.25,86.25,86.25,86.25,86.25,86.25,30.0,40.698173466039464,30.0,30.0,30.0,30.0,30.0,86.25,30.0,30.0,30.0,30.0,86.25,30.0,30.0,30.0,30.0,30.0,30.0,30.0,30.0,30.0,30.0,30.0,30.0
70.0,30.0,30.0,30.0,86.25,86.25,30.0,30.0,30.0,30.0,30.0,30.0,30.0,30.0,30.0,30.0,30.0,30.0,30.0,30.0,86.25,30.0,86.25,30.0,30.0,30.0,30.0,30.0,30.0,30.0,30.0,30.0,30.0,30.0,30.0,86.25,86.25,30.0,30.0,30.0,30.0,30.0,30.0,86.25,72.28186321956582,30.0,30.0,30.0,30.0
70.0,86.25,86.25,86.25,86.25,86.25,86.25,86.25,86.25,86.25,86.25,86.25,86.25,86.25,86.25,86.25,86.25,86.25,86.25,86.25,30.0,86.25,86.25,86.25,86.25,86.25,86.25,30.0,86.25,86.25,86.25,86.25,86.25,86.25,86.25,86.25,86.25,86.25,86.25,86.25,86.25,86.25,86.25,86.25,86.25,86.25,86.25,86.25,86.25
70.0,30.0,86.25,30.0,86.25,30.0,30.0,30.0,86.25,30.0,30.0,86.25,30.0,30.0,30.0,30.0,30.0,86.25,30.0,86.25,86.25,86.25,30.0,30.0,86.25,30.0,30.0,30.0,30.0,30.0,30.0,86.25,30.0,30.0,86.25,68.46032315054104,30.0,30.0,30.0,30.0,30.0,30.0,30.0,30.0,30.0,30.0,30.0,86.25,30.0
70.0,86.25,30.0,86.25,86.25,30.0,38.796209445089694,30.0,30.0,86.25,30.0,30.0,30.0,86.25,72.28186321956582,30.0,72.28186321956582,86.25,86.25,30.0,86.25,86.25,46.03186321956582,30.0,30.0,86.25,30.0,30.0,30.0,30.0,30.0,86.25,30.0,86.25,30.0,30.0,30.0,86.25,30.0,30.0,30.0,30.0,30.0,30.0,30.0,30.0,30.0,30.0,30.0
70.0,86.25,86.25,86.25,86.25,86.25,86.25,86.25,86.25,86.25,86.25,86.25,86.25,86.25,86.25,86.25,86.25,86.25,30.0,86.25,30.0,86.25,86.25,86.25,86.25,86.25,86.25,30.0,86.25,86.25,86.25,86.25,86.25,86.25,86.25,86.25,30.0,86.25,86.25,86.25,86.25,86.25,86.25,86.25,86.25,86.25,86.25,86.25,86.25
70.0,30.0,30.0,30.0,86.25,30.0,86.25,30.0,30.0,86.25,30.0,30.0,30.0,86.25,86.25,86.25,30.0,80.75912036827211,86.25,86.25,30.0,86.25,86.25,86.25,86.25,86.25,30.0,30.0,30.0,30.0,30.0,30.0,30.0,30.0,30.0,30.0,30.0,36.63820787525435,30.0,30.0,30.0,30.0,30.0,30.0,86.25,30.0,30.0,30.0,30.0
70.0,86.25,86.25,86.25,86.25,86.25,86.25,86.25,86.25,86.25,86.25,86.25,86.25,86.25,86.25,86.25,86.25,86.25,30.0,86.25,30.0,86.25,86.25,86.25,86.25,86.25,86.25,30.0,86.25,86.25,86.25,86.25,86.25,86.25,86.25,86.25,86.25,86.25,86.25,86.25,86.25,86.25,86.25,86.25,86.25,86.25,86.25,86.25,86.25
70.0,86.25,86.25,86.25,86.25,86.25,86.25,86.25,86.25,86.25,86.25,86.25,86.25,86.25,86.25,86.25,30.0,86.25,86.25,86.25,30.0,86.25,86.25,86.25,86.25,86.25,86.25,86.25,86.25,86.25,86.25,86.25,86.25,86.25,86.25,86.25,86.25,86.25,86.25,86.25,86.25,86.25,86.25,86.25,86.25,86.25,86.25,86.25,86.25
70.0,86.25,86.25,86.25,30.0,86.25,86.25,86.25,86.25,86.25,86.25,86.25,86.25,86.25,86.25,86.25,86.25,0.0,0.0,0.0,0.0,0.0,0.0,0.0,0.0,0.0,0.0,86.25,86.25,86.25,86.25,86.25,86.25,86.25,86.25,86.25,86.25,86.25,86.25,86.25,86.25,86.25,86.25,86.25,30.0,86.25,86.25,86.25,86.25
70.0,86.25,86.25,86.25,30.0,86.25,86.25,86.25,86.25,86.25,86.25,86.25,86.25,86.25,86.25,86.25,86.25,86.25,86.25,86.25,86.25,86.25,86.25,86.25,86.25,86.25,86.25,86.25,86.25,86.25,86.25,86.25,86.25,86.25,86.25,33.82154006902478,86.25,86.25,86.25,86.25,86.25,86.25,86.25,30.0,86.25,30.0,86.25,86.25,86.25
70.0,86.25,32.01541458938485,86.25,30.0,86.25,86.25,86.25,86.25,86.25,86.25,86.25,86.25,86.25,86.25,86.25,86.25,86.25,86.25,30.0,30.0,86.25,86.25,30.0,86.25,86.25,86.25,30.0,86.25,30.0,0.0,0.0,0.0,0.0,0.0,0.0,0.0,0.0,0.0,0.0,0.0,0.0,86.25,86.25,86.25,86.25,86.25,86.25,86.25
70.0,86.25,86.25,46.03186321963449,86.25,86.25,33.485653774544794,86.25,86.25,86.25,86.25,30.0,86.25,86.25,86.25,86.25,30.0,30.0,86.25,86.25,30.0,86.25,86.25,86.25,86.25,86.25,86.25,86.25,86.25,30.0,86.25,86.25,86.25,86.25,86.25,86.25,30.0,86.25,86.25,86.25,30.0,86.25,86.25,86.25,86.25,86.25,86.25,86.25,86.25
70.0,86.25,86.25,86.25,30.0,86.25,86.25,0.0,0.0,0.0,0.0,0.0,0.0,0.0,0.0,0.0,0.0,86.25,86.25,86.25,86.25,67.2474088305594,86.25,86.25,86.25,86.25,86.25,86.25,86.25,86.25,86.25,86.25,86.25,86.25,30.0,86.25,86.25,86.25,86.25,86.25,86.25,86.25,86.25,86.25,86.25,86.25,86.25,86.25,86.25
70.0,86.25,86.25,86.25,86.25,86.25,86.25,86.25,30.0,86.25,86.25,86.25,86.25,86.25,86.25,86.25,86.25,86.25,86.25,86.25,86.25,86.25,86.25,86.25,86.25,86.25,86.25,86.25,86.25,86.25,86.25,30.0,86.25,86.25,86.25,86.25,86.25,86.25,86.25,86.25,86.25,86.25,86.25,86.25,86.25,86.25,86.25,86.25,0.0
70.0,86.25,86.25,86.25,86.25,86.25,86.25,86.25,86.25,86.25,86.25,86.25,86.25,86.25,86.25,86.25,86.25,86.25,86.25,86.25,34.69797607080583,30.0,86.25,86.25,86.25,86.25,86.25,86.25,86.25,86.25,86.25,30.0,86.25,86.25,86.25,86.25,86.25,86.25,86.25,86.25,86.25,86.25,86.25,86.25,86.25,30.0,86.25,86.25,86.25
70.0,30.0,86.25,86.25,86.25,86.25,86.25,86.25,86.25,86.25,86.25,86.25,86.25,86.25,86.25,86.25,86.25,86.25,86.25,86.25,86.25,86.25,86.25,86.25,86.25,86.25,86.25,86.25,86.25,86.25,86.25,86.25,86.25,0.0,0.0,0.0,0.0,0.0,0.0,0.0,0.0,0.0,0.0,0.0,0.0,86.25,86.25,86.25,86.25
0.0,0.0,0.0,0.0,0.0,0.0,0.0,86.25,86.25,86.25,86.25,86.25,86.25,86.25,86.25,86.25,86.25,86.25,30.0,30.0,86.25,86.25,86.25,86.25,86.25,86.25,86.25,30.0,86.25,86.25,86.25,86.25,86.25,86.25,86.25,86.25,86.25,86.25,86.25,86.25,86.25,86.25,86.25,86.25,86.25,86.25,86.25,86.25,30.0
0.0,0.0,0.0,0.0,86.25,86.25,86.25,86.25,86.25,86.25,86.25,86.25,86.25,86.25,86.25,86.25,86.25,30.0,86.25,36.91872121052096,86.25,86.25,86.25,86.25,86.25,86.25,86.25,30.0,86.25,86.25,86.25,86.25,86.25,86.25,86.25,86.25,86.25,86.25,86.25,86.25,86.25,86.25,86.25,86.25,30.0,30.0,86.25,0.0,0.0
0.0,0.0,0.0,0.0,86.25,86.25,30.0,86.25,86.25,86.25,86.25,86.25,86.25,86.25,86.25,86.25,86.25,30.0,86.25,86.25,86.25,86.25,30.0,86.25,75.26809207784595,86.25,86.25,86.25,86.25,86.25,86.25,86.25,86.25,86.25,30.0,86.25,86.25,86.25,86.25,86.25,86.25,86.25,86.25,86.25,86.25,86.25,30.0,30.0,86.25
0.0,0.0,86.25,86.25,86.25,30.0,86.25,30.0,86.25,86.25,86.25,86.25,86.25,86.25,86.25,86.25,86.25,86.25,86.25,86.25,86.25,86.25,30.0,86.25,86.25,30.0,30.0,86.25,86.25,30.0,86.25,86.25,86.25,86.25,86.25,86.25,30.0,86.25,86.25,86.25,46.03186321956582,86.25,86.25,86.25,86.25,86.25,86.25,86.25,86.25
0.0,86.25,86.25,86.25,86.25,86.25,86.25,86.25,86.25,86.25,86.25,30.0,86.25,86.25,86.25,86.25,86.25,0.0,0.0,0.0,0.0,0.0,0.0,0.0,0.0,0.0,0.0,86.25,30.0,86.25,86.25,86.25,86.25,30.0,30.0,86.25,86.25,30.0,0.0,0.0,0.0,0.0,0.0,0.0,0.0,0.0,0.0,0.0,86.25
0.0,0.0,86.25,86.25,86.25,86.25,86.25,86.25,86.25,86.25,86.25,30.0,86.25,86.25,86.25,86.25,86.25,86.25,86.25,86.25,86.25,30.0,86.25,86.25,86.25,30.0,44.05196892036065,30.0,38.880051247284484,86.25,86.25,86.25,30.0,86.25,86.25,86.25,86.25,86.25,86.25,86.25,86.25,86.25,86.25,86.25,86.25,86.25,86.25,86.25,86.25
70.0,0.0,0.0,0.0,0.0,0.0,0.0,0.0,0.0,0.0,0.0,0.0,0.0,0.0,0.0,0.0,0.0,0.0,0.0,0.0,0.0,0.0,0.0,0.0,0.0,0.0,0.0,0.0,0.0,0.0,0.0,0.0,0.0,29.32,29.32,29.32,29.32,84.295,84.295,84.295,76.39924591828483,84.295,84.295,0.0,0.0,0.0,0.0,0.0,0.0
70.0,0.0,0.0,0.0,0.0,0.0,0.0,0.0,0.0,0.0,0.0,0.0,0.0,0.0,0.0,0.0,29.32,29.32,29.32,29.32,29.32,29.32,29.32,29.32,84.295,29.32,0.0,0.0,0.0,0.0,0.0,0.0,0.0,0.0,0.0,0.0,0.0,84.295,84.295,84.295,29.32,84.295,84.295,84.295,84.295,29.32,29.32,84.295,84.295
70.0,29.32,29.32,29.32,0.0,0.0,0.0,0.0,0.0,0.0,0.0,0.0,0.0,0.0,0.0,0.0,29.32,84.295,29.32,29.32,29.32,29.32,29.32,29.32,41.00171271778146,29.32,0.0,0.0,0.0,0.0,0.0,0.0,0.0,0.0,0.0,0.0,29.319999999945114,84.295,84.295,84.295,84.295,84.295,84.295,84.295,84.295,29.32,0.0,0.0,0.0
70.0,29.32,29.32,29.32,29.32,29.32,29.32,29.32,29.32,29.32,29.32,0.0,0.0,0.0,0.0,0.0,0.0,0.0,0.0,0.0,0.0,0.0,0.0,0.0,0.0,0.0,0.0,0.0,0.0,0.0,0.0,0.0,0.0,0.0,0.0,29.32,29.32,84.295,84.295,63.9315139798621,84.295,84.295,84.295,84.295,84.295,84.295,84.295,84.295,84.295
70.0,29.32,29.32,0.0,0.0,0.0,0.0,0.0,0.0,0.0,0.0,0.0,0.0,0.0,0.0,0.0,0.0,0.0,0.0,29.32,29.32,29.32,29.32,43.77671271778121,29.32,29.32,29.32,29.32,29.32,0.0,0.0,0.0,0.0,0.0,0.0,0.0,0.0,0.0,0.0,84.295,84.295,84.295,84.295,84.295,84.295,84.295,84.295,84.295,84.295
70.0,0.0,0.0,0.0,0.0,0.0,0.0,0.0,0.0,0.0,0.0,0.0,0.0,29.32,29.32,29.32,29.32,29.32,29.32,29.32,29.32,29.32,29.32,29.32,29.32,29.32,0.0,0.0,0.0,0.0,0.0,0.0,0.0,0.0,0.0,0.0,0.0,84.295,84.295,84.295,84.295,84.295,84.295,84.295,84.295,84.295,84.295,84.295,84.295
70.0,29.32,29.32,29.32,29.32,29.32,29.32,29.32,29.32,29.32,29.32,29.32,29.32,84.295,29.32,29.32,0.0,0.0,0.0,0.0,0.0,0.0,0.0,0.0,0.0,0.0,29.32,29.32,29.32,29.32,29.32,84.295,84.295,29.32,29.32,29.32,0.0,0.0,0.0,0.0,0.0,0.0,0.0,0.0,0.0,0.0,84.295,84.295,78.63445236014346
70.0,29.31999999995078,29.32,29.32,49.69671271778137,29.32,29.319999999938318,51.176712717781356,29.32,83.97671271778134,84.295,84.295,29.32,29.32,81.01671271778126,29.32,29.32,84.295,84.295,29.32,29.32,84.295,84.295,29.32,29.32,29.32,29.32,50.52817563865029,74.57671271778125,29.32,29.32,84.295,29.32,29.32,29.32,29.32,29.32,84.295,29.32,29.32,84.295,84.295,84.295,84.295,29.32,84.295,84.295,29.32,29.32
70.0,0.0,0.0,0.0,0.0,0.0,0.0,0.0,0.0,0.0,0.0,0.0,84.295,53.88171271778134,29.32,29.32,29.32,29.32,29.32,29.32,29.32,29.32,0.0,0.0,0.0,0.0,0.0,0.0,0.0,0.0,0.0,0.0,0.0,0.0,0.0,0.0,0.0,84.295,84.295,84.295,84.295,84.295,84.295,84.295,84.295,84.295,84.295,84.295,84.295
70.0,29.32,29.32,29.32,29.32,29.32,29.32,29.32,29.32,29.32,0.0,0.0,0.0,0.0,0.0,0.0,0.0,0.0,0.0,0.0,0.0,0.0,29.32,29.32,29.32,29.32,29.32,29.32,29.32,42.90318948583115,29.32,49.81171271778169,0.0,0.0,0.0,0.0,0.0,0.0,0.0,0.0,0.0,0.0,84.295,84.295,29.32,84.295,84.295,84.295,84.295
70.0,0.0,0.0,0.0,0.0,0.0,0.0,0.0,0.0,0.0,0.0,0.0,0.0,0.0,0.0,0.0,0.0,0.0,0.0,0.0,0.0,0.0,0.0,0.0,0.0,0.0,29.32,29.32,29.32,29.32,29.32,29.32,29.32,29.32,29.32,29.32,29.32,84.295,84.295,84.295,84.295,84.295,84.295,84.295,84.295,84.295,84.295,84.295,0.0
70.0,29.32,0.0,0.0,0.0,0.0,0.0,0.0,0.0,0.0,0.0,0.0,0.0,0.0,0.0,0.0,0.0,29.32,29.32,29.32,29.32,29.32,29.32,29.32,29.32,29.32,29.32,0.0,0.0,0.0,0.0,0.0,0.0,0.0,0.0,0.0,0.0,84.295,84.295,29.32,84.295,84.295,84.295,84.295,84.295,84.295,84.295,84.295,84.295
70.0,29.32,29.32,29.32,29.32,29.32,29.32,29.32,29.32,29.32,29.32,29.32,84.295,29.32,29.32,29.32,29.32,29.32,29.32,29.32,29.32,29.32,0.0,0.0,0.0,0.0,0.0,0.0,0.0,0.0,0.0,0.0,79.72171271778146,29.32,29.32,29.32,29.32,84.295,84.295,84.295,84.295,84.295,84.295,84.295,40.16151397986221,84.295,84.295,84.295,84.295
70.0,0.0,0.0,0.0,0.0,0.0,0.0,0.0,0.0,0.0,0.0,0.0,0.0,0.0,0.0,29.32,29.32,29.32,29.32,29.32,29.32,29.32,29.32,29.32,29.32,0.0,0.0,0.0,0.0,0.0,0.0,0.0,0.0,0.0,0.0,0.0,0.0,84.295,84.295,84.295,84.295,84.295,84.295,84.295,29.32,84.295,84.295,84.295,84.295
70.0,29.32,29.32,29.32,29.32,29.32,74.05671271784325,0.0,0.0,0.0,0.0,0.0,0.0,0.0,0.0,0.0,0.0,0.0,0.0,0.0,0.0,0.0,0.0,29.32,29.32,29.32,29.32,29.32,29.32,29.32,29.32,84.295,29.32,0.0,0.0,0.0,0.0,0.0,0.0,0.0,0.0,0.0,0.0,84.295,29.32,84.295,84.295,84.295,84.295
70.0,0.0,0.0,0.0,0.0,0.0,0.0,0.0,0.0,0.0,0.0,0.0,0.0,0.0,0.0,0.0,0.0,0.0,0.0,29.32,29.32,29.32,29.32,29.32,29.32,29.32,29.32,29.32,29.32,0.0,0.0,0.0,0.0,0.0,0.0,0.0,0.0,0.0,0.0,84.295,84.295,84.295,84.295,84.295,84.295,84.295,84.295,84.295,84.295
70.0,0.0,0.0,0.0,0.0,0.0,0.0,0.0,0.0,0.0,0.0,0.0,0.0,29.32,29.32,29.32,29.32,29.32,29.32,29.32,29.32,29.32,29.32,0.0,0.0,0.0,0.0,0.0,0.0,0.0,0.0,0.0,0.0,0.0,0.0,0.0,0.0,84.295,84.295,84.295,84.295,84.295,84.295,84.295,29.32,84.295,84.295,84.295,84.295
70.0,29.32,29.32,29.32,29.32,29.32,29.32,29.32,29.32,29.32,29.32,29.32,29.32,29.32,29.32,29.32,29.32,29.32,29.32,29.32,0.0,0.0,0.0,0.0,0.0,0.0,0.0,0.0,0.0,0.0,0.0,0.0,0.0,0.0,0.0,0.0,0.0,84.295,84.295,84.295,84.295,84.295,84.295,84.295,84.295,84.295,84.295,84.295,0.0
70.0,29.32,29.32,0.0,0.0,0.0,0.0,0.0,0.0,0.0,0.0,0.0,0.0,0.0,0.0,0.0,0.0,0.0,0.0,0.0,0.0,0.0,0.0,0.0,0.0,0.0,0.0,0.0,29.32,29.32,29.32,29.32,29.32,29.32,29.32,29.32,29.32,84.295,84.295,84.295,84.295,84.295,84.295,84.295,84.295,84.295,84.295,84.295,0.0
70.0,0.0,0.0,0.0,0.0,0.0,0.0,0.0,0.0,0.0,0.0,29.32,29.32,29.32,29.32,29.32,29.32,29.32,29.32,29.32,29.32,0.0,0.0,0.0,0.0,0.0,0.0,0.0,0.0,0.0,0.0,0.0,0.0,0.0,0.0,0.0,0.0,84.295,84.295,84.295,84.295,84.295,84.295,84.295,84.295,84.295,84.295,84.295,84.295
70.0,0.0,0.0,0.0,0.0,0.0,0.0,0.0,0.0,0.0,0.0,0.0,0.0,0.0,0.0,0.0,0.0,0.0,0.0,0.0,0.0,0.0,0.0,0.0,0.0,0.0,29.32,29.32,29.32,29.32,29.32,29.32,29.32,29.32,82.49671271778126,29.32,29.32,84.295,84.295,84.295,84.295,84.295,84.295,84.295,84.295,84.295,84.295,84.295,84.295
70.0,0.0,0.0,0.0,0.0,0.0,0.0,0.0,0.0,0.0,0.0,0.0,0.0,0.0,0.0,0.0,0.0,0.0,0.0,0.0,65.17671271778127,29.32,29.32,29.32,29.32,29.32,29.32,29.32,29.32,29.32,29.32,0.0,0.0,0.0,0.0,0.0,0.0,0.0,0.0,0.0,0.0,0.0,0.0,0.0,0.0,84.295,84.295,84.295,84.295
70.0,29.32,29.32,29.32,29.32,29.32,29.32,29.32,29.32,0.0,0.0,0.0,0.0,0.0,0.0,0.0,0.0,0.0,0.0,0.0,0.0,0.0,0.0,0.0,0.0,0.0,0.0,0.0,0.0,0.0,0.0,0.0,0.0,0.0,0.0,0.0,44.73671271783628,84.295,84.295,84.295,84.295,84.295,84.295,84.295,84.295,84.295,84.295,84.295,84.295
70.0,0.0,0.0,0.0,0.0,0.0,0.0,0.0,0.0,0.0,0.0,0.0,0.0,0.0,0.0,0.0,29.32,29.32,29.32,29.32,29.32,29.32,29.32,29.32,29.32,29.32,0.0,0.0,0.0,0.0,0.0,0.0,0.0,0.0,0.0,0.0,0.0,84.295,84.295,84.295,84.295,84.295,84.295,84.295,84.295,84.295,84.295,84.295,84.295
60.0,0.0,0.0,0.0,0.0,0.0,0.0,0.0,0.0,0.0,0.0,0.0,0.0,0.0,0.0,0.0,0.0,0.0,0.0,0.0,0.0,0.0,0.0,0.0,0.0,0.0,0.0,0.0,0.0,0.0,0.0,0.0,0.0,0.0,0.0,0.0,0.0,0.0,0.0,0.0,0.0,0.0,0.0,0.0,0.0,0.0,0.0,0.0,0.0
60.0,0.0,0.0,0.0,0.0,0.0,0.0,0.0,0.0,0.0,0.0,0.0,0.0,0.0,0.0,0.0,0.0,0.0,0.0,0.0,0.0,0.0,0.0,0.0,0.0,0.0,0.0,0.0,0.0,0.0,0.0,0.0,0.0,0.0,0.0,0.0,0.0,0.0,0.0,0.0,0.0,0.0,0.0,0.0,0.0,0.0,0.0,0.0,0.0
60.0,0.0,0.0,0.0,0.0,0.0,0.0,0.0,0.0,0.0,0.0,0.0,0.0,0.0,0.0,0.0,0.0,0.0,0.0,0.0,0.0,0.0,0.0,0.0,0.0,27.84,27.84,27.84,80.04000000000002,27.84,27.84,27.84,27.84,27.84,27.84,27.84,0.0,0.0,0.0,0.0,0.0,0.0,0.0,0.0,0.0,0.0,0.0,0.0,0.0
60.0,27.84,27.84,27.84,27.84,0.0,0.0,0.0,0.0,0.0,0.0,0.0,0.0,0.0,0.0,0.0,0.0,0.0,0.0,0.0,0.0,0.0,0.0,0.0,0.0,0.0,0.0,0.0,0.0,0.0,0.0,0.0,0.0,0.0,0.0,0.0,0.0,0.0,0.0,0.0,0.0,0.0,0.0,0.0,0.0,0.0,0.0,0.0,0.0
60.0,0.0,0.0,0.0,0.0,0.0,0.0,0.0,0.0,0.0,0.0,0.0,0.0,0.0,0.0,0.0,0.0,0.0,0.0,0.0,0.0,0.0,0.0,0.0,27.84,27.84,27.84,27.84,27.84,27.84,44.53464115158056,27.84,27.84,27.84,27.84,0.0,0.0,0.0,0.0,0.0,0.0,0.0,0.0,0.0,0.0,0.0,0.0,0.0,0.0
60.0,0.0,0.0,0.0,0.0,0.0,0.0,0.0,0.0,0.0,0.0,0.0,0.0,0.0,0.0,0.0,0.0,0.0,0.0,0.0,0.0,0.0,0.0,27.84,27.84,27.84,27.84,53.36853707913108,27.84,27.84,27.84,27.84,27.84,0.0,0.0,0.0,0.0,0.0,0.0,0.0,0.0,0.0,0.0,0.0,0.0,0.0,0.0,0.0,0.0
60.0,66.65671271785274,27.83999999999999,27.83999999999999,27.84,80.04000000000002,27.84,27.84,27.84,27.84,80.04000000000002,80.04000000000002,27.84,27.84,80.04000000000002,80.04000000000002,27.84,27.83999999999999,27.84,27.83999999999999,27.84,27.83999999999999,70.84171271778136,27.84,27.84,43.77671271778121,45.25671271778128,27.84,27.84,27.84,27.84,27.84,27.84,56.6567127177812,27.84,27.84,27.84,27.84,68.89151397986222,27.84,80.04000000000002,80.04000000000002,80.04000000000002,80.04000000000002,27.84,80.04000000000003,27.84,27.84,80.04000000000002
60.0,27.83999999999999,27.83999999999999,27.83999999999999,27.84,27.83999999999999,27.83999999999999,80.04000000000002,77.53671271778128,80.04000000000002,80.04000000000002,27.84,80.04000000000002,80.04000000000002,27.83999999999999,80.04000000000003,80.04000000000002,27.83999999999999,27.84,27.83999999999999,27.84,27.83999999999999,80.04000000000002,27.84,27.84,80.04000000000002,27.83999999999999,27.83999999999999,27.84,65.95352323195013,27.84,27.84,80.04000000000002,27.84,27.84,27.84,27.84,80.04000000000002,27.84,27.84,27.84,80.04000000000002,56.04217790202931,80.04000000000002,80.04000000000002,80.04000000000002,27.84,27.84,80.04000000000002
60.0,27.83999999999999,27.839999999940368,27.83999999999999,27.84,27.83999999999999,27.83999999999999,27.84,80.04000000000002,27.84,56.841712717781434,56.841712717781434,80.04000000000002,27.84,27.84,53.696712717781125,80.04000000000002,27.83999999999999,27.84,27.84,27.84,27.83999999999999,27.83999999999999,80.04000000000002,27.84,27.84,27.83999999999999,80.04,27.84,27.84,62.8420715662007,27.84,27.84,80.04000000000002,27.84,27.84,27.84,80.04000000000002,27.84,27.84,80.04000000000002,80.04000000000002,80.04000000000002,80.04000000000002,80.04000000000002,80.04000000000002,80.04,27.84,80.04000000000002
60.0,27.83999999999999,68.13671271784094,46.73671271778132,27.84,48.21671271778137,27.84,27.84,27.84,27.84,27.84,80.04000000000002,28.22671271778153,80.04000000000002,80.04000000000002,80.04000000000002,47.25671271778114,40.22671271778164,67.36171271778144,63.69671271778128,27.84,65.88171271778147,27.84,27.84,27.84,27.84,80.04000000000002,27.84,27.84,80.04000000000002,80.04000000000002,27.84,27.84,80.04000000000002,27.84,27.84,27.84,27.84,27.84,27.84,80.04000000000002,27.84,27.84,80.04000000000002,80.04000000000002,80.04000000000002,80.04000000000002,27.84,27.84
60.0,27.84,27.84,27.84,27.84,27.84,27.84,27.84,27.84,27.84,27.84,27.84,27.84,27.84,27.84,0.0,0.0,0.0,0.0,0.0,0.0,0.0,0.0,0.0,0.0,0.0,0.0,0.0,0.0,0.0,0.0,0.0,0.0,0.0,27.84,51.69671271778125,27.84,80.04000000000002,80.04000000000002,80.04000000000002,80.04000000000002,80.04000000000002,80.04000000000002,27.84,27.84,27.84,80.04000000000002,27.84,80.04000000000002
60.0,27.84,27.84,27.84,27.84,27.84,27.84,27.84,27.84,27.84,27.84,27.84,27.84,27.84,27.84,0.0,0.0,0.0,0.0,0.0,0.0,0.0,0.0,0.0,0.0,0.0,27.84,27.84,27.84,27.84,27.84,27.84,27.84,27.84,80.04000000000002,80.04000000000002,27.84,80.04000000000002,80.04000000000002,80.04000000000002,80.04000000000002,80.04000000000002,27.84,27.84,27.84,27.84,27.84,80.04000000000002,45.93706161971866
60.0,0.0,0.0,0.0,0.0,0.0,0.0,0.0,0.0,0.0,0.0,0.0,0.0,0.0,27.84,27.84,27.84,27.84,27.84,27.84,27.84,27.84,27.84,27.84,0.0,0.0,0.0,0.0,0.0,0.0,0.0,0.0,0.0,0.0,0.0,0.0,27.84,80.04000000000002,80.04000000000002,80.04000000000002,80.04000000000002,80.04000000000002,80.04000000000002,27.84,80.04000000000002,80.04000000000002,27.84,44.91151397986137,80.04000000000002
60.0,27.84,27.84,27.84,27.84,27.84,27.84,27.84,27.84,27.84,27.84,27.84,27.84,0.0,0.0,0.0,0.0,0.0,0.0,0.0,0.0,0.0,0.0,27.84,27.84,27.84,27.84,27.84,27.84,27.84,27.84,27.84,27.84,27.84,80.04000000000002,27.84,27.84,80.04000000000002,80.04000000000002,80.04000000000002,80.04000000000002,27.84,80.04000000000002,80.04000000000002,80.04000000000002,80.04000000000002,27.84,80.04000000000002,80.04000000000002
60.0,27.84,27.84,27.84,27.84,27.84,27.84,27.84,0.0,0.0,0.0,0.0,0.0,0.0,0.0,0.0,0.0,0.0,27.84,27.84,27.84,27.84,27.84,27.84,27.84,27.84,27.84,27.84,0.0,0.0,0.0,0.0,0.0,0.0,0.0,0.0,0.0,0.0,80.04000000000002,80.04000000000002,80.04000000000002,80.04000000000002,73.86933607783222,80.04000000000002,80.04000000000002,27.84,80.04000000000002,80.04000000000002,0.0
60.0,27.84,27.84,80.04000000000002,27.84,27.84,27.84,27.84,27.84,0.0,0.0,0.0,0.0,0.0,0.0,0.0,0.0,0.0,0.0,0.0,27.84,27.84,27.84,27.84,27.84,27.84,27.84,27.84,27.84,27.84,27.84,0.0,0.0,0.0,0.0,0.0,0.0,0.0,0.0,0.0,0.0,0.0,0.0,74.23151397986166,80.04000000000002,27.84,80.04000000000002,27.84,80.04000000000002
60.0,27.84,27.84,27.84,27.84,27.84,27.84,27.84,27.84,80.04000000000002,27.84,27.84,27.84,27.84,27.84,27.84,0.0,0.0,0.0,0.0,0.0,0.0,0.0,0.0,0.0,0.0,27.84,27.84,27.84,27.84,27.84,27.84,27.84,27.84,27.84,27.84,27.84,80.04000000000002,80.04000000000002,80.04000000000002,80.04000000000002,80.04000000000002,80.04000000000002,27.84,80.04000000000002,27.84,27.84,27.84,80.04000000000002
60.0,27.84,27.84,27.84,80.04000000000002,27.84,27.84,27.84,27.84,27.84,27.84,27.84,0.0,0.0,0.0,0.0,0.0,0.0,0.0,0.0,0.0,0.0,0.0,0.0,0.0,0.0,0.0,0.0,0.0,0.0,0.0,27.84,27.84,80.04000000000002,27.84,27.84,27.84,80.04000000000002,80.04000000000002,80.04000000000002,80.04000000000002,80.04000000000002,27.84,27.84,80.04000000000002,80.04000000000002,27.84,27.84,80.04000000000002
60.0,27.84,27.84,0.0,0.0,0.0,0.0,0.0,0.0,0.0,0.0,0.0,0.0,27.84,27.84,27.84,27.84,27.84,27.84,27.84,27.84,27.84,27.84,0.0,0.0,0.0,0.0,0.0,0.0,0.0,0.0,0.0,0.0,0.0,0.0,0.0,27.84,80.04000000000002,80.04000000000002,80.04000000000002,27.84,27.84,27.84,27.84,80.04000000000002,27.84,80.04000000000002,80.04000000000002,80.04000000000002
0.0,0.0,0.0,0.0,0.0,27.84,27.84,27.84,27.84,27.84,27.84,27.84,27.84,27.84,27.84,27.84,27.84,27.84,27.84,27.84,27.84,27.84,0.0,0.0,0.0,0.0,0.0,0.0,0.0,0.0,0.0,0.0,0.0,0.0,0.0,0.0,0.0,80.04000000000002,80.04000000000002,80.04000000000002,27.84,80.04000000000002,80.04000000000002,27.84,80.04000000000002,80.04000000000002,80.04000000000002,80.04000000000002,0.0
0.0,0.0,0.0,0.0,0.0,0.0,0.0,0.0,0.0,0.0,0.0,0.0,0.0,0.0,0.0,0.0,27.84,27.84,27.84,27.84,27.84,27.84,27.84,27.84,27.84,27.84,0.0,0.0,0.0,0.0,0.0,0.0,0.0,0.0,0.0,0.0,27.84,80.04000000000002,80.04000000000002,80.04000000000002,80.04000000000002,27.84,80.04000000000002,27.84,80.04000000000002,80.04000000000002,27.84,80.04000000000002,80.04000000000002
0.0,0.0,0.0,27.84,27.84,27.84,27.84,27.84,27.84,27.84,27.84,27.84,27.84,0.0,0.0,0.0,0.0,0.0,0.0,0.0,0.0,0.0,0.0,27.84,27.84,27.84,27.84,27.84,27.84,80.04000000000002,27.84,27.84,27.84,27.84,27.84,80.04000000000002,27.84,41.756513979955,80.04000000000002,80.04000000000002,49.11000450192398,80.04000000000002,27.84,80.04000000000002,80.04000000000002,47.68651397986132,80.04000000000002,27.84,80.04000000000002
0.0,0.0,0.0,27.84,27.84,27.84,27.84,27.84,27.84,27.84,27.84,27.84,27.84,27.84,27.84,27.84,27.84,0.0,0.0,0.0,0.0,0.0,0.0,0.0,0.0,0.0,0.0,0.0,0.0,0.0,0.0,0.0,0.0,0.0,0.0,0.0,27.84,80.04000000000002,80.04000000000002,80.04000000000002,27.84,27.84,80.04000000000002,27.84,80.04000000000002,27.84,27.84,80.04000000000002,80.04000000000002
0.0,0.0,27.84,27.84,27.84,27.84,27.84,27.84,27.84,27.84,27.84,27.84,0.0,0.0,0.0,0.0,0.0,0.0,0.0,0.0,0.0,0.0,0.0,27.84,27.84,27.84,27.84,27.84,27.84,27.84,80.04000000000002,27.84,27.84,27.84,27.84,27.84,27.84,80.04000000000002,80.04000000000002,27.84,43.527263559653306,53.8171891622773,27.84,80.04000000000002,80.04000000000002,80.04000000000002,44.911513979861255,80.04000000000002,80.04000000000002
0.0,0.0,0.0,0.0,27.84,27.84,27.84,27.84,27.84,27.84,27.84,27.84,27.84,27.84,27.84,27.84,27.84,27.84,27.84,27.84,27.84,0.0,0.0,0.0,0.0,0.0,0.0,0.0,0.0,0.0,0.0,0.0,27.84,27.84,27.84,27.84,27.84,80.04000000000002,80.04000000000002,80.04000000000002,80.04000000000002,28.149324817584315,0.0,0.0,0.0,0.0,0.0,0.0,0.0
0.0,0.0,0.0,0.0,0.0,0.0,27.84,27.84,27.84,27.84,27.84,27.84,27.84,27.84,27.84,27.84,27.84,27.84,27.84,27.84,0.0,0.0,0.0,0.0,0.0,0.0,0.0,0.0,0.0,0.0,0.0,0.0,0.0,0.0,0.0,27.84,27.84,80.04000000000002,80.04000000000002,80.04000000000002,27.84,27.84,27.84,80.04000000000002,80.04000000000002,27.84,80.04000000000002,80.04000000000002,80.04000000000002
400.0,0.0,0.0,0.0,0.0,0.0,0.0,0.0,0.0,0.0,0.0,0.0,0.0,0.0,0.0,0.0,0.0,0.0,0.0,0.0,0.0,0.0,0.0,0.0,0.0,281.9140364009045,481.85,481.85,481.85,481.85,481.85,481.85,281.85,367.6,167.6,367.6,481.85,394.2660951393941,194.2660951393941,394.20205873848954,481.85,394.00994953577583,194.00994953577583,394.00994953577583,481.85,481.85,281.85,0.0,0.0
400.0,0.0,0.0,0.0,0.0,0.0,0.0,0.0,0.0,0.0,0.0,0.0,0.0,0.0,0.0,0.0,0.0,0.0,0.0,0.0,0.0,0.0,0.0,451.39137001269535,251.3913700126953,394.99091068376083,194.99091068376083,194.92687428285626,281.9140364009047,481.85,481.85,481.85,481.85,423.04265587742907,223.04265587742907,423.04265587742907,481.85,281.9140364009047,481.85,281.85,194.13802233758497,394.13802233758497,481.85,481.85,281.85,393.81784033306235,481.85,0.0,0.0
400.0,0.0,0.0,0.0,0.0,0.0,0.0,0.0,0.0,0.0,0.0,0.0,0.0,0.0,0.0,0.0,0.0,0.0,0.0,0.0,0.0,0.0,0.0,481.85,281.85,481.85,481.85,481.85,481.85,481.85,481.85,281.85,481.85,481.85,281.85,481.85,281.85,481.85,481.85,481.85,481.85,481.85,481.85,481.78596359909557,481.85,281.85,393.753803932158,0.0,0.0
400.0,200.0,0.0,0.0,0.0,0.0,0.0,0.0,0.0,0.0,0.0,0.0,0.0,0.0,0.0,0.0,0.0,0.0,0.0,0.0,0.0,0.0,167.6,367.6,402.967276842746,481.85,481.85,481.85,394.7988014810471,194.79880148104712,194.73476508014255,394.670728679238,394.6066922783334,367.6,167.6,367.5155484646789,394.39416794120325,481.85,481.85,481.85,481.85,369.6260140633199,481.85,281.85,393.8818767339667,481.85,481.85,0.0,0.0
300.0,126.0,0.0,0.0,0.0,0.0,0.0,0.0,0.0,0.0,0.0,0.0,0.0,0.0,0.0,0.0,0.0,0.0,0.0,0.0,0.0,0.0,0.0,0.0,0.0,0.0,0.0,0.0,0.0,0.0,0.0,0.0,0.0,0.0,0.0,0.0,0.0,162.25,268.07923191395685,326.0,303.8853023627935,162.25,167.75837253262466,162.25,162.25,162.25,162.25,0.0,0.0
300.0,0.0,0.0,0.0,0.0,0.0,0.0,0.0,0.0,0.0,0.0,0.0,0.0,0.0,0.0,0.0,0.0,0.0,0.0,0.0,0.0,0.0,126.0,126.0,126.0,126.0,126.0,126.0,126.0,126.0,126.0,126.0,126.0,126.0,126.0,126.0,126.0,177.94592891459558,326.0,326.0,162.25,317.0902645255369,326.0,162.25,162.25,126.0,126.0,0.0,0.0
300.0,0.0,0.0,0.0,0.0,0.0,0.0,0.0,0.0,0.0,0.0,0.0,0.0,0.0,0.0,0.0,0.0,0.0,0.0,0.0,0.0,0.0,0.0,0.0,0.0,0.0,0.0,0.0,0.0,0.0,0.0,0.0,0.0,0.0,0.0,0.0,0.0,162.25,362.25,362.25,326.0,126.0,126.0,126.0,126.0,126.0,126.0,0.0,0.0
300.0,0.0,0.0,0.0,0.0,0.0,0.0,0.0,0.0,0.0,0.0,0.0,0.0,0.0,0.0,0.0,0.0,0.0,0.0,0.0,0.0,0.0,0.0,0.0,0.0,0.0,0.0,0.0,0.0,0.0,0.0,0.0,0.0,0.0,0.0,126.0,126.0,162.25,362.25,304.3497172554048,126.0,126.0,126.0,126.0,126.0,0.0,0.0,0.0,0.0
300.0,0.0,0.0,0.0,0.0,0.0,0.0,0.0,0.0,0.0,0.0,0.0,0.0,0.0,0.0,0.0,0.0,0.0,0.0,0.0,0.0,0.0,0.0,0.0,0.0,0.0,0.0,0.0,0.0,0.0,0.0,0.0,0.0,0.0,0.0,0.0,0.0,0.0,269.7016691654238,124.0,324.0,354.1997903368424,356.5,356.5,324.0,124.0,124.0,124.0,0.0
300.0,0.0,0.0,0.0,0.0,0.0,0.0,0.0,0.0,0.0,0.0,0.0,0.0,0.0,0.0,0.0,0.0,0.0,0.0,0.0,0.0,0.0,0.0,0.0,0.0,0.0,0.0,0.0,0.0,0.0,0.0,0.0,0.0,0.0,0.0,0.0,0.0,0.0,0.0,0.0,0.0,0.0,0.0,0.0,0.0,0.0,0.0,140.5628659950155,259.39746819064345
300.0,215.5049761132251,215.50497611316683,252.15949565811786,252.15949565811786,0.0,0.0,0.0,0.0,0.0,0.0,0.0,0.0,0.0,0.0,0.0,0.0,0.0,0.0,0.0,0.0,0.0,0.0,0.0,0.0,0.0,0.0,0.0,0.0,124.0,124.0,173.36612467423052,173.36377982090175,173.36143708480225,197.9813489450638,197.9813489450638,197.9813489450638,197.9813489450638,356.5,356.5,324.0,124.0,269.7016691654238,168.52940764382447,154.1997903368424,124.0,223.64691404565747,0.0,0.0
300.0,124.0,124.0,124.0,124.0,133.33280237016737,133.33280236887717,124.0,124.0,124.0,124.0,124.0,124.0,124.0,124.0,124.0,124.0,124.0,124.0,124.0,124.0,124.0,124.0,124.0,124.0,124.0,124.0,124.0,0.0,0.0,0.0,0.0,0.0,0.0,0.0,0.0,0.0,0.0,356.5,354.1997903368424,186.6997903368424,356.5,356.5,356.5,356.5,214.20796825711238,124.0,324.0,0.0
142.0,0.0,0.0,0.0,0.0,0.0,0.0,0.0,0.0,0.0,0.0,0.0,0.0,0.0,0.0,0.0,0.0,0.0,0.0,0.0,0.0,0.0,0.0,0.0,0.0,0.0,0.0,0.0,0.0,0.0,0.0,0.0,0.0,0.0,408.25,408.25,408.25,408.25,342.0,142.0,296.1260783772277,142.0,142.0,288.32374855326236,0.0,0.0,0.0,0.0,0.0
0.0,0.0,0.0,0.0,0.0,0.0,0.0,0.0,0.0,0.0,0.0,0.0,0.0,0.0,0.0,0.0,0.0,0.0,0.0,0.0,0.0,0.0,0.0,0.0,0.0,0.0,0.0,142.0,142.0,142.0,183.11114080295252,183.11330486690923,183.1154638816766,183.11761784681772,383.1176178468177,408.25,296.25625592564484,408.25,408.25,408.25,208.25,0.0,0.0,0.0,0.0,0.0,0.0,0.0,0.0
0.0,0.0,0.0,0.0,0.0,0.0,0.0,0.0,0.0,0.0,0.0,0.0,0.0,0.0,0.0,0.0,0.0,0.0,0.0,0.0,0.0,0.0,0.0,0.0,0.0,0.0,0.0,0.0,0.0,0.0,0.0,0.0,0.0,0.0,342.0,142.0,142.0,229.9656470479415,408.25,408.25,342.0,142.0,142.0,142.0,0.0,0.0,0.0,0.0,0.0
0.0,0.0,0.0,0.0,0.0,0.0,0.0,0.0,0.0,0.0,0.0,0.0,0.0,0.0,0.0,0.0,0.0,0.0,0.0,0.0,0.0,0.0,0.0,0.0,0.0,0.0,0.0,0.0,0.0,0.0,0.0,0.0,0.0,0.0,374.6276012339742,296.2994336425172,408.25,208.25,349.3195169215951,376.21568305143114,408.25,340.9362086773461,356.91666788823943,408.25,285.4776699360883,142.0,0.0,0.0,0.0
150.0,72.8,0.0,0.0,0.0,0.0,0.0,0.0,0.0,0.0,0.0,0.0,0.0,0.0,0.0,0.0,0.0,0.0,0.0,0.0,0.0,0.0,0.0,0.0,0.0,0.0,0.0,0.0,0.0,0.0,0.0,0.0,0.0,0.0,0.0,0.0,0.0,0.0,0.0,0.0,0.0,0.0,0.0,0.0,0.0,0.0,0.0,0.0,0.0
150.0,72.8,72.8,0.0,0.0,0.0,0.0,0.0,0.0,0.0,0.0,0.0,0.0,0.0,0.0,0.0,0.0,0.0,0.0,0.0,0.0,0.0,0.0,0.0,0.0,0.0,0.0,0.0,0.0,0.0,0.0,0.0,0.0,0.0,0.0,0.0,209.3,209.3,209.3,209.3,209.3,209.29999999999995,209.3,156.80951468350412,209.3,209.3,209.3,116.24252211452878,0.0
150.0,72.8,72.8,0.0,0.0,0.0,0.0,0.0,0.0,0.0,0.0,0.0,0.0,0.0,0.0,0.0,0.0,0.0,0.0,0.0,0.0,0.0,0.0,0.0,0.0,0.0,0.0,0.0,0.0,0.0,0.0,0.0,0.0,0.0,0.0,0.0,0.0,0.0,0.0,0.0,0.0,0.0,0.0,0.0,0.0,0.0,0.0,0.0,0.0
150.0,117.32731129818013,190.12731129818013,72.79999999934807,72.79999999795109,0.0,0.0,0.0,0.0,0.0,0.0,0.0,0.0,0.0,0.0,0.0,0.0,0.0,0.0,0.0,0.0,0.0,0.0,0.0,0.0,0.0,0.0,0.0,0.0,0.0,0.0,0.0,72.8,72.8,72.8,72.8,209.3,209.3,209.3,209.29999999999995,209.3,209.3,209.3,0.0,0.0,0.0,0.0,0.0,0.0
0.0,0.0,0.0,0.0,0.0,0.0,0.0,0.0,0.0,0.0,0.0,0.0,0.0,0.0,0.0,0.0,0.0,0.0,0.0,0.0,0.0,0.0,0.0,0.0,0.0,0.0,0.0,0.0,0.0,0.0,0.0,0.0,0.0,0.0,0.0,0.0,201.25,201.25,201.25,201.25,201.25,201.25,201.25,70.0,70.0,201.25,0.0,0.0,0.0
0.0,0.0,0.0,0.0,0.0,0.0,0.0,0.0,0.0,0.0,0.0,0.0,0.0,0.0,0.0,0.0,0.0,0.0,0.0,0.0,0.0,0.0,0.0,0.0,0.0,0.0,0.0,0.0,0.0,116.14718581835128,116.14464686362278,116.1421102013828,70.0,70.0,70.0,70.0,201.25,201.25,201.24999999999994,201.25,201.25,201.25,201.25,201.25,158.76662312851903,151.47014940364824,0.0,0.0,0.0
32.8,32.8,0.0,0.0,0.0,0.0,0.0,0.0,0.0,0.0,0.0,0.0,0.0,0.0,0.0,0.0,0.0,0.0,0.0,0.0,0.0,0.0,0.0,0.0,0.0,0.0,0.0,32.8,32.8,32.8,32.8,32.8,36.85671112776454,51.091977008102354,94.3,61.898312693518044,61.895002772329185,61.891692851140334,61.888382929951476,51.070924988326105,51.06799823107077,32.8,69.62445654483831,32.8,32.8,0.0,0.0,0.0,0.0
32.8,0.0,0.0,0.0,0.0,0.0,0.0,0.0,0.0,0.0,0.0,0.0,0.0,0.0,0.0,0.0,0.0,0.0,0.0,0.0,0.0,0.0,0.0,0.0,0.0,0.0,0.0,0.0,0.0,0.0,0.0,0.0,32.8,32.8,44.873415738389554,32.8,32.8,32.8,32.8,32.8,32.8,51.065071473815436,0.0,0.0,0.0,0.0,0.0,0.0,0.0
12.0,34.5,34.5,0.0,0.0,0.0,0.0,0.0,0.0,0.0,0.0,0.0,0.0,0.0,0.0,12.0,12.0,34.5,34.5,34.5,34.5,34.5,34.5,34.5,34.5,0.0,0.0,0.0,0.0,0.0,0.0,0.0,0.0,0.0,0.0,34.5,34.5,34.5,34.5,34.5,34.5,26.829701178493536,26.829701178493536,34.5,34.5,12.0,0.0,0.0,0.0
0.0,34.5,34.5,12.0,12.0,12.0,12.0,12.0,12.0,12.0,12.0,0.0,0.0,0.0,0.0,0.0,0.0,0.0,0.0,0.0,0.0,0.0,0.0,0.0,0.0,0.0,0.0,0.0,0.0,34.5,34.5,12.0,31.916466029677466,12.0,34.5,34.5,27.27225659068418,34.5,34.5,34.5,34.5,34.5,34.5,34.5,0.0,0.0,0.0,0.0,0.0
0.0,0.0,0.0,0.0,0.0,0.0,0.0,0.0,0.0,0.0,0.0,0.0,0.0,0.0,0.0,0.0,0.0,0.0,0.0,0.0,0.0,0.0,0.0,0.0,0.0,0.0,0.0,0.0,0.0,0.0,0.0,12.0,12.0,12.0,34.5,26.829701178493536,34.5,34.5,34.5,34.5,34.5,34.5,34.5,34.5,34.5,12.0,0.0,0.0,0.0
0.0,34.5,34.5,12.0,12.0,12.0,12.0,12.0,12.0,12.0,12.0,0.0,0.0,0.0,0.0,0.0,0.0,0.0,0.0,0.0,0.0,0.0,0.0,0.0,0.0,0.0,0.0,0.0,0.0,0.0,0.0,0.0,0.0,0.0,34.5,34.5,34.5,27.272256590684236,34.5,27.272256590684236,27.272256590684236,34.5,34.5,34.5,34.5,12.0,0.0,0.0,0.0
0.0,34.5,34.5,12.0,25.338038605454905,25.33803860545489,12.0,25.33803860545489,25.33803860545489,25.33803860545489,25.33803860545489,20.82797396332017,20.82797396332017,20.82797396332017,20.82797396332017,12.0,12.0,16.76469758977293,16.76469758977293,16.76469758977293,16.76469758977293,0.0,0.0,0.0,0.0,0.0,0.0,0.0,0.0,0.0,0.0,12.0,12.0,12.0,31.123997575776116,34.5,34.5,34.5,27.272256590684236,34.5,34.5,12.0,34.5,12.0,12.0,31.995382660992092,34.5,20.82797396332017,20.82797396332017
0.0,34.5,34.5,31.862770057485093,12.0,12.0,25.338038605454855,12.0,12.0,12.0,12.0,0.0,0.0,0.0,0.0,0.0,0.0,0.0,0.0,0.0,0.0,0.0,0.0,0.0,0.0,0.0,0.0,0.0,34.5,33.4093061250566,33.411692675369636,31.914079310242258,12.0,31.918852833678315,12.0,12.0,34.5,34.5,34.5,34.5,34.5,34.5,12.0,26.829701178493536,31.123997575776116,0.0,0.0,0.0,0.0
50.0,143.75,143.75,143.75,143.75,0.0,0.0,0.0,0.0,0.0,0.0,0.0,0.0,0.0,0.0,0.0,0.0,0.0,0.0,0.0,0.0,0.0,0.0,0.0,0.0,0.0,0.0,0.0,0.0,0.0,0.0,0.0,0.0,0.0,0.0,0.0,0.0,50.0,143.75,52.19672656308157,52.19672656308157,52.19672656308157,52.19672656308157,50.0,123.68304747415706,123.68304747415706,143.75,66.32493833998385,66.32728834705021
0.0,0.0,0.0,0.0,0.0,0.0,0.0,0.0,0.0,0.0,0.0,0.0,0.0,0.0,0.0,0.0,0.0,0.0,0.0,0.0,0.0,0.0,0.0,0.0,0.0,0.0,0.0,0.0,0.0,0.0,0.0,0.0,0.0,0.0,0.0,0.0,0.0,0.0,0.0,0.0,0.0,0.0,0.0,0.0,0.0,0.0,0.0,0.0,0.0
0.0,0.0,0.0,0.0,0.0,0.0,0.0,0.0,0.0,0.0,0.0,0.0,0.0,0.0,0.0,0.0,0.0,0.0,0.0,50.0,50.0,50.0,50.0,59.82483218402083,59.82483218402083,59.82483218402083,59.82483218402083,59.82483218402087,59.82483218402083,0.0,0.0,0.0,0.0,0.0,0.0,0.0,0.0,0.0,0.0,0.0,0.0,0.0,0.0,0.0,0.0,0.0,0.0,0.0,0.0
0.0,143.75,143.75,143.75,143.75,66.19452298371601,59.824832184020885,59.82483218402087,59.82483218402083,59.82483218402087,59.82483218402087,0.0,0.0,0.0,0.0,0.0,0.0,0.0,0.0,0.0,0.0,0.0,0.0,0.0,0.0,0.0,0.0,0.0,0.0,0.0,0.0,66.24028799903992,66.2426350067986,66.24498209771575,66.24732927179441,66.24967652903753,143.75,123.68304747415706,143.75,143.75,143.75,143.75,143.75,123.68304747415706,50.0,50.0,0.0,0.0,0.0
25.0,56.94436057874975,56.94436057874975,55.60474163105722,55.60474163100487,56.94436057883706,56.94436057895348,0.0,0.0,0.0,0.0,0.0,0.0,0.0,0.0,0.0,0.0,0.0,0.0,0.0,0.0,0.0,0.0,0.0,0.0,0.0,0.0,0.0,0.0,0.0,0.0,0.0,0.0,0.0,0.0,0.0,0.0,0.0,0.0,0.0,0.0,0.0,0.0,0.0,0.0,0.0,0.0,0.0,0.0
0.0,71.875,71.875,71.875,71.875,71.875,71.875,27.6618088873622,25.000000000000007,25.0,24.999999999999986,25.0,25.0,25.0,25.0,0.0,0.0,0.0,0.0,0.0,0.0,0.0,0.0,0.0,0.0,24.999999999999986,24.999999999999986,24.999999999999986,24.999999999999986,25.0,24.999999999999986,24.999999999999986,24.999999999999986,27.68093347729132,27.68191426055179,27.682895078563092,27.68387593132647,27.684856818843173,59.673502374727086,71.875,71.875,71.875,71.875,71.875,71.875,71.875,71.875,71.875,59.673502374727086
17.32,46.16705730302971,46.173992935518946,46.180928568008156,46.18786420049737,46.19479983298658,46.20173546547579,49.795,17.32,17.32,49.08844316044002,17.32,46.30374874404146,17.32,46.3358480225773,17.32,49.795,46.37488916206544,49.795,49.795,49.795,46.40263169202229,46.4095673245115,46.416502957000716,46.423438589489926,46.430374221979136,46.43730985446835,46.44424548695756,46.45118111944677,46.45811675193599,46.4650523844252,46.47198801691441,46.478923649403626,46.485859281892836,46.492794914382046,46.49973054687126,46.50666617936047,46.51360181184968,46.5205374443389,46.52747307682811,46.53440870931732,46.541344341806536,46.548279974295745,49.795,49.795,46.56908687176338,46.57602250425259,49.795,49.795
0.0,49.795,49.795,49.795,49.795,49.795,49.795,46.20867109796501,17.32,17.32,17.32,17.32,49.795,17.32,49.795,17.32,49.795,49.795,49.795,46.38876042704386,46.39569605953308,49.795,49.795,49.795,49.795,49.795,49.795,49.795,49.795,49.795,49.795,49.795,49.795,49.795,49.795,49.795,49.795,49.795,49.795,49.795,49.795,49.795,49.795,46.555215606784955,49.795,49.795,49.795,49.795,49.795
0.0,49.795,49.795,49.795,49.795,49.795,49.795,49.795,17.32,17.32,49.795,17.32,49.795,17.32,49.795,17.32,46.367953529576226,49.795,46.38182479455465,49.795,49.795,49.795,49.795,49.795,49.795,49.795,49.795,49.795,49.795,49.795,49.795,49.795,49.795,49.795,49.795,49.795,49.795,49.795,49.795,49.795,49.795,49.795,49.795,49.795,46.56215123927417,49.795,49.795,46.58295813674181,46.58989376923101
20.0,54.035069761395704,20.0,47.70184659817841,0.0,0.0,0.0,0.0,0.0,0.0,0.0,0.0,0.0,0.0,0.0,0.0,0.0,0.0,0.0,55.00078707578595,57.5,57.5,57.5,54.96716764897061,54.966056468729306,57.5,57.5,54.9627229280054,54.961611747764096,54.96050056752279,54.9593893872815,54.958278207040195,57.5,57.5,54.95494466631629,54.96401930495358,54.96290812471228,54.951611125592386,54.95049994535108,57.5,57.5,54.99809549902015,55.017355956536036,57.5,57.5,55.07513732908369,57.5,55.11335844072814,57.5
0.0,57.5,20.0,57.5,20.0,20.0,20.0,20.0,20.0,20.0,20.0,20.0,20.0,20.0,20.0,20.0,57.5,20.0,20.0,57.5,54.97050118969451,54.96939000945321,54.968278829211904,57.5,57.5,54.964945288488,54.9638341082467,57.5,57.5,57.5,57.5,57.5,54.95716702679889,54.95605584655759,57.5,57.5,57.5,57.5,57.5,54.95957458398837,54.97883504150427,57.5,57.5,55.03661641405192,55.055876871567804,57.5,55.09439778659957,57.5,55.122688866098784
26.0,25.99999999999998,26.0,74.75,26.0,26.0,26.0,53.11492776069858,74.75,74.75,55.977918354316834,26.0,74.75,32.0277899003931,74.75,26.0,66.56645471080725,35.130142347489624,74.75,45.86023269297972,45.86023269297972,74.75,74.75,74.75,45.86023269297972,74.75,74.75,45.86023269297972,45.86023269297972,74.75,45.86023269297972,74.75,74.75,74.75,73.81481011109625,45.86023269297972,45.86023269297972,74.75,66.47725414675078,66.38805358269431,66.29885301863784,66.20965245458136,74.75,74.75,65.94205076241194,65.24339546787489,74.75,0.0,0.0
0.0,70.9576172985056,26.0,65.60082939527176,26.0,26.0,26.0,26.0,45.86023269297972,45.86023269297972,26.0,55.96756712739555,66.54021858014622,26.0,66.52723490008962,26.0,74.75,26.0,45.86023269297972,74.75,74.75,45.86023269297972,45.86023269297972,45.86023269297972,74.75,45.86023269297972,45.86023269297972,74.75,74.75,45.86023269297972,74.75,45.86023269297972,45.86023269297972,66.56645471080725,26.0,74.75,74.75,66.56645471080725,74.75,74.75,74.75,74.75,66.12045189052489,66.03125132646842,74.75,74.75,46.18948338516248,26.0,27.138505904776324
300.0,232.6726769534871,232.6708140576324,170.0,170.0,170.0,169.99999993136726,0.0,0.0,0.0,0.0,0.0,0.0,0.0,0.0,0.0,0.0,169.9999999128101,169.99999989431086,169.99999987487877,188.75,188.75,220.86320298862367,467.0828772131476,467.07212164017636,467.0613660671651,467.05061049419385,467.0398549212026,467.0290993482114,467.01834377522016,467.00758820222893,0.0,0.0,0.0,0.0,0.0,0.0,0.0,0.0,0.0,0.0,0.0,0.0,0.0,0.0,0.0,0.0,0.0,0.0
0.0,0.0,0.0,0.0,0.0,0.0,0.0,0.0,0.0,0.0,0.0,0.0,0.0,0.0,0.0,0.0,0.0,0.0,0.0,0.0,0.0,201.20120921256034,488.75,488.75,488.75,488.75,488.75,488.75,488.75,488.75,488.75,0.0,0.0,0.0,0.0,0.0,0.0,0.0,0.0,0.0,0.0,0.0,0.0,0.0,0.0,0.0,0.0,0.0,0.0
0.0,0.0,0.0,0.0,0.0,0.0,0.0,0.0,0.0,0.0,0.0,0.0,0.0,0.0,0.0,0.0,0.0,0.0,0.0,0.0,0.0,0.0,0.0,0.0,0.0,0.0,0.0,0.0,0.0,0.0,0.0,0.0,0.0,0.0,0.0,0.0,0.0,0.0,0.0,0.0,0.0,0.0,0.0,0.0,0.0,0.0,0.0,0.0,0.0
150.0,78.38550186444945,78.38550186444945,78.38550186444945,78.38550186444945,78.38550186444945,78.38550186444945,60.0,60.000000000000014,88.04133209932984,88.04188911741576,88.04244614235114,88.04300313913609,0.0,0.0,0.0,0.0,0.0,0.0,0.0,0.0,0.0,0.0,0.0,0.0,0.0,0.0,60.0,117.28318588116804,172.5,172.5,172.5,117.158129320495,172.5,172.5,172.5,117.158129320495,0.0,0.0,0.0,0.0,0.0,0.0,0.0,0.0,0.0,0.0,0.0,0.0
150.0,60.0,60.0,60.0,60.0,60.0,60.0,60.0,60.0,0.0,0.0,0.0,0.0,0.0,0.0,0.0,0.0,0.0,0.0,0.0,0.0,0.0,0.0,88.04115076126944,88.04170776769165,88.04226478048744,97.60457473584373,78.03207555472403,60.0,172.5,172.5,172.5,172.5,172.5,172.5,172.5,172.5,0.0,0.0,0.0,0.0,0.0,0.0,0.0,0.0,0.0,0.0,0.0,0.0
0.0,0.0,0.0,0.0,0.0,0.0,0.0,0.0,0.0,0.0,0.0,0.0,0.0,0.0,0.0,0.0,0.0,0.0,0.0,0.0,0.0,0.0,0.0,0.0,0.0,0.0,0.0,60.0,172.5,117.15812932048584,117.158129320495,117.15812932048584,172.5,117.158129320495,117.158129320495,117.158129320495,172.5,0.0,0.0,0.0,0.0,0.0,0.0,0.0,0.0,0.0,0.0,0.0,0.0
120.0,74.12703482533158,74.12703482532565,74.12703482532565,74.12703482532565,74.12703482532565,74.12703482532565,0.0,0.0,0.0,0.0,0.0,0.0,0.0,0.0,0.0,0.0,0.0,0.0,0.0,0.0,0.0,0.0,0.0,0.0,0.0,0.0,0.0,0.0,49.352694618738994,49.35298585750566,49.35327709960485,54.353067491360115,48.64,139.84,114.13743905633376,114.13743905633888,114.13743905633376,139.84,114.13743905633888,139.84,114.13743905633888,114.13743905633888,0.0,0.0,0.0,0.0,0.0,0.0
0.0,0.0,0.0,0.0,0.0,0.0,0.0,75.67595794109533,75.67595794109533,75.67595794109533,75.67595794109533,75.67595794109533,75.67595794109533,66.06283558900274,66.06283558900276,49.35278943393493,49.35308067880014,49.353371927246684,49.35366316097437,0.0,0.0,0.0,0.0,0.0,0.0,0.0,0.0,0.0,0.0,0.0,0.0,0.0,0.0,59.02959785952427,51.21732035603654,139.84,139.84,139.84,114.13743905633376,139.84,114.13743905633888,139.84,139.84,0.0,0.0,0.0,0.0,0.0,0.0
150.0,0.0,0.0,0.0,0.0,0.0,0.0,0.0,0.0,0.0,0.0,0.0,0.0,0.0,0.0,0.0,0.0,0.0,0.0,0.0,0.0,0.0,0.0,0.0,0.0,0.0,0.0,0.0,0.0,0.0,0.0,0.0,0.0,0.0,0.0,0.0,0.0,0.0,0.0,0.0,0.0,0.0,0.0,0.0,0.0,0.0,0.0,0.0,0.0
150.0,0.0,0.0,0.0,0.0,0.0,0.0,0.0,0.0,0.0,0.0,0.0,0.0,0.0,0.0,0.0,0.0,0.0,0.0,0.0,0.0,0.0,0.0,0.0,0.0,0.0,0.0,0.0,0.0,0.0,0.0,0.0,0.0,0.0,0.0,0.0,0.0,0.0,0.0,0.0,0.0,0.0,0.0,0.0,0.0,0.0,0.0,0.0,0.0
0.0,0.0,0.0,0.0,0.0,0.0,0.0,0.0,0.0,0.0,0.0,0.0,0.0,0.0,0.0,0.0,0.0,0.0,0.0,0.0,0.0,0.0,0.0,0.0,0.0,0.0,0.0,0.0,0.0,0.0,0.0,0.0,0.0,0.0,0.0,0.0,0.0,0.0,0.0,0.0,0.0,0.0,0.0,0.0,0.0,0.0,0.0,0.0,0.0
150.0,0.0,0.0,0.0,0.0,0.0,0.0,0.0,0.0,0.0,0.0,0.0,0.0,0.0,0.0,0.0,0.0,0.0,0.0,0.0,0.0,0.0,0.0,0.0,0.0,0.0,0.0,0.0,0.0,0.0,0.0,0.0,0.0,0.0,0.0,0.0,0.0,0.0,0.0,0.0,0.0,0.0,0.0,0.0,0.0,0.0,0.0,0.0,0.0
150.0,98.06262387472367,98.06262387470093,98.06262387470093,98.06262387470093,98.06262387470093,98.06262387470093,98.06262387470093,98.06262387470093,98.06262387470093,98.06262387470093,98.06262387470093,98.06262387470093,98.06262387470093,98.06262387470093,98.06262387470093,98.06262387470093,98.06262387470093,98.06262387470093,98.06262387470093,98.06262387470093,98.06262387470093,98.06262387470093,98.06262387470093,98.06262387470093,98.06262387470093,98.06262387470093,98.06262387470093,98.06262387470093,98.06262387470093,98.06262387470093,98.06262387470093,98.06262387470093,98.06262387470093,98.06262387470093,98.06262387470093,98.06262387470093,98.06262387470093,98.06262387470093,98.06262387470093,98.06262387470093,98.06262387470093,98.06262387470093,98.06262387470093,98.06262387470093,98.06262387470093,98.06262387470093,98.06262387470093,98.06262387470093
150.0,0.0,0.0,0.0,0.0,0.0,0.0,0.0,0.0,0.0,0.0,0.0,0.0,0.0,0.0,0.0,0.0,0.0,0.0,0.0,0.0,0.0,0.0,0.0,0.0,0.0,0.0,0.0,0.0,0.0,0.0,0.0,0.0,0.0,0.0,0.0,0.0,0.0,0.0,0.0,0.0,0.0,0.0,0.0,0.0,0.0,0.0,0.0,0.0
150.0,0.0,0.0,0.0,0.0,0.0,0.0,0.0,0.0,0.0,0.0,0.0,0.0,0.0,0.0,0.0,0.0,0.0,0.0,0.0,0.0,0.0,0.0,0.0,0.0,0.0,0.0,0.0,0.0,0.0,0.0,0.0,0.0,0.0,0.0,0.0,0.0,0.0,0.0,0.0,0.0,0.0,0.0,0.0,0.0,0.0,0.0,0.0,0.0
150.0,107.57499999999999,107.57499999999999,107.57499999999999,107.57499999999999,107.57499999999999,107.57499999999999,107.57499999999999,107.57499999999999,107.57499999999999,107.57499999999999,107.57499999999999,107.57499999999999,107.57499999999999,107.57499999999999,107.57499999999999,107.57499999999999,107.57499999999999,107.57499999999999,107.57499999999999,107.57499999999999,107.57499999999999,107.57499999999999,107.57499999999999,107.57499999999999,107.57499999999999,107.57499999999999,107.57499999999999,107.57499999999999,107.57499999999999,107.57499999999999,107.57499999999999,107.57499999999999,107.57499999999999,107.57499999999999,107.57499999999999,107.57499999999999,107.57499999999999,107.57499999999999,107.57499999999999,107.57499999999999,107.57499999999999,107.57499999999999,107.57499999999999,107.57499999999999,107.57499999999999,107.57499999999999,107.57499999999999,107.57499999999999
120.0,86.3686188851396,86.3686188851396,86.3686188851396,88.2936188851396,86.3686188851396,86.3686188851396,86.3686188851396,86.3686188851396,86.3686188851405,86.3686188851396,90.21861888513953,140.21861888513953,90.21861888513953,54.36,54.36,89.49376621483508,88.29361888513958,138.29361888513958,88.29361888513958,86.3686188851396,86.3686188851396,86.3686188851396,86.3686188851396,86.3686188851396,86.3686188851396,86.3686188851396,86.3686188851396,86.3686188851396,86.3686188851396,86.3686188851396,86.3686188851396,86.3686188851396,86.3686188851396,86.3686188851396,86.3686188851396,86.3686188851396,86.3686188851396,86.3686188851396,86.3686188851396,86.3686188851396,86.3686188851396,86.3686188851396,86.3686188851396,88.2936188851396,86.3686188851396,86.3686188851396,86.3686188851396,86.3686188851396
120.0,156.285,156.285,156.285,156.285,156.285,156.285,156.285,156.285,156.285,156.285,154.36,104.36,54.36,54.36,54.36,104.36,106.285,156.285,156.285,156.285,156.285,156.285,156.285,156.285,156.285,156.285,156.285,156.285,156.285,156.285,156.285,156.285,156.285,156.285,156.285,156.285,156.285,156.285,156.285,156.285,156.285,156.285,156.285,156.285,156.285,156.285,156.285,156.285
120.0,156.285,156.285,156.285,156.285,156.285,156.285,156.285,156.285,156.285,156.285,156.285,156.285,106.285,117.95373180492275,67.95373180492275,117.95373180492275,156.285,156.285,156.285,156.285,156.285,156.285,156.285,156.285,156.285,156.285,156.285,156.285,156.285,156.285,156.285,156.285,156.285,156.285,156.285,156.285,156.285,156.285,156.285,156.285,156.285,156.285,156.285,156.285,156.285,156.285,156.285,156.285
120.0,156.285,156.285,156.285,156.285,156.285,156.285,156.285,156.285,156.285,156.285,156.285,156.285,106.285,56.285,106.285,156.285,106.285,156.285,156.285,156.285,156.285,156.285,156.285,156.285,156.285,156.285,156.285,156.285,156.285,156.285,156.285,156.285,156.285,156.285,156.285,156.285,156.285,156.285,156.285,156.285,156.285,156.285,156.285,156.285,156.285,156.285,156.285,156.285
120.0,156.285,156.285,156.285,156.285,156.285,156.285,156.285,156.285,156.285,156.285,156.285,156.285,106.285,109.5332095232185,106.285,156.285,156.285,156.285,156.285,156.285,156.285,156.285,156.285,156.285,156.285,156.285,156.285,156.285,156.285,156.285,156.285,156.285,156.285,156.285,156.285,156.285,156.285,156.285,156.285,156.285,156.285,156.285,156.285,156.285,156.285,156.285,156.285,156.285
0.0,156.285,156.285,156.285,156.285,156.285,156.285,156.285,156.285,156.285,156.285,156.285,156.285,106.285,156.285,106.285,156.285,133.70454336211293,156.285,156.285,156.285,156.285,156.285,156.285,156.285,156.285,156.285,156.285,156.285,156.285,156.285,156.285,156.285,156.285,156.285,156.285,156.285,156.285,156.285,156.285,156.285,156.285,156.285,156.285,156.285,156.285,156.285,156.285,156.285
0.0,106.285,106.285,106.285,104.36,106.285,106.285,106.285,106.285,106.285,106.285,104.36000000000004,106.285,66.04067109223811,106.285,104.36,104.36,104.36,106.285,106.285,106.285,106.285,106.285,106.285,106.285,106.285,106.285,106.285,106.285,106.285,106.285,106.285,106.285,106.285,106.285,106.285,106.285,106.285,106.285,106.285,106.285,106.285,106.285,106.285,104.36,106.285,106.285,106.285,106.285
0.0,156.285,156.285,156.285,156.285,156.285,156.285,156.285,156.285,156.285,156.285,156.285,154.36,104.36,54.36,54.36,104.36,54.36,104.36,154.36,156.285,156.285,156.285,156.285,156.285,156.285,156.285,156.285,156.285,156.285,156.285,156.285,156.285,156.285,156.285,156.285,156.285,156.285,156.285,156.285,156.285,156.285,156.285,156.285,156.285,156.285,156.285,156.285,156.285
9.0,9.0,9.0,9.0,9.0,11.606366188455468,9.0,9.0,11.70498988613383,11.737864452026542,20.770739017919368,20.80361358381208,20.836488149704905,9.0,9.0,9.0,9.0,9.0,21.03373554506163,21.066610110954343,0.0,0.0,0.0,0.0,0.0,0.0,0.0,0.0,0.0,0.0,0.0,0.0,0.0,0.0,0.0,0.0,0.0,0.0,0.0,0.0,0.0,0.0,0.0,0.0,0.0,0.0,0.0,0.0,0.0
9.0,11.47486758269021,11.50774249077696,11.54061705666993,11.573491622562756,9.0,11.639240754348293,11.672115320241005,9.0,9.0,0.0,0.0,0.0,0.0,0.0,0.0,0.0,0.0,0.0,0.0,21.09948467684717,21.132359242739835,21.165233808632653,9.0,9.0,9.0,9.0,9.0,9.0,9.0,0.0,0.0,0.0,0.0,0.0,0.0,0.0,0.0,0.0,0.0,0.0,0.0,0.0,0.0,0.0,0.0,0.0,0.0,0.0
350.0,0.0,0.0,0.0,0.0,0.0,0.0,0.0,0.0,0.0,0.0,0.0,0.0,0.0,0.0,0.0,0.0,0.0,0.0,0.0,0.0,0.0,0.0,0.0,0.0,0.0,0.0,0.0,0.0,0.0,0.0,0.0,0.0,0.0,0.0,0.0,0.0,0.0,0.0,0.0,0.0,0.0,0.0,0.0,0.0,0.0,0.0,0.0,0.0
350.0,0.0,0.0,0.0,0.0,0.0,0.0,0.0,0.0,0.0,0.0,0.0,0.0,0.0,0.0,0.0,0.0,0.0,0.0,0.0,0.0,0.0,0.0,0.0,0.0,0.0,0.0,0.0,0.0,0.0,0.0,0.0,0.0,0.0,0.0,0.0,0.0,0.0,0.0,0.0,0.0,0.0,0.0,0.0,0.0,0.0,0.0,0.0,0.0
350.0,0.0,0.0,0.0,0.0,0.0,0.0,0.0,0.0,0.0,0.0,0.0,0.0,0.0,0.0,0.0,0.0,0.0,0.0,0.0,0.0,0.0,0.0,0.0,0.0,0.0,0.0,0.0,0.0,0.0,0.0,0.0,0.0,0.0,0.0,0.0,0.0,0.0,0.0,0.0,0.0,0.0,0.0,0.0,0.0,0.0,0.0,0.0,0.0
350.0,0.0,0.0,0.0,0.0,0.0,0.0,0.0,0.0,0.0,0.0,0.0,0.0,0.0,0.0,0.0,0.0,0.0,0.0,0.0,0.0,0.0,0.0,0.0,0.0,0.0,0.0,0.0,0.0,0.0,0.0,0.0,0.0,0.0,0.0,0.0,0.0,0.0,0.0,0.0,0.0,0.0,0.0,0.0,0.0,0.0,0.0,0.0,0.0
350.0,0.0,0.0,0.0,0.0,0.0,0.0,0.0,0.0,0.0,0.0,0.0,0.0,0.0,0.0,0.0,0.0,0.0,0.0,0.0,0.0,0.0,0.0,0.0,0.0,0.0,0.0,0.0,0.0,0.0,0.0,0.0,0.0,0.0,0.0,0.0,0.0,0.0,0.0,0.0,0.0,0.0,0.0,0.0,0.0,0.0,0.0,0.0,0.0
350.0,0.0,0.0,0.0,0.0,0.0,0.0,0.0,0.0,0.0,0.0,0.0,0.0,0.0,0.0,0.0,0.0,0.0,0.0,0.0,0.0,0.0,0.0,0.0,0.0,0.0,0.0,0.0,0.0,0.0,0.0,0.0,0.0,0.0,0.0,0.0,0.0,0.0,0.0,0.0,0.0,0.0,0.0,0.0,0.0,0.0,0.0,0.0,0.0
350.0,0.0,0.0,0.0,0.0,0.0,0.0,0.0,0.0,0.0,0.0,0.0,0.0,0.0,0.0,0.0,0.0,0.0,0.0,0.0,0.0,0.0,0.0,0.0,0.0,0.0,0.0,0.0,0.0,0.0,0.0,0.0,0.0,0.0,0.0,0.0,0.0,0.0,0.0,0.0,0.0,0.0,0.0,0.0,0.0,0.0,0.0,0.0,0.0
350.0,0.0,0.0,0.0,0.0,0.0,0.0,0.0,0.0,0.0,0.0,0.0,0.0,0.0,0.0,0.0,0.0,0.0,0.0,0.0,0.0,0.0,0.0,0.0,0.0,0.0,0.0,0.0,0.0,0.0,0.0,0.0,0.0,0.0,0.0,0.0,0.0,0.0,0.0,0.0,0.0,0.0,0.0,0.0,0.0,0.0,0.0,0.0,0.0
350.0,0.0,0.0,0.0,0.0,0.0,0.0,0.0,0.0,0.0,0.0,0.0,0.0,0.0,0.0,0.0,0.0,0.0,0.0,0.0,0.0,0.0,0.0,0.0,0.0,0.0,0.0,0.0,0.0,0.0,0.0,0.0,0.0,0.0,0.0,0.0,0.0,0.0,0.0,0.0,0.0,0.0,0.0,0.0,0.0,0.0,0.0,0.0,0.0
350.0,0.0,0.0,0.0,0.0,0.0,0.0,0.0,0.0,0.0,0.0,0.0,0.0,0.0,0.0,0.0,0.0,0.0,0.0,0.0,0.0,0.0,0.0,190.0,190.0,190.0,190.0,190.0,190.0,190.0,190.0,190.0,190.0,190.0,202.5,252.5,302.5,352.5,352.5,302.5,252.5,202.5,152.5,176.90826793630734,226.90826793630734,276.1977854616832,0.0,0.0,0.0
0.0,0.0,0.0,0.0,0.0,0.0,0.0,0.0,0.0,0.0,0.0,0.0,0.0,0.0,0.0,0.0,0.0,0.0,0.0,0.0,0.0,0.0,0.0,0.0,0.0,0.0,0.0,0.0,0.0,0.0,0.0,0.0,0.0,0.0,0.0,0.0,0.0,0.0,0.0,0.0,0.0,0.0,0.0,0.0,0.0,0.0,0.0,0.0,0.0
0.0,0.0,0.0,0.0,0.0,0.0,0.0,0.0,0.0,0.0,0.0,0.0,0.0,0.0,0.0,0.0,0.0,0.0,0.0,0.0,0.0,0.0,0.0,0.0,0.0,0.0,0.0,0.0,0.0,0.0,0.0,0.0,0.0,0.0,202.5,252.5,302.5,352.5,342.12626829498004,292.12626829498004,242.12626829498004,192.12626829498004,142.12626829498004,140.0,0.0,0.0,0.0,0.0,0.0
350.0,0.0,0.0,0.0,0.0,0.0,0.0,0.0,0.0,0.0,0.0,0.0,0.0,0.0,0.0,0.0,0.0,0.0,0.0,0.0,0.0,0.0,0.0,0.0,0.0,0.0,0.0,0.0,0.0,0.0,0.0,0.0,0.0,0.0,0.0,0.0,0.0,0.0,0.0,0.0,0.0,0.0,0.0,0.0,0.0,0.0,0.0,0.0,0.0
350.0,0.0,0.0,0.0,0.0,0.0,0.0,0.0,0.0,0.0,0.0,0.0,0.0,0.0,0.0,0.0,0.0,0.0,0.0,0.0,0.0,0.0,0.0,0.0,0.0,0.0,0.0,0.0,0.0,0.0,0.0,0.0,0.0,0.0,0.0,0.0,0.0,0.0,0.0,0.0,0.0,0.0,0.0,0.0,0.0,0.0,0.0,0.0,0.0
350.0,0.0,0.0,0.0,0.0,0.0,0.0,0.0,0.0,0.0,0.0,0.0,0.0,0.0,0.0,0.0,0.0,0.0,0.0,0.0,0.0,0.0,0.0,0.0,0.0,0.0,0.0,0.0,0.0,0.0,0.0,0.0,0.0,0.0,0.0,0.0,0.0,0.0,0.0,0.0,0.0,0.0,0.0,0.0,0.0,0.0,0.0,0.0,0.0
350.0,0.0,0.0,0.0,0.0,0.0,0.0,0.0,0.0,0.0,0.0,0.0,0.0,0.0,0.0,0.0,0.0,0.0,0.0,0.0,0.0,0.0,0.0,0.0,0.0,0.0,0.0,0.0,0.0,0.0,0.0,0.0,0.0,0.0,0.0,0.0,0.0,0.0,0.0,0.0,0.0,0.0,0.0,0.0,0.0,0.0,0.0,0.0,0.0
350.0,0.0,0.0,0.0,0.0,0.0,0.0,0.0,0.0,0.0,0.0,0.0,0.0,0.0,0.0,0.0,0.0,0.0,0.0,0.0,0.0,0.0,0.0,0.0,0.0,0.0,0.0,0.0,0.0,0.0,0.0,0.0,0.0,0.0,0.0,0.0,0.0,0.0,0.0,0.0,0.0,0.0,0.0,0.0,0.0,0.0,0.0,0.0,0.0
350.0,0.0,0.0,0.0,0.0,0.0,0.0,0.0,0.0,0.0,0.0,0.0,0.0,0.0,0.0,0.0,0.0,0.0,0.0,0.0,0.0,0.0,0.0,0.0,0.0,0.0,0.0,0.0,0.0,0.0,0.0,0.0,0.0,0.0,0.0,0.0,0.0,0.0,0.0,0.0,0.0,0.0,0.0,0.0,0.0,0.0,0.0,0.0,0.0
350.0,0.0,0.0,0.0,0.0,0.0,0.0,0.0,0.0,0.0,0.0,0.0,0.0,0.0,0.0,0.0,0.0,0.0,0.0,0.0,0.0,0.0,0.0,0.0,0.0,0.0,0.0,0.0,0.0,0.0,0.0,0.0,0.0,0.0,0.0,0.0,0.0,0.0,0.0,0.0,0.0,0.0,0.0,0.0,0.0,0.0,0.0,0.0,0.0
350.0,0.0,0.0,0.0,0.0,0.0,0.0,0.0,0.0,0.0,0.0,0.0,0.0,0.0,0.0,0.0,0.0,0.0,0.0,0.0,0.0,0.0,0.0,0.0,0.0,0.0,0.0,0.0,0.0,0.0,0.0,0.0,0.0,0.0,0.0,0.0,0.0,0.0,0.0,0.0,0.0,0.0,0.0,0.0,0.0,0.0,0.0,0.0,0.0
350.0,0.0,0.0,0.0,0.0,0.0,0.0,0.0,0.0,0.0,0.0,0.0,0.0,0.0,0.0,0.0,0.0,0.0,0.0,0.0,0.0,0.0,0.0,0.0,0.0,0.0,0.0,0.0,0.0,0.0,0.0,206.0,206.0,206.0,248.5,298.5,348.5,398.5,448.5,398.5,348.5,0.0,0.0,0.0,0.0,0.0,0.0,0.0,0.0
0.0,0.0,0.0,0.0,0.0,0.0,0.0,0.0,0.0,0.0,0.0,0.0,0.0,0.0,0.0,0.0,0.0,0.0,0.0,0.0,0.0,0.0,0.0,0.0,0.0,0.0,0.0,0.0,0.0,0.0,0.0,0.0,0.0,0.0,0.0,0.0,0.0,0.0,0.0,0.0,0.0,0.0,0.0,0.0,0.0,0.0,0.0,0.0,0.0
0.0,0.0,0.0,0.0,0.0,0.0,0.0,0.0,0.0,0.0,0.0,0.0,0.0,0.0,0.0,0.0,0.0,0.0,0.0,0.0,0.0,0.0,0.0,206.0,206.0,206.0,206.0,206.0,206.0,206.0,206.0,206.0,206.0,206.0,248.5,298.5,348.5,398.5,398.5,348.5,298.5,248.5,206.0,206.0,256.0,209.45927743289866,259.45927743289866,309.45927743289866,0.0
61.56,0.0,0.0,0.0,0.0,0.0,0.0,0.0,0.0,0.0,0.0,0.0,0.0,0.0,0.0,0.0,0.0,0.0,0.0,0.0,0.0,0.0,0.0,0.0,0.0,0.0,0.0,0.0,0.0,0.0,0.0,0.0,0.0,0.0,0.0,0.0,0.0,0.0,0.0,0.0,0.0,0.0,0.0,0.0,0.0,0.0,0.0,0.0,0.0
0.0,0.0,0.0,0.0,0.0,0.0,0.0,0.0,0.0,0.0,0.0,0.0,0.0,0.0,0.0,0.0,0.0,0.0,0.0,0.0,0.0,0.0,0.0,0.0,0.0,0.0,0.0,0.0,0.0,0.0,0.0,0.0,0.0,0.0,0.0,0.0,0.0,0.0,0.0,0.0,0.0,0.0,0.0,0.0,0.0,0.0,0.0,0.0,0.0
0.0,0.0,0.0,0.0,0.0,0.0,0.0,0.0,0.0,0.0,0.0,0.0,0.0,0.0,0.0,0.0,0.0,0.0,0.0,0.0,0.0,0.0,0.0,0.0,0.0,0.0,0.0,0.0,0.0,0.0,0.0,0.0,0.0,0.0,0.0,0.0,0.0,0.0,0.0,0.0,0.0,0.0,0.0,0.0,0.0,0.0,0.0,0.0,0.0
150.0,70.0,70.0,0.0,0.0,0.0,0.0,0.0,0.0,0.0,0.0,0.0,0.0,0.0,0.0,0.0,0.0,0.0,0.0,0.0,0.0,0.0,0.0,0.0,0.0,0.0,0.0,0.0,70.0,70.0,70.0,70.0,70.0,70.0,70.0,70.0,70.0,70.0,0.0,0.0,0.0,0.0,0.0,0.0,0.0,0.0,0.0,0.0,0.0
150.0,86.21991258842627,86.21435376582451,70.0,70.0,70.0,70.0,70.0,70.0,0.0,0.0,0.0,0.0,0.0,0.0,0.0,0.0,0.0,0.0,0.0,0.0,0.0,0.0,0.0,0.0,0.0,0.0,0.0,0.0,0.0,0.0,0.0,0.0,0.0,0.0,0.0,0.0,0.0,0.0,0.0,0.0,0.0,0.0,0.0,0.0,0.0,0.0,0.0,85.95864790939953
0.0,0.0,0.0,86.20879494285875,86.20323611989298,86.19767729692722,86.19211847396147,86.1865596509957,86.18100082802994,156.17544200506418,70.0,70.0,70.0,0.0,0.0,0.0,0.0,0.0,0.0,0.0,0.0,0.0,0.0,0.0,0.0,0.0,0.0,0.0,0.0,0.0,0.0,0.0,0.0,86.04203025388594,86.03647143092019,86.03091260795443,86.02535378498867,86.0197949620229,70.0,70.0,70.0,70.0,70.0,0.0,0.0,0.0,0.0,0.0,0.0
0.0,0.0,0.0,0.0,0.0,0.0,0.0,0.0,0.0,0.0,0.0,0.0,0.0,0.0,0.0,0.0,0.0,0.0,0.0,0.0,0.0,0.0,0.0,0.0,0.0,0.0,0.0,0.0,0.0,0.0,0.0,0.0,0.0,0.0,0.0,0.0,0.0,0.0,0.0,0.0,0.0,0.0,0.0,0.0,70.0,70.0,85.96976555533104,85.96420673236528,70.0
0.0,0.0,0.0,0.0,0.0,0.0,0.0,0.0,0.0,0.0,0.0,0.0,0.0,0.0,0.0,0.0,0.0,0.0,0.0,0.0,0.0,0.0,0.0,70.0,70.0,70.0,70.0,70.0,86.06982436871475,86.06426554574898,86.05870672278323,86.05314789981747,86.04758907685171,0.0,0.0,0.0,0.0,0.0,0.0,0.0,0.0,0.0,0.0,0.0,0.0,0.0,0.0,0.0,0.0
0.0,0.0,0.0,0.0,0.0,0.0,0.0,0.0,0.0,0.0,86.16988318209843,86.16432435913268,86.15876553616691,156.15320671320114,156.1476478902354,156.14208906726964,156.13653024430386,156.1309714213381,156.12541259837235,156.1198537754066,156.11429495244084,156.10873612947506,156.1031773065093,86.09761848354356,86.09205966057779,86.08650083761202,86.08094201464627,86.07538319168052,0.0,0.0,0.0,0.0,0.0,0.0,0.0,0.0,0.0,0.0,86.01423613905715,86.0086773160914,86.00311849312563,85.99755967015986,85.9920008471941,155.98644202422835,85.98088320126259,85.97532437829682,70.0,70.0,0.0
230.0,130.0,98.64,0.0,0.0,0.0,0.0,0.0,0.0,0.0,0.0,0.0,0.0,0.0,0.0,0.0,0.0,0.0,0.0,0.0,0.0,0.0,98.64,98.64,98.64,98.64,98.64,98.64,98.64,98.64,98.64,98.64,98.64,98.64,98.64,98.64,98.64,0.0,0.0,0.0,0.0,0.0,0.0,0.0,0.0,0.0,0.0,0.0,0.0
230.0,193.70664713984237,225.06238640350233,125.06238640350233,0.0,0.0,0.0,0.0,0.0,0.0,0.0,0.0,0.0,0.0,98.64,98.64,98.64,98.64,98.64,98.64,98.64,198.64,98.63999999999999,98.64,98.64,98.64,0.0,0.0,0.0,0.0,0.0,0.0,0.0,0.0,0.0,0.0,99.99302541885733,199.99302541885731,99.99302541885731,98.64,98.64,98.64,140.37546413132446,98.64,98.64,98.64,0.0,0.0,0.0
0.0,0.0,0.0,0.0,0.0,0.0,0.0,0.0,0.0,0.0,0.0,0.0,0.0,98.64,98.64,98.64,98.64,98.64,169.42770130438845,98.64,98.64,168.0467775609604,169.39980297981776,0.0,0.0,0.0,0.0,0.0,0.0,0.0,0.0,0.0,0.0,0.0,0.0,0.0,0.0,0.0,0.0,0.0,0.0,0.0,0.0,98.64,126.16058648929966,124.79206501661957,224.79206501661957,124.79206501661957,139.8335435439394
0.0,0.0,0.0,198.63573926213593,98.64,98.64,98.64,98.64,98.64,98.64,98.64,98.64,98.64,0.0,0.0,0.0,0.0,0.0,0.0,0.0,0.0,0.0,0.0,169.39282839867505,169.3858538175324,169.3788792363897,268.011904655247,168.011904655247,98.64,98.64,98.64,98.64,98.64,0.0,0.0,0.0,0.0,0.0,0.0,0.0,0.0,0.0,0.0,0.0,0.0,0.0,0.0,0.0,0.0
0.0,0.0,0.0,0.0,225.0538649316061,125.05386493160611,98.64,98.64,98.64,98.64,98.64,98.64,98.64,98.64,0.0,0.0,0.0,0.0,0.0,0.0,0.0,0.0,0.0,0.0,0.0,0.0,0.0,99.99302541885733,169.35795549296165,169.35098091181897,169.3440063306763,169.33703174953362,169.33005716839094,267.96308258724827,267.9561080061056,267.9491334249629,167.9491334249629,0.0,0.0,0.0,0.0,0.0,0.0,0.0,0.0,0.0,0.0,198.63573926365984,183.58999999999997
0.0,0.0,0.0,0.0,0.0,99.99573926365994,126.40534345814223,126.40108272258593,126.39682198624581,126.39256124990573,126.38830051356565,169.4725293274073,169.46555474626464,126.37009061494024,169.4543194287819,153.2573739874948,169.4413899603575,165.29828214211932,98.64,169.42072672324576,169.41375214210308,0.0,0.0,0.0,0.0,0.0,0.0,0.0,0.0,0.0,0.0,0.0,0.0,0.0,0.0,0.0,0.0,166.5821588438202,266.5751842626775,267.9212351003922,267.9142605192495,267.907285938107,226.16484722563973,126.16484722563973,98.64,100.00426073633997,98.64,0.0,0.0
0.0,0.0,0.0,0.0,0.0,0.0,0.0,0.0,0.0,0.0,0.0,0.0,0.0,0.0,0.0,0.0,0.0,0.0,0.0,0.0,0.0,0.0,0.0,0.0,0.0,0.0,0.0,0.0,0.0,0.0,0.0,0.0,0.0,0.0,0.0,0.0,0.0,0.0,0.0,0.0,0.0,0.0,0.0,0.0,0.0,0.0,0.0,0.0,0.0
0.0,0.0,0.0,0.0,0.0,0.0,0.0,0.0,0.0,0.0,0.0,0.0,0.0,0.0,0.0,0.0,0.0,0.0,0.0,0.0,0.0,0.0,0.0,0.0,0.0,0.0,0.0,0.0,0.0,0.0,0.0,0.0,0.0,0.0,0.0,0.0,0.0,0.0,0.0,0.0,0.0,0.0,0.0,0.0,0.0,0.0,0.0,0.0,0.0
0.0,0.0,0.0,0.0,0.0,0.0,0.0,0.0,0.0,0.0,0.0,0.0,0.0,0.0,0.0,0.0,0.0,0.0,0.0,0.0,0.0,0.0,0.0,0.0,0.0,0.0,0.0,0.0,0.0,0.0,0.0,0.0,0.0,0.0,0.0,0.0,0.0,0.0,0.0,0.0,0.0,0.0,0.0,0.0,0.0,0.0,0.0,0.0,0.0
0.0,0.0,0.0,0.0,0.0,0.0,0.0,0.0,0.0,0.0,0.0,0.0,0.0,0.0,0.0,0.0,0.0,0.0,0.0,0.0,0.0,0.0,0.0,0.0,0.0,0.0,0.0,0.0,0.0,0.0,0.0,0.0,0.0,0.0,0.0,0.0,0.0,0.0,0.0,0.0,0.0,0.0,0.0,0.0,0.0,0.0,0.0,0.0,0.0
0.0,0.0,0.0,0.0,0.0,0.0,0.0,0.0,0.0,0.0,0.0,0.0,0.0,0.0,0.0,0.0,0.0,0.0,0.0,0.0,0.0,0.0,0.0,0.0,0.0,0.0,0.0,0.0,0.0,0.0,0.0,0.0,0.0,0.0,0.0,0.0,0.0,0.0,0.0,0.0,0.0,0.0,0.0,0.0,0.0,0.0,0.0,0.0,0.0
0.0,0.0,0.0,0.0,0.0,0.0,0.0,0.0,0.0,0.0,0.0,0.0,0.0,0.0,0.0,0.0,0.0,0.0,0.0,0.0,0.0,0.0,0.0,0.0,0.0,0.0,0.0,0.0,0.0,0.0,0.0,0.0,0.0,0.0,0.0,0.0,0.0,0.0,0.0,0.0,0.0,0.0,0.0,0.0,0.0,0.0,0.0,0.0,0.0
0.0,0.0,0.0,0.0,0.0,0.0,0.0,0.0,0.0,0.0,0.0,0.0,0.0,0.0,0.0,0.0,0.0,0.0,0.0,0.0,0.0,0.0,0.0,0.0,0.0,0.0,0.0,0.0,0.0,0.0,0.0,0.0,0.0,0.0,0.0,0.0,0.0,0.0,0.0,0.0,0.0,0.0,0.0,0.0,0.0,0.0,0.0,0.0,0.0
0.0,28.0,28.0,28.0,28.0,28.0,28.0,80.5,28.0,28.0,28.0,28.0,28.0,28.0,28.0,28.0,28.0,28.0,28.0,28.0,28.0,28.0,28.0,28.0,28.0,28.0,28.0,28.0,28.0,28.0,28.0,28.0,80.5,28.0,28.0,28.0,28.0,28.0,28.0,28.0,28.0,49.545432529868755,28.0,28.0,28.0,28.0,28.0,28.0,28.0
0.0,0.0,0.0,0.0,0.0,0.0,0.0,0.0,0.0,0.0,0.0,0.0,0.0,0.0,0.0,0.0,0.0,0.0,0.0,0.0,0.0,0.0,0.0,0.0,0.0,0.0,0.0,0.0,0.0,0.0,0.0,0.0,0.0,0.0,0.0,0.0,0.0,0.0,0.0,0.0,0.0,0.0,0.0,0.0,0.0,0.0,0.0,0.0,0.0
0.0,0.0,0.0,0.0,0.0,0.0,0.0,0.0,0.0,0.0,0.0,0.0,0.0,0.0,0.0,0.0,0.0,0.0,0.0,0.0,0.0,0.0,0.0,0.0,0.0,0.0,0.0,0.0,0.0,0.0,0.0,0.0,0.0,0.0,0.0,0.0,0.0,0.0,0.0,0.0,0.0,0.0,0.0,0.0,0.0,0.0,0.0,0.0,0.0
0.0,0.0,0.0,0.0,0.0,0.0,0.0,0.0,0.0,0.0,0.0,0.0,0.0,0.0,0.0,0.0,0.0,0.0,0.0,0.0,0.0,0.0,0.0,0.0,0.0,0.0,0.0,0.0,0.0,0.0,0.0,0.0,0.0,0.0,0.0,0.0,0.0,0.0,0.0,0.0,0.0,0.0,0.0,0.0,0.0,0.0,0.0,0.0,0.0
0.0,0.0,0.0,0.0,0.0,0.0,0.0,0.0,0.0,0.0,0.0,0.0,0.0,0.0,0.0,0.0,0.0,0.0,0.0,0.0,0.0,0.0,0.0,0.0,0.0,0.0,0.0,0.0,0.0,0.0,0.0,0.0,0.0,0.0,0.0,0.0,0.0,0.0,0.0,0.0,0.0,0.0,0.0,0.0,0.0,0.0,0.0,0.0,0.0
0.0,0.0,0.0,0.0,0.0,0.0,0.0,0.0,0.0,0.0,0.0,0.0,0.0,0.0,0.0,0.0,0.0,0.0,0.0,0.0,0.0,0.0,0.0,0.0,0.0,0.0,0.0,0.0,0.0,0.0,0.0,0.0,0.0,0.0,0.0,0.0,0.0,0.0,0.0,0.0,0.0,0.0,0.0,0.0,0.0,0.0,0.0,0.0,0.0
0.0,0.0,0.0,0.0,0.0,0.0,0.0,0.0,0.0,0.0,0.0,0.0,0.0,0.0,0.0,0.0,0.0,0.0,0.0,0.0,0.0,0.0,0.0,0.0,0.0,0.0,0.0,0.0,0.0,0.0,0.0,0.0,0.0,0.0,0.0,0.0,0.0,0.0,0.0,0.0,0.0,0.0,0.0,0.0,0.0,0.0,0.0,0.0,0.0
0.0,0.0,0.0,0.0,0.0,0.0,0.0,0.0,0.0,0.0,0.0,0.0,0.0,0.0,0.0,0.0,0.0,0.0,0.0,0.0,0.0,0.0,0.0,0.0,0.0,0.0,0.0,0.0,0.0,0.0,0.0,0.0,0.0,0.0,0.0,0.0,0.0,0.0,0.0,0.0,0.0,0.0,0.0,0.0,0.0,0.0,0.0,0.0,0.0
0.0,0.0,0.0,0.0,0.0,0.0,0.0,0.0,0.0,0.0,0.0,0.0,0.0,0.0,0.0,0.0,0.0,0.0,0.0,0.0,0.0,0.0,0.0,0.0,0.0,0.0,0.0,0.0,0.0,0.0,0.0,0.0,0.0,0.0,0.0,0.0,0.0,0.0,0.0,0.0,0.0,0.0,0.0,0.0,0.0,0.0,0.0,0.0,0.0
0.0,0.0,0.0,0.0,0.0,0.0,0.0,0.0,0.0,0.0,0.0,0.0,0.0,0.0,0.0,0.0,0.0,0.0,0.0,0.0,0.0,0.0,0.0,0.0,0.0,0.0,0.0,0.0,0.0,0.0,0.0,0.0,0.0,0.0,0.0,0.0,0.0,0.0,0.0,0.0,0.0,0.0,0.0,0.0,0.0,0.0,0.0,0.0,0.0
300.0,264.15999999999997,164.16,164.16,164.16,258.5337100896239,0.0,0.0,0.0,0.0,0.0,0.0,0.0,0.0,0.0,0.0,0.0,0.0,0.0,0.0,0.0,264.15999999999997,164.16,164.16,164.16,164.16,164.16,164.16,264.15999999999997,164.16,171.96000000000004,164.16,0.0,0.0,0.0,0.0,0.0,0.0,0.0,0.0,0.0,0.0,164.16,264.15999999999997,164.16,253.4176652753456,253.4176652753456,164.16,164.16
300.0,258.5337100896236,0.0,0.0,0.0,0.0,0.0,0.0,0.0,0.0,0.0,0.0,0.0,0.0,0.0,0.0,164.16,264.15999999999997,164.16,164.16,264.15999999999997,164.16,164.16,164.16,164.16,164.16,164.16,164.16,164.16,164.16,164.16,0.0,0.0,0.0,0.0,0.0,0.0,0.0,0.0,0.0,0.0,0.0,164.16,164.16,164.16,164.16,164.16,164.16,164.16
300.0,0.0,0.0,0.0,0.0,0.0,0.0,0.0,0.0,0.0,0.0,0.0,0.0,0.0,0.0,0.0,0.0,0.0,164.16,164.16,164.16,264.15999999999997,364.15999999999997,264.15999999999997,174.5585236508182,164.16,217.57766527534557,317.57766527534557,317.57766527534557,409.7776652753456,309.7776652753456,209.7776652753456,309.7776652753456,264.15999999999997,164.16,166.1376652753455,166.1376652753455,166.1376652753455,264.15999999999997,164.16,164.16,264.15999999999997,164.16,0.0,0.0,0.0,0.0,0.0,0.0
0.0,0.0,0.0,0.0,0.0,0.0,358.5337100896239,458.5337100896239,358.5337100896239,271.2160631653934,271.96000000000004,371.96000000000004,471.96000000000004,371.96000000000004,471.96000000000004,471.96000000000004,371.96000000000004,282.4816021039975,264.15999999999997,164.16,164.16,176.46258457264298,0.0,0.0,0.0,0.0,0.0,0.0,0.0,0.0,0.0,0.0,0.0,173.93766527534558,273.9376652753456,371.96000000000004,471.96000000000004,371.96000000000004,271.96000000000004,273.9376652753456,292.47999999999854,264.1599999999985,164.1599999999985,164.16,164.16,164.16,164.16,164.16,264.15999999999997
0.0,0.0,358.5337100896236,358.5337100896236,358.5337100896236,264.1599999999996,164.15999999999963,264.1599999999996,276.84235307970187,364.15999999999997,264.15999999999997,164.16,0.0,0.0,0.0,0.0,0.0,0.0,0.0,0.0,0.0,0.0,217.57766527534557,307.17914162452735,407.17914162452735,417.57766527534557,364.15999999999997,264.15999999999997,164.16,171.95999999999992,264.15999999999997,164.16,0.0,0.0,0.0,0.0,0.0,0.0,0.0,0.0,0.0,0.0,0.0,0.0,164.16,164.16,164.16,253.41766527534602,317.57766527534557
0.0,0.0,0.0,0.0,0.0,0.0,0.0,0.0,164.16,164.16,263.4160631713481,263.4160631713481,327.5760631693257,427.5760631713481,327.5760631713481,327.5760631713481,263.4160631713481,363.4160631713481,317.57766527534557,307.0560631713481,317.57766527534557,0.0,0.0,0.0,0.0,0.0,0.0,0.0,0.0,0.0,0.0,371.96000000000004,471.96000000000004,471.96000000000004,471.96000000000004,371.96000000000004,271.96000000000004,371.96000000000004,373.9376652753456,471.96000000000004,453.4176652753471,353.4176652753471,253.41766527534708,317.57766527534557,253.4176652753456,164.16,164.16,164.16,0.0
200.0,210.8,0.0,0.0,0.0,0.0,0.0,0.0,0.0,0.0,0.0,0.0,0.0,0.0,0.0,0.0,0.0,0.0,0.0,0.0,0.0,0.0,0.0,0.0,0.0,0.0,0.0,0.0,0.0,0.0,0.0,0.0,0.0,0.0,0.0,210.8,210.8,210.8,210.8,210.8,221.60000000000014,221.60000000000014,210.8,210.8,210.8,210.8,221.60000000000014,210.8,210.8
200.0,0.0,0.0,0.0,0.0,0.0,0.0,0.0,0.0,0.0,0.0,0.0,0.0,0.0,0.0,210.8,210.8,210.8,210.8,210.8,210.8,210.8,210.8,210.8,310.8,0.0,0.0,0.0,0.0,0.0,0.0,0.0,0.0,0.0,0.0,0.0,210.8,210.8,210.8,210.8,310.8,310.8,210.8,210.8,210.8,210.8,0.0,0.0,0.0
0.0,0.0,0.0,0.0,0.0,0.0,0.0,0.0,0.0,0.0,0.0,0.0,0.0,0.0,0.0,0.0,0.0,0.0,0.0,0.0,0.0,0.0,0.0,0.0,0.0,0.0,312.5098396174353,412.5098396174353,512.5098396174353,539.2340303329025,439.23403033290253,339.23403033290253,439.23403033290253,339.23403033290253,310.8,210.8,0.0,0.0,0.0,0.0,0.0,0.0,0.0,0.0,0.0,0.0,0.0,210.8,210.8
0.0,0.0,0.0,0.0,210.8,210.79999999962746,210.79999999962746,210.8,210.8,210.8,210.8,210.8,226.72419070944136,326.72419070944136,426.72419070944136,326.72419070944136,310.8,210.8,210.8,310.80000000204654,210.8,210.8,210.8,243.98403033290265,243.98403033290265,342.2741907154673,242.27419071546728,0.0,0.0,0.0,0.0,0.0,0.0,0.0,0.0,0.0,0.0,0.0,0.0,0.0,0.0,0.0,210.8,210.8,210.8,210.8,310.8,210.80000000000007,210.8
0.0,307.8703606363767,407.8703606367495,407.87036063673554,307.8703606363627,307.87036063673526,307.87036063673526,357.374690068112,357.3746900681128,357.374690068113,357.3746900681128,357.374690068112,341.45049935867144,441.45049935867144,410.8,310.8,326.7241907154672,426.7241907154672,426.72419071342074,326.72419071342074,426.7241907154672,426.7241907154672,426.7241907154672,506.04999999999995,406.04999999999995,506.04999999999995,406.04999999999995,506.04999999999995,448.32419071546724,410.8,310.8,310.80000000000007,310.80000000000007,410.80000000000007,428.43403033290247,328.43403033290247,310.8,310.8,328.43403033290247,328.43403033290247,428.43403033290247,428.43403033290247,328.43403033290247,328.43403033290247,328.43403033290247,328.43403033290247,428.43403033290247,328.43403033290247,328.43403033290247
0.0,0.0,0.0,0.0,0.0,0.0,0.0,0.0,0.0,0.0,0.0,0.0,0.0,0.0,0.0,0.0,0.0,0.0,0.0,0.0,0.0,0.0,0.0,0.0,0.0,0.0,0.0,0.0,0.0,0.0,210.8,310.8,210.8,210.8,221.60000000000014,210.8,228.43403033290252,228.43403033290252,210.8,210.8,0.0,0.0,0.0,0.0,0.0,0.0,0.0,0.0,0.0
