 ICUT ,TP.ENTID,ID.ENT,   NomeEntid   ,TP.COEF,ILAG ,IPAT ,     Val.Coef      ,      Unid      
1, RHS    ,0,      -        ,  RHS  ,0,0,0.1,  1000$         
1, USIH   ,1, CAMARGOS      , VARM  ,0,1,-0.10, (1000$/hm3)    
1, USIH   ,2, ITUTINGA      , VARM  ,0,1,-0.10, (1000$/hm3)    
1, USIH   ,4, FUNIL-GRANDE  , VARM  ,0,1,-0.10, (1000$/hm3)    
1, USIH   ,24, EMBORCACAO    , VARM  ,0,1,-0.10, (1000$/hm3)    
1, USIH   ,27, CAPIM BRANC1  , VARM  ,0,1,-0.10, (1000$/hm3)    
1, USIH   ,28, CAPIM BRANC2  , VARM  ,0,1,-0.10, (1000$/hm3)    
1, USIH   ,25, NOVA PONTE    , VARM  ,0,1,-0.10, (1000$/hm3)    
1, USIH   ,33, SAO SIMAO     , VARM  ,0,1,-0.10, (1000$/hm3)    
1, USIH   ,156, TRES MARIAS   , VARM  ,0,1,-0.10, (1000$/hm3)    
1, USIH   ,134, SALTO GRANDE  , VARM  ,0,1,-0.10, (1000$/hm3)    
1, USIH   ,10, IGARAPAVA     , VARM  ,0,1,-0.10, (1000$/hm3)    
1, USIH   ,143, AIMORES       , VARM  ,0,1,-0.10, (1000$/hm3)    
1, USIH   ,162, QUEIMADO      , VARM  ,0,1,-0.10, (1000$/hm3)    
1, USIH   ,148, IRAPE         , VARM  ,0,1,-0.10, (1000$/hm3)    
1, USIH   ,217, ROSAL         , VARM  ,0,1,-0.10, (1000$/hm3)    
1, USIH   ,193, SA CARVALHO   , VARM  ,0,1,-0.10, (1000$/hm3)    
1, USIH   ,141, BAGUARI       , VARM  ,0,1,-0.10, (1000$/hm3)    
1, USIH   ,14, CACONDE       , VARM  ,0,1,-0.10, (1000$/hm3)    
1, USIH   ,18, A. VERMELHA   , VARM  ,0,1,-0.10, (1000$/hm3)    
1, USIH   ,37, BARRA BONITA  , VARM  ,0,1,-0.10, (1000$/hm3)    
1, USIH   ,40, PROMISSAO     , VARM  ,0,1,-0.10, (1000$/hm3)    
1, USIH   ,42, NAVANHANDAVA  , VARM  ,0,1,-0.10, (1000$/hm3)    
1, USIH   ,15, E. DA CUNHA   , VARM  ,0,1,-0.10, (1000$/hm3)    
1, USIH   ,16, A.S.OLIVEIRA  , VARM  ,0,1,-0.10, (1000$/hm3)    
1, USIH   ,38, A.S. LIMA     , VARM  ,0,1,-0.10, (1000$/hm3)    
1, USIH   ,39, IBITINGA      , VARM  ,0,1,-0.10, (1000$/hm3)    
1, USIH   ,62, TAQUARUCU     , VARM  ,0,1,-0.10, (1000$/hm3)    
1, USIH   ,63, ROSANA        , VARM  ,0,1,-0.10, (1000$/hm3)    
1, USIH   ,52, CANOAS I      , VARM  ,0,1,-0.10, (1000$/hm3)    
1, USIH   ,51, CANOAS II     , VARM  ,0,1,-0.10, (1000$/hm3)    
1, USIH   ,47, A.A. LAYDNER  , VARM  ,0,1,-0.10, (1000$/hm3)    
1, USIH   ,49, CHAVANTES     , VARM  ,0,1,-0.10, (1000$/hm3)    
1, USIH   ,61, CAPIVARA      , VARM  ,0,1,-0.10, (1000$/hm3)    
1, USIH   ,50, L.N. GARCEZ   , VARM  ,0,1,-0.10, (1000$/hm3)    
1, USIH   ,45, JUPIA         , VARM  ,0,1,-0.10, (1000$/hm3)    
1, USIH   ,44, I. SOLT. EQV  , VARM  ,0,1,-0.10, (1000$/hm3)    
1, USIH   ,46, P. PRIMAVERA  , VARM  ,0,1,-0.10, (1000$/hm3)    
1, USIH   ,120, JAGUARI       , VARM  ,0,1,-0.10, (1000$/hm3)    
1, USIH   ,121, PARAIBUNA     , VARM  ,0,1,-0.10, (1000$/hm3)    
1, USIH   ,6, FURNAS        , VARM  ,0,1,-0.10, (1000$/hm3)    
1, USIH   ,7, M. DE MORAES  , VARM  ,0,1,-0.10, (1000$/hm3)    
1, USIH   ,8, ESTREITO      , VARM  ,0,1,-0.10, (1000$/hm3)    
1, USIH   ,12, P. COLOMBIA   , VARM  ,0,1,-0.10, (1000$/hm3)    
1, USIH   ,17, MARIMBONDO    , VARM  ,0,1,-0.10, (1000$/hm3)    
1, USIH   ,31, ITUMBIARA     , VARM  ,0,1,-0.10, (1000$/hm3)    
1, USIH   ,30, CORUMBA I     , VARM  ,0,1,-0.10, (1000$/hm3)    
1, USIH   ,251, SERRA MESA    , VARM  ,0,1,-0.10, (1000$/hm3)    
1, USIH   ,278, MANSO         , VARM  ,0,1,-0.10, (1000$/hm3)    
1, USIH   ,123, FUNIL         , VARM  ,0,1,-0.10, (1000$/hm3)    
1, USIH   ,129, SIMPLICIO     , VARM  ,0,1,-0.10, (1000$/hm3)    
1, USIH   ,20, BATALHA       , VARM  ,0,1,-0.10, (1000$/hm3)    
1, USIH   ,287, STO ANTONIO   , VARM  ,0,1,-0.10, (1000$/hm3)    
1, USIH   ,257, PEIXE ANGIC   , VARM  ,0,1,-0.10, (1000$/hm3)    
1, USIH   ,122, SANTA BRANCA  , VARM  ,0,1,-0.10, (1000$/hm3)    
1, USIH   ,124, LAJES         , VARM  ,0,1,-0.10, (1000$/hm3)    
1, USIH   ,130, ILHA POMBOS   , VARM  ,0,1,-0.10, (1000$/hm3)    
1, USIH   ,131, NILO PECANHA  , VARM  ,0,1,-0.10, (1000$/hm3)    
1, USIH   ,133, P. PASSOS     , VARM  ,0,1,-0.10, (1000$/hm3)    
1, USIH   ,125, STA CECILIA   , VARM  ,0,1,-0.10, (1000$/hm3)    
1, USIH   ,180, TOCOS         , VARM  ,0,1,-0.10, (1000$/hm3)    
1, USIH   ,181, SANTANA       , VARM  ,0,1,-0.10, (1000$/hm3)    
1, USIH   ,182, VIGARIO       , VARM  ,0,1,-0.10, (1000$/hm3)    
1, USIH   ,183, FONTES A      , VARM  ,0,1,-0.10, (1000$/hm3)    
1, USIH   ,184, FONTES BC     , VARM  ,0,1,-0.10, (1000$/hm3)    
1, USIH   ,107, EDGARD SOUZA  , VARM  ,0,1,-0.10, (1000$/hm3)    
1, USIH   ,108, TRAICAO       , VARM  ,0,1,-0.10, (1000$/hm3)    
1, USIH   ,109, PEDREIRA      , VARM  ,0,1,-0.10, (1000$/hm3)    
1, USIH   ,117, GUARAPIRANGA  , VARM  ,0,1,-0.10, (1000$/hm3)    
1, USIH   ,118, BILLINGS      , VARM  ,0,1,-0.10, (1000$/hm3)    
1, USIH   ,119, HENRY BORDEN  , VARM  ,0,1,-0.10, (1000$/hm3)    
1, USIH   ,32, CACH.DOURADA  , VARM  ,0,1,-0.10, (1000$/hm3)    
1, USIH   ,11, VOLTA GRANDE  , VARM  ,0,1,-0.10, (1000$/hm3)    
1, USIH   ,135, P. ESTRELA    , VARM  ,0,1,-0.10, (1000$/hm3)    
1, USIH   ,139, CANDONGA      , VARM  ,0,1,-0.10, (1000$/hm3)    
1, USIH   ,262, SALTO         , VARM  ,0,1,-0.10, (1000$/hm3)    
1, USIH   ,89, GARIBALDI     , VARM  ,0,1,-0.10, (1000$/hm3)    
1, USIH   ,144, MASCARENHAS   , VARM  ,0,1,-0.10, (1000$/hm3)    
1, USIH   ,66, ITAIPU        , VARM  ,0,1,-0.10, (1000$/hm3)    
1, USIH   ,110, ERNESTINA     , VARM  ,0,1,-0.10, (1000$/hm3)    
1, USIH   ,111, PASSO REAL    , VARM  ,0,1,-0.10, (1000$/hm3)    
1, USIH   ,112, JACUI         , VARM  ,0,1,-0.10, (1000$/hm3)    
1, USIH   ,113, ITAUBA        , VARM  ,0,1,-0.10, (1000$/hm3)    
1, USIH   ,114, D. FRANCISCA  , VARM  ,0,1,-0.10, (1000$/hm3)    
1, USIH   ,74, G.B. MUNHOZ   , VARM  ,0,1,-0.10, (1000$/hm3)    
1, USIH   ,76, SEGREDO       , VARM  ,0,1,-0.10, (1000$/hm3)    
1, USIH   ,82, SALTO CAXIAS  , VARM  ,0,1,-0.10, (1000$/hm3)    
1, USIH   ,115, G.P. SOUZA    , VARM  ,0,1,-0.10, (1000$/hm3)    
1, USIH   ,73, JORDAO        , VARM  ,0,1,-0.10, (1000$/hm3)    
1, USIH   ,71, STA CLARA PR  , VARM  ,0,1,-0.10, (1000$/hm3)    
1, USIH   ,72, FUNDAO        , VARM  ,0,1,-0.10, (1000$/hm3)    
1, USIH   ,57, MAUA          , VARM  ,0,1,-0.10, (1000$/hm3)    
1, USIH   ,77, SLT.SANTIAGO  , VARM  ,0,1,-0.10, (1000$/hm3)    
1, USIH   ,78, SALTO OSORIO  , VARM  ,0,1,-0.10, (1000$/hm3)    
1, USIH   ,93, PASSO FUNDO   , VARM  ,0,1,-0.10, (1000$/hm3)    
1, USIH   ,91, MACHADINHO    , VARM  ,0,1,-0.10, (1000$/hm3)    
1, USIH   ,92, ITA           , VARM  ,0,1,-0.10, (1000$/hm3)    
1, USIH   ,252, CANA BRAVA    , VARM  ,0,1,-0.10, (1000$/hm3)    
1, USIH   ,253, SAO SALVADOR  , VARM  ,0,1,-0.10, (1000$/hm3)    
1, USIH   ,267, ESTREITO TOC  , VARM  ,0,1,-0.10, (1000$/hm3)    
1, USIH   ,281, PONTE PEDRA   , VARM  ,0,1,-0.10, (1000$/hm3)    
1, USIH   ,9, JAGUARA       , VARM  ,0,1,-0.10, (1000$/hm3)    
1, USIH   ,26, MIRANDA       , VARM  ,0,1,-0.10, (1000$/hm3)    
1, USIH   ,86, BARRA GRANDE  , VARM  ,0,1,-0.10, (1000$/hm3)    
1, USIH   ,90, CAMPOS NOVOS  , VARM  ,0,1,-0.10, (1000$/hm3)    
1, USIH   ,97, CASTRO ALVES  , VARM  ,0,1,-0.10, (1000$/hm3)    
1, USIH   ,98, MONTE CLARO   , VARM  ,0,1,-0.10, (1000$/hm3)    
1, USIH   ,99, 14 DE JULHO   , VARM  ,0,1,-0.10, (1000$/hm3)    
1, USIH   ,103, FOZ CHAPECO   , VARM  ,0,1,-0.10, (1000$/hm3)    
1, USIH   ,169, SOBRADINHO    , VARM  ,0,1,-0.10, (1000$/hm3)    
1, USIH   ,172, ITAPARICA     , VARM  ,0,1,-0.10, (1000$/hm3)    
1, USIH   ,173, MOXOTO        , VARM  ,0,1,-0.10, (1000$/hm3)    
1, USIH   ,174, P.AFONSO 123  , VARM  ,0,1,-0.10, (1000$/hm3)    
1, USIH   ,175, P.AFONSO 4    , VARM  ,0,1,-0.10, (1000$/hm3)    
1, USIH   ,178, XINGO         , VARM  ,0,1,-0.10, (1000$/hm3)    
1, USIH   ,190, B. ESPERANCA  , VARM  ,0,1,-0.10, (1000$/hm3)    
1, USIH   ,189, P. CAVALO     , VARM  ,0,1,-0.10, (1000$/hm3)    
1, USIH   ,275, TUCURUI       , VARM  ,0,1,-0.10, (1000$/hm3)    
1, USIH   ,272, CURUA-UNA     , VARM  ,0,1,-0.10, (1000$/hm3)    
1, USIH   ,279, SAMUEL        , VARM  ,0,1,-0.10, (1000$/hm3)    
1, USIH   ,280, COARACY NUNE  , VARM  ,0,1,-0.10, (1000$/hm3)    
1, USIH   ,204, CACH.CALDEIR  , VARM  ,0,1,-0.10, (1000$/hm3)    
1, USIH   ,127, SOBRAGI       , VARM  ,0,1,-0.10, (1000$/hm3)    
1, USIH   ,126, PICADA        , VARM  ,0,1,-0.10, (1000$/hm3)    
1, USIH   ,283, STA CLARA MG  , VARM  ,0,1,-0.10, (1000$/hm3)    
1, USIH   ,261, LAJEADO       , VARM  ,0,1,-0.10, (1000$/hm3)    
1, USIH   ,48, PIRAJU        , VARM  ,0,1,-0.10, (1000$/hm3)    
1, USIH   ,249, OURINHOS      , VARM  ,0,1,-0.10, (1000$/hm3)    
1, USIH   ,241, SLT VERDINHO  , VARM  ,0,1,-0.10, (1000$/hm3)    
1, USIH   ,304, ITIQUIRA I    , VARM  ,0,1,-0.10, (1000$/hm3)    
1, USIH   ,305, ITIQUIRA II   , VARM  ,0,1,-0.10, (1000$/hm3)    
1, USIH   ,196, GUAPORE       , VARM  ,0,1,-0.10, (1000$/hm3)    
1, USIH   ,195, JAURU         , VARM  ,0,1,-0.10, (1000$/hm3)    
1, USIH   ,95, QUEBRA QUEIX  , VARM  ,0,1,-0.10, (1000$/hm3)    
1, USIH   ,203, CORUMBA III   , VARM  ,0,1,-0.10, (1000$/hm3)    
1, USIH   ,154, ITAPEBI       , VARM  ,0,1,-0.10, (1000$/hm3)    
1, USIH   ,310, DARDANELOS    , VARM  ,0,1,-0.10, (1000$/hm3)    
1, USIH   ,29, CORUMBA IV    , VARM  ,0,1,-0.10, (1000$/hm3)    
1, USIH   ,94, MONJOLINHO    , VARM  ,0,1,-0.10, (1000$/hm3)    
1, USIH   ,215, SALTO PILAO   , VARM  ,0,1,-0.10, (1000$/hm3)    
1, USIH   ,155, RETIRO BAIXO  , VARM  ,0,1,-0.10, (1000$/hm3)    
1, USIH   ,311, CACU          , VARM  ,0,1,-0.10, (1000$/hm3)    
1, USIH   ,312, B. COQUEIROS  , VARM  ,0,1,-0.10, (1000$/hm3)    
1, USIH   ,315, FOZ R. CLARO  , VARM  ,0,1,-0.10, (1000$/hm3)    
1, USIH   ,21, SERRA FACAO   , VARM  ,0,1,-0.10, (1000$/hm3)    
1, USIH   ,290, ESPORA        , VARM  ,0,1,-0.10, (1000$/hm3)    
1, USIH   ,101, SAO JOSE      , VARM  ,0,1,-0.10, (1000$/hm3)    
1, USIH   ,276, RONDON II     , VARM  ,0,1,-0.10, (1000$/hm3)    
1, USIH   ,102, PASSO S JOAO  , VARM  ,0,1,-0.10, (1000$/hm3)    
1, USIH   ,277, BALBINA       , VARM  ,0,1,-0.10, (1000$/hm3)    
1, USIH   ,285, JIRAU         , VARM  ,0,1,-0.10, (1000$/hm3)    
1, USIH   ,286, STO ANT JARI  , VARM  ,0,1,-0.10, (1000$/hm3)    
1, USIH   ,284, FERREIRA GOM  , VARM  ,0,1,-0.10, (1000$/hm3)    
1, USIH   ,229, TELES PIRES   , VARM  ,0,1,-0.10, (1000$/hm3)    
1, USIH   ,192, GUILMAN-AMOR  , VARM  ,0,1,-0.10, (1000$/hm3)    
1, USIH   ,230, SAO MANOEL    , VARM  ,0,1,-0.10, (1000$/hm3)    
1, USIH   ,288, BELO MONTE    , VARM  ,0,1,-0.10, (1000$/hm3)    
1, USIH   ,314, PIMENTAL      , VARM  ,0,1,-0.10, (1000$/hm3)    
2, RHS    ,0,      -        ,  RHS  ,0,0,0.1,  1000$         
2, USIH   ,1, CAMARGOS      , VARM  ,0,1,-0.10, (1000$/hm3)    
2, USIH   ,2, ITUTINGA      , VARM  ,0,1,-0.10, (1000$/hm3)    
2, USIH   ,4, FUNIL-GRANDE  , VARM  ,0,1,-0.10, (1000$/hm3)    
2, USIH   ,24, EMBORCACAO    , VARM  ,0,1,-0.10, (1000$/hm3)    
2, USIH   ,27, CAPIM BRANC1  , VARM  ,0,1,-0.10, (1000$/hm3)    
2, USIH   ,28, CAPIM BRANC2  , VARM  ,0,1,-0.10, (1000$/hm3)    
2, USIH   ,25, NOVA PONTE    , VARM  ,0,1,-0.10, (1000$/hm3)    
2, USIH   ,33, SAO SIMAO     , VARM  ,0,1,-0.10, (1000$/hm3)    
2, USIH   ,156, TRES MARIAS   , VARM  ,0,1,-0.10, (1000$/hm3)    
2, USIH   ,134, SALTO GRANDE  , VARM  ,0,1,-0.10, (1000$/hm3)    
2, USIH   ,10, IGARAPAVA     , VARM  ,0,1,-0.10, (1000$/hm3)    
2, USIH   ,143, AIMORES       , VARM  ,0,1,-0.10, (1000$/hm3)    
2, USIH   ,162, QUEIMADO      , VARM  ,0,1,-0.10, (1000$/hm3)    
2, USIH   ,148, IRAPE         , VARM  ,0,1,-0.10, (1000$/hm3)    
2, USIH   ,217, ROSAL         , VARM  ,0,1,-0.10, (1000$/hm3)    
2, USIH   ,193, SA CARVALHO   , VARM  ,0,1,-0.10, (1000$/hm3)    
2, USIH   ,141, BAGUARI       , VARM  ,0,1,-0.10, (1000$/hm3)    
2, USIH   ,14, CACONDE       , VARM  ,0,1,-0.10, (1000$/hm3)    
2, USIH   ,18, A. VERMELHA   , VARM  ,0,1,-0.10, (1000$/hm3)    
2, USIH   ,37, BARRA BONITA  , VARM  ,0,1,-0.10, (1000$/hm3)    
2, USIH   ,40, PROMISSAO     , VARM  ,0,1,-0.10, (1000$/hm3)    
2, USIH   ,42, NAVANHANDAVA  , VARM  ,0,1,-0.10, (1000$/hm3)    
2, USIH   ,15, E. DA CUNHA   , VARM  ,0,1,-0.10, (1000$/hm3)    
2, USIH   ,16, A.S.OLIVEIRA  , VARM  ,0,1,-0.10, (1000$/hm3)    
2, USIH   ,38, A.S. LIMA     , VARM  ,0,1,-0.10, (1000$/hm3)    
2, USIH   ,39, IBITINGA      , VARM  ,0,1,-0.10, (1000$/hm3)    
2, USIH   ,62, TAQUARUCU     , VARM  ,0,1,-0.10, (1000$/hm3)    
2, USIH   ,63, ROSANA        , VARM  ,0,1,-0.10, (1000$/hm3)    
2, USIH   ,52, CANOAS I      , VARM  ,0,1,-0.10, (1000$/hm3)    
2, USIH   ,51, CANOAS II     , VARM  ,0,1,-0.10, (1000$/hm3)    
2, USIH   ,47, A.A. LAYDNER  , VARM  ,0,1,-0.10, (1000$/hm3)    
2, USIH   ,49, CHAVANTES     , VARM  ,0,1,-0.10, (1000$/hm3)    
2, USIH   ,61, CAPIVARA      , VARM  ,0,1,-0.10, (1000$/hm3)    
2, USIH   ,50, L.N. GARCEZ   , VARM  ,0,1,-0.10, (1000$/hm3)    
2, USIH   ,45, JUPIA         , VARM  ,0,1,-0.10, (1000$/hm3)    
2, USIH   ,44, I. SOLT. EQV  , VARM  ,0,1,-0.10, (1000$/hm3)    
2, USIH   ,46, P. PRIMAVERA  , VARM  ,0,1,-0.10, (1000$/hm3)    
2, USIH   ,120, JAGUARI       , VARM  ,0,1,-0.10, (1000$/hm3)    
2, USIH   ,121, PARAIBUNA     , VARM  ,0,1,-0.10, (1000$/hm3)    
2, USIH   ,6, FURNAS        , VARM  ,0,1,-0.10, (1000$/hm3)    
2, USIH   ,7, M. DE MORAES  , VARM  ,0,1,-0.10, (1000$/hm3)    
2, USIH   ,8, ESTREITO      , VARM  ,0,1,-0.10, (1000$/hm3)    
2, USIH   ,12, P. COLOMBIA   , VARM  ,0,1,-0.10, (1000$/hm3)    
2, USIH   ,17, MARIMBONDO    , VARM  ,0,1,-0.10, (1000$/hm3)    
2, USIH   ,31, ITUMBIARA     , VARM  ,0,1,-0.10, (1000$/hm3)    
2, USIH   ,30, CORUMBA I     , VARM  ,0,1,-0.10, (1000$/hm3)    
2, USIH   ,251, SERRA MESA    , VARM  ,0,1,-0.10, (1000$/hm3)    
2, USIH   ,278, MANSO         , VARM  ,0,1,-0.10, (1000$/hm3)    
2, USIH   ,123, FUNIL         , VARM  ,0,1,-0.10, (1000$/hm3)    
2, USIH   ,129, SIMPLICIO     , VARM  ,0,1,-0.10, (1000$/hm3)    
2, USIH   ,20, BATALHA       , VARM  ,0,1,-0.10, (1000$/hm3)    
2, USIH   ,287, STO ANTONIO   , VARM  ,0,1,-0.10, (1000$/hm3)    
2, USIH   ,257, PEIXE ANGIC   , VARM  ,0,1,-0.10, (1000$/hm3)    
2, USIH   ,122, SANTA BRANCA  , VARM  ,0,1,-0.10, (1000$/hm3)    
2, USIH   ,124, LAJES         , VARM  ,0,1,-0.10, (1000$/hm3)    
2, USIH   ,130, ILHA POMBOS   , VARM  ,0,1,-0.10, (1000$/hm3)    
2, USIH   ,131, NILO PECANHA  , VARM  ,0,1,-0.10, (1000$/hm3)    
2, USIH   ,133, P. PASSOS     , VARM  ,0,1,-0.10, (1000$/hm3)    
2, USIH   ,125, STA CECILIA   , VARM  ,0,1,-0.10, (1000$/hm3)    
2, USIH   ,180, TOCOS         , VARM  ,0,1,-0.10, (1000$/hm3)    
2, USIH   ,181, SANTANA       , VARM  ,0,1,-0.10, (1000$/hm3)    
2, USIH   ,182, VIGARIO       , VARM  ,0,1,-0.10, (1000$/hm3)    
2, USIH   ,183, FONTES A      , VARM  ,0,1,-0.10, (1000$/hm3)    
2, USIH   ,184, FONTES BC     , VARM  ,0,1,-0.10, (1000$/hm3)    
2, USIH   ,107, EDGARD SOUZA  , VARM  ,0,1,-0.10, (1000$/hm3)    
2, USIH   ,108, TRAICAO       , VARM  ,0,1,-0.10, (1000$/hm3)    
2, USIH   ,109, PEDREIRA      , VARM  ,0,1,-0.10, (1000$/hm3)    
2, USIH   ,117, GUARAPIRANGA  , VARM  ,0,1,-0.10, (1000$/hm3)    
2, USIH   ,118, BILLINGS      , VARM  ,0,1,-0.10, (1000$/hm3)    
2, USIH   ,119, HENRY BORDEN  , VARM  ,0,1,-0.10, (1000$/hm3)    
2, USIH   ,32, CACH.DOURADA  , VARM  ,0,1,-0.10, (1000$/hm3)    
2, USIH   ,11, VOLTA GRANDE  , VARM  ,0,1,-0.10, (1000$/hm3)    
2, USIH   ,135, P. ESTRELA    , VARM  ,0,1,-0.10, (1000$/hm3)    
2, USIH   ,139, CANDONGA      , VARM  ,0,1,-0.10, (1000$/hm3)    
2, USIH   ,262, SALTO         , VARM  ,0,1,-0.10, (1000$/hm3)    
2, USIH   ,89, GARIBALDI     , VARM  ,0,1,-0.10, (1000$/hm3)    
2, USIH   ,144, MASCARENHAS   , VARM  ,0,1,-0.10, (1000$/hm3)    
2, USIH   ,66, ITAIPU        , VARM  ,0,1,-0.10, (1000$/hm3)    
2, USIH   ,110, ERNESTINA     , VARM  ,0,1,-0.10, (1000$/hm3)    
2, USIH   ,111, PASSO REAL    , VARM  ,0,1,-0.10, (1000$/hm3)    
2, USIH   ,112, JACUI         , VARM  ,0,1,-0.10, (1000$/hm3)    
2, USIH   ,113, ITAUBA        , VARM  ,0,1,-0.10, (1000$/hm3)    
2, USIH   ,114, D. FRANCISCA  , VARM  ,0,1,-0.10, (1000$/hm3)    
2, USIH   ,74, G.B. MUNHOZ   , VARM  ,0,1,-0.10, (1000$/hm3)    
2, USIH   ,76, SEGREDO       , VARM  ,0,1,-0.10, (1000$/hm3)    
2, USIH   ,82, SALTO CAXIAS  , VARM  ,0,1,-0.10, (1000$/hm3)    
2, USIH   ,115, G.P. SOUZA    , VARM  ,0,1,-0.10, (1000$/hm3)    
2, USIH   ,73, JORDAO        , VARM  ,0,1,-0.10, (1000$/hm3)    
2, USIH   ,71, STA CLARA PR  , VARM  ,0,1,-0.10, (1000$/hm3)    
2, USIH   ,72, FUNDAO        , VARM  ,0,1,-0.10, (1000$/hm3)    
2, USIH   ,57, MAUA          , VARM  ,0,1,-0.10, (1000$/hm3)    
2, USIH   ,77, SLT.SANTIAGO  , VARM  ,0,1,-0.10, (1000$/hm3)    
2, USIH   ,78, SALTO OSORIO  , VARM  ,0,1,-0.10, (1000$/hm3)    
2, USIH   ,93, PASSO FUNDO   , VARM  ,0,1,-0.10, (1000$/hm3)    
2, USIH   ,91, MACHADINHO    , VARM  ,0,1,-0.10, (1000$/hm3)    
2, USIH   ,92, ITA           , VARM  ,0,1,-0.10, (1000$/hm3)    
2, USIH   ,252, CANA BRAVA    , VARM  ,0,1,-0.10, (1000$/hm3)    
2, USIH   ,253, SAO SALVADOR  , VARM  ,0,1,-0.10, (1000$/hm3)    
2, USIH   ,267, ESTREITO TOC  , VARM  ,0,1,-0.10, (1000$/hm3)    
2, USIH   ,281, PONTE PEDRA   , VARM  ,0,1,-0.10, (1000$/hm3)    
2, USIH   ,9, JAGUARA       , VARM  ,0,1,-0.10, (1000$/hm3)    
2, USIH   ,26, MIRANDA       , VARM  ,0,1,-0.10, (1000$/hm3)    
2, USIH   ,86, BARRA GRANDE  , VARM  ,0,1,-0.10, (1000$/hm3)    
2, USIH   ,90, CAMPOS NOVOS  , VARM  ,0,1,-0.10, (1000$/hm3)    
2, USIH   ,97, CASTRO ALVES  , VARM  ,0,1,-0.10, (1000$/hm3)    
2, USIH   ,98, MONTE CLARO   , VARM  ,0,1,-0.10, (1000$/hm3)    
2, USIH   ,99, 14 DE JULHO   , VARM  ,0,1,-0.10, (1000$/hm3)    
2, USIH   ,103, FOZ CHAPECO   , VARM  ,0,1,-0.10, (1000$/hm3)    
2, USIH   ,169, SOBRADINHO    , VARM  ,0,1,-0.10, (1000$/hm3)    
2, USIH   ,172, ITAPARICA     , VARM  ,0,1,-0.10, (1000$/hm3)    
2, USIH   ,173, MOXOTO        , VARM  ,0,1,-0.10, (1000$/hm3)    
2, USIH   ,174, P.AFONSO 123  , VARM  ,0,1,-0.10, (1000$/hm3)    
2, USIH   ,175, P.AFONSO 4    , VARM  ,0,1,-0.10, (1000$/hm3)    
2, USIH   ,178, XINGO         , VARM  ,0,1,-0.10, (1000$/hm3)    
2, USIH   ,190, B. ESPERANCA  , VARM  ,0,1,-0.10, (1000$/hm3)    
2, USIH   ,189, P. CAVALO     , VARM  ,0,1,-0.10, (1000$/hm3)    
2, USIH   ,275, TUCURUI       , VARM  ,0,1,-0.10, (1000$/hm3)    
2, USIH   ,272, CURUA-UNA     , VARM  ,0,1,-0.10, (1000$/hm3)    
2, USIH   ,279, SAMUEL        , VARM  ,0,1,-0.10, (1000$/hm3)    
2, USIH   ,280, COARACY NUNE  , VARM  ,0,1,-0.10, (1000$/hm3)    
2, USIH   ,204, CACH.CALDEIR  , VARM  ,0,1,-0.10, (1000$/hm3)    
2, USIH   ,127, SOBRAGI       , VARM  ,0,1,-0.10, (1000$/hm3)    
2, USIH   ,126, PICADA        , VARM  ,0,1,-0.10, (1000$/hm3)    
2, USIH   ,283, STA CLARA MG  , VARM  ,0,1,-0.10, (1000$/hm3)    
2, USIH   ,261, LAJEADO       , VARM  ,0,1,-0.10, (1000$/hm3)    
2, USIH   ,48, PIRAJU        , VARM  ,0,1,-0.10, (1000$/hm3)    
2, USIH   ,249, OURINHOS      , VARM  ,0,1,-0.10, (1000$/hm3)    
2, USIH   ,241, SLT VERDINHO  , VARM  ,0,1,-0.10, (1000$/hm3)    
2, USIH   ,304, ITIQUIRA I    , VARM  ,0,1,-0.10, (1000$/hm3)    
2, USIH   ,305, ITIQUIRA II   , VARM  ,0,1,-0.10, (1000$/hm3)    
2, USIH   ,196, GUAPORE       , VARM  ,0,1,-0.10, (1000$/hm3)    
2, USIH   ,195, JAURU         , VARM  ,0,1,-0.10, (1000$/hm3)    
2, USIH   ,95, QUEBRA QUEIX  , VARM  ,0,1,-0.10, (1000$/hm3)    
2, USIH   ,203, CORUMBA III   , VARM  ,0,1,-0.10, (1000$/hm3)    
2, USIH   ,154, ITAPEBI       , VARM  ,0,1,-0.10, (1000$/hm3)    
2, USIH   ,310, DARDANELOS    , VARM  ,0,1,-0.10, (1000$/hm3)    
2, USIH   ,29, CORUMBA IV    , VARM  ,0,1,-0.10, (1000$/hm3)    
2, USIH   ,94, MONJOLINHO    , VARM  ,0,1,-0.10, (1000$/hm3)    
2, USIH   ,215, SALTO PILAO   , VARM  ,0,1,-0.10, (1000$/hm3)    
2, USIH   ,155, RETIRO BAIXO  , VARM  ,0,1,-0.10, (1000$/hm3)    
2, USIH   ,311, CACU          , VARM  ,0,1,-0.10, (1000$/hm3)    
2, USIH   ,312, B. COQUEIROS  , VARM  ,0,1,-0.10, (1000$/hm3)    
2, USIH   ,315, FOZ R. CLARO  , VARM  ,0,1,-0.10, (1000$/hm3)    
2, USIH   ,21, SERRA FACAO   , VARM  ,0,1,-0.10, (1000$/hm3)    
2, USIH   ,290, ESPORA        , VARM  ,0,1,-0.10, (1000$/hm3)    
2, USIH   ,101, SAO JOSE      , VARM  ,0,1,-0.10, (1000$/hm3)    
2, USIH   ,276, RONDON II     , VARM  ,0,1,-0.10, (1000$/hm3)    
2, USIH   ,102, PASSO S JOAO  , VARM  ,0,1,-0.10, (1000$/hm3)    
2, USIH   ,277, BALBINA       , VARM  ,0,1,-0.10, (1000$/hm3)    
2, USIH   ,285, JIRAU         , VARM  ,0,1,-0.10, (1000$/hm3)    
2, USIH   ,286, STO ANT JARI  , VARM  ,0,1,-0.10, (1000$/hm3)    
2, USIH   ,284, FERREIRA GOM  , VARM  ,0,1,-0.10, (1000$/hm3)    
2, USIH   ,229, TELES PIRES   , VARM  ,0,1,-0.10, (1000$/hm3)    
2, USIH   ,192, GUILMAN-AMOR  , VARM  ,0,1,-0.10, (1000$/hm3)    
2, USIH   ,230, SAO MANOEL    , VARM  ,0,1,-0.10, (1000$/hm3)    
2, USIH   ,288, BELO MONTE    , VARM  ,0,1,-0.10, (1000$/hm3)    
2, USIH   ,314, PIMENTAL      , VARM  ,0,1,-0.10, (1000$/hm3)    
3, RHS    ,0,      -        ,  RHS  ,0,0,0.1,  1000$         
3, USIH   ,1, CAMARGOS      , VARM  ,0,1,-0.10, (1000$/hm3)    
3, USIH   ,2, ITUTINGA      , VARM  ,0,1,-0.10, (1000$/hm3)    
3, USIH   ,4, FUNIL-GRANDE  , VARM  ,0,1,-0.10, (1000$/hm3)    
3, USIH   ,24, EMBORCACAO    , VARM  ,0,1,-0.10, (1000$/hm3)    
3, USIH   ,27, CAPIM BRANC1  , VARM  ,0,1,-0.10, (1000$/hm3)    
3, USIH   ,28, CAPIM BRANC2  , VARM  ,0,1,-0.10, (1000$/hm3)    
3, USIH   ,25, NOVA PONTE    , VARM  ,0,1,-0.10, (1000$/hm3)    
3, USIH   ,33, SAO SIMAO     , VARM  ,0,1,-0.10, (1000$/hm3)    
3, USIH   ,156, TRES MARIAS   , VARM  ,0,1,-0.10, (1000$/hm3)    
3, USIH   ,134, SALTO GRANDE  , VARM  ,0,1,-0.10, (1000$/hm3)    
3, USIH   ,10, IGARAPAVA     , VARM  ,0,1,-0.10, (1000$/hm3)    
3, USIH   ,143, AIMORES       , VARM  ,0,1,-0.10, (1000$/hm3)    
3, USIH   ,162, QUEIMADO      , VARM  ,0,1,-0.10, (1000$/hm3)    
3, USIH   ,148, IRAPE         , VARM  ,0,1,-0.10, (1000$/hm3)    
3, USIH   ,217, ROSAL         , VARM  ,0,1,-0.10, (1000$/hm3)    
3, USIH   ,193, SA CARVALHO   , VARM  ,0,1,-0.10, (1000$/hm3)    
3, USIH   ,141, BAGUARI       , VARM  ,0,1,-0.10, (1000$/hm3)    
3, USIH   ,14, CACONDE       , VARM  ,0,1,-0.10, (1000$/hm3)    
3, USIH   ,18, A. VERMELHA   , VARM  ,0,1,-0.10, (1000$/hm3)    
3, USIH   ,37, BARRA BONITA  , VARM  ,0,1,-0.10, (1000$/hm3)    
3, USIH   ,40, PROMISSAO     , VARM  ,0,1,-0.10, (1000$/hm3)    
3, USIH   ,42, NAVANHANDAVA  , VARM  ,0,1,-0.10, (1000$/hm3)    
3, USIH   ,15, E. DA CUNHA   , VARM  ,0,1,-0.10, (1000$/hm3)    
3, USIH   ,16, A.S.OLIVEIRA  , VARM  ,0,1,-0.10, (1000$/hm3)    
3, USIH   ,38, A.S. LIMA     , VARM  ,0,1,-0.10, (1000$/hm3)    
3, USIH   ,39, IBITINGA      , VARM  ,0,1,-0.10, (1000$/hm3)    
3, USIH   ,62, TAQUARUCU     , VARM  ,0,1,-0.10, (1000$/hm3)    
3, USIH   ,63, ROSANA        , VARM  ,0,1,-0.10, (1000$/hm3)    
3, USIH   ,52, CANOAS I      , VARM  ,0,1,-0.10, (1000$/hm3)    
3, USIH   ,51, CANOAS II     , VARM  ,0,1,-0.10, (1000$/hm3)    
3, USIH   ,47, A.A. LAYDNER  , VARM  ,0,1,-0.10, (1000$/hm3)    
3, USIH   ,49, CHAVANTES     , VARM  ,0,1,-0.10, (1000$/hm3)    
3, USIH   ,61, CAPIVARA      , VARM  ,0,1,-0.10, (1000$/hm3)    
3, USIH   ,50, L.N. GARCEZ   , VARM  ,0,1,-0.10, (1000$/hm3)    
3, USIH   ,45, JUPIA         , VARM  ,0,1,-0.10, (1000$/hm3)    
3, USIH   ,44, I. SOLT. EQV  , VARM  ,0,1,-0.10, (1000$/hm3)    
3, USIH   ,46, P. PRIMAVERA  , VARM  ,0,1,-0.10, (1000$/hm3)    
3, USIH   ,120, JAGUARI       , VARM  ,0,1,-0.10, (1000$/hm3)    
3, USIH   ,121, PARAIBUNA     , VARM  ,0,1,-0.10, (1000$/hm3)    
3, USIH   ,6, FURNAS        , VARM  ,0,1,-0.10, (1000$/hm3)    
3, USIH   ,7, M. DE MORAES  , VARM  ,0,1,-0.10, (1000$/hm3)    
3, USIH   ,8, ESTREITO      , VARM  ,0,1,-0.10, (1000$/hm3)    
3, USIH   ,12, P. COLOMBIA   , VARM  ,0,1,-0.10, (1000$/hm3)    
3, USIH   ,17, MARIMBONDO    , VARM  ,0,1,-0.10, (1000$/hm3)    
3, USIH   ,31, ITUMBIARA     , VARM  ,0,1,-0.10, (1000$/hm3)    
3, USIH   ,30, CORUMBA I     , VARM  ,0,1,-0.10, (1000$/hm3)    
3, USIH   ,251, SERRA MESA    , VARM  ,0,1,-0.10, (1000$/hm3)    
3, USIH   ,278, MANSO         , VARM  ,0,1,-0.10, (1000$/hm3)    
3, USIH   ,123, FUNIL         , VARM  ,0,1,-0.10, (1000$/hm3)    
3, USIH   ,129, SIMPLICIO     , VARM  ,0,1,-0.10, (1000$/hm3)    
3, USIH   ,20, BATALHA       , VARM  ,0,1,-0.10, (1000$/hm3)    
3, USIH   ,287, STO ANTONIO   , VARM  ,0,1,-0.10, (1000$/hm3)    
3, USIH   ,257, PEIXE ANGIC   , VARM  ,0,1,-0.10, (1000$/hm3)    
3, USIH   ,122, SANTA BRANCA  , VARM  ,0,1,-0.10, (1000$/hm3)    
3, USIH   ,124, LAJES         , VARM  ,0,1,-0.10, (1000$/hm3)    
3, USIH   ,130, ILHA POMBOS   , VARM  ,0,1,-0.10, (1000$/hm3)    
3, USIH   ,131, NILO PECANHA  , VARM  ,0,1,-0.10, (1000$/hm3)    
3, USIH   ,133, P. PASSOS     , VARM  ,0,1,-0.10, (1000$/hm3)    
3, USIH   ,125, STA CECILIA   , VARM  ,0,1,-0.10, (1000$/hm3)    
3, USIH   ,180, TOCOS         , VARM  ,0,1,-0.10, (1000$/hm3)    
3, USIH   ,181, SANTANA       , VARM  ,0,1,-0.10, (1000$/hm3)    
3, USIH   ,182, VIGARIO       , VARM  ,0,1,-0.10, (1000$/hm3)    
3, USIH   ,183, FONTES A      , VARM  ,0,1,-0.10, (1000$/hm3)    
3, USIH   ,184, FONTES BC     , VARM  ,0,1,-0.10, (1000$/hm3)    
3, USIH   ,107, EDGARD SOUZA  , VARM  ,0,1,-0.10, (1000$/hm3)    
3, USIH   ,108, TRAICAO       , VARM  ,0,1,-0.10, (1000$/hm3)    
3, USIH   ,109, PEDREIRA      , VARM  ,0,1,-0.10, (1000$/hm3)    
3, USIH   ,117, GUARAPIRANGA  , VARM  ,0,1,-0.10, (1000$/hm3)    
3, USIH   ,118, BILLINGS      , VARM  ,0,1,-0.10, (1000$/hm3)    
3, USIH   ,119, HENRY BORDEN  , VARM  ,0,1,-0.10, (1000$/hm3)    
3, USIH   ,32, CACH.DOURADA  , VARM  ,0,1,-0.10, (1000$/hm3)    
3, USIH   ,11, VOLTA GRANDE  , VARM  ,0,1,-0.10, (1000$/hm3)    
3, USIH   ,135, P. ESTRELA    , VARM  ,0,1,-0.10, (1000$/hm3)    
3, USIH   ,139, CANDONGA      , VARM  ,0,1,-0.10, (1000$/hm3)    
3, USIH   ,262, SALTO         , VARM  ,0,1,-0.10, (1000$/hm3)    
3, USIH   ,89, GARIBALDI     , VARM  ,0,1,-0.10, (1000$/hm3)    
3, USIH   ,144, MASCARENHAS   , VARM  ,0,1,-0.10, (1000$/hm3)    
3, USIH   ,66, ITAIPU        , VARM  ,0,1,-0.10, (1000$/hm3)    
3, USIH   ,110, ERNESTINA     , VARM  ,0,1,-0.10, (1000$/hm3)    
3, USIH   ,111, PASSO REAL    , VARM  ,0,1,-0.10, (1000$/hm3)    
3, USIH   ,112, JACUI         , VARM  ,0,1,-0.10, (1000$/hm3)    
3, USIH   ,113, ITAUBA        , VARM  ,0,1,-0.10, (1000$/hm3)    
3, USIH   ,114, D. FRANCISCA  , VARM  ,0,1,-0.10, (1000$/hm3)    
3, USIH   ,74, G.B. MUNHOZ   , VARM  ,0,1,-0.10, (1000$/hm3)    
3, USIH   ,76, SEGREDO       , VARM  ,0,1,-0.10, (1000$/hm3)    
3, USIH   ,82, SALTO CAXIAS  , VARM  ,0,1,-0.10, (1000$/hm3)    
3, USIH   ,115, G.P. SOUZA    , VARM  ,0,1,-0.10, (1000$/hm3)    
3, USIH   ,73, JORDAO        , VARM  ,0,1,-0.10, (1000$/hm3)    
3, USIH   ,71, STA CLARA PR  , VARM  ,0,1,-0.10, (1000$/hm3)    
3, USIH   ,72, FUNDAO        , VARM  ,0,1,-0.10, (1000$/hm3)    
3, USIH   ,57, MAUA          , VARM  ,0,1,-0.10, (1000$/hm3)    
3, USIH   ,77, SLT.SANTIAGO  , VARM  ,0,1,-0.10, (1000$/hm3)    
3, USIH   ,78, SALTO OSORIO  , VARM  ,0,1,-0.10, (1000$/hm3)    
3, USIH   ,93, PASSO FUNDO   , VARM  ,0,1,-0.10, (1000$/hm3)    
3, USIH   ,91, MACHADINHO    , VARM  ,0,1,-0.10, (1000$/hm3)    
3, USIH   ,92, ITA           , VARM  ,0,1,-0.10, (1000$/hm3)    
3, USIH   ,252, CANA BRAVA    , VARM  ,0,1,-0.10, (1000$/hm3)    
3, USIH   ,253, SAO SALVADOR  , VARM  ,0,1,-0.10, (1000$/hm3)    
3, USIH   ,267, ESTREITO TOC  , VARM  ,0,1,-0.10, (1000$/hm3)    
3, USIH   ,281, PONTE PEDRA   , VARM  ,0,1,-0.10, (1000$/hm3)    
3, USIH   ,9, JAGUARA       , VARM  ,0,1,-0.10, (1000$/hm3)    
3, USIH   ,26, MIRANDA       , VARM  ,0,1,-0.10, (1000$/hm3)    
3, USIH   ,86, BARRA GRANDE  , VARM  ,0,1,-0.10, (1000$/hm3)    
3, USIH   ,90, CAMPOS NOVOS  , VARM  ,0,1,-0.10, (1000$/hm3)    
3, USIH   ,97, CASTRO ALVES  , VARM  ,0,1,-0.10, (1000$/hm3)    
3, USIH   ,98, MONTE CLARO   , VARM  ,0,1,-0.10, (1000$/hm3)    
3, USIH   ,99, 14 DE JULHO   , VARM  ,0,1,-0.10, (1000$/hm3)    
3, USIH   ,103, FOZ CHAPECO   , VARM  ,0,1,-0.10, (1000$/hm3)    
3, USIH   ,169, SOBRADINHO    , VARM  ,0,1,-0.10, (1000$/hm3)    
3, USIH   ,172, ITAPARICA     , VARM  ,0,1,-0.10, (1000$/hm3)    
3, USIH   ,173, MOXOTO        , VARM  ,0,1,-0.10, (1000$/hm3)    
3, USIH   ,174, P.AFONSO 123  , VARM  ,0,1,-0.10, (1000$/hm3)    
3, USIH   ,175, P.AFONSO 4    , VARM  ,0,1,-0.10, (1000$/hm3)    
3, USIH   ,178, XINGO         , VARM  ,0,1,-0.10, (1000$/hm3)    
3, USIH   ,190, B. ESPERANCA  , VARM  ,0,1,-0.10, (1000$/hm3)    
3, USIH   ,189, P. CAVALO     , VARM  ,0,1,-0.10, (1000$/hm3)    
3, USIH   ,275, TUCURUI       , VARM  ,0,1,-0.10, (1000$/hm3)    
3, USIH   ,272, CURUA-UNA     , VARM  ,0,1,-0.10, (1000$/hm3)    
3, USIH   ,279, SAMUEL        , VARM  ,0,1,-0.10, (1000$/hm3)    
3, USIH   ,280, COARACY NUNE  , VARM  ,0,1,-0.10, (1000$/hm3)    
3, USIH   ,204, CACH.CALDEIR  , VARM  ,0,1,-0.10, (1000$/hm3)    
3, USIH   ,127, SOBRAGI       , VARM  ,0,1,-0.10, (1000$/hm3)    
3, USIH   ,126, PICADA        , VARM  ,0,1,-0.10, (1000$/hm3)    
3, USIH   ,283, STA CLARA MG  , VARM  ,0,1,-0.10, (1000$/hm3)    
3, USIH   ,261, LAJEADO       , VARM  ,0,1,-0.10, (1000$/hm3)    
3, USIH   ,48, PIRAJU        , VARM  ,0,1,-0.10, (1000$/hm3)    
3, USIH   ,249, OURINHOS      , VARM  ,0,1,-0.10, (1000$/hm3)    
3, USIH   ,241, SLT VERDINHO  , VARM  ,0,1,-0.10, (1000$/hm3)    
3, USIH   ,304, ITIQUIRA I    , VARM  ,0,1,-0.10, (1000$/hm3)    
3, USIH   ,305, ITIQUIRA II   , VARM  ,0,1,-0.10, (1000$/hm3)    
3, USIH   ,196, GUAPORE       , VARM  ,0,1,-0.10, (1000$/hm3)    
3, USIH   ,195, JAURU         , VARM  ,0,1,-0.10, (1000$/hm3)    
3, USIH   ,95, QUEBRA QUEIX  , VARM  ,0,1,-0.10, (1000$/hm3)    
3, USIH   ,203, CORUMBA III   , VARM  ,0,1,-0.10, (1000$/hm3)    
3, USIH   ,154, ITAPEBI       , VARM  ,0,1,-0.10, (1000$/hm3)    
3, USIH   ,310, DARDANELOS    , VARM  ,0,1,-0.10, (1000$/hm3)    
3, USIH   ,29, CORUMBA IV    , VARM  ,0,1,-0.10, (1000$/hm3)    
3, USIH   ,94, MONJOLINHO    , VARM  ,0,1,-0.10, (1000$/hm3)    
3, USIH   ,215, SALTO PILAO   , VARM  ,0,1,-0.10, (1000$/hm3)    
3, USIH   ,155, RETIRO BAIXO  , VARM  ,0,1,-0.10, (1000$/hm3)    
3, USIH   ,311, CACU          , VARM  ,0,1,-0.10, (1000$/hm3)    
3, USIH   ,312, B. COQUEIROS  , VARM  ,0,1,-0.10, (1000$/hm3)    
3, USIH   ,315, FOZ R. CLARO  , VARM  ,0,1,-0.10, (1000$/hm3)    
3, USIH   ,21, SERRA FACAO   , VARM  ,0,1,-0.10, (1000$/hm3)    
3, USIH   ,290, ESPORA        , VARM  ,0,1,-0.10, (1000$/hm3)    
3, USIH   ,101, SAO JOSE      , VARM  ,0,1,-0.10, (1000$/hm3)    
3, USIH   ,276, RONDON II     , VARM  ,0,1,-0.10, (1000$/hm3)    
3, USIH   ,102, PASSO S JOAO  , VARM  ,0,1,-0.10, (1000$/hm3)    
3, USIH   ,277, BALBINA       , VARM  ,0,1,-0.10, (1000$/hm3)    
3, USIH   ,285, JIRAU         , VARM  ,0,1,-0.10, (1000$/hm3)    
3, USIH   ,286, STO ANT JARI  , VARM  ,0,1,-0.10, (1000$/hm3)    
3, USIH   ,284, FERREIRA GOM  , VARM  ,0,1,-0.10, (1000$/hm3)    
3, USIH   ,229, TELES PIRES   , VARM  ,0,1,-0.10, (1000$/hm3)    
3, USIH   ,192, GUILMAN-AMOR  , VARM  ,0,1,-0.10, (1000$/hm3)    
3, USIH   ,230, SAO MANOEL    , VARM  ,0,1,-0.10, (1000$/hm3)    
3, USIH   ,288, BELO MONTE    , VARM  ,0,1,-0.10, (1000$/hm3)    
3, USIH   ,314, PIMENTAL      , VARM  ,0,1,-0.10, (1000$/hm3)    
4, RHS    ,0,      -        ,  RHS  ,0,0,0.1,  1000$         
4, USIH   ,1, CAMARGOS      , VARM  ,0,1,-0.10, (1000$/hm3)    
4, USIH   ,2, ITUTINGA      , VARM  ,0,1,-0.10, (1000$/hm3)    
4, USIH   ,4, FUNIL-GRANDE  , VARM  ,0,1,-0.10, (1000$/hm3)    
4, USIH   ,24, EMBORCACAO    , VARM  ,0,1,-0.10, (1000$/hm3)    
4, USIH   ,27, CAPIM BRANC1  , VARM  ,0,1,-0.10, (1000$/hm3)    
4, USIH   ,28, CAPIM BRANC2  , VARM  ,0,1,-0.10, (1000$/hm3)    
4, USIH   ,25, NOVA PONTE    , VARM  ,0,1,-0.10, (1000$/hm3)    
4, USIH   ,33, SAO SIMAO     , VARM  ,0,1,-0.10, (1000$/hm3)    
4, USIH   ,156, TRES MARIAS   , VARM  ,0,1,-0.10, (1000$/hm3)    
4, USIH   ,134, SALTO GRANDE  , VARM  ,0,1,-0.10, (1000$/hm3)    
4, USIH   ,10, IGARAPAVA     , VARM  ,0,1,-0.10, (1000$/hm3)    
4, USIH   ,143, AIMORES       , VARM  ,0,1,-0.10, (1000$/hm3)    
4, USIH   ,162, QUEIMADO      , VARM  ,0,1,-0.10, (1000$/hm3)    
4, USIH   ,148, IRAPE         , VARM  ,0,1,-0.10, (1000$/hm3)    
4, USIH   ,217, ROSAL         , VARM  ,0,1,-0.10, (1000$/hm3)    
4, USIH   ,193, SA CARVALHO   , VARM  ,0,1,-0.10, (1000$/hm3)    
4, USIH   ,141, BAGUARI       , VARM  ,0,1,-0.10, (1000$/hm3)    
4, USIH   ,14, CACONDE       , VARM  ,0,1,-0.10, (1000$/hm3)    
4, USIH   ,18, A. VERMELHA   , VARM  ,0,1,-0.10, (1000$/hm3)    
4, USIH   ,37, BARRA BONITA  , VARM  ,0,1,-0.10, (1000$/hm3)    
4, USIH   ,40, PROMISSAO     , VARM  ,0,1,-0.10, (1000$/hm3)    
4, USIH   ,42, NAVANHANDAVA  , VARM  ,0,1,-0.10, (1000$/hm3)    
4, USIH   ,15, E. DA CUNHA   , VARM  ,0,1,-0.10, (1000$/hm3)    
4, USIH   ,16, A.S.OLIVEIRA  , VARM  ,0,1,-0.10, (1000$/hm3)    
4, USIH   ,38, A.S. LIMA     , VARM  ,0,1,-0.10, (1000$/hm3)    
4, USIH   ,39, IBITINGA      , VARM  ,0,1,-0.10, (1000$/hm3)    
4, USIH   ,62, TAQUARUCU     , VARM  ,0,1,-0.10, (1000$/hm3)    
4, USIH   ,63, ROSANA        , VARM  ,0,1,-0.10, (1000$/hm3)    
4, USIH   ,52, CANOAS I      , VARM  ,0,1,-0.10, (1000$/hm3)    
4, USIH   ,51, CANOAS II     , VARM  ,0,1,-0.10, (1000$/hm3)    
4, USIH   ,47, A.A. LAYDNER  , VARM  ,0,1,-0.10, (1000$/hm3)    
4, USIH   ,49, CHAVANTES     , VARM  ,0,1,-0.10, (1000$/hm3)    
4, USIH   ,61, CAPIVARA      , VARM  ,0,1,-0.10, (1000$/hm3)    
4, USIH   ,50, L.N. GARCEZ   , VARM  ,0,1,-0.10, (1000$/hm3)    
4, USIH   ,45, JUPIA         , VARM  ,0,1,-0.10, (1000$/hm3)    
4, USIH   ,44, I. SOLT. EQV  , VARM  ,0,1,-0.10, (1000$/hm3)    
4, USIH   ,46, P. PRIMAVERA  , VARM  ,0,1,-0.10, (1000$/hm3)    
4, USIH   ,120, JAGUARI       , VARM  ,0,1,-0.10, (1000$/hm3)    
4, USIH   ,121, PARAIBUNA     , VARM  ,0,1,-0.10, (1000$/hm3)    
4, USIH   ,6, FURNAS        , VARM  ,0,1,-0.10, (1000$/hm3)    
4, USIH   ,7, M. DE MORAES  , VARM  ,0,1,-0.10, (1000$/hm3)    
4, USIH   ,8, ESTREITO      , VARM  ,0,1,-0.10, (1000$/hm3)    
4, USIH   ,12, P. COLOMBIA   , VARM  ,0,1,-0.10, (1000$/hm3)    
4, USIH   ,17, MARIMBONDO    , VARM  ,0,1,-0.10, (1000$/hm3)    
4, USIH   ,31, ITUMBIARA     , VARM  ,0,1,-0.10, (1000$/hm3)    
4, USIH   ,30, CORUMBA I     , VARM  ,0,1,-0.10, (1000$/hm3)    
4, USIH   ,251, SERRA MESA    , VARM  ,0,1,-0.10, (1000$/hm3)    
4, USIH   ,278, MANSO         , VARM  ,0,1,-0.10, (1000$/hm3)    
4, USIH   ,123, FUNIL         , VARM  ,0,1,-0.10, (1000$/hm3)    
4, USIH   ,129, SIMPLICIO     , VARM  ,0,1,-0.10, (1000$/hm3)    
4, USIH   ,20, BATALHA       , VARM  ,0,1,-0.10, (1000$/hm3)    
4, USIH   ,287, STO ANTONIO   , VARM  ,0,1,-0.10, (1000$/hm3)    
4, USIH   ,257, PEIXE ANGIC   , VARM  ,0,1,-0.10, (1000$/hm3)    
4, USIH   ,122, SANTA BRANCA  , VARM  ,0,1,-0.10, (1000$/hm3)    
4, USIH   ,124, LAJES         , VARM  ,0,1,-0.10, (1000$/hm3)    
4, USIH   ,130, ILHA POMBOS   , VARM  ,0,1,-0.10, (1000$/hm3)    
4, USIH   ,131, NILO PECANHA  , VARM  ,0,1,-0.10, (1000$/hm3)    
4, USIH   ,133, P. PASSOS     , VARM  ,0,1,-0.10, (1000$/hm3)    
4, USIH   ,125, STA CECILIA   , VARM  ,0,1,-0.10, (1000$/hm3)    
4, USIH   ,180, TOCOS         , VARM  ,0,1,-0.10, (1000$/hm3)    
4, USIH   ,181, SANTANA       , VARM  ,0,1,-0.10, (1000$/hm3)    
4, USIH   ,182, VIGARIO       , VARM  ,0,1,-0.10, (1000$/hm3)    
4, USIH   ,183, FONTES A      , VARM  ,0,1,-0.10, (1000$/hm3)    
4, USIH   ,184, FONTES BC     , VARM  ,0,1,-0.10, (1000$/hm3)    
4, USIH   ,107, EDGARD SOUZA  , VARM  ,0,1,-0.10, (1000$/hm3)    
4, USIH   ,108, TRAICAO       , VARM  ,0,1,-0.10, (1000$/hm3)    
4, USIH   ,109, PEDREIRA      , VARM  ,0,1,-0.10, (1000$/hm3)    
4, USIH   ,117, GUARAPIRANGA  , VARM  ,0,1,-0.10, (1000$/hm3)    
4, USIH   ,118, BILLINGS      , VARM  ,0,1,-0.10, (1000$/hm3)    
4, USIH   ,119, HENRY BORDEN  , VARM  ,0,1,-0.10, (1000$/hm3)    
4, USIH   ,32, CACH.DOURADA  , VARM  ,0,1,-0.10, (1000$/hm3)    
4, USIH   ,11, VOLTA GRANDE  , VARM  ,0,1,-0.10, (1000$/hm3)    
4, USIH   ,135, P. ESTRELA    , VARM  ,0,1,-0.10, (1000$/hm3)    
4, USIH   ,139, CANDONGA      , VARM  ,0,1,-0.10, (1000$/hm3)    
4, USIH   ,262, SALTO         , VARM  ,0,1,-0.10, (1000$/hm3)    
4, USIH   ,89, GARIBALDI     , VARM  ,0,1,-0.10, (1000$/hm3)    
4, USIH   ,144, MASCARENHAS   , VARM  ,0,1,-0.10, (1000$/hm3)    
4, USIH   ,66, ITAIPU        , VARM  ,0,1,-0.10, (1000$/hm3)    
4, USIH   ,110, ERNESTINA     , VARM  ,0,1,-0.10, (1000$/hm3)    
4, USIH   ,111, PASSO REAL    , VARM  ,0,1,-0.10, (1000$/hm3)    
4, USIH   ,112, JACUI         , VARM  ,0,1,-0.10, (1000$/hm3)    
4, USIH   ,113, ITAUBA        , VARM  ,0,1,-0.10, (1000$/hm3)    
4, USIH   ,114, D. FRANCISCA  , VARM  ,0,1,-0.10, (1000$/hm3)    
4, USIH   ,74, G.B. MUNHOZ   , VARM  ,0,1,-0.10, (1000$/hm3)    
4, USIH   ,76, SEGREDO       , VARM  ,0,1,-0.10, (1000$/hm3)    
4, USIH   ,82, SALTO CAXIAS  , VARM  ,0,1,-0.10, (1000$/hm3)    
4, USIH   ,115, G.P. SOUZA    , VARM  ,0,1,-0.10, (1000$/hm3)    
4, USIH   ,73, JORDAO        , VARM  ,0,1,-0.10, (1000$/hm3)    
4, USIH   ,71, STA CLARA PR  , VARM  ,0,1,-0.10, (1000$/hm3)    
4, USIH   ,72, FUNDAO        , VARM  ,0,1,-0.10, (1000$/hm3)    
4, USIH   ,57, MAUA          , VARM  ,0,1,-0.10, (1000$/hm3)    
4, USIH   ,77, SLT.SANTIAGO  , VARM  ,0,1,-0.10, (1000$/hm3)    
4, USIH   ,78, SALTO OSORIO  , VARM  ,0,1,-0.10, (1000$/hm3)    
4, USIH   ,93, PASSO FUNDO   , VARM  ,0,1,-0.10, (1000$/hm3)    
4, USIH   ,91, MACHADINHO    , VARM  ,0,1,-0.10, (1000$/hm3)    
4, USIH   ,92, ITA           , VARM  ,0,1,-0.10, (1000$/hm3)    
4, USIH   ,252, CANA BRAVA    , VARM  ,0,1,-0.10, (1000$/hm3)    
4, USIH   ,253, SAO SALVADOR  , VARM  ,0,1,-0.10, (1000$/hm3)    
4, USIH   ,267, ESTREITO TOC  , VARM  ,0,1,-0.10, (1000$/hm3)    
4, USIH   ,281, PONTE PEDRA   , VARM  ,0,1,-0.10, (1000$/hm3)    
4, USIH   ,9, JAGUARA       , VARM  ,0,1,-0.10, (1000$/hm3)    
4, USIH   ,26, MIRANDA       , VARM  ,0,1,-0.10, (1000$/hm3)    
4, USIH   ,86, BARRA GRANDE  , VARM  ,0,1,-0.10, (1000$/hm3)    
4, USIH   ,90, CAMPOS NOVOS  , VARM  ,0,1,-0.10, (1000$/hm3)    
4, USIH   ,97, CASTRO ALVES  , VARM  ,0,1,-0.10, (1000$/hm3)    
4, USIH   ,98, MONTE CLARO   , VARM  ,0,1,-0.10, (1000$/hm3)    
4, USIH   ,99, 14 DE JULHO   , VARM  ,0,1,-0.10, (1000$/hm3)    
4, USIH   ,103, FOZ CHAPECO   , VARM  ,0,1,-0.10, (1000$/hm3)    
4, USIH   ,169, SOBRADINHO    , VARM  ,0,1,-0.10, (1000$/hm3)    
4, USIH   ,172, ITAPARICA     , VARM  ,0,1,-0.10, (1000$/hm3)    
4, USIH   ,173, MOXOTO        , VARM  ,0,1,-0.10, (1000$/hm3)    
4, USIH   ,174, P.AFONSO 123  , VARM  ,0,1,-0.10, (1000$/hm3)    
4, USIH   ,175, P.AFONSO 4    , VARM  ,0,1,-0.10, (1000$/hm3)    
4, USIH   ,178, XINGO         , VARM  ,0,1,-0.10, (1000$/hm3)    
4, USIH   ,190, B. ESPERANCA  , VARM  ,0,1,-0.10, (1000$/hm3)    
4, USIH   ,189, P. CAVALO     , VARM  ,0,1,-0.10, (1000$/hm3)    
4, USIH   ,275, TUCURUI       , VARM  ,0,1,-0.10, (1000$/hm3)    
4, USIH   ,272, CURUA-UNA     , VARM  ,0,1,-0.10, (1000$/hm3)    
4, USIH   ,279, SAMUEL        , VARM  ,0,1,-0.10, (1000$/hm3)    
4, USIH   ,280, COARACY NUNE  , VARM  ,0,1,-0.10, (1000$/hm3)    
4, USIH   ,204, CACH.CALDEIR  , VARM  ,0,1,-0.10, (1000$/hm3)    
4, USIH   ,127, SOBRAGI       , VARM  ,0,1,-0.10, (1000$/hm3)    
4, USIH   ,126, PICADA        , VARM  ,0,1,-0.10, (1000$/hm3)    
4, USIH   ,283, STA CLARA MG  , VARM  ,0,1,-0.10, (1000$/hm3)    
4, USIH   ,261, LAJEADO       , VARM  ,0,1,-0.10, (1000$/hm3)    
4, USIH   ,48, PIRAJU        , VARM  ,0,1,-0.10, (1000$/hm3)    
4, USIH   ,249, OURINHOS      , VARM  ,0,1,-0.10, (1000$/hm3)    
4, USIH   ,241, SLT VERDINHO  , VARM  ,0,1,-0.10, (1000$/hm3)    
4, USIH   ,304, ITIQUIRA I    , VARM  ,0,1,-0.10, (1000$/hm3)    
4, USIH   ,305, ITIQUIRA II   , VARM  ,0,1,-0.10, (1000$/hm3)    
4, USIH   ,196, GUAPORE       , VARM  ,0,1,-0.10, (1000$/hm3)    
4, USIH   ,195, JAURU         , VARM  ,0,1,-0.10, (1000$/hm3)    
4, USIH   ,95, QUEBRA QUEIX  , VARM  ,0,1,-0.10, (1000$/hm3)    
4, USIH   ,203, CORUMBA III   , VARM  ,0,1,-0.10, (1000$/hm3)    
4, USIH   ,154, ITAPEBI       , VARM  ,0,1,-0.10, (1000$/hm3)    
4, USIH   ,310, DARDANELOS    , VARM  ,0,1,-0.10, (1000$/hm3)    
4, USIH   ,29, CORUMBA IV    , VARM  ,0,1,-0.10, (1000$/hm3)    
4, USIH   ,94, MONJOLINHO    , VARM  ,0,1,-0.10, (1000$/hm3)    
4, USIH   ,215, SALTO PILAO   , VARM  ,0,1,-0.10, (1000$/hm3)    
4, USIH   ,155, RETIRO BAIXO  , VARM  ,0,1,-0.10, (1000$/hm3)    
4, USIH   ,311, CACU          , VARM  ,0,1,-0.10, (1000$/hm3)    
4, USIH   ,312, B. COQUEIROS  , VARM  ,0,1,-0.10, (1000$/hm3)    
4, USIH   ,315, FOZ R. CLARO  , VARM  ,0,1,-0.10, (1000$/hm3)    
4, USIH   ,21, SERRA FACAO   , VARM  ,0,1,-0.10, (1000$/hm3)    
4, USIH   ,290, ESPORA        , VARM  ,0,1,-0.10, (1000$/hm3)    
4, USIH   ,101, SAO JOSE      , VARM  ,0,1,-0.10, (1000$/hm3)    
4, USIH   ,276, RONDON II     , VARM  ,0,1,-0.10, (1000$/hm3)    
4, USIH   ,102, PASSO S JOAO  , VARM  ,0,1,-0.10, (1000$/hm3)    
4, USIH   ,277, BALBINA       , VARM  ,0,1,-0.10, (1000$/hm3)    
4, USIH   ,285, JIRAU         , VARM  ,0,1,-0.10, (1000$/hm3)    
4, USIH   ,286, STO ANT JARI  , VARM  ,0,1,-0.10, (1000$/hm3)    
4, USIH   ,284, FERREIRA GOM  , VARM  ,0,1,-0.10, (1000$/hm3)    
4, USIH   ,229, TELES PIRES   , VARM  ,0,1,-0.10, (1000$/hm3)    
4, USIH   ,192, GUILMAN-AMOR  , VARM  ,0,1,-0.10, (1000$/hm3)    
4, USIH   ,230, SAO MANOEL    , VARM  ,0,1,-0.10, (1000$/hm3)    
4, USIH   ,288, BELO MONTE    , VARM  ,0,1,-0.10, (1000$/hm3)    
4, USIH   ,314, PIMENTAL      , VARM  ,0,1,-0.10, (1000$/hm3)    
5, RHS    ,0,      -        ,  RHS  ,0,0,0.1,  1000$         
5, USIH   ,1, CAMARGOS      , VARM  ,0,1,-0.10, (1000$/hm3)    
5, USIH   ,2, ITUTINGA      , VARM  ,0,1,-0.10, (1000$/hm3)    
5, USIH   ,4, FUNIL-GRANDE  , VARM  ,0,1,-0.10, (1000$/hm3)    
5, USIH   ,24, EMBORCACAO    , VARM  ,0,1,-0.10, (1000$/hm3)    
5, USIH   ,27, CAPIM BRANC1  , VARM  ,0,1,-0.10, (1000$/hm3)    
5, USIH   ,28, CAPIM BRANC2  , VARM  ,0,1,-0.10, (1000$/hm3)    
5, USIH   ,25, NOVA PONTE    , VARM  ,0,1,-0.10, (1000$/hm3)    
5, USIH   ,33, SAO SIMAO     , VARM  ,0,1,-0.10, (1000$/hm3)    
5, USIH   ,156, TRES MARIAS   , VARM  ,0,1,-0.10, (1000$/hm3)    
5, USIH   ,134, SALTO GRANDE  , VARM  ,0,1,-0.10, (1000$/hm3)    
5, USIH   ,10, IGARAPAVA     , VARM  ,0,1,-0.10, (1000$/hm3)    
5, USIH   ,143, AIMORES       , VARM  ,0,1,-0.10, (1000$/hm3)    
5, USIH   ,162, QUEIMADO      , VARM  ,0,1,-0.10, (1000$/hm3)    
5, USIH   ,148, IRAPE         , VARM  ,0,1,-0.10, (1000$/hm3)    
5, USIH   ,217, ROSAL         , VARM  ,0,1,-0.10, (1000$/hm3)    
5, USIH   ,193, SA CARVALHO   , VARM  ,0,1,-0.10, (1000$/hm3)    
5, USIH   ,141, BAGUARI       , VARM  ,0,1,-0.10, (1000$/hm3)    
5, USIH   ,14, CACONDE       , VARM  ,0,1,-0.10, (1000$/hm3)    
5, USIH   ,18, A. VERMELHA   , VARM  ,0,1,-0.10, (1000$/hm3)    
5, USIH   ,37, BARRA BONITA  , VARM  ,0,1,-0.10, (1000$/hm3)    
5, USIH   ,40, PROMISSAO     , VARM  ,0,1,-0.10, (1000$/hm3)    
5, USIH   ,42, NAVANHANDAVA  , VARM  ,0,1,-0.10, (1000$/hm3)    
5, USIH   ,15, E. DA CUNHA   , VARM  ,0,1,-0.10, (1000$/hm3)    
5, USIH   ,16, A.S.OLIVEIRA  , VARM  ,0,1,-0.10, (1000$/hm3)    
5, USIH   ,38, A.S. LIMA     , VARM  ,0,1,-0.10, (1000$/hm3)    
5, USIH   ,39, IBITINGA      , VARM  ,0,1,-0.10, (1000$/hm3)    
5, USIH   ,62, TAQUARUCU     , VARM  ,0,1,-0.10, (1000$/hm3)    
5, USIH   ,63, ROSANA        , VARM  ,0,1,-0.10, (1000$/hm3)    
5, USIH   ,52, CANOAS I      , VARM  ,0,1,-0.10, (1000$/hm3)    
5, USIH   ,51, CANOAS II     , VARM  ,0,1,-0.10, (1000$/hm3)    
5, USIH   ,47, A.A. LAYDNER  , VARM  ,0,1,-0.10, (1000$/hm3)    
5, USIH   ,49, CHAVANTES     , VARM  ,0,1,-0.10, (1000$/hm3)    
5, USIH   ,61, CAPIVARA      , VARM  ,0,1,-0.10, (1000$/hm3)    
5, USIH   ,50, L.N. GARCEZ   , VARM  ,0,1,-0.10, (1000$/hm3)    
5, USIH   ,45, JUPIA         , VARM  ,0,1,-0.10, (1000$/hm3)    
5, USIH   ,44, I. SOLT. EQV  , VARM  ,0,1,-0.10, (1000$/hm3)    
5, USIH   ,46, P. PRIMAVERA  , VARM  ,0,1,-0.10, (1000$/hm3)    
5, USIH   ,120, JAGUARI       , VARM  ,0,1,-0.10, (1000$/hm3)    
5, USIH   ,121, PARAIBUNA     , VARM  ,0,1,-0.10, (1000$/hm3)    
5, USIH   ,6, FURNAS        , VARM  ,0,1,-0.10, (1000$/hm3)    
5, USIH   ,7, M. DE MORAES  , VARM  ,0,1,-0.10, (1000$/hm3)    
5, USIH   ,8, ESTREITO      , VARM  ,0,1,-0.10, (1000$/hm3)    
5, USIH   ,12, P. COLOMBIA   , VARM  ,0,1,-0.10, (1000$/hm3)    
5, USIH   ,17, MARIMBONDO    , VARM  ,0,1,-0.10, (1000$/hm3)    
5, USIH   ,31, ITUMBIARA     , VARM  ,0,1,-0.10, (1000$/hm3)    
5, USIH   ,30, CORUMBA I     , VARM  ,0,1,-0.10, (1000$/hm3)    
5, USIH   ,251, SERRA MESA    , VARM  ,0,1,-0.10, (1000$/hm3)    
5, USIH   ,278, MANSO         , VARM  ,0,1,-0.10, (1000$/hm3)    
5, USIH   ,123, FUNIL         , VARM  ,0,1,-0.10, (1000$/hm3)    
5, USIH   ,129, SIMPLICIO     , VARM  ,0,1,-0.10, (1000$/hm3)    
5, USIH   ,20, BATALHA       , VARM  ,0,1,-0.10, (1000$/hm3)    
5, USIH   ,287, STO ANTONIO   , VARM  ,0,1,-0.10, (1000$/hm3)    
5, USIH   ,257, PEIXE ANGIC   , VARM  ,0,1,-0.10, (1000$/hm3)    
5, USIH   ,122, SANTA BRANCA  , VARM  ,0,1,-0.10, (1000$/hm3)    
5, USIH   ,124, LAJES         , VARM  ,0,1,-0.10, (1000$/hm3)    
5, USIH   ,130, ILHA POMBOS   , VARM  ,0,1,-0.10, (1000$/hm3)    
5, USIH   ,131, NILO PECANHA  , VARM  ,0,1,-0.10, (1000$/hm3)    
5, USIH   ,133, P. PASSOS     , VARM  ,0,1,-0.10, (1000$/hm3)    
5, USIH   ,125, STA CECILIA   , VARM  ,0,1,-0.10, (1000$/hm3)    
5, USIH   ,180, TOCOS         , VARM  ,0,1,-0.10, (1000$/hm3)    
5, USIH   ,181, SANTANA       , VARM  ,0,1,-0.10, (1000$/hm3)    
5, USIH   ,182, VIGARIO       , VARM  ,0,1,-0.10, (1000$/hm3)    
5, USIH   ,183, FONTES A      , VARM  ,0,1,-0.10, (1000$/hm3)    
5, USIH   ,184, FONTES BC     , VARM  ,0,1,-0.10, (1000$/hm3)    
5, USIH   ,107, EDGARD SOUZA  , VARM  ,0,1,-0.10, (1000$/hm3)    
5, USIH   ,108, TRAICAO       , VARM  ,0,1,-0.10, (1000$/hm3)    
5, USIH   ,109, PEDREIRA      , VARM  ,0,1,-0.10, (1000$/hm3)    
5, USIH   ,117, GUARAPIRANGA  , VARM  ,0,1,-0.10, (1000$/hm3)    
5, USIH   ,118, BILLINGS      , VARM  ,0,1,-0.10, (1000$/hm3)    
5, USIH   ,119, HENRY BORDEN  , VARM  ,0,1,-0.10, (1000$/hm3)    
5, USIH   ,32, CACH.DOURADA  , VARM  ,0,1,-0.10, (1000$/hm3)    
5, USIH   ,11, VOLTA GRANDE  , VARM  ,0,1,-0.10, (1000$/hm3)    
5, USIH   ,135, P. ESTRELA    , VARM  ,0,1,-0.10, (1000$/hm3)    
5, USIH   ,139, CANDONGA      , VARM  ,0,1,-0.10, (1000$/hm3)    
5, USIH   ,262, SALTO         , VARM  ,0,1,-0.10, (1000$/hm3)    
5, USIH   ,89, GARIBALDI     , VARM  ,0,1,-0.10, (1000$/hm3)    
5, USIH   ,144, MASCARENHAS   , VARM  ,0,1,-0.10, (1000$/hm3)    
5, USIH   ,66, ITAIPU        , VARM  ,0,1,-0.10, (1000$/hm3)    
5, USIH   ,110, ERNESTINA     , VARM  ,0,1,-0.10, (1000$/hm3)    
5, USIH   ,111, PASSO REAL    , VARM  ,0,1,-0.10, (1000$/hm3)    
5, USIH   ,112, JACUI         , VARM  ,0,1,-0.10, (1000$/hm3)    
5, USIH   ,113, ITAUBA        , VARM  ,0,1,-0.10, (1000$/hm3)    
5, USIH   ,114, D. FRANCISCA  , VARM  ,0,1,-0.10, (1000$/hm3)    
5, USIH   ,74, G.B. MUNHOZ   , VARM  ,0,1,-0.10, (1000$/hm3)    
5, USIH   ,76, SEGREDO       , VARM  ,0,1,-0.10, (1000$/hm3)    
5, USIH   ,82, SALTO CAXIAS  , VARM  ,0,1,-0.10, (1000$/hm3)    
5, USIH   ,115, G.P. SOUZA    , VARM  ,0,1,-0.10, (1000$/hm3)    
5, USIH   ,73, JORDAO        , VARM  ,0,1,-0.10, (1000$/hm3)    
5, USIH   ,71, STA CLARA PR  , VARM  ,0,1,-0.10, (1000$/hm3)    
5, USIH   ,72, FUNDAO        , VARM  ,0,1,-0.10, (1000$/hm3)    
5, USIH   ,57, MAUA          , VARM  ,0,1,-0.10, (1000$/hm3)    
5, USIH   ,77, SLT.SANTIAGO  , VARM  ,0,1,-0.10, (1000$/hm3)    
5, USIH   ,78, SALTO OSORIO  , VARM  ,0,1,-0.10, (1000$/hm3)    
5, USIH   ,93, PASSO FUNDO   , VARM  ,0,1,-0.10, (1000$/hm3)    
5, USIH   ,91, MACHADINHO    , VARM  ,0,1,-0.10, (1000$/hm3)    
5, USIH   ,92, ITA           , VARM  ,0,1,-0.10, (1000$/hm3)    
5, USIH   ,252, CANA BRAVA    , VARM  ,0,1,-0.10, (1000$/hm3)    
5, USIH   ,253, SAO SALVADOR  , VARM  ,0,1,-0.10, (1000$/hm3)    
5, USIH   ,267, ESTREITO TOC  , VARM  ,0,1,-0.10, (1000$/hm3)    
5, USIH   ,281, PONTE PEDRA   , VARM  ,0,1,-0.10, (1000$/hm3)    
5, USIH   ,9, JAGUARA       , VARM  ,0,1,-0.10, (1000$/hm3)    
5, USIH   ,26, MIRANDA       , VARM  ,0,1,-0.10, (1000$/hm3)    
5, USIH   ,86, BARRA GRANDE  , VARM  ,0,1,-0.10, (1000$/hm3)    
5, USIH   ,90, CAMPOS NOVOS  , VARM  ,0,1,-0.10, (1000$/hm3)    
5, USIH   ,97, CASTRO ALVES  , VARM  ,0,1,-0.10, (1000$/hm3)    
5, USIH   ,98, MONTE CLARO   , VARM  ,0,1,-0.10, (1000$/hm3)    
5, USIH   ,99, 14 DE JULHO   , VARM  ,0,1,-0.10, (1000$/hm3)    
5, USIH   ,103, FOZ CHAPECO   , VARM  ,0,1,-0.10, (1000$/hm3)    
5, USIH   ,169, SOBRADINHO    , VARM  ,0,1,-0.10, (1000$/hm3)    
5, USIH   ,172, ITAPARICA     , VARM  ,0,1,-0.10, (1000$/hm3)    
5, USIH   ,173, MOXOTO        , VARM  ,0,1,-0.10, (1000$/hm3)    
5, USIH   ,174, P.AFONSO 123  , VARM  ,0,1,-0.10, (1000$/hm3)    
5, USIH   ,175, P.AFONSO 4    , VARM  ,0,1,-0.10, (1000$/hm3)    
5, USIH   ,178, XINGO         , VARM  ,0,1,-0.10, (1000$/hm3)    
5, USIH   ,190, B. ESPERANCA  , VARM  ,0,1,-0.10, (1000$/hm3)    
5, USIH   ,189, P. CAVALO     , VARM  ,0,1,-0.10, (1000$/hm3)    
5, USIH   ,275, TUCURUI       , VARM  ,0,1,-0.10, (1000$/hm3)    
5, USIH   ,272, CURUA-UNA     , VARM  ,0,1,-0.10, (1000$/hm3)    
5, USIH   ,279, SAMUEL        , VARM  ,0,1,-0.10, (1000$/hm3)    
5, USIH   ,280, COARACY NUNE  , VARM  ,0,1,-0.10, (1000$/hm3)    
5, USIH   ,204, CACH.CALDEIR  , VARM  ,0,1,-0.10, (1000$/hm3)    
5, USIH   ,127, SOBRAGI       , VARM  ,0,1,-0.10, (1000$/hm3)    
5, USIH   ,126, PICADA        , VARM  ,0,1,-0.10, (1000$/hm3)    
5, USIH   ,283, STA CLARA MG  , VARM  ,0,1,-0.10, (1000$/hm3)    
5, USIH   ,261, LAJEADO       , VARM  ,0,1,-0.10, (1000$/hm3)    
5, USIH   ,48, PIRAJU        , VARM  ,0,1,-0.10, (1000$/hm3)    
5, USIH   ,249, OURINHOS      , VARM  ,0,1,-0.10, (1000$/hm3)    
5, USIH   ,241, SLT VERDINHO  , VARM  ,0,1,-0.10, (1000$/hm3)    
5, USIH   ,304, ITIQUIRA I    , VARM  ,0,1,-0.10, (1000$/hm3)    
5, USIH   ,305, ITIQUIRA II   , VARM  ,0,1,-0.10, (1000$/hm3)    
5, USIH   ,196, GUAPORE       , VARM  ,0,1,-0.10, (1000$/hm3)    
5, USIH   ,195, JAURU         , VARM  ,0,1,-0.10, (1000$/hm3)    
5, USIH   ,95, QUEBRA QUEIX  , VARM  ,0,1,-0.10, (1000$/hm3)    
5, USIH   ,203, CORUMBA III   , VARM  ,0,1,-0.10, (1000$/hm3)    
5, USIH   ,154, ITAPEBI       , VARM  ,0,1,-0.10, (1000$/hm3)    
5, USIH   ,310, DARDANELOS    , VARM  ,0,1,-0.10, (1000$/hm3)    
5, USIH   ,29, CORUMBA IV    , VARM  ,0,1,-0.10, (1000$/hm3)    
5, USIH   ,94, MONJOLINHO    , VARM  ,0,1,-0.10, (1000$/hm3)    
5, USIH   ,215, SALTO PILAO   , VARM  ,0,1,-0.10, (1000$/hm3)    
5, USIH   ,155, RETIRO BAIXO  , VARM  ,0,1,-0.10, (1000$/hm3)    
5, USIH   ,311, CACU          , VARM  ,0,1,-0.10, (1000$/hm3)    
5, USIH   ,312, B. COQUEIROS  , VARM  ,0,1,-0.10, (1000$/hm3)    
5, USIH   ,315, FOZ R. CLARO  , VARM  ,0,1,-0.10, (1000$/hm3)    
5, USIH   ,21, SERRA FACAO   , VARM  ,0,1,-0.10, (1000$/hm3)    
5, USIH   ,290, ESPORA        , VARM  ,0,1,-0.10, (1000$/hm3)    
5, USIH   ,101, SAO JOSE      , VARM  ,0,1,-0.10, (1000$/hm3)    
5, USIH   ,276, RONDON II     , VARM  ,0,1,-0.10, (1000$/hm3)    
5, USIH   ,102, PASSO S JOAO  , VARM  ,0,1,-0.10, (1000$/hm3)    
5, USIH   ,277, BALBINA       , VARM  ,0,1,-0.10, (1000$/hm3)    
5, USIH   ,285, JIRAU         , VARM  ,0,1,-0.10, (1000$/hm3)    
5, USIH   ,286, STO ANT JARI  , VARM  ,0,1,-0.10, (1000$/hm3)    
5, USIH   ,284, FERREIRA GOM  , VARM  ,0,1,-0.10, (1000$/hm3)    
5, USIH   ,229, TELES PIRES   , VARM  ,0,1,-0.10, (1000$/hm3)    
5, USIH   ,192, GUILMAN-AMOR  , VARM  ,0,1,-0.10, (1000$/hm3)    
5, USIH   ,230, SAO MANOEL    , VARM  ,0,1,-0.10, (1000$/hm3)    
5, USIH   ,288, BELO MONTE    , VARM  ,0,1,-0.10, (1000$/hm3)    
5, USIH   ,314, PIMENTAL      , VARM  ,0,1,-0.10, (1000$/hm3)    
6, RHS    ,0,      -        ,  RHS  ,0,0,0.1,  1000$         
6, USIH   ,1, CAMARGOS      , VARM  ,0,1,-0.10, (1000$/hm3)    
6, USIH   ,2, ITUTINGA      , VARM  ,0,1,-0.10, (1000$/hm3)    
6, USIH   ,4, FUNIL-GRANDE  , VARM  ,0,1,-0.10, (1000$/hm3)    
6, USIH   ,24, EMBORCACAO    , VARM  ,0,1,-0.10, (1000$/hm3)    
6, USIH   ,27, CAPIM BRANC1  , VARM  ,0,1,-0.10, (1000$/hm3)    
6, USIH   ,28, CAPIM BRANC2  , VARM  ,0,1,-0.10, (1000$/hm3)    
6, USIH   ,25, NOVA PONTE    , VARM  ,0,1,-0.10, (1000$/hm3)    
6, USIH   ,33, SAO SIMAO     , VARM  ,0,1,-0.10, (1000$/hm3)    
6, USIH   ,156, TRES MARIAS   , VARM  ,0,1,-0.10, (1000$/hm3)    
6, USIH   ,134, SALTO GRANDE  , VARM  ,0,1,-0.10, (1000$/hm3)    
6, USIH   ,10, IGARAPAVA     , VARM  ,0,1,-0.10, (1000$/hm3)    
6, USIH   ,143, AIMORES       , VARM  ,0,1,-0.10, (1000$/hm3)    
6, USIH   ,162, QUEIMADO      , VARM  ,0,1,-0.10, (1000$/hm3)    
6, USIH   ,148, IRAPE         , VARM  ,0,1,-0.10, (1000$/hm3)    
6, USIH   ,217, ROSAL         , VARM  ,0,1,-0.10, (1000$/hm3)    
6, USIH   ,193, SA CARVALHO   , VARM  ,0,1,-0.10, (1000$/hm3)    
6, USIH   ,141, BAGUARI       , VARM  ,0,1,-0.10, (1000$/hm3)    
6, USIH   ,14, CACONDE       , VARM  ,0,1,-0.10, (1000$/hm3)    
6, USIH   ,18, A. VERMELHA   , VARM  ,0,1,-0.10, (1000$/hm3)    
6, USIH   ,37, BARRA BONITA  , VARM  ,0,1,-0.10, (1000$/hm3)    
6, USIH   ,40, PROMISSAO     , VARM  ,0,1,-0.10, (1000$/hm3)    
6, USIH   ,42, NAVANHANDAVA  , VARM  ,0,1,-0.10, (1000$/hm3)    
6, USIH   ,15, E. DA CUNHA   , VARM  ,0,1,-0.10, (1000$/hm3)    
6, USIH   ,16, A.S.OLIVEIRA  , VARM  ,0,1,-0.10, (1000$/hm3)    
6, USIH   ,38, A.S. LIMA     , VARM  ,0,1,-0.10, (1000$/hm3)    
6, USIH   ,39, IBITINGA      , VARM  ,0,1,-0.10, (1000$/hm3)    
6, USIH   ,62, TAQUARUCU     , VARM  ,0,1,-0.10, (1000$/hm3)    
6, USIH   ,63, ROSANA        , VARM  ,0,1,-0.10, (1000$/hm3)    
6, USIH   ,52, CANOAS I      , VARM  ,0,1,-0.10, (1000$/hm3)    
6, USIH   ,51, CANOAS II     , VARM  ,0,1,-0.10, (1000$/hm3)    
6, USIH   ,47, A.A. LAYDNER  , VARM  ,0,1,-0.10, (1000$/hm3)    
6, USIH   ,49, CHAVANTES     , VARM  ,0,1,-0.10, (1000$/hm3)    
6, USIH   ,61, CAPIVARA      , VARM  ,0,1,-0.10, (1000$/hm3)    
6, USIH   ,50, L.N. GARCEZ   , VARM  ,0,1,-0.10, (1000$/hm3)    
6, USIH   ,45, JUPIA         , VARM  ,0,1,-0.10, (1000$/hm3)    
6, USIH   ,44, I. SOLT. EQV  , VARM  ,0,1,-0.10, (1000$/hm3)    
6, USIH   ,46, P. PRIMAVERA  , VARM  ,0,1,-0.10, (1000$/hm3)    
6, USIH   ,120, JAGUARI       , VARM  ,0,1,-0.10, (1000$/hm3)    
6, USIH   ,121, PARAIBUNA     , VARM  ,0,1,-0.10, (1000$/hm3)    
6, USIH   ,6, FURNAS        , VARM  ,0,1,-0.10, (1000$/hm3)    
6, USIH   ,7, M. DE MORAES  , VARM  ,0,1,-0.10, (1000$/hm3)    
6, USIH   ,8, ESTREITO      , VARM  ,0,1,-0.10, (1000$/hm3)    
6, USIH   ,12, P. COLOMBIA   , VARM  ,0,1,-0.10, (1000$/hm3)    
6, USIH   ,17, MARIMBONDO    , VARM  ,0,1,-0.10, (1000$/hm3)    
6, USIH   ,31, ITUMBIARA     , VARM  ,0,1,-0.10, (1000$/hm3)    
6, USIH   ,30, CORUMBA I     , VARM  ,0,1,-0.10, (1000$/hm3)    
6, USIH   ,251, SERRA MESA    , VARM  ,0,1,-0.10, (1000$/hm3)    
6, USIH   ,278, MANSO         , VARM  ,0,1,-0.10, (1000$/hm3)    
6, USIH   ,123, FUNIL         , VARM  ,0,1,-0.10, (1000$/hm3)    
6, USIH   ,129, SIMPLICIO     , VARM  ,0,1,-0.10, (1000$/hm3)    
6, USIH   ,20, BATALHA       , VARM  ,0,1,-0.10, (1000$/hm3)    
6, USIH   ,287, STO ANTONIO   , VARM  ,0,1,-0.10, (1000$/hm3)    
6, USIH   ,257, PEIXE ANGIC   , VARM  ,0,1,-0.10, (1000$/hm3)    
6, USIH   ,122, SANTA BRANCA  , VARM  ,0,1,-0.10, (1000$/hm3)    
6, USIH   ,124, LAJES         , VARM  ,0,1,-0.10, (1000$/hm3)    
6, USIH   ,130, ILHA POMBOS   , VARM  ,0,1,-0.10, (1000$/hm3)    
6, USIH   ,131, NILO PECANHA  , VARM  ,0,1,-0.10, (1000$/hm3)    
6, USIH   ,133, P. PASSOS     , VARM  ,0,1,-0.10, (1000$/hm3)    
6, USIH   ,125, STA CECILIA   , VARM  ,0,1,-0.10, (1000$/hm3)    
6, USIH   ,180, TOCOS         , VARM  ,0,1,-0.10, (1000$/hm3)    
6, USIH   ,181, SANTANA       , VARM  ,0,1,-0.10, (1000$/hm3)    
6, USIH   ,182, VIGARIO       , VARM  ,0,1,-0.10, (1000$/hm3)    
6, USIH   ,183, FONTES A      , VARM  ,0,1,-0.10, (1000$/hm3)    
6, USIH   ,184, FONTES BC     , VARM  ,0,1,-0.10, (1000$/hm3)    
6, USIH   ,107, EDGARD SOUZA  , VARM  ,0,1,-0.10, (1000$/hm3)    
6, USIH   ,108, TRAICAO       , VARM  ,0,1,-0.10, (1000$/hm3)    
6, USIH   ,109, PEDREIRA      , VARM  ,0,1,-0.10, (1000$/hm3)    
6, USIH   ,117, GUARAPIRANGA  , VARM  ,0,1,-0.10, (1000$/hm3)    
6, USIH   ,118, BILLINGS      , VARM  ,0,1,-0.10, (1000$/hm3)    
6, USIH   ,119, HENRY BORDEN  , VARM  ,0,1,-0.10, (1000$/hm3)    
6, USIH   ,32, CACH.DOURADA  , VARM  ,0,1,-0.10, (1000$/hm3)    
6, USIH   ,11, VOLTA GRANDE  , VARM  ,0,1,-0.10, (1000$/hm3)    
6, USIH   ,135, P. ESTRELA    , VARM  ,0,1,-0.10, (1000$/hm3)    
6, USIH   ,139, CANDONGA      , VARM  ,0,1,-0.10, (1000$/hm3)    
6, USIH   ,262, SALTO         , VARM  ,0,1,-0.10, (1000$/hm3)    
6, USIH   ,89, GARIBALDI     , VARM  ,0,1,-0.10, (1000$/hm3)    
6, USIH   ,144, MASCARENHAS   , VARM  ,0,1,-0.10, (1000$/hm3)    
6, USIH   ,66, ITAIPU        , VARM  ,0,1,-0.10, (1000$/hm3)    
6, USIH   ,110, ERNESTINA     , VARM  ,0,1,-0.10, (1000$/hm3)    
6, USIH   ,111, PASSO REAL    , VARM  ,0,1,-0.10, (1000$/hm3)    
6, USIH   ,112, JACUI         , VARM  ,0,1,-0.10, (1000$/hm3)    
6, USIH   ,113, ITAUBA        , VARM  ,0,1,-0.10, (1000$/hm3)    
6, USIH   ,114, D. FRANCISCA  , VARM  ,0,1,-0.10, (1000$/hm3)    
6, USIH   ,74, G.B. MUNHOZ   , VARM  ,0,1,-0.10, (1000$/hm3)    
6, USIH   ,76, SEGREDO       , VARM  ,0,1,-0.10, (1000$/hm3)    
6, USIH   ,82, SALTO CAXIAS  , VARM  ,0,1,-0.10, (1000$/hm3)    
6, USIH   ,115, G.P. SOUZA    , VARM  ,0,1,-0.10, (1000$/hm3)    
6, USIH   ,73, JORDAO        , VARM  ,0,1,-0.10, (1000$/hm3)    
6, USIH   ,71, STA CLARA PR  , VARM  ,0,1,-0.10, (1000$/hm3)    
6, USIH   ,72, FUNDAO        , VARM  ,0,1,-0.10, (1000$/hm3)    
6, USIH   ,57, MAUA          , VARM  ,0,1,-0.10, (1000$/hm3)    
6, USIH   ,77, SLT.SANTIAGO  , VARM  ,0,1,-0.10, (1000$/hm3)    
6, USIH   ,78, SALTO OSORIO  , VARM  ,0,1,-0.10, (1000$/hm3)    
6, USIH   ,93, PASSO FUNDO   , VARM  ,0,1,-0.10, (1000$/hm3)    
6, USIH   ,91, MACHADINHO    , VARM  ,0,1,-0.10, (1000$/hm3)    
6, USIH   ,92, ITA           , VARM  ,0,1,-0.10, (1000$/hm3)    
6, USIH   ,252, CANA BRAVA    , VARM  ,0,1,-0.10, (1000$/hm3)    
6, USIH   ,253, SAO SALVADOR  , VARM  ,0,1,-0.10, (1000$/hm3)    
6, USIH   ,267, ESTREITO TOC  , VARM  ,0,1,-0.10, (1000$/hm3)    
6, USIH   ,281, PONTE PEDRA   , VARM  ,0,1,-0.10, (1000$/hm3)    
6, USIH   ,9, JAGUARA       , VARM  ,0,1,-0.10, (1000$/hm3)    
6, USIH   ,26, MIRANDA       , VARM  ,0,1,-0.10, (1000$/hm3)    
6, USIH   ,86, BARRA GRANDE  , VARM  ,0,1,-0.10, (1000$/hm3)    
6, USIH   ,90, CAMPOS NOVOS  , VARM  ,0,1,-0.10, (1000$/hm3)    
6, USIH   ,97, CASTRO ALVES  , VARM  ,0,1,-0.10, (1000$/hm3)    
6, USIH   ,98, MONTE CLARO   , VARM  ,0,1,-0.10, (1000$/hm3)    
6, USIH   ,99, 14 DE JULHO   , VARM  ,0,1,-0.10, (1000$/hm3)    
6, USIH   ,103, FOZ CHAPECO   , VARM  ,0,1,-0.10, (1000$/hm3)    
6, USIH   ,169, SOBRADINHO    , VARM  ,0,1,-0.10, (1000$/hm3)    
6, USIH   ,172, ITAPARICA     , VARM  ,0,1,-0.10, (1000$/hm3)    
6, USIH   ,173, MOXOTO        , VARM  ,0,1,-0.10, (1000$/hm3)    
6, USIH   ,174, P.AFONSO 123  , VARM  ,0,1,-0.10, (1000$/hm3)    
6, USIH   ,175, P.AFONSO 4    , VARM  ,0,1,-0.10, (1000$/hm3)    
6, USIH   ,178, XINGO         , VARM  ,0,1,-0.10, (1000$/hm3)    
6, USIH   ,190, B. ESPERANCA  , VARM  ,0,1,-0.10, (1000$/hm3)    
6, USIH   ,189, P. CAVALO     , VARM  ,0,1,-0.10, (1000$/hm3)    
6, USIH   ,275, TUCURUI       , VARM  ,0,1,-0.10, (1000$/hm3)    
6, USIH   ,272, CURUA-UNA     , VARM  ,0,1,-0.10, (1000$/hm3)    
6, USIH   ,279, SAMUEL        , VARM  ,0,1,-0.10, (1000$/hm3)    
6, USIH   ,280, COARACY NUNE  , VARM  ,0,1,-0.10, (1000$/hm3)    
6, USIH   ,204, CACH.CALDEIR  , VARM  ,0,1,-0.10, (1000$/hm3)    
6, USIH   ,127, SOBRAGI       , VARM  ,0,1,-0.10, (1000$/hm3)    
6, USIH   ,126, PICADA        , VARM  ,0,1,-0.10, (1000$/hm3)    
6, USIH   ,283, STA CLARA MG  , VARM  ,0,1,-0.10, (1000$/hm3)    
6, USIH   ,261, LAJEADO       , VARM  ,0,1,-0.10, (1000$/hm3)    
6, USIH   ,48, PIRAJU        , VARM  ,0,1,-0.10, (1000$/hm3)    
6, USIH   ,249, OURINHOS      , VARM  ,0,1,-0.10, (1000$/hm3)    
6, USIH   ,241, SLT VERDINHO  , VARM  ,0,1,-0.10, (1000$/hm3)    
6, USIH   ,304, ITIQUIRA I    , VARM  ,0,1,-0.10, (1000$/hm3)    
6, USIH   ,305, ITIQUIRA II   , VARM  ,0,1,-0.10, (1000$/hm3)    
6, USIH   ,196, GUAPORE       , VARM  ,0,1,-0.10, (1000$/hm3)    
6, USIH   ,195, JAURU         , VARM  ,0,1,-0.10, (1000$/hm3)    
6, USIH   ,95, QUEBRA QUEIX  , VARM  ,0,1,-0.10, (1000$/hm3)    
6, USIH   ,203, CORUMBA III   , VARM  ,0,1,-0.10, (1000$/hm3)    
6, USIH   ,154, ITAPEBI       , VARM  ,0,1,-0.10, (1000$/hm3)    
6, USIH   ,310, DARDANELOS    , VARM  ,0,1,-0.10, (1000$/hm3)    
6, USIH   ,29, CORUMBA IV    , VARM  ,0,1,-0.10, (1000$/hm3)    
6, USIH   ,94, MONJOLINHO    , VARM  ,0,1,-0.10, (1000$/hm3)    
6, USIH   ,215, SALTO PILAO   , VARM  ,0,1,-0.10, (1000$/hm3)    
6, USIH   ,155, RETIRO BAIXO  , VARM  ,0,1,-0.10, (1000$/hm3)    
6, USIH   ,311, CACU          , VARM  ,0,1,-0.10, (1000$/hm3)    
6, USIH   ,312, B. COQUEIROS  , VARM  ,0,1,-0.10, (1000$/hm3)    
6, USIH   ,315, FOZ R. CLARO  , VARM  ,0,1,-0.10, (1000$/hm3)    
6, USIH   ,21, SERRA FACAO   , VARM  ,0,1,-0.10, (1000$/hm3)    
6, USIH   ,290, ESPORA        , VARM  ,0,1,-0.10, (1000$/hm3)    
6, USIH   ,101, SAO JOSE      , VARM  ,0,1,-0.10, (1000$/hm3)    
6, USIH   ,276, RONDON II     , VARM  ,0,1,-0.10, (1000$/hm3)    
6, USIH   ,102, PASSO S JOAO  , VARM  ,0,1,-0.10, (1000$/hm3)    
6, USIH   ,277, BALBINA       , VARM  ,0,1,-0.10, (1000$/hm3)    
6, USIH   ,285, JIRAU         , VARM  ,0,1,-0.10, (1000$/hm3)    
6, USIH   ,286, STO ANT JARI  , VARM  ,0,1,-0.10, (1000$/hm3)    
6, USIH   ,284, FERREIRA GOM  , VARM  ,0,1,-0.10, (1000$/hm3)    
6, USIH   ,229, TELES PIRES   , VARM  ,0,1,-0.10, (1000$/hm3)    
6, USIH   ,192, GUILMAN-AMOR  , VARM  ,0,1,-0.10, (1000$/hm3)    
6, USIH   ,230, SAO MANOEL    , VARM  ,0,1,-0.10, (1000$/hm3)    
6, USIH   ,288, BELO MONTE    , VARM  ,0,1,-0.10, (1000$/hm3)    
6, USIH   ,314, PIMENTAL      , VARM  ,0,1,-0.10, (1000$/hm3)    
7, RHS    ,0,      -        ,  RHS  ,0,0,0.1,  1000$         
7, USIH   ,1, CAMARGOS      , VARM  ,0,1,-0.10, (1000$/hm3)    
7, USIH   ,2, ITUTINGA      , VARM  ,0,1,-0.10, (1000$/hm3)    
7, USIH   ,4, FUNIL-GRANDE  , VARM  ,0,1,-0.10, (1000$/hm3)    
7, USIH   ,24, EMBORCACAO    , VARM  ,0,1,-0.10, (1000$/hm3)    
7, USIH   ,27, CAPIM BRANC1  , VARM  ,0,1,-0.10, (1000$/hm3)    
7, USIH   ,28, CAPIM BRANC2  , VARM  ,0,1,-0.10, (1000$/hm3)    
7, USIH   ,25, NOVA PONTE    , VARM  ,0,1,-0.10, (1000$/hm3)    
7, USIH   ,33, SAO SIMAO     , VARM  ,0,1,-0.10, (1000$/hm3)    
7, USIH   ,156, TRES MARIAS   , VARM  ,0,1,-0.10, (1000$/hm3)    
7, USIH   ,134, SALTO GRANDE  , VARM  ,0,1,-0.10, (1000$/hm3)    
7, USIH   ,10, IGARAPAVA     , VARM  ,0,1,-0.10, (1000$/hm3)    
7, USIH   ,143, AIMORES       , VARM  ,0,1,-0.10, (1000$/hm3)    
7, USIH   ,162, QUEIMADO      , VARM  ,0,1,-0.10, (1000$/hm3)    
7, USIH   ,148, IRAPE         , VARM  ,0,1,-0.10, (1000$/hm3)    
7, USIH   ,217, ROSAL         , VARM  ,0,1,-0.10, (1000$/hm3)    
7, USIH   ,193, SA CARVALHO   , VARM  ,0,1,-0.10, (1000$/hm3)    
7, USIH   ,141, BAGUARI       , VARM  ,0,1,-0.10, (1000$/hm3)    
7, USIH   ,14, CACONDE       , VARM  ,0,1,-0.10, (1000$/hm3)    
7, USIH   ,18, A. VERMELHA   , VARM  ,0,1,-0.10, (1000$/hm3)    
7, USIH   ,37, BARRA BONITA  , VARM  ,0,1,-0.10, (1000$/hm3)    
7, USIH   ,40, PROMISSAO     , VARM  ,0,1,-0.10, (1000$/hm3)    
7, USIH   ,42, NAVANHANDAVA  , VARM  ,0,1,-0.10, (1000$/hm3)    
7, USIH   ,15, E. DA CUNHA   , VARM  ,0,1,-0.10, (1000$/hm3)    
7, USIH   ,16, A.S.OLIVEIRA  , VARM  ,0,1,-0.10, (1000$/hm3)    
7, USIH   ,38, A.S. LIMA     , VARM  ,0,1,-0.10, (1000$/hm3)    
7, USIH   ,39, IBITINGA      , VARM  ,0,1,-0.10, (1000$/hm3)    
7, USIH   ,62, TAQUARUCU     , VARM  ,0,1,-0.10, (1000$/hm3)    
7, USIH   ,63, ROSANA        , VARM  ,0,1,-0.10, (1000$/hm3)    
7, USIH   ,52, CANOAS I      , VARM  ,0,1,-0.10, (1000$/hm3)    
7, USIH   ,51, CANOAS II     , VARM  ,0,1,-0.10, (1000$/hm3)    
7, USIH   ,47, A.A. LAYDNER  , VARM  ,0,1,-0.10, (1000$/hm3)    
7, USIH   ,49, CHAVANTES     , VARM  ,0,1,-0.10, (1000$/hm3)    
7, USIH   ,61, CAPIVARA      , VARM  ,0,1,-0.10, (1000$/hm3)    
7, USIH   ,50, L.N. GARCEZ   , VARM  ,0,1,-0.10, (1000$/hm3)    
7, USIH   ,45, JUPIA         , VARM  ,0,1,-0.10, (1000$/hm3)    
7, USIH   ,44, I. SOLT. EQV  , VARM  ,0,1,-0.10, (1000$/hm3)    
7, USIH   ,46, P. PRIMAVERA  , VARM  ,0,1,-0.10, (1000$/hm3)    
7, USIH   ,120, JAGUARI       , VARM  ,0,1,-0.10, (1000$/hm3)    
7, USIH   ,121, PARAIBUNA     , VARM  ,0,1,-0.10, (1000$/hm3)    
7, USIH   ,6, FURNAS        , VARM  ,0,1,-0.10, (1000$/hm3)    
7, USIH   ,7, M. DE MORAES  , VARM  ,0,1,-0.10, (1000$/hm3)    
7, USIH   ,8, ESTREITO      , VARM  ,0,1,-0.10, (1000$/hm3)    
7, USIH   ,12, P. COLOMBIA   , VARM  ,0,1,-0.10, (1000$/hm3)    
7, USIH   ,17, MARIMBONDO    , VARM  ,0,1,-0.10, (1000$/hm3)    
7, USIH   ,31, ITUMBIARA     , VARM  ,0,1,-0.10, (1000$/hm3)    
7, USIH   ,30, CORUMBA I     , VARM  ,0,1,-0.10, (1000$/hm3)    
7, USIH   ,251, SERRA MESA    , VARM  ,0,1,-0.10, (1000$/hm3)    
7, USIH   ,278, MANSO         , VARM  ,0,1,-0.10, (1000$/hm3)    
7, USIH   ,123, FUNIL         , VARM  ,0,1,-0.10, (1000$/hm3)    
7, USIH   ,129, SIMPLICIO     , VARM  ,0,1,-0.10, (1000$/hm3)    
7, USIH   ,20, BATALHA       , VARM  ,0,1,-0.10, (1000$/hm3)    
7, USIH   ,287, STO ANTONIO   , VARM  ,0,1,-0.10, (1000$/hm3)    
7, USIH   ,257, PEIXE ANGIC   , VARM  ,0,1,-0.10, (1000$/hm3)    
7, USIH   ,122, SANTA BRANCA  , VARM  ,0,1,-0.10, (1000$/hm3)    
7, USIH   ,124, LAJES         , VARM  ,0,1,-0.10, (1000$/hm3)    
7, USIH   ,130, ILHA POMBOS   , VARM  ,0,1,-0.10, (1000$/hm3)    
7, USIH   ,131, NILO PECANHA  , VARM  ,0,1,-0.10, (1000$/hm3)    
7, USIH   ,133, P. PASSOS     , VARM  ,0,1,-0.10, (1000$/hm3)    
7, USIH   ,125, STA CECILIA   , VARM  ,0,1,-0.10, (1000$/hm3)    
7, USIH   ,180, TOCOS         , VARM  ,0,1,-0.10, (1000$/hm3)    
7, USIH   ,181, SANTANA       , VARM  ,0,1,-0.10, (1000$/hm3)    
7, USIH   ,182, VIGARIO       , VARM  ,0,1,-0.10, (1000$/hm3)    
7, USIH   ,183, FONTES A      , VARM  ,0,1,-0.10, (1000$/hm3)    
7, USIH   ,184, FONTES BC     , VARM  ,0,1,-0.10, (1000$/hm3)    
7, USIH   ,107, EDGARD SOUZA  , VARM  ,0,1,-0.10, (1000$/hm3)    
7, USIH   ,108, TRAICAO       , VARM  ,0,1,-0.10, (1000$/hm3)    
7, USIH   ,109, PEDREIRA      , VARM  ,0,1,-0.10, (1000$/hm3)    
7, USIH   ,117, GUARAPIRANGA  , VARM  ,0,1,-0.10, (1000$/hm3)    
7, USIH   ,118, BILLINGS      , VARM  ,0,1,-0.10, (1000$/hm3)    
7, USIH   ,119, HENRY BORDEN  , VARM  ,0,1,-0.10, (1000$/hm3)    
7, USIH   ,32, CACH.DOURADA  , VARM  ,0,1,-0.10, (1000$/hm3)    
7, USIH   ,11, VOLTA GRANDE  , VARM  ,0,1,-0.10, (1000$/hm3)    
7, USIH   ,135, P. ESTRELA    , VARM  ,0,1,-0.10, (1000$/hm3)    
7, USIH   ,139, CANDONGA      , VARM  ,0,1,-0.10, (1000$/hm3)    
7, USIH   ,262, SALTO         , VARM  ,0,1,-0.10, (1000$/hm3)    
7, USIH   ,89, GARIBALDI     , VARM  ,0,1,-0.10, (1000$/hm3)    
7, USIH   ,144, MASCARENHAS   , VARM  ,0,1,-0.10, (1000$/hm3)    
7, USIH   ,66, ITAIPU        , VARM  ,0,1,-0.10, (1000$/hm3)    
7, USIH   ,110, ERNESTINA     , VARM  ,0,1,-0.10, (1000$/hm3)    
7, USIH   ,111, PASSO REAL    , VARM  ,0,1,-0.10, (1000$/hm3)    
7, USIH   ,112, JACUI         , VARM  ,0,1,-0.10, (1000$/hm3)    
7, USIH   ,113, ITAUBA        , VARM  ,0,1,-0.10, (1000$/hm3)    
7, USIH   ,114, D. FRANCISCA  , VARM  ,0,1,-0.10, (1000$/hm3)    
7, USIH   ,74, G.B. MUNHOZ   , VARM  ,0,1,-0.10, (1000$/hm3)    
7, USIH   ,76, SEGREDO       , VARM  ,0,1,-0.10, (1000$/hm3)    
7, USIH   ,82, SALTO CAXIAS  , VARM  ,0,1,-0.10, (1000$/hm3)    
7, USIH   ,115, G.P. SOUZA    , VARM  ,0,1,-0.10, (1000$/hm3)    
7, USIH   ,73, JORDAO        , VARM  ,0,1,-0.10, (1000$/hm3)    
7, USIH   ,71, STA CLARA PR  , VARM  ,0,1,-0.10, (1000$/hm3)    
7, USIH   ,72, FUNDAO        , VARM  ,0,1,-0.10, (1000$/hm3)    
7, USIH   ,57, MAUA          , VARM  ,0,1,-0.10, (1000$/hm3)    
7, USIH   ,77, SLT.SANTIAGO  , VARM  ,0,1,-0.10, (1000$/hm3)    
7, USIH   ,78, SALTO OSORIO  , VARM  ,0,1,-0.10, (1000$/hm3)    
7, USIH   ,93, PASSO FUNDO   , VARM  ,0,1,-0.10, (1000$/hm3)    
7, USIH   ,91, MACHADINHO    , VARM  ,0,1,-0.10, (1000$/hm3)    
7, USIH   ,92, ITA           , VARM  ,0,1,-0.10, (1000$/hm3)    
7, USIH   ,252, CANA BRAVA    , VARM  ,0,1,-0.10, (1000$/hm3)    
7, USIH   ,253, SAO SALVADOR  , VARM  ,0,1,-0.10, (1000$/hm3)    
7, USIH   ,267, ESTREITO TOC  , VARM  ,0,1,-0.10, (1000$/hm3)    
7, USIH   ,281, PONTE PEDRA   , VARM  ,0,1,-0.10, (1000$/hm3)    
7, USIH   ,9, JAGUARA       , VARM  ,0,1,-0.10, (1000$/hm3)    
7, USIH   ,26, MIRANDA       , VARM  ,0,1,-0.10, (1000$/hm3)    
7, USIH   ,86, BARRA GRANDE  , VARM  ,0,1,-0.10, (1000$/hm3)    
7, USIH   ,90, CAMPOS NOVOS  , VARM  ,0,1,-0.10, (1000$/hm3)    
7, USIH   ,97, CASTRO ALVES  , VARM  ,0,1,-0.10, (1000$/hm3)    
7, USIH   ,98, MONTE CLARO   , VARM  ,0,1,-0.10, (1000$/hm3)    
7, USIH   ,99, 14 DE JULHO   , VARM  ,0,1,-0.10, (1000$/hm3)    
7, USIH   ,103, FOZ CHAPECO   , VARM  ,0,1,-0.10, (1000$/hm3)    
7, USIH   ,169, SOBRADINHO    , VARM  ,0,1,-0.10, (1000$/hm3)    
7, USIH   ,172, ITAPARICA     , VARM  ,0,1,-0.10, (1000$/hm3)    
7, USIH   ,173, MOXOTO        , VARM  ,0,1,-0.10, (1000$/hm3)    
7, USIH   ,174, P.AFONSO 123  , VARM  ,0,1,-0.10, (1000$/hm3)    
7, USIH   ,175, P.AFONSO 4    , VARM  ,0,1,-0.10, (1000$/hm3)    
7, USIH   ,178, XINGO         , VARM  ,0,1,-0.10, (1000$/hm3)    
7, USIH   ,190, B. ESPERANCA  , VARM  ,0,1,-0.10, (1000$/hm3)    
7, USIH   ,189, P. CAVALO     , VARM  ,0,1,-0.10, (1000$/hm3)    
7, USIH   ,275, TUCURUI       , VARM  ,0,1,-0.10, (1000$/hm3)    
7, USIH   ,272, CURUA-UNA     , VARM  ,0,1,-0.10, (1000$/hm3)    
7, USIH   ,279, SAMUEL        , VARM  ,0,1,-0.10, (1000$/hm3)    
7, USIH   ,280, COARACY NUNE  , VARM  ,0,1,-0.10, (1000$/hm3)    
7, USIH   ,204, CACH.CALDEIR  , VARM  ,0,1,-0.10, (1000$/hm3)    
7, USIH   ,127, SOBRAGI       , VARM  ,0,1,-0.10, (1000$/hm3)    
7, USIH   ,126, PICADA        , VARM  ,0,1,-0.10, (1000$/hm3)    
7, USIH   ,283, STA CLARA MG  , VARM  ,0,1,-0.10, (1000$/hm3)    
7, USIH   ,261, LAJEADO       , VARM  ,0,1,-0.10, (1000$/hm3)    
7, USIH   ,48, PIRAJU        , VARM  ,0,1,-0.10, (1000$/hm3)    
7, USIH   ,249, OURINHOS      , VARM  ,0,1,-0.10, (1000$/hm3)    
7, USIH   ,241, SLT VERDINHO  , VARM  ,0,1,-0.10, (1000$/hm3)    
7, USIH   ,304, ITIQUIRA I    , VARM  ,0,1,-0.10, (1000$/hm3)    
7, USIH   ,305, ITIQUIRA II   , VARM  ,0,1,-0.10, (1000$/hm3)    
7, USIH   ,196, GUAPORE       , VARM  ,0,1,-0.10, (1000$/hm3)    
7, USIH   ,195, JAURU         , VARM  ,0,1,-0.10, (1000$/hm3)    
7, USIH   ,95, QUEBRA QUEIX  , VARM  ,0,1,-0.10, (1000$/hm3)    
7, USIH   ,203, CORUMBA III   , VARM  ,0,1,-0.10, (1000$/hm3)    
7, USIH   ,154, ITAPEBI       , VARM  ,0,1,-0.10, (1000$/hm3)    
7, USIH   ,310, DARDANELOS    , VARM  ,0,1,-0.10, (1000$/hm3)    
7, USIH   ,29, CORUMBA IV    , VARM  ,0,1,-0.10, (1000$/hm3)    
7, USIH   ,94, MONJOLINHO    , VARM  ,0,1,-0.10, (1000$/hm3)    
7, USIH   ,215, SALTO PILAO   , VARM  ,0,1,-0.10, (1000$/hm3)    
7, USIH   ,155, RETIRO BAIXO  , VARM  ,0,1,-0.10, (1000$/hm3)    
7, USIH   ,311, CACU          , VARM  ,0,1,-0.10, (1000$/hm3)    
7, USIH   ,312, B. COQUEIROS  , VARM  ,0,1,-0.10, (1000$/hm3)    
7, USIH   ,315, FOZ R. CLARO  , VARM  ,0,1,-0.10, (1000$/hm3)    
7, USIH   ,21, SERRA FACAO   , VARM  ,0,1,-0.10, (1000$/hm3)    
7, USIH   ,290, ESPORA        , VARM  ,0,1,-0.10, (1000$/hm3)    
7, USIH   ,101, SAO JOSE      , VARM  ,0,1,-0.10, (1000$/hm3)    
7, USIH   ,276, RONDON II     , VARM  ,0,1,-0.10, (1000$/hm3)    
7, USIH   ,102, PASSO S JOAO  , VARM  ,0,1,-0.10, (1000$/hm3)    
7, USIH   ,277, BALBINA       , VARM  ,0,1,-0.10, (1000$/hm3)    
7, USIH   ,285, JIRAU         , VARM  ,0,1,-0.10, (1000$/hm3)    
7, USIH   ,286, STO ANT JARI  , VARM  ,0,1,-0.10, (1000$/hm3)    
7, USIH   ,284, FERREIRA GOM  , VARM  ,0,1,-0.10, (1000$/hm3)    
7, USIH   ,229, TELES PIRES   , VARM  ,0,1,-0.10, (1000$/hm3)    
7, USIH   ,192, GUILMAN-AMOR  , VARM  ,0,1,-0.10, (1000$/hm3)    
7, USIH   ,230, SAO MANOEL    , VARM  ,0,1,-0.10, (1000$/hm3)    
7, USIH   ,288, BELO MONTE    , VARM  ,0,1,-0.10, (1000$/hm3)    
7, USIH   ,314, PIMENTAL      , VARM  ,0,1,-0.10, (1000$/hm3)    
8, RHS    ,0,      -        ,  RHS  ,0,0,0.1,  1000$         
8, USIH   ,1, CAMARGOS      , VARM  ,0,1,-0.10, (1000$/hm3)    
8, USIH   ,2, ITUTINGA      , VARM  ,0,1,-0.10, (1000$/hm3)    
8, USIH   ,4, FUNIL-GRANDE  , VARM  ,0,1,-0.10, (1000$/hm3)    
8, USIH   ,24, EMBORCACAO    , VARM  ,0,1,-0.10, (1000$/hm3)    
8, USIH   ,27, CAPIM BRANC1  , VARM  ,0,1,-0.10, (1000$/hm3)    
8, USIH   ,28, CAPIM BRANC2  , VARM  ,0,1,-0.10, (1000$/hm3)    
8, USIH   ,25, NOVA PONTE    , VARM  ,0,1,-0.10, (1000$/hm3)    
8, USIH   ,33, SAO SIMAO     , VARM  ,0,1,-0.10, (1000$/hm3)    
8, USIH   ,156, TRES MARIAS   , VARM  ,0,1,-0.10, (1000$/hm3)    
8, USIH   ,134, SALTO GRANDE  , VARM  ,0,1,-0.10, (1000$/hm3)    
8, USIH   ,10, IGARAPAVA     , VARM  ,0,1,-0.10, (1000$/hm3)    
8, USIH   ,143, AIMORES       , VARM  ,0,1,-0.10, (1000$/hm3)    
8, USIH   ,162, QUEIMADO      , VARM  ,0,1,-0.10, (1000$/hm3)    
8, USIH   ,148, IRAPE         , VARM  ,0,1,-0.10, (1000$/hm3)    
8, USIH   ,217, ROSAL         , VARM  ,0,1,-0.10, (1000$/hm3)    
8, USIH   ,193, SA CARVALHO   , VARM  ,0,1,-0.10, (1000$/hm3)    
8, USIH   ,141, BAGUARI       , VARM  ,0,1,-0.10, (1000$/hm3)    
8, USIH   ,14, CACONDE       , VARM  ,0,1,-0.10, (1000$/hm3)    
8, USIH   ,18, A. VERMELHA   , VARM  ,0,1,-0.10, (1000$/hm3)    
8, USIH   ,37, BARRA BONITA  , VARM  ,0,1,-0.10, (1000$/hm3)    
8, USIH   ,40, PROMISSAO     , VARM  ,0,1,-0.10, (1000$/hm3)    
8, USIH   ,42, NAVANHANDAVA  , VARM  ,0,1,-0.10, (1000$/hm3)    
8, USIH   ,15, E. DA CUNHA   , VARM  ,0,1,-0.10, (1000$/hm3)    
8, USIH   ,16, A.S.OLIVEIRA  , VARM  ,0,1,-0.10, (1000$/hm3)    
8, USIH   ,38, A.S. LIMA     , VARM  ,0,1,-0.10, (1000$/hm3)    
8, USIH   ,39, IBITINGA      , VARM  ,0,1,-0.10, (1000$/hm3)    
8, USIH   ,62, TAQUARUCU     , VARM  ,0,1,-0.10, (1000$/hm3)    
8, USIH   ,63, ROSANA        , VARM  ,0,1,-0.10, (1000$/hm3)    
8, USIH   ,52, CANOAS I      , VARM  ,0,1,-0.10, (1000$/hm3)    
8, USIH   ,51, CANOAS II     , VARM  ,0,1,-0.10, (1000$/hm3)    
8, USIH   ,47, A.A. LAYDNER  , VARM  ,0,1,-0.10, (1000$/hm3)    
8, USIH   ,49, CHAVANTES     , VARM  ,0,1,-0.10, (1000$/hm3)    
8, USIH   ,61, CAPIVARA      , VARM  ,0,1,-0.10, (1000$/hm3)    
8, USIH   ,50, L.N. GARCEZ   , VARM  ,0,1,-0.10, (1000$/hm3)    
8, USIH   ,45, JUPIA         , VARM  ,0,1,-0.10, (1000$/hm3)    
8, USIH   ,44, I. SOLT. EQV  , VARM  ,0,1,-0.10, (1000$/hm3)    
8, USIH   ,46, P. PRIMAVERA  , VARM  ,0,1,-0.10, (1000$/hm3)    
8, USIH   ,120, JAGUARI       , VARM  ,0,1,-0.10, (1000$/hm3)    
8, USIH   ,121, PARAIBUNA     , VARM  ,0,1,-0.10, (1000$/hm3)    
8, USIH   ,6, FURNAS        , VARM  ,0,1,-0.10, (1000$/hm3)    
8, USIH   ,7, M. DE MORAES  , VARM  ,0,1,-0.10, (1000$/hm3)    
8, USIH   ,8, ESTREITO      , VARM  ,0,1,-0.10, (1000$/hm3)    
8, USIH   ,12, P. COLOMBIA   , VARM  ,0,1,-0.10, (1000$/hm3)    
8, USIH   ,17, MARIMBONDO    , VARM  ,0,1,-0.10, (1000$/hm3)    
8, USIH   ,31, ITUMBIARA     , VARM  ,0,1,-0.10, (1000$/hm3)    
8, USIH   ,30, CORUMBA I     , VARM  ,0,1,-0.10, (1000$/hm3)    
8, USIH   ,251, SERRA MESA    , VARM  ,0,1,-0.10, (1000$/hm3)    
8, USIH   ,278, MANSO         , VARM  ,0,1,-0.10, (1000$/hm3)    
8, USIH   ,123, FUNIL         , VARM  ,0,1,-0.10, (1000$/hm3)    
8, USIH   ,129, SIMPLICIO     , VARM  ,0,1,-0.10, (1000$/hm3)    
8, USIH   ,20, BATALHA       , VARM  ,0,1,-0.10, (1000$/hm3)    
8, USIH   ,287, STO ANTONIO   , VARM  ,0,1,-0.10, (1000$/hm3)    
8, USIH   ,257, PEIXE ANGIC   , VARM  ,0,1,-0.10, (1000$/hm3)    
8, USIH   ,122, SANTA BRANCA  , VARM  ,0,1,-0.10, (1000$/hm3)    
8, USIH   ,124, LAJES         , VARM  ,0,1,-0.10, (1000$/hm3)    
8, USIH   ,130, ILHA POMBOS   , VARM  ,0,1,-0.10, (1000$/hm3)    
8, USIH   ,131, NILO PECANHA  , VARM  ,0,1,-0.10, (1000$/hm3)    
8, USIH   ,133, P. PASSOS     , VARM  ,0,1,-0.10, (1000$/hm3)    
8, USIH   ,125, STA CECILIA   , VARM  ,0,1,-0.10, (1000$/hm3)    
8, USIH   ,180, TOCOS         , VARM  ,0,1,-0.10, (1000$/hm3)    
8, USIH   ,181, SANTANA       , VARM  ,0,1,-0.10, (1000$/hm3)    
8, USIH   ,182, VIGARIO       , VARM  ,0,1,-0.10, (1000$/hm3)    
8, USIH   ,183, FONTES A      , VARM  ,0,1,-0.10, (1000$/hm3)    
8, USIH   ,184, FONTES BC     , VARM  ,0,1,-0.10, (1000$/hm3)    
8, USIH   ,107, EDGARD SOUZA  , VARM  ,0,1,-0.10, (1000$/hm3)    
8, USIH   ,108, TRAICAO       , VARM  ,0,1,-0.10, (1000$/hm3)    
8, USIH   ,109, PEDREIRA      , VARM  ,0,1,-0.10, (1000$/hm3)    
8, USIH   ,117, GUARAPIRANGA  , VARM  ,0,1,-0.10, (1000$/hm3)    
8, USIH   ,118, BILLINGS      , VARM  ,0,1,-0.10, (1000$/hm3)    
8, USIH   ,119, HENRY BORDEN  , VARM  ,0,1,-0.10, (1000$/hm3)    
8, USIH   ,32, CACH.DOURADA  , VARM  ,0,1,-0.10, (1000$/hm3)    
8, USIH   ,11, VOLTA GRANDE  , VARM  ,0,1,-0.10, (1000$/hm3)    
8, USIH   ,135, P. ESTRELA    , VARM  ,0,1,-0.10, (1000$/hm3)    
8, USIH   ,139, CANDONGA      , VARM  ,0,1,-0.10, (1000$/hm3)    
8, USIH   ,262, SALTO         , VARM  ,0,1,-0.10, (1000$/hm3)    
8, USIH   ,89, GARIBALDI     , VARM  ,0,1,-0.10, (1000$/hm3)    
8, USIH   ,144, MASCARENHAS   , VARM  ,0,1,-0.10, (1000$/hm3)    
8, USIH   ,66, ITAIPU        , VARM  ,0,1,-0.10, (1000$/hm3)    
8, USIH   ,110, ERNESTINA     , VARM  ,0,1,-0.10, (1000$/hm3)    
8, USIH   ,111, PASSO REAL    , VARM  ,0,1,-0.10, (1000$/hm3)    
8, USIH   ,112, JACUI         , VARM  ,0,1,-0.10, (1000$/hm3)    
8, USIH   ,113, ITAUBA        , VARM  ,0,1,-0.10, (1000$/hm3)    
8, USIH   ,114, D. FRANCISCA  , VARM  ,0,1,-0.10, (1000$/hm3)    
8, USIH   ,74, G.B. MUNHOZ   , VARM  ,0,1,-0.10, (1000$/hm3)    
8, USIH   ,76, SEGREDO       , VARM  ,0,1,-0.10, (1000$/hm3)    
8, USIH   ,82, SALTO CAXIAS  , VARM  ,0,1,-0.10, (1000$/hm3)    
8, USIH   ,115, G.P. SOUZA    , VARM  ,0,1,-0.10, (1000$/hm3)    
8, USIH   ,73, JORDAO        , VARM  ,0,1,-0.10, (1000$/hm3)    
8, USIH   ,71, STA CLARA PR  , VARM  ,0,1,-0.10, (1000$/hm3)    
8, USIH   ,72, FUNDAO        , VARM  ,0,1,-0.10, (1000$/hm3)    
8, USIH   ,57, MAUA          , VARM  ,0,1,-0.10, (1000$/hm3)    
8, USIH   ,77, SLT.SANTIAGO  , VARM  ,0,1,-0.10, (1000$/hm3)    
8, USIH   ,78, SALTO OSORIO  , VARM  ,0,1,-0.10, (1000$/hm3)    
8, USIH   ,93, PASSO FUNDO   , VARM  ,0,1,-0.10, (1000$/hm3)    
8, USIH   ,91, MACHADINHO    , VARM  ,0,1,-0.10, (1000$/hm3)    
8, USIH   ,92, ITA           , VARM  ,0,1,-0.10, (1000$/hm3)    
8, USIH   ,252, CANA BRAVA    , VARM  ,0,1,-0.10, (1000$/hm3)    
8, USIH   ,253, SAO SALVADOR  , VARM  ,0,1,-0.10, (1000$/hm3)    
8, USIH   ,267, ESTREITO TOC  , VARM  ,0,1,-0.10, (1000$/hm3)    
8, USIH   ,281, PONTE PEDRA   , VARM  ,0,1,-0.10, (1000$/hm3)    
8, USIH   ,9, JAGUARA       , VARM  ,0,1,-0.10, (1000$/hm3)    
8, USIH   ,26, MIRANDA       , VARM  ,0,1,-0.10, (1000$/hm3)    
8, USIH   ,86, BARRA GRANDE  , VARM  ,0,1,-0.10, (1000$/hm3)    
8, USIH   ,90, CAMPOS NOVOS  , VARM  ,0,1,-0.10, (1000$/hm3)    
8, USIH   ,97, CASTRO ALVES  , VARM  ,0,1,-0.10, (1000$/hm3)    
8, USIH   ,98, MONTE CLARO   , VARM  ,0,1,-0.10, (1000$/hm3)    
8, USIH   ,99, 14 DE JULHO   , VARM  ,0,1,-0.10, (1000$/hm3)    
8, USIH   ,103, FOZ CHAPECO   , VARM  ,0,1,-0.10, (1000$/hm3)    
8, USIH   ,169, SOBRADINHO    , VARM  ,0,1,-0.10, (1000$/hm3)    
8, USIH   ,172, ITAPARICA     , VARM  ,0,1,-0.10, (1000$/hm3)    
8, USIH   ,173, MOXOTO        , VARM  ,0,1,-0.10, (1000$/hm3)    
8, USIH   ,174, P.AFONSO 123  , VARM  ,0,1,-0.10, (1000$/hm3)    
8, USIH   ,175, P.AFONSO 4    , VARM  ,0,1,-0.10, (1000$/hm3)    
8, USIH   ,178, XINGO         , VARM  ,0,1,-0.10, (1000$/hm3)    
8, USIH   ,190, B. ESPERANCA  , VARM  ,0,1,-0.10, (1000$/hm3)    
8, USIH   ,189, P. CAVALO     , VARM  ,0,1,-0.10, (1000$/hm3)    
8, USIH   ,275, TUCURUI       , VARM  ,0,1,-0.10, (1000$/hm3)    
8, USIH   ,272, CURUA-UNA     , VARM  ,0,1,-0.10, (1000$/hm3)    
8, USIH   ,279, SAMUEL        , VARM  ,0,1,-0.10, (1000$/hm3)    
8, USIH   ,280, COARACY NUNE  , VARM  ,0,1,-0.10, (1000$/hm3)    
8, USIH   ,204, CACH.CALDEIR  , VARM  ,0,1,-0.10, (1000$/hm3)    
8, USIH   ,127, SOBRAGI       , VARM  ,0,1,-0.10, (1000$/hm3)    
8, USIH   ,126, PICADA        , VARM  ,0,1,-0.10, (1000$/hm3)    
8, USIH   ,283, STA CLARA MG  , VARM  ,0,1,-0.10, (1000$/hm3)    
8, USIH   ,261, LAJEADO       , VARM  ,0,1,-0.10, (1000$/hm3)    
8, USIH   ,48, PIRAJU        , VARM  ,0,1,-0.10, (1000$/hm3)    
8, USIH   ,249, OURINHOS      , VARM  ,0,1,-0.10, (1000$/hm3)    
8, USIH   ,241, SLT VERDINHO  , VARM  ,0,1,-0.10, (1000$/hm3)    
8, USIH   ,304, ITIQUIRA I    , VARM  ,0,1,-0.10, (1000$/hm3)    
8, USIH   ,305, ITIQUIRA II   , VARM  ,0,1,-0.10, (1000$/hm3)    
8, USIH   ,196, GUAPORE       , VARM  ,0,1,-0.10, (1000$/hm3)    
8, USIH   ,195, JAURU         , VARM  ,0,1,-0.10, (1000$/hm3)    
8, USIH   ,95, QUEBRA QUEIX  , VARM  ,0,1,-0.10, (1000$/hm3)    
8, USIH   ,203, CORUMBA III   , VARM  ,0,1,-0.10, (1000$/hm3)    
8, USIH   ,154, ITAPEBI       , VARM  ,0,1,-0.10, (1000$/hm3)    
8, USIH   ,310, DARDANELOS    , VARM  ,0,1,-0.10, (1000$/hm3)    
8, USIH   ,29, CORUMBA IV    , VARM  ,0,1,-0.10, (1000$/hm3)    
8, USIH   ,94, MONJOLINHO    , VARM  ,0,1,-0.10, (1000$/hm3)    
8, USIH   ,215, SALTO PILAO   , VARM  ,0,1,-0.10, (1000$/hm3)    
8, USIH   ,155, RETIRO BAIXO  , VARM  ,0,1,-0.10, (1000$/hm3)    
8, USIH   ,311, CACU          , VARM  ,0,1,-0.10, (1000$/hm3)    
8, USIH   ,312, B. COQUEIROS  , VARM  ,0,1,-0.10, (1000$/hm3)    
8, USIH   ,315, FOZ R. CLARO  , VARM  ,0,1,-0.10, (1000$/hm3)    
8, USIH   ,21, SERRA FACAO   , VARM  ,0,1,-0.10, (1000$/hm3)    
8, USIH   ,290, ESPORA        , VARM  ,0,1,-0.10, (1000$/hm3)    
8, USIH   ,101, SAO JOSE      , VARM  ,0,1,-0.10, (1000$/hm3)    
8, USIH   ,276, RONDON II     , VARM  ,0,1,-0.10, (1000$/hm3)    
8, USIH   ,102, PASSO S JOAO  , VARM  ,0,1,-0.10, (1000$/hm3)    
8, USIH   ,277, BALBINA       , VARM  ,0,1,-0.10, (1000$/hm3)    
8, USIH   ,285, JIRAU         , VARM  ,0,1,-0.10, (1000$/hm3)    
8, USIH   ,286, STO ANT JARI  , VARM  ,0,1,-0.10, (1000$/hm3)    
8, USIH   ,284, FERREIRA GOM  , VARM  ,0,1,-0.10, (1000$/hm3)    
8, USIH   ,229, TELES PIRES   , VARM  ,0,1,-0.10, (1000$/hm3)    
8, USIH   ,192, GUILMAN-AMOR  , VARM  ,0,1,-0.10, (1000$/hm3)    
8, USIH   ,230, SAO MANOEL    , VARM  ,0,1,-0.10, (1000$/hm3)    
8, USIH   ,288, BELO MONTE    , VARM  ,0,1,-0.10, (1000$/hm3)    
8, USIH   ,314, PIMENTAL      , VARM  ,0,1,-0.10, (1000$/hm3)    
9, RHS    ,0,      -        ,  RHS  ,0,0,0.1,  1000$         
9, USIH   ,1, CAMARGOS      , VARM  ,0,1,-0.10, (1000$/hm3)    
9, USIH   ,2, ITUTINGA      , VARM  ,0,1,-0.10, (1000$/hm3)    
9, USIH   ,4, FUNIL-GRANDE  , VARM  ,0,1,-0.10, (1000$/hm3)    
9, USIH   ,24, EMBORCACAO    , VARM  ,0,1,-0.10, (1000$/hm3)    
9, USIH   ,27, CAPIM BRANC1  , VARM  ,0,1,-0.10, (1000$/hm3)    
9, USIH   ,28, CAPIM BRANC2  , VARM  ,0,1,-0.10, (1000$/hm3)    
9, USIH   ,25, NOVA PONTE    , VARM  ,0,1,-0.10, (1000$/hm3)    
9, USIH   ,33, SAO SIMAO     , VARM  ,0,1,-0.10, (1000$/hm3)    
9, USIH   ,156, TRES MARIAS   , VARM  ,0,1,-0.10, (1000$/hm3)    
9, USIH   ,134, SALTO GRANDE  , VARM  ,0,1,-0.10, (1000$/hm3)    
9, USIH   ,10, IGARAPAVA     , VARM  ,0,1,-0.10, (1000$/hm3)    
9, USIH   ,143, AIMORES       , VARM  ,0,1,-0.10, (1000$/hm3)    
9, USIH   ,162, QUEIMADO      , VARM  ,0,1,-0.10, (1000$/hm3)    
9, USIH   ,148, IRAPE         , VARM  ,0,1,-0.10, (1000$/hm3)    
9, USIH   ,217, ROSAL         , VARM  ,0,1,-0.10, (1000$/hm3)    
9, USIH   ,193, SA CARVALHO   , VARM  ,0,1,-0.10, (1000$/hm3)    
9, USIH   ,141, BAGUARI       , VARM  ,0,1,-0.10, (1000$/hm3)    
9, USIH   ,14, CACONDE       , VARM  ,0,1,-0.10, (1000$/hm3)    
9, USIH   ,18, A. VERMELHA   , VARM  ,0,1,-0.10, (1000$/hm3)    
9, USIH   ,37, BARRA BONITA  , VARM  ,0,1,-0.10, (1000$/hm3)    
9, USIH   ,40, PROMISSAO     , VARM  ,0,1,-0.10, (1000$/hm3)    
9, USIH   ,42, NAVANHANDAVA  , VARM  ,0,1,-0.10, (1000$/hm3)    
9, USIH   ,15, E. DA CUNHA   , VARM  ,0,1,-0.10, (1000$/hm3)    
9, USIH   ,16, A.S.OLIVEIRA  , VARM  ,0,1,-0.10, (1000$/hm3)    
9, USIH   ,38, A.S. LIMA     , VARM  ,0,1,-0.10, (1000$/hm3)    
9, USIH   ,39, IBITINGA      , VARM  ,0,1,-0.10, (1000$/hm3)    
9, USIH   ,62, TAQUARUCU     , VARM  ,0,1,-0.10, (1000$/hm3)    
9, USIH   ,63, ROSANA        , VARM  ,0,1,-0.10, (1000$/hm3)    
9, USIH   ,52, CANOAS I      , VARM  ,0,1,-0.10, (1000$/hm3)    
9, USIH   ,51, CANOAS II     , VARM  ,0,1,-0.10, (1000$/hm3)    
9, USIH   ,47, A.A. LAYDNER  , VARM  ,0,1,-0.10, (1000$/hm3)    
9, USIH   ,49, CHAVANTES     , VARM  ,0,1,-0.10, (1000$/hm3)    
9, USIH   ,61, CAPIVARA      , VARM  ,0,1,-0.10, (1000$/hm3)    
9, USIH   ,50, L.N. GARCEZ   , VARM  ,0,1,-0.10, (1000$/hm3)    
9, USIH   ,45, JUPIA         , VARM  ,0,1,-0.10, (1000$/hm3)    
9, USIH   ,44, I. SOLT. EQV  , VARM  ,0,1,-0.10, (1000$/hm3)    
9, USIH   ,46, P. PRIMAVERA  , VARM  ,0,1,-0.10, (1000$/hm3)    
9, USIH   ,120, JAGUARI       , VARM  ,0,1,-0.10, (1000$/hm3)    
9, USIH   ,121, PARAIBUNA     , VARM  ,0,1,-0.10, (1000$/hm3)    
9, USIH   ,6, FURNAS        , VARM  ,0,1,-0.10, (1000$/hm3)    
9, USIH   ,7, M. DE MORAES  , VARM  ,0,1,-0.10, (1000$/hm3)    
9, USIH   ,8, ESTREITO      , VARM  ,0,1,-0.10, (1000$/hm3)    
9, USIH   ,12, P. COLOMBIA   , VARM  ,0,1,-0.10, (1000$/hm3)    
9, USIH   ,17, MARIMBONDO    , VARM  ,0,1,-0.10, (1000$/hm3)    
9, USIH   ,31, ITUMBIARA     , VARM  ,0,1,-0.10, (1000$/hm3)    
9, USIH   ,30, CORUMBA I     , VARM  ,0,1,-0.10, (1000$/hm3)    
9, USIH   ,251, SERRA MESA    , VARM  ,0,1,-0.10, (1000$/hm3)    
9, USIH   ,278, MANSO         , VARM  ,0,1,-0.10, (1000$/hm3)    
9, USIH   ,123, FUNIL         , VARM  ,0,1,-0.10, (1000$/hm3)    
9, USIH   ,129, SIMPLICIO     , VARM  ,0,1,-0.10, (1000$/hm3)    
9, USIH   ,20, BATALHA       , VARM  ,0,1,-0.10, (1000$/hm3)    
9, USIH   ,287, STO ANTONIO   , VARM  ,0,1,-0.10, (1000$/hm3)    
9, USIH   ,257, PEIXE ANGIC   , VARM  ,0,1,-0.10, (1000$/hm3)    
9, USIH   ,122, SANTA BRANCA  , VARM  ,0,1,-0.10, (1000$/hm3)    
9, USIH   ,124, LAJES         , VARM  ,0,1,-0.10, (1000$/hm3)    
9, USIH   ,130, ILHA POMBOS   , VARM  ,0,1,-0.10, (1000$/hm3)    
9, USIH   ,131, NILO PECANHA  , VARM  ,0,1,-0.10, (1000$/hm3)    
9, USIH   ,133, P. PASSOS     , VARM  ,0,1,-0.10, (1000$/hm3)    
9, USIH   ,125, STA CECILIA   , VARM  ,0,1,-0.10, (1000$/hm3)    
9, USIH   ,180, TOCOS         , VARM  ,0,1,-0.10, (1000$/hm3)    
9, USIH   ,181, SANTANA       , VARM  ,0,1,-0.10, (1000$/hm3)    
9, USIH   ,182, VIGARIO       , VARM  ,0,1,-0.10, (1000$/hm3)    
9, USIH   ,183, FONTES A      , VARM  ,0,1,-0.10, (1000$/hm3)    
9, USIH   ,184, FONTES BC     , VARM  ,0,1,-0.10, (1000$/hm3)    
9, USIH   ,107, EDGARD SOUZA  , VARM  ,0,1,-0.10, (1000$/hm3)    
9, USIH   ,108, TRAICAO       , VARM  ,0,1,-0.10, (1000$/hm3)    
9, USIH   ,109, PEDREIRA      , VARM  ,0,1,-0.10, (1000$/hm3)    
9, USIH   ,117, GUARAPIRANGA  , VARM  ,0,1,-0.10, (1000$/hm3)    
9, USIH   ,118, BILLINGS      , VARM  ,0,1,-0.10, (1000$/hm3)    
9, USIH   ,119, HENRY BORDEN  , VARM  ,0,1,-0.10, (1000$/hm3)    
9, USIH   ,32, CACH.DOURADA  , VARM  ,0,1,-0.10, (1000$/hm3)    
9, USIH   ,11, VOLTA GRANDE  , VARM  ,0,1,-0.10, (1000$/hm3)    
9, USIH   ,135, P. ESTRELA    , VARM  ,0,1,-0.10, (1000$/hm3)    
9, USIH   ,139, CANDONGA      , VARM  ,0,1,-0.10, (1000$/hm3)    
9, USIH   ,262, SALTO         , VARM  ,0,1,-0.10, (1000$/hm3)    
9, USIH   ,89, GARIBALDI     , VARM  ,0,1,-0.10, (1000$/hm3)    
9, USIH   ,144, MASCARENHAS   , VARM  ,0,1,-0.10, (1000$/hm3)    
9, USIH   ,66, ITAIPU        , VARM  ,0,1,-0.10, (1000$/hm3)    
9, USIH   ,110, ERNESTINA     , VARM  ,0,1,-0.10, (1000$/hm3)    
9, USIH   ,111, PASSO REAL    , VARM  ,0,1,-0.10, (1000$/hm3)    
9, USIH   ,112, JACUI         , VARM  ,0,1,-0.10, (1000$/hm3)    
9, USIH   ,113, ITAUBA        , VARM  ,0,1,-0.10, (1000$/hm3)    
9, USIH   ,114, D. FRANCISCA  , VARM  ,0,1,-0.10, (1000$/hm3)    
9, USIH   ,74, G.B. MUNHOZ   , VARM  ,0,1,-0.10, (1000$/hm3)    
9, USIH   ,76, SEGREDO       , VARM  ,0,1,-0.10, (1000$/hm3)    
9, USIH   ,82, SALTO CAXIAS  , VARM  ,0,1,-0.10, (1000$/hm3)    
9, USIH   ,115, G.P. SOUZA    , VARM  ,0,1,-0.10, (1000$/hm3)    
9, USIH   ,73, JORDAO        , VARM  ,0,1,-0.10, (1000$/hm3)    
9, USIH   ,71, STA CLARA PR  , VARM  ,0,1,-0.10, (1000$/hm3)    
9, USIH   ,72, FUNDAO        , VARM  ,0,1,-0.10, (1000$/hm3)    
9, USIH   ,57, MAUA          , VARM  ,0,1,-0.10, (1000$/hm3)    
9, USIH   ,77, SLT.SANTIAGO  , VARM  ,0,1,-0.10, (1000$/hm3)    
9, USIH   ,78, SALTO OSORIO  , VARM  ,0,1,-0.10, (1000$/hm3)    
9, USIH   ,93, PASSO FUNDO   , VARM  ,0,1,-0.10, (1000$/hm3)    
9, USIH   ,91, MACHADINHO    , VARM  ,0,1,-0.10, (1000$/hm3)    
9, USIH   ,92, ITA           , VARM  ,0,1,-0.10, (1000$/hm3)    
9, USIH   ,252, CANA BRAVA    , VARM  ,0,1,-0.10, (1000$/hm3)    
9, USIH   ,253, SAO SALVADOR  , VARM  ,0,1,-0.10, (1000$/hm3)    
9, USIH   ,267, ESTREITO TOC  , VARM  ,0,1,-0.10, (1000$/hm3)    
9, USIH   ,281, PONTE PEDRA   , VARM  ,0,1,-0.10, (1000$/hm3)    
9, USIH   ,9, JAGUARA       , VARM  ,0,1,-0.10, (1000$/hm3)    
9, USIH   ,26, MIRANDA       , VARM  ,0,1,-0.10, (1000$/hm3)    
9, USIH   ,86, BARRA GRANDE  , VARM  ,0,1,-0.10, (1000$/hm3)    
9, USIH   ,90, CAMPOS NOVOS  , VARM  ,0,1,-0.10, (1000$/hm3)    
9, USIH   ,97, CASTRO ALVES  , VARM  ,0,1,-0.10, (1000$/hm3)    
9, USIH   ,98, MONTE CLARO   , VARM  ,0,1,-0.10, (1000$/hm3)    
9, USIH   ,99, 14 DE JULHO   , VARM  ,0,1,-0.10, (1000$/hm3)    
9, USIH   ,103, FOZ CHAPECO   , VARM  ,0,1,-0.10, (1000$/hm3)    
9, USIH   ,169, SOBRADINHO    , VARM  ,0,1,-0.10, (1000$/hm3)    
9, USIH   ,172, ITAPARICA     , VARM  ,0,1,-0.10, (1000$/hm3)    
9, USIH   ,173, MOXOTO        , VARM  ,0,1,-0.10, (1000$/hm3)    
9, USIH   ,174, P.AFONSO 123  , VARM  ,0,1,-0.10, (1000$/hm3)    
9, USIH   ,175, P.AFONSO 4    , VARM  ,0,1,-0.10, (1000$/hm3)    
9, USIH   ,178, XINGO         , VARM  ,0,1,-0.10, (1000$/hm3)    
9, USIH   ,190, B. ESPERANCA  , VARM  ,0,1,-0.10, (1000$/hm3)    
9, USIH   ,189, P. CAVALO     , VARM  ,0,1,-0.10, (1000$/hm3)    
9, USIH   ,275, TUCURUI       , VARM  ,0,1,-0.10, (1000$/hm3)    
9, USIH   ,272, CURUA-UNA     , VARM  ,0,1,-0.10, (1000$/hm3)    
9, USIH   ,279, SAMUEL        , VARM  ,0,1,-0.10, (1000$/hm3)    
9, USIH   ,280, COARACY NUNE  , VARM  ,0,1,-0.10, (1000$/hm3)    
9, USIH   ,204, CACH.CALDEIR  , VARM  ,0,1,-0.10, (1000$/hm3)    
9, USIH   ,127, SOBRAGI       , VARM  ,0,1,-0.10, (1000$/hm3)    
9, USIH   ,126, PICADA        , VARM  ,0,1,-0.10, (1000$/hm3)    
9, USIH   ,283, STA CLARA MG  , VARM  ,0,1,-0.10, (1000$/hm3)    
9, USIH   ,261, LAJEADO       , VARM  ,0,1,-0.10, (1000$/hm3)    
9, USIH   ,48, PIRAJU        , VARM  ,0,1,-0.10, (1000$/hm3)    
9, USIH   ,249, OURINHOS      , VARM  ,0,1,-0.10, (1000$/hm3)    
9, USIH   ,241, SLT VERDINHO  , VARM  ,0,1,-0.10, (1000$/hm3)    
9, USIH   ,304, ITIQUIRA I    , VARM  ,0,1,-0.10, (1000$/hm3)    
9, USIH   ,305, ITIQUIRA II   , VARM  ,0,1,-0.10, (1000$/hm3)    
9, USIH   ,196, GUAPORE       , VARM  ,0,1,-0.10, (1000$/hm3)    
9, USIH   ,195, JAURU         , VARM  ,0,1,-0.10, (1000$/hm3)    
9, USIH   ,95, QUEBRA QUEIX  , VARM  ,0,1,-0.10, (1000$/hm3)    
9, USIH   ,203, CORUMBA III   , VARM  ,0,1,-0.10, (1000$/hm3)    
9, USIH   ,154, ITAPEBI       , VARM  ,0,1,-0.10, (1000$/hm3)    
9, USIH   ,310, DARDANELOS    , VARM  ,0,1,-0.10, (1000$/hm3)    
9, USIH   ,29, CORUMBA IV    , VARM  ,0,1,-0.10, (1000$/hm3)    
9, USIH   ,94, MONJOLINHO    , VARM  ,0,1,-0.10, (1000$/hm3)    
9, USIH   ,215, SALTO PILAO   , VARM  ,0,1,-0.10, (1000$/hm3)    
9, USIH   ,155, RETIRO BAIXO  , VARM  ,0,1,-0.10, (1000$/hm3)    
9, USIH   ,311, CACU          , VARM  ,0,1,-0.10, (1000$/hm3)    
9, USIH   ,312, B. COQUEIROS  , VARM  ,0,1,-0.10, (1000$/hm3)    
9, USIH   ,315, FOZ R. CLARO  , VARM  ,0,1,-0.10, (1000$/hm3)    
9, USIH   ,21, SERRA FACAO   , VARM  ,0,1,-0.10, (1000$/hm3)    
9, USIH   ,290, ESPORA        , VARM  ,0,1,-0.10, (1000$/hm3)    
9, USIH   ,101, SAO JOSE      , VARM  ,0,1,-0.10, (1000$/hm3)    
9, USIH   ,276, RONDON II     , VARM  ,0,1,-0.10, (1000$/hm3)    
9, USIH   ,102, PASSO S JOAO  , VARM  ,0,1,-0.10, (1000$/hm3)    
9, USIH   ,277, BALBINA       , VARM  ,0,1,-0.10, (1000$/hm3)    
9, USIH   ,285, JIRAU         , VARM  ,0,1,-0.10, (1000$/hm3)    
9, USIH   ,286, STO ANT JARI  , VARM  ,0,1,-0.10, (1000$/hm3)    
9, USIH   ,284, FERREIRA GOM  , VARM  ,0,1,-0.10, (1000$/hm3)    
9, USIH   ,229, TELES PIRES   , VARM  ,0,1,-0.10, (1000$/hm3)    
9, USIH   ,192, GUILMAN-AMOR  , VARM  ,0,1,-0.10, (1000$/hm3)    
9, USIH   ,230, SAO MANOEL    , VARM  ,0,1,-0.10, (1000$/hm3)    
9, USIH   ,288, BELO MONTE    , VARM  ,0,1,-0.10, (1000$/hm3)    
9, USIH   ,314, PIMENTAL      , VARM  ,0,1,-0.10, (1000$/hm3)    
10, RHS    ,0,      -        ,  RHS  ,0,0,0.1,  1000$         
10, USIH   ,1, CAMARGOS      , VARM  ,0,1,-0.10, (1000$/hm3)    
10, USIH   ,2, ITUTINGA      , VARM  ,0,1,-0.10, (1000$/hm3)    
10, USIH   ,4, FUNIL-GRANDE  , VARM  ,0,1,-0.10, (1000$/hm3)    
10, USIH   ,24, EMBORCACAO    , VARM  ,0,1,-0.10, (1000$/hm3)    
10, USIH   ,27, CAPIM BRANC1  , VARM  ,0,1,-0.10, (1000$/hm3)    
10, USIH   ,28, CAPIM BRANC2  , VARM  ,0,1,-0.10, (1000$/hm3)    
10, USIH   ,25, NOVA PONTE    , VARM  ,0,1,-0.10, (1000$/hm3)    
10, USIH   ,33, SAO SIMAO     , VARM  ,0,1,-0.10, (1000$/hm3)    
10, USIH   ,156, TRES MARIAS   , VARM  ,0,1,-0.10, (1000$/hm3)    
10, USIH   ,134, SALTO GRANDE  , VARM  ,0,1,-0.10, (1000$/hm3)    
10, USIH   ,10, IGARAPAVA     , VARM  ,0,1,-0.10, (1000$/hm3)    
10, USIH   ,143, AIMORES       , VARM  ,0,1,-0.10, (1000$/hm3)    
10, USIH   ,162, QUEIMADO      , VARM  ,0,1,-0.10, (1000$/hm3)    
10, USIH   ,148, IRAPE         , VARM  ,0,1,-0.10, (1000$/hm3)    
10, USIH   ,217, ROSAL         , VARM  ,0,1,-0.10, (1000$/hm3)    
10, USIH   ,193, SA CARVALHO   , VARM  ,0,1,-0.10, (1000$/hm3)    
10, USIH   ,141, BAGUARI       , VARM  ,0,1,-0.10, (1000$/hm3)    
10, USIH   ,14, CACONDE       , VARM  ,0,1,-0.10, (1000$/hm3)    
10, USIH   ,18, A. VERMELHA   , VARM  ,0,1,-0.10, (1000$/hm3)    
10, USIH   ,37, BARRA BONITA  , VARM  ,0,1,-0.10, (1000$/hm3)    
10, USIH   ,40, PROMISSAO     , VARM  ,0,1,-0.10, (1000$/hm3)    
10, USIH   ,42, NAVANHANDAVA  , VARM  ,0,1,-0.10, (1000$/hm3)    
10, USIH   ,15, E. DA CUNHA   , VARM  ,0,1,-0.10, (1000$/hm3)    
10, USIH   ,16, A.S.OLIVEIRA  , VARM  ,0,1,-0.10, (1000$/hm3)    
10, USIH   ,38, A.S. LIMA     , VARM  ,0,1,-0.10, (1000$/hm3)    
10, USIH   ,39, IBITINGA      , VARM  ,0,1,-0.10, (1000$/hm3)    
10, USIH   ,62, TAQUARUCU     , VARM  ,0,1,-0.10, (1000$/hm3)    
10, USIH   ,63, ROSANA        , VARM  ,0,1,-0.10, (1000$/hm3)    
10, USIH   ,52, CANOAS I      , VARM  ,0,1,-0.10, (1000$/hm3)    
10, USIH   ,51, CANOAS II     , VARM  ,0,1,-0.10, (1000$/hm3)    
10, USIH   ,47, A.A. LAYDNER  , VARM  ,0,1,-0.10, (1000$/hm3)    
10, USIH   ,49, CHAVANTES     , VARM  ,0,1,-0.10, (1000$/hm3)    
10, USIH   ,61, CAPIVARA      , VARM  ,0,1,-0.10, (1000$/hm3)    
10, USIH   ,50, L.N. GARCEZ   , VARM  ,0,1,-0.10, (1000$/hm3)    
10, USIH   ,45, JUPIA         , VARM  ,0,1,-0.10, (1000$/hm3)    
10, USIH   ,44, I. SOLT. EQV  , VARM  ,0,1,-0.10, (1000$/hm3)    
10, USIH   ,46, P. PRIMAVERA  , VARM  ,0,1,-0.10, (1000$/hm3)    
10, USIH   ,120, JAGUARI       , VARM  ,0,1,-0.10, (1000$/hm3)    
10, USIH   ,121, PARAIBUNA     , VARM  ,0,1,-0.10, (1000$/hm3)    
10, USIH   ,6, FURNAS        , VARM  ,0,1,-0.10, (1000$/hm3)    
10, USIH   ,7, M. DE MORAES  , VARM  ,0,1,-0.10, (1000$/hm3)    
10, USIH   ,8, ESTREITO      , VARM  ,0,1,-0.10, (1000$/hm3)    
10, USIH   ,12, P. COLOMBIA   , VARM  ,0,1,-0.10, (1000$/hm3)    
10, USIH   ,17, MARIMBONDO    , VARM  ,0,1,-0.10, (1000$/hm3)    
10, USIH   ,31, ITUMBIARA     , VARM  ,0,1,-0.10, (1000$/hm3)    
10, USIH   ,30, CORUMBA I     , VARM  ,0,1,-0.10, (1000$/hm3)    
10, USIH   ,251, SERRA MESA    , VARM  ,0,1,-0.10, (1000$/hm3)    
10, USIH   ,278, MANSO         , VARM  ,0,1,-0.10, (1000$/hm3)    
10, USIH   ,123, FUNIL         , VARM  ,0,1,-0.10, (1000$/hm3)    
10, USIH   ,129, SIMPLICIO     , VARM  ,0,1,-0.10, (1000$/hm3)    
10, USIH   ,20, BATALHA       , VARM  ,0,1,-0.10, (1000$/hm3)    
10, USIH   ,287, STO ANTONIO   , VARM  ,0,1,-0.10, (1000$/hm3)    
10, USIH   ,257, PEIXE ANGIC   , VARM  ,0,1,-0.10, (1000$/hm3)    
10, USIH   ,122, SANTA BRANCA  , VARM  ,0,1,-0.10, (1000$/hm3)    
10, USIH   ,124, LAJES         , VARM  ,0,1,-0.10, (1000$/hm3)    
10, USIH   ,130, ILHA POMBOS   , VARM  ,0,1,-0.10, (1000$/hm3)    
10, USIH   ,131, NILO PECANHA  , VARM  ,0,1,-0.10, (1000$/hm3)    
10, USIH   ,133, P. PASSOS     , VARM  ,0,1,-0.10, (1000$/hm3)    
10, USIH   ,125, STA CECILIA   , VARM  ,0,1,-0.10, (1000$/hm3)    
10, USIH   ,180, TOCOS         , VARM  ,0,1,-0.10, (1000$/hm3)    
10, USIH   ,181, SANTANA       , VARM  ,0,1,-0.10, (1000$/hm3)    
10, USIH   ,182, VIGARIO       , VARM  ,0,1,-0.10, (1000$/hm3)    
10, USIH   ,183, FONTES A      , VARM  ,0,1,-0.10, (1000$/hm3)    
10, USIH   ,184, FONTES BC     , VARM  ,0,1,-0.10, (1000$/hm3)    
10, USIH   ,107, EDGARD SOUZA  , VARM  ,0,1,-0.10, (1000$/hm3)    
10, USIH   ,108, TRAICAO       , VARM  ,0,1,-0.10, (1000$/hm3)    
10, USIH   ,109, PEDREIRA      , VARM  ,0,1,-0.10, (1000$/hm3)    
10, USIH   ,117, GUARAPIRANGA  , VARM  ,0,1,-0.10, (1000$/hm3)    
10, USIH   ,118, BILLINGS      , VARM  ,0,1,-0.10, (1000$/hm3)    
10, USIH   ,119, HENRY BORDEN  , VARM  ,0,1,-0.10, (1000$/hm3)    
10, USIH   ,32, CACH.DOURADA  , VARM  ,0,1,-0.10, (1000$/hm3)    
10, USIH   ,11, VOLTA GRANDE  , VARM  ,0,1,-0.10, (1000$/hm3)    
10, USIH   ,135, P. ESTRELA    , VARM  ,0,1,-0.10, (1000$/hm3)    
10, USIH   ,139, CANDONGA      , VARM  ,0,1,-0.10, (1000$/hm3)    
10, USIH   ,262, SALTO         , VARM  ,0,1,-0.10, (1000$/hm3)    
10, USIH   ,89, GARIBALDI     , VARM  ,0,1,-0.10, (1000$/hm3)    
10, USIH   ,144, MASCARENHAS   , VARM  ,0,1,-0.10, (1000$/hm3)    
10, USIH   ,66, ITAIPU        , VARM  ,0,1,-0.10, (1000$/hm3)    
10, USIH   ,110, ERNESTINA     , VARM  ,0,1,-0.10, (1000$/hm3)    
10, USIH   ,111, PASSO REAL    , VARM  ,0,1,-0.10, (1000$/hm3)    
10, USIH   ,112, JACUI         , VARM  ,0,1,-0.10, (1000$/hm3)    
10, USIH   ,113, ITAUBA        , VARM  ,0,1,-0.10, (1000$/hm3)    
10, USIH   ,114, D. FRANCISCA  , VARM  ,0,1,-0.10, (1000$/hm3)    
10, USIH   ,74, G.B. MUNHOZ   , VARM  ,0,1,-0.10, (1000$/hm3)    
10, USIH   ,76, SEGREDO       , VARM  ,0,1,-0.10, (1000$/hm3)    
10, USIH   ,82, SALTO CAXIAS  , VARM  ,0,1,-0.10, (1000$/hm3)    
10, USIH   ,115, G.P. SOUZA    , VARM  ,0,1,-0.10, (1000$/hm3)    
10, USIH   ,73, JORDAO        , VARM  ,0,1,-0.10, (1000$/hm3)    
10, USIH   ,71, STA CLARA PR  , VARM  ,0,1,-0.10, (1000$/hm3)    
10, USIH   ,72, FUNDAO        , VARM  ,0,1,-0.10, (1000$/hm3)    
10, USIH   ,57, MAUA          , VARM  ,0,1,-0.10, (1000$/hm3)    
10, USIH   ,77, SLT.SANTIAGO  , VARM  ,0,1,-0.10, (1000$/hm3)    
10, USIH   ,78, SALTO OSORIO  , VARM  ,0,1,-0.10, (1000$/hm3)    
10, USIH   ,93, PASSO FUNDO   , VARM  ,0,1,-0.10, (1000$/hm3)    
10, USIH   ,91, MACHADINHO    , VARM  ,0,1,-0.10, (1000$/hm3)    
10, USIH   ,92, ITA           , VARM  ,0,1,-0.10, (1000$/hm3)    
10, USIH   ,252, CANA BRAVA    , VARM  ,0,1,-0.10, (1000$/hm3)    
10, USIH   ,253, SAO SALVADOR  , VARM  ,0,1,-0.10, (1000$/hm3)    
10, USIH   ,267, ESTREITO TOC  , VARM  ,0,1,-0.10, (1000$/hm3)    
10, USIH   ,281, PONTE PEDRA   , VARM  ,0,1,-0.10, (1000$/hm3)    
10, USIH   ,9, JAGUARA       , VARM  ,0,1,-0.10, (1000$/hm3)    
10, USIH   ,26, MIRANDA       , VARM  ,0,1,-0.10, (1000$/hm3)    
10, USIH   ,86, BARRA GRANDE  , VARM  ,0,1,-0.10, (1000$/hm3)    
10, USIH   ,90, CAMPOS NOVOS  , VARM  ,0,1,-0.10, (1000$/hm3)    
10, USIH   ,97, CASTRO ALVES  , VARM  ,0,1,-0.10, (1000$/hm3)    
10, USIH   ,98, MONTE CLARO   , VARM  ,0,1,-0.10, (1000$/hm3)    
10, USIH   ,99, 14 DE JULHO   , VARM  ,0,1,-0.10, (1000$/hm3)    
10, USIH   ,103, FOZ CHAPECO   , VARM  ,0,1,-0.10, (1000$/hm3)    
10, USIH   ,169, SOBRADINHO    , VARM  ,0,1,-0.10, (1000$/hm3)    
10, USIH   ,172, ITAPARICA     , VARM  ,0,1,-0.10, (1000$/hm3)    
10, USIH   ,173, MOXOTO        , VARM  ,0,1,-0.10, (1000$/hm3)    
10, USIH   ,174, P.AFONSO 123  , VARM  ,0,1,-0.10, (1000$/hm3)    
10, USIH   ,175, P.AFONSO 4    , VARM  ,0,1,-0.10, (1000$/hm3)    
10, USIH   ,178, XINGO         , VARM  ,0,1,-0.10, (1000$/hm3)    
10, USIH   ,190, B. ESPERANCA  , VARM  ,0,1,-0.10, (1000$/hm3)    
10, USIH   ,189, P. CAVALO     , VARM  ,0,1,-0.10, (1000$/hm3)    
10, USIH   ,275, TUCURUI       , VARM  ,0,1,-0.10, (1000$/hm3)    
10, USIH   ,272, CURUA-UNA     , VARM  ,0,1,-0.10, (1000$/hm3)    
10, USIH   ,279, SAMUEL        , VARM  ,0,1,-0.10, (1000$/hm3)    
10, USIH   ,280, COARACY NUNE  , VARM  ,0,1,-0.10, (1000$/hm3)    
10, USIH   ,204, CACH.CALDEIR  , VARM  ,0,1,-0.10, (1000$/hm3)    
10, USIH   ,127, SOBRAGI       , VARM  ,0,1,-0.10, (1000$/hm3)    
10, USIH   ,126, PICADA        , VARM  ,0,1,-0.10, (1000$/hm3)    
10, USIH   ,283, STA CLARA MG  , VARM  ,0,1,-0.10, (1000$/hm3)    
10, USIH   ,261, LAJEADO       , VARM  ,0,1,-0.10, (1000$/hm3)    
10, USIH   ,48, PIRAJU        , VARM  ,0,1,-0.10, (1000$/hm3)    
10, USIH   ,249, OURINHOS      , VARM  ,0,1,-0.10, (1000$/hm3)    
10, USIH   ,241, SLT VERDINHO  , VARM  ,0,1,-0.10, (1000$/hm3)    
10, USIH   ,304, ITIQUIRA I    , VARM  ,0,1,-0.10, (1000$/hm3)    
10, USIH   ,305, ITIQUIRA II   , VARM  ,0,1,-0.10, (1000$/hm3)    
10, USIH   ,196, GUAPORE       , VARM  ,0,1,-0.10, (1000$/hm3)    
10, USIH   ,195, JAURU         , VARM  ,0,1,-0.10, (1000$/hm3)    
10, USIH   ,95, QUEBRA QUEIX  , VARM  ,0,1,-0.10, (1000$/hm3)    
10, USIH   ,203, CORUMBA III   , VARM  ,0,1,-0.10, (1000$/hm3)    
10, USIH   ,154, ITAPEBI       , VARM  ,0,1,-0.10, (1000$/hm3)    
10, USIH   ,310, DARDANELOS    , VARM  ,0,1,-0.10, (1000$/hm3)    
10, USIH   ,29, CORUMBA IV    , VARM  ,0,1,-0.10, (1000$/hm3)    
10, USIH   ,94, MONJOLINHO    , VARM  ,0,1,-0.10, (1000$/hm3)    
10, USIH   ,215, SALTO PILAO   , VARM  ,0,1,-0.10, (1000$/hm3)    
10, USIH   ,155, RETIRO BAIXO  , VARM  ,0,1,-0.10, (1000$/hm3)    
10, USIH   ,311, CACU          , VARM  ,0,1,-0.10, (1000$/hm3)    
10, USIH   ,312, B. COQUEIROS  , VARM  ,0,1,-0.10, (1000$/hm3)    
10, USIH   ,315, FOZ R. CLARO  , VARM  ,0,1,-0.10, (1000$/hm3)    
10, USIH   ,21, SERRA FACAO   , VARM  ,0,1,-0.10, (1000$/hm3)    
10, USIH   ,290, ESPORA        , VARM  ,0,1,-0.10, (1000$/hm3)    
10, USIH   ,101, SAO JOSE      , VARM  ,0,1,-0.10, (1000$/hm3)    
10, USIH   ,276, RONDON II     , VARM  ,0,1,-0.10, (1000$/hm3)    
10, USIH   ,102, PASSO S JOAO  , VARM  ,0,1,-0.10, (1000$/hm3)    
10, USIH   ,277, BALBINA       , VARM  ,0,1,-0.10, (1000$/hm3)    
10, USIH   ,285, JIRAU         , VARM  ,0,1,-0.10, (1000$/hm3)    
10, USIH   ,286, STO ANT JARI  , VARM  ,0,1,-0.10, (1000$/hm3)    
10, USIH   ,284, FERREIRA GOM  , VARM  ,0,1,-0.10, (1000$/hm3)    
10, USIH   ,229, TELES PIRES   , VARM  ,0,1,-0.10, (1000$/hm3)    
10, USIH   ,192, GUILMAN-AMOR  , VARM  ,0,1,-0.10, (1000$/hm3)    
10, USIH   ,230, SAO MANOEL    , VARM  ,0,1,-0.10, (1000$/hm3)    
10, USIH   ,288, BELO MONTE    , VARM  ,0,1,-0.10, (1000$/hm3)    
10, USIH   ,314, PIMENTAL      , VARM  ,0,1,-0.10, (1000$/hm3)    
11, RHS    ,0,      -        ,  RHS  ,0,0,0.1,  1000$         
11, USIH   ,1, CAMARGOS      , VARM  ,0,1,-0.10, (1000$/hm3)    
11, USIH   ,2, ITUTINGA      , VARM  ,0,1,-0.10, (1000$/hm3)    
11, USIH   ,4, FUNIL-GRANDE  , VARM  ,0,1,-0.10, (1000$/hm3)    
11, USIH   ,24, EMBORCACAO    , VARM  ,0,1,-0.10, (1000$/hm3)    
11, USIH   ,27, CAPIM BRANC1  , VARM  ,0,1,-0.10, (1000$/hm3)    
11, USIH   ,28, CAPIM BRANC2  , VARM  ,0,1,-0.10, (1000$/hm3)    
11, USIH   ,25, NOVA PONTE    , VARM  ,0,1,-0.10, (1000$/hm3)    
11, USIH   ,33, SAO SIMAO     , VARM  ,0,1,-0.10, (1000$/hm3)    
11, USIH   ,156, TRES MARIAS   , VARM  ,0,1,-0.10, (1000$/hm3)    
11, USIH   ,134, SALTO GRANDE  , VARM  ,0,1,-0.10, (1000$/hm3)    
11, USIH   ,10, IGARAPAVA     , VARM  ,0,1,-0.10, (1000$/hm3)    
11, USIH   ,143, AIMORES       , VARM  ,0,1,-0.10, (1000$/hm3)    
11, USIH   ,162, QUEIMADO      , VARM  ,0,1,-0.10, (1000$/hm3)    
11, USIH   ,148, IRAPE         , VARM  ,0,1,-0.10, (1000$/hm3)    
11, USIH   ,217, ROSAL         , VARM  ,0,1,-0.10, (1000$/hm3)    
11, USIH   ,193, SA CARVALHO   , VARM  ,0,1,-0.10, (1000$/hm3)    
11, USIH   ,141, BAGUARI       , VARM  ,0,1,-0.10, (1000$/hm3)    
11, USIH   ,14, CACONDE       , VARM  ,0,1,-0.10, (1000$/hm3)    
11, USIH   ,18, A. VERMELHA   , VARM  ,0,1,-0.10, (1000$/hm3)    
11, USIH   ,37, BARRA BONITA  , VARM  ,0,1,-0.10, (1000$/hm3)    
11, USIH   ,40, PROMISSAO     , VARM  ,0,1,-0.10, (1000$/hm3)    
11, USIH   ,42, NAVANHANDAVA  , VARM  ,0,1,-0.10, (1000$/hm3)    
11, USIH   ,15, E. DA CUNHA   , VARM  ,0,1,-0.10, (1000$/hm3)    
11, USIH   ,16, A.S.OLIVEIRA  , VARM  ,0,1,-0.10, (1000$/hm3)    
11, USIH   ,38, A.S. LIMA     , VARM  ,0,1,-0.10, (1000$/hm3)    
11, USIH   ,39, IBITINGA      , VARM  ,0,1,-0.10, (1000$/hm3)    
11, USIH   ,62, TAQUARUCU     , VARM  ,0,1,-0.10, (1000$/hm3)    
11, USIH   ,63, ROSANA        , VARM  ,0,1,-0.10, (1000$/hm3)    
11, USIH   ,52, CANOAS I      , VARM  ,0,1,-0.10, (1000$/hm3)    
11, USIH   ,51, CANOAS II     , VARM  ,0,1,-0.10, (1000$/hm3)    
11, USIH   ,47, A.A. LAYDNER  , VARM  ,0,1,-0.10, (1000$/hm3)    
11, USIH   ,49, CHAVANTES     , VARM  ,0,1,-0.10, (1000$/hm3)    
11, USIH   ,61, CAPIVARA      , VARM  ,0,1,-0.10, (1000$/hm3)    
11, USIH   ,50, L.N. GARCEZ   , VARM  ,0,1,-0.10, (1000$/hm3)    
11, USIH   ,45, JUPIA         , VARM  ,0,1,-0.10, (1000$/hm3)    
11, USIH   ,44, I. SOLT. EQV  , VARM  ,0,1,-0.10, (1000$/hm3)    
11, USIH   ,46, P. PRIMAVERA  , VARM  ,0,1,-0.10, (1000$/hm3)    
11, USIH   ,120, JAGUARI       , VARM  ,0,1,-0.10, (1000$/hm3)    
11, USIH   ,121, PARAIBUNA     , VARM  ,0,1,-0.10, (1000$/hm3)    
11, USIH   ,6, FURNAS        , VARM  ,0,1,-0.10, (1000$/hm3)    
11, USIH   ,7, M. DE MORAES  , VARM  ,0,1,-0.10, (1000$/hm3)    
11, USIH   ,8, ESTREITO      , VARM  ,0,1,-0.10, (1000$/hm3)    
11, USIH   ,12, P. COLOMBIA   , VARM  ,0,1,-0.10, (1000$/hm3)    
11, USIH   ,17, MARIMBONDO    , VARM  ,0,1,-0.10, (1000$/hm3)    
11, USIH   ,31, ITUMBIARA     , VARM  ,0,1,-0.10, (1000$/hm3)    
11, USIH   ,30, CORUMBA I     , VARM  ,0,1,-0.10, (1000$/hm3)    
11, USIH   ,251, SERRA MESA    , VARM  ,0,1,-0.10, (1000$/hm3)    
11, USIH   ,278, MANSO         , VARM  ,0,1,-0.10, (1000$/hm3)    
11, USIH   ,123, FUNIL         , VARM  ,0,1,-0.10, (1000$/hm3)    
11, USIH   ,129, SIMPLICIO     , VARM  ,0,1,-0.10, (1000$/hm3)    
11, USIH   ,20, BATALHA       , VARM  ,0,1,-0.10, (1000$/hm3)    
11, USIH   ,287, STO ANTONIO   , VARM  ,0,1,-0.10, (1000$/hm3)    
11, USIH   ,257, PEIXE ANGIC   , VARM  ,0,1,-0.10, (1000$/hm3)    
11, USIH   ,122, SANTA BRANCA  , VARM  ,0,1,-0.10, (1000$/hm3)    
11, USIH   ,124, LAJES         , VARM  ,0,1,-0.10, (1000$/hm3)    
11, USIH   ,130, ILHA POMBOS   , VARM  ,0,1,-0.10, (1000$/hm3)    
11, USIH   ,131, NILO PECANHA  , VARM  ,0,1,-0.10, (1000$/hm3)    
11, USIH   ,133, P. PASSOS     , VARM  ,0,1,-0.10, (1000$/hm3)    
11, USIH   ,125, STA CECILIA   , VARM  ,0,1,-0.10, (1000$/hm3)    
11, USIH   ,180, TOCOS         , VARM  ,0,1,-0.10, (1000$/hm3)    
11, USIH   ,181, SANTANA       , VARM  ,0,1,-0.10, (1000$/hm3)    
11, USIH   ,182, VIGARIO       , VARM  ,0,1,-0.10, (1000$/hm3)    
11, USIH   ,183, FONTES A      , VARM  ,0,1,-0.10, (1000$/hm3)    
11, USIH   ,184, FONTES BC     , VARM  ,0,1,-0.10, (1000$/hm3)    
11, USIH   ,107, EDGARD SOUZA  , VARM  ,0,1,-0.10, (1000$/hm3)    
11, USIH   ,108, TRAICAO       , VARM  ,0,1,-0.10, (1000$/hm3)    
11, USIH   ,109, PEDREIRA      , VARM  ,0,1,-0.10, (1000$/hm3)    
11, USIH   ,117, GUARAPIRANGA  , VARM  ,0,1,-0.10, (1000$/hm3)    
11, USIH   ,118, BILLINGS      , VARM  ,0,1,-0.10, (1000$/hm3)    
11, USIH   ,119, HENRY BORDEN  , VARM  ,0,1,-0.10, (1000$/hm3)    
11, USIH   ,32, CACH.DOURADA  , VARM  ,0,1,-0.10, (1000$/hm3)    
11, USIH   ,11, VOLTA GRANDE  , VARM  ,0,1,-0.10, (1000$/hm3)    
11, USIH   ,135, P. ESTRELA    , VARM  ,0,1,-0.10, (1000$/hm3)    
11, USIH   ,139, CANDONGA      , VARM  ,0,1,-0.10, (1000$/hm3)    
11, USIH   ,262, SALTO         , VARM  ,0,1,-0.10, (1000$/hm3)    
11, USIH   ,89, GARIBALDI     , VARM  ,0,1,-0.10, (1000$/hm3)    
11, USIH   ,144, MASCARENHAS   , VARM  ,0,1,-0.10, (1000$/hm3)    
11, USIH   ,66, ITAIPU        , VARM  ,0,1,-0.10, (1000$/hm3)    
11, USIH   ,110, ERNESTINA     , VARM  ,0,1,-0.10, (1000$/hm3)    
11, USIH   ,111, PASSO REAL    , VARM  ,0,1,-0.10, (1000$/hm3)    
11, USIH   ,112, JACUI         , VARM  ,0,1,-0.10, (1000$/hm3)    
11, USIH   ,113, ITAUBA        , VARM  ,0,1,-0.10, (1000$/hm3)    
11, USIH   ,114, D. FRANCISCA  , VARM  ,0,1,-0.10, (1000$/hm3)    
11, USIH   ,74, G.B. MUNHOZ   , VARM  ,0,1,-0.10, (1000$/hm3)    
11, USIH   ,76, SEGREDO       , VARM  ,0,1,-0.10, (1000$/hm3)    
11, USIH   ,82, SALTO CAXIAS  , VARM  ,0,1,-0.10, (1000$/hm3)    
11, USIH   ,115, G.P. SOUZA    , VARM  ,0,1,-0.10, (1000$/hm3)    
11, USIH   ,73, JORDAO        , VARM  ,0,1,-0.10, (1000$/hm3)    
11, USIH   ,71, STA CLARA PR  , VARM  ,0,1,-0.10, (1000$/hm3)    
11, USIH   ,72, FUNDAO        , VARM  ,0,1,-0.10, (1000$/hm3)    
11, USIH   ,57, MAUA          , VARM  ,0,1,-0.10, (1000$/hm3)    
11, USIH   ,77, SLT.SANTIAGO  , VARM  ,0,1,-0.10, (1000$/hm3)    
11, USIH   ,78, SALTO OSORIO  , VARM  ,0,1,-0.10, (1000$/hm3)    
11, USIH   ,93, PASSO FUNDO   , VARM  ,0,1,-0.10, (1000$/hm3)    
11, USIH   ,91, MACHADINHO    , VARM  ,0,1,-0.10, (1000$/hm3)    
11, USIH   ,92, ITA           , VARM  ,0,1,-0.10, (1000$/hm3)    
11, USIH   ,252, CANA BRAVA    , VARM  ,0,1,-0.10, (1000$/hm3)    
11, USIH   ,253, SAO SALVADOR  , VARM  ,0,1,-0.10, (1000$/hm3)    
11, USIH   ,267, ESTREITO TOC  , VARM  ,0,1,-0.10, (1000$/hm3)    
11, USIH   ,281, PONTE PEDRA   , VARM  ,0,1,-0.10, (1000$/hm3)    
11, USIH   ,9, JAGUARA       , VARM  ,0,1,-0.10, (1000$/hm3)    
11, USIH   ,26, MIRANDA       , VARM  ,0,1,-0.10, (1000$/hm3)    
11, USIH   ,86, BARRA GRANDE  , VARM  ,0,1,-0.10, (1000$/hm3)    
11, USIH   ,90, CAMPOS NOVOS  , VARM  ,0,1,-0.10, (1000$/hm3)    
11, USIH   ,97, CASTRO ALVES  , VARM  ,0,1,-0.10, (1000$/hm3)    
11, USIH   ,98, MONTE CLARO   , VARM  ,0,1,-0.10, (1000$/hm3)    
11, USIH   ,99, 14 DE JULHO   , VARM  ,0,1,-0.10, (1000$/hm3)    
11, USIH   ,103, FOZ CHAPECO   , VARM  ,0,1,-0.10, (1000$/hm3)    
11, USIH   ,169, SOBRADINHO    , VARM  ,0,1,-0.10, (1000$/hm3)    
11, USIH   ,172, ITAPARICA     , VARM  ,0,1,-0.10, (1000$/hm3)    
11, USIH   ,173, MOXOTO        , VARM  ,0,1,-0.10, (1000$/hm3)    
11, USIH   ,174, P.AFONSO 123  , VARM  ,0,1,-0.10, (1000$/hm3)    
11, USIH   ,175, P.AFONSO 4    , VARM  ,0,1,-0.10, (1000$/hm3)    
11, USIH   ,178, XINGO         , VARM  ,0,1,-0.10, (1000$/hm3)    
11, USIH   ,190, B. ESPERANCA  , VARM  ,0,1,-0.10, (1000$/hm3)    
11, USIH   ,189, P. CAVALO     , VARM  ,0,1,-0.10, (1000$/hm3)    
11, USIH   ,275, TUCURUI       , VARM  ,0,1,-0.10, (1000$/hm3)    
11, USIH   ,272, CURUA-UNA     , VARM  ,0,1,-0.10, (1000$/hm3)    
11, USIH   ,279, SAMUEL        , VARM  ,0,1,-0.10, (1000$/hm3)    
11, USIH   ,280, COARACY NUNE  , VARM  ,0,1,-0.10, (1000$/hm3)    
11, USIH   ,204, CACH.CALDEIR  , VARM  ,0,1,-0.10, (1000$/hm3)    
11, USIH   ,127, SOBRAGI       , VARM  ,0,1,-0.10, (1000$/hm3)    
11, USIH   ,126, PICADA        , VARM  ,0,1,-0.10, (1000$/hm3)    
11, USIH   ,283, STA CLARA MG  , VARM  ,0,1,-0.10, (1000$/hm3)    
11, USIH   ,261, LAJEADO       , VARM  ,0,1,-0.10, (1000$/hm3)    
11, USIH   ,48, PIRAJU        , VARM  ,0,1,-0.10, (1000$/hm3)    
11, USIH   ,249, OURINHOS      , VARM  ,0,1,-0.10, (1000$/hm3)    
11, USIH   ,241, SLT VERDINHO  , VARM  ,0,1,-0.10, (1000$/hm3)    
11, USIH   ,304, ITIQUIRA I    , VARM  ,0,1,-0.10, (1000$/hm3)    
11, USIH   ,305, ITIQUIRA II   , VARM  ,0,1,-0.10, (1000$/hm3)    
11, USIH   ,196, GUAPORE       , VARM  ,0,1,-0.10, (1000$/hm3)    
11, USIH   ,195, JAURU         , VARM  ,0,1,-0.10, (1000$/hm3)    
11, USIH   ,95, QUEBRA QUEIX  , VARM  ,0,1,-0.10, (1000$/hm3)    
11, USIH   ,203, CORUMBA III   , VARM  ,0,1,-0.10, (1000$/hm3)    
11, USIH   ,154, ITAPEBI       , VARM  ,0,1,-0.10, (1000$/hm3)    
11, USIH   ,310, DARDANELOS    , VARM  ,0,1,-0.10, (1000$/hm3)    
11, USIH   ,29, CORUMBA IV    , VARM  ,0,1,-0.10, (1000$/hm3)    
11, USIH   ,94, MONJOLINHO    , VARM  ,0,1,-0.10, (1000$/hm3)    
11, USIH   ,215, SALTO PILAO   , VARM  ,0,1,-0.10, (1000$/hm3)    
11, USIH   ,155, RETIRO BAIXO  , VARM  ,0,1,-0.10, (1000$/hm3)    
11, USIH   ,311, CACU          , VARM  ,0,1,-0.10, (1000$/hm3)    
11, USIH   ,312, B. COQUEIROS  , VARM  ,0,1,-0.10, (1000$/hm3)    
11, USIH   ,315, FOZ R. CLARO  , VARM  ,0,1,-0.10, (1000$/hm3)    
11, USIH   ,21, SERRA FACAO   , VARM  ,0,1,-0.10, (1000$/hm3)    
11, USIH   ,290, ESPORA        , VARM  ,0,1,-0.10, (1000$/hm3)    
11, USIH   ,101, SAO JOSE      , VARM  ,0,1,-0.10, (1000$/hm3)    
11, USIH   ,276, RONDON II     , VARM  ,0,1,-0.10, (1000$/hm3)    
11, USIH   ,102, PASSO S JOAO  , VARM  ,0,1,-0.10, (1000$/hm3)    
11, USIH   ,277, BALBINA       , VARM  ,0,1,-0.10, (1000$/hm3)    
11, USIH   ,285, JIRAU         , VARM  ,0,1,-0.10, (1000$/hm3)    
11, USIH   ,286, STO ANT JARI  , VARM  ,0,1,-0.10, (1000$/hm3)    
11, USIH   ,284, FERREIRA GOM  , VARM  ,0,1,-0.10, (1000$/hm3)    
11, USIH   ,229, TELES PIRES   , VARM  ,0,1,-0.10, (1000$/hm3)    
11, USIH   ,192, GUILMAN-AMOR  , VARM  ,0,1,-0.10, (1000$/hm3)    
11, USIH   ,230, SAO MANOEL    , VARM  ,0,1,-0.10, (1000$/hm3)    
11, USIH   ,288, BELO MONTE    , VARM  ,0,1,-0.10, (1000$/hm3)    
11, USIH   ,314, PIMENTAL      , VARM  ,0,1,-0.10, (1000$/hm3)    
12, RHS    ,0,      -        ,  RHS  ,0,0,0.1,  1000$         
12, USIH   ,1, CAMARGOS      , VARM  ,0,1,-0.10, (1000$/hm3)    
12, USIH   ,2, ITUTINGA      , VARM  ,0,1,-0.10, (1000$/hm3)    
12, USIH   ,4, FUNIL-GRANDE  , VARM  ,0,1,-0.10, (1000$/hm3)    
12, USIH   ,24, EMBORCACAO    , VARM  ,0,1,-0.10, (1000$/hm3)    
12, USIH   ,27, CAPIM BRANC1  , VARM  ,0,1,-0.10, (1000$/hm3)    
12, USIH   ,28, CAPIM BRANC2  , VARM  ,0,1,-0.10, (1000$/hm3)    
12, USIH   ,25, NOVA PONTE    , VARM  ,0,1,-0.10, (1000$/hm3)    
12, USIH   ,33, SAO SIMAO     , VARM  ,0,1,-0.10, (1000$/hm3)    
12, USIH   ,156, TRES MARIAS   , VARM  ,0,1,-0.10, (1000$/hm3)    
12, USIH   ,134, SALTO GRANDE  , VARM  ,0,1,-0.10, (1000$/hm3)    
12, USIH   ,10, IGARAPAVA     , VARM  ,0,1,-0.10, (1000$/hm3)    
12, USIH   ,143, AIMORES       , VARM  ,0,1,-0.10, (1000$/hm3)    
12, USIH   ,162, QUEIMADO      , VARM  ,0,1,-0.10, (1000$/hm3)    
12, USIH   ,148, IRAPE         , VARM  ,0,1,-0.10, (1000$/hm3)    
12, USIH   ,217, ROSAL         , VARM  ,0,1,-0.10, (1000$/hm3)    
12, USIH   ,193, SA CARVALHO   , VARM  ,0,1,-0.10, (1000$/hm3)    
12, USIH   ,141, BAGUARI       , VARM  ,0,1,-0.10, (1000$/hm3)    
12, USIH   ,14, CACONDE       , VARM  ,0,1,-0.10, (1000$/hm3)    
12, USIH   ,18, A. VERMELHA   , VARM  ,0,1,-0.10, (1000$/hm3)    
12, USIH   ,37, BARRA BONITA  , VARM  ,0,1,-0.10, (1000$/hm3)    
12, USIH   ,40, PROMISSAO     , VARM  ,0,1,-0.10, (1000$/hm3)    
12, USIH   ,42, NAVANHANDAVA  , VARM  ,0,1,-0.10, (1000$/hm3)    
12, USIH   ,15, E. DA CUNHA   , VARM  ,0,1,-0.10, (1000$/hm3)    
12, USIH   ,16, A.S.OLIVEIRA  , VARM  ,0,1,-0.10, (1000$/hm3)    
12, USIH   ,38, A.S. LIMA     , VARM  ,0,1,-0.10, (1000$/hm3)    
12, USIH   ,39, IBITINGA      , VARM  ,0,1,-0.10, (1000$/hm3)    
12, USIH   ,62, TAQUARUCU     , VARM  ,0,1,-0.10, (1000$/hm3)    
12, USIH   ,63, ROSANA        , VARM  ,0,1,-0.10, (1000$/hm3)    
12, USIH   ,52, CANOAS I      , VARM  ,0,1,-0.10, (1000$/hm3)    
12, USIH   ,51, CANOAS II     , VARM  ,0,1,-0.10, (1000$/hm3)    
12, USIH   ,47, A.A. LAYDNER  , VARM  ,0,1,-0.10, (1000$/hm3)    
12, USIH   ,49, CHAVANTES     , VARM  ,0,1,-0.10, (1000$/hm3)    
12, USIH   ,61, CAPIVARA      , VARM  ,0,1,-0.10, (1000$/hm3)    
12, USIH   ,50, L.N. GARCEZ   , VARM  ,0,1,-0.10, (1000$/hm3)    
12, USIH   ,45, JUPIA         , VARM  ,0,1,-0.10, (1000$/hm3)    
12, USIH   ,44, I. SOLT. EQV  , VARM  ,0,1,-0.10, (1000$/hm3)    
12, USIH   ,46, P. PRIMAVERA  , VARM  ,0,1,-0.10, (1000$/hm3)    
12, USIH   ,120, JAGUARI       , VARM  ,0,1,-0.10, (1000$/hm3)    
12, USIH   ,121, PARAIBUNA     , VARM  ,0,1,-0.10, (1000$/hm3)    
12, USIH   ,6, FURNAS        , VARM  ,0,1,-0.10, (1000$/hm3)    
12, USIH   ,7, M. DE MORAES  , VARM  ,0,1,-0.10, (1000$/hm3)    
12, USIH   ,8, ESTREITO      , VARM  ,0,1,-0.10, (1000$/hm3)    
12, USIH   ,12, P. COLOMBIA   , VARM  ,0,1,-0.10, (1000$/hm3)    
12, USIH   ,17, MARIMBONDO    , VARM  ,0,1,-0.10, (1000$/hm3)    
12, USIH   ,31, ITUMBIARA     , VARM  ,0,1,-0.10, (1000$/hm3)    
12, USIH   ,30, CORUMBA I     , VARM  ,0,1,-0.10, (1000$/hm3)    
12, USIH   ,251, SERRA MESA    , VARM  ,0,1,-0.10, (1000$/hm3)    
12, USIH   ,278, MANSO         , VARM  ,0,1,-0.10, (1000$/hm3)    
12, USIH   ,123, FUNIL         , VARM  ,0,1,-0.10, (1000$/hm3)    
12, USIH   ,129, SIMPLICIO     , VARM  ,0,1,-0.10, (1000$/hm3)    
12, USIH   ,20, BATALHA       , VARM  ,0,1,-0.10, (1000$/hm3)    
12, USIH   ,287, STO ANTONIO   , VARM  ,0,1,-0.10, (1000$/hm3)    
12, USIH   ,257, PEIXE ANGIC   , VARM  ,0,1,-0.10, (1000$/hm3)    
12, USIH   ,122, SANTA BRANCA  , VARM  ,0,1,-0.10, (1000$/hm3)    
12, USIH   ,124, LAJES         , VARM  ,0,1,-0.10, (1000$/hm3)    
12, USIH   ,130, ILHA POMBOS   , VARM  ,0,1,-0.10, (1000$/hm3)    
12, USIH   ,131, NILO PECANHA  , VARM  ,0,1,-0.10, (1000$/hm3)    
12, USIH   ,133, P. PASSOS     , VARM  ,0,1,-0.10, (1000$/hm3)    
12, USIH   ,125, STA CECILIA   , VARM  ,0,1,-0.10, (1000$/hm3)    
12, USIH   ,180, TOCOS         , VARM  ,0,1,-0.10, (1000$/hm3)    
12, USIH   ,181, SANTANA       , VARM  ,0,1,-0.10, (1000$/hm3)    
12, USIH   ,182, VIGARIO       , VARM  ,0,1,-0.10, (1000$/hm3)    
12, USIH   ,183, FONTES A      , VARM  ,0,1,-0.10, (1000$/hm3)    
12, USIH   ,184, FONTES BC     , VARM  ,0,1,-0.10, (1000$/hm3)    
12, USIH   ,107, EDGARD SOUZA  , VARM  ,0,1,-0.10, (1000$/hm3)    
12, USIH   ,108, TRAICAO       , VARM  ,0,1,-0.10, (1000$/hm3)    
12, USIH   ,109, PEDREIRA      , VARM  ,0,1,-0.10, (1000$/hm3)    
12, USIH   ,117, GUARAPIRANGA  , VARM  ,0,1,-0.10, (1000$/hm3)    
12, USIH   ,118, BILLINGS      , VARM  ,0,1,-0.10, (1000$/hm3)    
12, USIH   ,119, HENRY BORDEN  , VARM  ,0,1,-0.10, (1000$/hm3)    
12, USIH   ,32, CACH.DOURADA  , VARM  ,0,1,-0.10, (1000$/hm3)    
12, USIH   ,11, VOLTA GRANDE  , VARM  ,0,1,-0.10, (1000$/hm3)    
12, USIH   ,135, P. ESTRELA    , VARM  ,0,1,-0.10, (1000$/hm3)    
12, USIH   ,139, CANDONGA      , VARM  ,0,1,-0.10, (1000$/hm3)    
12, USIH   ,262, SALTO         , VARM  ,0,1,-0.10, (1000$/hm3)    
12, USIH   ,89, GARIBALDI     , VARM  ,0,1,-0.10, (1000$/hm3)    
12, USIH   ,144, MASCARENHAS   , VARM  ,0,1,-0.10, (1000$/hm3)    
12, USIH   ,66, ITAIPU        , VARM  ,0,1,-0.10, (1000$/hm3)    
12, USIH   ,110, ERNESTINA     , VARM  ,0,1,-0.10, (1000$/hm3)    
12, USIH   ,111, PASSO REAL    , VARM  ,0,1,-0.10, (1000$/hm3)    
12, USIH   ,112, JACUI         , VARM  ,0,1,-0.10, (1000$/hm3)    
12, USIH   ,113, ITAUBA        , VARM  ,0,1,-0.10, (1000$/hm3)    
12, USIH   ,114, D. FRANCISCA  , VARM  ,0,1,-0.10, (1000$/hm3)    
12, USIH   ,74, G.B. MUNHOZ   , VARM  ,0,1,-0.10, (1000$/hm3)    
12, USIH   ,76, SEGREDO       , VARM  ,0,1,-0.10, (1000$/hm3)    
12, USIH   ,82, SALTO CAXIAS  , VARM  ,0,1,-0.10, (1000$/hm3)    
12, USIH   ,115, G.P. SOUZA    , VARM  ,0,1,-0.10, (1000$/hm3)    
12, USIH   ,73, JORDAO        , VARM  ,0,1,-0.10, (1000$/hm3)    
12, USIH   ,71, STA CLARA PR  , VARM  ,0,1,-0.10, (1000$/hm3)    
12, USIH   ,72, FUNDAO        , VARM  ,0,1,-0.10, (1000$/hm3)    
12, USIH   ,57, MAUA          , VARM  ,0,1,-0.10, (1000$/hm3)    
12, USIH   ,77, SLT.SANTIAGO  , VARM  ,0,1,-0.10, (1000$/hm3)    
12, USIH   ,78, SALTO OSORIO  , VARM  ,0,1,-0.10, (1000$/hm3)    
12, USIH   ,93, PASSO FUNDO   , VARM  ,0,1,-0.10, (1000$/hm3)    
12, USIH   ,91, MACHADINHO    , VARM  ,0,1,-0.10, (1000$/hm3)    
12, USIH   ,92, ITA           , VARM  ,0,1,-0.10, (1000$/hm3)    
12, USIH   ,252, CANA BRAVA    , VARM  ,0,1,-0.10, (1000$/hm3)    
12, USIH   ,253, SAO SALVADOR  , VARM  ,0,1,-0.10, (1000$/hm3)    
12, USIH   ,267, ESTREITO TOC  , VARM  ,0,1,-0.10, (1000$/hm3)    
12, USIH   ,281, PONTE PEDRA   , VARM  ,0,1,-0.10, (1000$/hm3)    
12, USIH   ,9, JAGUARA       , VARM  ,0,1,-0.10, (1000$/hm3)    
12, USIH   ,26, MIRANDA       , VARM  ,0,1,-0.10, (1000$/hm3)    
12, USIH   ,86, BARRA GRANDE  , VARM  ,0,1,-0.10, (1000$/hm3)    
12, USIH   ,90, CAMPOS NOVOS  , VARM  ,0,1,-0.10, (1000$/hm3)    
12, USIH   ,97, CASTRO ALVES  , VARM  ,0,1,-0.10, (1000$/hm3)    
12, USIH   ,98, MONTE CLARO   , VARM  ,0,1,-0.10, (1000$/hm3)    
12, USIH   ,99, 14 DE JULHO   , VARM  ,0,1,-0.10, (1000$/hm3)    
12, USIH   ,103, FOZ CHAPECO   , VARM  ,0,1,-0.10, (1000$/hm3)    
12, USIH   ,169, SOBRADINHO    , VARM  ,0,1,-0.10, (1000$/hm3)    
12, USIH   ,172, ITAPARICA     , VARM  ,0,1,-0.10, (1000$/hm3)    
12, USIH   ,173, MOXOTO        , VARM  ,0,1,-0.10, (1000$/hm3)    
12, USIH   ,174, P.AFONSO 123  , VARM  ,0,1,-0.10, (1000$/hm3)    
12, USIH   ,175, P.AFONSO 4    , VARM  ,0,1,-0.10, (1000$/hm3)    
12, USIH   ,178, XINGO         , VARM  ,0,1,-0.10, (1000$/hm3)    
12, USIH   ,190, B. ESPERANCA  , VARM  ,0,1,-0.10, (1000$/hm3)    
12, USIH   ,189, P. CAVALO     , VARM  ,0,1,-0.10, (1000$/hm3)    
12, USIH   ,275, TUCURUI       , VARM  ,0,1,-0.10, (1000$/hm3)    
12, USIH   ,272, CURUA-UNA     , VARM  ,0,1,-0.10, (1000$/hm3)    
12, USIH   ,279, SAMUEL        , VARM  ,0,1,-0.10, (1000$/hm3)    
12, USIH   ,280, COARACY NUNE  , VARM  ,0,1,-0.10, (1000$/hm3)    
12, USIH   ,204, CACH.CALDEIR  , VARM  ,0,1,-0.10, (1000$/hm3)    
12, USIH   ,127, SOBRAGI       , VARM  ,0,1,-0.10, (1000$/hm3)    
12, USIH   ,126, PICADA        , VARM  ,0,1,-0.10, (1000$/hm3)    
12, USIH   ,283, STA CLARA MG  , VARM  ,0,1,-0.10, (1000$/hm3)    
12, USIH   ,261, LAJEADO       , VARM  ,0,1,-0.10, (1000$/hm3)    
12, USIH   ,48, PIRAJU        , VARM  ,0,1,-0.10, (1000$/hm3)    
12, USIH   ,249, OURINHOS      , VARM  ,0,1,-0.10, (1000$/hm3)    
12, USIH   ,241, SLT VERDINHO  , VARM  ,0,1,-0.10, (1000$/hm3)    
12, USIH   ,304, ITIQUIRA I    , VARM  ,0,1,-0.10, (1000$/hm3)    
12, USIH   ,305, ITIQUIRA II   , VARM  ,0,1,-0.10, (1000$/hm3)    
12, USIH   ,196, GUAPORE       , VARM  ,0,1,-0.10, (1000$/hm3)    
12, USIH   ,195, JAURU         , VARM  ,0,1,-0.10, (1000$/hm3)    
12, USIH   ,95, QUEBRA QUEIX  , VARM  ,0,1,-0.10, (1000$/hm3)    
12, USIH   ,203, CORUMBA III   , VARM  ,0,1,-0.10, (1000$/hm3)    
12, USIH   ,154, ITAPEBI       , VARM  ,0,1,-0.10, (1000$/hm3)    
12, USIH   ,310, DARDANELOS    , VARM  ,0,1,-0.10, (1000$/hm3)    
12, USIH   ,29, CORUMBA IV    , VARM  ,0,1,-0.10, (1000$/hm3)    
12, USIH   ,94, MONJOLINHO    , VARM  ,0,1,-0.10, (1000$/hm3)    
12, USIH   ,215, SALTO PILAO   , VARM  ,0,1,-0.10, (1000$/hm3)    
12, USIH   ,155, RETIRO BAIXO  , VARM  ,0,1,-0.10, (1000$/hm3)    
12, USIH   ,311, CACU          , VARM  ,0,1,-0.10, (1000$/hm3)    
12, USIH   ,312, B. COQUEIROS  , VARM  ,0,1,-0.10, (1000$/hm3)    
12, USIH   ,315, FOZ R. CLARO  , VARM  ,0,1,-0.10, (1000$/hm3)    
12, USIH   ,21, SERRA FACAO   , VARM  ,0,1,-0.10, (1000$/hm3)    
12, USIH   ,290, ESPORA        , VARM  ,0,1,-0.10, (1000$/hm3)    
12, USIH   ,101, SAO JOSE      , VARM  ,0,1,-0.10, (1000$/hm3)    
12, USIH   ,276, RONDON II     , VARM  ,0,1,-0.10, (1000$/hm3)    
12, USIH   ,102, PASSO S JOAO  , VARM  ,0,1,-0.10, (1000$/hm3)    
12, USIH   ,277, BALBINA       , VARM  ,0,1,-0.10, (1000$/hm3)    
12, USIH   ,285, JIRAU         , VARM  ,0,1,-0.10, (1000$/hm3)    
12, USIH   ,286, STO ANT JARI  , VARM  ,0,1,-0.10, (1000$/hm3)    
12, USIH   ,284, FERREIRA GOM  , VARM  ,0,1,-0.10, (1000$/hm3)    
12, USIH   ,229, TELES PIRES   , VARM  ,0,1,-0.10, (1000$/hm3)    
12, USIH   ,192, GUILMAN-AMOR  , VARM  ,0,1,-0.10, (1000$/hm3)    
12, USIH   ,230, SAO MANOEL    , VARM  ,0,1,-0.10, (1000$/hm3)    
12, USIH   ,288, BELO MONTE    , VARM  ,0,1,-0.10, (1000$/hm3)    
12, USIH   ,314, PIMENTAL      , VARM  ,0,1,-0.10, (1000$/hm3)    
13, RHS    ,0,      -        ,  RHS  ,0,0,0.1,  1000$         
13, USIH   ,1, CAMARGOS      , VARM  ,0,1,-0.10, (1000$/hm3)    
13, USIH   ,2, ITUTINGA      , VARM  ,0,1,-0.10, (1000$/hm3)    
13, USIH   ,4, FUNIL-GRANDE  , VARM  ,0,1,-0.10, (1000$/hm3)    
13, USIH   ,24, EMBORCACAO    , VARM  ,0,1,-0.10, (1000$/hm3)    
13, USIH   ,27, CAPIM BRANC1  , VARM  ,0,1,-0.10, (1000$/hm3)    
13, USIH   ,28, CAPIM BRANC2  , VARM  ,0,1,-0.10, (1000$/hm3)    
13, USIH   ,25, NOVA PONTE    , VARM  ,0,1,-0.10, (1000$/hm3)    
13, USIH   ,33, SAO SIMAO     , VARM  ,0,1,-0.10, (1000$/hm3)    
13, USIH   ,156, TRES MARIAS   , VARM  ,0,1,-0.10, (1000$/hm3)    
13, USIH   ,134, SALTO GRANDE  , VARM  ,0,1,-0.10, (1000$/hm3)    
13, USIH   ,10, IGARAPAVA     , VARM  ,0,1,-0.10, (1000$/hm3)    
13, USIH   ,143, AIMORES       , VARM  ,0,1,-0.10, (1000$/hm3)    
13, USIH   ,162, QUEIMADO      , VARM  ,0,1,-0.10, (1000$/hm3)    
13, USIH   ,148, IRAPE         , VARM  ,0,1,-0.10, (1000$/hm3)    
13, USIH   ,217, ROSAL         , VARM  ,0,1,-0.10, (1000$/hm3)    
13, USIH   ,193, SA CARVALHO   , VARM  ,0,1,-0.10, (1000$/hm3)    
13, USIH   ,141, BAGUARI       , VARM  ,0,1,-0.10, (1000$/hm3)    
13, USIH   ,14, CACONDE       , VARM  ,0,1,-0.10, (1000$/hm3)    
13, USIH   ,18, A. VERMELHA   , VARM  ,0,1,-0.10, (1000$/hm3)    
13, USIH   ,37, BARRA BONITA  , VARM  ,0,1,-0.10, (1000$/hm3)    
13, USIH   ,40, PROMISSAO     , VARM  ,0,1,-0.10, (1000$/hm3)    
13, USIH   ,42, NAVANHANDAVA  , VARM  ,0,1,-0.10, (1000$/hm3)    
13, USIH   ,15, E. DA CUNHA   , VARM  ,0,1,-0.10, (1000$/hm3)    
13, USIH   ,16, A.S.OLIVEIRA  , VARM  ,0,1,-0.10, (1000$/hm3)    
13, USIH   ,38, A.S. LIMA     , VARM  ,0,1,-0.10, (1000$/hm3)    
13, USIH   ,39, IBITINGA      , VARM  ,0,1,-0.10, (1000$/hm3)    
13, USIH   ,62, TAQUARUCU     , VARM  ,0,1,-0.10, (1000$/hm3)    
13, USIH   ,63, ROSANA        , VARM  ,0,1,-0.10, (1000$/hm3)    
13, USIH   ,52, CANOAS I      , VARM  ,0,1,-0.10, (1000$/hm3)    
13, USIH   ,51, CANOAS II     , VARM  ,0,1,-0.10, (1000$/hm3)    
13, USIH   ,47, A.A. LAYDNER  , VARM  ,0,1,-0.10, (1000$/hm3)    
13, USIH   ,49, CHAVANTES     , VARM  ,0,1,-0.10, (1000$/hm3)    
13, USIH   ,61, CAPIVARA      , VARM  ,0,1,-0.10, (1000$/hm3)    
13, USIH   ,50, L.N. GARCEZ   , VARM  ,0,1,-0.10, (1000$/hm3)    
13, USIH   ,45, JUPIA         , VARM  ,0,1,-0.10, (1000$/hm3)    
13, USIH   ,44, I. SOLT. EQV  , VARM  ,0,1,-0.10, (1000$/hm3)    
13, USIH   ,46, P. PRIMAVERA  , VARM  ,0,1,-0.10, (1000$/hm3)    
13, USIH   ,120, JAGUARI       , VARM  ,0,1,-0.10, (1000$/hm3)    
13, USIH   ,121, PARAIBUNA     , VARM  ,0,1,-0.10, (1000$/hm3)    
13, USIH   ,6, FURNAS        , VARM  ,0,1,-0.10, (1000$/hm3)    
13, USIH   ,7, M. DE MORAES  , VARM  ,0,1,-0.10, (1000$/hm3)    
13, USIH   ,8, ESTREITO      , VARM  ,0,1,-0.10, (1000$/hm3)    
13, USIH   ,12, P. COLOMBIA   , VARM  ,0,1,-0.10, (1000$/hm3)    
13, USIH   ,17, MARIMBONDO    , VARM  ,0,1,-0.10, (1000$/hm3)    
13, USIH   ,31, ITUMBIARA     , VARM  ,0,1,-0.10, (1000$/hm3)    
13, USIH   ,30, CORUMBA I     , VARM  ,0,1,-0.10, (1000$/hm3)    
13, USIH   ,251, SERRA MESA    , VARM  ,0,1,-0.10, (1000$/hm3)    
13, USIH   ,278, MANSO         , VARM  ,0,1,-0.10, (1000$/hm3)    
13, USIH   ,123, FUNIL         , VARM  ,0,1,-0.10, (1000$/hm3)    
13, USIH   ,129, SIMPLICIO     , VARM  ,0,1,-0.10, (1000$/hm3)    
13, USIH   ,20, BATALHA       , VARM  ,0,1,-0.10, (1000$/hm3)    
13, USIH   ,287, STO ANTONIO   , VARM  ,0,1,-0.10, (1000$/hm3)    
13, USIH   ,257, PEIXE ANGIC   , VARM  ,0,1,-0.10, (1000$/hm3)    
13, USIH   ,122, SANTA BRANCA  , VARM  ,0,1,-0.10, (1000$/hm3)    
13, USIH   ,124, LAJES         , VARM  ,0,1,-0.10, (1000$/hm3)    
13, USIH   ,130, ILHA POMBOS   , VARM  ,0,1,-0.10, (1000$/hm3)    
13, USIH   ,131, NILO PECANHA  , VARM  ,0,1,-0.10, (1000$/hm3)    
13, USIH   ,133, P. PASSOS     , VARM  ,0,1,-0.10, (1000$/hm3)    
13, USIH   ,125, STA CECILIA   , VARM  ,0,1,-0.10, (1000$/hm3)    
13, USIH   ,180, TOCOS         , VARM  ,0,1,-0.10, (1000$/hm3)    
13, USIH   ,181, SANTANA       , VARM  ,0,1,-0.10, (1000$/hm3)    
13, USIH   ,182, VIGARIO       , VARM  ,0,1,-0.10, (1000$/hm3)    
13, USIH   ,183, FONTES A      , VARM  ,0,1,-0.10, (1000$/hm3)    
13, USIH   ,184, FONTES BC     , VARM  ,0,1,-0.10, (1000$/hm3)    
13, USIH   ,107, EDGARD SOUZA  , VARM  ,0,1,-0.10, (1000$/hm3)    
13, USIH   ,108, TRAICAO       , VARM  ,0,1,-0.10, (1000$/hm3)    
13, USIH   ,109, PEDREIRA      , VARM  ,0,1,-0.10, (1000$/hm3)    
13, USIH   ,117, GUARAPIRANGA  , VARM  ,0,1,-0.10, (1000$/hm3)    
13, USIH   ,118, BILLINGS      , VARM  ,0,1,-0.10, (1000$/hm3)    
13, USIH   ,119, HENRY BORDEN  , VARM  ,0,1,-0.10, (1000$/hm3)    
13, USIH   ,32, CACH.DOURADA  , VARM  ,0,1,-0.10, (1000$/hm3)    
13, USIH   ,11, VOLTA GRANDE  , VARM  ,0,1,-0.10, (1000$/hm3)    
13, USIH   ,135, P. ESTRELA    , VARM  ,0,1,-0.10, (1000$/hm3)    
13, USIH   ,139, CANDONGA      , VARM  ,0,1,-0.10, (1000$/hm3)    
13, USIH   ,262, SALTO         , VARM  ,0,1,-0.10, (1000$/hm3)    
13, USIH   ,89, GARIBALDI     , VARM  ,0,1,-0.10, (1000$/hm3)    
13, USIH   ,144, MASCARENHAS   , VARM  ,0,1,-0.10, (1000$/hm3)    
13, USIH   ,66, ITAIPU        , VARM  ,0,1,-0.10, (1000$/hm3)    
13, USIH   ,110, ERNESTINA     , VARM  ,0,1,-0.10, (1000$/hm3)    
13, USIH   ,111, PASSO REAL    , VARM  ,0,1,-0.10, (1000$/hm3)    
13, USIH   ,112, JACUI         , VARM  ,0,1,-0.10, (1000$/hm3)    
13, USIH   ,113, ITAUBA        , VARM  ,0,1,-0.10, (1000$/hm3)    
13, USIH   ,114, D. FRANCISCA  , VARM  ,0,1,-0.10, (1000$/hm3)    
13, USIH   ,74, G.B. MUNHOZ   , VARM  ,0,1,-0.10, (1000$/hm3)    
13, USIH   ,76, SEGREDO       , VARM  ,0,1,-0.10, (1000$/hm3)    
13, USIH   ,82, SALTO CAXIAS  , VARM  ,0,1,-0.10, (1000$/hm3)    
13, USIH   ,115, G.P. SOUZA    , VARM  ,0,1,-0.10, (1000$/hm3)    
13, USIH   ,73, JORDAO        , VARM  ,0,1,-0.10, (1000$/hm3)    
13, USIH   ,71, STA CLARA PR  , VARM  ,0,1,-0.10, (1000$/hm3)    
13, USIH   ,72, FUNDAO        , VARM  ,0,1,-0.10, (1000$/hm3)    
13, USIH   ,57, MAUA          , VARM  ,0,1,-0.10, (1000$/hm3)    
13, USIH   ,77, SLT.SANTIAGO  , VARM  ,0,1,-0.10, (1000$/hm3)    
13, USIH   ,78, SALTO OSORIO  , VARM  ,0,1,-0.10, (1000$/hm3)    
13, USIH   ,93, PASSO FUNDO   , VARM  ,0,1,-0.10, (1000$/hm3)    
13, USIH   ,91, MACHADINHO    , VARM  ,0,1,-0.10, (1000$/hm3)    
13, USIH   ,92, ITA           , VARM  ,0,1,-0.10, (1000$/hm3)    
13, USIH   ,252, CANA BRAVA    , VARM  ,0,1,-0.10, (1000$/hm3)    
13, USIH   ,253, SAO SALVADOR  , VARM  ,0,1,-0.10, (1000$/hm3)    
13, USIH   ,267, ESTREITO TOC  , VARM  ,0,1,-0.10, (1000$/hm3)    
13, USIH   ,281, PONTE PEDRA   , VARM  ,0,1,-0.10, (1000$/hm3)    
13, USIH   ,9, JAGUARA       , VARM  ,0,1,-0.10, (1000$/hm3)    
13, USIH   ,26, MIRANDA       , VARM  ,0,1,-0.10, (1000$/hm3)    
13, USIH   ,86, BARRA GRANDE  , VARM  ,0,1,-0.10, (1000$/hm3)    
13, USIH   ,90, CAMPOS NOVOS  , VARM  ,0,1,-0.10, (1000$/hm3)    
13, USIH   ,97, CASTRO ALVES  , VARM  ,0,1,-0.10, (1000$/hm3)    
13, USIH   ,98, MONTE CLARO   , VARM  ,0,1,-0.10, (1000$/hm3)    
13, USIH   ,99, 14 DE JULHO   , VARM  ,0,1,-0.10, (1000$/hm3)    
13, USIH   ,103, FOZ CHAPECO   , VARM  ,0,1,-0.10, (1000$/hm3)    
13, USIH   ,169, SOBRADINHO    , VARM  ,0,1,-0.10, (1000$/hm3)    
13, USIH   ,172, ITAPARICA     , VARM  ,0,1,-0.10, (1000$/hm3)    
13, USIH   ,173, MOXOTO        , VARM  ,0,1,-0.10, (1000$/hm3)    
13, USIH   ,174, P.AFONSO 123  , VARM  ,0,1,-0.10, (1000$/hm3)    
13, USIH   ,175, P.AFONSO 4    , VARM  ,0,1,-0.10, (1000$/hm3)    
13, USIH   ,178, XINGO         , VARM  ,0,1,-0.10, (1000$/hm3)    
13, USIH   ,190, B. ESPERANCA  , VARM  ,0,1,-0.10, (1000$/hm3)    
13, USIH   ,189, P. CAVALO     , VARM  ,0,1,-0.10, (1000$/hm3)    
13, USIH   ,275, TUCURUI       , VARM  ,0,1,-0.10, (1000$/hm3)    
13, USIH   ,272, CURUA-UNA     , VARM  ,0,1,-0.10, (1000$/hm3)    
13, USIH   ,279, SAMUEL        , VARM  ,0,1,-0.10, (1000$/hm3)    
13, USIH   ,280, COARACY NUNE  , VARM  ,0,1,-0.10, (1000$/hm3)    
13, USIH   ,204, CACH.CALDEIR  , VARM  ,0,1,-0.10, (1000$/hm3)    
13, USIH   ,127, SOBRAGI       , VARM  ,0,1,-0.10, (1000$/hm3)    
13, USIH   ,126, PICADA        , VARM  ,0,1,-0.10, (1000$/hm3)    
13, USIH   ,283, STA CLARA MG  , VARM  ,0,1,-0.10, (1000$/hm3)    
13, USIH   ,261, LAJEADO       , VARM  ,0,1,-0.10, (1000$/hm3)    
13, USIH   ,48, PIRAJU        , VARM  ,0,1,-0.10, (1000$/hm3)    
13, USIH   ,249, OURINHOS      , VARM  ,0,1,-0.10, (1000$/hm3)    
13, USIH   ,241, SLT VERDINHO  , VARM  ,0,1,-0.10, (1000$/hm3)    
13, USIH   ,304, ITIQUIRA I    , VARM  ,0,1,-0.10, (1000$/hm3)    
13, USIH   ,305, ITIQUIRA II   , VARM  ,0,1,-0.10, (1000$/hm3)    
13, USIH   ,196, GUAPORE       , VARM  ,0,1,-0.10, (1000$/hm3)    
13, USIH   ,195, JAURU         , VARM  ,0,1,-0.10, (1000$/hm3)    
13, USIH   ,95, QUEBRA QUEIX  , VARM  ,0,1,-0.10, (1000$/hm3)    
13, USIH   ,203, CORUMBA III   , VARM  ,0,1,-0.10, (1000$/hm3)    
13, USIH   ,154, ITAPEBI       , VARM  ,0,1,-0.10, (1000$/hm3)    
13, USIH   ,310, DARDANELOS    , VARM  ,0,1,-0.10, (1000$/hm3)    
13, USIH   ,29, CORUMBA IV    , VARM  ,0,1,-0.10, (1000$/hm3)    
13, USIH   ,94, MONJOLINHO    , VARM  ,0,1,-0.10, (1000$/hm3)    
13, USIH   ,215, SALTO PILAO   , VARM  ,0,1,-0.10, (1000$/hm3)    
13, USIH   ,155, RETIRO BAIXO  , VARM  ,0,1,-0.10, (1000$/hm3)    
13, USIH   ,311, CACU          , VARM  ,0,1,-0.10, (1000$/hm3)    
13, USIH   ,312, B. COQUEIROS  , VARM  ,0,1,-0.10, (1000$/hm3)    
13, USIH   ,315, FOZ R. CLARO  , VARM  ,0,1,-0.10, (1000$/hm3)    
13, USIH   ,21, SERRA FACAO   , VARM  ,0,1,-0.10, (1000$/hm3)    
13, USIH   ,290, ESPORA        , VARM  ,0,1,-0.10, (1000$/hm3)    
13, USIH   ,101, SAO JOSE      , VARM  ,0,1,-0.10, (1000$/hm3)    
13, USIH   ,276, RONDON II     , VARM  ,0,1,-0.10, (1000$/hm3)    
13, USIH   ,102, PASSO S JOAO  , VARM  ,0,1,-0.10, (1000$/hm3)    
13, USIH   ,277, BALBINA       , VARM  ,0,1,-0.10, (1000$/hm3)    
13, USIH   ,285, JIRAU         , VARM  ,0,1,-0.10, (1000$/hm3)    
13, USIH   ,286, STO ANT JARI  , VARM  ,0,1,-0.10, (1000$/hm3)    
13, USIH   ,284, FERREIRA GOM  , VARM  ,0,1,-0.10, (1000$/hm3)    
13, USIH   ,229, TELES PIRES   , VARM  ,0,1,-0.10, (1000$/hm3)    
13, USIH   ,192, GUILMAN-AMOR  , VARM  ,0,1,-0.10, (1000$/hm3)    
13, USIH   ,230, SAO MANOEL    , VARM  ,0,1,-0.10, (1000$/hm3)    
13, USIH   ,288, BELO MONTE    , VARM  ,0,1,-0.10, (1000$/hm3)    
13, USIH   ,314, PIMENTAL      , VARM  ,0,1,-0.10, (1000$/hm3)    
14, RHS    ,0,      -        ,  RHS  ,0,0,0.1,  1000$         
14, USIH   ,1, CAMARGOS      , VARM  ,0,1,-0.10, (1000$/hm3)    
14, USIH   ,2, ITUTINGA      , VARM  ,0,1,-0.10, (1000$/hm3)    
14, USIH   ,4, FUNIL-GRANDE  , VARM  ,0,1,-0.10, (1000$/hm3)    
14, USIH   ,24, EMBORCACAO    , VARM  ,0,1,-0.10, (1000$/hm3)    
14, USIH   ,27, CAPIM BRANC1  , VARM  ,0,1,-0.10, (1000$/hm3)    
14, USIH   ,28, CAPIM BRANC2  , VARM  ,0,1,-0.10, (1000$/hm3)    
14, USIH   ,25, NOVA PONTE    , VARM  ,0,1,-0.10, (1000$/hm3)    
14, USIH   ,33, SAO SIMAO     , VARM  ,0,1,-0.10, (1000$/hm3)    
14, USIH   ,156, TRES MARIAS   , VARM  ,0,1,-0.10, (1000$/hm3)    
14, USIH   ,134, SALTO GRANDE  , VARM  ,0,1,-0.10, (1000$/hm3)    
14, USIH   ,10, IGARAPAVA     , VARM  ,0,1,-0.10, (1000$/hm3)    
14, USIH   ,143, AIMORES       , VARM  ,0,1,-0.10, (1000$/hm3)    
14, USIH   ,162, QUEIMADO      , VARM  ,0,1,-0.10, (1000$/hm3)    
14, USIH   ,148, IRAPE         , VARM  ,0,1,-0.10, (1000$/hm3)    
14, USIH   ,217, ROSAL         , VARM  ,0,1,-0.10, (1000$/hm3)    
14, USIH   ,193, SA CARVALHO   , VARM  ,0,1,-0.10, (1000$/hm3)    
14, USIH   ,141, BAGUARI       , VARM  ,0,1,-0.10, (1000$/hm3)    
14, USIH   ,14, CACONDE       , VARM  ,0,1,-0.10, (1000$/hm3)    
14, USIH   ,18, A. VERMELHA   , VARM  ,0,1,-0.10, (1000$/hm3)    
14, USIH   ,37, BARRA BONITA  , VARM  ,0,1,-0.10, (1000$/hm3)    
14, USIH   ,40, PROMISSAO     , VARM  ,0,1,-0.10, (1000$/hm3)    
14, USIH   ,42, NAVANHANDAVA  , VARM  ,0,1,-0.10, (1000$/hm3)    
14, USIH   ,15, E. DA CUNHA   , VARM  ,0,1,-0.10, (1000$/hm3)    
14, USIH   ,16, A.S.OLIVEIRA  , VARM  ,0,1,-0.10, (1000$/hm3)    
14, USIH   ,38, A.S. LIMA     , VARM  ,0,1,-0.10, (1000$/hm3)    
14, USIH   ,39, IBITINGA      , VARM  ,0,1,-0.10, (1000$/hm3)    
14, USIH   ,62, TAQUARUCU     , VARM  ,0,1,-0.10, (1000$/hm3)    
14, USIH   ,63, ROSANA        , VARM  ,0,1,-0.10, (1000$/hm3)    
14, USIH   ,52, CANOAS I      , VARM  ,0,1,-0.10, (1000$/hm3)    
14, USIH   ,51, CANOAS II     , VARM  ,0,1,-0.10, (1000$/hm3)    
14, USIH   ,47, A.A. LAYDNER  , VARM  ,0,1,-0.10, (1000$/hm3)    
14, USIH   ,49, CHAVANTES     , VARM  ,0,1,-0.10, (1000$/hm3)    
14, USIH   ,61, CAPIVARA      , VARM  ,0,1,-0.10, (1000$/hm3)    
14, USIH   ,50, L.N. GARCEZ   , VARM  ,0,1,-0.10, (1000$/hm3)    
14, USIH   ,45, JUPIA         , VARM  ,0,1,-0.10, (1000$/hm3)    
14, USIH   ,44, I. SOLT. EQV  , VARM  ,0,1,-0.10, (1000$/hm3)    
14, USIH   ,46, P. PRIMAVERA  , VARM  ,0,1,-0.10, (1000$/hm3)    
14, USIH   ,120, JAGUARI       , VARM  ,0,1,-0.10, (1000$/hm3)    
14, USIH   ,121, PARAIBUNA     , VARM  ,0,1,-0.10, (1000$/hm3)    
14, USIH   ,6, FURNAS        , VARM  ,0,1,-0.10, (1000$/hm3)    
14, USIH   ,7, M. DE MORAES  , VARM  ,0,1,-0.10, (1000$/hm3)    
14, USIH   ,8, ESTREITO      , VARM  ,0,1,-0.10, (1000$/hm3)    
14, USIH   ,12, P. COLOMBIA   , VARM  ,0,1,-0.10, (1000$/hm3)    
14, USIH   ,17, MARIMBONDO    , VARM  ,0,1,-0.10, (1000$/hm3)    
14, USIH   ,31, ITUMBIARA     , VARM  ,0,1,-0.10, (1000$/hm3)    
14, USIH   ,30, CORUMBA I     , VARM  ,0,1,-0.10, (1000$/hm3)    
14, USIH   ,251, SERRA MESA    , VARM  ,0,1,-0.10, (1000$/hm3)    
14, USIH   ,278, MANSO         , VARM  ,0,1,-0.10, (1000$/hm3)    
14, USIH   ,123, FUNIL         , VARM  ,0,1,-0.10, (1000$/hm3)    
14, USIH   ,129, SIMPLICIO     , VARM  ,0,1,-0.10, (1000$/hm3)    
14, USIH   ,20, BATALHA       , VARM  ,0,1,-0.10, (1000$/hm3)    
14, USIH   ,287, STO ANTONIO   , VARM  ,0,1,-0.10, (1000$/hm3)    
14, USIH   ,257, PEIXE ANGIC   , VARM  ,0,1,-0.10, (1000$/hm3)    
14, USIH   ,122, SANTA BRANCA  , VARM  ,0,1,-0.10, (1000$/hm3)    
14, USIH   ,124, LAJES         , VARM  ,0,1,-0.10, (1000$/hm3)    
14, USIH   ,130, ILHA POMBOS   , VARM  ,0,1,-0.10, (1000$/hm3)    
14, USIH   ,131, NILO PECANHA  , VARM  ,0,1,-0.10, (1000$/hm3)    
14, USIH   ,133, P. PASSOS     , VARM  ,0,1,-0.10, (1000$/hm3)    
14, USIH   ,125, STA CECILIA   , VARM  ,0,1,-0.10, (1000$/hm3)    
14, USIH   ,180, TOCOS         , VARM  ,0,1,-0.10, (1000$/hm3)    
14, USIH   ,181, SANTANA       , VARM  ,0,1,-0.10, (1000$/hm3)    
14, USIH   ,182, VIGARIO       , VARM  ,0,1,-0.10, (1000$/hm3)    
14, USIH   ,183, FONTES A      , VARM  ,0,1,-0.10, (1000$/hm3)    
14, USIH   ,184, FONTES BC     , VARM  ,0,1,-0.10, (1000$/hm3)    
14, USIH   ,107, EDGARD SOUZA  , VARM  ,0,1,-0.10, (1000$/hm3)    
14, USIH   ,108, TRAICAO       , VARM  ,0,1,-0.10, (1000$/hm3)    
14, USIH   ,109, PEDREIRA      , VARM  ,0,1,-0.10, (1000$/hm3)    
14, USIH   ,117, GUARAPIRANGA  , VARM  ,0,1,-0.10, (1000$/hm3)    
14, USIH   ,118, BILLINGS      , VARM  ,0,1,-0.10, (1000$/hm3)    
14, USIH   ,119, HENRY BORDEN  , VARM  ,0,1,-0.10, (1000$/hm3)    
14, USIH   ,32, CACH.DOURADA  , VARM  ,0,1,-0.10, (1000$/hm3)    
14, USIH   ,11, VOLTA GRANDE  , VARM  ,0,1,-0.10, (1000$/hm3)    
14, USIH   ,135, P. ESTRELA    , VARM  ,0,1,-0.10, (1000$/hm3)    
14, USIH   ,139, CANDONGA      , VARM  ,0,1,-0.10, (1000$/hm3)    
14, USIH   ,262, SALTO         , VARM  ,0,1,-0.10, (1000$/hm3)    
14, USIH   ,89, GARIBALDI     , VARM  ,0,1,-0.10, (1000$/hm3)    
14, USIH   ,144, MASCARENHAS   , VARM  ,0,1,-0.10, (1000$/hm3)    
14, USIH   ,66, ITAIPU        , VARM  ,0,1,-0.10, (1000$/hm3)    
14, USIH   ,110, ERNESTINA     , VARM  ,0,1,-0.10, (1000$/hm3)    
14, USIH   ,111, PASSO REAL    , VARM  ,0,1,-0.10, (1000$/hm3)    
14, USIH   ,112, JACUI         , VARM  ,0,1,-0.10, (1000$/hm3)    
14, USIH   ,113, ITAUBA        , VARM  ,0,1,-0.10, (1000$/hm3)    
14, USIH   ,114, D. FRANCISCA  , VARM  ,0,1,-0.10, (1000$/hm3)    
14, USIH   ,74, G.B. MUNHOZ   , VARM  ,0,1,-0.10, (1000$/hm3)    
14, USIH   ,76, SEGREDO       , VARM  ,0,1,-0.10, (1000$/hm3)    
14, USIH   ,82, SALTO CAXIAS  , VARM  ,0,1,-0.10, (1000$/hm3)    
14, USIH   ,115, G.P. SOUZA    , VARM  ,0,1,-0.10, (1000$/hm3)    
14, USIH   ,73, JORDAO        , VARM  ,0,1,-0.10, (1000$/hm3)    
14, USIH   ,71, STA CLARA PR  , VARM  ,0,1,-0.10, (1000$/hm3)    
14, USIH   ,72, FUNDAO        , VARM  ,0,1,-0.10, (1000$/hm3)    
14, USIH   ,57, MAUA          , VARM  ,0,1,-0.10, (1000$/hm3)    
14, USIH   ,77, SLT.SANTIAGO  , VARM  ,0,1,-0.10, (1000$/hm3)    
14, USIH   ,78, SALTO OSORIO  , VARM  ,0,1,-0.10, (1000$/hm3)    
14, USIH   ,93, PASSO FUNDO   , VARM  ,0,1,-0.10, (1000$/hm3)    
14, USIH   ,91, MACHADINHO    , VARM  ,0,1,-0.10, (1000$/hm3)    
14, USIH   ,92, ITA           , VARM  ,0,1,-0.10, (1000$/hm3)    
14, USIH   ,252, CANA BRAVA    , VARM  ,0,1,-0.10, (1000$/hm3)    
14, USIH   ,253, SAO SALVADOR  , VARM  ,0,1,-0.10, (1000$/hm3)    
14, USIH   ,267, ESTREITO TOC  , VARM  ,0,1,-0.10, (1000$/hm3)    
14, USIH   ,281, PONTE PEDRA   , VARM  ,0,1,-0.10, (1000$/hm3)    
14, USIH   ,9, JAGUARA       , VARM  ,0,1,-0.10, (1000$/hm3)    
14, USIH   ,26, MIRANDA       , VARM  ,0,1,-0.10, (1000$/hm3)    
14, USIH   ,86, BARRA GRANDE  , VARM  ,0,1,-0.10, (1000$/hm3)    
14, USIH   ,90, CAMPOS NOVOS  , VARM  ,0,1,-0.10, (1000$/hm3)    
14, USIH   ,97, CASTRO ALVES  , VARM  ,0,1,-0.10, (1000$/hm3)    
14, USIH   ,98, MONTE CLARO   , VARM  ,0,1,-0.10, (1000$/hm3)    
14, USIH   ,99, 14 DE JULHO   , VARM  ,0,1,-0.10, (1000$/hm3)    
14, USIH   ,103, FOZ CHAPECO   , VARM  ,0,1,-0.10, (1000$/hm3)    
14, USIH   ,169, SOBRADINHO    , VARM  ,0,1,-0.10, (1000$/hm3)    
14, USIH   ,172, ITAPARICA     , VARM  ,0,1,-0.10, (1000$/hm3)    
14, USIH   ,173, MOXOTO        , VARM  ,0,1,-0.10, (1000$/hm3)    
14, USIH   ,174, P.AFONSO 123  , VARM  ,0,1,-0.10, (1000$/hm3)    
14, USIH   ,175, P.AFONSO 4    , VARM  ,0,1,-0.10, (1000$/hm3)    
14, USIH   ,178, XINGO         , VARM  ,0,1,-0.10, (1000$/hm3)    
14, USIH   ,190, B. ESPERANCA  , VARM  ,0,1,-0.10, (1000$/hm3)    
14, USIH   ,189, P. CAVALO     , VARM  ,0,1,-0.10, (1000$/hm3)    
14, USIH   ,275, TUCURUI       , VARM  ,0,1,-0.10, (1000$/hm3)    
14, USIH   ,272, CURUA-UNA     , VARM  ,0,1,-0.10, (1000$/hm3)    
14, USIH   ,279, SAMUEL        , VARM  ,0,1,-0.10, (1000$/hm3)    
14, USIH   ,280, COARACY NUNE  , VARM  ,0,1,-0.10, (1000$/hm3)    
14, USIH   ,204, CACH.CALDEIR  , VARM  ,0,1,-0.10, (1000$/hm3)    
14, USIH   ,127, SOBRAGI       , VARM  ,0,1,-0.10, (1000$/hm3)    
14, USIH   ,126, PICADA        , VARM  ,0,1,-0.10, (1000$/hm3)    
14, USIH   ,283, STA CLARA MG  , VARM  ,0,1,-0.10, (1000$/hm3)    
14, USIH   ,261, LAJEADO       , VARM  ,0,1,-0.10, (1000$/hm3)    
14, USIH   ,48, PIRAJU        , VARM  ,0,1,-0.10, (1000$/hm3)    
14, USIH   ,249, OURINHOS      , VARM  ,0,1,-0.10, (1000$/hm3)    
14, USIH   ,241, SLT VERDINHO  , VARM  ,0,1,-0.10, (1000$/hm3)    
14, USIH   ,304, ITIQUIRA I    , VARM  ,0,1,-0.10, (1000$/hm3)    
14, USIH   ,305, ITIQUIRA II   , VARM  ,0,1,-0.10, (1000$/hm3)    
14, USIH   ,196, GUAPORE       , VARM  ,0,1,-0.10, (1000$/hm3)    
14, USIH   ,195, JAURU         , VARM  ,0,1,-0.10, (1000$/hm3)    
14, USIH   ,95, QUEBRA QUEIX  , VARM  ,0,1,-0.10, (1000$/hm3)    
14, USIH   ,203, CORUMBA III   , VARM  ,0,1,-0.10, (1000$/hm3)    
14, USIH   ,154, ITAPEBI       , VARM  ,0,1,-0.10, (1000$/hm3)    
14, USIH   ,310, DARDANELOS    , VARM  ,0,1,-0.10, (1000$/hm3)    
14, USIH   ,29, CORUMBA IV    , VARM  ,0,1,-0.10, (1000$/hm3)    
14, USIH   ,94, MONJOLINHO    , VARM  ,0,1,-0.10, (1000$/hm3)    
14, USIH   ,215, SALTO PILAO   , VARM  ,0,1,-0.10, (1000$/hm3)    
14, USIH   ,155, RETIRO BAIXO  , VARM  ,0,1,-0.10, (1000$/hm3)    
14, USIH   ,311, CACU          , VARM  ,0,1,-0.10, (1000$/hm3)    
14, USIH   ,312, B. COQUEIROS  , VARM  ,0,1,-0.10, (1000$/hm3)    
14, USIH   ,315, FOZ R. CLARO  , VARM  ,0,1,-0.10, (1000$/hm3)    
14, USIH   ,21, SERRA FACAO   , VARM  ,0,1,-0.10, (1000$/hm3)    
14, USIH   ,290, ESPORA        , VARM  ,0,1,-0.10, (1000$/hm3)    
14, USIH   ,101, SAO JOSE      , VARM  ,0,1,-0.10, (1000$/hm3)    
14, USIH   ,276, RONDON II     , VARM  ,0,1,-0.10, (1000$/hm3)    
14, USIH   ,102, PASSO S JOAO  , VARM  ,0,1,-0.10, (1000$/hm3)    
14, USIH   ,277, BALBINA       , VARM  ,0,1,-0.10, (1000$/hm3)    
14, USIH   ,285, JIRAU         , VARM  ,0,1,-0.10, (1000$/hm3)    
14, USIH   ,286, STO ANT JARI  , VARM  ,0,1,-0.10, (1000$/hm3)    
14, USIH   ,284, FERREIRA GOM  , VARM  ,0,1,-0.10, (1000$/hm3)    
14, USIH   ,229, TELES PIRES   , VARM  ,0,1,-0.10, (1000$/hm3)    
14, USIH   ,192, GUILMAN-AMOR  , VARM  ,0,1,-0.10, (1000$/hm3)    
14, USIH   ,230, SAO MANOEL    , VARM  ,0,1,-0.10, (1000$/hm3)    
14, USIH   ,288, BELO MONTE    , VARM  ,0,1,-0.10, (1000$/hm3)    
14, USIH   ,314, PIMENTAL      , VARM  ,0,1,-0.10, (1000$/hm3)    
15, RHS    ,0,      -        ,  RHS  ,0,0,0.1,  1000$         
15, USIH   ,1, CAMARGOS      , VARM  ,0,1,-0.10, (1000$/hm3)    
15, USIH   ,2, ITUTINGA      , VARM  ,0,1,-0.10, (1000$/hm3)    
15, USIH   ,4, FUNIL-GRANDE  , VARM  ,0,1,-0.10, (1000$/hm3)    
15, USIH   ,24, EMBORCACAO    , VARM  ,0,1,-0.10, (1000$/hm3)    
15, USIH   ,27, CAPIM BRANC1  , VARM  ,0,1,-0.10, (1000$/hm3)    
15, USIH   ,28, CAPIM BRANC2  , VARM  ,0,1,-0.10, (1000$/hm3)    
15, USIH   ,25, NOVA PONTE    , VARM  ,0,1,-0.10, (1000$/hm3)    
15, USIH   ,33, SAO SIMAO     , VARM  ,0,1,-0.10, (1000$/hm3)    
15, USIH   ,156, TRES MARIAS   , VARM  ,0,1,-0.10, (1000$/hm3)    
15, USIH   ,134, SALTO GRANDE  , VARM  ,0,1,-0.10, (1000$/hm3)    
15, USIH   ,10, IGARAPAVA     , VARM  ,0,1,-0.10, (1000$/hm3)    
15, USIH   ,143, AIMORES       , VARM  ,0,1,-0.10, (1000$/hm3)    
15, USIH   ,162, QUEIMADO      , VARM  ,0,1,-0.10, (1000$/hm3)    
15, USIH   ,148, IRAPE         , VARM  ,0,1,-0.10, (1000$/hm3)    
15, USIH   ,217, ROSAL         , VARM  ,0,1,-0.10, (1000$/hm3)    
15, USIH   ,193, SA CARVALHO   , VARM  ,0,1,-0.10, (1000$/hm3)    
15, USIH   ,141, BAGUARI       , VARM  ,0,1,-0.10, (1000$/hm3)    
15, USIH   ,14, CACONDE       , VARM  ,0,1,-0.10, (1000$/hm3)    
15, USIH   ,18, A. VERMELHA   , VARM  ,0,1,-0.10, (1000$/hm3)    
15, USIH   ,37, BARRA BONITA  , VARM  ,0,1,-0.10, (1000$/hm3)    
15, USIH   ,40, PROMISSAO     , VARM  ,0,1,-0.10, (1000$/hm3)    
15, USIH   ,42, NAVANHANDAVA  , VARM  ,0,1,-0.10, (1000$/hm3)    
15, USIH   ,15, E. DA CUNHA   , VARM  ,0,1,-0.10, (1000$/hm3)    
15, USIH   ,16, A.S.OLIVEIRA  , VARM  ,0,1,-0.10, (1000$/hm3)    
15, USIH   ,38, A.S. LIMA     , VARM  ,0,1,-0.10, (1000$/hm3)    
15, USIH   ,39, IBITINGA      , VARM  ,0,1,-0.10, (1000$/hm3)    
15, USIH   ,62, TAQUARUCU     , VARM  ,0,1,-0.10, (1000$/hm3)    
15, USIH   ,63, ROSANA        , VARM  ,0,1,-0.10, (1000$/hm3)    
15, USIH   ,52, CANOAS I      , VARM  ,0,1,-0.10, (1000$/hm3)    
15, USIH   ,51, CANOAS II     , VARM  ,0,1,-0.10, (1000$/hm3)    
15, USIH   ,47, A.A. LAYDNER  , VARM  ,0,1,-0.10, (1000$/hm3)    
15, USIH   ,49, CHAVANTES     , VARM  ,0,1,-0.10, (1000$/hm3)    
15, USIH   ,61, CAPIVARA      , VARM  ,0,1,-0.10, (1000$/hm3)    
15, USIH   ,50, L.N. GARCEZ   , VARM  ,0,1,-0.10, (1000$/hm3)    
15, USIH   ,45, JUPIA         , VARM  ,0,1,-0.10, (1000$/hm3)    
15, USIH   ,44, I. SOLT. EQV  , VARM  ,0,1,-0.10, (1000$/hm3)    
15, USIH   ,46, P. PRIMAVERA  , VARM  ,0,1,-0.10, (1000$/hm3)    
15, USIH   ,120, JAGUARI       , VARM  ,0,1,-0.10, (1000$/hm3)    
15, USIH   ,121, PARAIBUNA     , VARM  ,0,1,-0.10, (1000$/hm3)    
15, USIH   ,6, FURNAS        , VARM  ,0,1,-0.10, (1000$/hm3)    
15, USIH   ,7, M. DE MORAES  , VARM  ,0,1,-0.10, (1000$/hm3)    
15, USIH   ,8, ESTREITO      , VARM  ,0,1,-0.10, (1000$/hm3)    
15, USIH   ,12, P. COLOMBIA   , VARM  ,0,1,-0.10, (1000$/hm3)    
15, USIH   ,17, MARIMBONDO    , VARM  ,0,1,-0.10, (1000$/hm3)    
15, USIH   ,31, ITUMBIARA     , VARM  ,0,1,-0.10, (1000$/hm3)    
15, USIH   ,30, CORUMBA I     , VARM  ,0,1,-0.10, (1000$/hm3)    
15, USIH   ,251, SERRA MESA    , VARM  ,0,1,-0.10, (1000$/hm3)    
15, USIH   ,278, MANSO         , VARM  ,0,1,-0.10, (1000$/hm3)    
15, USIH   ,123, FUNIL         , VARM  ,0,1,-0.10, (1000$/hm3)    
15, USIH   ,129, SIMPLICIO     , VARM  ,0,1,-0.10, (1000$/hm3)    
15, USIH   ,20, BATALHA       , VARM  ,0,1,-0.10, (1000$/hm3)    
15, USIH   ,287, STO ANTONIO   , VARM  ,0,1,-0.10, (1000$/hm3)    
15, USIH   ,257, PEIXE ANGIC   , VARM  ,0,1,-0.10, (1000$/hm3)    
15, USIH   ,122, SANTA BRANCA  , VARM  ,0,1,-0.10, (1000$/hm3)    
15, USIH   ,124, LAJES         , VARM  ,0,1,-0.10, (1000$/hm3)    
15, USIH   ,130, ILHA POMBOS   , VARM  ,0,1,-0.10, (1000$/hm3)    
15, USIH   ,131, NILO PECANHA  , VARM  ,0,1,-0.10, (1000$/hm3)    
15, USIH   ,133, P. PASSOS     , VARM  ,0,1,-0.10, (1000$/hm3)    
15, USIH   ,125, STA CECILIA   , VARM  ,0,1,-0.10, (1000$/hm3)    
15, USIH   ,180, TOCOS         , VARM  ,0,1,-0.10, (1000$/hm3)    
15, USIH   ,181, SANTANA       , VARM  ,0,1,-0.10, (1000$/hm3)    
15, USIH   ,182, VIGARIO       , VARM  ,0,1,-0.10, (1000$/hm3)    
15, USIH   ,183, FONTES A      , VARM  ,0,1,-0.10, (1000$/hm3)    
15, USIH   ,184, FONTES BC     , VARM  ,0,1,-0.10, (1000$/hm3)    
15, USIH   ,107, EDGARD SOUZA  , VARM  ,0,1,-0.10, (1000$/hm3)    
15, USIH   ,108, TRAICAO       , VARM  ,0,1,-0.10, (1000$/hm3)    
15, USIH   ,109, PEDREIRA      , VARM  ,0,1,-0.10, (1000$/hm3)    
15, USIH   ,117, GUARAPIRANGA  , VARM  ,0,1,-0.10, (1000$/hm3)    
15, USIH   ,118, BILLINGS      , VARM  ,0,1,-0.10, (1000$/hm3)    
15, USIH   ,119, HENRY BORDEN  , VARM  ,0,1,-0.10, (1000$/hm3)    
15, USIH   ,32, CACH.DOURADA  , VARM  ,0,1,-0.10, (1000$/hm3)    
15, USIH   ,11, VOLTA GRANDE  , VARM  ,0,1,-0.10, (1000$/hm3)    
15, USIH   ,135, P. ESTRELA    , VARM  ,0,1,-0.10, (1000$/hm3)    
15, USIH   ,139, CANDONGA      , VARM  ,0,1,-0.10, (1000$/hm3)    
15, USIH   ,262, SALTO         , VARM  ,0,1,-0.10, (1000$/hm3)    
15, USIH   ,89, GARIBALDI     , VARM  ,0,1,-0.10, (1000$/hm3)    
15, USIH   ,144, MASCARENHAS   , VARM  ,0,1,-0.10, (1000$/hm3)    
15, USIH   ,66, ITAIPU        , VARM  ,0,1,-0.10, (1000$/hm3)    
15, USIH   ,110, ERNESTINA     , VARM  ,0,1,-0.10, (1000$/hm3)    
15, USIH   ,111, PASSO REAL    , VARM  ,0,1,-0.10, (1000$/hm3)    
15, USIH   ,112, JACUI         , VARM  ,0,1,-0.10, (1000$/hm3)    
15, USIH   ,113, ITAUBA        , VARM  ,0,1,-0.10, (1000$/hm3)    
15, USIH   ,114, D. FRANCISCA  , VARM  ,0,1,-0.10, (1000$/hm3)    
15, USIH   ,74, G.B. MUNHOZ   , VARM  ,0,1,-0.10, (1000$/hm3)    
15, USIH   ,76, SEGREDO       , VARM  ,0,1,-0.10, (1000$/hm3)    
15, USIH   ,82, SALTO CAXIAS  , VARM  ,0,1,-0.10, (1000$/hm3)    
15, USIH   ,115, G.P. SOUZA    , VARM  ,0,1,-0.10, (1000$/hm3)    
15, USIH   ,73, JORDAO        , VARM  ,0,1,-0.10, (1000$/hm3)    
15, USIH   ,71, STA CLARA PR  , VARM  ,0,1,-0.10, (1000$/hm3)    
15, USIH   ,72, FUNDAO        , VARM  ,0,1,-0.10, (1000$/hm3)    
15, USIH   ,57, MAUA          , VARM  ,0,1,-0.10, (1000$/hm3)    
15, USIH   ,77, SLT.SANTIAGO  , VARM  ,0,1,-0.10, (1000$/hm3)    
15, USIH   ,78, SALTO OSORIO  , VARM  ,0,1,-0.10, (1000$/hm3)    
15, USIH   ,93, PASSO FUNDO   , VARM  ,0,1,-0.10, (1000$/hm3)    
15, USIH   ,91, MACHADINHO    , VARM  ,0,1,-0.10, (1000$/hm3)    
15, USIH   ,92, ITA           , VARM  ,0,1,-0.10, (1000$/hm3)    
15, USIH   ,252, CANA BRAVA    , VARM  ,0,1,-0.10, (1000$/hm3)    
15, USIH   ,253, SAO SALVADOR  , VARM  ,0,1,-0.10, (1000$/hm3)    
15, USIH   ,267, ESTREITO TOC  , VARM  ,0,1,-0.10, (1000$/hm3)    
15, USIH   ,281, PONTE PEDRA   , VARM  ,0,1,-0.10, (1000$/hm3)    
15, USIH   ,9, JAGUARA       , VARM  ,0,1,-0.10, (1000$/hm3)    
15, USIH   ,26, MIRANDA       , VARM  ,0,1,-0.10, (1000$/hm3)    
15, USIH   ,86, BARRA GRANDE  , VARM  ,0,1,-0.10, (1000$/hm3)    
15, USIH   ,90, CAMPOS NOVOS  , VARM  ,0,1,-0.10, (1000$/hm3)    
15, USIH   ,97, CASTRO ALVES  , VARM  ,0,1,-0.10, (1000$/hm3)    
15, USIH   ,98, MONTE CLARO   , VARM  ,0,1,-0.10, (1000$/hm3)    
15, USIH   ,99, 14 DE JULHO   , VARM  ,0,1,-0.10, (1000$/hm3)    
15, USIH   ,103, FOZ CHAPECO   , VARM  ,0,1,-0.10, (1000$/hm3)    
15, USIH   ,169, SOBRADINHO    , VARM  ,0,1,-0.10, (1000$/hm3)    
15, USIH   ,172, ITAPARICA     , VARM  ,0,1,-0.10, (1000$/hm3)    
15, USIH   ,173, MOXOTO        , VARM  ,0,1,-0.10, (1000$/hm3)    
15, USIH   ,174, P.AFONSO 123  , VARM  ,0,1,-0.10, (1000$/hm3)    
15, USIH   ,175, P.AFONSO 4    , VARM  ,0,1,-0.10, (1000$/hm3)    
15, USIH   ,178, XINGO         , VARM  ,0,1,-0.10, (1000$/hm3)    
15, USIH   ,190, B. ESPERANCA  , VARM  ,0,1,-0.10, (1000$/hm3)    
15, USIH   ,189, P. CAVALO     , VARM  ,0,1,-0.10, (1000$/hm3)    
15, USIH   ,275, TUCURUI       , VARM  ,0,1,-0.10, (1000$/hm3)    
15, USIH   ,272, CURUA-UNA     , VARM  ,0,1,-0.10, (1000$/hm3)    
15, USIH   ,279, SAMUEL        , VARM  ,0,1,-0.10, (1000$/hm3)    
15, USIH   ,280, COARACY NUNE  , VARM  ,0,1,-0.10, (1000$/hm3)    
15, USIH   ,204, CACH.CALDEIR  , VARM  ,0,1,-0.10, (1000$/hm3)    
15, USIH   ,127, SOBRAGI       , VARM  ,0,1,-0.10, (1000$/hm3)    
15, USIH   ,126, PICADA        , VARM  ,0,1,-0.10, (1000$/hm3)    
15, USIH   ,283, STA CLARA MG  , VARM  ,0,1,-0.10, (1000$/hm3)    
15, USIH   ,261, LAJEADO       , VARM  ,0,1,-0.10, (1000$/hm3)    
15, USIH   ,48, PIRAJU        , VARM  ,0,1,-0.10, (1000$/hm3)    
15, USIH   ,249, OURINHOS      , VARM  ,0,1,-0.10, (1000$/hm3)    
15, USIH   ,241, SLT VERDINHO  , VARM  ,0,1,-0.10, (1000$/hm3)    
15, USIH   ,304, ITIQUIRA I    , VARM  ,0,1,-0.10, (1000$/hm3)    
15, USIH   ,305, ITIQUIRA II   , VARM  ,0,1,-0.10, (1000$/hm3)    
15, USIH   ,196, GUAPORE       , VARM  ,0,1,-0.10, (1000$/hm3)    
15, USIH   ,195, JAURU         , VARM  ,0,1,-0.10, (1000$/hm3)    
15, USIH   ,95, QUEBRA QUEIX  , VARM  ,0,1,-0.10, (1000$/hm3)    
15, USIH   ,203, CORUMBA III   , VARM  ,0,1,-0.10, (1000$/hm3)    
15, USIH   ,154, ITAPEBI       , VARM  ,0,1,-0.10, (1000$/hm3)    
15, USIH   ,310, DARDANELOS    , VARM  ,0,1,-0.10, (1000$/hm3)    
15, USIH   ,29, CORUMBA IV    , VARM  ,0,1,-0.10, (1000$/hm3)    
15, USIH   ,94, MONJOLINHO    , VARM  ,0,1,-0.10, (1000$/hm3)    
15, USIH   ,215, SALTO PILAO   , VARM  ,0,1,-0.10, (1000$/hm3)    
15, USIH   ,155, RETIRO BAIXO  , VARM  ,0,1,-0.10, (1000$/hm3)    
15, USIH   ,311, CACU          , VARM  ,0,1,-0.10, (1000$/hm3)    
15, USIH   ,312, B. COQUEIROS  , VARM  ,0,1,-0.10, (1000$/hm3)    
15, USIH   ,315, FOZ R. CLARO  , VARM  ,0,1,-0.10, (1000$/hm3)    
15, USIH   ,21, SERRA FACAO   , VARM  ,0,1,-0.10, (1000$/hm3)    
15, USIH   ,290, ESPORA        , VARM  ,0,1,-0.10, (1000$/hm3)    
15, USIH   ,101, SAO JOSE      , VARM  ,0,1,-0.10, (1000$/hm3)    
15, USIH   ,276, RONDON II     , VARM  ,0,1,-0.10, (1000$/hm3)    
15, USIH   ,102, PASSO S JOAO  , VARM  ,0,1,-0.10, (1000$/hm3)    
15, USIH   ,277, BALBINA       , VARM  ,0,1,-0.10, (1000$/hm3)    
15, USIH   ,285, JIRAU         , VARM  ,0,1,-0.10, (1000$/hm3)    
15, USIH   ,286, STO ANT JARI  , VARM  ,0,1,-0.10, (1000$/hm3)    
15, USIH   ,284, FERREIRA GOM  , VARM  ,0,1,-0.10, (1000$/hm3)    
15, USIH   ,229, TELES PIRES   , VARM  ,0,1,-0.10, (1000$/hm3)    
15, USIH   ,192, GUILMAN-AMOR  , VARM  ,0,1,-0.10, (1000$/hm3)    
15, USIH   ,230, SAO MANOEL    , VARM  ,0,1,-0.10, (1000$/hm3)    
15, USIH   ,288, BELO MONTE    , VARM  ,0,1,-0.10, (1000$/hm3)    
15, USIH   ,314, PIMENTAL      , VARM  ,0,1,-0.10, (1000$/hm3)    
16, RHS    ,0,      -        ,  RHS  ,0,0,0.1,  1000$         
16, USIH   ,1, CAMARGOS      , VARM  ,0,1,-0.10, (1000$/hm3)    
16, USIH   ,2, ITUTINGA      , VARM  ,0,1,-0.10, (1000$/hm3)    
16, USIH   ,4, FUNIL-GRANDE  , VARM  ,0,1,-0.10, (1000$/hm3)    
16, USIH   ,24, EMBORCACAO    , VARM  ,0,1,-0.10, (1000$/hm3)    
16, USIH   ,27, CAPIM BRANC1  , VARM  ,0,1,-0.10, (1000$/hm3)    
16, USIH   ,28, CAPIM BRANC2  , VARM  ,0,1,-0.10, (1000$/hm3)    
16, USIH   ,25, NOVA PONTE    , VARM  ,0,1,-0.10, (1000$/hm3)    
16, USIH   ,33, SAO SIMAO     , VARM  ,0,1,-0.10, (1000$/hm3)    
16, USIH   ,156, TRES MARIAS   , VARM  ,0,1,-0.10, (1000$/hm3)    
16, USIH   ,134, SALTO GRANDE  , VARM  ,0,1,-0.10, (1000$/hm3)    
16, USIH   ,10, IGARAPAVA     , VARM  ,0,1,-0.10, (1000$/hm3)    
16, USIH   ,143, AIMORES       , VARM  ,0,1,-0.10, (1000$/hm3)    
16, USIH   ,162, QUEIMADO      , VARM  ,0,1,-0.10, (1000$/hm3)    
16, USIH   ,148, IRAPE         , VARM  ,0,1,-0.10, (1000$/hm3)    
16, USIH   ,217, ROSAL         , VARM  ,0,1,-0.10, (1000$/hm3)    
16, USIH   ,193, SA CARVALHO   , VARM  ,0,1,-0.10, (1000$/hm3)    
16, USIH   ,141, BAGUARI       , VARM  ,0,1,-0.10, (1000$/hm3)    
16, USIH   ,14, CACONDE       , VARM  ,0,1,-0.10, (1000$/hm3)    
16, USIH   ,18, A. VERMELHA   , VARM  ,0,1,-0.10, (1000$/hm3)    
16, USIH   ,37, BARRA BONITA  , VARM  ,0,1,-0.10, (1000$/hm3)    
16, USIH   ,40, PROMISSAO     , VARM  ,0,1,-0.10, (1000$/hm3)    
16, USIH   ,42, NAVANHANDAVA  , VARM  ,0,1,-0.10, (1000$/hm3)    
16, USIH   ,15, E. DA CUNHA   , VARM  ,0,1,-0.10, (1000$/hm3)    
16, USIH   ,16, A.S.OLIVEIRA  , VARM  ,0,1,-0.10, (1000$/hm3)    
16, USIH   ,38, A.S. LIMA     , VARM  ,0,1,-0.10, (1000$/hm3)    
16, USIH   ,39, IBITINGA      , VARM  ,0,1,-0.10, (1000$/hm3)    
16, USIH   ,62, TAQUARUCU     , VARM  ,0,1,-0.10, (1000$/hm3)    
16, USIH   ,63, ROSANA        , VARM  ,0,1,-0.10, (1000$/hm3)    
16, USIH   ,52, CANOAS I      , VARM  ,0,1,-0.10, (1000$/hm3)    
16, USIH   ,51, CANOAS II     , VARM  ,0,1,-0.10, (1000$/hm3)    
16, USIH   ,47, A.A. LAYDNER  , VARM  ,0,1,-0.10, (1000$/hm3)    
16, USIH   ,49, CHAVANTES     , VARM  ,0,1,-0.10, (1000$/hm3)    
16, USIH   ,61, CAPIVARA      , VARM  ,0,1,-0.10, (1000$/hm3)    
16, USIH   ,50, L.N. GARCEZ   , VARM  ,0,1,-0.10, (1000$/hm3)    
16, USIH   ,45, JUPIA         , VARM  ,0,1,-0.10, (1000$/hm3)    
16, USIH   ,44, I. SOLT. EQV  , VARM  ,0,1,-0.10, (1000$/hm3)    
16, USIH   ,46, P. PRIMAVERA  , VARM  ,0,1,-0.10, (1000$/hm3)    
16, USIH   ,120, JAGUARI       , VARM  ,0,1,-0.10, (1000$/hm3)    
16, USIH   ,121, PARAIBUNA     , VARM  ,0,1,-0.10, (1000$/hm3)    
16, USIH   ,6, FURNAS        , VARM  ,0,1,-0.10, (1000$/hm3)    
16, USIH   ,7, M. DE MORAES  , VARM  ,0,1,-0.10, (1000$/hm3)    
16, USIH   ,8, ESTREITO      , VARM  ,0,1,-0.10, (1000$/hm3)    
16, USIH   ,12, P. COLOMBIA   , VARM  ,0,1,-0.10, (1000$/hm3)    
16, USIH   ,17, MARIMBONDO    , VARM  ,0,1,-0.10, (1000$/hm3)    
16, USIH   ,31, ITUMBIARA     , VARM  ,0,1,-0.10, (1000$/hm3)    
16, USIH   ,30, CORUMBA I     , VARM  ,0,1,-0.10, (1000$/hm3)    
16, USIH   ,251, SERRA MESA    , VARM  ,0,1,-0.10, (1000$/hm3)    
16, USIH   ,278, MANSO         , VARM  ,0,1,-0.10, (1000$/hm3)    
16, USIH   ,123, FUNIL         , VARM  ,0,1,-0.10, (1000$/hm3)    
16, USIH   ,129, SIMPLICIO     , VARM  ,0,1,-0.10, (1000$/hm3)    
16, USIH   ,20, BATALHA       , VARM  ,0,1,-0.10, (1000$/hm3)    
16, USIH   ,287, STO ANTONIO   , VARM  ,0,1,-0.10, (1000$/hm3)    
16, USIH   ,257, PEIXE ANGIC   , VARM  ,0,1,-0.10, (1000$/hm3)    
16, USIH   ,122, SANTA BRANCA  , VARM  ,0,1,-0.10, (1000$/hm3)    
16, USIH   ,124, LAJES         , VARM  ,0,1,-0.10, (1000$/hm3)    
16, USIH   ,130, ILHA POMBOS   , VARM  ,0,1,-0.10, (1000$/hm3)    
16, USIH   ,131, NILO PECANHA  , VARM  ,0,1,-0.10, (1000$/hm3)    
16, USIH   ,133, P. PASSOS     , VARM  ,0,1,-0.10, (1000$/hm3)    
16, USIH   ,125, STA CECILIA   , VARM  ,0,1,-0.10, (1000$/hm3)    
16, USIH   ,180, TOCOS         , VARM  ,0,1,-0.10, (1000$/hm3)    
16, USIH   ,181, SANTANA       , VARM  ,0,1,-0.10, (1000$/hm3)    
16, USIH   ,182, VIGARIO       , VARM  ,0,1,-0.10, (1000$/hm3)    
16, USIH   ,183, FONTES A      , VARM  ,0,1,-0.10, (1000$/hm3)    
16, USIH   ,184, FONTES BC     , VARM  ,0,1,-0.10, (1000$/hm3)    
16, USIH   ,107, EDGARD SOUZA  , VARM  ,0,1,-0.10, (1000$/hm3)    
16, USIH   ,108, TRAICAO       , VARM  ,0,1,-0.10, (1000$/hm3)    
16, USIH   ,109, PEDREIRA      , VARM  ,0,1,-0.10, (1000$/hm3)    
16, USIH   ,117, GUARAPIRANGA  , VARM  ,0,1,-0.10, (1000$/hm3)    
16, USIH   ,118, BILLINGS      , VARM  ,0,1,-0.10, (1000$/hm3)    
16, USIH   ,119, HENRY BORDEN  , VARM  ,0,1,-0.10, (1000$/hm3)    
16, USIH   ,32, CACH.DOURADA  , VARM  ,0,1,-0.10, (1000$/hm3)    
16, USIH   ,11, VOLTA GRANDE  , VARM  ,0,1,-0.10, (1000$/hm3)    
16, USIH   ,135, P. ESTRELA    , VARM  ,0,1,-0.10, (1000$/hm3)    
16, USIH   ,139, CANDONGA      , VARM  ,0,1,-0.10, (1000$/hm3)    
16, USIH   ,262, SALTO         , VARM  ,0,1,-0.10, (1000$/hm3)    
16, USIH   ,89, GARIBALDI     , VARM  ,0,1,-0.10, (1000$/hm3)    
16, USIH   ,144, MASCARENHAS   , VARM  ,0,1,-0.10, (1000$/hm3)    
16, USIH   ,66, ITAIPU        , VARM  ,0,1,-0.10, (1000$/hm3)    
16, USIH   ,110, ERNESTINA     , VARM  ,0,1,-0.10, (1000$/hm3)    
16, USIH   ,111, PASSO REAL    , VARM  ,0,1,-0.10, (1000$/hm3)    
16, USIH   ,112, JACUI         , VARM  ,0,1,-0.10, (1000$/hm3)    
16, USIH   ,113, ITAUBA        , VARM  ,0,1,-0.10, (1000$/hm3)    
16, USIH   ,114, D. FRANCISCA  , VARM  ,0,1,-0.10, (1000$/hm3)    
16, USIH   ,74, G.B. MUNHOZ   , VARM  ,0,1,-0.10, (1000$/hm3)    
16, USIH   ,76, SEGREDO       , VARM  ,0,1,-0.10, (1000$/hm3)    
16, USIH   ,82, SALTO CAXIAS  , VARM  ,0,1,-0.10, (1000$/hm3)    
16, USIH   ,115, G.P. SOUZA    , VARM  ,0,1,-0.10, (1000$/hm3)    
16, USIH   ,73, JORDAO        , VARM  ,0,1,-0.10, (1000$/hm3)    
16, USIH   ,71, STA CLARA PR  , VARM  ,0,1,-0.10, (1000$/hm3)    
16, USIH   ,72, FUNDAO        , VARM  ,0,1,-0.10, (1000$/hm3)    
16, USIH   ,57, MAUA          , VARM  ,0,1,-0.10, (1000$/hm3)    
16, USIH   ,77, SLT.SANTIAGO  , VARM  ,0,1,-0.10, (1000$/hm3)    
16, USIH   ,78, SALTO OSORIO  , VARM  ,0,1,-0.10, (1000$/hm3)    
16, USIH   ,93, PASSO FUNDO   , VARM  ,0,1,-0.10, (1000$/hm3)    
16, USIH   ,91, MACHADINHO    , VARM  ,0,1,-0.10, (1000$/hm3)    
16, USIH   ,92, ITA           , VARM  ,0,1,-0.10, (1000$/hm3)    
16, USIH   ,252, CANA BRAVA    , VARM  ,0,1,-0.10, (1000$/hm3)    
16, USIH   ,253, SAO SALVADOR  , VARM  ,0,1,-0.10, (1000$/hm3)    
16, USIH   ,267, ESTREITO TOC  , VARM  ,0,1,-0.10, (1000$/hm3)    
16, USIH   ,281, PONTE PEDRA   , VARM  ,0,1,-0.10, (1000$/hm3)    
16, USIH   ,9, JAGUARA       , VARM  ,0,1,-0.10, (1000$/hm3)    
16, USIH   ,26, MIRANDA       , VARM  ,0,1,-0.10, (1000$/hm3)    
16, USIH   ,86, BARRA GRANDE  , VARM  ,0,1,-0.10, (1000$/hm3)    
16, USIH   ,90, CAMPOS NOVOS  , VARM  ,0,1,-0.10, (1000$/hm3)    
16, USIH   ,97, CASTRO ALVES  , VARM  ,0,1,-0.10, (1000$/hm3)    
16, USIH   ,98, MONTE CLARO   , VARM  ,0,1,-0.10, (1000$/hm3)    
16, USIH   ,99, 14 DE JULHO   , VARM  ,0,1,-0.10, (1000$/hm3)    
16, USIH   ,103, FOZ CHAPECO   , VARM  ,0,1,-0.10, (1000$/hm3)    
16, USIH   ,169, SOBRADINHO    , VARM  ,0,1,-0.10, (1000$/hm3)    
16, USIH   ,172, ITAPARICA     , VARM  ,0,1,-0.10, (1000$/hm3)    
16, USIH   ,173, MOXOTO        , VARM  ,0,1,-0.10, (1000$/hm3)    
16, USIH   ,174, P.AFONSO 123  , VARM  ,0,1,-0.10, (1000$/hm3)    
16, USIH   ,175, P.AFONSO 4    , VARM  ,0,1,-0.10, (1000$/hm3)    
16, USIH   ,178, XINGO         , VARM  ,0,1,-0.10, (1000$/hm3)    
16, USIH   ,190, B. ESPERANCA  , VARM  ,0,1,-0.10, (1000$/hm3)    
16, USIH   ,189, P. CAVALO     , VARM  ,0,1,-0.10, (1000$/hm3)    
16, USIH   ,275, TUCURUI       , VARM  ,0,1,-0.10, (1000$/hm3)    
16, USIH   ,272, CURUA-UNA     , VARM  ,0,1,-0.10, (1000$/hm3)    
16, USIH   ,279, SAMUEL        , VARM  ,0,1,-0.10, (1000$/hm3)    
16, USIH   ,280, COARACY NUNE  , VARM  ,0,1,-0.10, (1000$/hm3)    
16, USIH   ,204, CACH.CALDEIR  , VARM  ,0,1,-0.10, (1000$/hm3)    
16, USIH   ,127, SOBRAGI       , VARM  ,0,1,-0.10, (1000$/hm3)    
16, USIH   ,126, PICADA        , VARM  ,0,1,-0.10, (1000$/hm3)    
16, USIH   ,283, STA CLARA MG  , VARM  ,0,1,-0.10, (1000$/hm3)    
16, USIH   ,261, LAJEADO       , VARM  ,0,1,-0.10, (1000$/hm3)    
16, USIH   ,48, PIRAJU        , VARM  ,0,1,-0.10, (1000$/hm3)    
16, USIH   ,249, OURINHOS      , VARM  ,0,1,-0.10, (1000$/hm3)    
16, USIH   ,241, SLT VERDINHO  , VARM  ,0,1,-0.10, (1000$/hm3)    
16, USIH   ,304, ITIQUIRA I    , VARM  ,0,1,-0.10, (1000$/hm3)    
16, USIH   ,305, ITIQUIRA II   , VARM  ,0,1,-0.10, (1000$/hm3)    
16, USIH   ,196, GUAPORE       , VARM  ,0,1,-0.10, (1000$/hm3)    
16, USIH   ,195, JAURU         , VARM  ,0,1,-0.10, (1000$/hm3)    
16, USIH   ,95, QUEBRA QUEIX  , VARM  ,0,1,-0.10, (1000$/hm3)    
16, USIH   ,203, CORUMBA III   , VARM  ,0,1,-0.10, (1000$/hm3)    
16, USIH   ,154, ITAPEBI       , VARM  ,0,1,-0.10, (1000$/hm3)    
16, USIH   ,310, DARDANELOS    , VARM  ,0,1,-0.10, (1000$/hm3)    
16, USIH   ,29, CORUMBA IV    , VARM  ,0,1,-0.10, (1000$/hm3)    
16, USIH   ,94, MONJOLINHO    , VARM  ,0,1,-0.10, (1000$/hm3)    
16, USIH   ,215, SALTO PILAO   , VARM  ,0,1,-0.10, (1000$/hm3)    
16, USIH   ,155, RETIRO BAIXO  , VARM  ,0,1,-0.10, (1000$/hm3)    
16, USIH   ,311, CACU          , VARM  ,0,1,-0.10, (1000$/hm3)    
16, USIH   ,312, B. COQUEIROS  , VARM  ,0,1,-0.10, (1000$/hm3)    
16, USIH   ,315, FOZ R. CLARO  , VARM  ,0,1,-0.10, (1000$/hm3)    
16, USIH   ,21, SERRA FACAO   , VARM  ,0,1,-0.10, (1000$/hm3)    
16, USIH   ,290, ESPORA        , VARM  ,0,1,-0.10, (1000$/hm3)    
16, USIH   ,101, SAO JOSE      , VARM  ,0,1,-0.10, (1000$/hm3)    
16, USIH   ,276, RONDON II     , VARM  ,0,1,-0.10, (1000$/hm3)    
16, USIH   ,102, PASSO S JOAO  , VARM  ,0,1,-0.10, (1000$/hm3)    
16, USIH   ,277, BALBINA       , VARM  ,0,1,-0.10, (1000$/hm3)    
16, USIH   ,285, JIRAU         , VARM  ,0,1,-0.10, (1000$/hm3)    
16, USIH   ,286, STO ANT JARI  , VARM  ,0,1,-0.10, (1000$/hm3)    
16, USIH   ,284, FERREIRA GOM  , VARM  ,0,1,-0.10, (1000$/hm3)    
16, USIH   ,229, TELES PIRES   , VARM  ,0,1,-0.10, (1000$/hm3)    
16, USIH   ,192, GUILMAN-AMOR  , VARM  ,0,1,-0.10, (1000$/hm3)    
16, USIH   ,230, SAO MANOEL    , VARM  ,0,1,-0.10, (1000$/hm3)    
16, USIH   ,288, BELO MONTE    , VARM  ,0,1,-0.10, (1000$/hm3)    
16, USIH   ,314, PIMENTAL      , VARM  ,0,1,-0.10, (1000$/hm3)    
17, RHS    ,0,      -        ,  RHS  ,0,0,0.1,  1000$         
17, USIH   ,1, CAMARGOS      , VARM  ,0,1,-0.10, (1000$/hm3)    
17, USIH   ,2, ITUTINGA      , VARM  ,0,1,-0.10, (1000$/hm3)    
17, USIH   ,4, FUNIL-GRANDE  , VARM  ,0,1,-0.10, (1000$/hm3)    
17, USIH   ,24, EMBORCACAO    , VARM  ,0,1,-0.10, (1000$/hm3)    
17, USIH   ,27, CAPIM BRANC1  , VARM  ,0,1,-0.10, (1000$/hm3)    
17, USIH   ,28, CAPIM BRANC2  , VARM  ,0,1,-0.10, (1000$/hm3)    
17, USIH   ,25, NOVA PONTE    , VARM  ,0,1,-0.10, (1000$/hm3)    
17, USIH   ,33, SAO SIMAO     , VARM  ,0,1,-0.10, (1000$/hm3)    
17, USIH   ,156, TRES MARIAS   , VARM  ,0,1,-0.10, (1000$/hm3)    
17, USIH   ,134, SALTO GRANDE  , VARM  ,0,1,-0.10, (1000$/hm3)    
17, USIH   ,10, IGARAPAVA     , VARM  ,0,1,-0.10, (1000$/hm3)    
17, USIH   ,143, AIMORES       , VARM  ,0,1,-0.10, (1000$/hm3)    
17, USIH   ,162, QUEIMADO      , VARM  ,0,1,-0.10, (1000$/hm3)    
17, USIH   ,148, IRAPE         , VARM  ,0,1,-0.10, (1000$/hm3)    
17, USIH   ,217, ROSAL         , VARM  ,0,1,-0.10, (1000$/hm3)    
17, USIH   ,193, SA CARVALHO   , VARM  ,0,1,-0.10, (1000$/hm3)    
17, USIH   ,141, BAGUARI       , VARM  ,0,1,-0.10, (1000$/hm3)    
17, USIH   ,14, CACONDE       , VARM  ,0,1,-0.10, (1000$/hm3)    
17, USIH   ,18, A. VERMELHA   , VARM  ,0,1,-0.10, (1000$/hm3)    
17, USIH   ,37, BARRA BONITA  , VARM  ,0,1,-0.10, (1000$/hm3)    
17, USIH   ,40, PROMISSAO     , VARM  ,0,1,-0.10, (1000$/hm3)    
17, USIH   ,42, NAVANHANDAVA  , VARM  ,0,1,-0.10, (1000$/hm3)    
17, USIH   ,15, E. DA CUNHA   , VARM  ,0,1,-0.10, (1000$/hm3)    
17, USIH   ,16, A.S.OLIVEIRA  , VARM  ,0,1,-0.10, (1000$/hm3)    
17, USIH   ,38, A.S. LIMA     , VARM  ,0,1,-0.10, (1000$/hm3)    
17, USIH   ,39, IBITINGA      , VARM  ,0,1,-0.10, (1000$/hm3)    
17, USIH   ,62, TAQUARUCU     , VARM  ,0,1,-0.10, (1000$/hm3)    
17, USIH   ,63, ROSANA        , VARM  ,0,1,-0.10, (1000$/hm3)    
17, USIH   ,52, CANOAS I      , VARM  ,0,1,-0.10, (1000$/hm3)    
17, USIH   ,51, CANOAS II     , VARM  ,0,1,-0.10, (1000$/hm3)    
17, USIH   ,47, A.A. LAYDNER  , VARM  ,0,1,-0.10, (1000$/hm3)    
17, USIH   ,49, CHAVANTES     , VARM  ,0,1,-0.10, (1000$/hm3)    
17, USIH   ,61, CAPIVARA      , VARM  ,0,1,-0.10, (1000$/hm3)    
17, USIH   ,50, L.N. GARCEZ   , VARM  ,0,1,-0.10, (1000$/hm3)    
17, USIH   ,45, JUPIA         , VARM  ,0,1,-0.10, (1000$/hm3)    
17, USIH   ,44, I. SOLT. EQV  , VARM  ,0,1,-0.10, (1000$/hm3)    
17, USIH   ,46, P. PRIMAVERA  , VARM  ,0,1,-0.10, (1000$/hm3)    
17, USIH   ,120, JAGUARI       , VARM  ,0,1,-0.10, (1000$/hm3)    
17, USIH   ,121, PARAIBUNA     , VARM  ,0,1,-0.10, (1000$/hm3)    
17, USIH   ,6, FURNAS        , VARM  ,0,1,-0.10, (1000$/hm3)    
17, USIH   ,7, M. DE MORAES  , VARM  ,0,1,-0.10, (1000$/hm3)    
17, USIH   ,8, ESTREITO      , VARM  ,0,1,-0.10, (1000$/hm3)    
17, USIH   ,12, P. COLOMBIA   , VARM  ,0,1,-0.10, (1000$/hm3)    
17, USIH   ,17, MARIMBONDO    , VARM  ,0,1,-0.10, (1000$/hm3)    
17, USIH   ,31, ITUMBIARA     , VARM  ,0,1,-0.10, (1000$/hm3)    
17, USIH   ,30, CORUMBA I     , VARM  ,0,1,-0.10, (1000$/hm3)    
17, USIH   ,251, SERRA MESA    , VARM  ,0,1,-0.10, (1000$/hm3)    
17, USIH   ,278, MANSO         , VARM  ,0,1,-0.10, (1000$/hm3)    
17, USIH   ,123, FUNIL         , VARM  ,0,1,-0.10, (1000$/hm3)    
17, USIH   ,129, SIMPLICIO     , VARM  ,0,1,-0.10, (1000$/hm3)    
17, USIH   ,20, BATALHA       , VARM  ,0,1,-0.10, (1000$/hm3)    
17, USIH   ,287, STO ANTONIO   , VARM  ,0,1,-0.10, (1000$/hm3)    
17, USIH   ,257, PEIXE ANGIC   , VARM  ,0,1,-0.10, (1000$/hm3)    
17, USIH   ,122, SANTA BRANCA  , VARM  ,0,1,-0.10, (1000$/hm3)    
17, USIH   ,124, LAJES         , VARM  ,0,1,-0.10, (1000$/hm3)    
17, USIH   ,130, ILHA POMBOS   , VARM  ,0,1,-0.10, (1000$/hm3)    
17, USIH   ,131, NILO PECANHA  , VARM  ,0,1,-0.10, (1000$/hm3)    
17, USIH   ,133, P. PASSOS     , VARM  ,0,1,-0.10, (1000$/hm3)    
17, USIH   ,125, STA CECILIA   , VARM  ,0,1,-0.10, (1000$/hm3)    
17, USIH   ,180, TOCOS         , VARM  ,0,1,-0.10, (1000$/hm3)    
17, USIH   ,181, SANTANA       , VARM  ,0,1,-0.10, (1000$/hm3)    
17, USIH   ,182, VIGARIO       , VARM  ,0,1,-0.10, (1000$/hm3)    
17, USIH   ,183, FONTES A      , VARM  ,0,1,-0.10, (1000$/hm3)    
17, USIH   ,184, FONTES BC     , VARM  ,0,1,-0.10, (1000$/hm3)    
17, USIH   ,107, EDGARD SOUZA  , VARM  ,0,1,-0.10, (1000$/hm3)    
17, USIH   ,108, TRAICAO       , VARM  ,0,1,-0.10, (1000$/hm3)    
17, USIH   ,109, PEDREIRA      , VARM  ,0,1,-0.10, (1000$/hm3)    
17, USIH   ,117, GUARAPIRANGA  , VARM  ,0,1,-0.10, (1000$/hm3)    
17, USIH   ,118, BILLINGS      , VARM  ,0,1,-0.10, (1000$/hm3)    
17, USIH   ,119, HENRY BORDEN  , VARM  ,0,1,-0.10, (1000$/hm3)    
17, USIH   ,32, CACH.DOURADA  , VARM  ,0,1,-0.10, (1000$/hm3)    
17, USIH   ,11, VOLTA GRANDE  , VARM  ,0,1,-0.10, (1000$/hm3)    
17, USIH   ,135, P. ESTRELA    , VARM  ,0,1,-0.10, (1000$/hm3)    
17, USIH   ,139, CANDONGA      , VARM  ,0,1,-0.10, (1000$/hm3)    
17, USIH   ,262, SALTO         , VARM  ,0,1,-0.10, (1000$/hm3)    
17, USIH   ,89, GARIBALDI     , VARM  ,0,1,-0.10, (1000$/hm3)    
17, USIH   ,144, MASCARENHAS   , VARM  ,0,1,-0.10, (1000$/hm3)    
17, USIH   ,66, ITAIPU        , VARM  ,0,1,-0.10, (1000$/hm3)    
17, USIH   ,110, ERNESTINA     , VARM  ,0,1,-0.10, (1000$/hm3)    
17, USIH   ,111, PASSO REAL    , VARM  ,0,1,-0.10, (1000$/hm3)    
17, USIH   ,112, JACUI         , VARM  ,0,1,-0.10, (1000$/hm3)    
17, USIH   ,113, ITAUBA        , VARM  ,0,1,-0.10, (1000$/hm3)    
17, USIH   ,114, D. FRANCISCA  , VARM  ,0,1,-0.10, (1000$/hm3)    
17, USIH   ,74, G.B. MUNHOZ   , VARM  ,0,1,-0.10, (1000$/hm3)    
17, USIH   ,76, SEGREDO       , VARM  ,0,1,-0.10, (1000$/hm3)    
17, USIH   ,82, SALTO CAXIAS  , VARM  ,0,1,-0.10, (1000$/hm3)    
17, USIH   ,115, G.P. SOUZA    , VARM  ,0,1,-0.10, (1000$/hm3)    
17, USIH   ,73, JORDAO        , VARM  ,0,1,-0.10, (1000$/hm3)    
17, USIH   ,71, STA CLARA PR  , VARM  ,0,1,-0.10, (1000$/hm3)    
17, USIH   ,72, FUNDAO        , VARM  ,0,1,-0.10, (1000$/hm3)    
17, USIH   ,57, MAUA          , VARM  ,0,1,-0.10, (1000$/hm3)    
17, USIH   ,77, SLT.SANTIAGO  , VARM  ,0,1,-0.10, (1000$/hm3)    
17, USIH   ,78, SALTO OSORIO  , VARM  ,0,1,-0.10, (1000$/hm3)    
17, USIH   ,93, PASSO FUNDO   , VARM  ,0,1,-0.10, (1000$/hm3)    
17, USIH   ,91, MACHADINHO    , VARM  ,0,1,-0.10, (1000$/hm3)    
17, USIH   ,92, ITA           , VARM  ,0,1,-0.10, (1000$/hm3)    
17, USIH   ,252, CANA BRAVA    , VARM  ,0,1,-0.10, (1000$/hm3)    
17, USIH   ,253, SAO SALVADOR  , VARM  ,0,1,-0.10, (1000$/hm3)    
17, USIH   ,267, ESTREITO TOC  , VARM  ,0,1,-0.10, (1000$/hm3)    
17, USIH   ,281, PONTE PEDRA   , VARM  ,0,1,-0.10, (1000$/hm3)    
17, USIH   ,9, JAGUARA       , VARM  ,0,1,-0.10, (1000$/hm3)    
17, USIH   ,26, MIRANDA       , VARM  ,0,1,-0.10, (1000$/hm3)    
17, USIH   ,86, BARRA GRANDE  , VARM  ,0,1,-0.10, (1000$/hm3)    
17, USIH   ,90, CAMPOS NOVOS  , VARM  ,0,1,-0.10, (1000$/hm3)    
17, USIH   ,97, CASTRO ALVES  , VARM  ,0,1,-0.10, (1000$/hm3)    
17, USIH   ,98, MONTE CLARO   , VARM  ,0,1,-0.10, (1000$/hm3)    
17, USIH   ,99, 14 DE JULHO   , VARM  ,0,1,-0.10, (1000$/hm3)    
17, USIH   ,103, FOZ CHAPECO   , VARM  ,0,1,-0.10, (1000$/hm3)    
17, USIH   ,169, SOBRADINHO    , VARM  ,0,1,-0.10, (1000$/hm3)    
17, USIH   ,172, ITAPARICA     , VARM  ,0,1,-0.10, (1000$/hm3)    
17, USIH   ,173, MOXOTO        , VARM  ,0,1,-0.10, (1000$/hm3)    
17, USIH   ,174, P.AFONSO 123  , VARM  ,0,1,-0.10, (1000$/hm3)    
17, USIH   ,175, P.AFONSO 4    , VARM  ,0,1,-0.10, (1000$/hm3)    
17, USIH   ,178, XINGO         , VARM  ,0,1,-0.10, (1000$/hm3)    
17, USIH   ,190, B. ESPERANCA  , VARM  ,0,1,-0.10, (1000$/hm3)    
17, USIH   ,189, P. CAVALO     , VARM  ,0,1,-0.10, (1000$/hm3)    
17, USIH   ,275, TUCURUI       , VARM  ,0,1,-0.10, (1000$/hm3)    
17, USIH   ,272, CURUA-UNA     , VARM  ,0,1,-0.10, (1000$/hm3)    
17, USIH   ,279, SAMUEL        , VARM  ,0,1,-0.10, (1000$/hm3)    
17, USIH   ,280, COARACY NUNE  , VARM  ,0,1,-0.10, (1000$/hm3)    
17, USIH   ,204, CACH.CALDEIR  , VARM  ,0,1,-0.10, (1000$/hm3)    
17, USIH   ,127, SOBRAGI       , VARM  ,0,1,-0.10, (1000$/hm3)    
17, USIH   ,126, PICADA        , VARM  ,0,1,-0.10, (1000$/hm3)    
17, USIH   ,283, STA CLARA MG  , VARM  ,0,1,-0.10, (1000$/hm3)    
17, USIH   ,261, LAJEADO       , VARM  ,0,1,-0.10, (1000$/hm3)    
17, USIH   ,48, PIRAJU        , VARM  ,0,1,-0.10, (1000$/hm3)    
17, USIH   ,249, OURINHOS      , VARM  ,0,1,-0.10, (1000$/hm3)    
17, USIH   ,241, SLT VERDINHO  , VARM  ,0,1,-0.10, (1000$/hm3)    
17, USIH   ,304, ITIQUIRA I    , VARM  ,0,1,-0.10, (1000$/hm3)    
17, USIH   ,305, ITIQUIRA II   , VARM  ,0,1,-0.10, (1000$/hm3)    
17, USIH   ,196, GUAPORE       , VARM  ,0,1,-0.10, (1000$/hm3)    
17, USIH   ,195, JAURU         , VARM  ,0,1,-0.10, (1000$/hm3)    
17, USIH   ,95, QUEBRA QUEIX  , VARM  ,0,1,-0.10, (1000$/hm3)    
17, USIH   ,203, CORUMBA III   , VARM  ,0,1,-0.10, (1000$/hm3)    
17, USIH   ,154, ITAPEBI       , VARM  ,0,1,-0.10, (1000$/hm3)    
17, USIH   ,310, DARDANELOS    , VARM  ,0,1,-0.10, (1000$/hm3)    
17, USIH   ,29, CORUMBA IV    , VARM  ,0,1,-0.10, (1000$/hm3)    
17, USIH   ,94, MONJOLINHO    , VARM  ,0,1,-0.10, (1000$/hm3)    
17, USIH   ,215, SALTO PILAO   , VARM  ,0,1,-0.10, (1000$/hm3)    
17, USIH   ,155, RETIRO BAIXO  , VARM  ,0,1,-0.10, (1000$/hm3)    
17, USIH   ,311, CACU          , VARM  ,0,1,-0.10, (1000$/hm3)    
17, USIH   ,312, B. COQUEIROS  , VARM  ,0,1,-0.10, (1000$/hm3)    
17, USIH   ,315, FOZ R. CLARO  , VARM  ,0,1,-0.10, (1000$/hm3)    
17, USIH   ,21, SERRA FACAO   , VARM  ,0,1,-0.10, (1000$/hm3)    
17, USIH   ,290, ESPORA        , VARM  ,0,1,-0.10, (1000$/hm3)    
17, USIH   ,101, SAO JOSE      , VARM  ,0,1,-0.10, (1000$/hm3)    
17, USIH   ,276, RONDON II     , VARM  ,0,1,-0.10, (1000$/hm3)    
17, USIH   ,102, PASSO S JOAO  , VARM  ,0,1,-0.10, (1000$/hm3)    
17, USIH   ,277, BALBINA       , VARM  ,0,1,-0.10, (1000$/hm3)    
17, USIH   ,285, JIRAU         , VARM  ,0,1,-0.10, (1000$/hm3)    
17, USIH   ,286, STO ANT JARI  , VARM  ,0,1,-0.10, (1000$/hm3)    
17, USIH   ,284, FERREIRA GOM  , VARM  ,0,1,-0.10, (1000$/hm3)    
17, USIH   ,229, TELES PIRES   , VARM  ,0,1,-0.10, (1000$/hm3)    
17, USIH   ,192, GUILMAN-AMOR  , VARM  ,0,1,-0.10, (1000$/hm3)    
17, USIH   ,230, SAO MANOEL    , VARM  ,0,1,-0.10, (1000$/hm3)    
17, USIH   ,288, BELO MONTE    , VARM  ,0,1,-0.10, (1000$/hm3)    
17, USIH   ,314, PIMENTAL      , VARM  ,0,1,-0.10, (1000$/hm3)    
18, RHS    ,0,      -        ,  RHS  ,0,0,0.1,  1000$         
18, USIH   ,1, CAMARGOS      , VARM  ,0,1,-0.10, (1000$/hm3)    
18, USIH   ,2, ITUTINGA      , VARM  ,0,1,-0.10, (1000$/hm3)    
18, USIH   ,4, FUNIL-GRANDE  , VARM  ,0,1,-0.10, (1000$/hm3)    
18, USIH   ,24, EMBORCACAO    , VARM  ,0,1,-0.10, (1000$/hm3)    
18, USIH   ,27, CAPIM BRANC1  , VARM  ,0,1,-0.10, (1000$/hm3)    
18, USIH   ,28, CAPIM BRANC2  , VARM  ,0,1,-0.10, (1000$/hm3)    
18, USIH   ,25, NOVA PONTE    , VARM  ,0,1,-0.10, (1000$/hm3)    
18, USIH   ,33, SAO SIMAO     , VARM  ,0,1,-0.10, (1000$/hm3)    
18, USIH   ,156, TRES MARIAS   , VARM  ,0,1,-0.10, (1000$/hm3)    
18, USIH   ,134, SALTO GRANDE  , VARM  ,0,1,-0.10, (1000$/hm3)    
18, USIH   ,10, IGARAPAVA     , VARM  ,0,1,-0.10, (1000$/hm3)    
18, USIH   ,143, AIMORES       , VARM  ,0,1,-0.10, (1000$/hm3)    
18, USIH   ,162, QUEIMADO      , VARM  ,0,1,-0.10, (1000$/hm3)    
18, USIH   ,148, IRAPE         , VARM  ,0,1,-0.10, (1000$/hm3)    
18, USIH   ,217, ROSAL         , VARM  ,0,1,-0.10, (1000$/hm3)    
18, USIH   ,193, SA CARVALHO   , VARM  ,0,1,-0.10, (1000$/hm3)    
18, USIH   ,141, BAGUARI       , VARM  ,0,1,-0.10, (1000$/hm3)    
18, USIH   ,14, CACONDE       , VARM  ,0,1,-0.10, (1000$/hm3)    
18, USIH   ,18, A. VERMELHA   , VARM  ,0,1,-0.10, (1000$/hm3)    
18, USIH   ,37, BARRA BONITA  , VARM  ,0,1,-0.10, (1000$/hm3)    
18, USIH   ,40, PROMISSAO     , VARM  ,0,1,-0.10, (1000$/hm3)    
18, USIH   ,42, NAVANHANDAVA  , VARM  ,0,1,-0.10, (1000$/hm3)    
18, USIH   ,15, E. DA CUNHA   , VARM  ,0,1,-0.10, (1000$/hm3)    
18, USIH   ,16, A.S.OLIVEIRA  , VARM  ,0,1,-0.10, (1000$/hm3)    
18, USIH   ,38, A.S. LIMA     , VARM  ,0,1,-0.10, (1000$/hm3)    
18, USIH   ,39, IBITINGA      , VARM  ,0,1,-0.10, (1000$/hm3)    
18, USIH   ,62, TAQUARUCU     , VARM  ,0,1,-0.10, (1000$/hm3)    
18, USIH   ,63, ROSANA        , VARM  ,0,1,-0.10, (1000$/hm3)    
18, USIH   ,52, CANOAS I      , VARM  ,0,1,-0.10, (1000$/hm3)    
18, USIH   ,51, CANOAS II     , VARM  ,0,1,-0.10, (1000$/hm3)    
18, USIH   ,47, A.A. LAYDNER  , VARM  ,0,1,-0.10, (1000$/hm3)    
18, USIH   ,49, CHAVANTES     , VARM  ,0,1,-0.10, (1000$/hm3)    
18, USIH   ,61, CAPIVARA      , VARM  ,0,1,-0.10, (1000$/hm3)    
18, USIH   ,50, L.N. GARCEZ   , VARM  ,0,1,-0.10, (1000$/hm3)    
18, USIH   ,45, JUPIA         , VARM  ,0,1,-0.10, (1000$/hm3)    
18, USIH   ,44, I. SOLT. EQV  , VARM  ,0,1,-0.10, (1000$/hm3)    
18, USIH   ,46, P. PRIMAVERA  , VARM  ,0,1,-0.10, (1000$/hm3)    
18, USIH   ,120, JAGUARI       , VARM  ,0,1,-0.10, (1000$/hm3)    
18, USIH   ,121, PARAIBUNA     , VARM  ,0,1,-0.10, (1000$/hm3)    
18, USIH   ,6, FURNAS        , VARM  ,0,1,-0.10, (1000$/hm3)    
18, USIH   ,7, M. DE MORAES  , VARM  ,0,1,-0.10, (1000$/hm3)    
18, USIH   ,8, ESTREITO      , VARM  ,0,1,-0.10, (1000$/hm3)    
18, USIH   ,12, P. COLOMBIA   , VARM  ,0,1,-0.10, (1000$/hm3)    
18, USIH   ,17, MARIMBONDO    , VARM  ,0,1,-0.10, (1000$/hm3)    
18, USIH   ,31, ITUMBIARA     , VARM  ,0,1,-0.10, (1000$/hm3)    
18, USIH   ,30, CORUMBA I     , VARM  ,0,1,-0.10, (1000$/hm3)    
18, USIH   ,251, SERRA MESA    , VARM  ,0,1,-0.10, (1000$/hm3)    
18, USIH   ,278, MANSO         , VARM  ,0,1,-0.10, (1000$/hm3)    
18, USIH   ,123, FUNIL         , VARM  ,0,1,-0.10, (1000$/hm3)    
18, USIH   ,129, SIMPLICIO     , VARM  ,0,1,-0.10, (1000$/hm3)    
18, USIH   ,20, BATALHA       , VARM  ,0,1,-0.10, (1000$/hm3)    
18, USIH   ,287, STO ANTONIO   , VARM  ,0,1,-0.10, (1000$/hm3)    
18, USIH   ,257, PEIXE ANGIC   , VARM  ,0,1,-0.10, (1000$/hm3)    
18, USIH   ,122, SANTA BRANCA  , VARM  ,0,1,-0.10, (1000$/hm3)    
18, USIH   ,124, LAJES         , VARM  ,0,1,-0.10, (1000$/hm3)    
18, USIH   ,130, ILHA POMBOS   , VARM  ,0,1,-0.10, (1000$/hm3)    
18, USIH   ,131, NILO PECANHA  , VARM  ,0,1,-0.10, (1000$/hm3)    
18, USIH   ,133, P. PASSOS     , VARM  ,0,1,-0.10, (1000$/hm3)    
18, USIH   ,125, STA CECILIA   , VARM  ,0,1,-0.10, (1000$/hm3)    
18, USIH   ,180, TOCOS         , VARM  ,0,1,-0.10, (1000$/hm3)    
18, USIH   ,181, SANTANA       , VARM  ,0,1,-0.10, (1000$/hm3)    
18, USIH   ,182, VIGARIO       , VARM  ,0,1,-0.10, (1000$/hm3)    
18, USIH   ,183, FONTES A      , VARM  ,0,1,-0.10, (1000$/hm3)    
18, USIH   ,184, FONTES BC     , VARM  ,0,1,-0.10, (1000$/hm3)    
18, USIH   ,107, EDGARD SOUZA  , VARM  ,0,1,-0.10, (1000$/hm3)    
18, USIH   ,108, TRAICAO       , VARM  ,0,1,-0.10, (1000$/hm3)    
18, USIH   ,109, PEDREIRA      , VARM  ,0,1,-0.10, (1000$/hm3)    
18, USIH   ,117, GUARAPIRANGA  , VARM  ,0,1,-0.10, (1000$/hm3)    
18, USIH   ,118, BILLINGS      , VARM  ,0,1,-0.10, (1000$/hm3)    
18, USIH   ,119, HENRY BORDEN  , VARM  ,0,1,-0.10, (1000$/hm3)    
18, USIH   ,32, CACH.DOURADA  , VARM  ,0,1,-0.10, (1000$/hm3)    
18, USIH   ,11, VOLTA GRANDE  , VARM  ,0,1,-0.10, (1000$/hm3)    
18, USIH   ,135, P. ESTRELA    , VARM  ,0,1,-0.10, (1000$/hm3)    
18, USIH   ,139, CANDONGA      , VARM  ,0,1,-0.10, (1000$/hm3)    
18, USIH   ,262, SALTO         , VARM  ,0,1,-0.10, (1000$/hm3)    
18, USIH   ,89, GARIBALDI     , VARM  ,0,1,-0.10, (1000$/hm3)    
18, USIH   ,144, MASCARENHAS   , VARM  ,0,1,-0.10, (1000$/hm3)    
18, USIH   ,66, ITAIPU        , VARM  ,0,1,-0.10, (1000$/hm3)    
18, USIH   ,110, ERNESTINA     , VARM  ,0,1,-0.10, (1000$/hm3)    
18, USIH   ,111, PASSO REAL    , VARM  ,0,1,-0.10, (1000$/hm3)    
18, USIH   ,112, JACUI         , VARM  ,0,1,-0.10, (1000$/hm3)    
18, USIH   ,113, ITAUBA        , VARM  ,0,1,-0.10, (1000$/hm3)    
18, USIH   ,114, D. FRANCISCA  , VARM  ,0,1,-0.10, (1000$/hm3)    
18, USIH   ,74, G.B. MUNHOZ   , VARM  ,0,1,-0.10, (1000$/hm3)    
18, USIH   ,76, SEGREDO       , VARM  ,0,1,-0.10, (1000$/hm3)    
18, USIH   ,82, SALTO CAXIAS  , VARM  ,0,1,-0.10, (1000$/hm3)    
18, USIH   ,115, G.P. SOUZA    , VARM  ,0,1,-0.10, (1000$/hm3)    
18, USIH   ,73, JORDAO        , VARM  ,0,1,-0.10, (1000$/hm3)    
18, USIH   ,71, STA CLARA PR  , VARM  ,0,1,-0.10, (1000$/hm3)    
18, USIH   ,72, FUNDAO        , VARM  ,0,1,-0.10, (1000$/hm3)    
18, USIH   ,57, MAUA          , VARM  ,0,1,-0.10, (1000$/hm3)    
18, USIH   ,77, SLT.SANTIAGO  , VARM  ,0,1,-0.10, (1000$/hm3)    
18, USIH   ,78, SALTO OSORIO  , VARM  ,0,1,-0.10, (1000$/hm3)    
18, USIH   ,93, PASSO FUNDO   , VARM  ,0,1,-0.10, (1000$/hm3)    
18, USIH   ,91, MACHADINHO    , VARM  ,0,1,-0.10, (1000$/hm3)    
18, USIH   ,92, ITA           , VARM  ,0,1,-0.10, (1000$/hm3)    
18, USIH   ,252, CANA BRAVA    , VARM  ,0,1,-0.10, (1000$/hm3)    
18, USIH   ,253, SAO SALVADOR  , VARM  ,0,1,-0.10, (1000$/hm3)    
18, USIH   ,267, ESTREITO TOC  , VARM  ,0,1,-0.10, (1000$/hm3)    
18, USIH   ,281, PONTE PEDRA   , VARM  ,0,1,-0.10, (1000$/hm3)    
18, USIH   ,9, JAGUARA       , VARM  ,0,1,-0.10, (1000$/hm3)    
18, USIH   ,26, MIRANDA       , VARM  ,0,1,-0.10, (1000$/hm3)    
18, USIH   ,86, BARRA GRANDE  , VARM  ,0,1,-0.10, (1000$/hm3)    
18, USIH   ,90, CAMPOS NOVOS  , VARM  ,0,1,-0.10, (1000$/hm3)    
18, USIH   ,97, CASTRO ALVES  , VARM  ,0,1,-0.10, (1000$/hm3)    
18, USIH   ,98, MONTE CLARO   , VARM  ,0,1,-0.10, (1000$/hm3)    
18, USIH   ,99, 14 DE JULHO   , VARM  ,0,1,-0.10, (1000$/hm3)    
18, USIH   ,103, FOZ CHAPECO   , VARM  ,0,1,-0.10, (1000$/hm3)    
18, USIH   ,169, SOBRADINHO    , VARM  ,0,1,-0.10, (1000$/hm3)    
18, USIH   ,172, ITAPARICA     , VARM  ,0,1,-0.10, (1000$/hm3)    
18, USIH   ,173, MOXOTO        , VARM  ,0,1,-0.10, (1000$/hm3)    
18, USIH   ,174, P.AFONSO 123  , VARM  ,0,1,-0.10, (1000$/hm3)    
18, USIH   ,175, P.AFONSO 4    , VARM  ,0,1,-0.10, (1000$/hm3)    
18, USIH   ,178, XINGO         , VARM  ,0,1,-0.10, (1000$/hm3)    
18, USIH   ,190, B. ESPERANCA  , VARM  ,0,1,-0.10, (1000$/hm3)    
18, USIH   ,189, P. CAVALO     , VARM  ,0,1,-0.10, (1000$/hm3)    
18, USIH   ,275, TUCURUI       , VARM  ,0,1,-0.10, (1000$/hm3)    
18, USIH   ,272, CURUA-UNA     , VARM  ,0,1,-0.10, (1000$/hm3)    
18, USIH   ,279, SAMUEL        , VARM  ,0,1,-0.10, (1000$/hm3)    
18, USIH   ,280, COARACY NUNE  , VARM  ,0,1,-0.10, (1000$/hm3)    
18, USIH   ,204, CACH.CALDEIR  , VARM  ,0,1,-0.10, (1000$/hm3)    
18, USIH   ,127, SOBRAGI       , VARM  ,0,1,-0.10, (1000$/hm3)    
18, USIH   ,126, PICADA        , VARM  ,0,1,-0.10, (1000$/hm3)    
18, USIH   ,283, STA CLARA MG  , VARM  ,0,1,-0.10, (1000$/hm3)    
18, USIH   ,261, LAJEADO       , VARM  ,0,1,-0.10, (1000$/hm3)    
18, USIH   ,48, PIRAJU        , VARM  ,0,1,-0.10, (1000$/hm3)    
18, USIH   ,249, OURINHOS      , VARM  ,0,1,-0.10, (1000$/hm3)    
18, USIH   ,241, SLT VERDINHO  , VARM  ,0,1,-0.10, (1000$/hm3)    
18, USIH   ,304, ITIQUIRA I    , VARM  ,0,1,-0.10, (1000$/hm3)    
18, USIH   ,305, ITIQUIRA II   , VARM  ,0,1,-0.10, (1000$/hm3)    
18, USIH   ,196, GUAPORE       , VARM  ,0,1,-0.10, (1000$/hm3)    
18, USIH   ,195, JAURU         , VARM  ,0,1,-0.10, (1000$/hm3)    
18, USIH   ,95, QUEBRA QUEIX  , VARM  ,0,1,-0.10, (1000$/hm3)    
18, USIH   ,203, CORUMBA III   , VARM  ,0,1,-0.10, (1000$/hm3)    
18, USIH   ,154, ITAPEBI       , VARM  ,0,1,-0.10, (1000$/hm3)    
18, USIH   ,310, DARDANELOS    , VARM  ,0,1,-0.10, (1000$/hm3)    
18, USIH   ,29, CORUMBA IV    , VARM  ,0,1,-0.10, (1000$/hm3)    
18, USIH   ,94, MONJOLINHO    , VARM  ,0,1,-0.10, (1000$/hm3)    
18, USIH   ,215, SALTO PILAO   , VARM  ,0,1,-0.10, (1000$/hm3)    
18, USIH   ,155, RETIRO BAIXO  , VARM  ,0,1,-0.10, (1000$/hm3)    
18, USIH   ,311, CACU          , VARM  ,0,1,-0.10, (1000$/hm3)    
18, USIH   ,312, B. COQUEIROS  , VARM  ,0,1,-0.10, (1000$/hm3)    
18, USIH   ,315, FOZ R. CLARO  , VARM  ,0,1,-0.10, (1000$/hm3)    
18, USIH   ,21, SERRA FACAO   , VARM  ,0,1,-0.10, (1000$/hm3)    
18, USIH   ,290, ESPORA        , VARM  ,0,1,-0.10, (1000$/hm3)    
18, USIH   ,101, SAO JOSE      , VARM  ,0,1,-0.10, (1000$/hm3)    
18, USIH   ,276, RONDON II     , VARM  ,0,1,-0.10, (1000$/hm3)    
18, USIH   ,102, PASSO S JOAO  , VARM  ,0,1,-0.10, (1000$/hm3)    
18, USIH   ,277, BALBINA       , VARM  ,0,1,-0.10, (1000$/hm3)    
18, USIH   ,285, JIRAU         , VARM  ,0,1,-0.10, (1000$/hm3)    
18, USIH   ,286, STO ANT JARI  , VARM  ,0,1,-0.10, (1000$/hm3)    
18, USIH   ,284, FERREIRA GOM  , VARM  ,0,1,-0.10, (1000$/hm3)    
18, USIH   ,229, TELES PIRES   , VARM  ,0,1,-0.10, (1000$/hm3)    
18, USIH   ,192, GUILMAN-AMOR  , VARM  ,0,1,-0.10, (1000$/hm3)    
18, USIH   ,230, SAO MANOEL    , VARM  ,0,1,-0.10, (1000$/hm3)    
18, USIH   ,288, BELO MONTE    , VARM  ,0,1,-0.10, (1000$/hm3)    
18, USIH   ,314, PIMENTAL      , VARM  ,0,1,-0.10, (1000$/hm3)    
19, RHS    ,0,      -        ,  RHS  ,0,0,0.1,  1000$         
19, USIH   ,1, CAMARGOS      , VARM  ,0,1,-0.10, (1000$/hm3)    
19, USIH   ,2, ITUTINGA      , VARM  ,0,1,-0.10, (1000$/hm3)    
19, USIH   ,4, FUNIL-GRANDE  , VARM  ,0,1,-0.10, (1000$/hm3)    
19, USIH   ,24, EMBORCACAO    , VARM  ,0,1,-0.10, (1000$/hm3)    
19, USIH   ,27, CAPIM BRANC1  , VARM  ,0,1,-0.10, (1000$/hm3)    
19, USIH   ,28, CAPIM BRANC2  , VARM  ,0,1,-0.10, (1000$/hm3)    
19, USIH   ,25, NOVA PONTE    , VARM  ,0,1,-0.10, (1000$/hm3)    
19, USIH   ,33, SAO SIMAO     , VARM  ,0,1,-0.10, (1000$/hm3)    
19, USIH   ,156, TRES MARIAS   , VARM  ,0,1,-0.10, (1000$/hm3)    
19, USIH   ,134, SALTO GRANDE  , VARM  ,0,1,-0.10, (1000$/hm3)    
19, USIH   ,10, IGARAPAVA     , VARM  ,0,1,-0.10, (1000$/hm3)    
19, USIH   ,143, AIMORES       , VARM  ,0,1,-0.10, (1000$/hm3)    
19, USIH   ,162, QUEIMADO      , VARM  ,0,1,-0.10, (1000$/hm3)    
19, USIH   ,148, IRAPE         , VARM  ,0,1,-0.10, (1000$/hm3)    
19, USIH   ,217, ROSAL         , VARM  ,0,1,-0.10, (1000$/hm3)    
19, USIH   ,193, SA CARVALHO   , VARM  ,0,1,-0.10, (1000$/hm3)    
19, USIH   ,141, BAGUARI       , VARM  ,0,1,-0.10, (1000$/hm3)    
19, USIH   ,14, CACONDE       , VARM  ,0,1,-0.10, (1000$/hm3)    
19, USIH   ,18, A. VERMELHA   , VARM  ,0,1,-0.10, (1000$/hm3)    
19, USIH   ,37, BARRA BONITA  , VARM  ,0,1,-0.10, (1000$/hm3)    
19, USIH   ,40, PROMISSAO     , VARM  ,0,1,-0.10, (1000$/hm3)    
19, USIH   ,42, NAVANHANDAVA  , VARM  ,0,1,-0.10, (1000$/hm3)    
19, USIH   ,15, E. DA CUNHA   , VARM  ,0,1,-0.10, (1000$/hm3)    
19, USIH   ,16, A.S.OLIVEIRA  , VARM  ,0,1,-0.10, (1000$/hm3)    
19, USIH   ,38, A.S. LIMA     , VARM  ,0,1,-0.10, (1000$/hm3)    
19, USIH   ,39, IBITINGA      , VARM  ,0,1,-0.10, (1000$/hm3)    
19, USIH   ,62, TAQUARUCU     , VARM  ,0,1,-0.10, (1000$/hm3)    
19, USIH   ,63, ROSANA        , VARM  ,0,1,-0.10, (1000$/hm3)    
19, USIH   ,52, CANOAS I      , VARM  ,0,1,-0.10, (1000$/hm3)    
19, USIH   ,51, CANOAS II     , VARM  ,0,1,-0.10, (1000$/hm3)    
19, USIH   ,47, A.A. LAYDNER  , VARM  ,0,1,-0.10, (1000$/hm3)    
19, USIH   ,49, CHAVANTES     , VARM  ,0,1,-0.10, (1000$/hm3)    
19, USIH   ,61, CAPIVARA      , VARM  ,0,1,-0.10, (1000$/hm3)    
19, USIH   ,50, L.N. GARCEZ   , VARM  ,0,1,-0.10, (1000$/hm3)    
19, USIH   ,45, JUPIA         , VARM  ,0,1,-0.10, (1000$/hm3)    
19, USIH   ,44, I. SOLT. EQV  , VARM  ,0,1,-0.10, (1000$/hm3)    
19, USIH   ,46, P. PRIMAVERA  , VARM  ,0,1,-0.10, (1000$/hm3)    
19, USIH   ,120, JAGUARI       , VARM  ,0,1,-0.10, (1000$/hm3)    
19, USIH   ,121, PARAIBUNA     , VARM  ,0,1,-0.10, (1000$/hm3)    
19, USIH   ,6, FURNAS        , VARM  ,0,1,-0.10, (1000$/hm3)    
19, USIH   ,7, M. DE MORAES  , VARM  ,0,1,-0.10, (1000$/hm3)    
19, USIH   ,8, ESTREITO      , VARM  ,0,1,-0.10, (1000$/hm3)    
19, USIH   ,12, P. COLOMBIA   , VARM  ,0,1,-0.10, (1000$/hm3)    
19, USIH   ,17, MARIMBONDO    , VARM  ,0,1,-0.10, (1000$/hm3)    
19, USIH   ,31, ITUMBIARA     , VARM  ,0,1,-0.10, (1000$/hm3)    
19, USIH   ,30, CORUMBA I     , VARM  ,0,1,-0.10, (1000$/hm3)    
19, USIH   ,251, SERRA MESA    , VARM  ,0,1,-0.10, (1000$/hm3)    
19, USIH   ,278, MANSO         , VARM  ,0,1,-0.10, (1000$/hm3)    
19, USIH   ,123, FUNIL         , VARM  ,0,1,-0.10, (1000$/hm3)    
19, USIH   ,129, SIMPLICIO     , VARM  ,0,1,-0.10, (1000$/hm3)    
19, USIH   ,20, BATALHA       , VARM  ,0,1,-0.10, (1000$/hm3)    
19, USIH   ,287, STO ANTONIO   , VARM  ,0,1,-0.10, (1000$/hm3)    
19, USIH   ,257, PEIXE ANGIC   , VARM  ,0,1,-0.10, (1000$/hm3)    
19, USIH   ,122, SANTA BRANCA  , VARM  ,0,1,-0.10, (1000$/hm3)    
19, USIH   ,124, LAJES         , VARM  ,0,1,-0.10, (1000$/hm3)    
19, USIH   ,130, ILHA POMBOS   , VARM  ,0,1,-0.10, (1000$/hm3)    
19, USIH   ,131, NILO PECANHA  , VARM  ,0,1,-0.10, (1000$/hm3)    
19, USIH   ,133, P. PASSOS     , VARM  ,0,1,-0.10, (1000$/hm3)    
19, USIH   ,125, STA CECILIA   , VARM  ,0,1,-0.10, (1000$/hm3)    
19, USIH   ,180, TOCOS         , VARM  ,0,1,-0.10, (1000$/hm3)    
19, USIH   ,181, SANTANA       , VARM  ,0,1,-0.10, (1000$/hm3)    
19, USIH   ,182, VIGARIO       , VARM  ,0,1,-0.10, (1000$/hm3)    
19, USIH   ,183, FONTES A      , VARM  ,0,1,-0.10, (1000$/hm3)    
19, USIH   ,184, FONTES BC     , VARM  ,0,1,-0.10, (1000$/hm3)    
19, USIH   ,107, EDGARD SOUZA  , VARM  ,0,1,-0.10, (1000$/hm3)    
19, USIH   ,108, TRAICAO       , VARM  ,0,1,-0.10, (1000$/hm3)    
19, USIH   ,109, PEDREIRA      , VARM  ,0,1,-0.10, (1000$/hm3)    
19, USIH   ,117, GUARAPIRANGA  , VARM  ,0,1,-0.10, (1000$/hm3)    
19, USIH   ,118, BILLINGS      , VARM  ,0,1,-0.10, (1000$/hm3)    
19, USIH   ,119, HENRY BORDEN  , VARM  ,0,1,-0.10, (1000$/hm3)    
19, USIH   ,32, CACH.DOURADA  , VARM  ,0,1,-0.10, (1000$/hm3)    
19, USIH   ,11, VOLTA GRANDE  , VARM  ,0,1,-0.10, (1000$/hm3)    
19, USIH   ,135, P. ESTRELA    , VARM  ,0,1,-0.10, (1000$/hm3)    
19, USIH   ,139, CANDONGA      , VARM  ,0,1,-0.10, (1000$/hm3)    
19, USIH   ,262, SALTO         , VARM  ,0,1,-0.10, (1000$/hm3)    
19, USIH   ,89, GARIBALDI     , VARM  ,0,1,-0.10, (1000$/hm3)    
19, USIH   ,144, MASCARENHAS   , VARM  ,0,1,-0.10, (1000$/hm3)    
19, USIH   ,66, ITAIPU        , VARM  ,0,1,-0.10, (1000$/hm3)    
19, USIH   ,110, ERNESTINA     , VARM  ,0,1,-0.10, (1000$/hm3)    
19, USIH   ,111, PASSO REAL    , VARM  ,0,1,-0.10, (1000$/hm3)    
19, USIH   ,112, JACUI         , VARM  ,0,1,-0.10, (1000$/hm3)    
19, USIH   ,113, ITAUBA        , VARM  ,0,1,-0.10, (1000$/hm3)    
19, USIH   ,114, D. FRANCISCA  , VARM  ,0,1,-0.10, (1000$/hm3)    
19, USIH   ,74, G.B. MUNHOZ   , VARM  ,0,1,-0.10, (1000$/hm3)    
19, USIH   ,76, SEGREDO       , VARM  ,0,1,-0.10, (1000$/hm3)    
19, USIH   ,82, SALTO CAXIAS  , VARM  ,0,1,-0.10, (1000$/hm3)    
19, USIH   ,115, G.P. SOUZA    , VARM  ,0,1,-0.10, (1000$/hm3)    
19, USIH   ,73, JORDAO        , VARM  ,0,1,-0.10, (1000$/hm3)    
19, USIH   ,71, STA CLARA PR  , VARM  ,0,1,-0.10, (1000$/hm3)    
19, USIH   ,72, FUNDAO        , VARM  ,0,1,-0.10, (1000$/hm3)    
19, USIH   ,57, MAUA          , VARM  ,0,1,-0.10, (1000$/hm3)    
19, USIH   ,77, SLT.SANTIAGO  , VARM  ,0,1,-0.10, (1000$/hm3)    
19, USIH   ,78, SALTO OSORIO  , VARM  ,0,1,-0.10, (1000$/hm3)    
19, USIH   ,93, PASSO FUNDO   , VARM  ,0,1,-0.10, (1000$/hm3)    
19, USIH   ,91, MACHADINHO    , VARM  ,0,1,-0.10, (1000$/hm3)    
19, USIH   ,92, ITA           , VARM  ,0,1,-0.10, (1000$/hm3)    
19, USIH   ,252, CANA BRAVA    , VARM  ,0,1,-0.10, (1000$/hm3)    
19, USIH   ,253, SAO SALVADOR  , VARM  ,0,1,-0.10, (1000$/hm3)    
19, USIH   ,267, ESTREITO TOC  , VARM  ,0,1,-0.10, (1000$/hm3)    
19, USIH   ,281, PONTE PEDRA   , VARM  ,0,1,-0.10, (1000$/hm3)    
19, USIH   ,9, JAGUARA       , VARM  ,0,1,-0.10, (1000$/hm3)    
19, USIH   ,26, MIRANDA       , VARM  ,0,1,-0.10, (1000$/hm3)    
19, USIH   ,86, BARRA GRANDE  , VARM  ,0,1,-0.10, (1000$/hm3)    
19, USIH   ,90, CAMPOS NOVOS  , VARM  ,0,1,-0.10, (1000$/hm3)    
19, USIH   ,97, CASTRO ALVES  , VARM  ,0,1,-0.10, (1000$/hm3)    
19, USIH   ,98, MONTE CLARO   , VARM  ,0,1,-0.10, (1000$/hm3)    
19, USIH   ,99, 14 DE JULHO   , VARM  ,0,1,-0.10, (1000$/hm3)    
19, USIH   ,103, FOZ CHAPECO   , VARM  ,0,1,-0.10, (1000$/hm3)    
19, USIH   ,169, SOBRADINHO    , VARM  ,0,1,-0.10, (1000$/hm3)    
19, USIH   ,172, ITAPARICA     , VARM  ,0,1,-0.10, (1000$/hm3)    
19, USIH   ,173, MOXOTO        , VARM  ,0,1,-0.10, (1000$/hm3)    
19, USIH   ,174, P.AFONSO 123  , VARM  ,0,1,-0.10, (1000$/hm3)    
19, USIH   ,175, P.AFONSO 4    , VARM  ,0,1,-0.10, (1000$/hm3)    
19, USIH   ,178, XINGO         , VARM  ,0,1,-0.10, (1000$/hm3)    
19, USIH   ,190, B. ESPERANCA  , VARM  ,0,1,-0.10, (1000$/hm3)    
19, USIH   ,189, P. CAVALO     , VARM  ,0,1,-0.10, (1000$/hm3)    
19, USIH   ,275, TUCURUI       , VARM  ,0,1,-0.10, (1000$/hm3)    
19, USIH   ,272, CURUA-UNA     , VARM  ,0,1,-0.10, (1000$/hm3)    
19, USIH   ,279, SAMUEL        , VARM  ,0,1,-0.10, (1000$/hm3)    
19, USIH   ,280, COARACY NUNE  , VARM  ,0,1,-0.10, (1000$/hm3)    
19, USIH   ,204, CACH.CALDEIR  , VARM  ,0,1,-0.10, (1000$/hm3)    
19, USIH   ,127, SOBRAGI       , VARM  ,0,1,-0.10, (1000$/hm3)    
19, USIH   ,126, PICADA        , VARM  ,0,1,-0.10, (1000$/hm3)    
19, USIH   ,283, STA CLARA MG  , VARM  ,0,1,-0.10, (1000$/hm3)    
19, USIH   ,261, LAJEADO       , VARM  ,0,1,-0.10, (1000$/hm3)    
19, USIH   ,48, PIRAJU        , VARM  ,0,1,-0.10, (1000$/hm3)    
19, USIH   ,249, OURINHOS      , VARM  ,0,1,-0.10, (1000$/hm3)    
19, USIH   ,241, SLT VERDINHO  , VARM  ,0,1,-0.10, (1000$/hm3)    
19, USIH   ,304, ITIQUIRA I    , VARM  ,0,1,-0.10, (1000$/hm3)    
19, USIH   ,305, ITIQUIRA II   , VARM  ,0,1,-0.10, (1000$/hm3)    
19, USIH   ,196, GUAPORE       , VARM  ,0,1,-0.10, (1000$/hm3)    
19, USIH   ,195, JAURU         , VARM  ,0,1,-0.10, (1000$/hm3)    
19, USIH   ,95, QUEBRA QUEIX  , VARM  ,0,1,-0.10, (1000$/hm3)    
19, USIH   ,203, CORUMBA III   , VARM  ,0,1,-0.10, (1000$/hm3)    
19, USIH   ,154, ITAPEBI       , VARM  ,0,1,-0.10, (1000$/hm3)    
19, USIH   ,310, DARDANELOS    , VARM  ,0,1,-0.10, (1000$/hm3)    
19, USIH   ,29, CORUMBA IV    , VARM  ,0,1,-0.10, (1000$/hm3)    
19, USIH   ,94, MONJOLINHO    , VARM  ,0,1,-0.10, (1000$/hm3)    
19, USIH   ,215, SALTO PILAO   , VARM  ,0,1,-0.10, (1000$/hm3)    
19, USIH   ,155, RETIRO BAIXO  , VARM  ,0,1,-0.10, (1000$/hm3)    
19, USIH   ,311, CACU          , VARM  ,0,1,-0.10, (1000$/hm3)    
19, USIH   ,312, B. COQUEIROS  , VARM  ,0,1,-0.10, (1000$/hm3)    
19, USIH   ,315, FOZ R. CLARO  , VARM  ,0,1,-0.10, (1000$/hm3)    
19, USIH   ,21, SERRA FACAO   , VARM  ,0,1,-0.10, (1000$/hm3)    
19, USIH   ,290, ESPORA        , VARM  ,0,1,-0.10, (1000$/hm3)    
19, USIH   ,101, SAO JOSE      , VARM  ,0,1,-0.10, (1000$/hm3)    
19, USIH   ,276, RONDON II     , VARM  ,0,1,-0.10, (1000$/hm3)    
19, USIH   ,102, PASSO S JOAO  , VARM  ,0,1,-0.10, (1000$/hm3)    
19, USIH   ,277, BALBINA       , VARM  ,0,1,-0.10, (1000$/hm3)    
19, USIH   ,285, JIRAU         , VARM  ,0,1,-0.10, (1000$/hm3)    
19, USIH   ,286, STO ANT JARI  , VARM  ,0,1,-0.10, (1000$/hm3)    
19, USIH   ,284, FERREIRA GOM  , VARM  ,0,1,-0.10, (1000$/hm3)    
19, USIH   ,229, TELES PIRES   , VARM  ,0,1,-0.10, (1000$/hm3)    
19, USIH   ,192, GUILMAN-AMOR  , VARM  ,0,1,-0.10, (1000$/hm3)    
19, USIH   ,230, SAO MANOEL    , VARM  ,0,1,-0.10, (1000$/hm3)    
19, USIH   ,288, BELO MONTE    , VARM  ,0,1,-0.10, (1000$/hm3)    
19, USIH   ,314, PIMENTAL      , VARM  ,0,1,-0.10, (1000$/hm3)    
20, RHS    ,0,      -        ,  RHS  ,0,0,0.1,  1000$         
20, USIH   ,1, CAMARGOS      , VARM  ,0,1,-0.10, (1000$/hm3)    
20, USIH   ,2, ITUTINGA      , VARM  ,0,1,-0.10, (1000$/hm3)    
20, USIH   ,4, FUNIL-GRANDE  , VARM  ,0,1,-0.10, (1000$/hm3)    
20, USIH   ,24, EMBORCACAO    , VARM  ,0,1,-0.10, (1000$/hm3)    
20, USIH   ,27, CAPIM BRANC1  , VARM  ,0,1,-0.10, (1000$/hm3)    
20, USIH   ,28, CAPIM BRANC2  , VARM  ,0,1,-0.10, (1000$/hm3)    
20, USIH   ,25, NOVA PONTE    , VARM  ,0,1,-0.10, (1000$/hm3)    
20, USIH   ,33, SAO SIMAO     , VARM  ,0,1,-0.10, (1000$/hm3)    
20, USIH   ,156, TRES MARIAS   , VARM  ,0,1,-0.10, (1000$/hm3)    
20, USIH   ,134, SALTO GRANDE  , VARM  ,0,1,-0.10, (1000$/hm3)    
20, USIH   ,10, IGARAPAVA     , VARM  ,0,1,-0.10, (1000$/hm3)    
20, USIH   ,143, AIMORES       , VARM  ,0,1,-0.10, (1000$/hm3)    
20, USIH   ,162, QUEIMADO      , VARM  ,0,1,-0.10, (1000$/hm3)    
20, USIH   ,148, IRAPE         , VARM  ,0,1,-0.10, (1000$/hm3)    
20, USIH   ,217, ROSAL         , VARM  ,0,1,-0.10, (1000$/hm3)    
20, USIH   ,193, SA CARVALHO   , VARM  ,0,1,-0.10, (1000$/hm3)    
20, USIH   ,141, BAGUARI       , VARM  ,0,1,-0.10, (1000$/hm3)    
20, USIH   ,14, CACONDE       , VARM  ,0,1,-0.10, (1000$/hm3)    
20, USIH   ,18, A. VERMELHA   , VARM  ,0,1,-0.10, (1000$/hm3)    
20, USIH   ,37, BARRA BONITA  , VARM  ,0,1,-0.10, (1000$/hm3)    
20, USIH   ,40, PROMISSAO     , VARM  ,0,1,-0.10, (1000$/hm3)    
20, USIH   ,42, NAVANHANDAVA  , VARM  ,0,1,-0.10, (1000$/hm3)    
20, USIH   ,15, E. DA CUNHA   , VARM  ,0,1,-0.10, (1000$/hm3)    
20, USIH   ,16, A.S.OLIVEIRA  , VARM  ,0,1,-0.10, (1000$/hm3)    
20, USIH   ,38, A.S. LIMA     , VARM  ,0,1,-0.10, (1000$/hm3)    
20, USIH   ,39, IBITINGA      , VARM  ,0,1,-0.10, (1000$/hm3)    
20, USIH   ,62, TAQUARUCU     , VARM  ,0,1,-0.10, (1000$/hm3)    
20, USIH   ,63, ROSANA        , VARM  ,0,1,-0.10, (1000$/hm3)    
20, USIH   ,52, CANOAS I      , VARM  ,0,1,-0.10, (1000$/hm3)    
20, USIH   ,51, CANOAS II     , VARM  ,0,1,-0.10, (1000$/hm3)    
20, USIH   ,47, A.A. LAYDNER  , VARM  ,0,1,-0.10, (1000$/hm3)    
20, USIH   ,49, CHAVANTES     , VARM  ,0,1,-0.10, (1000$/hm3)    
20, USIH   ,61, CAPIVARA      , VARM  ,0,1,-0.10, (1000$/hm3)    
20, USIH   ,50, L.N. GARCEZ   , VARM  ,0,1,-0.10, (1000$/hm3)    
20, USIH   ,45, JUPIA         , VARM  ,0,1,-0.10, (1000$/hm3)    
20, USIH   ,44, I. SOLT. EQV  , VARM  ,0,1,-0.10, (1000$/hm3)    
20, USIH   ,46, P. PRIMAVERA  , VARM  ,0,1,-0.10, (1000$/hm3)    
20, USIH   ,120, JAGUARI       , VARM  ,0,1,-0.10, (1000$/hm3)    
20, USIH   ,121, PARAIBUNA     , VARM  ,0,1,-0.10, (1000$/hm3)    
20, USIH   ,6, FURNAS        , VARM  ,0,1,-0.10, (1000$/hm3)    
20, USIH   ,7, M. DE MORAES  , VARM  ,0,1,-0.10, (1000$/hm3)    
20, USIH   ,8, ESTREITO      , VARM  ,0,1,-0.10, (1000$/hm3)    
20, USIH   ,12, P. COLOMBIA   , VARM  ,0,1,-0.10, (1000$/hm3)    
20, USIH   ,17, MARIMBONDO    , VARM  ,0,1,-0.10, (1000$/hm3)    
20, USIH   ,31, ITUMBIARA     , VARM  ,0,1,-0.10, (1000$/hm3)    
20, USIH   ,30, CORUMBA I     , VARM  ,0,1,-0.10, (1000$/hm3)    
20, USIH   ,251, SERRA MESA    , VARM  ,0,1,-0.10, (1000$/hm3)    
20, USIH   ,278, MANSO         , VARM  ,0,1,-0.10, (1000$/hm3)    
20, USIH   ,123, FUNIL         , VARM  ,0,1,-0.10, (1000$/hm3)    
20, USIH   ,129, SIMPLICIO     , VARM  ,0,1,-0.10, (1000$/hm3)    
20, USIH   ,20, BATALHA       , VARM  ,0,1,-0.10, (1000$/hm3)    
20, USIH   ,287, STO ANTONIO   , VARM  ,0,1,-0.10, (1000$/hm3)    
20, USIH   ,257, PEIXE ANGIC   , VARM  ,0,1,-0.10, (1000$/hm3)    
20, USIH   ,122, SANTA BRANCA  , VARM  ,0,1,-0.10, (1000$/hm3)    
20, USIH   ,124, LAJES         , VARM  ,0,1,-0.10, (1000$/hm3)    
20, USIH   ,130, ILHA POMBOS   , VARM  ,0,1,-0.10, (1000$/hm3)    
20, USIH   ,131, NILO PECANHA  , VARM  ,0,1,-0.10, (1000$/hm3)    
20, USIH   ,133, P. PASSOS     , VARM  ,0,1,-0.10, (1000$/hm3)    
20, USIH   ,125, STA CECILIA   , VARM  ,0,1,-0.10, (1000$/hm3)    
20, USIH   ,180, TOCOS         , VARM  ,0,1,-0.10, (1000$/hm3)    
20, USIH   ,181, SANTANA       , VARM  ,0,1,-0.10, (1000$/hm3)    
20, USIH   ,182, VIGARIO       , VARM  ,0,1,-0.10, (1000$/hm3)    
20, USIH   ,183, FONTES A      , VARM  ,0,1,-0.10, (1000$/hm3)    
20, USIH   ,184, FONTES BC     , VARM  ,0,1,-0.10, (1000$/hm3)    
20, USIH   ,107, EDGARD SOUZA  , VARM  ,0,1,-0.10, (1000$/hm3)    
20, USIH   ,108, TRAICAO       , VARM  ,0,1,-0.10, (1000$/hm3)    
20, USIH   ,109, PEDREIRA      , VARM  ,0,1,-0.10, (1000$/hm3)    
20, USIH   ,117, GUARAPIRANGA  , VARM  ,0,1,-0.10, (1000$/hm3)    
20, USIH   ,118, BILLINGS      , VARM  ,0,1,-0.10, (1000$/hm3)    
20, USIH   ,119, HENRY BORDEN  , VARM  ,0,1,-0.10, (1000$/hm3)    
20, USIH   ,32, CACH.DOURADA  , VARM  ,0,1,-0.10, (1000$/hm3)    
20, USIH   ,11, VOLTA GRANDE  , VARM  ,0,1,-0.10, (1000$/hm3)    
20, USIH   ,135, P. ESTRELA    , VARM  ,0,1,-0.10, (1000$/hm3)    
20, USIH   ,139, CANDONGA      , VARM  ,0,1,-0.10, (1000$/hm3)    
20, USIH   ,262, SALTO         , VARM  ,0,1,-0.10, (1000$/hm3)    
20, USIH   ,89, GARIBALDI     , VARM  ,0,1,-0.10, (1000$/hm3)    
20, USIH   ,144, MASCARENHAS   , VARM  ,0,1,-0.10, (1000$/hm3)    
20, USIH   ,66, ITAIPU        , VARM  ,0,1,-0.10, (1000$/hm3)    
20, USIH   ,110, ERNESTINA     , VARM  ,0,1,-0.10, (1000$/hm3)    
20, USIH   ,111, PASSO REAL    , VARM  ,0,1,-0.10, (1000$/hm3)    
20, USIH   ,112, JACUI         , VARM  ,0,1,-0.10, (1000$/hm3)    
20, USIH   ,113, ITAUBA        , VARM  ,0,1,-0.10, (1000$/hm3)    
20, USIH   ,114, D. FRANCISCA  , VARM  ,0,1,-0.10, (1000$/hm3)    
20, USIH   ,74, G.B. MUNHOZ   , VARM  ,0,1,-0.10, (1000$/hm3)    
20, USIH   ,76, SEGREDO       , VARM  ,0,1,-0.10, (1000$/hm3)    
20, USIH   ,82, SALTO CAXIAS  , VARM  ,0,1,-0.10, (1000$/hm3)    
20, USIH   ,115, G.P. SOUZA    , VARM  ,0,1,-0.10, (1000$/hm3)    
20, USIH   ,73, JORDAO        , VARM  ,0,1,-0.10, (1000$/hm3)    
20, USIH   ,71, STA CLARA PR  , VARM  ,0,1,-0.10, (1000$/hm3)    
20, USIH   ,72, FUNDAO        , VARM  ,0,1,-0.10, (1000$/hm3)    
20, USIH   ,57, MAUA          , VARM  ,0,1,-0.10, (1000$/hm3)    
20, USIH   ,77, SLT.SANTIAGO  , VARM  ,0,1,-0.10, (1000$/hm3)    
20, USIH   ,78, SALTO OSORIO  , VARM  ,0,1,-0.10, (1000$/hm3)    
20, USIH   ,93, PASSO FUNDO   , VARM  ,0,1,-0.10, (1000$/hm3)    
20, USIH   ,91, MACHADINHO    , VARM  ,0,1,-0.10, (1000$/hm3)    
20, USIH   ,92, ITA           , VARM  ,0,1,-0.10, (1000$/hm3)    
20, USIH   ,252, CANA BRAVA    , VARM  ,0,1,-0.10, (1000$/hm3)    
20, USIH   ,253, SAO SALVADOR  , VARM  ,0,1,-0.10, (1000$/hm3)    
20, USIH   ,267, ESTREITO TOC  , VARM  ,0,1,-0.10, (1000$/hm3)    
20, USIH   ,281, PONTE PEDRA   , VARM  ,0,1,-0.10, (1000$/hm3)    
20, USIH   ,9, JAGUARA       , VARM  ,0,1,-0.10, (1000$/hm3)    
20, USIH   ,26, MIRANDA       , VARM  ,0,1,-0.10, (1000$/hm3)    
20, USIH   ,86, BARRA GRANDE  , VARM  ,0,1,-0.10, (1000$/hm3)    
20, USIH   ,90, CAMPOS NOVOS  , VARM  ,0,1,-0.10, (1000$/hm3)    
20, USIH   ,97, CASTRO ALVES  , VARM  ,0,1,-0.10, (1000$/hm3)    
20, USIH   ,98, MONTE CLARO   , VARM  ,0,1,-0.10, (1000$/hm3)    
20, USIH   ,99, 14 DE JULHO   , VARM  ,0,1,-0.10, (1000$/hm3)    
20, USIH   ,103, FOZ CHAPECO   , VARM  ,0,1,-0.10, (1000$/hm3)    
20, USIH   ,169, SOBRADINHO    , VARM  ,0,1,-0.10, (1000$/hm3)    
20, USIH   ,172, ITAPARICA     , VARM  ,0,1,-0.10, (1000$/hm3)    
20, USIH   ,173, MOXOTO        , VARM  ,0,1,-0.10, (1000$/hm3)    
20, USIH   ,174, P.AFONSO 123  , VARM  ,0,1,-0.10, (1000$/hm3)    
20, USIH   ,175, P.AFONSO 4    , VARM  ,0,1,-0.10, (1000$/hm3)    
20, USIH   ,178, XINGO         , VARM  ,0,1,-0.10, (1000$/hm3)    
20, USIH   ,190, B. ESPERANCA  , VARM  ,0,1,-0.10, (1000$/hm3)    
20, USIH   ,189, P. CAVALO     , VARM  ,0,1,-0.10, (1000$/hm3)    
20, USIH   ,275, TUCURUI       , VARM  ,0,1,-0.10, (1000$/hm3)    
20, USIH   ,272, CURUA-UNA     , VARM  ,0,1,-0.10, (1000$/hm3)    
20, USIH   ,279, SAMUEL        , VARM  ,0,1,-0.10, (1000$/hm3)    
20, USIH   ,280, COARACY NUNE  , VARM  ,0,1,-0.10, (1000$/hm3)    
20, USIH   ,204, CACH.CALDEIR  , VARM  ,0,1,-0.10, (1000$/hm3)    
20, USIH   ,127, SOBRAGI       , VARM  ,0,1,-0.10, (1000$/hm3)    
20, USIH   ,126, PICADA        , VARM  ,0,1,-0.10, (1000$/hm3)    
20, USIH   ,283, STA CLARA MG  , VARM  ,0,1,-0.10, (1000$/hm3)    
20, USIH   ,261, LAJEADO       , VARM  ,0,1,-0.10, (1000$/hm3)    
20, USIH   ,48, PIRAJU        , VARM  ,0,1,-0.10, (1000$/hm3)    
20, USIH   ,249, OURINHOS      , VARM  ,0,1,-0.10, (1000$/hm3)    
20, USIH   ,241, SLT VERDINHO  , VARM  ,0,1,-0.10, (1000$/hm3)    
20, USIH   ,304, ITIQUIRA I    , VARM  ,0,1,-0.10, (1000$/hm3)    
20, USIH   ,305, ITIQUIRA II   , VARM  ,0,1,-0.10, (1000$/hm3)    
20, USIH   ,196, GUAPORE       , VARM  ,0,1,-0.10, (1000$/hm3)    
20, USIH   ,195, JAURU         , VARM  ,0,1,-0.10, (1000$/hm3)    
20, USIH   ,95, QUEBRA QUEIX  , VARM  ,0,1,-0.10, (1000$/hm3)    
20, USIH   ,203, CORUMBA III   , VARM  ,0,1,-0.10, (1000$/hm3)    
20, USIH   ,154, ITAPEBI       , VARM  ,0,1,-0.10, (1000$/hm3)    
20, USIH   ,310, DARDANELOS    , VARM  ,0,1,-0.10, (1000$/hm3)    
20, USIH   ,29, CORUMBA IV    , VARM  ,0,1,-0.10, (1000$/hm3)    
20, USIH   ,94, MONJOLINHO    , VARM  ,0,1,-0.10, (1000$/hm3)    
20, USIH   ,215, SALTO PILAO   , VARM  ,0,1,-0.10, (1000$/hm3)    
20, USIH   ,155, RETIRO BAIXO  , VARM  ,0,1,-0.10, (1000$/hm3)    
20, USIH   ,311, CACU          , VARM  ,0,1,-0.10, (1000$/hm3)    
20, USIH   ,312, B. COQUEIROS  , VARM  ,0,1,-0.10, (1000$/hm3)    
20, USIH   ,315, FOZ R. CLARO  , VARM  ,0,1,-0.10, (1000$/hm3)    
20, USIH   ,21, SERRA FACAO   , VARM  ,0,1,-0.10, (1000$/hm3)    
20, USIH   ,290, ESPORA        , VARM  ,0,1,-0.10, (1000$/hm3)    
20, USIH   ,101, SAO JOSE      , VARM  ,0,1,-0.10, (1000$/hm3)    
20, USIH   ,276, RONDON II     , VARM  ,0,1,-0.10, (1000$/hm3)    
20, USIH   ,102, PASSO S JOAO  , VARM  ,0,1,-0.10, (1000$/hm3)    
20, USIH   ,277, BALBINA       , VARM  ,0,1,-0.10, (1000$/hm3)    
20, USIH   ,285, JIRAU         , VARM  ,0,1,-0.10, (1000$/hm3)    
20, USIH   ,286, STO ANT JARI  , VARM  ,0,1,-0.10, (1000$/hm3)    
20, USIH   ,284, FERREIRA GOM  , VARM  ,0,1,-0.10, (1000$/hm3)    
20, USIH   ,229, TELES PIRES   , VARM  ,0,1,-0.10, (1000$/hm3)    
20, USIH   ,192, GUILMAN-AMOR  , VARM  ,0,1,-0.10, (1000$/hm3)    
20, USIH   ,230, SAO MANOEL    , VARM  ,0,1,-0.10, (1000$/hm3)    
20, USIH   ,288, BELO MONTE    , VARM  ,0,1,-0.10, (1000$/hm3)    
20, USIH   ,314, PIMENTAL      , VARM  ,0,1,-0.10, (1000$/hm3)    
21, RHS    ,0,      -        ,  RHS  ,0,0,0.1,  1000$         
21, USIH   ,1, CAMARGOS      , VARM  ,0,1,-0.10, (1000$/hm3)    
21, USIH   ,2, ITUTINGA      , VARM  ,0,1,-0.10, (1000$/hm3)    
21, USIH   ,4, FUNIL-GRANDE  , VARM  ,0,1,-0.10, (1000$/hm3)    
21, USIH   ,24, EMBORCACAO    , VARM  ,0,1,-0.10, (1000$/hm3)    
21, USIH   ,27, CAPIM BRANC1  , VARM  ,0,1,-0.10, (1000$/hm3)    
21, USIH   ,28, CAPIM BRANC2  , VARM  ,0,1,-0.10, (1000$/hm3)    
21, USIH   ,25, NOVA PONTE    , VARM  ,0,1,-0.10, (1000$/hm3)    
21, USIH   ,33, SAO SIMAO     , VARM  ,0,1,-0.10, (1000$/hm3)    
21, USIH   ,156, TRES MARIAS   , VARM  ,0,1,-0.10, (1000$/hm3)    
21, USIH   ,134, SALTO GRANDE  , VARM  ,0,1,-0.10, (1000$/hm3)    
21, USIH   ,10, IGARAPAVA     , VARM  ,0,1,-0.10, (1000$/hm3)    
21, USIH   ,143, AIMORES       , VARM  ,0,1,-0.10, (1000$/hm3)    
21, USIH   ,162, QUEIMADO      , VARM  ,0,1,-0.10, (1000$/hm3)    
21, USIH   ,148, IRAPE         , VARM  ,0,1,-0.10, (1000$/hm3)    
21, USIH   ,217, ROSAL         , VARM  ,0,1,-0.10, (1000$/hm3)    
21, USIH   ,193, SA CARVALHO   , VARM  ,0,1,-0.10, (1000$/hm3)    
21, USIH   ,141, BAGUARI       , VARM  ,0,1,-0.10, (1000$/hm3)    
21, USIH   ,14, CACONDE       , VARM  ,0,1,-0.10, (1000$/hm3)    
21, USIH   ,18, A. VERMELHA   , VARM  ,0,1,-0.10, (1000$/hm3)    
21, USIH   ,37, BARRA BONITA  , VARM  ,0,1,-0.10, (1000$/hm3)    
21, USIH   ,40, PROMISSAO     , VARM  ,0,1,-0.10, (1000$/hm3)    
21, USIH   ,42, NAVANHANDAVA  , VARM  ,0,1,-0.10, (1000$/hm3)    
21, USIH   ,15, E. DA CUNHA   , VARM  ,0,1,-0.10, (1000$/hm3)    
21, USIH   ,16, A.S.OLIVEIRA  , VARM  ,0,1,-0.10, (1000$/hm3)    
21, USIH   ,38, A.S. LIMA     , VARM  ,0,1,-0.10, (1000$/hm3)    
21, USIH   ,39, IBITINGA      , VARM  ,0,1,-0.10, (1000$/hm3)    
21, USIH   ,62, TAQUARUCU     , VARM  ,0,1,-0.10, (1000$/hm3)    
21, USIH   ,63, ROSANA        , VARM  ,0,1,-0.10, (1000$/hm3)    
21, USIH   ,52, CANOAS I      , VARM  ,0,1,-0.10, (1000$/hm3)    
21, USIH   ,51, CANOAS II     , VARM  ,0,1,-0.10, (1000$/hm3)    
21, USIH   ,47, A.A. LAYDNER  , VARM  ,0,1,-0.10, (1000$/hm3)    
21, USIH   ,49, CHAVANTES     , VARM  ,0,1,-0.10, (1000$/hm3)    
21, USIH   ,61, CAPIVARA      , VARM  ,0,1,-0.10, (1000$/hm3)    
21, USIH   ,50, L.N. GARCEZ   , VARM  ,0,1,-0.10, (1000$/hm3)    
21, USIH   ,45, JUPIA         , VARM  ,0,1,-0.10, (1000$/hm3)    
21, USIH   ,44, I. SOLT. EQV  , VARM  ,0,1,-0.10, (1000$/hm3)    
21, USIH   ,46, P. PRIMAVERA  , VARM  ,0,1,-0.10, (1000$/hm3)    
21, USIH   ,120, JAGUARI       , VARM  ,0,1,-0.10, (1000$/hm3)    
21, USIH   ,121, PARAIBUNA     , VARM  ,0,1,-0.10, (1000$/hm3)    
21, USIH   ,6, FURNAS        , VARM  ,0,1,-0.10, (1000$/hm3)    
21, USIH   ,7, M. DE MORAES  , VARM  ,0,1,-0.10, (1000$/hm3)    
21, USIH   ,8, ESTREITO      , VARM  ,0,1,-0.10, (1000$/hm3)    
21, USIH   ,12, P. COLOMBIA   , VARM  ,0,1,-0.10, (1000$/hm3)    
21, USIH   ,17, MARIMBONDO    , VARM  ,0,1,-0.10, (1000$/hm3)    
21, USIH   ,31, ITUMBIARA     , VARM  ,0,1,-0.10, (1000$/hm3)    
21, USIH   ,30, CORUMBA I     , VARM  ,0,1,-0.10, (1000$/hm3)    
21, USIH   ,251, SERRA MESA    , VARM  ,0,1,-0.10, (1000$/hm3)    
21, USIH   ,278, MANSO         , VARM  ,0,1,-0.10, (1000$/hm3)    
21, USIH   ,123, FUNIL         , VARM  ,0,1,-0.10, (1000$/hm3)    
21, USIH   ,129, SIMPLICIO     , VARM  ,0,1,-0.10, (1000$/hm3)    
21, USIH   ,20, BATALHA       , VARM  ,0,1,-0.10, (1000$/hm3)    
21, USIH   ,287, STO ANTONIO   , VARM  ,0,1,-0.10, (1000$/hm3)    
21, USIH   ,257, PEIXE ANGIC   , VARM  ,0,1,-0.10, (1000$/hm3)    
21, USIH   ,122, SANTA BRANCA  , VARM  ,0,1,-0.10, (1000$/hm3)    
21, USIH   ,124, LAJES         , VARM  ,0,1,-0.10, (1000$/hm3)    
21, USIH   ,130, ILHA POMBOS   , VARM  ,0,1,-0.10, (1000$/hm3)    
21, USIH   ,131, NILO PECANHA  , VARM  ,0,1,-0.10, (1000$/hm3)    
21, USIH   ,133, P. PASSOS     , VARM  ,0,1,-0.10, (1000$/hm3)    
21, USIH   ,125, STA CECILIA   , VARM  ,0,1,-0.10, (1000$/hm3)    
21, USIH   ,180, TOCOS         , VARM  ,0,1,-0.10, (1000$/hm3)    
21, USIH   ,181, SANTANA       , VARM  ,0,1,-0.10, (1000$/hm3)    
21, USIH   ,182, VIGARIO       , VARM  ,0,1,-0.10, (1000$/hm3)    
21, USIH   ,183, FONTES A      , VARM  ,0,1,-0.10, (1000$/hm3)    
21, USIH   ,184, FONTES BC     , VARM  ,0,1,-0.10, (1000$/hm3)    
21, USIH   ,107, EDGARD SOUZA  , VARM  ,0,1,-0.10, (1000$/hm3)    
21, USIH   ,108, TRAICAO       , VARM  ,0,1,-0.10, (1000$/hm3)    
21, USIH   ,109, PEDREIRA      , VARM  ,0,1,-0.10, (1000$/hm3)    
21, USIH   ,117, GUARAPIRANGA  , VARM  ,0,1,-0.10, (1000$/hm3)    
21, USIH   ,118, BILLINGS      , VARM  ,0,1,-0.10, (1000$/hm3)    
21, USIH   ,119, HENRY BORDEN  , VARM  ,0,1,-0.10, (1000$/hm3)    
21, USIH   ,32, CACH.DOURADA  , VARM  ,0,1,-0.10, (1000$/hm3)    
21, USIH   ,11, VOLTA GRANDE  , VARM  ,0,1,-0.10, (1000$/hm3)    
21, USIH   ,135, P. ESTRELA    , VARM  ,0,1,-0.10, (1000$/hm3)    
21, USIH   ,139, CANDONGA      , VARM  ,0,1,-0.10, (1000$/hm3)    
21, USIH   ,262, SALTO         , VARM  ,0,1,-0.10, (1000$/hm3)    
21, USIH   ,89, GARIBALDI     , VARM  ,0,1,-0.10, (1000$/hm3)    
21, USIH   ,144, MASCARENHAS   , VARM  ,0,1,-0.10, (1000$/hm3)    
21, USIH   ,66, ITAIPU        , VARM  ,0,1,-0.10, (1000$/hm3)    
21, USIH   ,110, ERNESTINA     , VARM  ,0,1,-0.10, (1000$/hm3)    
21, USIH   ,111, PASSO REAL    , VARM  ,0,1,-0.10, (1000$/hm3)    
21, USIH   ,112, JACUI         , VARM  ,0,1,-0.10, (1000$/hm3)    
21, USIH   ,113, ITAUBA        , VARM  ,0,1,-0.10, (1000$/hm3)    
21, USIH   ,114, D. FRANCISCA  , VARM  ,0,1,-0.10, (1000$/hm3)    
21, USIH   ,74, G.B. MUNHOZ   , VARM  ,0,1,-0.10, (1000$/hm3)    
21, USIH   ,76, SEGREDO       , VARM  ,0,1,-0.10, (1000$/hm3)    
21, USIH   ,82, SALTO CAXIAS  , VARM  ,0,1,-0.10, (1000$/hm3)    
21, USIH   ,115, G.P. SOUZA    , VARM  ,0,1,-0.10, (1000$/hm3)    
21, USIH   ,73, JORDAO        , VARM  ,0,1,-0.10, (1000$/hm3)    
21, USIH   ,71, STA CLARA PR  , VARM  ,0,1,-0.10, (1000$/hm3)    
21, USIH   ,72, FUNDAO        , VARM  ,0,1,-0.10, (1000$/hm3)    
21, USIH   ,57, MAUA          , VARM  ,0,1,-0.10, (1000$/hm3)    
21, USIH   ,77, SLT.SANTIAGO  , VARM  ,0,1,-0.10, (1000$/hm3)    
21, USIH   ,78, SALTO OSORIO  , VARM  ,0,1,-0.10, (1000$/hm3)    
21, USIH   ,93, PASSO FUNDO   , VARM  ,0,1,-0.10, (1000$/hm3)    
21, USIH   ,91, MACHADINHO    , VARM  ,0,1,-0.10, (1000$/hm3)    
21, USIH   ,92, ITA           , VARM  ,0,1,-0.10, (1000$/hm3)    
21, USIH   ,252, CANA BRAVA    , VARM  ,0,1,-0.10, (1000$/hm3)    
21, USIH   ,253, SAO SALVADOR  , VARM  ,0,1,-0.10, (1000$/hm3)    
21, USIH   ,267, ESTREITO TOC  , VARM  ,0,1,-0.10, (1000$/hm3)    
21, USIH   ,281, PONTE PEDRA   , VARM  ,0,1,-0.10, (1000$/hm3)    
21, USIH   ,9, JAGUARA       , VARM  ,0,1,-0.10, (1000$/hm3)    
21, USIH   ,26, MIRANDA       , VARM  ,0,1,-0.10, (1000$/hm3)    
21, USIH   ,86, BARRA GRANDE  , VARM  ,0,1,-0.10, (1000$/hm3)    
21, USIH   ,90, CAMPOS NOVOS  , VARM  ,0,1,-0.10, (1000$/hm3)    
21, USIH   ,97, CASTRO ALVES  , VARM  ,0,1,-0.10, (1000$/hm3)    
21, USIH   ,98, MONTE CLARO   , VARM  ,0,1,-0.10, (1000$/hm3)    
21, USIH   ,99, 14 DE JULHO   , VARM  ,0,1,-0.10, (1000$/hm3)    
21, USIH   ,103, FOZ CHAPECO   , VARM  ,0,1,-0.10, (1000$/hm3)    
21, USIH   ,169, SOBRADINHO    , VARM  ,0,1,-0.10, (1000$/hm3)    
21, USIH   ,172, ITAPARICA     , VARM  ,0,1,-0.10, (1000$/hm3)    
21, USIH   ,173, MOXOTO        , VARM  ,0,1,-0.10, (1000$/hm3)    
21, USIH   ,174, P.AFONSO 123  , VARM  ,0,1,-0.10, (1000$/hm3)    
21, USIH   ,175, P.AFONSO 4    , VARM  ,0,1,-0.10, (1000$/hm3)    
21, USIH   ,178, XINGO         , VARM  ,0,1,-0.10, (1000$/hm3)    
21, USIH   ,190, B. ESPERANCA  , VARM  ,0,1,-0.10, (1000$/hm3)    
21, USIH   ,189, P. CAVALO     , VARM  ,0,1,-0.10, (1000$/hm3)    
21, USIH   ,275, TUCURUI       , VARM  ,0,1,-0.10, (1000$/hm3)    
21, USIH   ,272, CURUA-UNA     , VARM  ,0,1,-0.10, (1000$/hm3)    
21, USIH   ,279, SAMUEL        , VARM  ,0,1,-0.10, (1000$/hm3)    
21, USIH   ,280, COARACY NUNE  , VARM  ,0,1,-0.10, (1000$/hm3)    
21, USIH   ,204, CACH.CALDEIR  , VARM  ,0,1,-0.10, (1000$/hm3)    
21, USIH   ,127, SOBRAGI       , VARM  ,0,1,-0.10, (1000$/hm3)    
21, USIH   ,126, PICADA        , VARM  ,0,1,-0.10, (1000$/hm3)    
21, USIH   ,283, STA CLARA MG  , VARM  ,0,1,-0.10, (1000$/hm3)    
21, USIH   ,261, LAJEADO       , VARM  ,0,1,-0.10, (1000$/hm3)    
21, USIH   ,48, PIRAJU        , VARM  ,0,1,-0.10, (1000$/hm3)    
21, USIH   ,249, OURINHOS      , VARM  ,0,1,-0.10, (1000$/hm3)    
21, USIH   ,241, SLT VERDINHO  , VARM  ,0,1,-0.10, (1000$/hm3)    
21, USIH   ,304, ITIQUIRA I    , VARM  ,0,1,-0.10, (1000$/hm3)    
21, USIH   ,305, ITIQUIRA II   , VARM  ,0,1,-0.10, (1000$/hm3)    
21, USIH   ,196, GUAPORE       , VARM  ,0,1,-0.10, (1000$/hm3)    
21, USIH   ,195, JAURU         , VARM  ,0,1,-0.10, (1000$/hm3)    
21, USIH   ,95, QUEBRA QUEIX  , VARM  ,0,1,-0.10, (1000$/hm3)    
21, USIH   ,203, CORUMBA III   , VARM  ,0,1,-0.10, (1000$/hm3)    
21, USIH   ,154, ITAPEBI       , VARM  ,0,1,-0.10, (1000$/hm3)    
21, USIH   ,310, DARDANELOS    , VARM  ,0,1,-0.10, (1000$/hm3)    
21, USIH   ,29, CORUMBA IV    , VARM  ,0,1,-0.10, (1000$/hm3)    
21, USIH   ,94, MONJOLINHO    , VARM  ,0,1,-0.10, (1000$/hm3)    
21, USIH   ,215, SALTO PILAO   , VARM  ,0,1,-0.10, (1000$/hm3)    
21, USIH   ,155, RETIRO BAIXO  , VARM  ,0,1,-0.10, (1000$/hm3)    
21, USIH   ,311, CACU          , VARM  ,0,1,-0.10, (1000$/hm3)    
21, USIH   ,312, B. COQUEIROS  , VARM  ,0,1,-0.10, (1000$/hm3)    
21, USIH   ,315, FOZ R. CLARO  , VARM  ,0,1,-0.10, (1000$/hm3)    
21, USIH   ,21, SERRA FACAO   , VARM  ,0,1,-0.10, (1000$/hm3)    
21, USIH   ,290, ESPORA        , VARM  ,0,1,-0.10, (1000$/hm3)    
21, USIH   ,101, SAO JOSE      , VARM  ,0,1,-0.10, (1000$/hm3)    
21, USIH   ,276, RONDON II     , VARM  ,0,1,-0.10, (1000$/hm3)    
21, USIH   ,102, PASSO S JOAO  , VARM  ,0,1,-0.10, (1000$/hm3)    
21, USIH   ,277, BALBINA       , VARM  ,0,1,-0.10, (1000$/hm3)    
21, USIH   ,285, JIRAU         , VARM  ,0,1,-0.10, (1000$/hm3)    
21, USIH   ,286, STO ANT JARI  , VARM  ,0,1,-0.10, (1000$/hm3)    
21, USIH   ,284, FERREIRA GOM  , VARM  ,0,1,-0.10, (1000$/hm3)    
21, USIH   ,229, TELES PIRES   , VARM  ,0,1,-0.10, (1000$/hm3)    
21, USIH   ,192, GUILMAN-AMOR  , VARM  ,0,1,-0.10, (1000$/hm3)    
21, USIH   ,230, SAO MANOEL    , VARM  ,0,1,-0.10, (1000$/hm3)    
21, USIH   ,288, BELO MONTE    , VARM  ,0,1,-0.10, (1000$/hm3)    
21, USIH   ,314, PIMENTAL      , VARM  ,0,1,-0.10, (1000$/hm3)    
22, RHS    ,0,      -        ,  RHS  ,0,0,0.1,  1000$         
22, USIH   ,1, CAMARGOS      , VARM  ,0,1,-0.10, (1000$/hm3)    
22, USIH   ,2, ITUTINGA      , VARM  ,0,1,-0.10, (1000$/hm3)    
22, USIH   ,4, FUNIL-GRANDE  , VARM  ,0,1,-0.10, (1000$/hm3)    
22, USIH   ,24, EMBORCACAO    , VARM  ,0,1,-0.10, (1000$/hm3)    
22, USIH   ,27, CAPIM BRANC1  , VARM  ,0,1,-0.10, (1000$/hm3)    
22, USIH   ,28, CAPIM BRANC2  , VARM  ,0,1,-0.10, (1000$/hm3)    
22, USIH   ,25, NOVA PONTE    , VARM  ,0,1,-0.10, (1000$/hm3)    
22, USIH   ,33, SAO SIMAO     , VARM  ,0,1,-0.10, (1000$/hm3)    
22, USIH   ,156, TRES MARIAS   , VARM  ,0,1,-0.10, (1000$/hm3)    
22, USIH   ,134, SALTO GRANDE  , VARM  ,0,1,-0.10, (1000$/hm3)    
22, USIH   ,10, IGARAPAVA     , VARM  ,0,1,-0.10, (1000$/hm3)    
22, USIH   ,143, AIMORES       , VARM  ,0,1,-0.10, (1000$/hm3)    
22, USIH   ,162, QUEIMADO      , VARM  ,0,1,-0.10, (1000$/hm3)    
22, USIH   ,148, IRAPE         , VARM  ,0,1,-0.10, (1000$/hm3)    
22, USIH   ,217, ROSAL         , VARM  ,0,1,-0.10, (1000$/hm3)    
22, USIH   ,193, SA CARVALHO   , VARM  ,0,1,-0.10, (1000$/hm3)    
22, USIH   ,141, BAGUARI       , VARM  ,0,1,-0.10, (1000$/hm3)    
22, USIH   ,14, CACONDE       , VARM  ,0,1,-0.10, (1000$/hm3)    
22, USIH   ,18, A. VERMELHA   , VARM  ,0,1,-0.10, (1000$/hm3)    
22, USIH   ,37, BARRA BONITA  , VARM  ,0,1,-0.10, (1000$/hm3)    
22, USIH   ,40, PROMISSAO     , VARM  ,0,1,-0.10, (1000$/hm3)    
22, USIH   ,42, NAVANHANDAVA  , VARM  ,0,1,-0.10, (1000$/hm3)    
22, USIH   ,15, E. DA CUNHA   , VARM  ,0,1,-0.10, (1000$/hm3)    
22, USIH   ,16, A.S.OLIVEIRA  , VARM  ,0,1,-0.10, (1000$/hm3)    
22, USIH   ,38, A.S. LIMA     , VARM  ,0,1,-0.10, (1000$/hm3)    
22, USIH   ,39, IBITINGA      , VARM  ,0,1,-0.10, (1000$/hm3)    
22, USIH   ,62, TAQUARUCU     , VARM  ,0,1,-0.10, (1000$/hm3)    
22, USIH   ,63, ROSANA        , VARM  ,0,1,-0.10, (1000$/hm3)    
22, USIH   ,52, CANOAS I      , VARM  ,0,1,-0.10, (1000$/hm3)    
22, USIH   ,51, CANOAS II     , VARM  ,0,1,-0.10, (1000$/hm3)    
22, USIH   ,47, A.A. LAYDNER  , VARM  ,0,1,-0.10, (1000$/hm3)    
22, USIH   ,49, CHAVANTES     , VARM  ,0,1,-0.10, (1000$/hm3)    
22, USIH   ,61, CAPIVARA      , VARM  ,0,1,-0.10, (1000$/hm3)    
22, USIH   ,50, L.N. GARCEZ   , VARM  ,0,1,-0.10, (1000$/hm3)    
22, USIH   ,45, JUPIA         , VARM  ,0,1,-0.10, (1000$/hm3)    
22, USIH   ,44, I. SOLT. EQV  , VARM  ,0,1,-0.10, (1000$/hm3)    
22, USIH   ,46, P. PRIMAVERA  , VARM  ,0,1,-0.10, (1000$/hm3)    
22, USIH   ,120, JAGUARI       , VARM  ,0,1,-0.10, (1000$/hm3)    
22, USIH   ,121, PARAIBUNA     , VARM  ,0,1,-0.10, (1000$/hm3)    
22, USIH   ,6, FURNAS        , VARM  ,0,1,-0.10, (1000$/hm3)    
22, USIH   ,7, M. DE MORAES  , VARM  ,0,1,-0.10, (1000$/hm3)    
22, USIH   ,8, ESTREITO      , VARM  ,0,1,-0.10, (1000$/hm3)    
22, USIH   ,12, P. COLOMBIA   , VARM  ,0,1,-0.10, (1000$/hm3)    
22, USIH   ,17, MARIMBONDO    , VARM  ,0,1,-0.10, (1000$/hm3)    
22, USIH   ,31, ITUMBIARA     , VARM  ,0,1,-0.10, (1000$/hm3)    
22, USIH   ,30, CORUMBA I     , VARM  ,0,1,-0.10, (1000$/hm3)    
22, USIH   ,251, SERRA MESA    , VARM  ,0,1,-0.10, (1000$/hm3)    
22, USIH   ,278, MANSO         , VARM  ,0,1,-0.10, (1000$/hm3)    
22, USIH   ,123, FUNIL         , VARM  ,0,1,-0.10, (1000$/hm3)    
22, USIH   ,129, SIMPLICIO     , VARM  ,0,1,-0.10, (1000$/hm3)    
22, USIH   ,20, BATALHA       , VARM  ,0,1,-0.10, (1000$/hm3)    
22, USIH   ,287, STO ANTONIO   , VARM  ,0,1,-0.10, (1000$/hm3)    
22, USIH   ,257, PEIXE ANGIC   , VARM  ,0,1,-0.10, (1000$/hm3)    
22, USIH   ,122, SANTA BRANCA  , VARM  ,0,1,-0.10, (1000$/hm3)    
22, USIH   ,124, LAJES         , VARM  ,0,1,-0.10, (1000$/hm3)    
22, USIH   ,130, ILHA POMBOS   , VARM  ,0,1,-0.10, (1000$/hm3)    
22, USIH   ,131, NILO PECANHA  , VARM  ,0,1,-0.10, (1000$/hm3)    
22, USIH   ,133, P. PASSOS     , VARM  ,0,1,-0.10, (1000$/hm3)    
22, USIH   ,125, STA CECILIA   , VARM  ,0,1,-0.10, (1000$/hm3)    
22, USIH   ,180, TOCOS         , VARM  ,0,1,-0.10, (1000$/hm3)    
22, USIH   ,181, SANTANA       , VARM  ,0,1,-0.10, (1000$/hm3)    
22, USIH   ,182, VIGARIO       , VARM  ,0,1,-0.10, (1000$/hm3)    
22, USIH   ,183, FONTES A      , VARM  ,0,1,-0.10, (1000$/hm3)    
22, USIH   ,184, FONTES BC     , VARM  ,0,1,-0.10, (1000$/hm3)    
22, USIH   ,107, EDGARD SOUZA  , VARM  ,0,1,-0.10, (1000$/hm3)    
22, USIH   ,108, TRAICAO       , VARM  ,0,1,-0.10, (1000$/hm3)    
22, USIH   ,109, PEDREIRA      , VARM  ,0,1,-0.10, (1000$/hm3)    
22, USIH   ,117, GUARAPIRANGA  , VARM  ,0,1,-0.10, (1000$/hm3)    
22, USIH   ,118, BILLINGS      , VARM  ,0,1,-0.10, (1000$/hm3)    
22, USIH   ,119, HENRY BORDEN  , VARM  ,0,1,-0.10, (1000$/hm3)    
22, USIH   ,32, CACH.DOURADA  , VARM  ,0,1,-0.10, (1000$/hm3)    
22, USIH   ,11, VOLTA GRANDE  , VARM  ,0,1,-0.10, (1000$/hm3)    
22, USIH   ,135, P. ESTRELA    , VARM  ,0,1,-0.10, (1000$/hm3)    
22, USIH   ,139, CANDONGA      , VARM  ,0,1,-0.10, (1000$/hm3)    
22, USIH   ,262, SALTO         , VARM  ,0,1,-0.10, (1000$/hm3)    
22, USIH   ,89, GARIBALDI     , VARM  ,0,1,-0.10, (1000$/hm3)    
22, USIH   ,144, MASCARENHAS   , VARM  ,0,1,-0.10, (1000$/hm3)    
22, USIH   ,66, ITAIPU        , VARM  ,0,1,-0.10, (1000$/hm3)    
22, USIH   ,110, ERNESTINA     , VARM  ,0,1,-0.10, (1000$/hm3)    
22, USIH   ,111, PASSO REAL    , VARM  ,0,1,-0.10, (1000$/hm3)    
22, USIH   ,112, JACUI         , VARM  ,0,1,-0.10, (1000$/hm3)    
22, USIH   ,113, ITAUBA        , VARM  ,0,1,-0.10, (1000$/hm3)    
22, USIH   ,114, D. FRANCISCA  , VARM  ,0,1,-0.10, (1000$/hm3)    
22, USIH   ,74, G.B. MUNHOZ   , VARM  ,0,1,-0.10, (1000$/hm3)    
22, USIH   ,76, SEGREDO       , VARM  ,0,1,-0.10, (1000$/hm3)    
22, USIH   ,82, SALTO CAXIAS  , VARM  ,0,1,-0.10, (1000$/hm3)    
22, USIH   ,115, G.P. SOUZA    , VARM  ,0,1,-0.10, (1000$/hm3)    
22, USIH   ,73, JORDAO        , VARM  ,0,1,-0.10, (1000$/hm3)    
22, USIH   ,71, STA CLARA PR  , VARM  ,0,1,-0.10, (1000$/hm3)    
22, USIH   ,72, FUNDAO        , VARM  ,0,1,-0.10, (1000$/hm3)    
22, USIH   ,57, MAUA          , VARM  ,0,1,-0.10, (1000$/hm3)    
22, USIH   ,77, SLT.SANTIAGO  , VARM  ,0,1,-0.10, (1000$/hm3)    
22, USIH   ,78, SALTO OSORIO  , VARM  ,0,1,-0.10, (1000$/hm3)    
22, USIH   ,93, PASSO FUNDO   , VARM  ,0,1,-0.10, (1000$/hm3)    
22, USIH   ,91, MACHADINHO    , VARM  ,0,1,-0.10, (1000$/hm3)    
22, USIH   ,92, ITA           , VARM  ,0,1,-0.10, (1000$/hm3)    
22, USIH   ,252, CANA BRAVA    , VARM  ,0,1,-0.10, (1000$/hm3)    
22, USIH   ,253, SAO SALVADOR  , VARM  ,0,1,-0.10, (1000$/hm3)    
22, USIH   ,267, ESTREITO TOC  , VARM  ,0,1,-0.10, (1000$/hm3)    
22, USIH   ,281, PONTE PEDRA   , VARM  ,0,1,-0.10, (1000$/hm3)    
22, USIH   ,9, JAGUARA       , VARM  ,0,1,-0.10, (1000$/hm3)    
22, USIH   ,26, MIRANDA       , VARM  ,0,1,-0.10, (1000$/hm3)    
22, USIH   ,86, BARRA GRANDE  , VARM  ,0,1,-0.10, (1000$/hm3)    
22, USIH   ,90, CAMPOS NOVOS  , VARM  ,0,1,-0.10, (1000$/hm3)    
22, USIH   ,97, CASTRO ALVES  , VARM  ,0,1,-0.10, (1000$/hm3)    
22, USIH   ,98, MONTE CLARO   , VARM  ,0,1,-0.10, (1000$/hm3)    
22, USIH   ,99, 14 DE JULHO   , VARM  ,0,1,-0.10, (1000$/hm3)    
22, USIH   ,103, FOZ CHAPECO   , VARM  ,0,1,-0.10, (1000$/hm3)    
22, USIH   ,169, SOBRADINHO    , VARM  ,0,1,-0.10, (1000$/hm3)    
22, USIH   ,172, ITAPARICA     , VARM  ,0,1,-0.10, (1000$/hm3)    
22, USIH   ,173, MOXOTO        , VARM  ,0,1,-0.10, (1000$/hm3)    
22, USIH   ,174, P.AFONSO 123  , VARM  ,0,1,-0.10, (1000$/hm3)    
22, USIH   ,175, P.AFONSO 4    , VARM  ,0,1,-0.10, (1000$/hm3)    
22, USIH   ,178, XINGO         , VARM  ,0,1,-0.10, (1000$/hm3)    
22, USIH   ,190, B. ESPERANCA  , VARM  ,0,1,-0.10, (1000$/hm3)    
22, USIH   ,189, P. CAVALO     , VARM  ,0,1,-0.10, (1000$/hm3)    
22, USIH   ,275, TUCURUI       , VARM  ,0,1,-0.10, (1000$/hm3)    
22, USIH   ,272, CURUA-UNA     , VARM  ,0,1,-0.10, (1000$/hm3)    
22, USIH   ,279, SAMUEL        , VARM  ,0,1,-0.10, (1000$/hm3)    
22, USIH   ,280, COARACY NUNE  , VARM  ,0,1,-0.10, (1000$/hm3)    
22, USIH   ,204, CACH.CALDEIR  , VARM  ,0,1,-0.10, (1000$/hm3)    
22, USIH   ,127, SOBRAGI       , VARM  ,0,1,-0.10, (1000$/hm3)    
22, USIH   ,126, PICADA        , VARM  ,0,1,-0.10, (1000$/hm3)    
22, USIH   ,283, STA CLARA MG  , VARM  ,0,1,-0.10, (1000$/hm3)    
22, USIH   ,261, LAJEADO       , VARM  ,0,1,-0.10, (1000$/hm3)    
22, USIH   ,48, PIRAJU        , VARM  ,0,1,-0.10, (1000$/hm3)    
22, USIH   ,249, OURINHOS      , VARM  ,0,1,-0.10, (1000$/hm3)    
22, USIH   ,241, SLT VERDINHO  , VARM  ,0,1,-0.10, (1000$/hm3)    
22, USIH   ,304, ITIQUIRA I    , VARM  ,0,1,-0.10, (1000$/hm3)    
22, USIH   ,305, ITIQUIRA II   , VARM  ,0,1,-0.10, (1000$/hm3)    
22, USIH   ,196, GUAPORE       , VARM  ,0,1,-0.10, (1000$/hm3)    
22, USIH   ,195, JAURU         , VARM  ,0,1,-0.10, (1000$/hm3)    
22, USIH   ,95, QUEBRA QUEIX  , VARM  ,0,1,-0.10, (1000$/hm3)    
22, USIH   ,203, CORUMBA III   , VARM  ,0,1,-0.10, (1000$/hm3)    
22, USIH   ,154, ITAPEBI       , VARM  ,0,1,-0.10, (1000$/hm3)    
22, USIH   ,310, DARDANELOS    , VARM  ,0,1,-0.10, (1000$/hm3)    
22, USIH   ,29, CORUMBA IV    , VARM  ,0,1,-0.10, (1000$/hm3)    
22, USIH   ,94, MONJOLINHO    , VARM  ,0,1,-0.10, (1000$/hm3)    
22, USIH   ,215, SALTO PILAO   , VARM  ,0,1,-0.10, (1000$/hm3)    
22, USIH   ,155, RETIRO BAIXO  , VARM  ,0,1,-0.10, (1000$/hm3)    
22, USIH   ,311, CACU          , VARM  ,0,1,-0.10, (1000$/hm3)    
22, USIH   ,312, B. COQUEIROS  , VARM  ,0,1,-0.10, (1000$/hm3)    
22, USIH   ,315, FOZ R. CLARO  , VARM  ,0,1,-0.10, (1000$/hm3)    
22, USIH   ,21, SERRA FACAO   , VARM  ,0,1,-0.10, (1000$/hm3)    
22, USIH   ,290, ESPORA        , VARM  ,0,1,-0.10, (1000$/hm3)    
22, USIH   ,101, SAO JOSE      , VARM  ,0,1,-0.10, (1000$/hm3)    
22, USIH   ,276, RONDON II     , VARM  ,0,1,-0.10, (1000$/hm3)    
22, USIH   ,102, PASSO S JOAO  , VARM  ,0,1,-0.10, (1000$/hm3)    
22, USIH   ,277, BALBINA       , VARM  ,0,1,-0.10, (1000$/hm3)    
22, USIH   ,285, JIRAU         , VARM  ,0,1,-0.10, (1000$/hm3)    
22, USIH   ,286, STO ANT JARI  , VARM  ,0,1,-0.10, (1000$/hm3)    
22, USIH   ,284, FERREIRA GOM  , VARM  ,0,1,-0.10, (1000$/hm3)    
22, USIH   ,229, TELES PIRES   , VARM  ,0,1,-0.10, (1000$/hm3)    
22, USIH   ,192, GUILMAN-AMOR  , VARM  ,0,1,-0.10, (1000$/hm3)    
22, USIH   ,230, SAO MANOEL    , VARM  ,0,1,-0.10, (1000$/hm3)    
22, USIH   ,288, BELO MONTE    , VARM  ,0,1,-0.10, (1000$/hm3)    
22, USIH   ,314, PIMENTAL      , VARM  ,0,1,-0.10, (1000$/hm3)    
23, RHS    ,0,      -        ,  RHS  ,0,0,0.1,  1000$         
23, USIH   ,1, CAMARGOS      , VARM  ,0,1,-0.10, (1000$/hm3)    
23, USIH   ,2, ITUTINGA      , VARM  ,0,1,-0.10, (1000$/hm3)    
23, USIH   ,4, FUNIL-GRANDE  , VARM  ,0,1,-0.10, (1000$/hm3)    
23, USIH   ,24, EMBORCACAO    , VARM  ,0,1,-0.10, (1000$/hm3)    
23, USIH   ,27, CAPIM BRANC1  , VARM  ,0,1,-0.10, (1000$/hm3)    
23, USIH   ,28, CAPIM BRANC2  , VARM  ,0,1,-0.10, (1000$/hm3)    
23, USIH   ,25, NOVA PONTE    , VARM  ,0,1,-0.10, (1000$/hm3)    
23, USIH   ,33, SAO SIMAO     , VARM  ,0,1,-0.10, (1000$/hm3)    
23, USIH   ,156, TRES MARIAS   , VARM  ,0,1,-0.10, (1000$/hm3)    
23, USIH   ,134, SALTO GRANDE  , VARM  ,0,1,-0.10, (1000$/hm3)    
23, USIH   ,10, IGARAPAVA     , VARM  ,0,1,-0.10, (1000$/hm3)    
23, USIH   ,143, AIMORES       , VARM  ,0,1,-0.10, (1000$/hm3)    
23, USIH   ,162, QUEIMADO      , VARM  ,0,1,-0.10, (1000$/hm3)    
23, USIH   ,148, IRAPE         , VARM  ,0,1,-0.10, (1000$/hm3)    
23, USIH   ,217, ROSAL         , VARM  ,0,1,-0.10, (1000$/hm3)    
23, USIH   ,193, SA CARVALHO   , VARM  ,0,1,-0.10, (1000$/hm3)    
23, USIH   ,141, BAGUARI       , VARM  ,0,1,-0.10, (1000$/hm3)    
23, USIH   ,14, CACONDE       , VARM  ,0,1,-0.10, (1000$/hm3)    
23, USIH   ,18, A. VERMELHA   , VARM  ,0,1,-0.10, (1000$/hm3)    
23, USIH   ,37, BARRA BONITA  , VARM  ,0,1,-0.10, (1000$/hm3)    
23, USIH   ,40, PROMISSAO     , VARM  ,0,1,-0.10, (1000$/hm3)    
23, USIH   ,42, NAVANHANDAVA  , VARM  ,0,1,-0.10, (1000$/hm3)    
23, USIH   ,15, E. DA CUNHA   , VARM  ,0,1,-0.10, (1000$/hm3)    
23, USIH   ,16, A.S.OLIVEIRA  , VARM  ,0,1,-0.10, (1000$/hm3)    
23, USIH   ,38, A.S. LIMA     , VARM  ,0,1,-0.10, (1000$/hm3)    
23, USIH   ,39, IBITINGA      , VARM  ,0,1,-0.10, (1000$/hm3)    
23, USIH   ,62, TAQUARUCU     , VARM  ,0,1,-0.10, (1000$/hm3)    
23, USIH   ,63, ROSANA        , VARM  ,0,1,-0.10, (1000$/hm3)    
23, USIH   ,52, CANOAS I      , VARM  ,0,1,-0.10, (1000$/hm3)    
23, USIH   ,51, CANOAS II     , VARM  ,0,1,-0.10, (1000$/hm3)    
23, USIH   ,47, A.A. LAYDNER  , VARM  ,0,1,-0.10, (1000$/hm3)    
23, USIH   ,49, CHAVANTES     , VARM  ,0,1,-0.10, (1000$/hm3)    
23, USIH   ,61, CAPIVARA      , VARM  ,0,1,-0.10, (1000$/hm3)    
23, USIH   ,50, L.N. GARCEZ   , VARM  ,0,1,-0.10, (1000$/hm3)    
23, USIH   ,45, JUPIA         , VARM  ,0,1,-0.10, (1000$/hm3)    
23, USIH   ,44, I. SOLT. EQV  , VARM  ,0,1,-0.10, (1000$/hm3)    
23, USIH   ,46, P. PRIMAVERA  , VARM  ,0,1,-0.10, (1000$/hm3)    
23, USIH   ,120, JAGUARI       , VARM  ,0,1,-0.10, (1000$/hm3)    
23, USIH   ,121, PARAIBUNA     , VARM  ,0,1,-0.10, (1000$/hm3)    
23, USIH   ,6, FURNAS        , VARM  ,0,1,-0.10, (1000$/hm3)    
23, USIH   ,7, M. DE MORAES  , VARM  ,0,1,-0.10, (1000$/hm3)    
23, USIH   ,8, ESTREITO      , VARM  ,0,1,-0.10, (1000$/hm3)    
23, USIH   ,12, P. COLOMBIA   , VARM  ,0,1,-0.10, (1000$/hm3)    
23, USIH   ,17, MARIMBONDO    , VARM  ,0,1,-0.10, (1000$/hm3)    
23, USIH   ,31, ITUMBIARA     , VARM  ,0,1,-0.10, (1000$/hm3)    
23, USIH   ,30, CORUMBA I     , VARM  ,0,1,-0.10, (1000$/hm3)    
23, USIH   ,251, SERRA MESA    , VARM  ,0,1,-0.10, (1000$/hm3)    
23, USIH   ,278, MANSO         , VARM  ,0,1,-0.10, (1000$/hm3)    
23, USIH   ,123, FUNIL         , VARM  ,0,1,-0.10, (1000$/hm3)    
23, USIH   ,129, SIMPLICIO     , VARM  ,0,1,-0.10, (1000$/hm3)    
23, USIH   ,20, BATALHA       , VARM  ,0,1,-0.10, (1000$/hm3)    
23, USIH   ,287, STO ANTONIO   , VARM  ,0,1,-0.10, (1000$/hm3)    
23, USIH   ,257, PEIXE ANGIC   , VARM  ,0,1,-0.10, (1000$/hm3)    
23, USIH   ,122, SANTA BRANCA  , VARM  ,0,1,-0.10, (1000$/hm3)    
23, USIH   ,124, LAJES         , VARM  ,0,1,-0.10, (1000$/hm3)    
23, USIH   ,130, ILHA POMBOS   , VARM  ,0,1,-0.10, (1000$/hm3)    
23, USIH   ,131, NILO PECANHA  , VARM  ,0,1,-0.10, (1000$/hm3)    
23, USIH   ,133, P. PASSOS     , VARM  ,0,1,-0.10, (1000$/hm3)    
23, USIH   ,125, STA CECILIA   , VARM  ,0,1,-0.10, (1000$/hm3)    
23, USIH   ,180, TOCOS         , VARM  ,0,1,-0.10, (1000$/hm3)    
23, USIH   ,181, SANTANA       , VARM  ,0,1,-0.10, (1000$/hm3)    
23, USIH   ,182, VIGARIO       , VARM  ,0,1,-0.10, (1000$/hm3)    
23, USIH   ,183, FONTES A      , VARM  ,0,1,-0.10, (1000$/hm3)    
23, USIH   ,184, FONTES BC     , VARM  ,0,1,-0.10, (1000$/hm3)    
23, USIH   ,107, EDGARD SOUZA  , VARM  ,0,1,-0.10, (1000$/hm3)    
23, USIH   ,108, TRAICAO       , VARM  ,0,1,-0.10, (1000$/hm3)    
23, USIH   ,109, PEDREIRA      , VARM  ,0,1,-0.10, (1000$/hm3)    
23, USIH   ,117, GUARAPIRANGA  , VARM  ,0,1,-0.10, (1000$/hm3)    
23, USIH   ,118, BILLINGS      , VARM  ,0,1,-0.10, (1000$/hm3)    
23, USIH   ,119, HENRY BORDEN  , VARM  ,0,1,-0.10, (1000$/hm3)    
23, USIH   ,32, CACH.DOURADA  , VARM  ,0,1,-0.10, (1000$/hm3)    
23, USIH   ,11, VOLTA GRANDE  , VARM  ,0,1,-0.10, (1000$/hm3)    
23, USIH   ,135, P. ESTRELA    , VARM  ,0,1,-0.10, (1000$/hm3)    
23, USIH   ,139, CANDONGA      , VARM  ,0,1,-0.10, (1000$/hm3)    
23, USIH   ,262, SALTO         , VARM  ,0,1,-0.10, (1000$/hm3)    
23, USIH   ,89, GARIBALDI     , VARM  ,0,1,-0.10, (1000$/hm3)    
23, USIH   ,144, MASCARENHAS   , VARM  ,0,1,-0.10, (1000$/hm3)    
23, USIH   ,66, ITAIPU        , VARM  ,0,1,-0.10, (1000$/hm3)    
23, USIH   ,110, ERNESTINA     , VARM  ,0,1,-0.10, (1000$/hm3)    
23, USIH   ,111, PASSO REAL    , VARM  ,0,1,-0.10, (1000$/hm3)    
23, USIH   ,112, JACUI         , VARM  ,0,1,-0.10, (1000$/hm3)    
23, USIH   ,113, ITAUBA        , VARM  ,0,1,-0.10, (1000$/hm3)    
23, USIH   ,114, D. FRANCISCA  , VARM  ,0,1,-0.10, (1000$/hm3)    
23, USIH   ,74, G.B. MUNHOZ   , VARM  ,0,1,-0.10, (1000$/hm3)    
23, USIH   ,76, SEGREDO       , VARM  ,0,1,-0.10, (1000$/hm3)    
23, USIH   ,82, SALTO CAXIAS  , VARM  ,0,1,-0.10, (1000$/hm3)    
23, USIH   ,115, G.P. SOUZA    , VARM  ,0,1,-0.10, (1000$/hm3)    
23, USIH   ,73, JORDAO        , VARM  ,0,1,-0.10, (1000$/hm3)    
23, USIH   ,71, STA CLARA PR  , VARM  ,0,1,-0.10, (1000$/hm3)    
23, USIH   ,72, FUNDAO        , VARM  ,0,1,-0.10, (1000$/hm3)    
23, USIH   ,57, MAUA          , VARM  ,0,1,-0.10, (1000$/hm3)    
23, USIH   ,77, SLT.SANTIAGO  , VARM  ,0,1,-0.10, (1000$/hm3)    
23, USIH   ,78, SALTO OSORIO  , VARM  ,0,1,-0.10, (1000$/hm3)    
23, USIH   ,93, PASSO FUNDO   , VARM  ,0,1,-0.10, (1000$/hm3)    
23, USIH   ,91, MACHADINHO    , VARM  ,0,1,-0.10, (1000$/hm3)    
23, USIH   ,92, ITA           , VARM  ,0,1,-0.10, (1000$/hm3)    
23, USIH   ,252, CANA BRAVA    , VARM  ,0,1,-0.10, (1000$/hm3)    
23, USIH   ,253, SAO SALVADOR  , VARM  ,0,1,-0.10, (1000$/hm3)    
23, USIH   ,267, ESTREITO TOC  , VARM  ,0,1,-0.10, (1000$/hm3)    
23, USIH   ,281, PONTE PEDRA   , VARM  ,0,1,-0.10, (1000$/hm3)    
23, USIH   ,9, JAGUARA       , VARM  ,0,1,-0.10, (1000$/hm3)    
23, USIH   ,26, MIRANDA       , VARM  ,0,1,-0.10, (1000$/hm3)    
23, USIH   ,86, BARRA GRANDE  , VARM  ,0,1,-0.10, (1000$/hm3)    
23, USIH   ,90, CAMPOS NOVOS  , VARM  ,0,1,-0.10, (1000$/hm3)    
23, USIH   ,97, CASTRO ALVES  , VARM  ,0,1,-0.10, (1000$/hm3)    
23, USIH   ,98, MONTE CLARO   , VARM  ,0,1,-0.10, (1000$/hm3)    
23, USIH   ,99, 14 DE JULHO   , VARM  ,0,1,-0.10, (1000$/hm3)    
23, USIH   ,103, FOZ CHAPECO   , VARM  ,0,1,-0.10, (1000$/hm3)    
23, USIH   ,169, SOBRADINHO    , VARM  ,0,1,-0.10, (1000$/hm3)    
23, USIH   ,172, ITAPARICA     , VARM  ,0,1,-0.10, (1000$/hm3)    
23, USIH   ,173, MOXOTO        , VARM  ,0,1,-0.10, (1000$/hm3)    
23, USIH   ,174, P.AFONSO 123  , VARM  ,0,1,-0.10, (1000$/hm3)    
23, USIH   ,175, P.AFONSO 4    , VARM  ,0,1,-0.10, (1000$/hm3)    
23, USIH   ,178, XINGO         , VARM  ,0,1,-0.10, (1000$/hm3)    
23, USIH   ,190, B. ESPERANCA  , VARM  ,0,1,-0.10, (1000$/hm3)    
23, USIH   ,189, P. CAVALO     , VARM  ,0,1,-0.10, (1000$/hm3)    
23, USIH   ,275, TUCURUI       , VARM  ,0,1,-0.10, (1000$/hm3)    
23, USIH   ,272, CURUA-UNA     , VARM  ,0,1,-0.10, (1000$/hm3)    
23, USIH   ,279, SAMUEL        , VARM  ,0,1,-0.10, (1000$/hm3)    
23, USIH   ,280, COARACY NUNE  , VARM  ,0,1,-0.10, (1000$/hm3)    
23, USIH   ,204, CACH.CALDEIR  , VARM  ,0,1,-0.10, (1000$/hm3)    
23, USIH   ,127, SOBRAGI       , VARM  ,0,1,-0.10, (1000$/hm3)    
23, USIH   ,126, PICADA        , VARM  ,0,1,-0.10, (1000$/hm3)    
23, USIH   ,283, STA CLARA MG  , VARM  ,0,1,-0.10, (1000$/hm3)    
23, USIH   ,261, LAJEADO       , VARM  ,0,1,-0.10, (1000$/hm3)    
23, USIH   ,48, PIRAJU        , VARM  ,0,1,-0.10, (1000$/hm3)    
23, USIH   ,249, OURINHOS      , VARM  ,0,1,-0.10, (1000$/hm3)    
23, USIH   ,241, SLT VERDINHO  , VARM  ,0,1,-0.10, (1000$/hm3)    
23, USIH   ,304, ITIQUIRA I    , VARM  ,0,1,-0.10, (1000$/hm3)    
23, USIH   ,305, ITIQUIRA II   , VARM  ,0,1,-0.10, (1000$/hm3)    
23, USIH   ,196, GUAPORE       , VARM  ,0,1,-0.10, (1000$/hm3)    
23, USIH   ,195, JAURU         , VARM  ,0,1,-0.10, (1000$/hm3)    
23, USIH   ,95, QUEBRA QUEIX  , VARM  ,0,1,-0.10, (1000$/hm3)    
23, USIH   ,203, CORUMBA III   , VARM  ,0,1,-0.10, (1000$/hm3)    
23, USIH   ,154, ITAPEBI       , VARM  ,0,1,-0.10, (1000$/hm3)    
23, USIH   ,310, DARDANELOS    , VARM  ,0,1,-0.10, (1000$/hm3)    
23, USIH   ,29, CORUMBA IV    , VARM  ,0,1,-0.10, (1000$/hm3)    
23, USIH   ,94, MONJOLINHO    , VARM  ,0,1,-0.10, (1000$/hm3)    
23, USIH   ,215, SALTO PILAO   , VARM  ,0,1,-0.10, (1000$/hm3)    
23, USIH   ,155, RETIRO BAIXO  , VARM  ,0,1,-0.10, (1000$/hm3)    
23, USIH   ,311, CACU          , VARM  ,0,1,-0.10, (1000$/hm3)    
23, USIH   ,312, B. COQUEIROS  , VARM  ,0,1,-0.10, (1000$/hm3)    
23, USIH   ,315, FOZ R. CLARO  , VARM  ,0,1,-0.10, (1000$/hm3)    
23, USIH   ,21, SERRA FACAO   , VARM  ,0,1,-0.10, (1000$/hm3)    
23, USIH   ,290, ESPORA        , VARM  ,0,1,-0.10, (1000$/hm3)    
23, USIH   ,101, SAO JOSE      , VARM  ,0,1,-0.10, (1000$/hm3)    
23, USIH   ,276, RONDON II     , VARM  ,0,1,-0.10, (1000$/hm3)    
23, USIH   ,102, PASSO S JOAO  , VARM  ,0,1,-0.10, (1000$/hm3)    
23, USIH   ,277, BALBINA       , VARM  ,0,1,-0.10, (1000$/hm3)    
23, USIH   ,285, JIRAU         , VARM  ,0,1,-0.10, (1000$/hm3)    
23, USIH   ,286, STO ANT JARI  , VARM  ,0,1,-0.10, (1000$/hm3)    
23, USIH   ,284, FERREIRA GOM  , VARM  ,0,1,-0.10, (1000$/hm3)    
23, USIH   ,229, TELES PIRES   , VARM  ,0,1,-0.10, (1000$/hm3)    
23, USIH   ,192, GUILMAN-AMOR  , VARM  ,0,1,-0.10, (1000$/hm3)    
23, USIH   ,230, SAO MANOEL    , VARM  ,0,1,-0.10, (1000$/hm3)    
23, USIH   ,288, BELO MONTE    , VARM  ,0,1,-0.10, (1000$/hm3)    
23, USIH   ,314, PIMENTAL      , VARM  ,0,1,-0.10, (1000$/hm3)    
24, RHS    ,0,      -        ,  RHS  ,0,0,0.1,  1000$         
24, USIH   ,1, CAMARGOS      , VARM  ,0,1,-0.10, (1000$/hm3)    
24, USIH   ,2, ITUTINGA      , VARM  ,0,1,-0.10, (1000$/hm3)    
24, USIH   ,4, FUNIL-GRANDE  , VARM  ,0,1,-0.10, (1000$/hm3)    
24, USIH   ,24, EMBORCACAO    , VARM  ,0,1,-0.10, (1000$/hm3)    
24, USIH   ,27, CAPIM BRANC1  , VARM  ,0,1,-0.10, (1000$/hm3)    
24, USIH   ,28, CAPIM BRANC2  , VARM  ,0,1,-0.10, (1000$/hm3)    
24, USIH   ,25, NOVA PONTE    , VARM  ,0,1,-0.10, (1000$/hm3)    
24, USIH   ,33, SAO SIMAO     , VARM  ,0,1,-0.10, (1000$/hm3)    
24, USIH   ,156, TRES MARIAS   , VARM  ,0,1,-0.10, (1000$/hm3)    
24, USIH   ,134, SALTO GRANDE  , VARM  ,0,1,-0.10, (1000$/hm3)    
24, USIH   ,10, IGARAPAVA     , VARM  ,0,1,-0.10, (1000$/hm3)    
24, USIH   ,143, AIMORES       , VARM  ,0,1,-0.10, (1000$/hm3)    
24, USIH   ,162, QUEIMADO      , VARM  ,0,1,-0.10, (1000$/hm3)    
24, USIH   ,148, IRAPE         , VARM  ,0,1,-0.10, (1000$/hm3)    
24, USIH   ,217, ROSAL         , VARM  ,0,1,-0.10, (1000$/hm3)    
24, USIH   ,193, SA CARVALHO   , VARM  ,0,1,-0.10, (1000$/hm3)    
24, USIH   ,141, BAGUARI       , VARM  ,0,1,-0.10, (1000$/hm3)    
24, USIH   ,14, CACONDE       , VARM  ,0,1,-0.10, (1000$/hm3)    
24, USIH   ,18, A. VERMELHA   , VARM  ,0,1,-0.10, (1000$/hm3)    
24, USIH   ,37, BARRA BONITA  , VARM  ,0,1,-0.10, (1000$/hm3)    
24, USIH   ,40, PROMISSAO     , VARM  ,0,1,-0.10, (1000$/hm3)    
24, USIH   ,42, NAVANHANDAVA  , VARM  ,0,1,-0.10, (1000$/hm3)    
24, USIH   ,15, E. DA CUNHA   , VARM  ,0,1,-0.10, (1000$/hm3)    
24, USIH   ,16, A.S.OLIVEIRA  , VARM  ,0,1,-0.10, (1000$/hm3)    
24, USIH   ,38, A.S. LIMA     , VARM  ,0,1,-0.10, (1000$/hm3)    
24, USIH   ,39, IBITINGA      , VARM  ,0,1,-0.10, (1000$/hm3)    
24, USIH   ,62, TAQUARUCU     , VARM  ,0,1,-0.10, (1000$/hm3)    
24, USIH   ,63, ROSANA        , VARM  ,0,1,-0.10, (1000$/hm3)    
24, USIH   ,52, CANOAS I      , VARM  ,0,1,-0.10, (1000$/hm3)    
24, USIH   ,51, CANOAS II     , VARM  ,0,1,-0.10, (1000$/hm3)    
24, USIH   ,47, A.A. LAYDNER  , VARM  ,0,1,-0.10, (1000$/hm3)    
24, USIH   ,49, CHAVANTES     , VARM  ,0,1,-0.10, (1000$/hm3)    
24, USIH   ,61, CAPIVARA      , VARM  ,0,1,-0.10, (1000$/hm3)    
24, USIH   ,50, L.N. GARCEZ   , VARM  ,0,1,-0.10, (1000$/hm3)    
24, USIH   ,45, JUPIA         , VARM  ,0,1,-0.10, (1000$/hm3)    
24, USIH   ,44, I. SOLT. EQV  , VARM  ,0,1,-0.10, (1000$/hm3)    
24, USIH   ,46, P. PRIMAVERA  , VARM  ,0,1,-0.10, (1000$/hm3)    
24, USIH   ,120, JAGUARI       , VARM  ,0,1,-0.10, (1000$/hm3)    
24, USIH   ,121, PARAIBUNA     , VARM  ,0,1,-0.10, (1000$/hm3)    
24, USIH   ,6, FURNAS        , VARM  ,0,1,-0.10, (1000$/hm3)    
24, USIH   ,7, M. DE MORAES  , VARM  ,0,1,-0.10, (1000$/hm3)    
24, USIH   ,8, ESTREITO      , VARM  ,0,1,-0.10, (1000$/hm3)    
24, USIH   ,12, P. COLOMBIA   , VARM  ,0,1,-0.10, (1000$/hm3)    
24, USIH   ,17, MARIMBONDO    , VARM  ,0,1,-0.10, (1000$/hm3)    
24, USIH   ,31, ITUMBIARA     , VARM  ,0,1,-0.10, (1000$/hm3)    
24, USIH   ,30, CORUMBA I     , VARM  ,0,1,-0.10, (1000$/hm3)    
24, USIH   ,251, SERRA MESA    , VARM  ,0,1,-0.10, (1000$/hm3)    
24, USIH   ,278, MANSO         , VARM  ,0,1,-0.10, (1000$/hm3)    
24, USIH   ,123, FUNIL         , VARM  ,0,1,-0.10, (1000$/hm3)    
24, USIH   ,129, SIMPLICIO     , VARM  ,0,1,-0.10, (1000$/hm3)    
24, USIH   ,20, BATALHA       , VARM  ,0,1,-0.10, (1000$/hm3)    
24, USIH   ,287, STO ANTONIO   , VARM  ,0,1,-0.10, (1000$/hm3)    
24, USIH   ,257, PEIXE ANGIC   , VARM  ,0,1,-0.10, (1000$/hm3)    
24, USIH   ,122, SANTA BRANCA  , VARM  ,0,1,-0.10, (1000$/hm3)    
24, USIH   ,124, LAJES         , VARM  ,0,1,-0.10, (1000$/hm3)    
24, USIH   ,130, ILHA POMBOS   , VARM  ,0,1,-0.10, (1000$/hm3)    
24, USIH   ,131, NILO PECANHA  , VARM  ,0,1,-0.10, (1000$/hm3)    
24, USIH   ,133, P. PASSOS     , VARM  ,0,1,-0.10, (1000$/hm3)    
24, USIH   ,125, STA CECILIA   , VARM  ,0,1,-0.10, (1000$/hm3)    
24, USIH   ,180, TOCOS         , VARM  ,0,1,-0.10, (1000$/hm3)    
24, USIH   ,181, SANTANA       , VARM  ,0,1,-0.10, (1000$/hm3)    
24, USIH   ,182, VIGARIO       , VARM  ,0,1,-0.10, (1000$/hm3)    
24, USIH   ,183, FONTES A      , VARM  ,0,1,-0.10, (1000$/hm3)    
24, USIH   ,184, FONTES BC     , VARM  ,0,1,-0.10, (1000$/hm3)    
24, USIH   ,107, EDGARD SOUZA  , VARM  ,0,1,-0.10, (1000$/hm3)    
24, USIH   ,108, TRAICAO       , VARM  ,0,1,-0.10, (1000$/hm3)    
24, USIH   ,109, PEDREIRA      , VARM  ,0,1,-0.10, (1000$/hm3)    
24, USIH   ,117, GUARAPIRANGA  , VARM  ,0,1,-0.10, (1000$/hm3)    
24, USIH   ,118, BILLINGS      , VARM  ,0,1,-0.10, (1000$/hm3)    
24, USIH   ,119, HENRY BORDEN  , VARM  ,0,1,-0.10, (1000$/hm3)    
24, USIH   ,32, CACH.DOURADA  , VARM  ,0,1,-0.10, (1000$/hm3)    
24, USIH   ,11, VOLTA GRANDE  , VARM  ,0,1,-0.10, (1000$/hm3)    
24, USIH   ,135, P. ESTRELA    , VARM  ,0,1,-0.10, (1000$/hm3)    
24, USIH   ,139, CANDONGA      , VARM  ,0,1,-0.10, (1000$/hm3)    
24, USIH   ,262, SALTO         , VARM  ,0,1,-0.10, (1000$/hm3)    
24, USIH   ,89, GARIBALDI     , VARM  ,0,1,-0.10, (1000$/hm3)    
24, USIH   ,144, MASCARENHAS   , VARM  ,0,1,-0.10, (1000$/hm3)    
24, USIH   ,66, ITAIPU        , VARM  ,0,1,-0.10, (1000$/hm3)    
24, USIH   ,110, ERNESTINA     , VARM  ,0,1,-0.10, (1000$/hm3)    
24, USIH   ,111, PASSO REAL    , VARM  ,0,1,-0.10, (1000$/hm3)    
24, USIH   ,112, JACUI         , VARM  ,0,1,-0.10, (1000$/hm3)    
24, USIH   ,113, ITAUBA        , VARM  ,0,1,-0.10, (1000$/hm3)    
24, USIH   ,114, D. FRANCISCA  , VARM  ,0,1,-0.10, (1000$/hm3)    
24, USIH   ,74, G.B. MUNHOZ   , VARM  ,0,1,-0.10, (1000$/hm3)    
24, USIH   ,76, SEGREDO       , VARM  ,0,1,-0.10, (1000$/hm3)    
24, USIH   ,82, SALTO CAXIAS  , VARM  ,0,1,-0.10, (1000$/hm3)    
24, USIH   ,115, G.P. SOUZA    , VARM  ,0,1,-0.10, (1000$/hm3)    
24, USIH   ,73, JORDAO        , VARM  ,0,1,-0.10, (1000$/hm3)    
24, USIH   ,71, STA CLARA PR  , VARM  ,0,1,-0.10, (1000$/hm3)    
24, USIH   ,72, FUNDAO        , VARM  ,0,1,-0.10, (1000$/hm3)    
24, USIH   ,57, MAUA          , VARM  ,0,1,-0.10, (1000$/hm3)    
24, USIH   ,77, SLT.SANTIAGO  , VARM  ,0,1,-0.10, (1000$/hm3)    
24, USIH   ,78, SALTO OSORIO  , VARM  ,0,1,-0.10, (1000$/hm3)    
24, USIH   ,93, PASSO FUNDO   , VARM  ,0,1,-0.10, (1000$/hm3)    
24, USIH   ,91, MACHADINHO    , VARM  ,0,1,-0.10, (1000$/hm3)    
24, USIH   ,92, ITA           , VARM  ,0,1,-0.10, (1000$/hm3)    
24, USIH   ,252, CANA BRAVA    , VARM  ,0,1,-0.10, (1000$/hm3)    
24, USIH   ,253, SAO SALVADOR  , VARM  ,0,1,-0.10, (1000$/hm3)    
24, USIH   ,267, ESTREITO TOC  , VARM  ,0,1,-0.10, (1000$/hm3)    
24, USIH   ,281, PONTE PEDRA   , VARM  ,0,1,-0.10, (1000$/hm3)    
24, USIH   ,9, JAGUARA       , VARM  ,0,1,-0.10, (1000$/hm3)    
24, USIH   ,26, MIRANDA       , VARM  ,0,1,-0.10, (1000$/hm3)    
24, USIH   ,86, BARRA GRANDE  , VARM  ,0,1,-0.10, (1000$/hm3)    
24, USIH   ,90, CAMPOS NOVOS  , VARM  ,0,1,-0.10, (1000$/hm3)    
24, USIH   ,97, CASTRO ALVES  , VARM  ,0,1,-0.10, (1000$/hm3)    
24, USIH   ,98, MONTE CLARO   , VARM  ,0,1,-0.10, (1000$/hm3)    
24, USIH   ,99, 14 DE JULHO   , VARM  ,0,1,-0.10, (1000$/hm3)    
24, USIH   ,103, FOZ CHAPECO   , VARM  ,0,1,-0.10, (1000$/hm3)    
24, USIH   ,169, SOBRADINHO    , VARM  ,0,1,-0.10, (1000$/hm3)    
24, USIH   ,172, ITAPARICA     , VARM  ,0,1,-0.10, (1000$/hm3)    
24, USIH   ,173, MOXOTO        , VARM  ,0,1,-0.10, (1000$/hm3)    
24, USIH   ,174, P.AFONSO 123  , VARM  ,0,1,-0.10, (1000$/hm3)    
24, USIH   ,175, P.AFONSO 4    , VARM  ,0,1,-0.10, (1000$/hm3)    
24, USIH   ,178, XINGO         , VARM  ,0,1,-0.10, (1000$/hm3)    
24, USIH   ,190, B. ESPERANCA  , VARM  ,0,1,-0.10, (1000$/hm3)    
24, USIH   ,189, P. CAVALO     , VARM  ,0,1,-0.10, (1000$/hm3)    
24, USIH   ,275, TUCURUI       , VARM  ,0,1,-0.10, (1000$/hm3)    
24, USIH   ,272, CURUA-UNA     , VARM  ,0,1,-0.10, (1000$/hm3)    
24, USIH   ,279, SAMUEL        , VARM  ,0,1,-0.10, (1000$/hm3)    
24, USIH   ,280, COARACY NUNE  , VARM  ,0,1,-0.10, (1000$/hm3)    
24, USIH   ,204, CACH.CALDEIR  , VARM  ,0,1,-0.10, (1000$/hm3)    
24, USIH   ,127, SOBRAGI       , VARM  ,0,1,-0.10, (1000$/hm3)    
24, USIH   ,126, PICADA        , VARM  ,0,1,-0.10, (1000$/hm3)    
24, USIH   ,283, STA CLARA MG  , VARM  ,0,1,-0.10, (1000$/hm3)    
24, USIH   ,261, LAJEADO       , VARM  ,0,1,-0.10, (1000$/hm3)    
24, USIH   ,48, PIRAJU        , VARM  ,0,1,-0.10, (1000$/hm3)    
24, USIH   ,249, OURINHOS      , VARM  ,0,1,-0.10, (1000$/hm3)    
24, USIH   ,241, SLT VERDINHO  , VARM  ,0,1,-0.10, (1000$/hm3)    
24, USIH   ,304, ITIQUIRA I    , VARM  ,0,1,-0.10, (1000$/hm3)    
24, USIH   ,305, ITIQUIRA II   , VARM  ,0,1,-0.10, (1000$/hm3)    
24, USIH   ,196, GUAPORE       , VARM  ,0,1,-0.10, (1000$/hm3)    
24, USIH   ,195, JAURU         , VARM  ,0,1,-0.10, (1000$/hm3)    
24, USIH   ,95, QUEBRA QUEIX  , VARM  ,0,1,-0.10, (1000$/hm3)    
24, USIH   ,203, CORUMBA III   , VARM  ,0,1,-0.10, (1000$/hm3)    
24, USIH   ,154, ITAPEBI       , VARM  ,0,1,-0.10, (1000$/hm3)    
24, USIH   ,310, DARDANELOS    , VARM  ,0,1,-0.10, (1000$/hm3)    
24, USIH   ,29, CORUMBA IV    , VARM  ,0,1,-0.10, (1000$/hm3)    
24, USIH   ,94, MONJOLINHO    , VARM  ,0,1,-0.10, (1000$/hm3)    
24, USIH   ,215, SALTO PILAO   , VARM  ,0,1,-0.10, (1000$/hm3)    
24, USIH   ,155, RETIRO BAIXO  , VARM  ,0,1,-0.10, (1000$/hm3)    
24, USIH   ,311, CACU          , VARM  ,0,1,-0.10, (1000$/hm3)    
24, USIH   ,312, B. COQUEIROS  , VARM  ,0,1,-0.10, (1000$/hm3)    
24, USIH   ,315, FOZ R. CLARO  , VARM  ,0,1,-0.10, (1000$/hm3)    
24, USIH   ,21, SERRA FACAO   , VARM  ,0,1,-0.10, (1000$/hm3)    
24, USIH   ,290, ESPORA        , VARM  ,0,1,-0.10, (1000$/hm3)    
24, USIH   ,101, SAO JOSE      , VARM  ,0,1,-0.10, (1000$/hm3)    
24, USIH   ,276, RONDON II     , VARM  ,0,1,-0.10, (1000$/hm3)    
24, USIH   ,102, PASSO S JOAO  , VARM  ,0,1,-0.10, (1000$/hm3)    
24, USIH   ,277, BALBINA       , VARM  ,0,1,-0.10, (1000$/hm3)    
24, USIH   ,285, JIRAU         , VARM  ,0,1,-0.10, (1000$/hm3)    
24, USIH   ,286, STO ANT JARI  , VARM  ,0,1,-0.10, (1000$/hm3)    
24, USIH   ,284, FERREIRA GOM  , VARM  ,0,1,-0.10, (1000$/hm3)    
24, USIH   ,229, TELES PIRES   , VARM  ,0,1,-0.10, (1000$/hm3)    
24, USIH   ,192, GUILMAN-AMOR  , VARM  ,0,1,-0.10, (1000$/hm3)    
24, USIH   ,230, SAO MANOEL    , VARM  ,0,1,-0.10, (1000$/hm3)    
24, USIH   ,288, BELO MONTE    , VARM  ,0,1,-0.10, (1000$/hm3)    
24, USIH   ,314, PIMENTAL      , VARM  ,0,1,-0.10, (1000$/hm3)    
25, RHS    ,0,      -        ,  RHS  ,0,0,0.1,  1000$         
25, USIH   ,1, CAMARGOS      , VARM  ,0,1,-0.10, (1000$/hm3)    
25, USIH   ,2, ITUTINGA      , VARM  ,0,1,-0.10, (1000$/hm3)    
25, USIH   ,4, FUNIL-GRANDE  , VARM  ,0,1,-0.10, (1000$/hm3)    
25, USIH   ,24, EMBORCACAO    , VARM  ,0,1,-0.10, (1000$/hm3)    
25, USIH   ,27, CAPIM BRANC1  , VARM  ,0,1,-0.10, (1000$/hm3)    
25, USIH   ,28, CAPIM BRANC2  , VARM  ,0,1,-0.10, (1000$/hm3)    
25, USIH   ,25, NOVA PONTE    , VARM  ,0,1,-0.10, (1000$/hm3)    
25, USIH   ,33, SAO SIMAO     , VARM  ,0,1,-0.10, (1000$/hm3)    
25, USIH   ,156, TRES MARIAS   , VARM  ,0,1,-0.10, (1000$/hm3)    
25, USIH   ,134, SALTO GRANDE  , VARM  ,0,1,-0.10, (1000$/hm3)    
25, USIH   ,10, IGARAPAVA     , VARM  ,0,1,-0.10, (1000$/hm3)    
25, USIH   ,143, AIMORES       , VARM  ,0,1,-0.10, (1000$/hm3)    
25, USIH   ,162, QUEIMADO      , VARM  ,0,1,-0.10, (1000$/hm3)    
25, USIH   ,148, IRAPE         , VARM  ,0,1,-0.10, (1000$/hm3)    
25, USIH   ,217, ROSAL         , VARM  ,0,1,-0.10, (1000$/hm3)    
25, USIH   ,193, SA CARVALHO   , VARM  ,0,1,-0.10, (1000$/hm3)    
25, USIH   ,141, BAGUARI       , VARM  ,0,1,-0.10, (1000$/hm3)    
25, USIH   ,14, CACONDE       , VARM  ,0,1,-0.10, (1000$/hm3)    
25, USIH   ,18, A. VERMELHA   , VARM  ,0,1,-0.10, (1000$/hm3)    
25, USIH   ,37, BARRA BONITA  , VARM  ,0,1,-0.10, (1000$/hm3)    
25, USIH   ,40, PROMISSAO     , VARM  ,0,1,-0.10, (1000$/hm3)    
25, USIH   ,42, NAVANHANDAVA  , VARM  ,0,1,-0.10, (1000$/hm3)    
25, USIH   ,15, E. DA CUNHA   , VARM  ,0,1,-0.10, (1000$/hm3)    
25, USIH   ,16, A.S.OLIVEIRA  , VARM  ,0,1,-0.10, (1000$/hm3)    
25, USIH   ,38, A.S. LIMA     , VARM  ,0,1,-0.10, (1000$/hm3)    
25, USIH   ,39, IBITINGA      , VARM  ,0,1,-0.10, (1000$/hm3)    
25, USIH   ,62, TAQUARUCU     , VARM  ,0,1,-0.10, (1000$/hm3)    
25, USIH   ,63, ROSANA        , VARM  ,0,1,-0.10, (1000$/hm3)    
25, USIH   ,52, CANOAS I      , VARM  ,0,1,-0.10, (1000$/hm3)    
25, USIH   ,51, CANOAS II     , VARM  ,0,1,-0.10, (1000$/hm3)    
25, USIH   ,47, A.A. LAYDNER  , VARM  ,0,1,-0.10, (1000$/hm3)    
25, USIH   ,49, CHAVANTES     , VARM  ,0,1,-0.10, (1000$/hm3)    
25, USIH   ,61, CAPIVARA      , VARM  ,0,1,-0.10, (1000$/hm3)    
25, USIH   ,50, L.N. GARCEZ   , VARM  ,0,1,-0.10, (1000$/hm3)    
25, USIH   ,45, JUPIA         , VARM  ,0,1,-0.10, (1000$/hm3)    
25, USIH   ,44, I. SOLT. EQV  , VARM  ,0,1,-0.10, (1000$/hm3)    
25, USIH   ,46, P. PRIMAVERA  , VARM  ,0,1,-0.10, (1000$/hm3)    
25, USIH   ,120, JAGUARI       , VARM  ,0,1,-0.10, (1000$/hm3)    
25, USIH   ,121, PARAIBUNA     , VARM  ,0,1,-0.10, (1000$/hm3)    
25, USIH   ,6, FURNAS        , VARM  ,0,1,-0.10, (1000$/hm3)    
25, USIH   ,7, M. DE MORAES  , VARM  ,0,1,-0.10, (1000$/hm3)    
25, USIH   ,8, ESTREITO      , VARM  ,0,1,-0.10, (1000$/hm3)    
25, USIH   ,12, P. COLOMBIA   , VARM  ,0,1,-0.10, (1000$/hm3)    
25, USIH   ,17, MARIMBONDO    , VARM  ,0,1,-0.10, (1000$/hm3)    
25, USIH   ,31, ITUMBIARA     , VARM  ,0,1,-0.10, (1000$/hm3)    
25, USIH   ,30, CORUMBA I     , VARM  ,0,1,-0.10, (1000$/hm3)    
25, USIH   ,251, SERRA MESA    , VARM  ,0,1,-0.10, (1000$/hm3)    
25, USIH   ,278, MANSO         , VARM  ,0,1,-0.10, (1000$/hm3)    
25, USIH   ,123, FUNIL         , VARM  ,0,1,-0.10, (1000$/hm3)    
25, USIH   ,129, SIMPLICIO     , VARM  ,0,1,-0.10, (1000$/hm3)    
25, USIH   ,20, BATALHA       , VARM  ,0,1,-0.10, (1000$/hm3)    
25, USIH   ,287, STO ANTONIO   , VARM  ,0,1,-0.10, (1000$/hm3)    
25, USIH   ,257, PEIXE ANGIC   , VARM  ,0,1,-0.10, (1000$/hm3)    
25, USIH   ,122, SANTA BRANCA  , VARM  ,0,1,-0.10, (1000$/hm3)    
25, USIH   ,124, LAJES         , VARM  ,0,1,-0.10, (1000$/hm3)    
25, USIH   ,130, ILHA POMBOS   , VARM  ,0,1,-0.10, (1000$/hm3)    
25, USIH   ,131, NILO PECANHA  , VARM  ,0,1,-0.10, (1000$/hm3)    
25, USIH   ,133, P. PASSOS     , VARM  ,0,1,-0.10, (1000$/hm3)    
25, USIH   ,125, STA CECILIA   , VARM  ,0,1,-0.10, (1000$/hm3)    
25, USIH   ,180, TOCOS         , VARM  ,0,1,-0.10, (1000$/hm3)    
25, USIH   ,181, SANTANA       , VARM  ,0,1,-0.10, (1000$/hm3)    
25, USIH   ,182, VIGARIO       , VARM  ,0,1,-0.10, (1000$/hm3)    
25, USIH   ,183, FONTES A      , VARM  ,0,1,-0.10, (1000$/hm3)    
25, USIH   ,184, FONTES BC     , VARM  ,0,1,-0.10, (1000$/hm3)    
25, USIH   ,107, EDGARD SOUZA  , VARM  ,0,1,-0.10, (1000$/hm3)    
25, USIH   ,108, TRAICAO       , VARM  ,0,1,-0.10, (1000$/hm3)    
25, USIH   ,109, PEDREIRA      , VARM  ,0,1,-0.10, (1000$/hm3)    
25, USIH   ,117, GUARAPIRANGA  , VARM  ,0,1,-0.10, (1000$/hm3)    
25, USIH   ,118, BILLINGS      , VARM  ,0,1,-0.10, (1000$/hm3)    
25, USIH   ,119, HENRY BORDEN  , VARM  ,0,1,-0.10, (1000$/hm3)    
25, USIH   ,32, CACH.DOURADA  , VARM  ,0,1,-0.10, (1000$/hm3)    
25, USIH   ,11, VOLTA GRANDE  , VARM  ,0,1,-0.10, (1000$/hm3)    
25, USIH   ,135, P. ESTRELA    , VARM  ,0,1,-0.10, (1000$/hm3)    
25, USIH   ,139, CANDONGA      , VARM  ,0,1,-0.10, (1000$/hm3)    
25, USIH   ,262, SALTO         , VARM  ,0,1,-0.10, (1000$/hm3)    
25, USIH   ,89, GARIBALDI     , VARM  ,0,1,-0.10, (1000$/hm3)    
25, USIH   ,144, MASCARENHAS   , VARM  ,0,1,-0.10, (1000$/hm3)    
25, USIH   ,66, ITAIPU        , VARM  ,0,1,-0.10, (1000$/hm3)    
25, USIH   ,110, ERNESTINA     , VARM  ,0,1,-0.10, (1000$/hm3)    
25, USIH   ,111, PASSO REAL    , VARM  ,0,1,-0.10, (1000$/hm3)    
25, USIH   ,112, JACUI         , VARM  ,0,1,-0.10, (1000$/hm3)    
25, USIH   ,113, ITAUBA        , VARM  ,0,1,-0.10, (1000$/hm3)    
25, USIH   ,114, D. FRANCISCA  , VARM  ,0,1,-0.10, (1000$/hm3)    
25, USIH   ,74, G.B. MUNHOZ   , VARM  ,0,1,-0.10, (1000$/hm3)    
25, USIH   ,76, SEGREDO       , VARM  ,0,1,-0.10, (1000$/hm3)    
25, USIH   ,82, SALTO CAXIAS  , VARM  ,0,1,-0.10, (1000$/hm3)    
25, USIH   ,115, G.P. SOUZA    , VARM  ,0,1,-0.10, (1000$/hm3)    
25, USIH   ,73, JORDAO        , VARM  ,0,1,-0.10, (1000$/hm3)    
25, USIH   ,71, STA CLARA PR  , VARM  ,0,1,-0.10, (1000$/hm3)    
25, USIH   ,72, FUNDAO        , VARM  ,0,1,-0.10, (1000$/hm3)    
25, USIH   ,57, MAUA          , VARM  ,0,1,-0.10, (1000$/hm3)    
25, USIH   ,77, SLT.SANTIAGO  , VARM  ,0,1,-0.10, (1000$/hm3)    
25, USIH   ,78, SALTO OSORIO  , VARM  ,0,1,-0.10, (1000$/hm3)    
25, USIH   ,93, PASSO FUNDO   , VARM  ,0,1,-0.10, (1000$/hm3)    
25, USIH   ,91, MACHADINHO    , VARM  ,0,1,-0.10, (1000$/hm3)    
25, USIH   ,92, ITA           , VARM  ,0,1,-0.10, (1000$/hm3)    
25, USIH   ,252, CANA BRAVA    , VARM  ,0,1,-0.10, (1000$/hm3)    
25, USIH   ,253, SAO SALVADOR  , VARM  ,0,1,-0.10, (1000$/hm3)    
25, USIH   ,267, ESTREITO TOC  , VARM  ,0,1,-0.10, (1000$/hm3)    
25, USIH   ,281, PONTE PEDRA   , VARM  ,0,1,-0.10, (1000$/hm3)    
25, USIH   ,9, JAGUARA       , VARM  ,0,1,-0.10, (1000$/hm3)    
25, USIH   ,26, MIRANDA       , VARM  ,0,1,-0.10, (1000$/hm3)    
25, USIH   ,86, BARRA GRANDE  , VARM  ,0,1,-0.10, (1000$/hm3)    
25, USIH   ,90, CAMPOS NOVOS  , VARM  ,0,1,-0.10, (1000$/hm3)    
25, USIH   ,97, CASTRO ALVES  , VARM  ,0,1,-0.10, (1000$/hm3)    
25, USIH   ,98, MONTE CLARO   , VARM  ,0,1,-0.10, (1000$/hm3)    
25, USIH   ,99, 14 DE JULHO   , VARM  ,0,1,-0.10, (1000$/hm3)    
25, USIH   ,103, FOZ CHAPECO   , VARM  ,0,1,-0.10, (1000$/hm3)    
25, USIH   ,169, SOBRADINHO    , VARM  ,0,1,-0.10, (1000$/hm3)    
25, USIH   ,172, ITAPARICA     , VARM  ,0,1,-0.10, (1000$/hm3)    
25, USIH   ,173, MOXOTO        , VARM  ,0,1,-0.10, (1000$/hm3)    
25, USIH   ,174, P.AFONSO 123  , VARM  ,0,1,-0.10, (1000$/hm3)    
25, USIH   ,175, P.AFONSO 4    , VARM  ,0,1,-0.10, (1000$/hm3)    
25, USIH   ,178, XINGO         , VARM  ,0,1,-0.10, (1000$/hm3)    
25, USIH   ,190, B. ESPERANCA  , VARM  ,0,1,-0.10, (1000$/hm3)    
25, USIH   ,189, P. CAVALO     , VARM  ,0,1,-0.10, (1000$/hm3)    
25, USIH   ,275, TUCURUI       , VARM  ,0,1,-0.10, (1000$/hm3)    
25, USIH   ,272, CURUA-UNA     , VARM  ,0,1,-0.10, (1000$/hm3)    
25, USIH   ,279, SAMUEL        , VARM  ,0,1,-0.10, (1000$/hm3)    
25, USIH   ,280, COARACY NUNE  , VARM  ,0,1,-0.10, (1000$/hm3)    
25, USIH   ,204, CACH.CALDEIR  , VARM  ,0,1,-0.10, (1000$/hm3)    
25, USIH   ,127, SOBRAGI       , VARM  ,0,1,-0.10, (1000$/hm3)    
25, USIH   ,126, PICADA        , VARM  ,0,1,-0.10, (1000$/hm3)    
25, USIH   ,283, STA CLARA MG  , VARM  ,0,1,-0.10, (1000$/hm3)    
25, USIH   ,261, LAJEADO       , VARM  ,0,1,-0.10, (1000$/hm3)    
25, USIH   ,48, PIRAJU        , VARM  ,0,1,-0.10, (1000$/hm3)    
25, USIH   ,249, OURINHOS      , VARM  ,0,1,-0.10, (1000$/hm3)    
25, USIH   ,241, SLT VERDINHO  , VARM  ,0,1,-0.10, (1000$/hm3)    
25, USIH   ,304, ITIQUIRA I    , VARM  ,0,1,-0.10, (1000$/hm3)    
25, USIH   ,305, ITIQUIRA II   , VARM  ,0,1,-0.10, (1000$/hm3)    
25, USIH   ,196, GUAPORE       , VARM  ,0,1,-0.10, (1000$/hm3)    
25, USIH   ,195, JAURU         , VARM  ,0,1,-0.10, (1000$/hm3)    
25, USIH   ,95, QUEBRA QUEIX  , VARM  ,0,1,-0.10, (1000$/hm3)    
25, USIH   ,203, CORUMBA III   , VARM  ,0,1,-0.10, (1000$/hm3)    
25, USIH   ,154, ITAPEBI       , VARM  ,0,1,-0.10, (1000$/hm3)    
25, USIH   ,310, DARDANELOS    , VARM  ,0,1,-0.10, (1000$/hm3)    
25, USIH   ,29, CORUMBA IV    , VARM  ,0,1,-0.10, (1000$/hm3)    
25, USIH   ,94, MONJOLINHO    , VARM  ,0,1,-0.10, (1000$/hm3)    
25, USIH   ,215, SALTO PILAO   , VARM  ,0,1,-0.10, (1000$/hm3)    
25, USIH   ,155, RETIRO BAIXO  , VARM  ,0,1,-0.10, (1000$/hm3)    
25, USIH   ,311, CACU          , VARM  ,0,1,-0.10, (1000$/hm3)    
25, USIH   ,312, B. COQUEIROS  , VARM  ,0,1,-0.10, (1000$/hm3)    
25, USIH   ,315, FOZ R. CLARO  , VARM  ,0,1,-0.10, (1000$/hm3)    
25, USIH   ,21, SERRA FACAO   , VARM  ,0,1,-0.10, (1000$/hm3)    
25, USIH   ,290, ESPORA        , VARM  ,0,1,-0.10, (1000$/hm3)    
25, USIH   ,101, SAO JOSE      , VARM  ,0,1,-0.10, (1000$/hm3)    
25, USIH   ,276, RONDON II     , VARM  ,0,1,-0.10, (1000$/hm3)    
25, USIH   ,102, PASSO S JOAO  , VARM  ,0,1,-0.10, (1000$/hm3)    
25, USIH   ,277, BALBINA       , VARM  ,0,1,-0.10, (1000$/hm3)    
25, USIH   ,285, JIRAU         , VARM  ,0,1,-0.10, (1000$/hm3)    
25, USIH   ,286, STO ANT JARI  , VARM  ,0,1,-0.10, (1000$/hm3)    
25, USIH   ,284, FERREIRA GOM  , VARM  ,0,1,-0.10, (1000$/hm3)    
25, USIH   ,229, TELES PIRES   , VARM  ,0,1,-0.10, (1000$/hm3)    
25, USIH   ,192, GUILMAN-AMOR  , VARM  ,0,1,-0.10, (1000$/hm3)    
25, USIH   ,230, SAO MANOEL    , VARM  ,0,1,-0.10, (1000$/hm3)    
25, USIH   ,288, BELO MONTE    , VARM  ,0,1,-0.10, (1000$/hm3)    
25, USIH   ,314, PIMENTAL      , VARM  ,0,1,-0.10, (1000$/hm3)    
26, RHS    ,0,      -        ,  RHS  ,0,0,0.1,  1000$         
26, USIH   ,1, CAMARGOS      , VARM  ,0,1,-0.10, (1000$/hm3)    
26, USIH   ,2, ITUTINGA      , VARM  ,0,1,-0.10, (1000$/hm3)    
26, USIH   ,4, FUNIL-GRANDE  , VARM  ,0,1,-0.10, (1000$/hm3)    
26, USIH   ,24, EMBORCACAO    , VARM  ,0,1,-0.10, (1000$/hm3)    
26, USIH   ,27, CAPIM BRANC1  , VARM  ,0,1,-0.10, (1000$/hm3)    
26, USIH   ,28, CAPIM BRANC2  , VARM  ,0,1,-0.10, (1000$/hm3)    
26, USIH   ,25, NOVA PONTE    , VARM  ,0,1,-0.10, (1000$/hm3)    
26, USIH   ,33, SAO SIMAO     , VARM  ,0,1,-0.10, (1000$/hm3)    
26, USIH   ,156, TRES MARIAS   , VARM  ,0,1,-0.10, (1000$/hm3)    
26, USIH   ,134, SALTO GRANDE  , VARM  ,0,1,-0.10, (1000$/hm3)    
26, USIH   ,10, IGARAPAVA     , VARM  ,0,1,-0.10, (1000$/hm3)    
26, USIH   ,143, AIMORES       , VARM  ,0,1,-0.10, (1000$/hm3)    
26, USIH   ,162, QUEIMADO      , VARM  ,0,1,-0.10, (1000$/hm3)    
26, USIH   ,148, IRAPE         , VARM  ,0,1,-0.10, (1000$/hm3)    
26, USIH   ,217, ROSAL         , VARM  ,0,1,-0.10, (1000$/hm3)    
26, USIH   ,193, SA CARVALHO   , VARM  ,0,1,-0.10, (1000$/hm3)    
26, USIH   ,141, BAGUARI       , VARM  ,0,1,-0.10, (1000$/hm3)    
26, USIH   ,14, CACONDE       , VARM  ,0,1,-0.10, (1000$/hm3)    
26, USIH   ,18, A. VERMELHA   , VARM  ,0,1,-0.10, (1000$/hm3)    
26, USIH   ,37, BARRA BONITA  , VARM  ,0,1,-0.10, (1000$/hm3)    
26, USIH   ,40, PROMISSAO     , VARM  ,0,1,-0.10, (1000$/hm3)    
26, USIH   ,42, NAVANHANDAVA  , VARM  ,0,1,-0.10, (1000$/hm3)    
26, USIH   ,15, E. DA CUNHA   , VARM  ,0,1,-0.10, (1000$/hm3)    
26, USIH   ,16, A.S.OLIVEIRA  , VARM  ,0,1,-0.10, (1000$/hm3)    
26, USIH   ,38, A.S. LIMA     , VARM  ,0,1,-0.10, (1000$/hm3)    
26, USIH   ,39, IBITINGA      , VARM  ,0,1,-0.10, (1000$/hm3)    
26, USIH   ,62, TAQUARUCU     , VARM  ,0,1,-0.10, (1000$/hm3)    
26, USIH   ,63, ROSANA        , VARM  ,0,1,-0.10, (1000$/hm3)    
26, USIH   ,52, CANOAS I      , VARM  ,0,1,-0.10, (1000$/hm3)    
26, USIH   ,51, CANOAS II     , VARM  ,0,1,-0.10, (1000$/hm3)    
26, USIH   ,47, A.A. LAYDNER  , VARM  ,0,1,-0.10, (1000$/hm3)    
26, USIH   ,49, CHAVANTES     , VARM  ,0,1,-0.10, (1000$/hm3)    
26, USIH   ,61, CAPIVARA      , VARM  ,0,1,-0.10, (1000$/hm3)    
26, USIH   ,50, L.N. GARCEZ   , VARM  ,0,1,-0.10, (1000$/hm3)    
26, USIH   ,45, JUPIA         , VARM  ,0,1,-0.10, (1000$/hm3)    
26, USIH   ,44, I. SOLT. EQV  , VARM  ,0,1,-0.10, (1000$/hm3)    
26, USIH   ,46, P. PRIMAVERA  , VARM  ,0,1,-0.10, (1000$/hm3)    
26, USIH   ,120, JAGUARI       , VARM  ,0,1,-0.10, (1000$/hm3)    
26, USIH   ,121, PARAIBUNA     , VARM  ,0,1,-0.10, (1000$/hm3)    
26, USIH   ,6, FURNAS        , VARM  ,0,1,-0.10, (1000$/hm3)    
26, USIH   ,7, M. DE MORAES  , VARM  ,0,1,-0.10, (1000$/hm3)    
26, USIH   ,8, ESTREITO      , VARM  ,0,1,-0.10, (1000$/hm3)    
26, USIH   ,12, P. COLOMBIA   , VARM  ,0,1,-0.10, (1000$/hm3)    
26, USIH   ,17, MARIMBONDO    , VARM  ,0,1,-0.10, (1000$/hm3)    
26, USIH   ,31, ITUMBIARA     , VARM  ,0,1,-0.10, (1000$/hm3)    
26, USIH   ,30, CORUMBA I     , VARM  ,0,1,-0.10, (1000$/hm3)    
26, USIH   ,251, SERRA MESA    , VARM  ,0,1,-0.10, (1000$/hm3)    
26, USIH   ,278, MANSO         , VARM  ,0,1,-0.10, (1000$/hm3)    
26, USIH   ,123, FUNIL         , VARM  ,0,1,-0.10, (1000$/hm3)    
26, USIH   ,129, SIMPLICIO     , VARM  ,0,1,-0.10, (1000$/hm3)    
26, USIH   ,20, BATALHA       , VARM  ,0,1,-0.10, (1000$/hm3)    
26, USIH   ,287, STO ANTONIO   , VARM  ,0,1,-0.10, (1000$/hm3)    
26, USIH   ,257, PEIXE ANGIC   , VARM  ,0,1,-0.10, (1000$/hm3)    
26, USIH   ,122, SANTA BRANCA  , VARM  ,0,1,-0.10, (1000$/hm3)    
26, USIH   ,124, LAJES         , VARM  ,0,1,-0.10, (1000$/hm3)    
26, USIH   ,130, ILHA POMBOS   , VARM  ,0,1,-0.10, (1000$/hm3)    
26, USIH   ,131, NILO PECANHA  , VARM  ,0,1,-0.10, (1000$/hm3)    
26, USIH   ,133, P. PASSOS     , VARM  ,0,1,-0.10, (1000$/hm3)    
26, USIH   ,125, STA CECILIA   , VARM  ,0,1,-0.10, (1000$/hm3)    
26, USIH   ,180, TOCOS         , VARM  ,0,1,-0.10, (1000$/hm3)    
26, USIH   ,181, SANTANA       , VARM  ,0,1,-0.10, (1000$/hm3)    
26, USIH   ,182, VIGARIO       , VARM  ,0,1,-0.10, (1000$/hm3)    
26, USIH   ,183, FONTES A      , VARM  ,0,1,-0.10, (1000$/hm3)    
26, USIH   ,184, FONTES BC     , VARM  ,0,1,-0.10, (1000$/hm3)    
26, USIH   ,107, EDGARD SOUZA  , VARM  ,0,1,-0.10, (1000$/hm3)    
26, USIH   ,108, TRAICAO       , VARM  ,0,1,-0.10, (1000$/hm3)    
26, USIH   ,109, PEDREIRA      , VARM  ,0,1,-0.10, (1000$/hm3)    
26, USIH   ,117, GUARAPIRANGA  , VARM  ,0,1,-0.10, (1000$/hm3)    
26, USIH   ,118, BILLINGS      , VARM  ,0,1,-0.10, (1000$/hm3)    
26, USIH   ,119, HENRY BORDEN  , VARM  ,0,1,-0.10, (1000$/hm3)    
26, USIH   ,32, CACH.DOURADA  , VARM  ,0,1,-0.10, (1000$/hm3)    
26, USIH   ,11, VOLTA GRANDE  , VARM  ,0,1,-0.10, (1000$/hm3)    
26, USIH   ,135, P. ESTRELA    , VARM  ,0,1,-0.10, (1000$/hm3)    
26, USIH   ,139, CANDONGA      , VARM  ,0,1,-0.10, (1000$/hm3)    
26, USIH   ,262, SALTO         , VARM  ,0,1,-0.10, (1000$/hm3)    
26, USIH   ,89, GARIBALDI     , VARM  ,0,1,-0.10, (1000$/hm3)    
26, USIH   ,144, MASCARENHAS   , VARM  ,0,1,-0.10, (1000$/hm3)    
26, USIH   ,66, ITAIPU        , VARM  ,0,1,-0.10, (1000$/hm3)    
26, USIH   ,110, ERNESTINA     , VARM  ,0,1,-0.10, (1000$/hm3)    
26, USIH   ,111, PASSO REAL    , VARM  ,0,1,-0.10, (1000$/hm3)    
26, USIH   ,112, JACUI         , VARM  ,0,1,-0.10, (1000$/hm3)    
26, USIH   ,113, ITAUBA        , VARM  ,0,1,-0.10, (1000$/hm3)    
26, USIH   ,114, D. FRANCISCA  , VARM  ,0,1,-0.10, (1000$/hm3)    
26, USIH   ,74, G.B. MUNHOZ   , VARM  ,0,1,-0.10, (1000$/hm3)    
26, USIH   ,76, SEGREDO       , VARM  ,0,1,-0.10, (1000$/hm3)    
26, USIH   ,82, SALTO CAXIAS  , VARM  ,0,1,-0.10, (1000$/hm3)    
26, USIH   ,115, G.P. SOUZA    , VARM  ,0,1,-0.10, (1000$/hm3)    
26, USIH   ,73, JORDAO        , VARM  ,0,1,-0.10, (1000$/hm3)    
26, USIH   ,71, STA CLARA PR  , VARM  ,0,1,-0.10, (1000$/hm3)    
26, USIH   ,72, FUNDAO        , VARM  ,0,1,-0.10, (1000$/hm3)    
26, USIH   ,57, MAUA          , VARM  ,0,1,-0.10, (1000$/hm3)    
26, USIH   ,77, SLT.SANTIAGO  , VARM  ,0,1,-0.10, (1000$/hm3)    
26, USIH   ,78, SALTO OSORIO  , VARM  ,0,1,-0.10, (1000$/hm3)    
26, USIH   ,93, PASSO FUNDO   , VARM  ,0,1,-0.10, (1000$/hm3)    
26, USIH   ,91, MACHADINHO    , VARM  ,0,1,-0.10, (1000$/hm3)    
26, USIH   ,92, ITA           , VARM  ,0,1,-0.10, (1000$/hm3)    
26, USIH   ,252, CANA BRAVA    , VARM  ,0,1,-0.10, (1000$/hm3)    
26, USIH   ,253, SAO SALVADOR  , VARM  ,0,1,-0.10, (1000$/hm3)    
26, USIH   ,267, ESTREITO TOC  , VARM  ,0,1,-0.10, (1000$/hm3)    
26, USIH   ,281, PONTE PEDRA   , VARM  ,0,1,-0.10, (1000$/hm3)    
26, USIH   ,9, JAGUARA       , VARM  ,0,1,-0.10, (1000$/hm3)    
26, USIH   ,26, MIRANDA       , VARM  ,0,1,-0.10, (1000$/hm3)    
26, USIH   ,86, BARRA GRANDE  , VARM  ,0,1,-0.10, (1000$/hm3)    
26, USIH   ,90, CAMPOS NOVOS  , VARM  ,0,1,-0.10, (1000$/hm3)    
26, USIH   ,97, CASTRO ALVES  , VARM  ,0,1,-0.10, (1000$/hm3)    
26, USIH   ,98, MONTE CLARO   , VARM  ,0,1,-0.10, (1000$/hm3)    
26, USIH   ,99, 14 DE JULHO   , VARM  ,0,1,-0.10, (1000$/hm3)    
26, USIH   ,103, FOZ CHAPECO   , VARM  ,0,1,-0.10, (1000$/hm3)    
26, USIH   ,169, SOBRADINHO    , VARM  ,0,1,-0.10, (1000$/hm3)    
26, USIH   ,172, ITAPARICA     , VARM  ,0,1,-0.10, (1000$/hm3)    
26, USIH   ,173, MOXOTO        , VARM  ,0,1,-0.10, (1000$/hm3)    
26, USIH   ,174, P.AFONSO 123  , VARM  ,0,1,-0.10, (1000$/hm3)    
26, USIH   ,175, P.AFONSO 4    , VARM  ,0,1,-0.10, (1000$/hm3)    
26, USIH   ,178, XINGO         , VARM  ,0,1,-0.10, (1000$/hm3)    
26, USIH   ,190, B. ESPERANCA  , VARM  ,0,1,-0.10, (1000$/hm3)    
26, USIH   ,189, P. CAVALO     , VARM  ,0,1,-0.10, (1000$/hm3)    
26, USIH   ,275, TUCURUI       , VARM  ,0,1,-0.10, (1000$/hm3)    
26, USIH   ,272, CURUA-UNA     , VARM  ,0,1,-0.10, (1000$/hm3)    
26, USIH   ,279, SAMUEL        , VARM  ,0,1,-0.10, (1000$/hm3)    
26, USIH   ,280, COARACY NUNE  , VARM  ,0,1,-0.10, (1000$/hm3)    
26, USIH   ,204, CACH.CALDEIR  , VARM  ,0,1,-0.10, (1000$/hm3)    
26, USIH   ,127, SOBRAGI       , VARM  ,0,1,-0.10, (1000$/hm3)    
26, USIH   ,126, PICADA        , VARM  ,0,1,-0.10, (1000$/hm3)    
26, USIH   ,283, STA CLARA MG  , VARM  ,0,1,-0.10, (1000$/hm3)    
26, USIH   ,261, LAJEADO       , VARM  ,0,1,-0.10, (1000$/hm3)    
26, USIH   ,48, PIRAJU        , VARM  ,0,1,-0.10, (1000$/hm3)    
26, USIH   ,249, OURINHOS      , VARM  ,0,1,-0.10, (1000$/hm3)    
26, USIH   ,241, SLT VERDINHO  , VARM  ,0,1,-0.10, (1000$/hm3)    
26, USIH   ,304, ITIQUIRA I    , VARM  ,0,1,-0.10, (1000$/hm3)    
26, USIH   ,305, ITIQUIRA II   , VARM  ,0,1,-0.10, (1000$/hm3)    
26, USIH   ,196, GUAPORE       , VARM  ,0,1,-0.10, (1000$/hm3)    
26, USIH   ,195, JAURU         , VARM  ,0,1,-0.10, (1000$/hm3)    
26, USIH   ,95, QUEBRA QUEIX  , VARM  ,0,1,-0.10, (1000$/hm3)    
26, USIH   ,203, CORUMBA III   , VARM  ,0,1,-0.10, (1000$/hm3)    
26, USIH   ,154, ITAPEBI       , VARM  ,0,1,-0.10, (1000$/hm3)    
26, USIH   ,310, DARDANELOS    , VARM  ,0,1,-0.10, (1000$/hm3)    
26, USIH   ,29, CORUMBA IV    , VARM  ,0,1,-0.10, (1000$/hm3)    
26, USIH   ,94, MONJOLINHO    , VARM  ,0,1,-0.10, (1000$/hm3)    
26, USIH   ,215, SALTO PILAO   , VARM  ,0,1,-0.10, (1000$/hm3)    
26, USIH   ,155, RETIRO BAIXO  , VARM  ,0,1,-0.10, (1000$/hm3)    
26, USIH   ,311, CACU          , VARM  ,0,1,-0.10, (1000$/hm3)    
26, USIH   ,312, B. COQUEIROS  , VARM  ,0,1,-0.10, (1000$/hm3)    
26, USIH   ,315, FOZ R. CLARO  , VARM  ,0,1,-0.10, (1000$/hm3)    
26, USIH   ,21, SERRA FACAO   , VARM  ,0,1,-0.10, (1000$/hm3)    
26, USIH   ,290, ESPORA        , VARM  ,0,1,-0.10, (1000$/hm3)    
26, USIH   ,101, SAO JOSE      , VARM  ,0,1,-0.10, (1000$/hm3)    
26, USIH   ,276, RONDON II     , VARM  ,0,1,-0.10, (1000$/hm3)    
26, USIH   ,102, PASSO S JOAO  , VARM  ,0,1,-0.10, (1000$/hm3)    
26, USIH   ,277, BALBINA       , VARM  ,0,1,-0.10, (1000$/hm3)    
26, USIH   ,285, JIRAU         , VARM  ,0,1,-0.10, (1000$/hm3)    
26, USIH   ,286, STO ANT JARI  , VARM  ,0,1,-0.10, (1000$/hm3)    
26, USIH   ,284, FERREIRA GOM  , VARM  ,0,1,-0.10, (1000$/hm3)    
26, USIH   ,229, TELES PIRES   , VARM  ,0,1,-0.10, (1000$/hm3)    
26, USIH   ,192, GUILMAN-AMOR  , VARM  ,0,1,-0.10, (1000$/hm3)    
26, USIH   ,230, SAO MANOEL    , VARM  ,0,1,-0.10, (1000$/hm3)    
26, USIH   ,288, BELO MONTE    , VARM  ,0,1,-0.10, (1000$/hm3)    
26, USIH   ,314, PIMENTAL      , VARM  ,0,1,-0.10, (1000$/hm3)    
27, RHS    ,0,      -        ,  RHS  ,0,0,0.1,  1000$         
27, USIH   ,1, CAMARGOS      , VARM  ,0,1,-0.10, (1000$/hm3)    
27, USIH   ,2, ITUTINGA      , VARM  ,0,1,-0.10, (1000$/hm3)    
27, USIH   ,4, FUNIL-GRANDE  , VARM  ,0,1,-0.10, (1000$/hm3)    
27, USIH   ,24, EMBORCACAO    , VARM  ,0,1,-0.10, (1000$/hm3)    
27, USIH   ,27, CAPIM BRANC1  , VARM  ,0,1,-0.10, (1000$/hm3)    
27, USIH   ,28, CAPIM BRANC2  , VARM  ,0,1,-0.10, (1000$/hm3)    
27, USIH   ,25, NOVA PONTE    , VARM  ,0,1,-0.10, (1000$/hm3)    
27, USIH   ,33, SAO SIMAO     , VARM  ,0,1,-0.10, (1000$/hm3)    
27, USIH   ,156, TRES MARIAS   , VARM  ,0,1,-0.10, (1000$/hm3)    
27, USIH   ,134, SALTO GRANDE  , VARM  ,0,1,-0.10, (1000$/hm3)    
27, USIH   ,10, IGARAPAVA     , VARM  ,0,1,-0.10, (1000$/hm3)    
27, USIH   ,143, AIMORES       , VARM  ,0,1,-0.10, (1000$/hm3)    
27, USIH   ,162, QUEIMADO      , VARM  ,0,1,-0.10, (1000$/hm3)    
27, USIH   ,148, IRAPE         , VARM  ,0,1,-0.10, (1000$/hm3)    
27, USIH   ,217, ROSAL         , VARM  ,0,1,-0.10, (1000$/hm3)    
27, USIH   ,193, SA CARVALHO   , VARM  ,0,1,-0.10, (1000$/hm3)    
27, USIH   ,141, BAGUARI       , VARM  ,0,1,-0.10, (1000$/hm3)    
27, USIH   ,14, CACONDE       , VARM  ,0,1,-0.10, (1000$/hm3)    
27, USIH   ,18, A. VERMELHA   , VARM  ,0,1,-0.10, (1000$/hm3)    
27, USIH   ,37, BARRA BONITA  , VARM  ,0,1,-0.10, (1000$/hm3)    
27, USIH   ,40, PROMISSAO     , VARM  ,0,1,-0.10, (1000$/hm3)    
27, USIH   ,42, NAVANHANDAVA  , VARM  ,0,1,-0.10, (1000$/hm3)    
27, USIH   ,15, E. DA CUNHA   , VARM  ,0,1,-0.10, (1000$/hm3)    
27, USIH   ,16, A.S.OLIVEIRA  , VARM  ,0,1,-0.10, (1000$/hm3)    
27, USIH   ,38, A.S. LIMA     , VARM  ,0,1,-0.10, (1000$/hm3)    
27, USIH   ,39, IBITINGA      , VARM  ,0,1,-0.10, (1000$/hm3)    
27, USIH   ,62, TAQUARUCU     , VARM  ,0,1,-0.10, (1000$/hm3)    
27, USIH   ,63, ROSANA        , VARM  ,0,1,-0.10, (1000$/hm3)    
27, USIH   ,52, CANOAS I      , VARM  ,0,1,-0.10, (1000$/hm3)    
27, USIH   ,51, CANOAS II     , VARM  ,0,1,-0.10, (1000$/hm3)    
27, USIH   ,47, A.A. LAYDNER  , VARM  ,0,1,-0.10, (1000$/hm3)    
27, USIH   ,49, CHAVANTES     , VARM  ,0,1,-0.10, (1000$/hm3)    
27, USIH   ,61, CAPIVARA      , VARM  ,0,1,-0.10, (1000$/hm3)    
27, USIH   ,50, L.N. GARCEZ   , VARM  ,0,1,-0.10, (1000$/hm3)    
27, USIH   ,45, JUPIA         , VARM  ,0,1,-0.10, (1000$/hm3)    
27, USIH   ,44, I. SOLT. EQV  , VARM  ,0,1,-0.10, (1000$/hm3)    
27, USIH   ,46, P. PRIMAVERA  , VARM  ,0,1,-0.10, (1000$/hm3)    
27, USIH   ,120, JAGUARI       , VARM  ,0,1,-0.10, (1000$/hm3)    
27, USIH   ,121, PARAIBUNA     , VARM  ,0,1,-0.10, (1000$/hm3)    
27, USIH   ,6, FURNAS        , VARM  ,0,1,-0.10, (1000$/hm3)    
27, USIH   ,7, M. DE MORAES  , VARM  ,0,1,-0.10, (1000$/hm3)    
27, USIH   ,8, ESTREITO      , VARM  ,0,1,-0.10, (1000$/hm3)    
27, USIH   ,12, P. COLOMBIA   , VARM  ,0,1,-0.10, (1000$/hm3)    
27, USIH   ,17, MARIMBONDO    , VARM  ,0,1,-0.10, (1000$/hm3)    
27, USIH   ,31, ITUMBIARA     , VARM  ,0,1,-0.10, (1000$/hm3)    
27, USIH   ,30, CORUMBA I     , VARM  ,0,1,-0.10, (1000$/hm3)    
27, USIH   ,251, SERRA MESA    , VARM  ,0,1,-0.10, (1000$/hm3)    
27, USIH   ,278, MANSO         , VARM  ,0,1,-0.10, (1000$/hm3)    
27, USIH   ,123, FUNIL         , VARM  ,0,1,-0.10, (1000$/hm3)    
27, USIH   ,129, SIMPLICIO     , VARM  ,0,1,-0.10, (1000$/hm3)    
27, USIH   ,20, BATALHA       , VARM  ,0,1,-0.10, (1000$/hm3)    
27, USIH   ,287, STO ANTONIO   , VARM  ,0,1,-0.10, (1000$/hm3)    
27, USIH   ,257, PEIXE ANGIC   , VARM  ,0,1,-0.10, (1000$/hm3)    
27, USIH   ,122, SANTA BRANCA  , VARM  ,0,1,-0.10, (1000$/hm3)    
27, USIH   ,124, LAJES         , VARM  ,0,1,-0.10, (1000$/hm3)    
27, USIH   ,130, ILHA POMBOS   , VARM  ,0,1,-0.10, (1000$/hm3)    
27, USIH   ,131, NILO PECANHA  , VARM  ,0,1,-0.10, (1000$/hm3)    
27, USIH   ,133, P. PASSOS     , VARM  ,0,1,-0.10, (1000$/hm3)    
27, USIH   ,125, STA CECILIA   , VARM  ,0,1,-0.10, (1000$/hm3)    
27, USIH   ,180, TOCOS         , VARM  ,0,1,-0.10, (1000$/hm3)    
27, USIH   ,181, SANTANA       , VARM  ,0,1,-0.10, (1000$/hm3)    
27, USIH   ,182, VIGARIO       , VARM  ,0,1,-0.10, (1000$/hm3)    
27, USIH   ,183, FONTES A      , VARM  ,0,1,-0.10, (1000$/hm3)    
27, USIH   ,184, FONTES BC     , VARM  ,0,1,-0.10, (1000$/hm3)    
27, USIH   ,107, EDGARD SOUZA  , VARM  ,0,1,-0.10, (1000$/hm3)    
27, USIH   ,108, TRAICAO       , VARM  ,0,1,-0.10, (1000$/hm3)    
27, USIH   ,109, PEDREIRA      , VARM  ,0,1,-0.10, (1000$/hm3)    
27, USIH   ,117, GUARAPIRANGA  , VARM  ,0,1,-0.10, (1000$/hm3)    
27, USIH   ,118, BILLINGS      , VARM  ,0,1,-0.10, (1000$/hm3)    
27, USIH   ,119, HENRY BORDEN  , VARM  ,0,1,-0.10, (1000$/hm3)    
27, USIH   ,32, CACH.DOURADA  , VARM  ,0,1,-0.10, (1000$/hm3)    
27, USIH   ,11, VOLTA GRANDE  , VARM  ,0,1,-0.10, (1000$/hm3)    
27, USIH   ,135, P. ESTRELA    , VARM  ,0,1,-0.10, (1000$/hm3)    
27, USIH   ,139, CANDONGA      , VARM  ,0,1,-0.10, (1000$/hm3)    
27, USIH   ,262, SALTO         , VARM  ,0,1,-0.10, (1000$/hm3)    
27, USIH   ,89, GARIBALDI     , VARM  ,0,1,-0.10, (1000$/hm3)    
27, USIH   ,144, MASCARENHAS   , VARM  ,0,1,-0.10, (1000$/hm3)    
27, USIH   ,66, ITAIPU        , VARM  ,0,1,-0.10, (1000$/hm3)    
27, USIH   ,110, ERNESTINA     , VARM  ,0,1,-0.10, (1000$/hm3)    
27, USIH   ,111, PASSO REAL    , VARM  ,0,1,-0.10, (1000$/hm3)    
27, USIH   ,112, JACUI         , VARM  ,0,1,-0.10, (1000$/hm3)    
27, USIH   ,113, ITAUBA        , VARM  ,0,1,-0.10, (1000$/hm3)    
27, USIH   ,114, D. FRANCISCA  , VARM  ,0,1,-0.10, (1000$/hm3)    
27, USIH   ,74, G.B. MUNHOZ   , VARM  ,0,1,-0.10, (1000$/hm3)    
27, USIH   ,76, SEGREDO       , VARM  ,0,1,-0.10, (1000$/hm3)    
27, USIH   ,82, SALTO CAXIAS  , VARM  ,0,1,-0.10, (1000$/hm3)    
27, USIH   ,115, G.P. SOUZA    , VARM  ,0,1,-0.10, (1000$/hm3)    
27, USIH   ,73, JORDAO        , VARM  ,0,1,-0.10, (1000$/hm3)    
27, USIH   ,71, STA CLARA PR  , VARM  ,0,1,-0.10, (1000$/hm3)    
27, USIH   ,72, FUNDAO        , VARM  ,0,1,-0.10, (1000$/hm3)    
27, USIH   ,57, MAUA          , VARM  ,0,1,-0.10, (1000$/hm3)    
27, USIH   ,77, SLT.SANTIAGO  , VARM  ,0,1,-0.10, (1000$/hm3)    
27, USIH   ,78, SALTO OSORIO  , VARM  ,0,1,-0.10, (1000$/hm3)    
27, USIH   ,93, PASSO FUNDO   , VARM  ,0,1,-0.10, (1000$/hm3)    
27, USIH   ,91, MACHADINHO    , VARM  ,0,1,-0.10, (1000$/hm3)    
27, USIH   ,92, ITA           , VARM  ,0,1,-0.10, (1000$/hm3)    
27, USIH   ,252, CANA BRAVA    , VARM  ,0,1,-0.10, (1000$/hm3)    
27, USIH   ,253, SAO SALVADOR  , VARM  ,0,1,-0.10, (1000$/hm3)    
27, USIH   ,267, ESTREITO TOC  , VARM  ,0,1,-0.10, (1000$/hm3)    
27, USIH   ,281, PONTE PEDRA   , VARM  ,0,1,-0.10, (1000$/hm3)    
27, USIH   ,9, JAGUARA       , VARM  ,0,1,-0.10, (1000$/hm3)    
27, USIH   ,26, MIRANDA       , VARM  ,0,1,-0.10, (1000$/hm3)    
27, USIH   ,86, BARRA GRANDE  , VARM  ,0,1,-0.10, (1000$/hm3)    
27, USIH   ,90, CAMPOS NOVOS  , VARM  ,0,1,-0.10, (1000$/hm3)    
27, USIH   ,97, CASTRO ALVES  , VARM  ,0,1,-0.10, (1000$/hm3)    
27, USIH   ,98, MONTE CLARO   , VARM  ,0,1,-0.10, (1000$/hm3)    
27, USIH   ,99, 14 DE JULHO   , VARM  ,0,1,-0.10, (1000$/hm3)    
27, USIH   ,103, FOZ CHAPECO   , VARM  ,0,1,-0.10, (1000$/hm3)    
27, USIH   ,169, SOBRADINHO    , VARM  ,0,1,-0.10, (1000$/hm3)    
27, USIH   ,172, ITAPARICA     , VARM  ,0,1,-0.10, (1000$/hm3)    
27, USIH   ,173, MOXOTO        , VARM  ,0,1,-0.10, (1000$/hm3)    
27, USIH   ,174, P.AFONSO 123  , VARM  ,0,1,-0.10, (1000$/hm3)    
27, USIH   ,175, P.AFONSO 4    , VARM  ,0,1,-0.10, (1000$/hm3)    
27, USIH   ,178, XINGO         , VARM  ,0,1,-0.10, (1000$/hm3)    
27, USIH   ,190, B. ESPERANCA  , VARM  ,0,1,-0.10, (1000$/hm3)    
27, USIH   ,189, P. CAVALO     , VARM  ,0,1,-0.10, (1000$/hm3)    
27, USIH   ,275, TUCURUI       , VARM  ,0,1,-0.10, (1000$/hm3)    
27, USIH   ,272, CURUA-UNA     , VARM  ,0,1,-0.10, (1000$/hm3)    
27, USIH   ,279, SAMUEL        , VARM  ,0,1,-0.10, (1000$/hm3)    
27, USIH   ,280, COARACY NUNE  , VARM  ,0,1,-0.10, (1000$/hm3)    
27, USIH   ,204, CACH.CALDEIR  , VARM  ,0,1,-0.10, (1000$/hm3)    
27, USIH   ,127, SOBRAGI       , VARM  ,0,1,-0.10, (1000$/hm3)    
27, USIH   ,126, PICADA        , VARM  ,0,1,-0.10, (1000$/hm3)    
27, USIH   ,283, STA CLARA MG  , VARM  ,0,1,-0.10, (1000$/hm3)    
27, USIH   ,261, LAJEADO       , VARM  ,0,1,-0.10, (1000$/hm3)    
27, USIH   ,48, PIRAJU        , VARM  ,0,1,-0.10, (1000$/hm3)    
27, USIH   ,249, OURINHOS      , VARM  ,0,1,-0.10, (1000$/hm3)    
27, USIH   ,241, SLT VERDINHO  , VARM  ,0,1,-0.10, (1000$/hm3)    
27, USIH   ,304, ITIQUIRA I    , VARM  ,0,1,-0.10, (1000$/hm3)    
27, USIH   ,305, ITIQUIRA II   , VARM  ,0,1,-0.10, (1000$/hm3)    
27, USIH   ,196, GUAPORE       , VARM  ,0,1,-0.10, (1000$/hm3)    
27, USIH   ,195, JAURU         , VARM  ,0,1,-0.10, (1000$/hm3)    
27, USIH   ,95, QUEBRA QUEIX  , VARM  ,0,1,-0.10, (1000$/hm3)    
27, USIH   ,203, CORUMBA III   , VARM  ,0,1,-0.10, (1000$/hm3)    
27, USIH   ,154, ITAPEBI       , VARM  ,0,1,-0.10, (1000$/hm3)    
27, USIH   ,310, DARDANELOS    , VARM  ,0,1,-0.10, (1000$/hm3)    
27, USIH   ,29, CORUMBA IV    , VARM  ,0,1,-0.10, (1000$/hm3)    
27, USIH   ,94, MONJOLINHO    , VARM  ,0,1,-0.10, (1000$/hm3)    
27, USIH   ,215, SALTO PILAO   , VARM  ,0,1,-0.10, (1000$/hm3)    
27, USIH   ,155, RETIRO BAIXO  , VARM  ,0,1,-0.10, (1000$/hm3)    
27, USIH   ,311, CACU          , VARM  ,0,1,-0.10, (1000$/hm3)    
27, USIH   ,312, B. COQUEIROS  , VARM  ,0,1,-0.10, (1000$/hm3)    
27, USIH   ,315, FOZ R. CLARO  , VARM  ,0,1,-0.10, (1000$/hm3)    
27, USIH   ,21, SERRA FACAO   , VARM  ,0,1,-0.10, (1000$/hm3)    
27, USIH   ,290, ESPORA        , VARM  ,0,1,-0.10, (1000$/hm3)    
27, USIH   ,101, SAO JOSE      , VARM  ,0,1,-0.10, (1000$/hm3)    
27, USIH   ,276, RONDON II     , VARM  ,0,1,-0.10, (1000$/hm3)    
27, USIH   ,102, PASSO S JOAO  , VARM  ,0,1,-0.10, (1000$/hm3)    
27, USIH   ,277, BALBINA       , VARM  ,0,1,-0.10, (1000$/hm3)    
27, USIH   ,285, JIRAU         , VARM  ,0,1,-0.10, (1000$/hm3)    
27, USIH   ,286, STO ANT JARI  , VARM  ,0,1,-0.10, (1000$/hm3)    
27, USIH   ,284, FERREIRA GOM  , VARM  ,0,1,-0.10, (1000$/hm3)    
27, USIH   ,229, TELES PIRES   , VARM  ,0,1,-0.10, (1000$/hm3)    
27, USIH   ,192, GUILMAN-AMOR  , VARM  ,0,1,-0.10, (1000$/hm3)    
27, USIH   ,230, SAO MANOEL    , VARM  ,0,1,-0.10, (1000$/hm3)    
27, USIH   ,288, BELO MONTE    , VARM  ,0,1,-0.10, (1000$/hm3)    
27, USIH   ,314, PIMENTAL      , VARM  ,0,1,-0.10, (1000$/hm3)    
28, RHS    ,0,      -        ,  RHS  ,0,0,0.1,  1000$         
28, USIH   ,1, CAMARGOS      , VARM  ,0,1,-0.10, (1000$/hm3)    
28, USIH   ,2, ITUTINGA      , VARM  ,0,1,-0.10, (1000$/hm3)    
28, USIH   ,4, FUNIL-GRANDE  , VARM  ,0,1,-0.10, (1000$/hm3)    
28, USIH   ,24, EMBORCACAO    , VARM  ,0,1,-0.10, (1000$/hm3)    
28, USIH   ,27, CAPIM BRANC1  , VARM  ,0,1,-0.10, (1000$/hm3)    
28, USIH   ,28, CAPIM BRANC2  , VARM  ,0,1,-0.10, (1000$/hm3)    
28, USIH   ,25, NOVA PONTE    , VARM  ,0,1,-0.10, (1000$/hm3)    
28, USIH   ,33, SAO SIMAO     , VARM  ,0,1,-0.10, (1000$/hm3)    
28, USIH   ,156, TRES MARIAS   , VARM  ,0,1,-0.10, (1000$/hm3)    
28, USIH   ,134, SALTO GRANDE  , VARM  ,0,1,-0.10, (1000$/hm3)    
28, USIH   ,10, IGARAPAVA     , VARM  ,0,1,-0.10, (1000$/hm3)    
28, USIH   ,143, AIMORES       , VARM  ,0,1,-0.10, (1000$/hm3)    
28, USIH   ,162, QUEIMADO      , VARM  ,0,1,-0.10, (1000$/hm3)    
28, USIH   ,148, IRAPE         , VARM  ,0,1,-0.10, (1000$/hm3)    
28, USIH   ,217, ROSAL         , VARM  ,0,1,-0.10, (1000$/hm3)    
28, USIH   ,193, SA CARVALHO   , VARM  ,0,1,-0.10, (1000$/hm3)    
28, USIH   ,141, BAGUARI       , VARM  ,0,1,-0.10, (1000$/hm3)    
28, USIH   ,14, CACONDE       , VARM  ,0,1,-0.10, (1000$/hm3)    
28, USIH   ,18, A. VERMELHA   , VARM  ,0,1,-0.10, (1000$/hm3)    
28, USIH   ,37, BARRA BONITA  , VARM  ,0,1,-0.10, (1000$/hm3)    
28, USIH   ,40, PROMISSAO     , VARM  ,0,1,-0.10, (1000$/hm3)    
28, USIH   ,42, NAVANHANDAVA  , VARM  ,0,1,-0.10, (1000$/hm3)    
28, USIH   ,15, E. DA CUNHA   , VARM  ,0,1,-0.10, (1000$/hm3)    
28, USIH   ,16, A.S.OLIVEIRA  , VARM  ,0,1,-0.10, (1000$/hm3)    
28, USIH   ,38, A.S. LIMA     , VARM  ,0,1,-0.10, (1000$/hm3)    
28, USIH   ,39, IBITINGA      , VARM  ,0,1,-0.10, (1000$/hm3)    
28, USIH   ,62, TAQUARUCU     , VARM  ,0,1,-0.10, (1000$/hm3)    
28, USIH   ,63, ROSANA        , VARM  ,0,1,-0.10, (1000$/hm3)    
28, USIH   ,52, CANOAS I      , VARM  ,0,1,-0.10, (1000$/hm3)    
28, USIH   ,51, CANOAS II     , VARM  ,0,1,-0.10, (1000$/hm3)    
28, USIH   ,47, A.A. LAYDNER  , VARM  ,0,1,-0.10, (1000$/hm3)    
28, USIH   ,49, CHAVANTES     , VARM  ,0,1,-0.10, (1000$/hm3)    
28, USIH   ,61, CAPIVARA      , VARM  ,0,1,-0.10, (1000$/hm3)    
28, USIH   ,50, L.N. GARCEZ   , VARM  ,0,1,-0.10, (1000$/hm3)    
28, USIH   ,45, JUPIA         , VARM  ,0,1,-0.10, (1000$/hm3)    
28, USIH   ,44, I. SOLT. EQV  , VARM  ,0,1,-0.10, (1000$/hm3)    
28, USIH   ,46, P. PRIMAVERA  , VARM  ,0,1,-0.10, (1000$/hm3)    
28, USIH   ,120, JAGUARI       , VARM  ,0,1,-0.10, (1000$/hm3)    
28, USIH   ,121, PARAIBUNA     , VARM  ,0,1,-0.10, (1000$/hm3)    
28, USIH   ,6, FURNAS        , VARM  ,0,1,-0.10, (1000$/hm3)    
28, USIH   ,7, M. DE MORAES  , VARM  ,0,1,-0.10, (1000$/hm3)    
28, USIH   ,8, ESTREITO      , VARM  ,0,1,-0.10, (1000$/hm3)    
28, USIH   ,12, P. COLOMBIA   , VARM  ,0,1,-0.10, (1000$/hm3)    
28, USIH   ,17, MARIMBONDO    , VARM  ,0,1,-0.10, (1000$/hm3)    
28, USIH   ,31, ITUMBIARA     , VARM  ,0,1,-0.10, (1000$/hm3)    
28, USIH   ,30, CORUMBA I     , VARM  ,0,1,-0.10, (1000$/hm3)    
28, USIH   ,251, SERRA MESA    , VARM  ,0,1,-0.10, (1000$/hm3)    
28, USIH   ,278, MANSO         , VARM  ,0,1,-0.10, (1000$/hm3)    
28, USIH   ,123, FUNIL         , VARM  ,0,1,-0.10, (1000$/hm3)    
28, USIH   ,129, SIMPLICIO     , VARM  ,0,1,-0.10, (1000$/hm3)    
28, USIH   ,20, BATALHA       , VARM  ,0,1,-0.10, (1000$/hm3)    
28, USIH   ,287, STO ANTONIO   , VARM  ,0,1,-0.10, (1000$/hm3)    
28, USIH   ,257, PEIXE ANGIC   , VARM  ,0,1,-0.10, (1000$/hm3)    
28, USIH   ,122, SANTA BRANCA  , VARM  ,0,1,-0.10, (1000$/hm3)    
28, USIH   ,124, LAJES         , VARM  ,0,1,-0.10, (1000$/hm3)    
28, USIH   ,130, ILHA POMBOS   , VARM  ,0,1,-0.10, (1000$/hm3)    
28, USIH   ,131, NILO PECANHA  , VARM  ,0,1,-0.10, (1000$/hm3)    
28, USIH   ,133, P. PASSOS     , VARM  ,0,1,-0.10, (1000$/hm3)    
28, USIH   ,125, STA CECILIA   , VARM  ,0,1,-0.10, (1000$/hm3)    
28, USIH   ,180, TOCOS         , VARM  ,0,1,-0.10, (1000$/hm3)    
28, USIH   ,181, SANTANA       , VARM  ,0,1,-0.10, (1000$/hm3)    
28, USIH   ,182, VIGARIO       , VARM  ,0,1,-0.10, (1000$/hm3)    
28, USIH   ,183, FONTES A      , VARM  ,0,1,-0.10, (1000$/hm3)    
28, USIH   ,184, FONTES BC     , VARM  ,0,1,-0.10, (1000$/hm3)    
28, USIH   ,107, EDGARD SOUZA  , VARM  ,0,1,-0.10, (1000$/hm3)    
28, USIH   ,108, TRAICAO       , VARM  ,0,1,-0.10, (1000$/hm3)    
28, USIH   ,109, PEDREIRA      , VARM  ,0,1,-0.10, (1000$/hm3)    
28, USIH   ,117, GUARAPIRANGA  , VARM  ,0,1,-0.10, (1000$/hm3)    
28, USIH   ,118, BILLINGS      , VARM  ,0,1,-0.10, (1000$/hm3)    
28, USIH   ,119, HENRY BORDEN  , VARM  ,0,1,-0.10, (1000$/hm3)    
28, USIH   ,32, CACH.DOURADA  , VARM  ,0,1,-0.10, (1000$/hm3)    
28, USIH   ,11, VOLTA GRANDE  , VARM  ,0,1,-0.10, (1000$/hm3)    
28, USIH   ,135, P. ESTRELA    , VARM  ,0,1,-0.10, (1000$/hm3)    
28, USIH   ,139, CANDONGA      , VARM  ,0,1,-0.10, (1000$/hm3)    
28, USIH   ,262, SALTO         , VARM  ,0,1,-0.10, (1000$/hm3)    
28, USIH   ,89, GARIBALDI     , VARM  ,0,1,-0.10, (1000$/hm3)    
28, USIH   ,144, MASCARENHAS   , VARM  ,0,1,-0.10, (1000$/hm3)    
28, USIH   ,66, ITAIPU        , VARM  ,0,1,-0.10, (1000$/hm3)    
28, USIH   ,110, ERNESTINA     , VARM  ,0,1,-0.10, (1000$/hm3)    
28, USIH   ,111, PASSO REAL    , VARM  ,0,1,-0.10, (1000$/hm3)    
28, USIH   ,112, JACUI         , VARM  ,0,1,-0.10, (1000$/hm3)    
28, USIH   ,113, ITAUBA        , VARM  ,0,1,-0.10, (1000$/hm3)    
28, USIH   ,114, D. FRANCISCA  , VARM  ,0,1,-0.10, (1000$/hm3)    
28, USIH   ,74, G.B. MUNHOZ   , VARM  ,0,1,-0.10, (1000$/hm3)    
28, USIH   ,76, SEGREDO       , VARM  ,0,1,-0.10, (1000$/hm3)    
28, USIH   ,82, SALTO CAXIAS  , VARM  ,0,1,-0.10, (1000$/hm3)    
28, USIH   ,115, G.P. SOUZA    , VARM  ,0,1,-0.10, (1000$/hm3)    
28, USIH   ,73, JORDAO        , VARM  ,0,1,-0.10, (1000$/hm3)    
28, USIH   ,71, STA CLARA PR  , VARM  ,0,1,-0.10, (1000$/hm3)    
28, USIH   ,72, FUNDAO        , VARM  ,0,1,-0.10, (1000$/hm3)    
28, USIH   ,57, MAUA          , VARM  ,0,1,-0.10, (1000$/hm3)    
28, USIH   ,77, SLT.SANTIAGO  , VARM  ,0,1,-0.10, (1000$/hm3)    
28, USIH   ,78, SALTO OSORIO  , VARM  ,0,1,-0.10, (1000$/hm3)    
28, USIH   ,93, PASSO FUNDO   , VARM  ,0,1,-0.10, (1000$/hm3)    
28, USIH   ,91, MACHADINHO    , VARM  ,0,1,-0.10, (1000$/hm3)    
28, USIH   ,92, ITA           , VARM  ,0,1,-0.10, (1000$/hm3)    
28, USIH   ,252, CANA BRAVA    , VARM  ,0,1,-0.10, (1000$/hm3)    
28, USIH   ,253, SAO SALVADOR  , VARM  ,0,1,-0.10, (1000$/hm3)    
28, USIH   ,267, ESTREITO TOC  , VARM  ,0,1,-0.10, (1000$/hm3)    
28, USIH   ,281, PONTE PEDRA   , VARM  ,0,1,-0.10, (1000$/hm3)    
28, USIH   ,9, JAGUARA       , VARM  ,0,1,-0.10, (1000$/hm3)    
28, USIH   ,26, MIRANDA       , VARM  ,0,1,-0.10, (1000$/hm3)    
28, USIH   ,86, BARRA GRANDE  , VARM  ,0,1,-0.10, (1000$/hm3)    
28, USIH   ,90, CAMPOS NOVOS  , VARM  ,0,1,-0.10, (1000$/hm3)    
28, USIH   ,97, CASTRO ALVES  , VARM  ,0,1,-0.10, (1000$/hm3)    
28, USIH   ,98, MONTE CLARO   , VARM  ,0,1,-0.10, (1000$/hm3)    
28, USIH   ,99, 14 DE JULHO   , VARM  ,0,1,-0.10, (1000$/hm3)    
28, USIH   ,103, FOZ CHAPECO   , VARM  ,0,1,-0.10, (1000$/hm3)    
28, USIH   ,169, SOBRADINHO    , VARM  ,0,1,-0.10, (1000$/hm3)    
28, USIH   ,172, ITAPARICA     , VARM  ,0,1,-0.10, (1000$/hm3)    
28, USIH   ,173, MOXOTO        , VARM  ,0,1,-0.10, (1000$/hm3)    
28, USIH   ,174, P.AFONSO 123  , VARM  ,0,1,-0.10, (1000$/hm3)    
28, USIH   ,175, P.AFONSO 4    , VARM  ,0,1,-0.10, (1000$/hm3)    
28, USIH   ,178, XINGO         , VARM  ,0,1,-0.10, (1000$/hm3)    
28, USIH   ,190, B. ESPERANCA  , VARM  ,0,1,-0.10, (1000$/hm3)    
28, USIH   ,189, P. CAVALO     , VARM  ,0,1,-0.10, (1000$/hm3)    
28, USIH   ,275, TUCURUI       , VARM  ,0,1,-0.10, (1000$/hm3)    
28, USIH   ,272, CURUA-UNA     , VARM  ,0,1,-0.10, (1000$/hm3)    
28, USIH   ,279, SAMUEL        , VARM  ,0,1,-0.10, (1000$/hm3)    
28, USIH   ,280, COARACY NUNE  , VARM  ,0,1,-0.10, (1000$/hm3)    
28, USIH   ,204, CACH.CALDEIR  , VARM  ,0,1,-0.10, (1000$/hm3)    
28, USIH   ,127, SOBRAGI       , VARM  ,0,1,-0.10, (1000$/hm3)    
28, USIH   ,126, PICADA        , VARM  ,0,1,-0.10, (1000$/hm3)    
28, USIH   ,283, STA CLARA MG  , VARM  ,0,1,-0.10, (1000$/hm3)    
28, USIH   ,261, LAJEADO       , VARM  ,0,1,-0.10, (1000$/hm3)    
28, USIH   ,48, PIRAJU        , VARM  ,0,1,-0.10, (1000$/hm3)    
28, USIH   ,249, OURINHOS      , VARM  ,0,1,-0.10, (1000$/hm3)    
28, USIH   ,241, SLT VERDINHO  , VARM  ,0,1,-0.10, (1000$/hm3)    
28, USIH   ,304, ITIQUIRA I    , VARM  ,0,1,-0.10, (1000$/hm3)    
28, USIH   ,305, ITIQUIRA II   , VARM  ,0,1,-0.10, (1000$/hm3)    
28, USIH   ,196, GUAPORE       , VARM  ,0,1,-0.10, (1000$/hm3)    
28, USIH   ,195, JAURU         , VARM  ,0,1,-0.10, (1000$/hm3)    
28, USIH   ,95, QUEBRA QUEIX  , VARM  ,0,1,-0.10, (1000$/hm3)    
28, USIH   ,203, CORUMBA III   , VARM  ,0,1,-0.10, (1000$/hm3)    
28, USIH   ,154, ITAPEBI       , VARM  ,0,1,-0.10, (1000$/hm3)    
28, USIH   ,310, DARDANELOS    , VARM  ,0,1,-0.10, (1000$/hm3)    
28, USIH   ,29, CORUMBA IV    , VARM  ,0,1,-0.10, (1000$/hm3)    
28, USIH   ,94, MONJOLINHO    , VARM  ,0,1,-0.10, (1000$/hm3)    
28, USIH   ,215, SALTO PILAO   , VARM  ,0,1,-0.10, (1000$/hm3)    
28, USIH   ,155, RETIRO BAIXO  , VARM  ,0,1,-0.10, (1000$/hm3)    
28, USIH   ,311, CACU          , VARM  ,0,1,-0.10, (1000$/hm3)    
28, USIH   ,312, B. COQUEIROS  , VARM  ,0,1,-0.10, (1000$/hm3)    
28, USIH   ,315, FOZ R. CLARO  , VARM  ,0,1,-0.10, (1000$/hm3)    
28, USIH   ,21, SERRA FACAO   , VARM  ,0,1,-0.10, (1000$/hm3)    
28, USIH   ,290, ESPORA        , VARM  ,0,1,-0.10, (1000$/hm3)    
28, USIH   ,101, SAO JOSE      , VARM  ,0,1,-0.10, (1000$/hm3)    
28, USIH   ,276, RONDON II     , VARM  ,0,1,-0.10, (1000$/hm3)    
28, USIH   ,102, PASSO S JOAO  , VARM  ,0,1,-0.10, (1000$/hm3)    
28, USIH   ,277, BALBINA       , VARM  ,0,1,-0.10, (1000$/hm3)    
28, USIH   ,285, JIRAU         , VARM  ,0,1,-0.10, (1000$/hm3)    
28, USIH   ,286, STO ANT JARI  , VARM  ,0,1,-0.10, (1000$/hm3)    
28, USIH   ,284, FERREIRA GOM  , VARM  ,0,1,-0.10, (1000$/hm3)    
28, USIH   ,229, TELES PIRES   , VARM  ,0,1,-0.10, (1000$/hm3)    
28, USIH   ,192, GUILMAN-AMOR  , VARM  ,0,1,-0.10, (1000$/hm3)    
28, USIH   ,230, SAO MANOEL    , VARM  ,0,1,-0.10, (1000$/hm3)    
28, USIH   ,288, BELO MONTE    , VARM  ,0,1,-0.10, (1000$/hm3)    
28, USIH   ,314, PIMENTAL      , VARM  ,0,1,-0.10, (1000$/hm3)    
