0.00046056027203228433,0.00046056027203228433,0.000236685545002978,0.000236685545002978,0.006966131960054689,0.006966131960054689,1.4211640383078247e-5,1.4211640383078247e-5,0.00013018551711198832,0.00013018551711198832,0.00010691012133381278,0.00010691012133381278,0.0001732385383054827,0.0001732385383054827,9.19290366188704e-5,9.19290366188704e-5,2.3374056865906783e-5,2.3374056865906783e-5,0.00023597114678253206,0.00023597114678253206,0.0001303096427661063,0.0001303096427661063,0.0006451835387033325,0.0006451835387033325,0.0001463283479958069,0.0001463283479958069,0.0005430767395192548,0.0005430767395192548,0.005725108318259231,0.005725108318259231,0.0007056747368298921,0.0007056747368298921,0.0002945547806684542,0.0002945547806684542,0.0002145893215375963,0.0002145893215375963,8.211319477077761e-5,8.211319477077761e-5,0.001609113425142028,0.001609113425142028,6.434364660579117e-5,6.434364660579117e-5,8.854984158204911e-5,8.854984158204911e-5,0.000641112745409303,0.000641112745409303,0.0009433335992865832,0.0009433335992865832
0.00046056027203228433,0.00046056027203228433,0.000236685545002978,0.000236685545002978,0.006966131960054689,0.006966131960054689,1.4211640383078247e-5,1.4211640383078247e-5,0.00013018551711198832,0.00013018551711198832,0.00010691012133381278,0.00010691012133381278,0.0001732385383054827,0.0001732385383054827,9.19290366188704e-5,9.19290366188704e-5,2.3374056865906783e-5,2.3374056865906783e-5,0.00023597114678253206,0.00023597114678253206,0.0001303096427661063,0.0001303096427661063,0.0006451835387033325,0.0006451835387033325,0.0001463283479958069,0.0001463283479958069,0.0005430767395192548,0.0005430767395192548,0.005725108318259231,0.005725108318259231,0.0007056747368298921,0.0007056747368298921,0.0002945547806684542,0.0002945547806684542,0.0002145893215375963,0.0002145893215375963,8.211319477077761e-5,8.211319477077761e-5,0.001609113425142028,0.001609113425142028,6.434364660579117e-5,6.434364660579117e-5,8.854984158204911e-5,8.854984158204911e-5,0.000641112745409303,0.000641112745409303,0.0009433335992865832,0.0009433335992865832
0.00046056027203228433,0.00046056027203228433,0.000236685545002978,0.000236685545002978,0.006966131960054689,0.006966131960054689,1.4211640383078247e-5,1.4211640383078247e-5,0.00013018551711198832,0.00013018551711198832,0.00010691012133381278,0.00010691012133381278,0.0001732385383054827,0.0001732385383054827,9.19290366188704e-5,9.19290366188704e-5,2.3374056865906783e-5,2.3374056865906783e-5,0.00023597114678253206,0.00023597114678253206,0.0001303096427661063,0.0001303096427661063,0.0006451835387033325,0.0006451835387033325,0.0001463283479958069,0.0001463283479958069,0.0005430767395192548,0.0005430767395192548,0.005725108318259231,0.005725108318259231,0.0007056747368298921,0.0007056747368298921,0.0002945547806684542,0.0002945547806684542,0.0002145893215375963,0.0002145893215375963,8.211319477077761e-5,8.211319477077761e-5,0.001609113425142028,0.001609113425142028,6.434364660579117e-5,6.434364660579117e-5,8.854984158204911e-5,8.854984158204911e-5,0.000641112745409303,0.000641112745409303,0.0009433335992865832,0.0009433335992865832
0.00046056027203228433,0.00046056027203228433,0.000236685545002978,0.000236685545002978,0.006966131960054689,0.006966131960054689,1.4211640383078247e-5,1.4211640383078247e-5,0.00013018551711198832,0.00013018551711198832,0.00010691012133381278,0.00010691012133381278,0.0001732385383054827,0.0001732385383054827,9.19290366188704e-5,9.19290366188704e-5,2.3374056865906783e-5,2.3374056865906783e-5,0.00023597114678253206,0.00023597114678253206,0.0001303096427661063,0.0001303096427661063,0.0006451835387033325,0.0006451835387033325,0.0001463283479958069,0.0001463283479958069,0.0005430767395192548,0.0005430767395192548,0.005725108318259231,0.005725108318259231,0.0007056747368298921,0.0007056747368298921,0.0002945547806684542,0.0002945547806684542,0.0002145893215375963,0.0002145893215375963,8.211319477077761e-5,8.211319477077761e-5,0.001609113425142028,0.001609113425142028,6.434364660579117e-5,6.434364660579117e-5,8.854984158204911e-5,8.854984158204911e-5,0.000641112745409303,0.000641112745409303,0.0009433335992865832,0.0009433335992865832
0.00046056027203228433,0.00046056027203228433,0.000236685545002978,0.000236685545002978,0.006966131960054689,0.006966131960054689,1.4211640383078247e-5,1.4211640383078247e-5,0.00013018551711198832,0.00013018551711198832,0.00010691012133381278,0.00010691012133381278,0.0001732385383054827,0.0001732385383054827,9.19290366188704e-5,9.19290366188704e-5,2.3374056865906783e-5,2.3374056865906783e-5,0.00023597114678253206,0.00023597114678253206,0.0001303096427661063,0.0001303096427661063,0.0006451835387033325,0.0006451835387033325,0.0001463283479958069,0.0001463283479958069,0.0005430767395192548,0.0005430767395192548,0.005725108318259231,0.005725108318259231,0.0007056747368298921,0.0007056747368298921,0.0002945547806684542,0.0002945547806684542,0.0002145893215375963,0.0002145893215375963,8.211319477077761e-5,8.211319477077761e-5,0.001609113425142028,0.001609113425142028,6.434364660579117e-5,6.434364660579117e-5,8.854984158204911e-5,8.854984158204911e-5,0.000641112745409303,0.000641112745409303,0.0009433335992865832,0.0009433335992865832
0.00046056027203228433,0.00046056027203228433,0.000236685545002978,0.000236685545002978,0.006966131960054689,0.006966131960054689,1.4211640383078247e-5,1.4211640383078247e-5,0.00013018551711198832,0.00013018551711198832,0.00010691012133381278,0.00010691012133381278,0.0001732385383054827,0.0001732385383054827,9.19290366188704e-5,9.19290366188704e-5,2.3374056865906783e-5,2.3374056865906783e-5,0.00023597114678253206,0.00023597114678253206,0.0001303096427661063,0.0001303096427661063,0.0006451835387033325,0.0006451835387033325,0.0001463283479958069,0.0001463283479958069,0.0005430767395192548,0.0005430767395192548,0.005725108318259231,0.005725108318259231,0.0007056747368298921,0.0007056747368298921,0.0002945547806684542,0.0002945547806684542,0.0002145893215375963,0.0002145893215375963,8.211319477077761e-5,8.211319477077761e-5,0.001609113425142028,0.001609113425142028,6.434364660579117e-5,6.434364660579117e-5,8.854984158204911e-5,8.854984158204911e-5,0.000641112745409303,0.000641112745409303,0.0009433335992865832,0.0009433335992865832
0.00046056027203228433,0.00046056027203228433,0.000236685545002978,0.000236685545002978,0.006966131960054689,0.006966131960054689,1.4211640383078247e-5,1.4211640383078247e-5,0.00013018551711198832,0.00013018551711198832,0.00010691012133381278,0.00010691012133381278,0.0001732385383054827,0.0001732385383054827,9.19290366188704e-5,9.19290366188704e-5,2.3374056865906783e-5,2.3374056865906783e-5,0.00023597114678253206,0.00023597114678253206,0.0001303096427661063,0.0001303096427661063,0.0006451835387033325,0.0006451835387033325,0.0001463283479958069,0.0001463283479958069,0.0005430767395192548,0.0005430767395192548,0.005725108318259231,0.005725108318259231,0.0007056747368298921,0.0007056747368298921,0.0002945547806684542,0.0002945547806684542,0.0002145893215375963,0.0002145893215375963,8.211319477077761e-5,8.211319477077761e-5,0.001609113425142028,0.001609113425142028,6.434364660579117e-5,6.434364660579117e-5,8.854984158204911e-5,8.854984158204911e-5,0.000641112745409303,0.000641112745409303,0.0009433335992865832,0.0009433335992865832
0.00046056027203228433,0.00046056027203228433,0.000236685545002978,0.000236685545002978,0.006966131960054689,0.006966131960054689,1.4211640383078247e-5,1.4211640383078247e-5,0.00013018551711198832,0.00013018551711198832,0.00010691012133381278,0.00010691012133381278,0.0001732385383054827,0.0001732385383054827,9.19290366188704e-5,9.19290366188704e-5,2.3374056865906783e-5,2.3374056865906783e-5,0.00023597114678253206,0.00023597114678253206,0.0001303096427661063,0.0001303096427661063,0.0006451835387033325,0.0006451835387033325,0.0001463283479958069,0.0001463283479958069,0.0005430767395192548,0.0005430767395192548,0.005725108318259231,0.005725108318259231,0.0007056747368298921,0.0007056747368298921,0.0002945547806684542,0.0002945547806684542,0.0002145893215375963,0.0002145893215375963,8.211319477077761e-5,8.211319477077761e-5,0.001609113425142028,0.001609113425142028,6.434364660579117e-5,6.434364660579117e-5,8.854984158204911e-5,8.854984158204911e-5,0.000641112745409303,0.000641112745409303,0.0009433335992865832,0.0009433335992865832
0.00046056027203228433,0.00046056027203228433,0.000236685545002978,0.000236685545002978,0.006966131960054689,0.006966131960054689,1.4211640383078247e-5,1.4211640383078247e-5,0.00013018551711198832,0.00013018551711198832,0.00010691012133381278,0.00010691012133381278,0.0001732385383054827,0.0001732385383054827,9.19290366188704e-5,9.19290366188704e-5,2.3374056865906783e-5,2.3374056865906783e-5,0.00023597114678253206,0.00023597114678253206,0.0001303096427661063,0.0001303096427661063,0.0006451835387033325,0.0006451835387033325,0.0001463283479958069,0.0001463283479958069,0.0005430767395192548,0.0005430767395192548,0.005725108318259231,0.005725108318259231,0.0007056747368298921,0.0007056747368298921,0.0002945547806684542,0.0002945547806684542,0.0002145893215375963,0.0002145893215375963,8.211319477077761e-5,8.211319477077761e-5,0.001609113425142028,0.001609113425142028,6.434364660579117e-5,6.434364660579117e-5,8.854984158204911e-5,8.854984158204911e-5,0.000641112745409303,0.000641112745409303,0.0009433335992865832,0.0009433335992865832
0.00046056027203228433,0.00046056027203228433,0.000236685545002978,0.000236685545002978,0.006966131960054689,0.006966131960054689,1.4211640383078247e-5,1.4211640383078247e-5,0.00013018551711198832,0.00013018551711198832,0.00010691012133381278,0.00010691012133381278,0.0001732385383054827,0.0001732385383054827,9.19290366188704e-5,9.19290366188704e-5,2.3374056865906783e-5,2.3374056865906783e-5,0.00023597114678253206,0.00023597114678253206,0.0001303096427661063,0.0001303096427661063,0.0006451835387033325,0.0006451835387033325,0.0001463283479958069,0.0001463283479958069,0.0005430767395192548,0.0005430767395192548,0.005725108318259231,0.005725108318259231,0.0007056747368298921,0.0007056747368298921,0.0002945547806684542,0.0002945547806684542,0.0002145893215375963,0.0002145893215375963,8.211319477077761e-5,8.211319477077761e-5,0.001609113425142028,0.001609113425142028,6.434364660579117e-5,6.434364660579117e-5,8.854984158204911e-5,8.854984158204911e-5,0.000641112745409303,0.000641112745409303,0.0009433335992865832,0.0009433335992865832
0.00046056027203228433,0.00046056027203228433,0.000236685545002978,0.000236685545002978,0.006966131960054689,0.006966131960054689,1.4211640383078247e-5,1.4211640383078247e-5,0.00013018551711198832,0.00013018551711198832,0.00010691012133381278,0.00010691012133381278,0.0001732385383054827,0.0001732385383054827,9.19290366188704e-5,9.19290366188704e-5,2.3374056865906783e-5,2.3374056865906783e-5,0.00023597114678253206,0.00023597114678253206,0.0001303096427661063,0.0001303096427661063,0.0006451835387033325,0.0006451835387033325,0.0001463283479958069,0.0001463283479958069,0.0005430767395192548,0.0005430767395192548,0.005725108318259231,0.005725108318259231,0.0007056747368298921,0.0007056747368298921,0.0002945547806684542,0.0002945547806684542,0.0002145893215375963,0.0002145893215375963,8.211319477077761e-5,8.211319477077761e-5,0.001609113425142028,0.001609113425142028,6.434364660579117e-5,6.434364660579117e-5,8.854984158204911e-5,8.854984158204911e-5,0.000641112745409303,0.000641112745409303,0.0009433335992865832,0.0009433335992865832
0.00046056027203228433,0.00046056027203228433,0.000236685545002978,0.000236685545002978,0.006966131960054689,0.006966131960054689,1.4211640383078247e-5,1.4211640383078247e-5,0.00013018551711198832,0.00013018551711198832,0.00010691012133381278,0.00010691012133381278,0.0001732385383054827,0.0001732385383054827,9.19290366188704e-5,9.19290366188704e-5,2.3374056865906783e-5,2.3374056865906783e-5,0.00023597114678253206,0.00023597114678253206,0.0001303096427661063,0.0001303096427661063,0.0006451835387033325,0.0006451835387033325,0.0001463283479958069,0.0001463283479958069,0.0005430767395192548,0.0005430767395192548,0.005725108318259231,0.005725108318259231,0.0007056747368298921,0.0007056747368298921,0.0002945547806684542,0.0002945547806684542,0.0002145893215375963,0.0002145893215375963,8.211319477077761e-5,8.211319477077761e-5,0.001609113425142028,0.001609113425142028,6.434364660579117e-5,6.434364660579117e-5,8.854984158204911e-5,8.854984158204911e-5,0.000641112745409303,0.000641112745409303,0.0009433335992865832,0.0009433335992865832
0.0001429629514636691,0.0001429629514636691,0.0001001557372046491,0.0001001557372046491,6.187537934574869e-6,6.187537934574869e-6,1.66197647781302e-5,1.66197647781302e-5,2.1054683388665053e-5,2.1054683388665053e-5,0.00016362933864642534,0.00016362933864642534,0.00019315626876265785,0.00019315626876265785,7.377701556903621e-5,7.377701556903621e-5,1.0300211213726176e-5,1.0300211213726176e-5,0.00012208837538274508,0.00012208837538274508,3.9262342840899744e-5,3.9262342840899744e-5,0.0005344580081363681,0.0005344580081363681,0.0002102748981418559,0.0002102748981418559,0.00037719013993892103,0.00037719013993892103,0.0002539042172024792,0.0002539042172024792,0.0003021373190039908,0.0003021373190039908,5.280146706539363e-5,5.280146706539363e-5,0.001129354463384337,0.001129354463384337,6.056732193500565e-5,6.056732193500565e-5,0.00031021624510257223,0.00031021624510257223,1.5762556351121317e-5,1.5762556351121317e-5,6.319178645983713e-5,6.319178645983713e-5,0.00019074197724521305,0.00019074197724521305,0.0001455768178798729,0.0001455768178798729
0.0001429629514636691,0.0001429629514636691,0.0001001557372046491,0.0001001557372046491,6.187537934574869e-6,6.187537934574869e-6,1.66197647781302e-5,1.66197647781302e-5,2.1054683388665053e-5,2.1054683388665053e-5,0.00016362933864642534,0.00016362933864642534,0.00019315626876265785,0.00019315626876265785,7.377701556903621e-5,7.377701556903621e-5,1.0300211213726176e-5,1.0300211213726176e-5,0.00012208837538274508,0.00012208837538274508,3.9262342840899744e-5,3.9262342840899744e-5,0.0005344580081363681,0.0005344580081363681,0.0002102748981418559,0.0002102748981418559,0.00037719013993892103,0.00037719013993892103,0.0002539042172024792,0.0002539042172024792,0.0003021373190039908,0.0003021373190039908,5.280146706539363e-5,5.280146706539363e-5,0.001129354463384337,0.001129354463384337,6.056732193500565e-5,6.056732193500565e-5,0.00031021624510257223,0.00031021624510257223,1.5762556351121317e-5,1.5762556351121317e-5,6.319178645983713e-5,6.319178645983713e-5,0.00019074197724521305,0.00019074197724521305,0.0001455768178798729,0.0001455768178798729
0.0001429629514636691,0.0001429629514636691,0.0001001557372046491,0.0001001557372046491,6.187537934574869e-6,6.187537934574869e-6,1.66197647781302e-5,1.66197647781302e-5,2.1054683388665053e-5,2.1054683388665053e-5,0.00016362933864642534,0.00016362933864642534,0.00019315626876265785,0.00019315626876265785,7.377701556903621e-5,7.377701556903621e-5,1.0300211213726176e-5,1.0300211213726176e-5,0.00012208837538274508,0.00012208837538274508,3.9262342840899744e-5,3.9262342840899744e-5,0.0005344580081363681,0.0005344580081363681,0.0002102748981418559,0.0002102748981418559,0.00037719013993892103,0.00037719013993892103,0.0002539042172024792,0.0002539042172024792,0.0003021373190039908,0.0003021373190039908,5.280146706539363e-5,5.280146706539363e-5,0.001129354463384337,0.001129354463384337,6.056732193500565e-5,6.056732193500565e-5,0.00031021624510257223,0.00031021624510257223,1.5762556351121317e-5,1.5762556351121317e-5,6.319178645983713e-5,6.319178645983713e-5,0.00019074197724521305,0.00019074197724521305,0.0001455768178798729,0.0001455768178798729
0.0001429629514636691,0.0001429629514636691,0.0001001557372046491,0.0001001557372046491,6.187537934574869e-6,6.187537934574869e-6,1.66197647781302e-5,1.66197647781302e-5,2.1054683388665053e-5,2.1054683388665053e-5,0.00016362933864642534,0.00016362933864642534,0.00019315626876265785,0.00019315626876265785,7.377701556903621e-5,7.377701556903621e-5,1.0300211213726176e-5,1.0300211213726176e-5,0.00012208837538274508,0.00012208837538274508,3.9262342840899744e-5,3.9262342840899744e-5,0.0005344580081363681,0.0005344580081363681,0.0002102748981418559,0.0002102748981418559,0.00037719013993892103,0.00037719013993892103,0.0002539042172024792,0.0002539042172024792,0.0003021373190039908,0.0003021373190039908,5.280146706539363e-5,5.280146706539363e-5,0.001129354463384337,0.001129354463384337,6.056732193500565e-5,6.056732193500565e-5,0.00031021624510257223,0.00031021624510257223,1.5762556351121317e-5,1.5762556351121317e-5,6.319178645983713e-5,6.319178645983713e-5,0.00019074197724521305,0.00019074197724521305,0.0001455768178798729,0.0001455768178798729
0.0001429629514636691,0.0001429629514636691,0.0001001557372046491,0.0001001557372046491,6.187537934574869e-6,6.187537934574869e-6,1.66197647781302e-5,1.66197647781302e-5,2.1054683388665053e-5,2.1054683388665053e-5,0.00016362933864642534,0.00016362933864642534,0.00019315626876265785,0.00019315626876265785,7.377701556903621e-5,7.377701556903621e-5,1.0300211213726176e-5,1.0300211213726176e-5,0.00012208837538274508,0.00012208837538274508,3.9262342840899744e-5,3.9262342840899744e-5,0.0005344580081363681,0.0005344580081363681,0.0002102748981418559,0.0002102748981418559,0.00037719013993892103,0.00037719013993892103,0.0002539042172024792,0.0002539042172024792,0.0003021373190039908,0.0003021373190039908,5.280146706539363e-5,5.280146706539363e-5,0.001129354463384337,0.001129354463384337,6.056732193500565e-5,6.056732193500565e-5,0.00031021624510257223,0.00031021624510257223,1.5762556351121317e-5,1.5762556351121317e-5,6.319178645983713e-5,6.319178645983713e-5,0.00019074197724521305,0.00019074197724521305,0.0001455768178798729,0.0001455768178798729
0.0001429629514636691,0.0001429629514636691,0.0001001557372046491,0.0001001557372046491,6.187537934574869e-6,6.187537934574869e-6,1.66197647781302e-5,1.66197647781302e-5,2.1054683388665053e-5,2.1054683388665053e-5,0.00016362933864642534,0.00016362933864642534,0.00019315626876265785,0.00019315626876265785,7.377701556903621e-5,7.377701556903621e-5,1.0300211213726176e-5,1.0300211213726176e-5,0.00012208837538274508,0.00012208837538274508,3.9262342840899744e-5,3.9262342840899744e-5,0.0005344580081363681,0.0005344580081363681,0.0002102748981418559,0.0002102748981418559,0.00037719013993892103,0.00037719013993892103,0.0002539042172024792,0.0002539042172024792,0.0003021373190039908,0.0003021373190039908,5.280146706539363e-5,5.280146706539363e-5,0.001129354463384337,0.001129354463384337,6.056732193500565e-5,6.056732193500565e-5,0.00031021624510257223,0.00031021624510257223,1.5762556351121317e-5,1.5762556351121317e-5,6.319178645983713e-5,6.319178645983713e-5,0.00019074197724521305,0.00019074197724521305,0.0001455768178798729,0.0001455768178798729
0.0001429629514636691,0.0001429629514636691,0.0001001557372046491,0.0001001557372046491,6.187537934574869e-6,6.187537934574869e-6,1.66197647781302e-5,1.66197647781302e-5,2.1054683388665053e-5,2.1054683388665053e-5,0.00016362933864642534,0.00016362933864642534,0.00019315626876265785,0.00019315626876265785,7.377701556903621e-5,7.377701556903621e-5,1.0300211213726176e-5,1.0300211213726176e-5,0.00012208837538274508,0.00012208837538274508,3.9262342840899744e-5,3.9262342840899744e-5,0.0005344580081363681,0.0005344580081363681,0.0002102748981418559,0.0002102748981418559,0.00037719013993892103,0.00037719013993892103,0.0002539042172024792,0.0002539042172024792,0.0003021373190039908,0.0003021373190039908,5.280146706539363e-5,5.280146706539363e-5,0.001129354463384337,0.001129354463384337,6.056732193500565e-5,6.056732193500565e-5,0.00031021624510257223,0.00031021624510257223,1.5762556351121317e-5,1.5762556351121317e-5,6.319178645983713e-5,6.319178645983713e-5,0.00019074197724521305,0.00019074197724521305,0.0001455768178798729,0.0001455768178798729
0.0001429629514636691,0.0001429629514636691,0.0001001557372046491,0.0001001557372046491,6.187537934574869e-6,6.187537934574869e-6,1.66197647781302e-5,1.66197647781302e-5,2.1054683388665053e-5,2.1054683388665053e-5,0.00016362933864642534,0.00016362933864642534,0.00019315626876265785,0.00019315626876265785,7.377701556903621e-5,7.377701556903621e-5,1.0300211213726176e-5,1.0300211213726176e-5,0.00012208837538274508,0.00012208837538274508,3.9262342840899744e-5,3.9262342840899744e-5,0.0005344580081363681,0.0005344580081363681,0.0002102748981418559,0.0002102748981418559,0.00037719013993892103,0.00037719013993892103,0.0002539042172024792,0.0002539042172024792,0.0003021373190039908,0.0003021373190039908,5.280146706539363e-5,5.280146706539363e-5,0.001129354463384337,0.001129354463384337,6.056732193500565e-5,6.056732193500565e-5,0.00031021624510257223,0.00031021624510257223,1.5762556351121317e-5,1.5762556351121317e-5,6.319178645983713e-5,6.319178645983713e-5,0.00019074197724521305,0.00019074197724521305,0.0001455768178798729,0.0001455768178798729
0.0001429629514636691,0.0001429629514636691,0.0001001557372046491,0.0001001557372046491,6.187537934574869e-6,6.187537934574869e-6,1.66197647781302e-5,1.66197647781302e-5,2.1054683388665053e-5,2.1054683388665053e-5,0.00016362933864642534,0.00016362933864642534,0.00019315626876265785,0.00019315626876265785,7.377701556903621e-5,7.377701556903621e-5,1.0300211213726176e-5,1.0300211213726176e-5,0.00012208837538274508,0.00012208837538274508,3.9262342840899744e-5,3.9262342840899744e-5,0.0005344580081363681,0.0005344580081363681,0.0002102748981418559,0.0002102748981418559,0.00037719013993892103,0.00037719013993892103,0.0002539042172024792,0.0002539042172024792,0.0003021373190039908,0.0003021373190039908,5.280146706539363e-5,5.280146706539363e-5,0.001129354463384337,0.001129354463384337,6.056732193500565e-5,6.056732193500565e-5,0.00031021624510257223,0.00031021624510257223,1.5762556351121317e-5,1.5762556351121317e-5,6.319178645983713e-5,6.319178645983713e-5,0.00019074197724521305,0.00019074197724521305,0.0001455768178798729,0.0001455768178798729
0.0001429629514636691,0.0001429629514636691,0.0001001557372046491,0.0001001557372046491,6.187537934574869e-6,6.187537934574869e-6,1.66197647781302e-5,1.66197647781302e-5,2.1054683388665053e-5,2.1054683388665053e-5,0.00016362933864642534,0.00016362933864642534,0.00019315626876265785,0.00019315626876265785,7.377701556903621e-5,7.377701556903621e-5,1.0300211213726176e-5,1.0300211213726176e-5,0.00012208837538274508,0.00012208837538274508,3.9262342840899744e-5,3.9262342840899744e-5,0.0005344580081363681,0.0005344580081363681,0.0002102748981418559,0.0002102748981418559,0.00037719013993892103,0.00037719013993892103,0.0002539042172024792,0.0002539042172024792,0.0003021373190039908,0.0003021373190039908,5.280146706539363e-5,5.280146706539363e-5,0.001129354463384337,0.001129354463384337,6.056732193500565e-5,6.056732193500565e-5,0.00031021624510257223,0.00031021624510257223,1.5762556351121317e-5,1.5762556351121317e-5,6.319178645983713e-5,6.319178645983713e-5,0.00019074197724521305,0.00019074197724521305,0.0001455768178798729,0.0001455768178798729
0.0001429629514636691,0.0001429629514636691,0.0001001557372046491,0.0001001557372046491,6.187537934574869e-6,6.187537934574869e-6,1.66197647781302e-5,1.66197647781302e-5,2.1054683388665053e-5,2.1054683388665053e-5,0.00016362933864642534,0.00016362933864642534,0.00019315626876265785,0.00019315626876265785,7.377701556903621e-5,7.377701556903621e-5,1.0300211213726176e-5,1.0300211213726176e-5,0.00012208837538274508,0.00012208837538274508,3.9262342840899744e-5,3.9262342840899744e-5,0.0005344580081363681,0.0005344580081363681,0.0002102748981418559,0.0002102748981418559,0.00037719013993892103,0.00037719013993892103,0.0002539042172024792,0.0002539042172024792,0.0003021373190039908,0.0003021373190039908,5.280146706539363e-5,5.280146706539363e-5,0.001129354463384337,0.001129354463384337,6.056732193500565e-5,6.056732193500565e-5,0.00031021624510257223,0.00031021624510257223,1.5762556351121317e-5,1.5762556351121317e-5,6.319178645983713e-5,6.319178645983713e-5,0.00019074197724521305,0.00019074197724521305,0.0001455768178798729,0.0001455768178798729
0.0001429629514636691,0.0001429629514636691,0.0001001557372046491,0.0001001557372046491,6.187537934574869e-6,6.187537934574869e-6,1.66197647781302e-5,1.66197647781302e-5,2.1054683388665053e-5,2.1054683388665053e-5,0.00016362933864642534,0.00016362933864642534,0.00019315626876265785,0.00019315626876265785,7.377701556903621e-5,7.377701556903621e-5,1.0300211213726176e-5,1.0300211213726176e-5,0.00012208837538274508,0.00012208837538274508,3.9262342840899744e-5,3.9262342840899744e-5,0.0005344580081363681,0.0005344580081363681,0.0002102748981418559,0.0002102748981418559,0.00037719013993892103,0.00037719013993892103,0.0002539042172024792,0.0002539042172024792,0.0003021373190039908,0.0003021373190039908,5.280146706539363e-5,5.280146706539363e-5,0.001129354463384337,0.001129354463384337,6.056732193500565e-5,6.056732193500565e-5,0.00031021624510257223,0.00031021624510257223,1.5762556351121317e-5,1.5762556351121317e-5,6.319178645983713e-5,6.319178645983713e-5,0.00019074197724521305,0.00019074197724521305,0.0001455768178798729,0.0001455768178798729
0.0001429629514636691,0.0001429629514636691,0.0001001557372046491,0.0001001557372046491,6.187537934574869e-6,6.187537934574869e-6,1.66197647781302e-5,1.66197647781302e-5,2.1054683388665053e-5,2.1054683388665053e-5,0.00016362933864642534,0.00016362933864642534,0.00019315626876265785,0.00019315626876265785,7.377701556903621e-5,7.377701556903621e-5,1.0300211213726176e-5,1.0300211213726176e-5,0.00012208837538274508,0.00012208837538274508,3.9262342840899744e-5,3.9262342840899744e-5,0.0005344580081363681,0.0005344580081363681,0.0002102748981418559,0.0002102748981418559,0.00037719013993892103,0.00037719013993892103,0.0002539042172024792,0.0002539042172024792,0.0003021373190039908,0.0003021373190039908,5.280146706539363e-5,5.280146706539363e-5,0.001129354463384337,0.001129354463384337,6.056732193500565e-5,6.056732193500565e-5,0.00031021624510257223,0.00031021624510257223,1.5762556351121317e-5,1.5762556351121317e-5,6.319178645983713e-5,6.319178645983713e-5,0.00019074197724521305,0.00019074197724521305,0.0001455768178798729,0.0001455768178798729
0.0001429629514636691,0.0001429629514636691,0.0001001557372046491,0.0001001557372046491,6.187537934574869e-6,6.187537934574869e-6,1.66197647781302e-5,1.66197647781302e-5,2.1054683388665053e-5,2.1054683388665053e-5,0.00016362933864642534,0.00016362933864642534,0.00019315626876265785,0.00019315626876265785,7.377701556903621e-5,7.377701556903621e-5,1.0300211213726176e-5,1.0300211213726176e-5,0.00012208837538274508,0.00012208837538274508,3.9262342840899744e-5,3.9262342840899744e-5,0.0005344580081363681,0.0005344580081363681,0.0002102748981418559,0.0002102748981418559,0.00037719013993892103,0.00037719013993892103,0.0002539042172024792,0.0002539042172024792,0.0003021373190039908,0.0003021373190039908,5.280146706539363e-5,5.280146706539363e-5,0.001129354463384337,0.001129354463384337,6.056732193500565e-5,6.056732193500565e-5,0.00031021624510257223,0.00031021624510257223,1.5762556351121317e-5,1.5762556351121317e-5,6.319178645983713e-5,6.319178645983713e-5,0.00019074197724521305,0.00019074197724521305,0.0001455768178798729,0.0001455768178798729
0.0001429629514636691,0.0001429629514636691,0.0001001557372046491,0.0001001557372046491,6.187537934574869e-6,6.187537934574869e-6,1.66197647781302e-5,1.66197647781302e-5,2.1054683388665053e-5,2.1054683388665053e-5,0.00016362933864642534,0.00016362933864642534,0.00019315626876265785,0.00019315626876265785,7.377701556903621e-5,7.377701556903621e-5,1.0300211213726176e-5,1.0300211213726176e-5,0.00012208837538274508,0.00012208837538274508,3.9262342840899744e-5,3.9262342840899744e-5,0.0005344580081363681,0.0005344580081363681,0.0002102748981418559,0.0002102748981418559,0.00037719013993892103,0.00037719013993892103,0.0002539042172024792,0.0002539042172024792,0.0003021373190039908,0.0003021373190039908,5.280146706539363e-5,5.280146706539363e-5,0.001129354463384337,0.001129354463384337,6.056732193500565e-5,6.056732193500565e-5,0.00031021624510257223,0.00031021624510257223,1.5762556351121317e-5,1.5762556351121317e-5,6.319178645983713e-5,6.319178645983713e-5,0.00019074197724521305,0.00019074197724521305,0.0001455768178798729,0.0001455768178798729
0.0001429629514636691,0.0001429629514636691,0.0001001557372046491,0.0001001557372046491,6.187537934574869e-6,6.187537934574869e-6,1.66197647781302e-5,1.66197647781302e-5,2.1054683388665053e-5,2.1054683388665053e-5,0.00016362933864642534,0.00016362933864642534,0.00019315626876265785,0.00019315626876265785,7.377701556903621e-5,7.377701556903621e-5,1.0300211213726176e-5,1.0300211213726176e-5,0.00012208837538274508,0.00012208837538274508,3.9262342840899744e-5,3.9262342840899744e-5,0.0005344580081363681,0.0005344580081363681,0.0002102748981418559,0.0002102748981418559,0.00037719013993892103,0.00037719013993892103,0.0002539042172024792,0.0002539042172024792,0.0003021373190039908,0.0003021373190039908,5.280146706539363e-5,5.280146706539363e-5,0.001129354463384337,0.001129354463384337,6.056732193500565e-5,6.056732193500565e-5,0.00031021624510257223,0.00031021624510257223,1.5762556351121317e-5,1.5762556351121317e-5,6.319178645983713e-5,6.319178645983713e-5,0.00019074197724521305,0.00019074197724521305,0.0001455768178798729,0.0001455768178798729
0.0001429629514636691,0.0001429629514636691,0.0001001557372046491,0.0001001557372046491,6.187537934574869e-6,6.187537934574869e-6,1.66197647781302e-5,1.66197647781302e-5,2.1054683388665053e-5,2.1054683388665053e-5,0.00016362933864642534,0.00016362933864642534,0.00019315626876265785,0.00019315626876265785,7.377701556903621e-5,7.377701556903621e-5,1.0300211213726176e-5,1.0300211213726176e-5,0.00012208837538274508,0.00012208837538274508,3.9262342840899744e-5,3.9262342840899744e-5,0.0005344580081363681,0.0005344580081363681,0.0002102748981418559,0.0002102748981418559,0.00037719013993892103,0.00037719013993892103,0.0002539042172024792,0.0002539042172024792,0.0003021373190039908,0.0003021373190039908,5.280146706539363e-5,5.280146706539363e-5,0.001129354463384337,0.001129354463384337,6.056732193500565e-5,6.056732193500565e-5,0.00031021624510257223,0.00031021624510257223,1.5762556351121317e-5,1.5762556351121317e-5,6.319178645983713e-5,6.319178645983713e-5,0.00019074197724521305,0.00019074197724521305,0.0001455768178798729,0.0001455768178798729
0.0001429629514636691,0.0001429629514636691,0.0001001557372046491,0.0001001557372046491,6.187537934574869e-6,6.187537934574869e-6,1.66197647781302e-5,1.66197647781302e-5,2.1054683388665053e-5,2.1054683388665053e-5,0.00016362933864642534,0.00016362933864642534,0.00019315626876265785,0.00019315626876265785,7.377701556903621e-5,7.377701556903621e-5,1.0300211213726176e-5,1.0300211213726176e-5,0.00012208837538274508,0.00012208837538274508,3.9262342840899744e-5,3.9262342840899744e-5,0.0005344580081363681,0.0005344580081363681,0.0002102748981418559,0.0002102748981418559,0.00037719013993892103,0.00037719013993892103,0.0002539042172024792,0.0002539042172024792,0.0003021373190039908,0.0003021373190039908,5.280146706539363e-5,5.280146706539363e-5,0.001129354463384337,0.001129354463384337,6.056732193500565e-5,6.056732193500565e-5,0.00031021624510257223,0.00031021624510257223,1.5762556351121317e-5,1.5762556351121317e-5,6.319178645983713e-5,6.319178645983713e-5,0.00019074197724521305,0.00019074197724521305,0.0001455768178798729,0.0001455768178798729
0.0001429629514636691,0.0001429629514636691,0.0001001557372046491,0.0001001557372046491,6.187537934574869e-6,6.187537934574869e-6,1.66197647781302e-5,1.66197647781302e-5,2.1054683388665053e-5,2.1054683388665053e-5,0.00016362933864642534,0.00016362933864642534,0.00019315626876265785,0.00019315626876265785,7.377701556903621e-5,7.377701556903621e-5,1.0300211213726176e-5,1.0300211213726176e-5,0.00012208837538274508,0.00012208837538274508,3.9262342840899744e-5,3.9262342840899744e-5,0.0005344580081363681,0.0005344580081363681,0.0002102748981418559,0.0002102748981418559,0.00037719013993892103,0.00037719013993892103,0.0002539042172024792,0.0002539042172024792,0.0003021373190039908,0.0003021373190039908,5.280146706539363e-5,5.280146706539363e-5,0.001129354463384337,0.001129354463384337,6.056732193500565e-5,6.056732193500565e-5,0.00031021624510257223,0.00031021624510257223,1.5762556351121317e-5,1.5762556351121317e-5,6.319178645983713e-5,6.319178645983713e-5,0.00019074197724521305,0.00019074197724521305,0.0001455768178798729,0.0001455768178798729
0.0001429629514636691,0.0001429629514636691,0.0001001557372046491,0.0001001557372046491,6.187537934574869e-6,6.187537934574869e-6,1.66197647781302e-5,1.66197647781302e-5,2.1054683388665053e-5,2.1054683388665053e-5,0.00016362933864642534,0.00016362933864642534,0.00019315626876265785,0.00019315626876265785,7.377701556903621e-5,7.377701556903621e-5,1.0300211213726176e-5,1.0300211213726176e-5,0.00012208837538274508,0.00012208837538274508,3.9262342840899744e-5,3.9262342840899744e-5,0.0005344580081363681,0.0005344580081363681,0.0002102748981418559,0.0002102748981418559,0.00037719013993892103,0.00037719013993892103,0.0002539042172024792,0.0002539042172024792,0.0003021373190039908,0.0003021373190039908,5.280146706539363e-5,5.280146706539363e-5,0.001129354463384337,0.001129354463384337,6.056732193500565e-5,6.056732193500565e-5,0.00031021624510257223,0.00031021624510257223,1.5762556351121317e-5,1.5762556351121317e-5,6.319178645983713e-5,6.319178645983713e-5,0.00019074197724521305,0.00019074197724521305,0.0001455768178798729,0.0001455768178798729
0.0001429629514636691,0.0001429629514636691,0.0001001557372046491,0.0001001557372046491,6.187537934574869e-6,6.187537934574869e-6,1.66197647781302e-5,1.66197647781302e-5,2.1054683388665053e-5,2.1054683388665053e-5,0.00016362933864642534,0.00016362933864642534,0.00019315626876265785,0.00019315626876265785,7.377701556903621e-5,7.377701556903621e-5,1.0300211213726176e-5,1.0300211213726176e-5,0.00012208837538274508,0.00012208837538274508,3.9262342840899744e-5,3.9262342840899744e-5,0.0005344580081363681,0.0005344580081363681,0.0002102748981418559,0.0002102748981418559,0.00037719013993892103,0.00037719013993892103,0.0002539042172024792,0.0002539042172024792,0.0003021373190039908,0.0003021373190039908,5.280146706539363e-5,5.280146706539363e-5,0.001129354463384337,0.001129354463384337,6.056732193500565e-5,6.056732193500565e-5,0.00031021624510257223,0.00031021624510257223,1.5762556351121317e-5,1.5762556351121317e-5,6.319178645983713e-5,6.319178645983713e-5,0.00019074197724521305,0.00019074197724521305,0.0001455768178798729,0.0001455768178798729
0.0001429629514636691,0.0001429629514636691,0.0001001557372046491,0.0001001557372046491,6.187537934574869e-6,6.187537934574869e-6,1.66197647781302e-5,1.66197647781302e-5,2.1054683388665053e-5,2.1054683388665053e-5,0.00016362933864642534,0.00016362933864642534,0.00019315626876265785,0.00019315626876265785,7.377701556903621e-5,7.377701556903621e-5,1.0300211213726176e-5,1.0300211213726176e-5,0.00012208837538274508,0.00012208837538274508,3.9262342840899744e-5,3.9262342840899744e-5,0.0005344580081363681,0.0005344580081363681,0.0002102748981418559,0.0002102748981418559,0.00037719013993892103,0.00037719013993892103,0.0002539042172024792,0.0002539042172024792,0.0003021373190039908,0.0003021373190039908,5.280146706539363e-5,5.280146706539363e-5,0.001129354463384337,0.001129354463384337,6.056732193500565e-5,6.056732193500565e-5,0.00031021624510257223,0.00031021624510257223,1.5762556351121317e-5,1.5762556351121317e-5,6.319178645983713e-5,6.319178645983713e-5,0.00019074197724521305,0.00019074197724521305,0.0001455768178798729,0.0001455768178798729
0.0001429629514636691,0.0001429629514636691,0.0001001557372046491,0.0001001557372046491,6.187537934574869e-6,6.187537934574869e-6,1.66197647781302e-5,1.66197647781302e-5,2.1054683388665053e-5,2.1054683388665053e-5,0.00016362933864642534,0.00016362933864642534,0.00019315626876265785,0.00019315626876265785,7.377701556903621e-5,7.377701556903621e-5,1.0300211213726176e-5,1.0300211213726176e-5,0.00012208837538274508,0.00012208837538274508,3.9262342840899744e-5,3.9262342840899744e-5,0.0005344580081363681,0.0005344580081363681,0.0002102748981418559,0.0002102748981418559,0.00037719013993892103,0.00037719013993892103,0.0002539042172024792,0.0002539042172024792,0.0003021373190039908,0.0003021373190039908,5.280146706539363e-5,5.280146706539363e-5,0.001129354463384337,0.001129354463384337,6.056732193500565e-5,6.056732193500565e-5,0.00031021624510257223,0.00031021624510257223,1.5762556351121317e-5,1.5762556351121317e-5,6.319178645983713e-5,6.319178645983713e-5,0.00019074197724521305,0.00019074197724521305,0.0001455768178798729,0.0001455768178798729
0.0001429629514636691,0.0001429629514636691,0.0001001557372046491,0.0001001557372046491,6.187537934574869e-6,6.187537934574869e-6,1.66197647781302e-5,1.66197647781302e-5,2.1054683388665053e-5,2.1054683388665053e-5,0.00016362933864642534,0.00016362933864642534,0.00019315626876265785,0.00019315626876265785,7.377701556903621e-5,7.377701556903621e-5,1.0300211213726176e-5,1.0300211213726176e-5,0.00012208837538274508,0.00012208837538274508,3.9262342840899744e-5,3.9262342840899744e-5,0.0005344580081363681,0.0005344580081363681,0.0002102748981418559,0.0002102748981418559,0.00037719013993892103,0.00037719013993892103,0.0002539042172024792,0.0002539042172024792,0.0003021373190039908,0.0003021373190039908,5.280146706539363e-5,5.280146706539363e-5,0.001129354463384337,0.001129354463384337,6.056732193500565e-5,6.056732193500565e-5,0.00031021624510257223,0.00031021624510257223,1.5762556351121317e-5,1.5762556351121317e-5,6.319178645983713e-5,6.319178645983713e-5,0.00019074197724521305,0.00019074197724521305,0.0001455768178798729,0.0001455768178798729
0.0001429629514636691,0.0001429629514636691,0.0001001557372046491,0.0001001557372046491,6.187537934574869e-6,6.187537934574869e-6,1.66197647781302e-5,1.66197647781302e-5,2.1054683388665053e-5,2.1054683388665053e-5,0.00016362933864642534,0.00016362933864642534,0.00019315626876265785,0.00019315626876265785,7.377701556903621e-5,7.377701556903621e-5,1.0300211213726176e-5,1.0300211213726176e-5,0.00012208837538274508,0.00012208837538274508,3.9262342840899744e-5,3.9262342840899744e-5,0.0005344580081363681,0.0005344580081363681,0.0002102748981418559,0.0002102748981418559,0.00037719013993892103,0.00037719013993892103,0.0002539042172024792,0.0002539042172024792,0.0003021373190039908,0.0003021373190039908,5.280146706539363e-5,5.280146706539363e-5,0.001129354463384337,0.001129354463384337,6.056732193500565e-5,6.056732193500565e-5,0.00031021624510257223,0.00031021624510257223,1.5762556351121317e-5,1.5762556351121317e-5,6.319178645983713e-5,6.319178645983713e-5,0.00019074197724521305,0.00019074197724521305,0.0001455768178798729,0.0001455768178798729
0.0001429629514636691,0.0001429629514636691,0.0001001557372046491,0.0001001557372046491,6.187537934574869e-6,6.187537934574869e-6,1.66197647781302e-5,1.66197647781302e-5,2.1054683388665053e-5,2.1054683388665053e-5,0.00016362933864642534,0.00016362933864642534,0.00019315626876265785,0.00019315626876265785,7.377701556903621e-5,7.377701556903621e-5,1.0300211213726176e-5,1.0300211213726176e-5,0.00012208837538274508,0.00012208837538274508,3.9262342840899744e-5,3.9262342840899744e-5,0.0005344580081363681,0.0005344580081363681,0.0002102748981418559,0.0002102748981418559,0.00037719013993892103,0.00037719013993892103,0.0002539042172024792,0.0002539042172024792,0.0003021373190039908,0.0003021373190039908,5.280146706539363e-5,5.280146706539363e-5,0.001129354463384337,0.001129354463384337,6.056732193500565e-5,6.056732193500565e-5,0.00031021624510257223,0.00031021624510257223,1.5762556351121317e-5,1.5762556351121317e-5,6.319178645983713e-5,6.319178645983713e-5,0.00019074197724521305,0.00019074197724521305,0.0001455768178798729,0.0001455768178798729
0.0001429629514636691,0.0001429629514636691,0.0001001557372046491,0.0001001557372046491,6.187537934574869e-6,6.187537934574869e-6,1.66197647781302e-5,1.66197647781302e-5,2.1054683388665053e-5,2.1054683388665053e-5,0.00016362933864642534,0.00016362933864642534,0.00019315626876265785,0.00019315626876265785,7.377701556903621e-5,7.377701556903621e-5,1.0300211213726176e-5,1.0300211213726176e-5,0.00012208837538274508,0.00012208837538274508,3.9262342840899744e-5,3.9262342840899744e-5,0.0005344580081363681,0.0005344580081363681,0.0002102748981418559,0.0002102748981418559,0.00037719013993892103,0.00037719013993892103,0.0002539042172024792,0.0002539042172024792,0.0003021373190039908,0.0003021373190039908,5.280146706539363e-5,5.280146706539363e-5,0.001129354463384337,0.001129354463384337,6.056732193500565e-5,6.056732193500565e-5,0.00031021624510257223,0.00031021624510257223,1.5762556351121317e-5,1.5762556351121317e-5,6.319178645983713e-5,6.319178645983713e-5,0.00019074197724521305,0.00019074197724521305,0.0001455768178798729,0.0001455768178798729
0.0001429629514636691,0.0001429629514636691,0.0001001557372046491,0.0001001557372046491,6.187537934574869e-6,6.187537934574869e-6,1.66197647781302e-5,1.66197647781302e-5,2.1054683388665053e-5,2.1054683388665053e-5,0.00016362933864642534,0.00016362933864642534,0.00019315626876265785,0.00019315626876265785,7.377701556903621e-5,7.377701556903621e-5,1.0300211213726176e-5,1.0300211213726176e-5,0.00012208837538274508,0.00012208837538274508,3.9262342840899744e-5,3.9262342840899744e-5,0.0005344580081363681,0.0005344580081363681,0.0002102748981418559,0.0002102748981418559,0.00037719013993892103,0.00037719013993892103,0.0002539042172024792,0.0002539042172024792,0.0003021373190039908,0.0003021373190039908,5.280146706539363e-5,5.280146706539363e-5,0.001129354463384337,0.001129354463384337,6.056732193500565e-5,6.056732193500565e-5,0.00031021624510257223,0.00031021624510257223,1.5762556351121317e-5,1.5762556351121317e-5,6.319178645983713e-5,6.319178645983713e-5,0.00019074197724521305,0.00019074197724521305,0.0001455768178798729,0.0001455768178798729
0.0001429629514636691,0.0001429629514636691,0.0001001557372046491,0.0001001557372046491,6.187537934574869e-6,6.187537934574869e-6,1.66197647781302e-5,1.66197647781302e-5,2.1054683388665053e-5,2.1054683388665053e-5,0.00016362933864642534,0.00016362933864642534,0.00019315626876265785,0.00019315626876265785,7.377701556903621e-5,7.377701556903621e-5,1.0300211213726176e-5,1.0300211213726176e-5,0.00012208837538274508,0.00012208837538274508,3.9262342840899744e-5,3.9262342840899744e-5,0.0005344580081363681,0.0005344580081363681,0.0002102748981418559,0.0002102748981418559,0.00037719013993892103,0.00037719013993892103,0.0002539042172024792,0.0002539042172024792,0.0003021373190039908,0.0003021373190039908,5.280146706539363e-5,5.280146706539363e-5,0.001129354463384337,0.001129354463384337,6.056732193500565e-5,6.056732193500565e-5,0.00031021624510257223,0.00031021624510257223,1.5762556351121317e-5,1.5762556351121317e-5,6.319178645983713e-5,6.319178645983713e-5,0.00019074197724521305,0.00019074197724521305,0.0001455768178798729,0.0001455768178798729
0.0001429629514636691,0.0001429629514636691,0.0001001557372046491,0.0001001557372046491,6.187537934574869e-6,6.187537934574869e-6,1.66197647781302e-5,1.66197647781302e-5,2.1054683388665053e-5,2.1054683388665053e-5,0.00016362933864642534,0.00016362933864642534,0.00019315626876265785,0.00019315626876265785,7.377701556903621e-5,7.377701556903621e-5,1.0300211213726176e-5,1.0300211213726176e-5,0.00012208837538274508,0.00012208837538274508,3.9262342840899744e-5,3.9262342840899744e-5,0.0005344580081363681,0.0005344580081363681,0.0002102748981418559,0.0002102748981418559,0.00037719013993892103,0.00037719013993892103,0.0002539042172024792,0.0002539042172024792,0.0003021373190039908,0.0003021373190039908,5.280146706539363e-5,5.280146706539363e-5,0.001129354463384337,0.001129354463384337,6.056732193500565e-5,6.056732193500565e-5,0.00031021624510257223,0.00031021624510257223,1.5762556351121317e-5,1.5762556351121317e-5,6.319178645983713e-5,6.319178645983713e-5,0.00019074197724521305,0.00019074197724521305,0.0001455768178798729,0.0001455768178798729
0.0001429629514636691,0.0001429629514636691,0.0001001557372046491,0.0001001557372046491,6.187537934574869e-6,6.187537934574869e-6,1.66197647781302e-5,1.66197647781302e-5,2.1054683388665053e-5,2.1054683388665053e-5,0.00016362933864642534,0.00016362933864642534,0.00019315626876265785,0.00019315626876265785,7.377701556903621e-5,7.377701556903621e-5,1.0300211213726176e-5,1.0300211213726176e-5,0.00012208837538274508,0.00012208837538274508,3.9262342840899744e-5,3.9262342840899744e-5,0.0005344580081363681,0.0005344580081363681,0.0002102748981418559,0.0002102748981418559,0.00037719013993892103,0.00037719013993892103,0.0002539042172024792,0.0002539042172024792,0.0003021373190039908,0.0003021373190039908,5.280146706539363e-5,5.280146706539363e-5,0.001129354463384337,0.001129354463384337,6.056732193500565e-5,6.056732193500565e-5,0.00031021624510257223,0.00031021624510257223,1.5762556351121317e-5,1.5762556351121317e-5,6.319178645983713e-5,6.319178645983713e-5,0.00019074197724521305,0.00019074197724521305,0.0001455768178798729,0.0001455768178798729
0.0001429629514636691,0.0001429629514636691,0.0001001557372046491,0.0001001557372046491,6.187537934574869e-6,6.187537934574869e-6,1.66197647781302e-5,1.66197647781302e-5,2.1054683388665053e-5,2.1054683388665053e-5,0.00016362933864642534,0.00016362933864642534,0.00019315626876265785,0.00019315626876265785,7.377701556903621e-5,7.377701556903621e-5,1.0300211213726176e-5,1.0300211213726176e-5,0.00012208837538274508,0.00012208837538274508,3.9262342840899744e-5,3.9262342840899744e-5,0.0005344580081363681,0.0005344580081363681,0.0002102748981418559,0.0002102748981418559,0.00037719013993892103,0.00037719013993892103,0.0002539042172024792,0.0002539042172024792,0.0003021373190039908,0.0003021373190039908,5.280146706539363e-5,5.280146706539363e-5,0.001129354463384337,0.001129354463384337,6.056732193500565e-5,6.056732193500565e-5,0.00031021624510257223,0.00031021624510257223,1.5762556351121317e-5,1.5762556351121317e-5,6.319178645983713e-5,6.319178645983713e-5,0.00019074197724521305,0.00019074197724521305,0.0001455768178798729,0.0001455768178798729
0.0001429629514636691,0.0001429629514636691,0.0001001557372046491,0.0001001557372046491,6.187537934574869e-6,6.187537934574869e-6,1.66197647781302e-5,1.66197647781302e-5,2.1054683388665053e-5,2.1054683388665053e-5,0.00016362933864642534,0.00016362933864642534,0.00019315626876265785,0.00019315626876265785,7.377701556903621e-5,7.377701556903621e-5,1.0300211213726176e-5,1.0300211213726176e-5,0.00012208837538274508,0.00012208837538274508,3.9262342840899744e-5,3.9262342840899744e-5,0.0005344580081363681,0.0005344580081363681,0.0002102748981418559,0.0002102748981418559,0.00037719013993892103,0.00037719013993892103,0.0002539042172024792,0.0002539042172024792,0.0003021373190039908,0.0003021373190039908,5.280146706539363e-5,5.280146706539363e-5,0.001129354463384337,0.001129354463384337,6.056732193500565e-5,6.056732193500565e-5,0.00031021624510257223,0.00031021624510257223,1.5762556351121317e-5,1.5762556351121317e-5,6.319178645983713e-5,6.319178645983713e-5,0.00019074197724521305,0.00019074197724521305,0.0001455768178798729,0.0001455768178798729
0.0001429629514636691,0.0001429629514636691,0.0001001557372046491,0.0001001557372046491,6.187537934574869e-6,6.187537934574869e-6,1.66197647781302e-5,1.66197647781302e-5,2.1054683388665053e-5,2.1054683388665053e-5,0.00016362933864642534,0.00016362933864642534,0.00019315626876265785,0.00019315626876265785,7.377701556903621e-5,7.377701556903621e-5,1.0300211213726176e-5,1.0300211213726176e-5,0.00012208837538274508,0.00012208837538274508,3.9262342840899744e-5,3.9262342840899744e-5,0.0005344580081363681,0.0005344580081363681,0.0002102748981418559,0.0002102748981418559,0.00037719013993892103,0.00037719013993892103,0.0002539042172024792,0.0002539042172024792,0.0003021373190039908,0.0003021373190039908,5.280146706539363e-5,5.280146706539363e-5,0.001129354463384337,0.001129354463384337,6.056732193500565e-5,6.056732193500565e-5,0.00031021624510257223,0.00031021624510257223,1.5762556351121317e-5,1.5762556351121317e-5,6.319178645983713e-5,6.319178645983713e-5,0.00019074197724521305,0.00019074197724521305,0.0001455768178798729,0.0001455768178798729
0.0001429629514636691,0.0001429629514636691,0.0001001557372046491,0.0001001557372046491,6.187537934574869e-6,6.187537934574869e-6,1.66197647781302e-5,1.66197647781302e-5,2.1054683388665053e-5,2.1054683388665053e-5,0.00016362933864642534,0.00016362933864642534,0.00019315626876265785,0.00019315626876265785,7.377701556903621e-5,7.377701556903621e-5,1.0300211213726176e-5,1.0300211213726176e-5,0.00012208837538274508,0.00012208837538274508,3.9262342840899744e-5,3.9262342840899744e-5,0.0005344580081363681,0.0005344580081363681,0.0002102748981418559,0.0002102748981418559,0.00037719013993892103,0.00037719013993892103,0.0002539042172024792,0.0002539042172024792,0.0003021373190039908,0.0003021373190039908,5.280146706539363e-5,5.280146706539363e-5,0.001129354463384337,0.001129354463384337,6.056732193500565e-5,6.056732193500565e-5,0.00031021624510257223,0.00031021624510257223,1.5762556351121317e-5,1.5762556351121317e-5,6.319178645983713e-5,6.319178645983713e-5,0.00019074197724521305,0.00019074197724521305,0.0001455768178798729,0.0001455768178798729
0.0001429629514636691,0.0001429629514636691,0.0001001557372046491,0.0001001557372046491,6.187537934574869e-6,6.187537934574869e-6,1.66197647781302e-5,1.66197647781302e-5,2.1054683388665053e-5,2.1054683388665053e-5,0.00016362933864642534,0.00016362933864642534,0.00019315626876265785,0.00019315626876265785,7.377701556903621e-5,7.377701556903621e-5,1.0300211213726176e-5,1.0300211213726176e-5,0.00012208837538274508,0.00012208837538274508,3.9262342840899744e-5,3.9262342840899744e-5,0.0005344580081363681,0.0005344580081363681,0.0002102748981418559,0.0002102748981418559,0.00037719013993892103,0.00037719013993892103,0.0002539042172024792,0.0002539042172024792,0.0003021373190039908,0.0003021373190039908,5.280146706539363e-5,5.280146706539363e-5,0.001129354463384337,0.001129354463384337,6.056732193500565e-5,6.056732193500565e-5,0.00031021624510257223,0.00031021624510257223,1.5762556351121317e-5,1.5762556351121317e-5,6.319178645983713e-5,6.319178645983713e-5,0.00019074197724521305,0.00019074197724521305,0.0001455768178798729,0.0001455768178798729
0.0001429629514636691,0.0001429629514636691,0.0001001557372046491,0.0001001557372046491,6.187537934574869e-6,6.187537934574869e-6,1.66197647781302e-5,1.66197647781302e-5,2.1054683388665053e-5,2.1054683388665053e-5,0.00016362933864642534,0.00016362933864642534,0.00019315626876265785,0.00019315626876265785,7.377701556903621e-5,7.377701556903621e-5,1.0300211213726176e-5,1.0300211213726176e-5,0.00012208837538274508,0.00012208837538274508,3.9262342840899744e-5,3.9262342840899744e-5,0.0005344580081363681,0.0005344580081363681,0.0002102748981418559,0.0002102748981418559,0.00037719013993892103,0.00037719013993892103,0.0002539042172024792,0.0002539042172024792,0.0003021373190039908,0.0003021373190039908,5.280146706539363e-5,5.280146706539363e-5,0.001129354463384337,0.001129354463384337,6.056732193500565e-5,6.056732193500565e-5,0.00031021624510257223,0.00031021624510257223,1.5762556351121317e-5,1.5762556351121317e-5,6.319178645983713e-5,6.319178645983713e-5,0.00019074197724521305,0.00019074197724521305,0.0001455768178798729,0.0001455768178798729
0.0001429629514636691,0.0001429629514636691,0.0001001557372046491,0.0001001557372046491,6.187537934574869e-6,6.187537934574869e-6,1.66197647781302e-5,1.66197647781302e-5,2.1054683388665053e-5,2.1054683388665053e-5,0.00016362933864642534,0.00016362933864642534,0.00019315626876265785,0.00019315626876265785,7.377701556903621e-5,7.377701556903621e-5,1.0300211213726176e-5,1.0300211213726176e-5,0.00012208837538274508,0.00012208837538274508,3.9262342840899744e-5,3.9262342840899744e-5,0.0005344580081363681,0.0005344580081363681,0.0002102748981418559,0.0002102748981418559,0.00037719013993892103,0.00037719013993892103,0.0002539042172024792,0.0002539042172024792,0.0003021373190039908,0.0003021373190039908,5.280146706539363e-5,5.280146706539363e-5,0.001129354463384337,0.001129354463384337,6.056732193500565e-5,6.056732193500565e-5,0.00031021624510257223,0.00031021624510257223,1.5762556351121317e-5,1.5762556351121317e-5,6.319178645983713e-5,6.319178645983713e-5,0.00019074197724521305,0.00019074197724521305,0.0001455768178798729,0.0001455768178798729
0.0001429629514636691,0.0001429629514636691,0.0001001557372046491,0.0001001557372046491,6.187537934574869e-6,6.187537934574869e-6,1.66197647781302e-5,1.66197647781302e-5,2.1054683388665053e-5,2.1054683388665053e-5,0.00016362933864642534,0.00016362933864642534,0.00019315626876265785,0.00019315626876265785,7.377701556903621e-5,7.377701556903621e-5,1.0300211213726176e-5,1.0300211213726176e-5,0.00012208837538274508,0.00012208837538274508,3.9262342840899744e-5,3.9262342840899744e-5,0.0005344580081363681,0.0005344580081363681,0.0002102748981418559,0.0002102748981418559,0.00037719013993892103,0.00037719013993892103,0.0002539042172024792,0.0002539042172024792,0.0003021373190039908,0.0003021373190039908,5.280146706539363e-5,5.280146706539363e-5,0.001129354463384337,0.001129354463384337,6.056732193500565e-5,6.056732193500565e-5,0.00031021624510257223,0.00031021624510257223,1.5762556351121317e-5,1.5762556351121317e-5,6.319178645983713e-5,6.319178645983713e-5,0.00019074197724521305,0.00019074197724521305,0.0001455768178798729,0.0001455768178798729
0.0001429629514636691,0.0001429629514636691,0.0001001557372046491,0.0001001557372046491,6.187537934574869e-6,6.187537934574869e-6,1.66197647781302e-5,1.66197647781302e-5,2.1054683388665053e-5,2.1054683388665053e-5,0.00016362933864642534,0.00016362933864642534,0.00019315626876265785,0.00019315626876265785,7.377701556903621e-5,7.377701556903621e-5,1.0300211213726176e-5,1.0300211213726176e-5,0.00012208837538274508,0.00012208837538274508,3.9262342840899744e-5,3.9262342840899744e-5,0.0005344580081363681,0.0005344580081363681,0.0002102748981418559,0.0002102748981418559,0.00037719013993892103,0.00037719013993892103,0.0002539042172024792,0.0002539042172024792,0.0003021373190039908,0.0003021373190039908,5.280146706539363e-5,5.280146706539363e-5,0.001129354463384337,0.001129354463384337,6.056732193500565e-5,6.056732193500565e-5,0.00031021624510257223,0.00031021624510257223,1.5762556351121317e-5,1.5762556351121317e-5,6.319178645983713e-5,6.319178645983713e-5,0.00019074197724521305,0.00019074197724521305,0.0001455768178798729,0.0001455768178798729
0.0001429629514636691,0.0001429629514636691,0.0001001557372046491,0.0001001557372046491,6.187537934574869e-6,6.187537934574869e-6,1.66197647781302e-5,1.66197647781302e-5,2.1054683388665053e-5,2.1054683388665053e-5,0.00016362933864642534,0.00016362933864642534,0.00019315626876265785,0.00019315626876265785,7.377701556903621e-5,7.377701556903621e-5,1.0300211213726176e-5,1.0300211213726176e-5,0.00012208837538274508,0.00012208837538274508,3.9262342840899744e-5,3.9262342840899744e-5,0.0005344580081363681,0.0005344580081363681,0.0002102748981418559,0.0002102748981418559,0.00037719013993892103,0.00037719013993892103,0.0002539042172024792,0.0002539042172024792,0.0003021373190039908,0.0003021373190039908,5.280146706539363e-5,5.280146706539363e-5,0.001129354463384337,0.001129354463384337,6.056732193500565e-5,6.056732193500565e-5,0.00031021624510257223,0.00031021624510257223,1.5762556351121317e-5,1.5762556351121317e-5,6.319178645983713e-5,6.319178645983713e-5,0.00019074197724521305,0.00019074197724521305,0.0001455768178798729,0.0001455768178798729
0.0001429629514636691,0.0001429629514636691,0.0001001557372046491,0.0001001557372046491,6.187537934574869e-6,6.187537934574869e-6,1.66197647781302e-5,1.66197647781302e-5,2.1054683388665053e-5,2.1054683388665053e-5,0.00016362933864642534,0.00016362933864642534,0.00019315626876265785,0.00019315626876265785,7.377701556903621e-5,7.377701556903621e-5,1.0300211213726176e-5,1.0300211213726176e-5,0.00012208837538274508,0.00012208837538274508,3.9262342840899744e-5,3.9262342840899744e-5,0.0005344580081363681,0.0005344580081363681,0.0002102748981418559,0.0002102748981418559,0.00037719013993892103,0.00037719013993892103,0.0002539042172024792,0.0002539042172024792,0.0003021373190039908,0.0003021373190039908,5.280146706539363e-5,5.280146706539363e-5,0.001129354463384337,0.001129354463384337,6.056732193500565e-5,6.056732193500565e-5,0.00031021624510257223,0.00031021624510257223,1.5762556351121317e-5,1.5762556351121317e-5,6.319178645983713e-5,6.319178645983713e-5,0.00019074197724521305,0.00019074197724521305,0.0001455768178798729,0.0001455768178798729
0.0001429629514636691,0.0001429629514636691,0.0001001557372046491,0.0001001557372046491,6.187537934574869e-6,6.187537934574869e-6,1.66197647781302e-5,1.66197647781302e-5,2.1054683388665053e-5,2.1054683388665053e-5,0.00016362933864642534,0.00016362933864642534,0.00019315626876265785,0.00019315626876265785,7.377701556903621e-5,7.377701556903621e-5,1.0300211213726176e-5,1.0300211213726176e-5,0.00012208837538274508,0.00012208837538274508,3.9262342840899744e-5,3.9262342840899744e-5,0.0005344580081363681,0.0005344580081363681,0.0002102748981418559,0.0002102748981418559,0.00037719013993892103,0.00037719013993892103,0.0002539042172024792,0.0002539042172024792,0.0003021373190039908,0.0003021373190039908,5.280146706539363e-5,5.280146706539363e-5,0.001129354463384337,0.001129354463384337,6.056732193500565e-5,6.056732193500565e-5,0.00031021624510257223,0.00031021624510257223,1.5762556351121317e-5,1.5762556351121317e-5,6.319178645983713e-5,6.319178645983713e-5,0.00019074197724521305,0.00019074197724521305,0.0001455768178798729,0.0001455768178798729
0.0001429629514636691,0.0001429629514636691,0.0001001557372046491,0.0001001557372046491,6.187537934574869e-6,6.187537934574869e-6,1.66197647781302e-5,1.66197647781302e-5,2.1054683388665053e-5,2.1054683388665053e-5,0.00016362933864642534,0.00016362933864642534,0.00019315626876265785,0.00019315626876265785,7.377701556903621e-5,7.377701556903621e-5,1.0300211213726176e-5,1.0300211213726176e-5,0.00012208837538274508,0.00012208837538274508,3.9262342840899744e-5,3.9262342840899744e-5,0.0005344580081363681,0.0005344580081363681,0.0002102748981418559,0.0002102748981418559,0.00037719013993892103,0.00037719013993892103,0.0002539042172024792,0.0002539042172024792,0.0003021373190039908,0.0003021373190039908,5.280146706539363e-5,5.280146706539363e-5,0.001129354463384337,0.001129354463384337,6.056732193500565e-5,6.056732193500565e-5,0.00031021624510257223,0.00031021624510257223,1.5762556351121317e-5,1.5762556351121317e-5,6.319178645983713e-5,6.319178645983713e-5,0.00019074197724521305,0.00019074197724521305,0.0001455768178798729,0.0001455768178798729
0.0001429629514636691,0.0001429629514636691,0.0001001557372046491,0.0001001557372046491,6.187537934574869e-6,6.187537934574869e-6,1.66197647781302e-5,1.66197647781302e-5,2.1054683388665053e-5,2.1054683388665053e-5,0.00016362933864642534,0.00016362933864642534,0.00019315626876265785,0.00019315626876265785,7.377701556903621e-5,7.377701556903621e-5,1.0300211213726176e-5,1.0300211213726176e-5,0.00012208837538274508,0.00012208837538274508,3.9262342840899744e-5,3.9262342840899744e-5,0.0005344580081363681,0.0005344580081363681,0.0002102748981418559,0.0002102748981418559,0.00037719013993892103,0.00037719013993892103,0.0002539042172024792,0.0002539042172024792,0.0003021373190039908,0.0003021373190039908,5.280146706539363e-5,5.280146706539363e-5,0.001129354463384337,0.001129354463384337,6.056732193500565e-5,6.056732193500565e-5,0.00031021624510257223,0.00031021624510257223,1.5762556351121317e-5,1.5762556351121317e-5,6.319178645983713e-5,6.319178645983713e-5,0.00019074197724521305,0.00019074197724521305,0.0001455768178798729,0.0001455768178798729
0.0001429629514636691,0.0001429629514636691,0.0001001557372046491,0.0001001557372046491,6.187537934574869e-6,6.187537934574869e-6,1.66197647781302e-5,1.66197647781302e-5,2.1054683388665053e-5,2.1054683388665053e-5,0.00016362933864642534,0.00016362933864642534,0.00019315626876265785,0.00019315626876265785,7.377701556903621e-5,7.377701556903621e-5,1.0300211213726176e-5,1.0300211213726176e-5,0.00012208837538274508,0.00012208837538274508,3.9262342840899744e-5,3.9262342840899744e-5,0.0005344580081363681,0.0005344580081363681,0.0002102748981418559,0.0002102748981418559,0.00037719013993892103,0.00037719013993892103,0.0002539042172024792,0.0002539042172024792,0.0003021373190039908,0.0003021373190039908,5.280146706539363e-5,5.280146706539363e-5,0.001129354463384337,0.001129354463384337,6.056732193500565e-5,6.056732193500565e-5,0.00031021624510257223,0.00031021624510257223,1.5762556351121317e-5,1.5762556351121317e-5,6.319178645983713e-5,6.319178645983713e-5,0.00019074197724521305,0.00019074197724521305,0.0001455768178798729,0.0001455768178798729
0.0001429629514636691,0.0001429629514636691,0.0001001557372046491,0.0001001557372046491,6.187537934574869e-6,6.187537934574869e-6,1.66197647781302e-5,1.66197647781302e-5,2.1054683388665053e-5,2.1054683388665053e-5,0.00016362933864642534,0.00016362933864642534,0.00019315626876265785,0.00019315626876265785,7.377701556903621e-5,7.377701556903621e-5,1.0300211213726176e-5,1.0300211213726176e-5,0.00012208837538274508,0.00012208837538274508,3.9262342840899744e-5,3.9262342840899744e-5,0.0005344580081363681,0.0005344580081363681,0.0002102748981418559,0.0002102748981418559,0.00037719013993892103,0.00037719013993892103,0.0002539042172024792,0.0002539042172024792,0.0003021373190039908,0.0003021373190039908,5.280146706539363e-5,5.280146706539363e-5,0.001129354463384337,0.001129354463384337,6.056732193500565e-5,6.056732193500565e-5,0.00031021624510257223,0.00031021624510257223,1.5762556351121317e-5,1.5762556351121317e-5,6.319178645983713e-5,6.319178645983713e-5,0.00019074197724521305,0.00019074197724521305,0.0001455768178798729,0.0001455768178798729
0.0001429629514636691,0.0001429629514636691,0.0001001557372046491,0.0001001557372046491,6.187537934574869e-6,6.187537934574869e-6,1.66197647781302e-5,1.66197647781302e-5,2.1054683388665053e-5,2.1054683388665053e-5,0.00016362933864642534,0.00016362933864642534,0.00019315626876265785,0.00019315626876265785,7.377701556903621e-5,7.377701556903621e-5,1.0300211213726176e-5,1.0300211213726176e-5,0.00012208837538274508,0.00012208837538274508,3.9262342840899744e-5,3.9262342840899744e-5,0.0005344580081363681,0.0005344580081363681,0.0002102748981418559,0.0002102748981418559,0.00037719013993892103,0.00037719013993892103,0.0002539042172024792,0.0002539042172024792,0.0003021373190039908,0.0003021373190039908,5.280146706539363e-5,5.280146706539363e-5,0.001129354463384337,0.001129354463384337,6.056732193500565e-5,6.056732193500565e-5,0.00031021624510257223,0.00031021624510257223,1.5762556351121317e-5,1.5762556351121317e-5,6.319178645983713e-5,6.319178645983713e-5,0.00019074197724521305,0.00019074197724521305,0.0001455768178798729,0.0001455768178798729
0.0006188872480395215,0.0006188872480395215,0.00046279515103712227,0.00046279515103712227,1.3373459422573453e-5,1.3373459422573453e-5,1.7871081683708007e-5,1.7871081683708007e-5,5.608296628294585e-5,5.608296628294585e-5,0.00016381791839012103,0.00016381791839012103,0.00038204172697287736,0.00038204172697287736,0.00014254505242810786,0.00014254505242810786,1.2402915936435212e-5,1.2402915936435212e-5,0.00018580433748915937,0.00018580433748915937,0.00030061862118492544,0.00030061862118492544,0.0005789513918282585,0.0005789513918282585,0.0004971760934881567,0.0004971760934881567,0.0006255500594907204,0.0006255500594907204,0.0001619470898321781,0.0001619470898321781,0.0016169591069188083,0.0016169591069188083,0.000895196825821884,0.000895196825821884,0.00033852900364223816,0.00033852900364223816,9.575560746210784e-5,9.575560746210784e-5,0.002023400513188889,0.002023400513188889,7.743618300432714e-5,7.743618300432714e-5,5.996371034857825e-5,5.996371034857825e-5,0.0010341124457040052,0.0010341124457040052,0.0022026221577592375,0.0022026221577592375
0.0006188872480395215,0.0006188872480395215,0.00046279515103712227,0.00046279515103712227,1.3373459422573453e-5,1.3373459422573453e-5,1.7871081683708007e-5,1.7871081683708007e-5,5.608296628294585e-5,5.608296628294585e-5,0.00016381791839012103,0.00016381791839012103,0.00038204172697287736,0.00038204172697287736,0.00014254505242810786,0.00014254505242810786,1.2402915936435212e-5,1.2402915936435212e-5,0.00018580433748915937,0.00018580433748915937,0.00030061862118492544,0.00030061862118492544,0.0005789513918282585,0.0005789513918282585,0.0004971760934881567,0.0004971760934881567,0.0006255500594907204,0.0006255500594907204,0.0001619470898321781,0.0001619470898321781,0.0016169591069188083,0.0016169591069188083,0.000895196825821884,0.000895196825821884,0.00033852900364223816,0.00033852900364223816,9.575560746210784e-5,9.575560746210784e-5,0.002023400513188889,0.002023400513188889,7.743618300432714e-5,7.743618300432714e-5,5.996371034857825e-5,5.996371034857825e-5,0.0010341124457040052,0.0010341124457040052,0.0022026221577592375,0.0022026221577592375
0.0006188872480395215,0.0006188872480395215,0.00046279515103712227,0.00046279515103712227,1.3373459422573453e-5,1.3373459422573453e-5,1.7871081683708007e-5,1.7871081683708007e-5,5.608296628294585e-5,5.608296628294585e-5,0.00016381791839012103,0.00016381791839012103,0.00038204172697287736,0.00038204172697287736,0.00014254505242810786,0.00014254505242810786,1.2402915936435212e-5,1.2402915936435212e-5,0.00018580433748915937,0.00018580433748915937,0.00030061862118492544,0.00030061862118492544,0.0005789513918282585,0.0005789513918282585,0.0004971760934881567,0.0004971760934881567,0.0006255500594907204,0.0006255500594907204,0.0001619470898321781,0.0001619470898321781,0.0016169591069188083,0.0016169591069188083,0.000895196825821884,0.000895196825821884,0.00033852900364223816,0.00033852900364223816,9.575560746210784e-5,9.575560746210784e-5,0.002023400513188889,0.002023400513188889,7.743618300432714e-5,7.743618300432714e-5,5.996371034857825e-5,5.996371034857825e-5,0.0010341124457040052,0.0010341124457040052,0.0022026221577592375,0.0022026221577592375
0.0006188872480395215,0.0006188872480395215,0.00046279515103712227,0.00046279515103712227,1.3373459422573453e-5,1.3373459422573453e-5,1.7871081683708007e-5,1.7871081683708007e-5,5.608296628294585e-5,5.608296628294585e-5,0.00016381791839012103,0.00016381791839012103,0.00038204172697287736,0.00038204172697287736,0.00014254505242810786,0.00014254505242810786,1.2402915936435212e-5,1.2402915936435212e-5,0.00018580433748915937,0.00018580433748915937,0.00030061862118492544,0.00030061862118492544,0.0005789513918282585,0.0005789513918282585,0.0004971760934881567,0.0004971760934881567,0.0006255500594907204,0.0006255500594907204,0.0001619470898321781,0.0001619470898321781,0.0016169591069188083,0.0016169591069188083,0.000895196825821884,0.000895196825821884,0.00033852900364223816,0.00033852900364223816,9.575560746210784e-5,9.575560746210784e-5,0.002023400513188889,0.002023400513188889,7.743618300432714e-5,7.743618300432714e-5,5.996371034857825e-5,5.996371034857825e-5,0.0010341124457040052,0.0010341124457040052,0.0022026221577592375,0.0022026221577592375
0.0006188872480395215,0.0006188872480395215,0.00046279515103712227,0.00046279515103712227,1.3373459422573453e-5,1.3373459422573453e-5,1.7871081683708007e-5,1.7871081683708007e-5,5.608296628294585e-5,5.608296628294585e-5,0.00016381791839012103,0.00016381791839012103,0.00038204172697287736,0.00038204172697287736,0.00014254505242810786,0.00014254505242810786,1.2402915936435212e-5,1.2402915936435212e-5,0.00018580433748915937,0.00018580433748915937,0.00030061862118492544,0.00030061862118492544,0.0005789513918282585,0.0005789513918282585,0.0004971760934881567,0.0004971760934881567,0.0006255500594907204,0.0006255500594907204,0.0001619470898321781,0.0001619470898321781,0.0016169591069188083,0.0016169591069188083,0.000895196825821884,0.000895196825821884,0.00033852900364223816,0.00033852900364223816,9.575560746210784e-5,9.575560746210784e-5,0.002023400513188889,0.002023400513188889,7.743618300432714e-5,7.743618300432714e-5,5.996371034857825e-5,5.996371034857825e-5,0.0010341124457040052,0.0010341124457040052,0.0022026221577592375,0.0022026221577592375
0.0006188872480395215,0.0006188872480395215,0.00046279515103712227,0.00046279515103712227,1.3373459422573453e-5,1.3373459422573453e-5,1.7871081683708007e-5,1.7871081683708007e-5,5.608296628294585e-5,5.608296628294585e-5,0.00016381791839012103,0.00016381791839012103,0.00038204172697287736,0.00038204172697287736,0.00014254505242810786,0.00014254505242810786,1.2402915936435212e-5,1.2402915936435212e-5,0.00018580433748915937,0.00018580433748915937,0.00030061862118492544,0.00030061862118492544,0.0005789513918282585,0.0005789513918282585,0.0004971760934881567,0.0004971760934881567,0.0006255500594907204,0.0006255500594907204,0.0001619470898321781,0.0001619470898321781,0.0016169591069188083,0.0016169591069188083,0.000895196825821884,0.000895196825821884,0.00033852900364223816,0.00033852900364223816,9.575560746210784e-5,9.575560746210784e-5,0.002023400513188889,0.002023400513188889,7.743618300432714e-5,7.743618300432714e-5,5.996371034857825e-5,5.996371034857825e-5,0.0010341124457040052,0.0010341124457040052,0.0022026221577592375,0.0022026221577592375
0.0006188872480395215,0.0006188872480395215,0.00046279515103712227,0.00046279515103712227,1.3373459422573453e-5,1.3373459422573453e-5,1.7871081683708007e-5,1.7871081683708007e-5,5.608296628294585e-5,5.608296628294585e-5,0.00016381791839012103,0.00016381791839012103,0.00038204172697287736,0.00038204172697287736,0.00014254505242810786,0.00014254505242810786,1.2402915936435212e-5,1.2402915936435212e-5,0.00018580433748915937,0.00018580433748915937,0.00030061862118492544,0.00030061862118492544,0.0005789513918282585,0.0005789513918282585,0.0004971760934881567,0.0004971760934881567,0.0006255500594907204,0.0006255500594907204,0.0001619470898321781,0.0001619470898321781,0.0016169591069188083,0.0016169591069188083,0.000895196825821884,0.000895196825821884,0.00033852900364223816,0.00033852900364223816,9.575560746210784e-5,9.575560746210784e-5,0.002023400513188889,0.002023400513188889,7.743618300432714e-5,7.743618300432714e-5,5.996371034857825e-5,5.996371034857825e-5,0.0010341124457040052,0.0010341124457040052,0.0022026221577592375,0.0022026221577592375
0.0006188872480395215,0.0006188872480395215,0.00046279515103712227,0.00046279515103712227,1.3373459422573453e-5,1.3373459422573453e-5,1.7871081683708007e-5,1.7871081683708007e-5,5.608296628294585e-5,5.608296628294585e-5,0.00016381791839012103,0.00016381791839012103,0.00038204172697287736,0.00038204172697287736,0.00014254505242810786,0.00014254505242810786,1.2402915936435212e-5,1.2402915936435212e-5,0.00018580433748915937,0.00018580433748915937,0.00030061862118492544,0.00030061862118492544,0.0005789513918282585,0.0005789513918282585,0.0004971760934881567,0.0004971760934881567,0.0006255500594907204,0.0006255500594907204,0.0001619470898321781,0.0001619470898321781,0.0016169591069188083,0.0016169591069188083,0.000895196825821884,0.000895196825821884,0.00033852900364223816,0.00033852900364223816,9.575560746210784e-5,9.575560746210784e-5,0.002023400513188889,0.002023400513188889,7.743618300432714e-5,7.743618300432714e-5,5.996371034857825e-5,5.996371034857825e-5,0.0010341124457040052,0.0010341124457040052,0.0022026221577592375,0.0022026221577592375
0.000598367488405839,0.000598367488405839,0.0007821058961420546,0.0007821058961420546,1.248032247092197e-5,1.248032247092197e-5,8.568724320566663e-5,8.568724320566663e-5,5.9077916909754113e-5,5.9077916909754113e-5,0.000292043014219201,0.000292043014219201,0.0021534350582396167,0.0021534350582396167,4.395728056867231e-5,4.395728056867231e-5,2.9857143119240304e-5,2.9857143119240304e-5,0.000300306263056882,0.000300306263056882,6.966111411625328e-5,6.966111411625328e-5,0.0009328223436571442,0.0009328223436571442,0.00026448621162606517,0.00026448621162606517,0.011039036143817071,0.011039036143817071,0.0005841673127061353,0.0005841673127061353,0.000674500081329632,0.000674500081329632,0.0002809275859593785,0.0002809275859593785,0.0013507719671010596,0.0013507719671010596,8.203559655667325e-5,8.203559655667325e-5,0.0017035335656285788,0.0017035335656285788,9.762820270953557e-5,9.762820270953557e-5,0.000218275769009197,0.000218275769009197,0.001365181789358877,0.001365181789358877,0.0022531985344328986,0.0022531985344328986
0.000598367488405839,0.000598367488405839,0.0007821058961420546,0.0007821058961420546,1.248032247092197e-5,1.248032247092197e-5,8.568724320566663e-5,8.568724320566663e-5,5.9077916909754113e-5,5.9077916909754113e-5,0.000292043014219201,0.000292043014219201,0.0021534350582396167,0.0021534350582396167,4.395728056867231e-5,4.395728056867231e-5,2.9857143119240304e-5,2.9857143119240304e-5,0.000300306263056882,0.000300306263056882,6.966111411625328e-5,6.966111411625328e-5,0.0009328223436571442,0.0009328223436571442,0.00026448621162606517,0.00026448621162606517,0.011039036143817071,0.011039036143817071,0.0005841673127061353,0.0005841673127061353,0.000674500081329632,0.000674500081329632,0.0002809275859593785,0.0002809275859593785,0.0013507719671010596,0.0013507719671010596,8.203559655667325e-5,8.203559655667325e-5,0.0017035335656285788,0.0017035335656285788,9.762820270953557e-5,9.762820270953557e-5,0.000218275769009197,0.000218275769009197,0.001365181789358877,0.001365181789358877,0.0022531985344328986,0.0022531985344328986
0.000598367488405839,0.000598367488405839,0.0007821058961420546,0.0007821058961420546,1.248032247092197e-5,1.248032247092197e-5,8.568724320566663e-5,8.568724320566663e-5,5.9077916909754113e-5,5.9077916909754113e-5,0.000292043014219201,0.000292043014219201,0.0021534350582396167,0.0021534350582396167,4.395728056867231e-5,4.395728056867231e-5,2.9857143119240304e-5,2.9857143119240304e-5,0.000300306263056882,0.000300306263056882,6.966111411625328e-5,6.966111411625328e-5,0.0009328223436571442,0.0009328223436571442,0.00026448621162606517,0.00026448621162606517,0.011039036143817071,0.011039036143817071,0.0005841673127061353,0.0005841673127061353,0.000674500081329632,0.000674500081329632,0.0002809275859593785,0.0002809275859593785,0.0013507719671010596,0.0013507719671010596,8.203559655667325e-5,8.203559655667325e-5,0.0017035335656285788,0.0017035335656285788,9.762820270953557e-5,9.762820270953557e-5,0.000218275769009197,0.000218275769009197,0.001365181789358877,0.001365181789358877,0.0022531985344328986,0.0022531985344328986
0.000598367488405839,0.000598367488405839,0.0007821058961420546,0.0007821058961420546,1.248032247092197e-5,1.248032247092197e-5,8.568724320566663e-5,8.568724320566663e-5,5.9077916909754113e-5,5.9077916909754113e-5,0.000292043014219201,0.000292043014219201,0.0021534350582396167,0.0021534350582396167,4.395728056867231e-5,4.395728056867231e-5,2.9857143119240304e-5,2.9857143119240304e-5,0.000300306263056882,0.000300306263056882,6.966111411625328e-5,6.966111411625328e-5,0.0009328223436571442,0.0009328223436571442,0.00026448621162606517,0.00026448621162606517,0.011039036143817071,0.011039036143817071,0.0005841673127061353,0.0005841673127061353,0.000674500081329632,0.000674500081329632,0.0002809275859593785,0.0002809275859593785,0.0013507719671010596,0.0013507719671010596,8.203559655667325e-5,8.203559655667325e-5,0.0017035335656285788,0.0017035335656285788,9.762820270953557e-5,9.762820270953557e-5,0.000218275769009197,0.000218275769009197,0.001365181789358877,0.001365181789358877,0.0022531985344328986,0.0022531985344328986
0.000598367488405839,0.000598367488405839,0.0007821058961420546,0.0007821058961420546,1.248032247092197e-5,1.248032247092197e-5,8.568724320566663e-5,8.568724320566663e-5,5.9077916909754113e-5,5.9077916909754113e-5,0.000292043014219201,0.000292043014219201,0.0021534350582396167,0.0021534350582396167,4.395728056867231e-5,4.395728056867231e-5,2.9857143119240304e-5,2.9857143119240304e-5,0.000300306263056882,0.000300306263056882,6.966111411625328e-5,6.966111411625328e-5,0.0009328223436571442,0.0009328223436571442,0.00026448621162606517,0.00026448621162606517,0.011039036143817071,0.011039036143817071,0.0005841673127061353,0.0005841673127061353,0.000674500081329632,0.000674500081329632,0.0002809275859593785,0.0002809275859593785,0.0013507719671010596,0.0013507719671010596,8.203559655667325e-5,8.203559655667325e-5,0.0017035335656285788,0.0017035335656285788,9.762820270953557e-5,9.762820270953557e-5,0.000218275769009197,0.000218275769009197,0.001365181789358877,0.001365181789358877,0.0022531985344328986,0.0022531985344328986
0.000598367488405839,0.000598367488405839,0.0007821058961420546,0.0007821058961420546,1.248032247092197e-5,1.248032247092197e-5,8.568724320566663e-5,8.568724320566663e-5,5.9077916909754113e-5,5.9077916909754113e-5,0.000292043014219201,0.000292043014219201,0.0021534350582396167,0.0021534350582396167,4.395728056867231e-5,4.395728056867231e-5,2.9857143119240304e-5,2.9857143119240304e-5,0.000300306263056882,0.000300306263056882,6.966111411625328e-5,6.966111411625328e-5,0.0009328223436571442,0.0009328223436571442,0.00026448621162606517,0.00026448621162606517,0.011039036143817071,0.011039036143817071,0.0005841673127061353,0.0005841673127061353,0.000674500081329632,0.000674500081329632,0.0002809275859593785,0.0002809275859593785,0.0013507719671010596,0.0013507719671010596,8.203559655667325e-5,8.203559655667325e-5,0.0017035335656285788,0.0017035335656285788,9.762820270953557e-5,9.762820270953557e-5,0.000218275769009197,0.000218275769009197,0.001365181789358877,0.001365181789358877,0.0022531985344328986,0.0022531985344328986
0.0014261617601020252,0.0014261617601020252,0.002552532280805986,0.002552532280805986,4.4460203054687286e-5,4.4460203054687286e-5,3.571229651245676e-5,3.571229651245676e-5,0.00011288092547341241,0.00011288092547341241,0.00027553712470349684,0.00027553712470349684,0.0021312251074980804,0.0021312251074980804,0.0003451356035142038,0.0003451356035142038,9.472044475200558e-5,9.472044475200558e-5,0.0005026183196576994,0.0005026183196576994,0.00014374589074030164,0.00014374589074030164,0.0018154421702290535,0.0018154421702290535,0.009090179670834253,0.009090179670834253,0.0015911181297287857,0.0015911181297287857,0.0004036397019310835,0.0004036397019310835,0.0055213486364636966,0.0055213486364636966,0.0007773062876505615,0.0007773062876505615,0.0013709251166203612,0.0013709251166203612,0.00019185915219019356,0.00019185915219019356,0.00952603183841072,0.00952603183841072,0.0008623874918460561,0.0008623874918460561,0.0006509385999524109,0.0006509385999524109,0.003258630414133379,0.003258630414133379,0.0042865842625949835,0.0042865842625949835
0.0014261617601020252,0.0014261617601020252,0.002552532280805986,0.002552532280805986,4.4460203054687286e-5,4.4460203054687286e-5,3.571229651245676e-5,3.571229651245676e-5,0.00011288092547341241,0.00011288092547341241,0.00027553712470349684,0.00027553712470349684,0.0021312251074980804,0.0021312251074980804,0.0003451356035142038,0.0003451356035142038,9.472044475200558e-5,9.472044475200558e-5,0.0005026183196576994,0.0005026183196576994,0.00014374589074030164,0.00014374589074030164,0.0018154421702290535,0.0018154421702290535,0.009090179670834253,0.009090179670834253,0.0015911181297287857,0.0015911181297287857,0.0004036397019310835,0.0004036397019310835,0.0055213486364636966,0.0055213486364636966,0.0007773062876505615,0.0007773062876505615,0.0013709251166203612,0.0013709251166203612,0.00019185915219019356,0.00019185915219019356,0.00952603183841072,0.00952603183841072,0.0008623874918460561,0.0008623874918460561,0.0006509385999524109,0.0006509385999524109,0.003258630414133379,0.003258630414133379,0.0042865842625949835,0.0042865842625949835
0.0034071193380767334,0.0034071193380767334,0.0016833435177805306,0.0016833435177805306,7.224055169009758e-5,7.224055169009758e-5,0.0010069548329458972,0.0010069548329458972,0.0007011004572217427,0.0007011004572217427,0.001828881957290085,0.001828881957290085,0.002547212213959482,0.002547212213959482,0.05912216823263661,0.05912216823263661,0.00012570466135752942,0.00012570466135752942,0.0015826173666511067,0.0015826173666511067,0.0015067971473176067,0.0015067971473176067,0.005531766108290537,0.005531766108290537,0.0007736971640819323,0.0007736971640819323,0.004642732080221812,0.004642732080221812,0.0005607150608241823,0.0005607150608241823,0.06278275173015135,0.06278275173015135,0.001185744586635118,0.001185744586635118,0.0011168977270656702,0.0011168977270656702,0.21063730415931303,0.21063730415931303,0.028684188130325694,0.028684188130325694,0.0005515321778255117,0.0005515321778255117,0.0010010175240599273,0.0010010175240599273,0.014258898630617356,0.014258898630617356,0.011021144209751865,0.011021144209751865
0.0034071193380767334,0.0034071193380767334,0.0016833435177805306,0.0016833435177805306,7.224055169009758e-5,7.224055169009758e-5,0.0010069548329458972,0.0010069548329458972,0.0007011004572217427,0.0007011004572217427,0.001828881957290085,0.001828881957290085,0.002547212213959482,0.002547212213959482,0.05912216823263661,0.05912216823263661,0.00012570466135752942,0.00012570466135752942,0.0015826173666511067,0.0015826173666511067,0.0015067971473176067,0.0015067971473176067,0.005531766108290537,0.005531766108290537,0.0007736971640819323,0.0007736971640819323,0.004642732080221812,0.004642732080221812,0.0005607150608241823,0.0005607150608241823,0.06278275173015135,0.06278275173015135,0.001185744586635118,0.001185744586635118,0.0011168977270656702,0.0011168977270656702,0.21063730415931303,0.21063730415931303,0.028684188130325694,0.028684188130325694,0.0005515321778255117,0.0005515321778255117,0.0010010175240599273,0.0010010175240599273,0.014258898630617356,0.014258898630617356,0.011021144209751865,0.011021144209751865
0.004734149439737573,0.004734149439737573,0.0039244558983643485,0.0039244558983643485,2.6636113650922028e-5,2.6636113650922028e-5,7.076735935771048e-5,7.076735935771048e-5,0.06941445998241136,0.06941445998241136,0.0009127939813440011,0.0009127939813440011,0.0014415910491069606,0.0014415910491069606,0.00032430772569461835,0.00032430772569461835,0.00016254207690126823,0.00016254207690126823,0.0014520955070906894,0.0014520955070906894,0.0486220713429919,0.0486220713429919,0.05109410336875175,0.05109410336875175,0.0006804519643268461,0.0006804519643268461,0.005087870331961675,0.005087870331961675,0.001378861682146966,0.001378861682146966,0.004037326385243678,0.004037326385243678,0.0006300418852843714,0.0006300418852843714,0.0057747148074396015,0.0057747148074396015,0.00035382967285375877,0.00035382967285375877,0.04521592075532421,0.04521592075532421,0.0014757178419522177,0.0014757178419522177,0.0010602079458503083,0.0010602079458503083,0.005615055517483758,0.005615055517483758,0.006216601191278981,0.006216601191278981
0.004734149439737573,0.004734149439737573,0.0039244558983643485,0.0039244558983643485,2.6636113650922028e-5,2.6636113650922028e-5,7.076735935771048e-5,7.076735935771048e-5,0.06941445998241136,0.06941445998241136,0.0009127939813440011,0.0009127939813440011,0.0014415910491069606,0.0014415910491069606,0.00032430772569461835,0.00032430772569461835,0.00016254207690126823,0.00016254207690126823,0.0014520955070906894,0.0014520955070906894,0.0486220713429919,0.0486220713429919,0.05109410336875175,0.05109410336875175,0.0006804519643268461,0.0006804519643268461,0.005087870331961675,0.005087870331961675,0.001378861682146966,0.001378861682146966,0.004037326385243678,0.004037326385243678,0.0006300418852843714,0.0006300418852843714,0.0057747148074396015,0.0057747148074396015,0.00035382967285375877,0.00035382967285375877,0.04521592075532421,0.04521592075532421,0.0014757178419522177,0.0014757178419522177,0.0010602079458503083,0.0010602079458503083,0.005615055517483758,0.005615055517483758,0.006216601191278981,0.006216601191278981
0.006538443115788578,0.006538443115788578,0.003950951383023954,0.003950951383023954,0.0011526575756954927,0.0011526575756954927,0.0009019051262081079,0.0009019051262081079,0.0012112009766128418,0.0012112009766128418,0.0010802141997844072,0.0010802141997844072,0.003895967904853248,0.003895967904853248,0.0009728053391139246,0.0009728053391139246,0.0012030680083927048,0.0012030680083927048,0.0013543154378226063,0.0013543154378226063,0.0006484773650598796,0.0006484773650598796,0.010182034983821642,0.010182034983821642,0.0036205803309724005,0.0036205803309724005,0.0025474800318154855,0.0025474800318154855,0.0013869502761664765,0.0013869502761664765,0.007707527688390559,0.007707527688390559,0.0010098992396817205,0.0010098992396817205,0.00212711988418908,0.00212711988418908,0.00038047670654681176,0.00038047670654681176,0.016405346976580137,0.016405346976580137,0.00045173932037415043,0.00045173932037415043,0.0012720490046606858,0.0012720490046606858,0.008021880080055555,0.008021880080055555,0.034183717484403964,0.034183717484403964
0.0009427925597625952,0.0009427925597625952,0.001177320594414076,0.001177320594414076,2.705718075715971e-5,2.705718075715971e-5,0.0028480793443724783,0.0028480793443724783,0.00045450367429062527,0.00045450367429062527,0.006549716344563805,0.006549716344563805,0.004757068468758341,0.004757068468758341,0.0016839869637708949,0.0016839869637708949,7.702789358274374e-5,7.702789358274374e-5,0.0017695103053227967,0.0017695103053227967,0.0007128707485574981,0.0007128707485574981,0.0029662783556620997,0.0029662783556620997,0.0008599244221937224,0.0008599244221937224,0.008482873858682183,0.008482873858682183,0.0005862741688552296,0.0005862741688552296,0.002951969455350145,0.002951969455350145,0.002452273621488643,0.002452273621488643,0.0036628780131254535,0.0036628780131254535,0.0002814482592835843,0.0002814482592835843,0.0037412692903310285,0.0037412692903310285,0.00046356339980437034,0.00046356339980437034,0.0010379821181471377,0.0010379821181471377,0.0033750116183685064,0.0033750116183685064,0.0030713270035881424,0.0030713270035881424
0.0009427925597625952,0.0009427925597625952,0.001177320594414076,0.001177320594414076,2.705718075715971e-5,2.705718075715971e-5,0.0028480793443724783,0.0028480793443724783,0.00045450367429062527,0.00045450367429062527,0.006549716344563805,0.006549716344563805,0.004757068468758341,0.004757068468758341,0.0016839869637708949,0.0016839869637708949,7.702789358274374e-5,7.702789358274374e-5,0.0017695103053227967,0.0017695103053227967,0.0007128707485574981,0.0007128707485574981,0.0029662783556620997,0.0029662783556620997,0.0008599244221937224,0.0008599244221937224,0.008482873858682183,0.008482873858682183,0.0005862741688552296,0.0005862741688552296,0.002951969455350145,0.002951969455350145,0.002452273621488643,0.002452273621488643,0.0036628780131254535,0.0036628780131254535,0.0002814482592835843,0.0002814482592835843,0.0037412692903310285,0.0037412692903310285,0.00046356339980437034,0.00046356339980437034,0.0010379821181471377,0.0010379821181471377,0.0033750116183685064,0.0033750116183685064,0.0030713270035881424,0.0030713270035881424
0.0009427925597625952,0.0009427925597625952,0.001177320594414076,0.001177320594414076,2.705718075715971e-5,2.705718075715971e-5,0.0028480793443724783,0.0028480793443724783,0.00045450367429062527,0.00045450367429062527,0.006549716344563805,0.006549716344563805,0.004757068468758341,0.004757068468758341,0.0016839869637708949,0.0016839869637708949,7.702789358274374e-5,7.702789358274374e-5,0.0017695103053227967,0.0017695103053227967,0.0007128707485574981,0.0007128707485574981,0.0029662783556620997,0.0029662783556620997,0.0008599244221937224,0.0008599244221937224,0.008482873858682183,0.008482873858682183,0.0005862741688552296,0.0005862741688552296,0.002951969455350145,0.002951969455350145,0.002452273621488643,0.002452273621488643,0.0036628780131254535,0.0036628780131254535,0.0002814482592835843,0.0002814482592835843,0.0037412692903310285,0.0037412692903310285,0.00046356339980437034,0.00046356339980437034,0.0010379821181471377,0.0010379821181471377,0.0033750116183685064,0.0033750116183685064,0.0030713270035881424,0.0030713270035881424
0.00747462825980838,0.00747462825980838,0.006332936174441944,0.006332936174441944,0.00011016617626115333,0.00011016617626115333,0.0001094414614902315,0.0001094414614902315,0.0007783049622768767,0.0007783049622768767,0.0517241704177529,0.0517241704177529,0.004251562932864439,0.004251562932864439,0.008910243773865234,0.008910243773865234,0.003336056116860081,0.003336056116860081,0.006102728985410977,0.006102728985410977,0.0023704014227349246,0.0023704014227349246,0.0899951176327729,0.0899951176327729,0.004959735143194199,0.004959735143194199,0.029178419193904404,0.029178419193904404,0.01726818456310608,0.01726818456310608,0.005531272962076006,0.005531272962076006,0.0013890973329018577,0.0013890973329018577,0.02507526729679066,0.02507526729679066,0.012137807332826434,0.012137807332826434,0.08948649880358772,0.08948649880358772,0.005475487808009327,0.005475487808009327,0.001861232552336306,0.001861232552336306,0.009724466317979186,0.009724466317979186,0.03167971416005333,0.03167971416005333
0.04864379042152156,0.04864379042152156,0.07130625541909819,0.07130625541909819,0.012322907658832705,0.012322907658832705,0.00046835242808185296,0.00046835242808185296,0.00228467088060344,0.00228467088060344,0.011407903359831328,0.011407903359831328,0.03432909100670489,0.03432909100670489,0.0011202553055512793,0.0011202553055512793,0.031733851838656735,0.031733851838656735,0.013255099603952658,0.013255099603952658,0.0020361002563845654,0.0020361002563845654,0.08426007112388234,0.08426007112388234,0.02070573843794521,0.02070573843794521,0.06360173253499113,0.06360173253499113,0.07759893581734145,0.07759893581734145,0.051432325904207765,0.051432325904207765,0.028931128153975916,0.028931128153975916,0.2644140407284432,0.2644140407284432,0.00561882537684677,0.00561882537684677,0.01425583419918608,0.01425583419918608,0.036440765782819184,0.036440765782819184,0.0038896600118439872,0.0038896600118439872,0.06697825832110027,0.06697825832110027,0.012312874159343679,0.012312874159343679
0.00925738507087498,0.00925738507087498,0.003968211906321073,0.003968211906321073,0.022530563699632467,0.022530563699632467,0.13736061449910686,0.13736061449910686,0.0007916539455458393,0.0007916539455458393,0.10510395385248117,0.10510395385248117,0.020909650028412052,0.020909650028412052,0.0012012282887148978,0.0012012282887148978,0.00195568617567822,0.00195568617567822,0.015463740555787808,0.015463740555787808,0.00911020041443722,0.00911020041443722,0.009413100595475732,0.009413100595475732,0.12053241154045224,0.12053241154045224,0.014234404745261386,0.014234404745261386,0.0019417929236079656,0.0019417929236079656,0.013774772483796438,0.013774772483796438,0.14535661174292613,0.14535661174292613,0.004730388379024869,0.004730388379024869,0.21674906736549815,0.21674906736549815,0.02971085929362438,0.02971085929362438,0.13156100330714793,0.13156100330714793,0.25021376564754405,0.25021376564754405,0.037890952568889524,0.037890952568889524,0.01825304255648419,0.01825304255648419
3.684596571285645e-5,3.684596571285645e-5,2.651815610054363e-5,2.651815610054363e-5,3.227426539600953e-5,3.227426539600953e-5,1.2406990316903097e-5,1.2406990316903097e-5,7.163828815015668e-6,7.163828815015668e-6,2.3925487339260146e-5,2.3925487339260146e-5,3.0585317985221128e-6,3.0585317985221128e-6,8.874677590880076e-6,8.874677590880076e-6,1.6091077748424322e-5,1.6091077748424322e-5,8.378739955127194e-6,8.378739955127194e-6,0.0,0.0,0.0,0.0,0.0,0.0,0.0,0.0,1.2284098666060124e-5,1.2284098666060124e-5,0.00012041764544502322,0.00012041764544502322,0.00019639318992480115,0.00019639318992480115,0.00016150170119349355,0.00016150170119349355,0.00039817461322822975,0.00039817461322822975,0.0013059869082104186,0.0013059869082104186,0.0004792843543034442,0.0004792843543034442,0.000254696580716857,0.000254696580716857,0.00020314030768280728,0.00020314030768280728,0.00016451942767479327,0.00016451942767479327
3.684596571285645e-5,3.684596571285645e-5,2.651815610054363e-5,2.651815610054363e-5,3.227426539600953e-5,3.227426539600953e-5,1.2406990316903097e-5,1.2406990316903097e-5,7.163828815015668e-6,7.163828815015668e-6,2.3925487339260146e-5,2.3925487339260146e-5,3.0585317985221128e-6,3.0585317985221128e-6,8.874677590880076e-6,8.874677590880076e-6,1.6091077748424322e-5,1.6091077748424322e-5,8.378739955127194e-6,8.378739955127194e-6,0.0,0.0,0.0,0.0,0.0,0.0,0.0,0.0,1.2284098666060124e-5,1.2284098666060124e-5,0.00012041764544502322,0.00012041764544502322,0.00019639318992480115,0.00019639318992480115,0.00016150170119349355,0.00016150170119349355,0.00039817461322822975,0.00039817461322822975,0.0013059869082104186,0.0013059869082104186,0.0004792843543034442,0.0004792843543034442,0.000254696580716857,0.000254696580716857,0.00020314030768280728,0.00020314030768280728,0.00016451942767479327,0.00016451942767479327
3.684596571285645e-5,3.684596571285645e-5,2.651815610054363e-5,2.651815610054363e-5,3.227426539600953e-5,3.227426539600953e-5,1.2406990316903097e-5,1.2406990316903097e-5,7.163828815015668e-6,7.163828815015668e-6,2.3925487339260146e-5,2.3925487339260146e-5,3.0585317985221128e-6,3.0585317985221128e-6,8.874677590880076e-6,8.874677590880076e-6,1.6091077748424322e-5,1.6091077748424322e-5,8.378739955127194e-6,8.378739955127194e-6,0.0,0.0,0.0,0.0,0.0,0.0,0.0,0.0,1.2284098666060124e-5,1.2284098666060124e-5,0.00012041764544502322,0.00012041764544502322,0.00019639318992480115,0.00019639318992480115,0.00016150170119349355,0.00016150170119349355,0.00039817461322822975,0.00039817461322822975,0.0013059869082104186,0.0013059869082104186,0.0004792843543034442,0.0004792843543034442,0.000254696580716857,0.000254696580716857,0.00020314030768280728,0.00020314030768280728,0.00016451942767479327,0.00016451942767479327
1.2213525270104823e-5,1.2213525270104823e-5,2.922429246303296e-5,2.922429246303296e-5,1.3908669532838869e-5,1.3908669532838869e-5,1.6074066221139285e-5,1.6074066221139285e-5,1.0377908392579039e-5,1.0377908392579039e-5,2.781501359609955e-5,2.781501359609955e-5,4.786025068531836e-6,4.786025068531836e-6,6.030426872062351e-6,6.030426872062351e-6,3.229572164090101e-5,3.229572164090101e-5,2.3214552350265703e-5,2.3214552350265703e-5,0.0,0.0,0.0,0.0,0.0,0.0,0.0,0.0,4.891144468422218e-5,4.891144468422218e-5,0.00018700985104542177,0.00018700985104542177,0.00036991622486275133,0.00036991622486275133,0.0006412586767849532,0.0006412586767849532,0.0004884580941502507,0.0004884580941502507,0.000825732355681924,0.000825732355681924,0.0003743293895395461,0.0003743293895395461,0.0002670508734490245,0.0002670508734490245,0.0001826452606932972,0.0001826452606932972,6.4302130905294e-5,6.4302130905294e-5
1.2213525270104823e-5,1.2213525270104823e-5,2.922429246303296e-5,2.922429246303296e-5,1.3908669532838869e-5,1.3908669532838869e-5,1.6074066221139285e-5,1.6074066221139285e-5,1.0377908392579039e-5,1.0377908392579039e-5,2.781501359609955e-5,2.781501359609955e-5,4.786025068531836e-6,4.786025068531836e-6,6.030426872062351e-6,6.030426872062351e-6,3.229572164090101e-5,3.229572164090101e-5,2.3214552350265703e-5,2.3214552350265703e-5,0.0,0.0,0.0,0.0,0.0,0.0,0.0,0.0,4.891144468422218e-5,4.891144468422218e-5,0.00018700985104542177,0.00018700985104542177,0.00036991622486275133,0.00036991622486275133,0.0006412586767849532,0.0006412586767849532,0.0004884580941502507,0.0004884580941502507,0.000825732355681924,0.000825732355681924,0.0003743293895395461,0.0003743293895395461,0.0002670508734490245,0.0002670508734490245,0.0001826452606932972,0.0001826452606932972,6.4302130905294e-5,6.4302130905294e-5
1.2213525270104823e-5,1.2213525270104823e-5,2.922429246303296e-5,2.922429246303296e-5,1.3908669532838869e-5,1.3908669532838869e-5,1.6074066221139285e-5,1.6074066221139285e-5,1.0377908392579039e-5,1.0377908392579039e-5,2.781501359609955e-5,2.781501359609955e-5,4.786025068531836e-6,4.786025068531836e-6,6.030426872062351e-6,6.030426872062351e-6,3.229572164090101e-5,3.229572164090101e-5,2.3214552350265703e-5,2.3214552350265703e-5,0.0,0.0,0.0,0.0,0.0,0.0,0.0,0.0,4.891144468422218e-5,4.891144468422218e-5,0.00018700985104542177,0.00018700985104542177,0.00036991622486275133,0.00036991622486275133,0.0006412586767849532,0.0006412586767849532,0.0004884580941502507,0.0004884580941502507,0.000825732355681924,0.000825732355681924,0.0003743293895395461,0.0003743293895395461,0.0002670508734490245,0.0002670508734490245,0.0001826452606932972,0.0001826452606932972,6.4302130905294e-5,6.4302130905294e-5
1.2213525270104823e-5,1.2213525270104823e-5,2.922429246303296e-5,2.922429246303296e-5,1.3908669532838869e-5,1.3908669532838869e-5,1.6074066221139285e-5,1.6074066221139285e-5,1.0377908392579039e-5,1.0377908392579039e-5,2.781501359609955e-5,2.781501359609955e-5,4.786025068531836e-6,4.786025068531836e-6,6.030426872062351e-6,6.030426872062351e-6,3.229572164090101e-5,3.229572164090101e-5,2.3214552350265703e-5,2.3214552350265703e-5,0.0,0.0,0.0,0.0,0.0,0.0,0.0,0.0,4.891144468422218e-5,4.891144468422218e-5,0.00018700985104542177,0.00018700985104542177,0.00036991622486275133,0.00036991622486275133,0.0006412586767849532,0.0006412586767849532,0.0004884580941502507,0.0004884580941502507,0.000825732355681924,0.000825732355681924,0.0003743293895395461,0.0003743293895395461,0.0002670508734490245,0.0002670508734490245,0.0001826452606932972,0.0001826452606932972,6.4302130905294e-5,6.4302130905294e-5
1.2213525270104823e-5,1.2213525270104823e-5,2.922429246303296e-5,2.922429246303296e-5,1.3908669532838869e-5,1.3908669532838869e-5,1.6074066221139285e-5,1.6074066221139285e-5,1.0377908392579039e-5,1.0377908392579039e-5,2.781501359609955e-5,2.781501359609955e-5,4.786025068531836e-6,4.786025068531836e-6,6.030426872062351e-6,6.030426872062351e-6,3.229572164090101e-5,3.229572164090101e-5,2.3214552350265703e-5,2.3214552350265703e-5,0.0,0.0,0.0,0.0,0.0,0.0,0.0,0.0,4.891144468422218e-5,4.891144468422218e-5,0.00018700985104542177,0.00018700985104542177,0.00036991622486275133,0.00036991622486275133,0.0006412586767849532,0.0006412586767849532,0.0004884580941502507,0.0004884580941502507,0.000825732355681924,0.000825732355681924,0.0003743293895395461,0.0003743293895395461,0.0002670508734490245,0.0002670508734490245,0.0001826452606932972,0.0001826452606932972,6.4302130905294e-5,6.4302130905294e-5
1.6826545577712298e-5,1.6826545577712298e-5,1.121777134271138e-5,1.121777134271138e-5,8.038961343541373e-6,8.038961343541373e-6,4.72030260345081e-6,4.72030260345081e-6,1.5581802024944476e-5,1.5581802024944476e-5,4.227996716994948e-5,4.227996716994948e-5,3.7123062105311145e-6,3.7123062105311145e-6,1.1710716978144127e-5,1.1710716978144127e-5,2.890725958870177e-5,2.890725958870177e-5,2.116386142111829e-5,2.116386142111829e-5,0.0,0.0,0.0,0.0,0.0,0.0,0.0,0.0,4.396953069450357e-5,4.396953069450357e-5,0.00019735783301626578,0.00019735783301626578,0.0003624808216540626,0.0003624808216540626,0.0004935910083009275,0.0004935910083009275,0.0006468478975382545,0.0006468478975382545,0.0010012305684919953,0.0010012305684919953,0.00043194873470542294,0.00043194873470542294,0.00024997709134438363,0.00024997709134438363,0.00015736979554595559,0.00015736979554595559,8.410781397238595e-5,8.410781397238595e-5
1.6826545577712298e-5,1.6826545577712298e-5,1.121777134271138e-5,1.121777134271138e-5,8.038961343541373e-6,8.038961343541373e-6,4.72030260345081e-6,4.72030260345081e-6,1.5581802024944476e-5,1.5581802024944476e-5,4.227996716994948e-5,4.227996716994948e-5,3.7123062105311145e-6,3.7123062105311145e-6,1.1710716978144127e-5,1.1710716978144127e-5,2.890725958870177e-5,2.890725958870177e-5,2.116386142111829e-5,2.116386142111829e-5,0.0,0.0,0.0,0.0,0.0,0.0,0.0,0.0,4.396953069450357e-5,4.396953069450357e-5,0.00019735783301626578,0.00019735783301626578,0.0003624808216540626,0.0003624808216540626,0.0004935910083009275,0.0004935910083009275,0.0006468478975382545,0.0006468478975382545,0.0010012305684919953,0.0010012305684919953,0.00043194873470542294,0.00043194873470542294,0.00024997709134438363,0.00024997709134438363,0.00015736979554595559,0.00015736979554595559,8.410781397238595e-5,8.410781397238595e-5
1.6826545577712298e-5,1.6826545577712298e-5,1.121777134271138e-5,1.121777134271138e-5,8.038961343541373e-6,8.038961343541373e-6,4.72030260345081e-6,4.72030260345081e-6,1.5581802024944476e-5,1.5581802024944476e-5,4.227996716994948e-5,4.227996716994948e-5,3.7123062105311145e-6,3.7123062105311145e-6,1.1710716978144127e-5,1.1710716978144127e-5,2.890725958870177e-5,2.890725958870177e-5,2.116386142111829e-5,2.116386142111829e-5,0.0,0.0,0.0,0.0,0.0,0.0,0.0,0.0,4.396953069450357e-5,4.396953069450357e-5,0.00019735783301626578,0.00019735783301626578,0.0003624808216540626,0.0003624808216540626,0.0004935910083009275,0.0004935910083009275,0.0006468478975382545,0.0006468478975382545,0.0010012305684919953,0.0010012305684919953,0.00043194873470542294,0.00043194873470542294,0.00024997709134438363,0.00024997709134438363,0.00015736979554595559,0.00015736979554595559,8.410781397238595e-5,8.410781397238595e-5
1.6288815122937508e-5,1.6288815122937508e-5,5.4644251764564885e-5,5.4644251764564885e-5,6.568906401879793e-5,6.568906401879793e-5,0.00014562895326772352,0.00014562895326772352,0.000200514829957147,0.000200514829957147,0.0004361421624261147,0.0004361421624261147,2.681092479686056e-5,2.681092479686056e-5,0.00037535688248194546,0.00037535688248194546,0.0024862801552092972,0.0024862801552092972,0.0003945217016648808,0.0003945217016648808,0.0,0.0,0.0,0.0,0.0,0.0,0.0,0.0,0.00024712476140717476,0.00024712476140717476,0.000479284187812172,0.000479284187812172,0.0006408436261626238,0.0006408436261626238,0.0004519700134287853,0.0004519700134287853,0.0007285765981252315,0.0007285765981252315,0.0005427397567831817,0.0005427397567831817,0.00021801971564069933,0.00021801971564069933,0.00048380584887547026,0.00048380584887547026,0.00034299476646734717,0.00034299476646734717,9.269833572307911e-5,9.269833572307911e-5
1.6288815122937508e-5,1.6288815122937508e-5,5.4644251764564885e-5,5.4644251764564885e-5,6.568906401879793e-5,6.568906401879793e-5,0.00014562895326772352,0.00014562895326772352,0.000200514829957147,0.000200514829957147,0.0004361421624261147,0.0004361421624261147,2.681092479686056e-5,2.681092479686056e-5,0.00037535688248194546,0.00037535688248194546,0.0024862801552092972,0.0024862801552092972,0.0003945217016648808,0.0003945217016648808,0.0,0.0,0.0,0.0,0.0,0.0,0.0,0.0,0.00024712476140717476,0.00024712476140717476,0.000479284187812172,0.000479284187812172,0.0006408436261626238,0.0006408436261626238,0.0004519700134287853,0.0004519700134287853,0.0007285765981252315,0.0007285765981252315,0.0005427397567831817,0.0005427397567831817,0.00021801971564069933,0.00021801971564069933,0.00048380584887547026,0.00048380584887547026,0.00034299476646734717,0.00034299476646734717,9.269833572307911e-5,9.269833572307911e-5
4.395850309537805e-5,4.395850309537805e-5,3.086780423326436e-5,3.086780423326436e-5,2.873935572755837e-5,2.873935572755837e-5,1.961411498081333e-5,1.961411498081333e-5,2.9708857480809266e-5,2.9708857480809266e-5,3.540873538727149e-5,3.540873538727149e-5,6.265274129856437e-6,6.265274129856437e-6,2.357651232996489e-5,2.357651232996489e-5,1.9352880752395536e-5,1.9352880752395536e-5,1.4515657297242343e-5,1.4515657297242343e-5,0.0,0.0,0.0,0.0,0.0,0.0,0.0,0.0,4.409344141259597e-5,4.409344141259597e-5,0.0001478903398157306,0.0001478903398157306,0.00014862087898406123,0.00014862087898406123,0.00023703041174323418,0.00023703041174323418,0.000864801069193101,0.000864801069193101,0.001678484786393139,0.001678484786393139,0.00048197677897166,0.00048197677897166,0.0003863799685361359,0.0003863799685361359,0.0004491467585852234,0.0004491467585852234,0.0002636921138428616,0.0002636921138428616
4.395850309537805e-5,4.395850309537805e-5,3.086780423326436e-5,3.086780423326436e-5,2.873935572755837e-5,2.873935572755837e-5,1.961411498081333e-5,1.961411498081333e-5,2.9708857480809266e-5,2.9708857480809266e-5,3.540873538727149e-5,3.540873538727149e-5,6.265274129856437e-6,6.265274129856437e-6,2.357651232996489e-5,2.357651232996489e-5,1.9352880752395536e-5,1.9352880752395536e-5,1.4515657297242343e-5,1.4515657297242343e-5,0.0,0.0,0.0,0.0,0.0,0.0,0.0,0.0,4.409344141259597e-5,4.409344141259597e-5,0.0001478903398157306,0.0001478903398157306,0.00014862087898406123,0.00014862087898406123,0.00023703041174323418,0.00023703041174323418,0.000864801069193101,0.000864801069193101,0.001678484786393139,0.001678484786393139,0.00048197677897166,0.00048197677897166,0.0003863799685361359,0.0003863799685361359,0.0004491467585852234,0.0004491467585852234,0.0002636921138428616,0.0002636921138428616
2.1224251218439306e-5,2.1224251218439306e-5,3.509683906648153e-5,3.509683906648153e-5,4.064486385810251e-5,4.064486385810251e-5,3.460605916211744e-5,3.460605916211744e-5,3.999943585553025e-5,3.999943585553025e-5,7.658914312467331e-5,7.658914312467331e-5,1.1125691657595522e-5,1.1125691657595522e-5,1.0298474641066958e-5,1.0298474641066958e-5,0.00023287263553021034,0.00023287263553021034,0.00015805093871193443,0.00015805093871193443,0.0,0.0,0.0,0.0,0.0,0.0,0.0,0.0,0.00019207629004364124,0.00019207629004364124,0.0010934271855127936,0.0010934271855127936,0.0014707699133935104,0.0014707699133935104,0.0005796529343161938,0.0005796529343161938,0.02181095663891075,0.02181095663891075,0.001858885385032788,0.001858885385032788,0.00032904190713524406,0.00032904190713524406,0.00018042374981665915,0.00018042374981665915,0.00012116884163332255,0.00012116884163332255,9.032865426595975e-5,9.032865426595975e-5
2.1224251218439306e-5,2.1224251218439306e-5,3.509683906648153e-5,3.509683906648153e-5,4.064486385810251e-5,4.064486385810251e-5,3.460605916211744e-5,3.460605916211744e-5,3.999943585553025e-5,3.999943585553025e-5,7.658914312467331e-5,7.658914312467331e-5,1.1125691657595522e-5,1.1125691657595522e-5,1.0298474641066958e-5,1.0298474641066958e-5,0.00023287263553021034,0.00023287263553021034,0.00015805093871193443,0.00015805093871193443,0.0,0.0,0.0,0.0,0.0,0.0,0.0,0.0,0.00019207629004364124,0.00019207629004364124,0.0010934271855127936,0.0010934271855127936,0.0014707699133935104,0.0014707699133935104,0.0005796529343161938,0.0005796529343161938,0.02181095663891075,0.02181095663891075,0.001858885385032788,0.001858885385032788,0.00032904190713524406,0.00032904190713524406,0.00018042374981665915,0.00018042374981665915,0.00012116884163332255,0.00012116884163332255,9.032865426595975e-5,9.032865426595975e-5
2.1224251218439306e-5,2.1224251218439306e-5,3.509683906648153e-5,3.509683906648153e-5,4.064486385810251e-5,4.064486385810251e-5,3.460605916211744e-5,3.460605916211744e-5,3.999943585553025e-5,3.999943585553025e-5,7.658914312467331e-5,7.658914312467331e-5,1.1125691657595522e-5,1.1125691657595522e-5,1.0298474641066958e-5,1.0298474641066958e-5,0.00023287263553021034,0.00023287263553021034,0.00015805093871193443,0.00015805093871193443,0.0,0.0,0.0,0.0,0.0,0.0,0.0,0.0,0.00019207629004364124,0.00019207629004364124,0.0010934271855127936,0.0010934271855127936,0.0014707699133935104,0.0014707699133935104,0.0005796529343161938,0.0005796529343161938,0.02181095663891075,0.02181095663891075,0.001858885385032788,0.001858885385032788,0.00032904190713524406,0.00032904190713524406,0.00018042374981665915,0.00018042374981665915,0.00012116884163332255,0.00012116884163332255,9.032865426595975e-5,9.032865426595975e-5
2.1224251218439306e-5,2.1224251218439306e-5,3.509683906648153e-5,3.509683906648153e-5,4.064486385810251e-5,4.064486385810251e-5,3.460605916211744e-5,3.460605916211744e-5,3.999943585553025e-5,3.999943585553025e-5,7.658914312467331e-5,7.658914312467331e-5,1.1125691657595522e-5,1.1125691657595522e-5,1.0298474641066958e-5,1.0298474641066958e-5,0.00023287263553021034,0.00023287263553021034,0.00015805093871193443,0.00015805093871193443,0.0,0.0,0.0,0.0,0.0,0.0,0.0,0.0,0.00019207629004364124,0.00019207629004364124,0.0010934271855127936,0.0010934271855127936,0.0014707699133935104,0.0014707699133935104,0.0005796529343161938,0.0005796529343161938,0.02181095663891075,0.02181095663891075,0.001858885385032788,0.001858885385032788,0.00032904190713524406,0.00032904190713524406,0.00018042374981665915,0.00018042374981665915,0.00012116884163332255,0.00012116884163332255,9.032865426595975e-5,9.032865426595975e-5
2.1224251218439306e-5,2.1224251218439306e-5,3.509683906648153e-5,3.509683906648153e-5,4.064486385810251e-5,4.064486385810251e-5,3.460605916211744e-5,3.460605916211744e-5,3.999943585553025e-5,3.999943585553025e-5,7.658914312467331e-5,7.658914312467331e-5,1.1125691657595522e-5,1.1125691657595522e-5,1.0298474641066958e-5,1.0298474641066958e-5,0.00023287263553021034,0.00023287263553021034,0.00015805093871193443,0.00015805093871193443,0.0,0.0,0.0,0.0,0.0,0.0,0.0,0.0,0.00019207629004364124,0.00019207629004364124,0.0010934271855127936,0.0010934271855127936,0.0014707699133935104,0.0014707699133935104,0.0005796529343161938,0.0005796529343161938,0.02181095663891075,0.02181095663891075,0.001858885385032788,0.001858885385032788,0.00032904190713524406,0.00032904190713524406,0.00018042374981665915,0.00018042374981665915,0.00012116884163332255,0.00012116884163332255,9.032865426595975e-5,9.032865426595975e-5
1.7323818833412828e-5,1.7323818833412828e-5,5.015833786304333e-5,5.015833786304333e-5,4.267201924842978e-5,4.267201924842978e-5,9.3494174483468e-6,9.3494174483468e-6,1.7184146305588687e-5,1.7184146305588687e-5,4.7045675687074334e-5,4.7045675687074334e-5,5.213812819763325e-6,5.213812819763325e-6,1.7114377718005242e-5,1.7114377718005242e-5,8.758482795144171e-5,8.758482795144171e-5,2.89459130915794e-5,2.89459130915794e-5,0.0,0.0,0.0,0.0,0.0,0.0,0.0,0.0,3.1451126373401375e-5,3.1451126373401375e-5,9.501914140268991e-5,9.501914140268991e-5,2.9323955732366014e-5,2.9323955732366014e-5,7.74204419911927e-5,7.74204419911927e-5,0.00010896580679730251,0.00010896580679730251,0.0001758418344265057,0.0001758418344265057,0.00010267265370853332,0.00010267265370853332,0.00010812026516751876,0.00010812026516751876,7.42993889922979e-5,7.42993889922979e-5,4.9313552477915894e-5,4.9313552477915894e-5
1.7323818833412828e-5,1.7323818833412828e-5,5.015833786304333e-5,5.015833786304333e-5,4.267201924842978e-5,4.267201924842978e-5,9.3494174483468e-6,9.3494174483468e-6,1.7184146305588687e-5,1.7184146305588687e-5,4.7045675687074334e-5,4.7045675687074334e-5,5.213812819763325e-6,5.213812819763325e-6,1.7114377718005242e-5,1.7114377718005242e-5,8.758482795144171e-5,8.758482795144171e-5,2.89459130915794e-5,2.89459130915794e-5,0.0,0.0,0.0,0.0,0.0,0.0,0.0,0.0,3.1451126373401375e-5,3.1451126373401375e-5,9.501914140268991e-5,9.501914140268991e-5,2.9323955732366014e-5,2.9323955732366014e-5,7.74204419911927e-5,7.74204419911927e-5,0.00010896580679730251,0.00010896580679730251,0.0001758418344265057,0.0001758418344265057,0.00010267265370853332,0.00010267265370853332,0.00010812026516751876,0.00010812026516751876,7.42993889922979e-5,7.42993889922979e-5,4.9313552477915894e-5,4.9313552477915894e-5
1.7323818833412828e-5,1.7323818833412828e-5,5.015833786304333e-5,5.015833786304333e-5,4.267201924842978e-5,4.267201924842978e-5,9.3494174483468e-6,9.3494174483468e-6,1.7184146305588687e-5,1.7184146305588687e-5,4.7045675687074334e-5,4.7045675687074334e-5,5.213812819763325e-6,5.213812819763325e-6,1.7114377718005242e-5,1.7114377718005242e-5,8.758482795144171e-5,8.758482795144171e-5,2.89459130915794e-5,2.89459130915794e-5,0.0,0.0,0.0,0.0,0.0,0.0,0.0,0.0,3.1451126373401375e-5,3.1451126373401375e-5,9.501914140268991e-5,9.501914140268991e-5,2.9323955732366014e-5,2.9323955732366014e-5,7.74204419911927e-5,7.74204419911927e-5,0.00010896580679730251,0.00010896580679730251,0.0001758418344265057,0.0001758418344265057,0.00010267265370853332,0.00010267265370853332,0.00010812026516751876,0.00010812026516751876,7.42993889922979e-5,7.42993889922979e-5,4.9313552477915894e-5,4.9313552477915894e-5
1.7323818833412828e-5,1.7323818833412828e-5,5.015833786304333e-5,5.015833786304333e-5,4.267201924842978e-5,4.267201924842978e-5,9.3494174483468e-6,9.3494174483468e-6,1.7184146305588687e-5,1.7184146305588687e-5,4.7045675687074334e-5,4.7045675687074334e-5,5.213812819763325e-6,5.213812819763325e-6,1.7114377718005242e-5,1.7114377718005242e-5,8.758482795144171e-5,8.758482795144171e-5,2.89459130915794e-5,2.89459130915794e-5,0.0,0.0,0.0,0.0,0.0,0.0,0.0,0.0,3.1451126373401375e-5,3.1451126373401375e-5,9.501914140268991e-5,9.501914140268991e-5,2.9323955732366014e-5,2.9323955732366014e-5,7.74204419911927e-5,7.74204419911927e-5,0.00010896580679730251,0.00010896580679730251,0.0001758418344265057,0.0001758418344265057,0.00010267265370853332,0.00010267265370853332,0.00010812026516751876,0.00010812026516751876,7.42993889922979e-5,7.42993889922979e-5,4.9313552477915894e-5,4.9313552477915894e-5
1.7323818833412828e-5,1.7323818833412828e-5,5.015833786304333e-5,5.015833786304333e-5,4.267201924842978e-5,4.267201924842978e-5,9.3494174483468e-6,9.3494174483468e-6,1.7184146305588687e-5,1.7184146305588687e-5,4.7045675687074334e-5,4.7045675687074334e-5,5.213812819763325e-6,5.213812819763325e-6,1.7114377718005242e-5,1.7114377718005242e-5,8.758482795144171e-5,8.758482795144171e-5,2.89459130915794e-5,2.89459130915794e-5,0.0,0.0,0.0,0.0,0.0,0.0,0.0,0.0,3.1451126373401375e-5,3.1451126373401375e-5,9.501914140268991e-5,9.501914140268991e-5,2.9323955732366014e-5,2.9323955732366014e-5,7.74204419911927e-5,7.74204419911927e-5,0.00010896580679730251,0.00010896580679730251,0.0001758418344265057,0.0001758418344265057,0.00010267265370853332,0.00010267265370853332,0.00010812026516751876,0.00010812026516751876,7.42993889922979e-5,7.42993889922979e-5,4.9313552477915894e-5,4.9313552477915894e-5
4.58600240991194e-5,4.58600240991194e-5,0.0001159276046268096,0.0001159276046268096,0.00017640480198266584,0.00017640480198266584,0.00015879341945045436,0.00015879341945045436,0.0001014039326125149,0.0001014039326125149,0.00017529847584311833,0.00017529847584311833,2.531264101148672e-5,2.531264101148672e-5,6.169052353754458e-5,6.169052353754458e-5,0.0006643837585753216,0.0006643837585753216,0.0002535826629954472,0.0002535826629954472,0.0,0.0,0.0,0.0,0.0,0.0,0.0,0.0,0.00011553907550305303,0.00011553907550305303,0.00028618887407075994,0.00028618887407075994,0.0001173587756891567,0.0001173587756891567,4.330653078374715e-5,4.330653078374715e-5,6.4249924258302e-5,6.4249924258302e-5,0.0003188417914237133,0.0003188417914237133,0.00012102314463399017,0.00012102314463399017,9.877848289466511e-5,9.877848289466511e-5,0.00016407563826792426,0.00016407563826792426,0.00012337533552715923,0.00012337533552715923
4.58600240991194e-5,4.58600240991194e-5,0.0001159276046268096,0.0001159276046268096,0.00017640480198266584,0.00017640480198266584,0.00015879341945045436,0.00015879341945045436,0.0001014039326125149,0.0001014039326125149,0.00017529847584311833,0.00017529847584311833,2.531264101148672e-5,2.531264101148672e-5,6.169052353754458e-5,6.169052353754458e-5,0.0006643837585753216,0.0006643837585753216,0.0002535826629954472,0.0002535826629954472,0.0,0.0,0.0,0.0,0.0,0.0,0.0,0.0,0.00011553907550305303,0.00011553907550305303,0.00028618887407075994,0.00028618887407075994,0.0001173587756891567,0.0001173587756891567,4.330653078374715e-5,4.330653078374715e-5,6.4249924258302e-5,6.4249924258302e-5,0.0003188417914237133,0.0003188417914237133,0.00012102314463399017,0.00012102314463399017,9.877848289466511e-5,9.877848289466511e-5,0.00016407563826792426,0.00016407563826792426,0.00012337533552715923,0.00012337533552715923
4.58600240991194e-5,4.58600240991194e-5,0.0001159276046268096,0.0001159276046268096,0.00017640480198266584,0.00017640480198266584,0.00015879341945045436,0.00015879341945045436,0.0001014039326125149,0.0001014039326125149,0.00017529847584311833,0.00017529847584311833,2.531264101148672e-5,2.531264101148672e-5,6.169052353754458e-5,6.169052353754458e-5,0.0006643837585753216,0.0006643837585753216,0.0002535826629954472,0.0002535826629954472,0.0,0.0,0.0,0.0,0.0,0.0,0.0,0.0,0.00011553907550305303,0.00011553907550305303,0.00028618887407075994,0.00028618887407075994,0.0001173587756891567,0.0001173587756891567,4.330653078374715e-5,4.330653078374715e-5,6.4249924258302e-5,6.4249924258302e-5,0.0003188417914237133,0.0003188417914237133,0.00012102314463399017,0.00012102314463399017,9.877848289466511e-5,9.877848289466511e-5,0.00016407563826792426,0.00016407563826792426,0.00012337533552715923,0.00012337533552715923
6.642519744871011e-6,6.642519744871011e-6,1.2895073342431918e-5,1.2895073342431918e-5,1.8964878826174814e-5,1.8964878826174814e-5,2.929722749632404e-5,2.929722749632404e-5,2.3450765978465064e-5,2.3450765978465064e-5,3.0284840690845928e-5,3.0284840690845928e-5,1.952206039181753e-5,1.952206039181753e-5,1.9137106201089606e-5,1.9137106201089606e-5,0.00023169722332530042,0.00023169722332530042,7.128291069578678e-5,7.128291069578678e-5,0.0,0.0,0.0,0.0,0.0,0.0,0.0,0.0,0.00013824794879967184,0.00013824794879967184,0.0003626119375665579,0.0003626119375665579,0.00031023721490756884,0.00031023721490756884,0.0003191055018626071,0.0003191055018626071,0.0003460714425051765,0.0003460714425051765,0.00040880040986049707,0.00040880040986049707,0.00013064027148149832,0.00013064027148149832,0.00011677146787127026,0.00011677146787127026,4.353390518872422e-5,4.353390518872422e-5,8.60635154246326e-5,8.60635154246326e-5
6.642519744871011e-6,6.642519744871011e-6,1.2895073342431918e-5,1.2895073342431918e-5,1.8964878826174814e-5,1.8964878826174814e-5,2.929722749632404e-5,2.929722749632404e-5,2.3450765978465064e-5,2.3450765978465064e-5,3.0284840690845928e-5,3.0284840690845928e-5,1.952206039181753e-5,1.952206039181753e-5,1.9137106201089606e-5,1.9137106201089606e-5,0.00023169722332530042,0.00023169722332530042,7.128291069578678e-5,7.128291069578678e-5,0.0,0.0,0.0,0.0,0.0,0.0,0.0,0.0,0.00013824794879967184,0.00013824794879967184,0.0003626119375665579,0.0003626119375665579,0.00031023721490756884,0.00031023721490756884,0.0003191055018626071,0.0003191055018626071,0.0003460714425051765,0.0003460714425051765,0.00040880040986049707,0.00040880040986049707,0.00013064027148149832,0.00013064027148149832,0.00011677146787127026,0.00011677146787127026,4.353390518872422e-5,4.353390518872422e-5,8.60635154246326e-5,8.60635154246326e-5
2.6466219609590008e-5,2.6466219609590008e-5,0.00010907228197428679,0.00010907228197428679,0.00019225747926754355,0.00019225747926754355,0.00011285833092285202,0.00011285833092285202,0.0002077454015933511,0.0002077454015933511,0.0002368916148702202,0.0002368916148702202,4.130523436265878e-5,4.130523436265878e-5,0.00014324369205288325,0.00014324369205288325,0.006142512237655023,0.006142512237655023,0.0005856256770465293,0.0005856256770465293,0.0,0.0,0.0,0.0,0.0,0.0,0.0,0.0,0.00011620353227696778,0.00011620353227696778,0.00022253920591977505,0.00022253920591977505,0.00011302569066512502,0.00011302569066512502,8.494429472663285e-5,8.494429472663285e-5,0.00010644063112842401,0.00010644063112842401,0.00041331690934173076,0.00041331690934173076,0.00011357592463449862,0.00011357592463449862,0.00012267131591050216,0.00012267131591050216,0.00011097936210710795,0.00011097936210710795,0.00011696255041112723,0.00011696255041112723
2.6466219609590008e-5,2.6466219609590008e-5,0.00010907228197428679,0.00010907228197428679,0.00019225747926754355,0.00019225747926754355,0.00011285833092285202,0.00011285833092285202,0.0002077454015933511,0.0002077454015933511,0.0002368916148702202,0.0002368916148702202,4.130523436265878e-5,4.130523436265878e-5,0.00014324369205288325,0.00014324369205288325,0.006142512237655023,0.006142512237655023,0.0005856256770465293,0.0005856256770465293,0.0,0.0,0.0,0.0,0.0,0.0,0.0,0.0,0.00011620353227696778,0.00011620353227696778,0.00022253920591977505,0.00022253920591977505,0.00011302569066512502,0.00011302569066512502,8.494429472663285e-5,8.494429472663285e-5,0.00010644063112842401,0.00010644063112842401,0.00041331690934173076,0.00041331690934173076,0.00011357592463449862,0.00011357592463449862,0.00012267131591050216,0.00012267131591050216,0.00011097936210710795,0.00011097936210710795,0.00011696255041112723,0.00011696255041112723
2.6466219609590008e-5,2.6466219609590008e-5,0.00010907228197428679,0.00010907228197428679,0.00019225747926754355,0.00019225747926754355,0.00011285833092285202,0.00011285833092285202,0.0002077454015933511,0.0002077454015933511,0.0002368916148702202,0.0002368916148702202,4.130523436265878e-5,4.130523436265878e-5,0.00014324369205288325,0.00014324369205288325,0.006142512237655023,0.006142512237655023,0.0005856256770465293,0.0005856256770465293,0.0,0.0,0.0,0.0,0.0,0.0,0.0,0.0,0.00011620353227696778,0.00011620353227696778,0.00022253920591977505,0.00022253920591977505,0.00011302569066512502,0.00011302569066512502,8.494429472663285e-5,8.494429472663285e-5,0.00010644063112842401,0.00010644063112842401,0.00041331690934173076,0.00041331690934173076,0.00011357592463449862,0.00011357592463449862,0.00012267131591050216,0.00012267131591050216,0.00011097936210710795,0.00011097936210710795,0.00011696255041112723,0.00011696255041112723
4.541925235267922e-5,4.541925235267922e-5,3.956544696346936e-5,3.956544696346936e-5,4.898699705264964e-5,4.898699705264964e-5,1.1214988290997709e-5,1.1214988290997709e-5,1.2655272413879303e-5,1.2655272413879303e-5,2.3305588690065602e-5,2.3305588690065602e-5,9.674853519781506e-7,9.674853519781506e-7,4.1444679700256655e-6,4.1444679700256655e-6,8.9511895866291e-6,8.9511895866291e-6,1.7165183800052132e-7,1.7165183800052132e-7,0.0,0.0,0.0,0.0,0.0,0.0,0.0,0.0,3.1257871087783315e-5,3.1257871087783315e-5,8.096716287056115e-5,8.096716287056115e-5,0.00021723857930137924,0.00021723857930137924,0.00030105148862106385,0.00030105148862106385,0.00045751525593554915,0.00045751525593554915,0.0010689002003744577,0.0010689002003744577,0.0004011349192885455,0.0004011349192885455,0.0002779779513410602,0.0002779779513410602,0.00019646927269971557,0.00019646927269971557,0.00021200098401637918,0.00021200098401637918
4.541925235267922e-5,4.541925235267922e-5,3.956544696346936e-5,3.956544696346936e-5,4.898699705264964e-5,4.898699705264964e-5,1.1214988290997709e-5,1.1214988290997709e-5,1.2655272413879303e-5,1.2655272413879303e-5,2.3305588690065602e-5,2.3305588690065602e-5,9.674853519781506e-7,9.674853519781506e-7,4.1444679700256655e-6,4.1444679700256655e-6,8.9511895866291e-6,8.9511895866291e-6,1.7165183800052132e-7,1.7165183800052132e-7,0.0,0.0,0.0,0.0,0.0,0.0,0.0,0.0,3.1257871087783315e-5,3.1257871087783315e-5,8.096716287056115e-5,8.096716287056115e-5,0.00021723857930137924,0.00021723857930137924,0.00030105148862106385,0.00030105148862106385,0.00045751525593554915,0.00045751525593554915,0.0010689002003744577,0.0010689002003744577,0.0004011349192885455,0.0004011349192885455,0.0002779779513410602,0.0002779779513410602,0.00019646927269971557,0.00019646927269971557,0.00021200098401637918,0.00021200098401637918
4.541925235267922e-5,4.541925235267922e-5,3.956544696346936e-5,3.956544696346936e-5,4.898699705264964e-5,4.898699705264964e-5,1.1214988290997709e-5,1.1214988290997709e-5,1.2655272413879303e-5,1.2655272413879303e-5,2.3305588690065602e-5,2.3305588690065602e-5,9.674853519781506e-7,9.674853519781506e-7,4.1444679700256655e-6,4.1444679700256655e-6,8.9511895866291e-6,8.9511895866291e-6,1.7165183800052132e-7,1.7165183800052132e-7,0.0,0.0,0.0,0.0,0.0,0.0,0.0,0.0,3.1257871087783315e-5,3.1257871087783315e-5,8.096716287056115e-5,8.096716287056115e-5,0.00021723857930137924,0.00021723857930137924,0.00030105148862106385,0.00030105148862106385,0.00045751525593554915,0.00045751525593554915,0.0010689002003744577,0.0010689002003744577,0.0004011349192885455,0.0004011349192885455,0.0002779779513410602,0.0002779779513410602,0.00019646927269971557,0.00019646927269971557,0.00021200098401637918,0.00021200098401637918
0.0001633315565207384,0.0001633315565207384,0.0003119157241821286,0.0003119157241821286,0.0004028565228364478,0.0004028565228364478,0.000288597283333962,0.000288597283333962,0.00025001305076401484,0.00025001305076401484,0.0008325939366627191,0.0008325939366627191,6.964443289971499e-5,6.964443289971499e-5,0.00035431525371526496,0.00035431525371526496,0.003022527327860708,0.003022527327860708,0.000822309483703279,0.000822309483703279,0.0,0.0,0.0,0.0,0.0,0.0,0.0,0.0,0.00030079464946244916,0.00030079464946244916,0.0004595769843301553,0.0004595769843301553,0.00021408999608011486,0.00021408999608011486,4.0447278513239694e-5,4.0447278513239694e-5,8.576190568586675e-5,8.576190568586675e-5,0.000993160508504752,0.000993160508504752,0.0002825908229090457,0.0002825908229090457,0.0004614954361969424,0.0004614954361969424,0.0003602518681560616,0.0003602518681560616,0.0004785166867402185,0.0004785166867402185
1.4094899292436828e-5,1.4094899292436828e-5,1.1021329860206913e-5,1.1021329860206913e-5,6.6808501135127984e-6,6.6808501135127984e-6,5.243490146972967e-6,5.243490146972967e-6,5.923019738901178e-6,5.923019738901178e-6,9.261444996365377e-6,9.261444996365377e-6,9.554051592789228e-7,9.554051592789228e-7,1.111523942732011e-5,1.111523942732011e-5,1.301223558707878e-5,1.301223558707878e-5,1.234747297810366e-6,1.234747297810366e-6,0.0,0.0,0.0,0.0,0.0,0.0,0.0,0.0,2.2318157995989893e-5,2.2318157995989893e-5,0.00019298641749906746,0.00019298641749906746,0.0001787100295492297,0.0001787100295492297,0.00031687139675443815,0.00031687139675443815,0.00041112115232009964,0.00041112115232009964,0.0008054134387032799,0.0008054134387032799,0.00029795136191904104,0.00029795136191904104,0.00015571983988486512,0.00015571983988486512,0.00012310798156511208,0.00012310798156511208,4.690427391704048e-5,4.690427391704048e-5
1.4094899292436828e-5,1.4094899292436828e-5,1.1021329860206913e-5,1.1021329860206913e-5,6.6808501135127984e-6,6.6808501135127984e-6,5.243490146972967e-6,5.243490146972967e-6,5.923019738901178e-6,5.923019738901178e-6,9.261444996365377e-6,9.261444996365377e-6,9.554051592789228e-7,9.554051592789228e-7,1.111523942732011e-5,1.111523942732011e-5,1.301223558707878e-5,1.301223558707878e-5,1.234747297810366e-6,1.234747297810366e-6,0.0,0.0,0.0,0.0,0.0,0.0,0.0,0.0,2.2318157995989893e-5,2.2318157995989893e-5,0.00019298641749906746,0.00019298641749906746,0.0001787100295492297,0.0001787100295492297,0.00031687139675443815,0.00031687139675443815,0.00041112115232009964,0.00041112115232009964,0.0008054134387032799,0.0008054134387032799,0.00029795136191904104,0.00029795136191904104,0.00015571983988486512,0.00015571983988486512,0.00012310798156511208,0.00012310798156511208,4.690427391704048e-5,4.690427391704048e-5
1.4094899292436828e-5,1.4094899292436828e-5,1.1021329860206913e-5,1.1021329860206913e-5,6.6808501135127984e-6,6.6808501135127984e-6,5.243490146972967e-6,5.243490146972967e-6,5.923019738901178e-6,5.923019738901178e-6,9.261444996365377e-6,9.261444996365377e-6,9.554051592789228e-7,9.554051592789228e-7,1.111523942732011e-5,1.111523942732011e-5,1.301223558707878e-5,1.301223558707878e-5,1.234747297810366e-6,1.234747297810366e-6,0.0,0.0,0.0,0.0,0.0,0.0,0.0,0.0,2.2318157995989893e-5,2.2318157995989893e-5,0.00019298641749906746,0.00019298641749906746,0.0001787100295492297,0.0001787100295492297,0.00031687139675443815,0.00031687139675443815,0.00041112115232009964,0.00041112115232009964,0.0008054134387032799,0.0008054134387032799,0.00029795136191904104,0.00029795136191904104,0.00015571983988486512,0.00015571983988486512,0.00012310798156511208,0.00012310798156511208,4.690427391704048e-5,4.690427391704048e-5
1.4094899292436828e-5,1.4094899292436828e-5,1.1021329860206913e-5,1.1021329860206913e-5,6.6808501135127984e-6,6.6808501135127984e-6,5.243490146972967e-6,5.243490146972967e-6,5.923019738901178e-6,5.923019738901178e-6,9.261444996365377e-6,9.261444996365377e-6,9.554051592789228e-7,9.554051592789228e-7,1.111523942732011e-5,1.111523942732011e-5,1.301223558707878e-5,1.301223558707878e-5,1.234747297810366e-6,1.234747297810366e-6,0.0,0.0,0.0,0.0,0.0,0.0,0.0,0.0,2.2318157995989893e-5,2.2318157995989893e-5,0.00019298641749906746,0.00019298641749906746,0.0001787100295492297,0.0001787100295492297,0.00031687139675443815,0.00031687139675443815,0.00041112115232009964,0.00041112115232009964,0.0008054134387032799,0.0008054134387032799,0.00029795136191904104,0.00029795136191904104,0.00015571983988486512,0.00015571983988486512,0.00012310798156511208,0.00012310798156511208,4.690427391704048e-5,4.690427391704048e-5
0.00014639126066520215,0.00014639126066520215,0.00017433508810386043,0.00017433508810386043,0.0001146443206229697,0.0001146443206229697,4.901983676179871e-5,4.901983676179871e-5,5.243493143003604e-5,5.243493143003604e-5,8.048941896632387e-5,8.048941896632387e-5,2.2118999073955463e-6,2.2118999073955463e-6,1.5311632479569643e-5,1.5311632479569643e-5,5.4906525961303555e-5,5.4906525961303555e-5,0.0,0.0,0.0,0.0,0.0,0.0,0.0,0.0,0.0,0.0,7.00613957964058e-5,7.00613957964058e-5,0.0005980617116418258,0.0005980617116418258,0.0008405906187745615,0.0008405906187745615,0.0007040445823359928,0.0007040445823359928,0.0014610264528612527,0.0014610264528612527,0.0026303313175363163,0.0026303313175363163,0.00148907395482073,0.00148907395482073,0.0009266656362032569,0.0009266656362032569,0.0008148234940721956,0.0008148234940721956,0.0006824690560268201,0.0006824690560268201
5.38331647858257e-5,5.38331647858257e-5,0.00011424275447566648,0.00011424275447566648,8.172704891162841e-5,8.172704891162841e-5,0.00013065706709439184,0.00013065706709439184,0.00026624092367650426,0.00026624092367650426,0.00043570958384659547,0.00043570958384659547,1.929807625004106e-5,1.929807625004106e-5,0.00045604235859707937,0.00045604235859707937,0.002432100533756698,0.002432100533756698,0.00035684884394502833,0.00035684884394502833,0.0,0.0,0.0,0.0,0.0,0.0,0.0,0.0,0.0002243436714268604,0.0002243436714268604,0.0004701509046311017,0.0004701509046311017,0.0004971136593044517,0.0004971136593044517,0.00039550411685165474,0.00039550411685165474,0.0003381195487233996,0.0003381195487233996,0.0006488836098823489,0.0006488836098823489,0.00047169988747911007,0.00047169988747911007,0.0004736446539288265,0.0004736446539288265,0.0002902508687280692,0.0002902508687280692,0.00024922466877586383,0.00024922466877586383
5.38331647858257e-5,5.38331647858257e-5,0.00011424275447566648,0.00011424275447566648,8.172704891162841e-5,8.172704891162841e-5,0.00013065706709439184,0.00013065706709439184,0.00026624092367650426,0.00026624092367650426,0.00043570958384659547,0.00043570958384659547,1.929807625004106e-5,1.929807625004106e-5,0.00045604235859707937,0.00045604235859707937,0.002432100533756698,0.002432100533756698,0.00035684884394502833,0.00035684884394502833,0.0,0.0,0.0,0.0,0.0,0.0,0.0,0.0,0.0002243436714268604,0.0002243436714268604,0.0004701509046311017,0.0004701509046311017,0.0004971136593044517,0.0004971136593044517,0.00039550411685165474,0.00039550411685165474,0.0003381195487233996,0.0003381195487233996,0.0006488836098823489,0.0006488836098823489,0.00047169988747911007,0.00047169988747911007,0.0004736446539288265,0.0004736446539288265,0.0002902508687280692,0.0002902508687280692,0.00024922466877586383,0.00024922466877586383
2.8328919404285117e-5,2.8328919404285117e-5,7.199803174472554e-5,7.199803174472554e-5,7.245288251236937e-5,7.245288251236937e-5,4.3072046144120545e-5,4.3072046144120545e-5,5.240252930174827e-5,5.240252930174827e-5,0.00012483329753238803,0.00012483329753238803,1.183554422060269e-5,1.183554422060269e-5,6.258362512952687e-5,6.258362512952687e-5,5.994303945168608e-5,5.994303945168608e-5,5.551096004437423e-5,5.551096004437423e-5,0.0,0.0,0.0,0.0,0.0,0.0,0.0,0.0,0.00033768612165255285,0.00033768612165255285,0.0010046170817005692,0.0010046170817005692,0.0012384816201594928,0.0012384816201594928,0.0017034679921182766,0.0017034679921182766,0.0016306751318342916,0.0016306751318342916,0.0017264629992986419,0.0017264629992986419,0.0003833491126791766,0.0003833491126791766,0.00019593030706474904,0.00019593030706474904,0.00020452521360253204,0.00020452521360253204,0.00013861813450993972,0.00013861813450993972
3.437325082194902e-5,3.437325082194902e-5,0.0001096401802962851,0.0001096401802962851,8.42254358315031e-5,8.42254358315031e-5,0.00014554715305850618,0.00014554715305850618,0.0001547645385792766,0.0001547645385792766,0.00019015127656998518,0.00019015127656998518,2.617101775486048e-5,2.617101775486048e-5,0.00013280151000709395,0.00013280151000709395,0.000559002987612682,0.000559002987612682,0.00015451501624623963,0.00015451501624623963,0.0,0.0,0.0,0.0,0.0,0.0,0.0,0.0,0.00026754145071386515,0.00026754145071386515,0.0004237341353852987,0.0004237341353852987,0.0003473240381901971,0.0003473240381901971,0.00041155153407494705,0.00041155153407494705,0.0004342366900223285,0.0004342366900223285,0.0005962638225041027,0.0005962638225041027,0.00028419426782763657,0.00028419426782763657,0.00020406310583202109,0.00020406310583202109,0.00023631037839852258,0.00023631037839852258,0.0001961995903062893,0.0001961995903062893
3.437325082194902e-5,3.437325082194902e-5,0.0001096401802962851,0.0001096401802962851,8.42254358315031e-5,8.42254358315031e-5,0.00014554715305850618,0.00014554715305850618,0.0001547645385792766,0.0001547645385792766,0.00019015127656998518,0.00019015127656998518,2.617101775486048e-5,2.617101775486048e-5,0.00013280151000709395,0.00013280151000709395,0.000559002987612682,0.000559002987612682,0.00015451501624623963,0.00015451501624623963,0.0,0.0,0.0,0.0,0.0,0.0,0.0,0.0,0.00026754145071386515,0.00026754145071386515,0.0004237341353852987,0.0004237341353852987,0.0003473240381901971,0.0003473240381901971,0.00041155153407494705,0.00041155153407494705,0.0004342366900223285,0.0004342366900223285,0.0005962638225041027,0.0005962638225041027,0.00028419426782763657,0.00028419426782763657,0.00020406310583202109,0.00020406310583202109,0.00023631037839852258,0.00023631037839852258,0.0001961995903062893,0.0001961995903062893
5.838489894814853e-6,5.838489894814853e-6,1.1575333996982954e-5,1.1575333996982954e-5,1.199762572540522e-5,1.199762572540522e-5,1.1929860412416811e-5,1.1929860412416811e-5,1.4923255826035289e-5,1.4923255826035289e-5,4.4029146957525475e-5,4.4029146957525475e-5,5.4498797997143454e-6,5.4498797997143454e-6,1.9913080631587653e-5,1.9913080631587653e-5,0.0001101410956746273,0.0001101410956746273,3.0904018525121325e-5,3.0904018525121325e-5,0.0,0.0,0.0,0.0,0.0,0.0,0.0,0.0,5.3679611872307215e-5,5.3679611872307215e-5,0.00011214856387554463,0.00011214856387554463,6.206296978215377e-5,6.206296978215377e-5,9.286540603642857e-5,9.286540603642857e-5,0.0002787750132463452,0.0002787750132463452,0.00017265929895988585,0.00017265929895988585,8.828862742762261e-5,8.828862742762261e-5,5.9298286118519665e-5,5.9298286118519665e-5,4.127202467962181e-5,4.127202467962181e-5,2.370702040681489e-5,2.370702040681489e-5
5.838489894814853e-6,5.838489894814853e-6,1.1575333996982954e-5,1.1575333996982954e-5,1.199762572540522e-5,1.199762572540522e-5,1.1929860412416811e-5,1.1929860412416811e-5,1.4923255826035289e-5,1.4923255826035289e-5,4.4029146957525475e-5,4.4029146957525475e-5,5.4498797997143454e-6,5.4498797997143454e-6,1.9913080631587653e-5,1.9913080631587653e-5,0.0001101410956746273,0.0001101410956746273,3.0904018525121325e-5,3.0904018525121325e-5,0.0,0.0,0.0,0.0,0.0,0.0,0.0,0.0,5.3679611872307215e-5,5.3679611872307215e-5,0.00011214856387554463,0.00011214856387554463,6.206296978215377e-5,6.206296978215377e-5,9.286540603642857e-5,9.286540603642857e-5,0.0002787750132463452,0.0002787750132463452,0.00017265929895988585,0.00017265929895988585,8.828862742762261e-5,8.828862742762261e-5,5.9298286118519665e-5,5.9298286118519665e-5,4.127202467962181e-5,4.127202467962181e-5,2.370702040681489e-5,2.370702040681489e-5
5.838489894814853e-6,5.838489894814853e-6,1.1575333996982954e-5,1.1575333996982954e-5,1.199762572540522e-5,1.199762572540522e-5,1.1929860412416811e-5,1.1929860412416811e-5,1.4923255826035289e-5,1.4923255826035289e-5,4.4029146957525475e-5,4.4029146957525475e-5,5.4498797997143454e-6,5.4498797997143454e-6,1.9913080631587653e-5,1.9913080631587653e-5,0.0001101410956746273,0.0001101410956746273,3.0904018525121325e-5,3.0904018525121325e-5,0.0,0.0,0.0,0.0,0.0,0.0,0.0,0.0,5.3679611872307215e-5,5.3679611872307215e-5,0.00011214856387554463,0.00011214856387554463,6.206296978215377e-5,6.206296978215377e-5,9.286540603642857e-5,9.286540603642857e-5,0.0002787750132463452,0.0002787750132463452,0.00017265929895988585,0.00017265929895988585,8.828862742762261e-5,8.828862742762261e-5,5.9298286118519665e-5,5.9298286118519665e-5,4.127202467962181e-5,4.127202467962181e-5,2.370702040681489e-5,2.370702040681489e-5
5.971834206346897e-5,5.971834206346897e-5,0.00011459080992583335,0.00011459080992583335,7.437714211322444e-5,7.437714211322444e-5,6.178600821479113e-5,6.178600821479113e-5,8.59665929144951e-5,8.59665929144951e-5,0.0002047150872185391,0.0002047150872185391,1.7914114246944538e-5,1.7914114246944538e-5,9.468033870468386e-5,9.468033870468386e-5,0.00031538146984944754,0.00031538146984944754,0.00013531494934080745,0.00013531494934080745,0.0,0.0,0.0,0.0,0.0,0.0,0.0,0.0,6.250375879821371e-5,6.250375879821371e-5,0.00012705918710095854,0.00012705918710095854,0.0001487262299032302,0.0001487262299032302,0.0007320584463916813,0.0007320584463916813,0.0009867951509278175,0.0009867951509278175,0.002055907388522002,0.002055907388522002,0.0005633856407776527,0.0005633856407776527,0.0005589372543004859,0.0005589372543004859,0.00038646028456925524,0.00038646028456925524,0.000376415398597358,0.000376415398597358
5.971834206346897e-5,5.971834206346897e-5,0.00011459080992583335,0.00011459080992583335,7.437714211322444e-5,7.437714211322444e-5,6.178600821479113e-5,6.178600821479113e-5,8.59665929144951e-5,8.59665929144951e-5,0.0002047150872185391,0.0002047150872185391,1.7914114246944538e-5,1.7914114246944538e-5,9.468033870468386e-5,9.468033870468386e-5,0.00031538146984944754,0.00031538146984944754,0.00013531494934080745,0.00013531494934080745,0.0,0.0,0.0,0.0,0.0,0.0,0.0,0.0,6.250375879821371e-5,6.250375879821371e-5,0.00012705918710095854,0.00012705918710095854,0.0001487262299032302,0.0001487262299032302,0.0007320584463916813,0.0007320584463916813,0.0009867951509278175,0.0009867951509278175,0.002055907388522002,0.002055907388522002,0.0005633856407776527,0.0005633856407776527,0.0005589372543004859,0.0005589372543004859,0.00038646028456925524,0.00038646028456925524,0.000376415398597358,0.000376415398597358
1.1839806140821882e-5,1.1839806140821882e-5,1.8795312296556398e-5,1.8795312296556398e-5,1.774076742824121e-5,1.774076742824121e-5,1.2148683302983443e-5,1.2148683302983443e-5,5.834859988897937e-6,5.834859988897937e-6,1.0026121607508028e-5,1.0026121607508028e-5,3.6905688688911617e-6,3.6905688688911617e-6,1.390285418553306e-5,1.390285418553306e-5,9.486448267310857e-5,9.486448267310857e-5,1.0880536988616446e-5,1.0880536988616446e-5,0.0,0.0,0.0,0.0,0.0,0.0,0.0,0.0,4.151176596205175e-5,4.151176596205175e-5,0.00025955149178860486,0.00025955149178860486,0.0003411555270463468,0.0003411555270463468,0.0004374366796350941,0.0004374366796350941,0.000605542457013334,0.000605542457013334,0.001112432481939693,0.001112432481939693,0.00041745072132472194,0.00041745072132472194,0.00022175682259802793,0.00022175682259802793,7.40296423318923e-5,7.40296423318923e-5,5.954412101761468e-5,5.954412101761468e-5
1.1839806140821882e-5,1.1839806140821882e-5,1.8795312296556398e-5,1.8795312296556398e-5,1.774076742824121e-5,1.774076742824121e-5,1.2148683302983443e-5,1.2148683302983443e-5,5.834859988897937e-6,5.834859988897937e-6,1.0026121607508028e-5,1.0026121607508028e-5,3.6905688688911617e-6,3.6905688688911617e-6,1.390285418553306e-5,1.390285418553306e-5,9.486448267310857e-5,9.486448267310857e-5,1.0880536988616446e-5,1.0880536988616446e-5,0.0,0.0,0.0,0.0,0.0,0.0,0.0,0.0,4.151176596205175e-5,4.151176596205175e-5,0.00025955149178860486,0.00025955149178860486,0.0003411555270463468,0.0003411555270463468,0.0004374366796350941,0.0004374366796350941,0.000605542457013334,0.000605542457013334,0.001112432481939693,0.001112432481939693,0.00041745072132472194,0.00041745072132472194,0.00022175682259802793,0.00022175682259802793,7.40296423318923e-5,7.40296423318923e-5,5.954412101761468e-5,5.954412101761468e-5
1.1839806140821882e-5,1.1839806140821882e-5,1.8795312296556398e-5,1.8795312296556398e-5,1.774076742824121e-5,1.774076742824121e-5,1.2148683302983443e-5,1.2148683302983443e-5,5.834859988897937e-6,5.834859988897937e-6,1.0026121607508028e-5,1.0026121607508028e-5,3.6905688688911617e-6,3.6905688688911617e-6,1.390285418553306e-5,1.390285418553306e-5,9.486448267310857e-5,9.486448267310857e-5,1.0880536988616446e-5,1.0880536988616446e-5,0.0,0.0,0.0,0.0,0.0,0.0,0.0,0.0,4.151176596205175e-5,4.151176596205175e-5,0.00025955149178860486,0.00025955149178860486,0.0003411555270463468,0.0003411555270463468,0.0004374366796350941,0.0004374366796350941,0.000605542457013334,0.000605542457013334,0.001112432481939693,0.001112432481939693,0.00041745072132472194,0.00041745072132472194,0.00022175682259802793,0.00022175682259802793,7.40296423318923e-5,7.40296423318923e-5,5.954412101761468e-5,5.954412101761468e-5
1.2663056153102998e-5,1.2663056153102998e-5,1.4100021677984458e-5,1.4100021677984458e-5,1.907680328124689e-5,1.907680328124689e-5,1.70327915106727e-5,1.70327915106727e-5,2.7562369750396172e-5,2.7562369750396172e-5,3.255828085514407e-5,3.255828085514407e-5,4.629272824994393e-6,4.629272824994393e-6,1.866062458295262e-5,1.866062458295262e-5,0.00013499612986708417,0.00013499612986708417,1.219875859170068e-5,1.219875859170068e-5,0.0,0.0,0.0,0.0,0.0,0.0,0.0,0.0,5.173684839974296e-5,5.173684839974296e-5,0.00018699522078445205,0.00018699522078445205,0.00020200299747464429,0.00020200299747464429,0.0002277250053420391,0.0002277250053420391,0.00039688935863330804,0.00039688935863330804,0.0007631799524650089,0.0007631799524650089,0.00021286898363404028,0.00021286898363404028,0.00020118461592955744,0.00020118461592955744,8.272970616846021e-5,8.272970616846021e-5,8.949286623775952e-5,8.949286623775952e-5
1.2663056153102998e-5,1.2663056153102998e-5,1.4100021677984458e-5,1.4100021677984458e-5,1.907680328124689e-5,1.907680328124689e-5,1.70327915106727e-5,1.70327915106727e-5,2.7562369750396172e-5,2.7562369750396172e-5,3.255828085514407e-5,3.255828085514407e-5,4.629272824994393e-6,4.629272824994393e-6,1.866062458295262e-5,1.866062458295262e-5,0.00013499612986708417,0.00013499612986708417,1.219875859170068e-5,1.219875859170068e-5,0.0,0.0,0.0,0.0,0.0,0.0,0.0,0.0,5.173684839974296e-5,5.173684839974296e-5,0.00018699522078445205,0.00018699522078445205,0.00020200299747464429,0.00020200299747464429,0.0002277250053420391,0.0002277250053420391,0.00039688935863330804,0.00039688935863330804,0.0007631799524650089,0.0007631799524650089,0.00021286898363404028,0.00021286898363404028,0.00020118461592955744,0.00020118461592955744,8.272970616846021e-5,8.272970616846021e-5,8.949286623775952e-5,8.949286623775952e-5
4.16468649048346e-5,4.16468649048346e-5,0.00011549196917156907,0.00011549196917156907,8.037756164630538e-5,8.037756164630538e-5,3.155764674404784e-5,3.155764674404784e-5,6.91531883396674e-5,6.91531883396674e-5,0.00015391027120597884,0.00015391027120597884,1.1258177061807483e-5,1.1258177061807483e-5,4.395377980947459e-5,4.395377980947459e-5,0.00033350587484753773,0.00033350587484753773,8.587749084835571e-5,8.587749084835571e-5,0.0,0.0,0.0,0.0,0.0,0.0,0.0,0.0,0.00010996472802338175,0.00010996472802338175,0.0001671241487013423,0.0001671241487013423,0.00011899987834355225,0.00011899987834355225,0.0002609915400640563,0.0002609915400640563,0.00047876667432814393,0.00047876667432814393,0.0007211938931748867,0.0007211938931748867,0.00032162198574905987,0.00032162198574905987,0.00030032839613397186,0.00030032839613397186,0.00027580690878787305,0.00027580690878787305,0.00013816664336461018,0.00013816664336461018
4.16468649048346e-5,4.16468649048346e-5,0.00011549196917156907,0.00011549196917156907,8.037756164630538e-5,8.037756164630538e-5,3.155764674404784e-5,3.155764674404784e-5,6.91531883396674e-5,6.91531883396674e-5,0.00015391027120597884,0.00015391027120597884,1.1258177061807483e-5,1.1258177061807483e-5,4.395377980947459e-5,4.395377980947459e-5,0.00033350587484753773,0.00033350587484753773,8.587749084835571e-5,8.587749084835571e-5,0.0,0.0,0.0,0.0,0.0,0.0,0.0,0.0,0.00010996472802338175,0.00010996472802338175,0.0001671241487013423,0.0001671241487013423,0.00011899987834355225,0.00011899987834355225,0.0002609915400640563,0.0002609915400640563,0.00047876667432814393,0.00047876667432814393,0.0007211938931748867,0.0007211938931748867,0.00032162198574905987,0.00032162198574905987,0.00030032839613397186,0.00030032839613397186,0.00027580690878787305,0.00027580690878787305,0.00013816664336461018,0.00013816664336461018
2.843999744414757e-5,2.843999744414757e-5,5.0179507104502075e-5,5.0179507104502075e-5,2.9359135186146634e-5,2.9359135186146634e-5,3.0654462661875576e-5,3.0654462661875576e-5,5.436560176124393e-5,5.436560176124393e-5,5.30278959199465e-5,5.30278959199465e-5,1.3598984209311138e-5,1.3598984209311138e-5,4.26714081801444e-5,4.26714081801444e-5,0.00033476323648532445,0.00033476323648532445,5.060183800801275e-5,5.060183800801275e-5,0.0,0.0,0.0,0.0,0.0,0.0,0.0,0.0,0.00035763116729486955,0.00035763116729486955,0.0014108448113394484,0.0014108448113394484,0.0023257204295927814,0.0023257204295927814,0.002596238859628036,0.002596238859628036,0.0009965518115996608,0.0009965518115996608,0.0010936437259457393,0.0010936437259457393,0.00045143675369671565,0.00045143675369671565,0.0005107275993744831,0.0005107275993744831,0.00047856683473052747,0.00047856683473052747,0.00013496227794663335,0.00013496227794663335
3.383949244939303e-5,3.383949244939303e-5,9.758580367358934e-5,9.758580367358934e-5,6.308732416182572e-5,6.308732416182572e-5,3.9362321872543626e-5,3.9362321872543626e-5,4.352320704314235e-5,4.352320704314235e-5,0.00011874865036131527,0.00011874865036131527,9.629658007713027e-6,9.629658007713027e-6,0.00014809417196105096,0.00014809417196105096,0.000370480519163191,0.000370480519163191,7.599877659088781e-5,7.599877659088781e-5,0.0,0.0,0.0,0.0,0.0,0.0,0.0,0.0,0.00012411559571251507,0.00012411559571251507,0.0003572191298168749,0.0003572191298168749,0.00022470752981744446,0.00022470752981744446,0.0001467220636682193,0.0001467220636682193,0.00034072312181820767,0.00034072312181820767,0.0007091755249316774,0.0007091755249316774,0.0003158682470977836,0.0003158682470977836,0.00025567531984077574,0.00025567531984077574,0.00024183005487281653,0.00024183005487281653,0.00010528245909690714,0.00010528245909690714
3.383949244939303e-5,3.383949244939303e-5,9.758580367358934e-5,9.758580367358934e-5,6.308732416182572e-5,6.308732416182572e-5,3.9362321872543626e-5,3.9362321872543626e-5,4.352320704314235e-5,4.352320704314235e-5,0.00011874865036131527,0.00011874865036131527,9.629658007713027e-6,9.629658007713027e-6,0.00014809417196105096,0.00014809417196105096,0.000370480519163191,0.000370480519163191,7.599877659088781e-5,7.599877659088781e-5,0.0,0.0,0.0,0.0,0.0,0.0,0.0,0.0,0.00012411559571251507,0.00012411559571251507,0.0003572191298168749,0.0003572191298168749,0.00022470752981744446,0.00022470752981744446,0.0001467220636682193,0.0001467220636682193,0.00034072312181820767,0.00034072312181820767,0.0007091755249316774,0.0007091755249316774,0.0003158682470977836,0.0003158682470977836,0.00025567531984077574,0.00025567531984077574,0.00024183005487281653,0.00024183005487281653,0.00010528245909690714,0.00010528245909690714
2.8853548638103823e-5,2.8853548638103823e-5,8.517780494816593e-5,8.517780494816593e-5,7.633541850723957e-5,7.633541850723957e-5,2.2901682409719095e-5,2.2901682409719095e-5,3.238487137291468e-5,3.238487137291468e-5,8.737846747851937e-5,8.737846747851937e-5,8.692555304913737e-6,8.692555304913737e-6,4.2026942066594134e-5,4.2026942066594134e-5,0.00019618038586039204,0.00019618038586039204,8.081978312475709e-5,8.081978312475709e-5,0.0,0.0,0.0,0.0,0.0,0.0,0.0,0.0,0.00010981198661373648,0.00010981198661373648,0.0002294658521651699,0.0002294658521651699,0.00011446446971496646,0.00011446446971496646,0.00014639264037296772,0.00014639264037296772,0.0003774585738631174,0.0003774585738631174,0.0005041470143199098,0.0005041470143199098,0.00022036825064454535,0.00022036825064454535,0.0001994103707781622,0.0001994103707781622,0.00013683209775781392,0.00013683209775781392,9.499213517471464e-5,9.499213517471464e-5
2.8853548638103823e-5,2.8853548638103823e-5,8.517780494816593e-5,8.517780494816593e-5,7.633541850723957e-5,7.633541850723957e-5,2.2901682409719095e-5,2.2901682409719095e-5,3.238487137291468e-5,3.238487137291468e-5,8.737846747851937e-5,8.737846747851937e-5,8.692555304913737e-6,8.692555304913737e-6,4.2026942066594134e-5,4.2026942066594134e-5,0.00019618038586039204,0.00019618038586039204,8.081978312475709e-5,8.081978312475709e-5,0.0,0.0,0.0,0.0,0.0,0.0,0.0,0.0,0.00010981198661373648,0.00010981198661373648,0.0002294658521651699,0.0002294658521651699,0.00011446446971496646,0.00011446446971496646,0.00014639264037296772,0.00014639264037296772,0.0003774585738631174,0.0003774585738631174,0.0005041470143199098,0.0005041470143199098,0.00022036825064454535,0.00022036825064454535,0.0001994103707781622,0.0001994103707781622,0.00013683209775781392,0.00013683209775781392,9.499213517471464e-5,9.499213517471464e-5
2.633377817592487e-5,2.633377817592487e-5,0.0001234151812924949,0.0001234151812924949,5.263052311818561e-5,5.263052311818561e-5,1.59529595834592e-5,1.59529595834592e-5,5.002747449095717e-5,5.002747449095717e-5,0.00010525126014690814,0.00010525126014690814,5.584518832477841e-6,5.584518832477841e-6,3.256472094671607e-5,3.256472094671607e-5,0.00028712756386183556,0.00028712756386183556,6.834055615216085e-5,6.834055615216085e-5,0.0,0.0,0.0,0.0,0.0,0.0,0.0,0.0,0.00010036760052161559,0.00010036760052161559,0.00016265157952753857,0.00016265157952753857,0.00012623290638932513,0.00012623290638932513,0.00016931368783472227,0.00016931368783472227,0.00029060201147264667,0.00029060201147264667,0.000645047684506208,0.000645047684506208,0.00022536900987363273,0.00022536900987363273,0.00020861982182891585,0.00020861982182891585,0.00015788255055779014,0.00015788255055779014,8.678662523574528e-5,8.678662523574528e-5
2.633377817592487e-5,2.633377817592487e-5,0.0001234151812924949,0.0001234151812924949,5.263052311818561e-5,5.263052311818561e-5,1.59529595834592e-5,1.59529595834592e-5,5.002747449095717e-5,5.002747449095717e-5,0.00010525126014690814,0.00010525126014690814,5.584518832477841e-6,5.584518832477841e-6,3.256472094671607e-5,3.256472094671607e-5,0.00028712756386183556,0.00028712756386183556,6.834055615216085e-5,6.834055615216085e-5,0.0,0.0,0.0,0.0,0.0,0.0,0.0,0.0,0.00010036760052161559,0.00010036760052161559,0.00016265157952753857,0.00016265157952753857,0.00012623290638932513,0.00012623290638932513,0.00016931368783472227,0.00016931368783472227,0.00029060201147264667,0.00029060201147264667,0.000645047684506208,0.000645047684506208,0.00022536900987363273,0.00022536900987363273,0.00020861982182891585,0.00020861982182891585,0.00015788255055779014,0.00015788255055779014,8.678662523574528e-5,8.678662523574528e-5
8.301441443903188e-5,8.301441443903188e-5,0.0002417238267794202,0.0002417238267794202,0.00023133195336055845,0.00023133195336055845,9.67859157501999e-5,9.67859157501999e-5,0.00016602776360194818,0.00016602776360194818,0.00029222462941950154,0.00029222462941950154,5.071492511832688e-5,5.071492511832688e-5,0.0001738099675344367,0.0001738099675344367,0.0008957326414562802,0.0008957326414562802,0.00029489456253225035,0.00029489456253225035,0.0,0.0,0.0,0.0,0.0,0.0,0.0,0.0,0.00039635209635197066,0.00039635209635197066,0.0005243994606559874,0.0005243994606559874,0.00023653506956048537,0.00023653506956048537,0.0003249012342598327,0.0003249012342598327,0.0007921432612222404,0.0007921432612222404,0.002046844205410292,0.002046844205410292,0.0007639742433424024,0.0007639742433424024,0.0007504657010537763,0.0007504657010537763,0.0004969277971451115,0.0004969277971451115,0.00027951195090741496,0.00027951195090741496
8.900366147996525e-5,8.900366147996525e-5,0.0002284342718051821,0.0002284342718051821,0.00020883265019389086,0.00020883265019389086,0.0003544697066762345,0.0003544697066762345,0.0003381698640642014,0.0003381698640642014,0.000389548007814159,0.000389548007814159,8.019135466167965e-5,8.019135466167965e-5,0.00014611782321238484,0.00014611782321238484,0.0011929212880029752,0.0011929212880029752,0.00026691200980761935,0.00026691200980761935,0.0,0.0,0.0,0.0,0.0,0.0,0.0,0.0,0.0005171170521327262,0.0005171170521327262,0.0012476224580694473,0.0012476224580694473,0.0010068909459321485,0.0010068909459321485,0.0008505021453404163,0.0008505021453404163,0.0006980199817989245,0.0006980199817989245,0.0011998927620359215,0.0011998927620359215,0.0003132927554680698,0.0003132927554680698,0.0002172631409704997,0.0002172631409704997,0.0003360368938778481,0.0003360368938778481,0.0003908672057269108,0.0003908672057269108
4.7789447620145715e-5,4.7789447620145715e-5,9.194012060817231e-5,9.194012060817231e-5,0.00016523175080690455,0.00016523175080690455,0.00013215066037833983,0.00013215066037833983,0.00013601111617769432,0.00013601111617769432,0.00029170950256075454,0.00029170950256075454,3.529546616543207e-5,3.529546616543207e-5,0.00010415798755963879,0.00010415798755963879,0.0011358648994878873,0.0011358648994878873,0.0005455866327884508,0.0005455866327884508,0.0,0.0,0.0,0.0,0.0,0.0,0.0,0.0,0.0002079777531049376,0.0002079777531049376,0.0003608540479960176,0.0003608540479960176,0.0002309823886754575,0.0002309823886754575,6.89260656482585e-5,6.89260656482585e-5,0.00017961493326599555,0.00017961493326599555,0.0005395401446572044,0.0005395401446572044,0.00024775457629341857,0.00024775457629341857,0.00013192233483450347,0.00013192233483450347,0.00013987302113648882,0.00013987302113648882,0.00013899409658934582,0.00013899409658934582
4.7789447620145715e-5,4.7789447620145715e-5,9.194012060817231e-5,9.194012060817231e-5,0.00016523175080690455,0.00016523175080690455,0.00013215066037833983,0.00013215066037833983,0.00013601111617769432,0.00013601111617769432,0.00029170950256075454,0.00029170950256075454,3.529546616543207e-5,3.529546616543207e-5,0.00010415798755963879,0.00010415798755963879,0.0011358648994878873,0.0011358648994878873,0.0005455866327884508,0.0005455866327884508,0.0,0.0,0.0,0.0,0.0,0.0,0.0,0.0,0.0002079777531049376,0.0002079777531049376,0.0003608540479960176,0.0003608540479960176,0.0002309823886754575,0.0002309823886754575,6.89260656482585e-5,6.89260656482585e-5,0.00017961493326599555,0.00017961493326599555,0.0005395401446572044,0.0005395401446572044,0.00024775457629341857,0.00024775457629341857,0.00013192233483450347,0.00013192233483450347,0.00013987302113648882,0.00013987302113648882,0.00013899409658934582,0.00013899409658934582
0.00014943601585348971,0.00014943601585348971,0.0004885572420448465,0.0004885572420448465,0.00018021860301403736,0.00018021860301403736,0.00017708166918697227,0.00017708166918697227,0.00030574475683191327,0.00030574475683191327,0.0006616975735551471,0.0006616975735551471,7.629785836476069e-5,7.629785836476069e-5,0.0001322059824981816,0.0001322059824981816,0.0016773936405121564,0.0016773936405121564,0.0008243348811669202,0.0008243348811669202,0.0,0.0,0.0,0.0,0.0,0.0,0.0,0.0,0.00026667150782064275,0.00026667150782064275,0.0003951503154394666,0.0003951503154394666,0.00020542288079541948,0.00020542288079541948,0.00012713084607746984,0.00012713084607746984,0.0006710810297211843,0.0006710810297211843,0.0006435330771274728,0.0006435330771274728,0.0005346041336300733,0.0005346041336300733,0.00028336892568076207,0.00028336892568076207,0.000657810551087129,0.000657810551087129,0.00038564540158281604,0.00038564540158281604
5.144259279703462e-5,5.144259279703462e-5,6.145380915073897e-5,6.145380915073897e-5,6.622276821560691e-5,6.622276821560691e-5,9.184756597804648e-5,9.184756597804648e-5,0.00012283942774845777,0.00012283942774845777,0.0002909455695477344,0.0002909455695477344,4.4582396707454255e-5,4.4582396707454255e-5,6.239754395167326e-5,6.239754395167326e-5,0.0012961590726851685,0.0012961590726851685,0.0005150078204744987,0.0005150078204744987,0.0,0.0,0.0,0.0,0.0,0.0,0.0,0.0,0.0005884699915134628,0.0005884699915134628,0.0015334203960819248,0.0015334203960819248,0.0008792230929978717,0.0008792230929978717,0.0010187953439036723,0.0010187953439036723,0.0011572238621148506,0.0011572238621148506,0.002941223070196189,0.002941223070196189,0.0025132557159273095,0.0025132557159273095,0.00129804263988674,0.00129804263988674,0.0010666525047038772,0.0010666525047038772,0.00017357688846388226,0.00017357688846388226
5.401152518276064e-5,5.401152518276064e-5,0.00016063239373446166,0.00016063239373446166,0.00015411316908381378,0.00015411316908381378,0.0001806840019977808,0.0001806840019977808,0.00031271349262929765,0.00031271349262929765,0.0005517029750481788,0.0005517029750481788,5.9654576283997215e-5,5.9654576283997215e-5,0.0003672110925531831,0.0003672110925531831,0.002076075589487539,0.002076075589487539,0.000738067677664149,0.000738067677664149,0.0,0.0,0.0,0.0,0.0,0.0,0.0,0.0,0.000289940776416614,0.000289940776416614,0.0004897554865912999,0.0004897554865912999,0.0003440578847180298,0.0003440578847180298,0.00028377834957279795,0.00028377834957279795,0.0002615976493970749,0.0002615976493970749,0.0007277617148231455,0.0007277617148231455,0.0004499366239165692,0.0004499366239165692,0.0001732189930668121,0.0001732189930668121,0.00017677779977983386,0.00017677779977983386,0.0001852342830494496,0.0001852342830494496
3.311159901182707e-5,3.311159901182707e-5,2.550677364247648e-5,2.550677364247648e-5,2.8543759166888005e-5,2.8543759166888005e-5,2.7494505663001358e-5,2.7494505663001358e-5,2.4591591858033092e-5,2.4591591858033092e-5,3.1289050698797474e-5,3.1289050698797474e-5,7.774222355355262e-6,7.774222355355262e-6,1.1792284141698178e-5,1.1792284141698178e-5,9.545688161684881e-5,9.545688161684881e-5,1.2628783298940889e-5,1.2628783298940889e-5,0.0,0.0,0.0,0.0,0.0,0.0,0.0,0.0,0.00010056520860476231,0.00010056520860476231,0.0005058763566196875,0.0005058763566196875,0.0009200394419358049,0.0009200394419358049,0.0008038526493088921,0.0008038526493088921,0.0007391557172736242,0.0007391557172736242,0.0010278685878830143,0.0010278685878830143,0.00033207040750672656,0.00033207040750672656,0.0002659619009666575,0.0002659619009666575,0.0003201761497750536,0.0003201761497750536,0.0001819748952589812,0.0001819748952589812
3.311159901182707e-5,3.311159901182707e-5,2.550677364247648e-5,2.550677364247648e-5,2.8543759166888005e-5,2.8543759166888005e-5,2.7494505663001358e-5,2.7494505663001358e-5,2.4591591858033092e-5,2.4591591858033092e-5,3.1289050698797474e-5,3.1289050698797474e-5,7.774222355355262e-6,7.774222355355262e-6,1.1792284141698178e-5,1.1792284141698178e-5,9.545688161684881e-5,9.545688161684881e-5,1.2628783298940889e-5,1.2628783298940889e-5,0.0,0.0,0.0,0.0,0.0,0.0,0.0,0.0,0.00010056520860476231,0.00010056520860476231,0.0005058763566196875,0.0005058763566196875,0.0009200394419358049,0.0009200394419358049,0.0008038526493088921,0.0008038526493088921,0.0007391557172736242,0.0007391557172736242,0.0010278685878830143,0.0010278685878830143,0.00033207040750672656,0.00033207040750672656,0.0002659619009666575,0.0002659619009666575,0.0003201761497750536,0.0003201761497750536,0.0001819748952589812,0.0001819748952589812
9.692874057640275e-5,9.692874057640275e-5,0.00012708448322507754,0.00012708448322507754,0.00016244976327733918,0.00016244976327733918,8.694978482586338e-5,8.694978482586338e-5,0.00010324898442580846,0.00010324898442580846,7.882419762812037e-5,7.882419762812037e-5,2.2333111148375908e-5,2.2333111148375908e-5,6.332579571591192e-5,6.332579571591192e-5,0.00040593217349318284,0.00040593217349318284,0.00016945585137170815,0.00016945585137170815,0.0,0.0,0.0,0.0,0.0,0.0,0.0,0.0,0.0006289182144804673,0.0006289182144804673,0.0008847072692281036,0.0008847072692281036,0.0011944558663195548,0.0011944558663195548,0.00186355014285014,0.00186355014285014,0.001444873528034657,0.001444873528034657,0.002662822015773586,0.002662822015773586,0.0003869693886965203,0.0003869693886965203,0.0005215962672377311,0.0005215962672377311,0.0006451926259012086,0.0006451926259012086,0.0003176848801891667,0.0003176848801891667
3.45895328147884e-5,3.45895328147884e-5,6.292867778499031e-5,6.292867778499031e-5,4.141207342585329e-5,4.141207342585329e-5,2.6424669272575012e-5,2.6424669272575012e-5,5.623136944118631e-5,5.623136944118631e-5,0.00010941882248182919,0.00010941882248182919,1.000804648076763e-5,1.000804648076763e-5,5.343108657853649e-5,5.343108657853649e-5,6.656938670110933e-5,6.656938670110933e-5,5.395061030514072e-5,5.395061030514072e-5,0.0,0.0,0.0,0.0,0.0,0.0,0.0,0.0,0.00015147563397324704,0.00015147563397324704,0.0005281053202769656,0.0005281053202769656,0.0006674082127465508,0.0006674082127465508,0.0007290010581814804,0.0007290010581814804,0.0009295047167061365,0.0009295047167061365,0.0010944411597845968,0.0010944411597845968,0.00042509807671703426,0.00042509807671703426,0.00024594647514227484,0.00024594647514227484,0.0002462663770932648,0.0002462663770932648,0.00016004102284166745,0.00016004102284166745
3.45895328147884e-5,3.45895328147884e-5,6.292867778499031e-5,6.292867778499031e-5,4.141207342585329e-5,4.141207342585329e-5,2.6424669272575012e-5,2.6424669272575012e-5,5.623136944118631e-5,5.623136944118631e-5,0.00010941882248182919,0.00010941882248182919,1.000804648076763e-5,1.000804648076763e-5,5.343108657853649e-5,5.343108657853649e-5,6.656938670110933e-5,6.656938670110933e-5,5.395061030514072e-5,5.395061030514072e-5,0.0,0.0,0.0,0.0,0.0,0.0,0.0,0.0,0.00015147563397324704,0.00015147563397324704,0.0005281053202769656,0.0005281053202769656,0.0006674082127465508,0.0006674082127465508,0.0007290010581814804,0.0007290010581814804,0.0009295047167061365,0.0009295047167061365,0.0010944411597845968,0.0010944411597845968,0.00042509807671703426,0.00042509807671703426,0.00024594647514227484,0.00024594647514227484,0.0002462663770932648,0.0002462663770932648,0.00016004102284166745,0.00016004102284166745
4.886824338593866e-5,4.886824338593866e-5,0.00011907811050245517,0.00011907811050245517,9.499506362137256e-5,9.499506362137256e-5,6.484200971866756e-5,6.484200971866756e-5,6.95760660106709e-5,6.95760660106709e-5,0.00018442733670172816,0.00018442733670172816,2.1183124294982432e-5,2.1183124294982432e-5,9.167651296086536e-5,9.167651296086536e-5,0.0004239655755035182,0.0004239655755035182,0.00013646096882813114,0.00013646096882813114,0.0,0.0,0.0,0.0,0.0,0.0,0.0,0.0,0.00013017401646665122,0.00013017401646665122,0.00031653442261922807,0.00031653442261922807,7.111524751174728e-5,7.111524751174728e-5,0.0002677551253511441,0.0002677551253511441,0.0002700570322358275,0.0002700570322358275,0.0007805539764609015,0.0007805539764609015,0.00027508723435092086,0.00027508723435092086,0.00029781859074275163,0.00029781859074275163,0.00023191967642038208,0.00023191967642038208,0.00016773354870420858,0.00016773354870420858
4.886824338593866e-5,4.886824338593866e-5,0.00011907811050245517,0.00011907811050245517,9.499506362137256e-5,9.499506362137256e-5,6.484200971866756e-5,6.484200971866756e-5,6.95760660106709e-5,6.95760660106709e-5,0.00018442733670172816,0.00018442733670172816,2.1183124294982432e-5,2.1183124294982432e-5,9.167651296086536e-5,9.167651296086536e-5,0.0004239655755035182,0.0004239655755035182,0.00013646096882813114,0.00013646096882813114,0.0,0.0,0.0,0.0,0.0,0.0,0.0,0.0,0.00013017401646665122,0.00013017401646665122,0.00031653442261922807,0.00031653442261922807,7.111524751174728e-5,7.111524751174728e-5,0.0002677551253511441,0.0002677551253511441,0.0002700570322358275,0.0002700570322358275,0.0007805539764609015,0.0007805539764609015,0.00027508723435092086,0.00027508723435092086,0.00029781859074275163,0.00029781859074275163,0.00023191967642038208,0.00023191967642038208,0.00016773354870420858,0.00016773354870420858
4.079450079950498e-5,4.079450079950498e-5,0.00011405657089727603,0.00011405657089727603,6.116672174197313e-5,6.116672174197313e-5,2.3835527227262544e-5,2.3835527227262544e-5,7.011949988334869e-5,7.011949988334869e-5,0.00013931363558851006,0.00013931363558851006,9.9463895514068e-6,9.9463895514068e-6,4.816117888260937e-5,4.816117888260937e-5,0.0004413945051134384,0.0004413945051134384,0.00010464602129192906,0.00010464602129192906,0.0,0.0,0.0,0.0,0.0,0.0,0.0,0.0,0.00010811533672296786,0.00010811533672296786,0.00021048270949286518,0.00021048270949286518,0.00016829499987072033,0.00016829499987072033,0.00029292231749717713,0.00029292231749717713,0.0004159997043960695,0.0004159997043960695,0.0008306434183005806,0.0008306434183005806,0.00036591360267977657,0.00036591360267977657,0.00025354629732784843,0.00025354629732784843,0.0003221888733200926,0.0003221888733200926,0.0001803348122710463,0.0001803348122710463
4.079450079950498e-5,4.079450079950498e-5,0.00011405657089727603,0.00011405657089727603,6.116672174197313e-5,6.116672174197313e-5,2.3835527227262544e-5,2.3835527227262544e-5,7.011949988334869e-5,7.011949988334869e-5,0.00013931363558851006,0.00013931363558851006,9.9463895514068e-6,9.9463895514068e-6,4.816117888260937e-5,4.816117888260937e-5,0.0004413945051134384,0.0004413945051134384,0.00010464602129192906,0.00010464602129192906,0.0,0.0,0.0,0.0,0.0,0.0,0.0,0.0,0.00010811533672296786,0.00010811533672296786,0.00021048270949286518,0.00021048270949286518,0.00016829499987072033,0.00016829499987072033,0.00029292231749717713,0.00029292231749717713,0.0004159997043960695,0.0004159997043960695,0.0008306434183005806,0.0008306434183005806,0.00036591360267977657,0.00036591360267977657,0.00025354629732784843,0.00025354629732784843,0.0003221888733200926,0.0003221888733200926,0.0001803348122710463,0.0001803348122710463
3.8681785937468146e-5,3.8681785937468146e-5,5.204118825916874e-5,5.204118825916874e-5,6.161564071002767e-5,6.161564071002767e-5,2.2140792889586806e-5,2.2140792889586806e-5,3.249676127304972e-5,3.249676127304972e-5,0.00015211318118399028,0.00015211318118399028,1.6550439018458464e-5,1.6550439018458464e-5,8.758635112635863e-5,8.758635112635863e-5,0.002584054414747225,0.002584054414747225,0.0006238051704813563,0.0006238051704813563,0.0,0.0,0.0,0.0,0.0,0.0,0.0,0.0,0.0005191355494142957,0.0005191355494142957,0.0013077511208339776,0.0013077511208339776,0.0008866830379867519,0.0008866830379867519,0.0017423723121429008,0.0017423723121429008,0.0018893249443928395,0.0018893249443928395,0.007108730833312038,0.007108730833312038,0.0011476664668023662,0.0011476664668023662,0.0007422257745737584,0.0007422257745737584,0.0003226620135564264,0.0003226620135564264,0.00018896603066797212,0.00018896603066797212
7.746839131584455e-5,7.746839131584455e-5,0.00032133723376085235,0.00032133723376085235,0.00023032710530634937,0.00023032710530634937,0.0004845025881966142,0.0004845025881966142,0.0003868369070808217,0.0003868369070808217,0.0005370053048874002,0.0005370053048874002,5.19157525048536e-5,5.19157525048536e-5,0.00029398601526469184,0.00029398601526469184,0.0017713252564535986,0.0017713252564535986,0.0004043494036787554,0.0004043494036787554,0.0,0.0,0.0,0.0,0.0,0.0,0.0,0.0,0.0005269920365906233,0.0005269920365906233,0.001176076062201492,0.001176076062201492,0.0009067941675475755,0.0009067941675475755,0.0007531230936818276,0.0007531230936818276,0.0009475579044702226,0.0009475579044702226,0.00107521044138522,0.00107521044138522,0.00036946114102061334,0.00036946114102061334,0.0004520566622198442,0.0004520566622198442,0.0004655944937917572,0.0004655944937917572,0.00030092095694976735,0.00030092095694976735
2.8459619651224205e-5,2.8459619651224205e-5,5.098124473837265e-5,5.098124473837265e-5,3.690962333302572e-5,3.690962333302572e-5,4.022034754744535e-5,4.022034754744535e-5,6.659413924305253e-5,6.659413924305253e-5,8.793429374367003e-5,8.793429374367003e-5,1.347886269857212e-5,1.347886269857212e-5,5.985296005177852e-5,5.985296005177852e-5,0.0003101351316140491,0.0003101351316140491,5.2637068193198393e-5,5.2637068193198393e-5,0.0,0.0,0.0,0.0,0.0,0.0,0.0,0.0,0.00010713734871382885,0.00010713734871382885,0.0005398198525003936,0.0005398198525003936,0.0004677400700558443,0.0004677400700558443,0.0005523368154026626,0.0005523368154026626,0.001041642798227417,0.001041642798227417,0.002212679798212075,0.002212679798212075,0.0005866754156610421,0.0005866754156610421,0.000332488517733584,0.000332488517733584,0.00018655726970858832,0.00018655726970858832,0.00015655580803094343,0.00015655580803094343
8.270948427700243e-5,8.270948427700243e-5,0.0001517513382820468,0.0001517513382820468,0.0001434665891527076,0.0001434665891527076,7.583824763136328e-5,7.583824763136328e-5,0.00014551459001444986,0.00014551459001444986,0.0003385215343851538,0.0003385215343851538,2.9552128232455867e-5,2.9552128232455867e-5,9.298057825499629e-5,9.298057825499629e-5,0.0002387536328829678,0.0002387536328829678,5.478893508987885e-5,5.478893508987885e-5,0.0,0.0,0.0,0.0,0.0,0.0,0.0,0.0,0.00028047970122008214,0.00028047970122008214,0.001091840729694829,0.001091840729694829,0.0010909200764619986,0.0010909200764619986,0.0010069629737376115,0.0010069629737376115,0.0016468280566608873,0.0016468280566608873,0.0018256110065904135,0.0018256110065904135,0.0006853836838416894,0.0006853836838416894,0.0006191665089102655,0.0006191665089102655,0.0005326954519670572,0.0005326954519670572,0.0003045641076888997,0.0003045641076888997
0.0001617925022270629,0.0001617925022270629,0.0004362799898079972,0.0004362799898079972,0.00016423926452546755,0.00016423926452546755,0.00016565137763917617,0.00016565137763917617,0.00021460289084049636,0.00021460289084049636,0.0004560170293447553,0.0004560170293447553,2.883406919335649e-5,2.883406919335649e-5,0.0001834292331751291,0.0001834292331751291,0.0011598978561361897,0.0011598978561361897,0.0006381648012267066,0.0006381648012267066,0.0,0.0,0.0,0.0,0.0,0.0,0.0,0.0,0.0002809226237227569,0.0002809226237227569,0.00035163937088236383,0.00035163937088236383,0.00010452704232743679,0.00010452704232743679,0.00011913737397414598,0.00011913737397414598,0.0005057502700689213,0.0005057502700689213,0.0013180150609179084,0.0013180150609179084,0.000528355025020244,0.000528355025020244,0.0004993658164040467,0.0004993658164040467,0.0005670778280243323,0.0005670778280243323,0.00041699005443836604,0.00041699005443836604
9.662975946902064e-5,9.662975946902064e-5,0.00023543175359568187,0.00023543175359568187,0.0003707591735714333,0.0003707591735714333,0.00015543940688199712,0.00015543940688199712,0.0002941044228067166,0.0002941044228067166,0.0005393753861447463,0.0005393753861447463,6.229688211664263e-5,6.229688211664263e-5,0.0007998358902159414,0.0007998358902159414,0.004112032121880854,0.004112032121880854,0.0003060709012625007,0.0003060709012625007,0.0,0.0,0.0,0.0,0.0,0.0,0.0,0.0,0.0004947276246834442,0.0004947276246834442,0.0009823292743916731,0.0009823292743916731,0.0005719653326989177,0.0005719653326989177,0.0006280244407670874,0.0006280244407670874,0.0009961201576391687,0.0009961201576391687,0.0014321499136868074,0.0014321499136868074,0.001663179862318842,0.001663179862318842,0.0008667400523128185,0.0008667400523128185,0.0009481722879230367,0.0009481722879230367,0.0004317175164143157,0.0004317175164143157
5.55906412810247e-5,5.55906412810247e-5,7.526477890287689e-5,7.526477890287689e-5,8.23137884952696e-5,8.23137884952696e-5,4.980025040839456e-5,4.980025040839456e-5,6.869623583064671e-5,6.869623583064671e-5,7.600429579494774e-5,7.600429579494774e-5,1.5503624856138013e-5,1.5503624856138013e-5,5.5483232754927145e-5,5.5483232754927145e-5,0.0003426543444394626,0.0003426543444394626,0.00010850937549056455,0.00010850937549056455,0.0,0.0,0.0,0.0,0.0,0.0,0.0,0.0,0.00018038229867814448,0.00018038229867814448,0.000756046528266989,0.000756046528266989,0.00094352400073347,0.00094352400073347,0.0014499931892009432,0.0014499931892009432,0.0018738127990299697,0.0018738127990299697,0.0020885363615469332,0.0020885363615469332,0.0007270728497206225,0.0007270728497206225,0.0007029985343464731,0.0007029985343464731,0.0006862904188060272,0.0006862904188060272,0.00028960761508745395,0.00028960761508745395
7.670165490439827e-5,7.670165490439827e-5,0.00019675525016816207,0.00019675525016816207,0.00015885302595813888,0.00015885302595813888,6.321410140914217e-5,6.321410140914217e-5,0.00010419760006294063,0.00010419760006294063,0.0003342024557857759,0.0003342024557857759,2.495462227514872e-5,2.495462227514872e-5,0.00016487377629536074,0.00016487377629536074,0.0007744920597155674,0.0007744920597155674,0.00016599104453832343,0.00016599104453832343,0.0,0.0,0.0,0.0,0.0,0.0,0.0,0.0,0.00023923116389366894,0.00023923116389366894,0.0004371057422607877,0.0004371057422607877,0.00025968097585207794,0.00025968097585207794,0.000803650756338356,0.000803650756338356,0.0007672504277581385,0.0007672504277581385,0.0007888524021522,0.0007888524021522,0.0005631909701325488,0.0005631909701325488,0.0002060286553458874,0.0002060286553458874,0.0003989150368277853,0.0003989150368277853,0.0002513597540221117,0.0002513597540221117
0.00015268823344018623,0.00015268823344018623,0.000384113192727336,0.000384113192727336,0.0004881871224455825,0.0004881871224455825,0.00042393374057620586,0.00042393374057620586,0.0003879913038587826,0.0003879913038587826,0.0007396322026755053,0.0007396322026755053,7.126056181722129e-5,7.126056181722129e-5,0.0004669351863086091,0.0004669351863086091,0.0026465410664332223,0.0026465410664332223,0.0006074834759477524,0.0006074834759477524,0.0,0.0,0.0,0.0,0.0,0.0,0.0,0.0,0.0003657436784764434,0.0003657436784764434,0.0007096000468484118,0.0007096000468484118,0.0005716169700347162,0.0005716169700347162,0.0003077392312198779,0.0003077392312198779,0.0001473591968636969,0.0001473591968636969,0.0007770212310180546,0.0007770212310180546,0.0005843987640742898,0.0005843987640742898,0.0002537754496143192,0.0002537754496143192,0.0003459710811432558,0.0003459710811432558,0.0003797135916400046,0.0003797135916400046
3.2764633700252876e-5,3.2764633700252876e-5,3.8939091307522945e-5,3.8939091307522945e-5,8.960871233271162e-5,8.960871233271162e-5,5.994688681829584e-5,5.994688681829584e-5,7.42409279866317e-5,7.42409279866317e-5,0.00012490557171484715,0.00012490557171484715,4.352063751429701e-5,4.352063751429701e-5,0.00012438251199441488,0.00012438251199441488,0.0005554892734420634,0.0005554892734420634,8.808692653999774e-5,8.808692653999774e-5,0.0,0.0,0.0,0.0,0.0,0.0,0.0,0.0,0.0001105973805730423,0.0001105973805730423,0.000506998741204908,0.000506998741204908,0.0005945728150187901,0.0005945728150187901,0.0005191697471234602,0.0005191697471234602,0.0013281843552130287,0.0013281843552130287,0.004239538958410727,0.004239538958410727,0.001008200376505397,0.001008200376505397,0.00043499823770384166,0.00043499823770384166,0.0002501066267723631,0.0002501066267723631,0.0002357095632395858,0.0002357095632395858
0.00013832471014727302,0.00013832471014727302,0.00019084041246817535,0.00019084041246817535,0.00016718710270857695,0.00016718710270857695,0.0002733548037004638,0.0002733548037004638,0.0005865604166659794,0.0005865604166659794,0.0008881222183014514,0.0008881222183014514,9.290476579473708e-5,9.290476579473708e-5,0.0015687461318652368,0.0015687461318652368,0.004453121652847447,0.004453121652847447,0.0006528417067352479,0.0006528417067352479,0.0,0.0,0.0,0.0,0.0,0.0,0.0,0.0,0.0006284527693944941,0.0006284527693944941,0.001043182514138298,0.001043182514138298,0.0007962172928319688,0.0007962172928319688,0.0007242268966252061,0.0007242268966252061,0.0009849086851488817,0.0009849086851488817,0.0021722651608079013,0.0021722651608079013,0.0011597860963503126,0.0011597860963503126,0.0011124710263585233,0.0011124710263585233,0.00062744019970188,0.00062744019970188,0.0005181951294903411,0.0005181951294903411
0.00011853176036563055,0.00011853176036563055,0.0002859279762954768,0.0002859279762954768,0.00018711176297409038,0.00018711176297409038,0.00022001443759799705,0.00022001443759799705,0.000306201338468641,0.000306201338468641,0.0005368921594710828,0.0005368921594710828,8.349833934398043e-5,8.349833934398043e-5,0.00010840028616784098,0.00010840028616784098,0.0016849344644599001,0.0016849344644599001,0.0006012758324922748,0.0006012758324922748,0.0,0.0,0.0,0.0,0.0,0.0,0.0,0.0,0.00026738371149755136,0.00026738371149755136,0.0003236046615693114,0.0003236046615693114,0.00018709835158584043,0.00018709835158584043,0.00018781696986041804,0.00018781696986041804,0.0006109025545606404,0.0006109025545606404,0.0007526580534191092,0.0007526580534191092,0.0005279692012687964,0.0005279692012687964,0.0003097861793930068,0.0003097861793930068,0.0005297121065007404,0.0005297121065007404,0.00047678192545277595,0.00047678192545277595
0.00035716185581409834,0.00035716185581409834,0.00025133162967341284,0.00025133162967341284,0.01114060055784094,0.01114060055784094,0.0009641865116996329,0.0009641865116996329,0.000463891575034632,0.000463891575034632,0.0009361173947274384,0.0009361173947274384,0.00016249287250368755,0.00016249287250368755,0.0002575333695990431,0.0002575333695990431,0.0009331329750655593,0.0009331329750655593,7.842191290477474e-5,7.842191290477474e-5,0.0,0.0,0.0,0.0,0.0,0.0,0.0,0.0,0.0005418546373839594,0.0005418546373839594,0.0011059625608676737,0.0011059625608676737,0.002165477453751119,0.002165477453751119,0.0011847125809820933,0.0011847125809820933,0.0014753032597778284,0.0014753032597778284,0.0028357205148855924,0.0028357205148855924,0.008506833426024762,0.008506833426024762,0.005663796782665043,0.005663796782665043,0.004031291594395525,0.004031291594395525,0.0027357960522045033,0.0027357960522045033
0.0001018393417870668,0.0001018393417870668,0.0003149235122593252,0.0003149235122593252,0.0004275491075880211,0.0004275491075880211,0.00019233674523672778,0.00019233674523672778,0.00030379596674010717,0.00030379596674010717,0.000593057601011842,0.000593057601011842,7.051617162149183e-5,7.051617162149183e-5,0.0008314950793208986,0.0008314950793208986,0.005056767030706177,0.005056767030706177,0.00038461112686299925,0.00038461112686299925,0.0,0.0,0.0,0.0,0.0,0.0,0.0,0.0,0.0005094518771012746,0.0005094518771012746,0.0011274838521883879,0.0011274838521883879,0.0004742170720641453,0.0004742170720641453,0.0006757026801529897,0.0006757026801529897,0.0014101313958341313,0.0014101313958341313,0.001681578707843634,0.001681578707843634,0.002472223324785472,0.002472223324785472,0.000976861812283611,0.000976861812283611,0.0011656386832795754,0.0011656386832795754,0.00036026578928714803,0.00036026578928714803
7.24934774388019e-5,7.24934774388019e-5,8.608316412352188e-5,8.608316412352188e-5,9.132747468254543e-5,9.132747468254543e-5,6.269928026696701e-5,6.269928026696701e-5,0.0001262856866268442,0.0001262856866268442,0.00014511659238554842,0.00014511659238554842,2.430855572004291e-5,2.430855572004291e-5,5.584083783174076e-5,5.584083783174076e-5,0.000279405127571403,0.000279405127571403,0.00012087537667434308,0.00012087537667434308,0.0,0.0,0.0,0.0,0.0,0.0,0.0,0.0,0.00016864397611843218,0.00016864397611843218,0.0006437669049974212,0.0006437669049974212,0.0009637548831825105,0.0009637548831825105,0.0011098600031597128,0.0011098600031597128,0.0011663822188610895,0.0011663822188610895,0.0022523057708727368,0.0022523057708727368,0.001313721431585979,0.001313721431585979,0.0010840798959065728,0.0010840798959065728,0.0009884886510848345,0.0009884886510848345,0.0004165985630183028,0.0004165985630183028
7.70103528010377e-5,7.70103528010377e-5,6.466389217529671e-5,6.466389217529671e-5,2.6590574019713653e-5,2.6590574019713653e-5,2.6033563615930795e-5,2.6033563615930795e-5,6.759555498458449e-5,6.759555498458449e-5,9.675143589928147e-5,9.675143589928147e-5,2.8089741642482692e-5,2.8089741642482692e-5,5.799543365261114e-5,5.799543365261114e-5,0.0005875342325245871,0.0005875342325245871,0.00016480687324920383,0.00016480687324920383,0.0,0.0,0.0,0.0,0.0,0.0,0.0,0.0,0.00019181526823172645,0.00019181526823172645,0.0015151109874120272,0.0015151109874120272,0.0012234971103683434,0.0012234971103683434,0.0019949590895883274,0.0019949590895883274,0.002278440688243122,0.002278440688243122,0.0037985557378658608,0.0037985557378658608,0.0010544363129858514,0.0010544363129858514,0.0010077331591726718,0.0010077331591726718,0.0006460420732150723,0.0006460420732150723,0.0003494905264089798,0.0003494905264089798
5.6140599945077654e-5,5.6140599945077654e-5,0.00021413777123439372,0.00021413777123439372,0.00015260252788712458,0.00015260252788712458,5.537141072986182e-5,5.537141072986182e-5,0.00013280924700271451,0.00013280924700271451,0.00029607965538974365,0.00029607965538974365,2.0320631615281014e-5,2.0320631615281014e-5,8.917205810711568e-5,8.917205810711568e-5,0.000633842821296908,0.000633842821296908,0.00018396404674921735,0.00018396404674921735,0.0,0.0,0.0,0.0,0.0,0.0,0.0,0.0,0.00025000899888090455,0.00025000899888090455,0.0004284840504324358,0.0004284840504324358,0.00021669639156925158,0.00021669639156925158,0.0004609871151500626,0.0004609871151500626,0.0009372441342461735,0.0009372441342461735,0.0014032251911484314,0.0014032251911484314,0.000621764824566301,0.000621764824566301,0.0005398966770109002,0.0005398966770109002,0.00035297843558343076,0.00035297843558343076,0.00019620482105156892,0.00019620482105156892
2.8500762442571848e-5,2.8500762442571848e-5,5.063356837924039e-5,5.063356837924039e-5,3.5344669241071935e-5,3.5344669241071935e-5,4.124612676081798e-5,4.124612676081798e-5,3.1312804459576564e-5,3.1312804459576564e-5,5.51613233716196e-5,5.51613233716196e-5,1.483139984103125e-5,1.483139984103125e-5,2.1784431026521502e-5,2.1784431026521502e-5,0.00012890319814341192,0.00012890319814341192,1.7232703553982055e-5,1.7232703553982055e-5,0.0,0.0,0.0,0.0,0.0,0.0,0.0,0.0,0.000307332040211189,0.000307332040211189,0.0008399706733484835,0.0008399706733484835,0.001243550975775387,0.001243550975775387,0.0024885312368354284,0.0024885312368354284,0.0018474259303966761,0.0018474259303966761,0.0017473223694693812,0.0017473223694693812,0.0006019171121114941,0.0006019171121114941,0.0004029568132004162,0.0004029568132004162,0.0005084846588785941,0.0005084846588785941,0.00013167219346414336,0.00013167219346414336
2.5341202591165103e-5,2.5341202591165103e-5,6.785112000089969e-5,6.785112000089969e-5,7.025755941889034e-5,7.025755941889034e-5,4.9727591525550174e-5,4.9727591525550174e-5,0.00012610701700751202,0.00012610701700751202,0.00019336958109446387,0.00019336958109446387,1.624955746980022e-5,1.624955746980022e-5,0.0001012581965711707,0.0001012581965711707,0.0006304388322750827,0.0006304388322750827,0.00012415750122676643,0.00012415750122676643,0.0,0.0,0.0,0.0,0.0,0.0,0.0,0.0,0.00013119252240842427,0.00013119252240842427,0.0007062558305030026,0.0007062558305030026,0.0006034170676483264,0.0006034170676483264,0.00036869413450730387,0.00036869413450730387,0.0008380318221655816,0.0008380318221655816,0.0023269124956237786,0.0023269124956237786,0.001086292551014334,0.001086292551014334,0.0006598682824146759,0.0006598682824146759,0.000350981211735428,0.000350981211735428,0.00019057243055222058,0.00019057243055222058
0.00042265938041326223,0.00042265938041326223,0.0004133025240185065,0.0004133025240185065,0.0003418568478466,0.0003418568478466,0.0009146562810279923,0.0009146562810279923,0.0005867137307305897,0.0005867137307305897,0.000546810893363274,0.000546810893363274,9.71565771212303e-5,9.71565771212303e-5,8.944760998744802e-5,8.944760998744802e-5,0.0011114052448618558,0.0011114052448618558,0.0002185072944814858,0.0002185072944814858,0.0,0.0,0.0,0.0,0.0,0.0,0.0,0.0,0.00025007870854794334,0.00025007870854794334,0.0008851378215167516,0.0008851378215167516,0.0006020629388354126,0.0006020629388354126,0.0008432590452734021,0.0008432590452734021,0.0020883184056910004,0.0020883184056910004,0.009057576059839645,0.009057576059839645,0.004981136387860463,0.004981136387860463,0.0031585855628940007,0.0031585855628940007,0.0027963347505745723,0.0027963347505745723,0.0015040353936908724,0.0015040353936908724
0.013244511879011212,0.013244511879011212,0.00817887167332404,0.00817887167332404,0.0037012531396598547,0.0037012531396598547,0.0018245632541482593,0.0018245632541482593,0.0024926723415172325,0.0024926723415172325,0.0011136233556551661,0.0011136233556551661,0.0005321255858267704,0.0005321255858267704,0.00021233607369850437,0.00021233607369850437,0.0053696433228759555,0.0053696433228759555,0.0024566515516344645,0.0024566515516344645,0.0,0.0,0.0,0.0,0.0,0.0,0.0,0.0,0.01084410642291278,0.01084410642291278,0.0035326360406658097,0.0035326360406658097,0.003025104244616328,0.003025104244616328,0.00248914845248821,0.00248914845248821,0.004177795772700582,0.004177795772700582,0.0033549539731445033,0.0033549539731445033,0.0016270301164795775,0.0016270301164795775,0.0017420484104787165,0.0017420484104787165,0.001605480350550234,0.001605480350550234,0.007005986526509245,0.007005986526509245
0.00016915182138990854,0.00016915182138990854,0.00021978447185995627,0.00021978447185995627,0.00033689735971864643,0.00033689735971864643,0.0009493240664545932,0.0009493240664545932,0.000828887222415739,0.000828887222415739,0.0005258120141877695,0.0005258120141877695,8.791392802664274e-5,8.791392802664274e-5,0.00024014164150952533,0.00024014164150952533,0.0009766128691836296,0.0009766128691836296,4.841287206344908e-5,4.841287206344908e-5,0.0,0.0,0.0,0.0,0.0,0.0,0.0,0.0,0.00045045413241762144,0.00045045413241762144,0.0015142560769033225,0.0015142560769033225,0.004876576838989122,0.004876576838989122,0.0031052945279237687,0.0031052945279237687,0.0021516424358997144,0.0021516424358997144,0.008005049052763336,0.008005049052763336,0.026212470502994023,0.026212470502994023,0.004499105381787688,0.004499105381787688,0.0030292392702877396,0.0030292392702877396,0.0008105511482826774,0.0008105511482826774
6.358192900272029e-5,6.358192900272029e-5,0.00023434254524462225,0.00023434254524462225,0.00015408682986584044,0.00015408682986584044,9.591719013365453e-5,9.591719013365453e-5,0.000161439891686474,0.000161439891686474,0.00026824484016077163,0.00026824484016077163,3.603417091723382e-5,3.603417091723382e-5,0.00028887261017133264,0.00028887261017133264,0.0008908019967431499,0.0008908019967431499,0.00020550676061538778,0.00020550676061538778,0.0,0.0,0.0,0.0,0.0,0.0,0.0,0.0,0.00022612738538152488,0.00022612738538152488,0.0006141831946249177,0.0006141831946249177,0.00025901436060693506,0.00025901436060693506,9.513596193373285e-5,9.513596193373285e-5,0.0006954434117144304,0.0006954434117144304,0.0017075204610642047,0.0017075204610642047,0.0006979230060142894,0.0006979230060142894,0.0005930758769803826,0.0005930758769803826,0.000497279443192649,0.000497279443192649,0.00026087085979282186,0.00026087085979282186
9.16902158656658e-5,9.16902158656658e-5,8.363306385058894e-5,8.363306385058894e-5,6.198985674626956e-5,6.198985674626956e-5,8.329423598119057e-5,8.329423598119057e-5,6.734062948052927e-5,6.734062948052927e-5,0.00011220683550946034,0.00011220683550946034,2.7397358528685224e-5,2.7397358528685224e-5,3.487897265695055e-5,3.487897265695055e-5,0.0002192681686008658,0.0002192681686008658,0.00014999218330856955,0.00014999218330856955,0.0,0.0,0.0,0.0,0.0,0.0,0.0,0.0,0.0003444006424584145,0.0003444006424584145,0.001070334665459402,0.001070334665459402,0.0010622290855506755,0.0010622290855506755,0.0025584684798213853,0.0025584684798213853,0.00274946700879547,0.00274946700879547,0.004455884171178648,0.004455884171178648,0.0013835409579374125,0.0013835409579374125,0.0013466429236117516,0.0013466429236117516,0.0009566192499628548,0.0009566192499628548,0.00042296088682693134,0.00042296088682693134
4.276329448705922e-5,4.276329448705922e-5,5.7646138990525425e-5,5.7646138990525425e-5,7.424940379457956e-5,7.424940379457956e-5,6.471215698629872e-5,6.471215698629872e-5,4.969785606398491e-5,4.969785606398491e-5,0.00011543380250768516,0.00011543380250768516,1.3605167425875765e-5,1.3605167425875765e-5,3.1604489231962414e-5,3.1604489231962414e-5,0.00017410534656163955,0.00017410534656163955,6.097686257007951e-5,6.097686257007951e-5,0.0,0.0,0.0,0.0,0.0,0.0,0.0,0.0,0.00011191199844660243,0.00011191199844660243,0.00035650936053000654,0.00035650936053000654,0.0004591170027982011,0.0004591170027982011,0.0007926979108875479,0.0007926979108875479,0.0008524137831405695,0.0008524137831405695,0.0006223703885640391,0.0006223703885640391,0.00048115895120989793,0.00048115895120989793,0.0003571868648054935,0.0003571868648054935,0.00031397427357690924,0.00031397427357690924,0.00023782222324915045,0.00023782222324915045
2.5326112306205996e-5,2.5326112306205996e-5,2.8200043355968915e-5,2.8200043355968915e-5,3.815360656249378e-5,3.815360656249378e-5,3.40655830213454e-5,3.40655830213454e-5,5.5124739500792344e-5,5.5124739500792344e-5,6.511656171028814e-5,6.511656171028814e-5,9.258545649988787e-6,9.258545649988787e-6,3.732124916590524e-5,3.732124916590524e-5,0.00026999225973416835,0.00026999225973416835,2.439751718340136e-5,2.439751718340136e-5,0.0,0.0,0.0,0.0,0.0,0.0,0.0,0.0,0.00010347369679948593,0.00010347369679948593,0.0003739904415689041,0.0003739904415689041,0.00040400599494928857,0.00040400599494928857,0.0004554500106840782,0.0004554500106840782,0.0007937787172666161,0.0007937787172666161,0.0015263599049300178,0.0015263599049300178,0.00042573796726808055,0.00042573796726808055,0.0004023692318591149,0.0004023692318591149,0.00016545941233692043,0.00016545941233692043,0.00017898573247551904,0.00017898573247551904
0.0006863394359531844,0.0006863394359531844,7.516639979135691e-5,7.516639979135691e-5,8.523785500186287e-5,8.523785500186287e-5,3.484516158164079e-5,3.484516158164079e-5,3.244494889996074e-5,3.244494889996074e-5,0.0006884551135949088,0.0006884551135949088,8.688335581298178e-5,8.688335581298178e-5,0.00048739894055325333,0.00048739894055325333,0.003462738326694359,0.003462738326694359,0.011011552861547202,0.011011552861547202,0.0,0.0,0.0,0.0,0.0,0.0,0.0,0.0,0.0005953669647160154,0.0005953669647160154,0.0017729701919138446,0.0017729701919138446,0.001335469773053155,0.001335469773053155,0.0008485663257112724,0.0008485663257112724,0.002959392353020923,0.002959392353020923,0.0034287779407531083,0.0034287779407531083,0.002954259600412734,0.002954259600412734,0.009989956058672034,0.009989956058672034,0.00456215760274023,0.00456215760274023,0.002268365359951313,0.002268365359951313
8.270161991695644e-5,8.270161991695644e-5,6.806508197365483e-5,6.806508197365483e-5,9.101014534532159e-5,9.101014534532159e-5,0.00011177302471807732,0.00011177302471807732,5.4136777340907556e-5,5.4136777340907556e-5,9.80958139041384e-5,9.80958139041384e-5,1.7326766238847996e-5,1.7326766238847996e-5,8.850590510274276e-5,8.850590510274276e-5,0.00040893222143473067,0.00040893222143473067,3.61338957291092e-5,3.61338957291092e-5,0.0,0.0,0.0,0.0,0.0,0.0,0.0,0.0,8.274908256342833e-5,8.274908256342833e-5,0.0008033215954027575,0.0008033215954027575,0.0005240433822062684,0.0005240433822062684,0.0006229640238204458,0.0006229640238204458,0.0012881241082476555,0.0012881241082476555,0.0024602780667920543,0.0024602780667920543,0.0008842356775204951,0.0008842356775204951,0.0007636456518791135,0.0007636456518791135,0.0006579022709438179,0.0006579022709438179,0.00039583500198431265,0.00039583500198431265
6.323747873863928e-5,6.323747873863928e-5,0.0001481852089673559,0.0001481852089673559,0.0002032069038446771,0.0002032069038446771,0.00010711442885657715,0.00010711442885657715,0.00020258988314264537,0.00020258988314264537,0.0003278028666656597,0.0003278028666656597,4.2262556115900234e-5,4.2262556115900234e-5,0.00040223814098397023,0.00040223814098397023,0.0020379113129813248,0.0020379113129813248,0.0005202540385247194,0.0005202540385247194,0.0,0.0,0.0,0.0,0.0,0.0,0.0,0.0,0.00033273258127167193,0.00033273258127167193,0.0010351198370003173,0.0010351198370003173,0.001098126698033497,0.001098126698033497,0.0008003776614280561,0.0008003776614280561,0.0006321092307390655,0.0006321092307390655,0.0010337407433515591,0.0010337407433515591,0.0007687407596153328,0.0007687407596153328,0.0007890830061162979,0.0007890830061162979,0.00046595535443581457,0.00046595535443581457,0.00025365872992063297,0.00025365872992063297
7.76725551327336e-5,7.76725551327336e-5,0.00022657477042396443,0.00022657477042396443,0.00016329606251541673,0.00016329606251541673,7.485621164084362e-5,7.485621164084362e-5,0.00017114353059790796,0.00017114353059790796,0.00029906267480310153,0.00029906267480310153,2.676996691298463e-5,2.676996691298463e-5,0.00017089921624943542,0.00017089921624943542,0.0007107918380430955,0.0007107918380430955,0.00017785654124591495,0.00017785654124591495,0.0,0.0,0.0,0.0,0.0,0.0,0.0,0.0,0.00028727788660770637,0.00028727788660770637,0.0005425512431845442,0.0005425512431845442,0.00034195289429687914,0.00034195289429687914,0.0002108532234472299,0.0002108532234472299,0.0010903969304514038,0.0010903969304514038,0.0016048587234205464,0.0016048587234205464,0.000726765266081314,0.000726765266081314,0.0004892454043872313,0.0004892454043872313,0.0003577056034934547,0.0003577056034934547,0.00015318454744956377,0.00015318454744956377
4.344460634307353e-5,4.344460634307353e-5,0.00010187876023849685,0.00010187876023849685,0.00010062073482303147,0.00010062073482303147,0.00010107288545858732,0.00010107288545858732,7.474943931319415e-5,7.474943931319415e-5,0.000214952495863098,0.000214952495863098,1.7320213925566203e-5,1.7320213925566203e-5,8.835312480112972e-5,8.835312480112972e-5,0.00023329692250691203,0.00023329692250691203,9.897754785834385e-5,9.897754785834385e-5,0.0,0.0,0.0,0.0,0.0,0.0,0.0,0.0,0.00036843970309449747,0.00036843970309449747,0.0010123905732611904,0.0010123905732611904,0.001007071468942744,0.001007071468942744,0.0008247932007318104,0.0008247932007318104,0.0009954505026936109,0.0009954505026936109,0.0015202783988483778,0.0015202783988483778,0.0004469476204803091,0.0004469476204803091,0.0002368012017480419,0.0002368012017480419,0.0002833315056951242,0.0002833315056951242,0.00021246811309915369,0.00021246811309915369
9.692874057640275e-5,9.692874057640275e-5,0.00012708448322507754,0.00012708448322507754,0.00016244976327733918,0.00016244976327733918,8.694978482586338e-5,8.694978482586338e-5,0.00010324898442580846,0.00010324898442580846,7.882419762812037e-5,7.882419762812037e-5,2.2333111148375908e-5,2.2333111148375908e-5,6.332579571591192e-5,6.332579571591192e-5,0.00040593217349318284,0.00040593217349318284,0.00016945585137170815,0.00016945585137170815,0.0,0.0,0.0,0.0,0.0,0.0,0.0,0.0,0.0006289182144804673,0.0006289182144804673,0.0008847072692281036,0.0008847072692281036,0.0011944558663195548,0.0011944558663195548,0.00186355014285014,0.00186355014285014,0.001444873528034657,0.001444873528034657,0.002662822015773586,0.002662822015773586,0.0003869693886965203,0.0003869693886965203,0.0005215962672377311,0.0005215962672377311,0.0006451926259012086,0.0006451926259012086,0.0003176848801891667,0.0003176848801891667
4.540472795340608e-5,4.540472795340608e-5,0.00015288822231874794,0.00015288822231874794,0.00019921314946863555,0.00019921314946863555,0.00022009136753291247,0.00022009136753291247,0.00012573554677760418,0.00012573554677760418,0.0002533148118806852,0.0002533148118806852,4.234508140116668e-5,4.234508140116668e-5,0.0002577576153693986,0.0002577576153693986,0.0013691162589957936,0.0013691162589957936,0.00023541490973273682,0.00023541490973273682,0.0,0.0,0.0,0.0,0.0,0.0,0.0,0.0,0.00028455813863462187,0.00028455813863462187,0.0006107752309902556,0.0006107752309902556,0.0002757325203118152,0.0002757325203118152,0.0006174879426433001,0.0006174879426433001,0.0009184121954328162,0.0009184121954328162,0.001365459189763725,0.001365459189763725,0.000520174988633243,0.000520174988633243,0.00044467300662634837,0.00044467300662634837,0.00032908887504763326,0.00032908887504763326,0.00023804193265035932,0.00023804193265035932
3.5857397275881496e-5,3.5857397275881496e-5,0.00013195056557782896,0.00013195056557782896,6.206291269417186e-5,6.206291269417186e-5,8.298891313045231e-5,8.298891313045231e-5,0.00013721695067204012,0.00013721695067204012,0.0002566210565114156,0.0002566210565114156,6.568929406482096e-5,6.568929406482096e-5,8.193694824345284e-5,8.193694824345284e-5,0.0003830068503984617,0.0003830068503984617,0.00041340281782289295,0.00041340281782289295,0.0,0.0,0.0,0.0,0.0,0.0,0.0,0.0,0.00023847217879914562,0.00023847217879914562,0.0007893561644618449,0.0007893561644618449,0.0007702305723664982,0.0007702305723664982,0.0007029101867203416,0.0007029101867203416,0.0008915239971883301,0.0008915239971883301,0.004756327777499791,0.004756327777499791,0.0016322062250158642,0.0016322062250158642,0.0005758467102066969,0.0005758467102066969,0.0003543570031390754,0.0003543570031390754,0.00030433837116596724,0.00030433837116596724
0.00011096803555440612,0.00011096803555440612,0.00011175093922480717,0.00011175093922480717,6.914237596727935e-5,6.914237596727935e-5,5.854843600025875e-5,5.854843600025875e-5,4.1535009878005194e-5,4.1535009878005194e-5,6.42297661421383e-5,6.42297661421383e-5,1.158384226985045e-5,1.158384226985045e-5,4.422829865814975e-5,4.422829865814975e-5,0.00010442156158454487,0.00010442156158454487,1.5255040058250163e-5,1.5255040058250163e-5,0.0,0.0,0.0,0.0,0.0,0.0,0.0,0.0,2.330846000037426e-5,2.330846000037426e-5,0.0001735342193044491,0.0001735342193044491,0.0002590804240544531,0.0002590804240544531,0.00042284243640198366,0.00042284243640198366,0.0006010414296883128,0.0006010414296883128,0.002893972599898112,0.002893972599898112,0.0008713459079862651,0.0008713459079862651,0.0007489769022832049,0.0007489769022832049,0.0007402028392375047,0.0007402028392375047,0.0005875010564881968,0.0005875010564881968
5.5812570039149266e-5,5.5812570039149266e-5,8.940316359595541e-5,8.940316359595541e-5,9.112355553017593e-5,9.112355553017593e-5,6.754839692435857e-5,6.754839692435857e-5,8.429024258155803e-5,8.429024258155803e-5,0.0001593657217887831,0.0001593657217887831,3.544439499770418e-5,3.544439499770418e-5,5.669638448924834e-5,5.669638448924834e-5,0.0003825923796402283,0.0003825923796402283,0.00017009104097246916,0.00017009104097246916,0.0,0.0,0.0,0.0,0.0,0.0,0.0,0.0,0.00021993534631890854,0.00021993534631890854,0.0005671650522925953,0.0005671650522925953,0.000375125716105873,0.000375125716105873,0.00306305517890465,0.00306305517890465,0.001102823932610346,0.001102823932610346,0.0015980467055434766,0.0015980467055434766,0.0008978171961772086,0.0008978171961772086,0.0008840076471860747,0.0008840076471860747,0.000842327253722755,0.000842327253722755,0.00032525136137998706,0.00032525136137998706
6.017281598211721e-5,6.017281598211721e-5,0.000108285807742599,0.000108285807742599,6.747079375729603e-5,6.747079375729603e-5,6.647649034861869e-5,6.647649034861869e-5,0.00012371700241943506,0.00012371700241943506,0.00017903436021138568,0.00017903436021138568,1.826341011040714e-5,1.826341011040714e-5,9.14678541140716e-5,9.14678541140716e-5,0.00026245394519565715,0.00026245394519565715,0.0001369920452779427,0.0001369920452779427,0.0,0.0,0.0,0.0,0.0,0.0,0.0,0.0,0.00021415077453958153,0.00021415077453958153,0.0006107065800633679,0.0006107065800633679,0.0012010184895805964,0.0012010184895805964,0.0016549980438693435,0.0016549980438693435,0.0016386140168665742,0.0016386140168665742,0.0020059124682995227,0.0020059124682995227,0.0006161553050041957,0.0006161553050041957,0.0005006259236158064,0.0005006259236158064,0.000764958092474094,0.000764958092474094,0.00038841787757566346,0.00038841787757566346
9.503306222145326e-5,9.503306222145326e-5,0.00017560584115617651,0.00017560584115617651,0.00010715889773399434,0.00010715889773399434,0.00014718111733738604,0.00014718111733738604,0.0001346485919239901,0.0001346485919239901,0.0003093421041479392,0.0003093421041479392,2.4304173966354726e-5,2.4304173966354726e-5,3.490504569857991e-5,3.490504569857991e-5,0.0006269095696080432,0.0006269095696080432,0.0004469569653550477,0.0004469569653550477,0.0,0.0,0.0,0.0,0.0,0.0,0.0,0.0,0.0002459394212145499,0.0002459394212145499,0.00034057618368424705,0.00034057618368424705,0.000307216788587486,0.000307216788587486,0.0002888292031682036,0.0002888292031682036,0.00037086409874305913,0.00037086409874305913,0.0011119847042394618,0.0011119847042394618,0.00042169455646315357,0.00042169455646315357,0.00046283553938152033,0.00046283553938152033,0.0004892918261261668,0.0004892918261261668,0.00039956284011847393,0.00039956284011847393
7.718703005080412e-5,7.718703005080412e-5,0.0002459337524316693,0.0002459337524316693,0.00013994066587935672,0.00013994066587935672,7.737091147970443e-5,7.737091147970443e-5,0.00014466170484183152,0.00014466170484183152,0.00023402285478909234,0.00023402285478909234,2.448727472084038e-5,2.448727472084038e-5,0.00010015914572362658,0.00010015914572362658,0.0004754716920414605,0.0004754716920414605,0.00017180852897172652,0.00017180852897172652,0.0,0.0,0.0,0.0,0.0,0.0,0.0,0.0,0.00026935786135826034,0.00026935786135826034,0.0004786885248826353,0.0004786885248826353,0.0002182453250589647,0.0002182453250589647,0.0002999164099088958,0.0002999164099088958,0.0008896408821479004,0.0008896408821479004,0.0014936383487194893,0.0014936383487194893,0.0006173519716904385,0.0006173519716904385,0.0005481025437721158,0.0005481025437721158,0.0003765914516965056,0.0003765914516965056,0.0001500601816652753,0.0001500601816652753
8.209594811429965e-5,8.209594811429965e-5,0.00019961924303028497,0.00019961924303028497,0.00012564225294675602,0.00012564225294675602,7.404026220354624e-5,7.404026220354624e-5,7.501445405738195e-5,7.501445405738195e-5,0.0001612826762730727,0.0001612826762730727,3.4235366214397864e-5,3.4235366214397864e-5,2.7967440484711692e-5,2.7967440484711692e-5,0.000336469339538804,0.000336469339538804,0.0001444616206375468,0.0001444616206375468,0.0,0.0,0.0,0.0,0.0,0.0,0.0,0.0,0.00018371268775690952,0.00018371268775690952,0.0008948052140707319,0.0008948052140707319,0.0018214352427750602,0.0018214352427750602,0.0018908890316475663,0.0018908890316475663,0.0033139296581018163,0.0033139296581018163,0.0051760008040668826,0.0051760008040668826,0.001485468678593671,0.001485468678593671,0.001524519975696484,0.001524519975696484,0.0011812744154575255,0.0011812744154575255,0.00040466240047842134,0.00040466240047842134
4.005997634249064e-5,4.005997634249064e-5,6.180632889664231e-5,6.180632889664231e-5,5.633267993224167e-5,5.633267993224167e-5,3.952604978506996e-5,3.952604978506996e-5,6.475143376467353e-5,6.475143376467353e-5,0.00011715749258113268,0.00011715749258113268,1.834731358249823e-5,1.834731358249823e-5,5.4722775814715525e-5,5.4722775814715525e-5,0.0001413718006653096,0.0001413718006653096,4.442337267997936e-5,4.442337267997936e-5,0.0,0.0,0.0,0.0,0.0,0.0,0.0,0.0,0.0002804628904158335,0.0002804628904158335,0.0007548887536127855,0.0007548887536127855,0.0009424407251809319,0.0009424407251809319,0.000702241890628022,0.000702241890628022,0.0010154062200712355,0.0010154062200712355,0.0011510138245790155,0.0011510138245790155,0.0002647678308899254,0.0002647678308899254,0.0003057003099997749,0.0003057003099997749,0.0002617127040387031,0.0002617127040387031,0.00015977050824322707,0.00015977050824322707
0.00017157764273664257,0.00017157764273664257,0.00029431730079560944,0.00029431730079560944,0.0004113343693838978,0.0004113343693838978,0.0002178667996237671,0.0002178667996237671,0.000389523687622656,0.000389523687622656,0.0005248926306540905,0.0005248926306540905,0.00013282955134552923,0.00013282955134552923,0.000216385679726247,0.000216385679726247,0.0019345752185021409,0.0019345752185021409,0.0009379118350017687,0.0009379118350017687,0.0,0.0,0.0,0.0,0.0,0.0,0.0,0.0,0.00030514955645497,0.00030514955645497,0.0004220897069566118,0.0004220897069566118,0.00046261664690459836,0.00046261664690459836,0.0003105956562298017,0.0003105956562298017,0.00037247738078261504,0.00037247738078261504,0.0008361740405819773,0.0008361740405819773,0.00061294876692089,0.00061294876692089,0.0004994542419866285,0.0004994542419866285,0.0007620202873547394,0.0007620202873547394,0.0005570958382450815,0.0005570958382450815
6.0629456710913424e-5,6.0629456710913424e-5,9.86171208332328e-5,9.86171208332328e-5,0.00012710210692096213,0.00012710210692096213,8.57172548187294e-5,8.57172548187294e-5,0.0001068879682265475,0.0001068879682265475,0.00029308469100574816,0.00029308469100574816,1.3597107403297477e-5,1.3597107403297477e-5,2.0541523323363653e-6,2.0541523323363653e-6,0.0009243970818739178,0.0009243970818739178,0.00046188393781699394,0.00046188393781699394,0.0,0.0,0.0,0.0,0.0,0.0,0.0,0.0,0.0005348305121909702,0.0005348305121909702,0.0016507523146325198,0.0016507523146325198,0.0009683902548814627,0.0009683902548814627,0.001438102907630176,0.001438102907630176,0.002981188118594061,0.002981188118594061,0.006298888078396514,0.006298888078396514,0.0007987499380407992,0.0007987499380407992,0.0005289860317387075,0.0005289860317387075,0.00039559732934035113,0.00039559732934035113,0.0003198485987884678,0.0003198485987884678
0.13981106877326965,0.13981106877326965,0.1841263324022293,0.1841263324022293,0.10839440673589706,0.10839440673589706,0.2783946990966797,0.2783946990966797,0.24853111803531647,0.24853111803531647,0.27757835388183594,0.27757835388183594,0.7611913681030273,0.7611913681030273,1.5476025342941284,1.5476025342941284,2.170138359069824,2.170138359069824,0.9959216117858887,0.9959216117858887,0.5481188297271729,0.5481188297271729,0.7665923237800598,0.7665923237800598,0.5599356889724731,0.5599356889724731,0.23599359393119812,0.23599359393119812,0.22038736939430237,0.22038736939430237,0.12268757820129395,0.12268757820129395,0.16036412119865417,0.16036412119865417,0.04599592462182045,0.04599592462182045,0.23038707673549652,0.23038707673549652,0.5531800985336304,0.5531800985336304,0.39164799451828003,0.39164799451828003,0.407638281583786,0.407638281583786,0.3720582127571106,0.3720582127571106,0.2843134105205536,0.2843134105205536
9.530221099626236e-5,9.530221099626236e-5,0.00015793080147634767,0.00015793080147634767,0.00010309284514789518,0.00010309284514789518,5.5818315769402826e-5,5.5818315769402826e-5,7.77933547354906e-5,7.77933547354906e-5,0.00018025956106376,0.00018025956106376,3.58249574165608e-5,3.58249574165608e-5,7.97773159698801e-5,7.97773159698801e-5,0.0004978423372875955,0.0004978423372875955,0.000124430770876407,0.000124430770876407,0.0,0.0,0.0,0.0,0.0,0.0,0.0,0.0,0.00012225704447098307,0.00012225704447098307,0.000834196640033466,0.000834196640033466,0.0010910746140582739,0.0010910746140582739,0.0012741292319414232,0.0012741292319414232,0.0032646292569502022,0.0032646292569502022,0.003941732726744501,0.003941732726744501,0.0013179471011492416,0.0013179471011492416,0.0016606242501731455,0.0016606242501731455,0.001240768537783224,0.001240768537783224,0.00047459178163510723,0.00047459178163510723
2.435719025945665e-5,2.435719025945665e-5,3.414957536768191e-5,3.414957536768191e-5,1.0689652004625128e-5,1.0689652004625128e-5,2.120810826827758e-5,2.120810826827758e-5,3.454045304332725e-5,3.454045304332725e-5,0.00010109881862799264,0.00010109881862799264,9.650484882565567e-6,9.650484882565567e-6,1.83489199816081e-5,1.83489199816081e-5,7.737712934186621e-5,7.737712934186621e-5,0.00010083753662722302,0.00010083753662722302,0.0,0.0,0.0,0.0,0.0,0.0,0.0,0.0,0.00015383560477277847,0.00015383560477277847,0.0007179483608786216,0.0007179483608786216,0.0012980411522043878,0.0012980411522043878,0.0012744791291572771,0.0012744791291572771,0.0018278538725780002,0.0018278538725780002,0.003063302169510687,0.003063302169510687,0.001037382883071647,0.001037382883071647,0.0006808881115999907,0.0006808881115999907,0.00034921211573074595,0.00034921211573074595,0.00011207999358242571,0.00011207999358242571
