4.6,15.600000000000014,12.47370452423991,12.464236226025822,23.454230749051078,29.900000000000006,26.733777447742042,29.900000000000006,18.900000000000006,29.88977334934549,18.91022665065453,29.900000000000006,29.900000000000006,18.910226650654522,29.900000000000006,18.900000000000006,23.32128429054233,12.321284290542328,18.910226650654522,29.900000000000006,18.900000000000006,12.280377687924252,12.270151037269732,12.259924386615214,23.249697735960694,29.900000000000006,23.235149107946235,12.235149107946231,23.23137498687135,26.527600865796472,26.523826744721596,29.900000000000006,18.90377412107489,29.900000000000006,29.900000000000006,18.903774121074882,29.900000000000006,18.900000000000006,12.193633776122534,12.189859655047652,12.186085533972772,15.6,23.17476317074813,12.174763170748125,15.6,12.167214928598362,12.16344080752348,12.159666686448599,12.155892565373719
0.0,26.780558598603044,29.900000000000006,29.900000000000006,18.900000000000006,12.444004098396558,15.6,12.42355079708752,23.413324146433,12.413324146432998,23.382644194469442,12.382644194469444,12.372417543814924,23.351964242505886,12.351964242505886,23.34173759185137,18.91022665065453,29.900000000000006,23.30083098923329,12.30083098923329,23.290604338578774,29.900000000000006,29.900000000000006,29.900000000000006,18.900000000000006,12.242697350095995,18.903774121074886,29.900000000000006,18.900000000000006,15.6,15.6,12.220052623646705,23.21250438149694,12.212504381496942,12.20873026042206,23.2011820182723,12.201182018272297,23.197407897197415,29.900000000000006,29.900000000000006,29.900000000000006,26.482311412897893,18.903774121074886,29.900000000000006,26.470989049673243,29.900000000000006,29.900000000000006,29.900000000000006,29.900000000000006
5.0,13.818203476461846,13.818203476440338,14.375,14.375,14.375,13.818203476440338,14.375,14.375,14.375,13.818203476440338,13.818203476440338,14.375,14.375,14.375,13.818203476985715,14.375,14.375,13.818203476985715,14.375,14.375,14.375,14.375,14.375,14.375,14.375,14.375,14.375,14.375,14.375,14.375,14.375,14.375,14.375,14.375,14.375,14.375,14.375,14.375,14.375,14.375,13.818203476440331,14.375,14.375,14.375,14.375,14.375,14.375,14.375
5.0,14.375,14.375,13.818203476440331,14.375,14.375,14.375,13.818203476440331,14.375,14.375,14.375,14.375,14.375,13.818203476985715,13.818203476985715,14.375,14.375,13.818203476985715,14.375,14.375,14.375,14.375,14.375,14.375,14.375,14.375,13.818203476440331,14.375,14.375,14.375,14.375,13.818203476440331,13.818203476440331,14.375,13.818203476440331,14.375,14.375,13.818203476440338,14.375,14.375,14.375,14.375,14.375,14.375,14.375,13.818203476440338,13.818203476440331,14.375,13.818203476440331
0.0,16.1,16.1,16.1,15.54320347644034,15.54320347644034,16.1,16.1,15.54320347644034,15.54320347644034,16.1,16.1,15.543203476985717,16.1,16.1,16.1,16.1,16.1,16.1,15.54320347644034,15.543203476985717,15.543203476985717,16.1,16.1,16.1,16.1,16.1,16.1,15.54320347644034,15.54320347644034,15.54320347644034,16.1,16.1,16.1,16.1,15.54320347644034,16.1,16.1,16.1,16.1,15.54320347644034,16.1,16.1,16.1,15.54320347644034,16.1,16.1,16.1,16.1
0.0,14.950000000000003,14.950000000000003,14.950000000000003,14.950000000000003,14.950000000000003,14.950000000000003,14.950000000000003,14.950000000000003,14.950000000000003,14.950000000000003,14.950000000000003,14.950000000000003,14.950000000000003,14.950000000000003,14.950000000000003,14.393203476985718,14.950000000000003,14.950000000000003,14.950000000000003,14.950000000000003,14.950000000000003,14.393203476440341,14.393203476440334,14.393203476440341,14.393203476440341,14.950000000000003,14.393203476440341,14.950000000000003,14.950000000000003,14.950000000000003,14.950000000000003,14.950000000000003,14.393203476440341,14.950000000000003,14.950000000000003,14.393203476440341,14.950000000000003,14.393203476440341,14.393203476440334,14.950000000000003,14.950000000000003,14.393203476440341,14.393203476440334,14.950000000000003,14.950000000000003,14.950000000000003,14.393203476440334,14.950000000000003
24.0,0.0,0.0,0.0,0.0,0.0,0.0,0.0,0.0,0.0,0.0,0.0,0.0,0.0,0.0,0.0,0.0,0.0,27.899640000000502,27.899640000000502,27.899640000000502,27.899640000000502,27.899640000000502,27.899640000000502,27.899640000000502,38.8996400000005,49.8996400000005,60.8996400000005,69.0,68.5986,69.0,68.5986,69.0,69.0,68.5986,68.5986,69.0,69.0,68.5986,68.5986,68.5986,68.5986,68.5986,68.5986,69.0,69.0,68.5986,68.5986,68.5986
24.0,27.899640000000502,27.899640000000502,27.899640000000502,27.899640000000502,27.899640000000502,0.0,0.0,0.0,0.0,0.0,0.0,0.0,0.0,0.0,0.0,0.0,0.0,0.0,0.0,0.0,0.0,0.0,0.0,0.0,69.0,69.0,69.0,68.5986,69.0,68.5986,69.0,68.5986,68.5986,69.0,69.0,68.5986,68.5986,69.0,69.0,69.0,69.0,69.0,69.0,68.5986,68.5986,69.0,69.0,69.0
0.0,0.0,0.0,0.0,0.0,0.0,27.899640000000502,27.899640000000502,27.899640000000502,27.899640000000502,27.899640000000502,27.899640000000502,27.899640000000502,27.899640000000502,27.899640000000502,27.899640000000502,0.0,0.0,0.0,0.0,0.0,0.0,0.0,0.0,0.0,0.0,69.0,69.0,69.0,69.0,69.0,69.0,69.0,69.0,69.0,69.0,69.0,69.0,69.0,69.0,69.0,69.0,69.0,69.0,69.0,69.0,69.0,69.0,69.0
150.0,100.0,0.0,0.0,0.0,0.0,0.0,0.0,0.0,0.0,0.0,0.0,0.0,0.0,0.0,0.0,0.0,0.0,0.0,0.0,0.0,0.0,0.0,0.0,0.0,0.0,0.0,0.0,0.0,0.0,0.0,0.0,0.0,0.0,0.0,0.0,0.0,0.0,0.0,0.0,0.0,0.0,0.0,0.0,0.0,0.0,0.0,0.0,0.0
150.0,0.0,0.0,0.0,0.0,0.0,0.0,0.0,0.0,0.0,0.0,0.0,0.0,0.0,0.0,0.0,0.0,0.0,0.0,0.0,0.0,0.0,0.0,0.0,0.0,0.0,0.0,0.0,0.0,0.0,0.0,0.0,0.0,0.0,0.0,0.0,0.0,0.0,0.0,0.0,0.0,0.0,0.0,0.0,0.0,0.0,0.0,0.0,0.0
150.0,0.0,0.0,0.0,0.0,0.0,0.0,0.0,0.0,0.0,0.0,0.0,0.0,0.0,0.0,0.0,0.0,0.0,0.0,0.0,0.0,0.0,0.0,0.0,0.0,0.0,0.0,0.0,0.0,0.0,0.0,0.0,0.0,0.0,0.0,0.0,0.0,0.0,0.0,0.0,0.0,0.0,0.0,0.0,0.0,0.0,0.0,0.0,0.0
0.0,0.0,0.0,0.0,0.0,0.0,0.0,0.0,0.0,0.0,0.0,0.0,0.0,0.0,0.0,0.0,0.0,0.0,0.0,0.0,0.0,0.0,0.0,0.0,0.0,0.0,0.0,0.0,0.0,0.0,0.0,0.0,0.0,0.0,0.0,0.0,0.0,0.0,0.0,0.0,0.0,0.0,0.0,0.0,0.0,0.0,0.0,0.0,0.0
0.0,0.0,0.0,0.0,0.0,0.0,0.0,0.0,0.0,0.0,0.0,0.0,0.0,0.0,0.0,0.0,0.0,0.0,0.0,0.0,0.0,0.0,0.0,0.0,0.0,0.0,0.0,0.0,0.0,0.0,0.0,0.0,0.0,0.0,0.0,0.0,0.0,0.0,0.0,0.0,0.0,0.0,0.0,0.0,0.0,0.0,0.0,0.0,0.0
0.0,0.0,0.0,0.0,0.0,0.0,0.0,0.0,0.0,0.0,0.0,0.0,0.0,0.0,0.0,0.0,0.0,0.0,0.0,0.0,0.0,0.0,0.0,0.0,0.0,0.0,0.0,0.0,0.0,0.0,0.0,0.0,0.0,0.0,0.0,0.0,0.0,0.0,0.0,0.0,0.0,0.0,0.0,0.0,0.0,0.0,0.0,0.0,0.0
0.0,0.0,0.0,0.0,0.0,0.0,0.0,0.0,0.0,0.0,0.0,0.0,0.0,0.0,0.0,0.0,0.0,0.0,0.0,0.0,0.0,0.0,65.6,65.6,65.6,65.6,65.6,65.6,65.6,65.6,65.6,65.6,65.6,65.6,65.6,65.6,65.6,0.0,0.0,0.0,0.0,0.0,0.0,0.0,0.0,0.0,0.0,0.0,0.0
0.0,0.0,0.0,0.0,0.0,0.0,0.0,0.0,0.0,0.0,0.0,0.0,0.0,0.0,0.0,0.0,0.0,0.0,0.0,0.0,0.0,0.0,0.0,0.0,0.0,0.0,0.0,0.0,0.0,0.0,0.0,0.0,0.0,0.0,0.0,0.0,0.0,0.0,0.0,0.0,0.0,0.0,0.0,0.0,0.0,0.0,0.0,0.0,0.0
20.0,0.0,0.0,0.0,0.0,0.0,0.0,0.0,0.0,0.0,0.0,0.0,0.0,0.0,0.0,0.0,0.0,0.0,0.0,0.0,0.0,0.0,0.0,0.0,0.0,0.0,0.0,0.0,0.0,0.0,0.0,0.0,0.0,0.0,0.0,0.0,0.0,0.0,0.0,0.0,0.0,0.0,0.0,0.0,0.0,0.0,0.0,0.0,0.0
20.0,0.0,0.0,0.0,0.0,0.0,0.0,0.0,0.0,0.0,0.0,0.0,0.0,0.0,0.0,0.0,0.0,0.0,0.0,0.0,0.0,0.0,0.0,0.0,0.0,0.0,0.0,0.0,0.0,0.0,0.0,0.0,0.0,0.0,0.0,0.0,0.0,0.0,0.0,0.0,0.0,0.0,0.0,0.0,0.0,0.0,0.0,0.0,0.0
40.0,0.0,0.0,0.0,0.0,0.0,0.0,0.0,0.0,0.0,0.0,0.0,0.0,0.0,0.0,0.0,0.0,0.0,0.0,0.0,0.0,0.0,0.0,0.0,0.0,0.0,0.0,0.0,0.0,0.0,0.0,0.0,0.0,0.0,0.0,0.0,0.0,0.0,0.0,0.0,0.0,0.0,0.0,0.0,0.0,0.0,0.0,0.0,0.0
40.0,0.0,0.0,0.0,0.0,0.0,0.0,0.0,0.0,0.0,0.0,0.0,0.0,0.0,0.0,0.0,0.0,0.0,0.0,0.0,0.0,0.0,0.0,0.0,0.0,0.0,0.0,0.0,0.0,0.0,0.0,0.0,0.0,0.0,0.0,0.0,0.0,0.0,0.0,0.0,0.0,0.0,0.0,0.0,0.0,0.0,0.0,0.0,0.0
50.0,0.0,0.0,0.0,0.0,0.0,0.0,0.0,0.0,0.0,0.0,0.0,0.0,0.0,0.0,0.0,0.0,0.0,0.0,0.0,0.0,0.0,0.0,0.0,0.0,0.0,0.0,0.0,0.0,0.0,0.0,0.0,0.0,0.0,0.0,0.0,0.0,0.0,0.0,0.0,0.0,0.0,0.0,0.0,0.0,0.0,0.0,0.0,0.0
50.0,0.0,0.0,0.0,0.0,0.0,0.0,0.0,0.0,0.0,0.0,0.0,0.0,0.0,0.0,0.0,0.0,0.0,0.0,0.0,0.0,0.0,0.0,0.0,0.0,0.0,0.0,0.0,0.0,0.0,0.0,0.0,0.0,0.0,0.0,0.0,0.0,0.0,0.0,0.0,0.0,0.0,0.0,0.0,0.0,0.0,0.0,0.0,0.0
50.0,0.0,0.0,0.0,0.0,0.0,0.0,0.0,0.0,0.0,0.0,0.0,0.0,0.0,0.0,0.0,0.0,0.0,0.0,0.0,0.0,0.0,0.0,0.0,0.0,0.0,0.0,0.0,0.0,0.0,0.0,0.0,0.0,0.0,0.0,0.0,0.0,0.0,0.0,0.0,0.0,0.0,0.0,0.0,0.0,0.0,0.0,0.0,0.0
50.0,0.0,0.0,0.0,0.0,0.0,0.0,0.0,0.0,0.0,0.0,0.0,0.0,0.0,0.0,0.0,0.0,0.0,0.0,0.0,0.0,0.0,0.0,0.0,0.0,0.0,0.0,0.0,0.0,0.0,0.0,0.0,0.0,0.0,0.0,0.0,0.0,0.0,0.0,0.0,0.0,0.0,0.0,0.0,0.0,0.0,0.0,0.0,0.0
0.0,0.0,0.0,0.0,0.0,0.0,0.0,0.0,0.0,0.0,0.0,0.0,0.0,0.0,0.0,0.0,0.0,0.0,0.0,0.0,0.0,0.0,0.0,0.0,0.0,0.0,0.0,0.0,0.0,0.0,0.0,0.0,0.0,0.0,0.0,0.0,0.0,0.0,0.0,0.0,0.0,0.0,0.0,0.0,0.0,0.0,0.0,0.0,0.0
0.0,0.0,0.0,0.0,0.0,0.0,0.0,0.0,0.0,0.0,0.0,0.0,0.0,0.0,0.0,0.0,0.0,0.0,0.0,0.0,0.0,0.0,0.0,0.0,0.0,0.0,0.0,0.0,0.0,0.0,0.0,0.0,0.0,0.0,0.0,0.0,0.0,0.0,0.0,0.0,0.0,0.0,0.0,0.0,0.0,0.0,0.0,0.0,0.0
150.0,196.20078107763499,161.00078107763503,211.00078107763503,211.00078107763503,0.0,0.0,0.0,0.0,0.0,0.0,0.0,0.0,0.0,0.0,0.0,0.0,0.0,0.0,0.0,0.0,0.0,0.0,0.0,0.0,0.0,0.0,0.0,0.0,0.0,0.0,0.0,0.0,0.0,0.0,0.0,0.0,0.0,0.0,0.0,0.0,0.0,0.0,0.0,0.0,0.0,0.0,0.0,0.0
150.0,99.99999999999986,123.6,73.6,73.6,0.0,0.0,0.0,0.0,0.0,0.0,0.0,0.0,0.0,0.0,0.0,0.0,0.0,0.0,0.0,0.0,0.0,0.0,0.0,0.0,0.0,0.0,0.0,0.0,0.0,0.0,0.0,0.0,0.0,0.0,0.0,0.0,0.0,0.0,0.0,0.0,0.0,0.0,0.0,0.0,0.0,0.0,0.0,0.0
150.0,200.00000000000017,211.6,211.6,211.6,0.0,0.0,0.0,0.0,0.0,0.0,0.0,0.0,0.0,0.0,0.0,0.0,0.0,0.0,0.0,0.0,0.0,0.0,0.0,0.0,0.0,0.0,0.0,0.0,0.0,0.0,0.0,0.0,0.0,0.0,0.0,0.0,0.0,0.0,0.0,0.0,0.0,0.0,0.0,0.0,0.0,0.0,0.0,0.0
0.0,0.0,0.0,0.0,0.0,0.0,0.0,0.0,0.0,0.0,0.0,0.0,0.0,0.0,0.0,0.0,0.0,0.0,0.0,0.0,0.0,0.0,0.0,0.0,0.0,0.0,0.0,0.0,0.0,0.0,0.0,0.0,0.0,0.0,0.0,0.0,0.0,0.0,0.0,0.0,0.0,0.0,0.0,0.0,0.0,0.0,0.0,0.0,0.0
0.0,0.0,0.0,0.0,0.0,0.0,0.0,0.0,0.0,0.0,0.0,0.0,0.0,0.0,0.0,0.0,0.0,0.0,0.0,0.0,0.0,0.0,0.0,0.0,0.0,0.0,0.0,0.0,0.0,0.0,0.0,0.0,0.0,0.0,0.0,0.0,0.0,0.0,0.0,0.0,0.0,0.0,0.0,0.0,0.0,0.0,0.0,0.0,0.0
0.0,0.0,0.0,0.0,0.0,0.0,0.0,0.0,0.0,0.0,0.0,0.0,0.0,0.0,0.0,0.0,0.0,0.0,0.0,0.0,0.0,0.0,0.0,0.0,0.0,0.0,0.0,0.0,0.0,0.0,0.0,0.0,0.0,0.0,0.0,0.0,0.0,0.0,0.0,0.0,0.0,0.0,0.0,0.0,0.0,0.0,0.0,0.0,0.0
100.0,121.9,45.50837400631474,45.50837400631474,121.9,121.9,121.90000000000003,121.9,121.9,0.0,0.0,0.0,0.0,0.0,0.0,0.0,0.0,0.0,0.0,0.0,0.0,0.0,0.0,0.0,0.0,0.0,0.0,0.0,0.0,0.0,0.0,0.0,0.0,0.0,0.0,0.0,0.0,0.0,0.0,0.0,0.0,0.0,0.0,0.0,0.0,0.0,0.0,0.0,0.0
100.0,45.508374006341796,121.9,121.9,121.9,121.9,121.9,121.9,121.9,0.0,0.0,0.0,0.0,0.0,0.0,0.0,0.0,0.0,0.0,0.0,0.0,0.0,0.0,0.0,0.0,0.0,0.0,0.0,0.0,0.0,0.0,0.0,0.0,0.0,0.0,0.0,0.0,0.0,0.0,0.0,0.0,0.0,0.0,0.0,0.0,0.0,0.0,0.0,0.0
100.0,121.9,121.9,121.9,45.50837400631474,121.90000000000003,121.9,121.90000000000003,121.90000000000003,0.0,0.0,0.0,0.0,0.0,0.0,0.0,0.0,0.0,0.0,0.0,0.0,0.0,0.0,0.0,0.0,0.0,0.0,0.0,0.0,0.0,0.0,0.0,0.0,0.0,0.0,0.0,0.0,0.0,0.0,0.0,0.0,0.0,0.0,0.0,0.0,0.0,0.0,0.0,0.0
0.0,0.0,0.0,0.0,0.0,0.0,0.0,0.0,0.0,0.0,0.0,0.0,0.0,0.0,0.0,0.0,0.0,0.0,0.0,0.0,0.0,0.0,0.0,0.0,0.0,0.0,0.0,0.0,0.0,0.0,0.0,0.0,0.0,0.0,0.0,0.0,0.0,0.0,0.0,0.0,0.0,0.0,0.0,0.0,0.0,0.0,0.0,0.0,0.0
38.0,48.3,16.8,16.8,35.25167868753074,16.8,16.8,48.3,48.3,16.8,48.3,16.8,16.8,16.8,48.3,48.3,24.238579963401733,48.3,48.3,0.0,0.0,0.0,0.0,0.0,0.0,0.0,0.0,0.0,0.0,0.0,0.0,0.0,0.0,0.0,0.0,0.0,0.0,0.0,0.0,0.0,0.0,0.0,0.0,0.0,0.0,0.0,0.0,0.0,0.0
38.0,16.8,16.8,35.25167868753074,16.8,48.3,35.25167868753074,16.8,16.8,48.3,16.8,16.8,16.8,0.0,0.0,0.0,0.0,0.0,0.0,0.0,0.0,0.0,0.0,0.0,0.0,0.0,0.0,0.0,0.0,0.0,0.0,0.0,0.0,0.0,0.0,0.0,0.0,0.0,0.0,0.0,0.0,0.0,0.0,0.0,0.0,0.0,0.0,0.0,0.0
38.0,35.251678687541826,16.8,16.8,16.8,35.25167868753074,48.3,16.8,35.25167868753074,16.8,35.25167868753074,41.250611529458865,41.25061152948659,16.8,16.8,16.8,16.8,24.238579963401733,24.238579963401733,0.0,0.0,0.0,0.0,0.0,0.0,0.0,0.0,0.0,0.0,0.0,0.0,0.0,0.0,0.0,0.0,0.0,0.0,0.0,0.0,0.0,0.0,0.0,0.0,0.0,0.0,0.0,0.0,0.0,0.0
0.0,16.8,48.3,48.3,48.3,16.8,16.8,35.25167868753074,16.8,35.25167868753074,16.8,16.8,16.8,48.3,16.8,48.3,48.3,16.8,16.8,0.0,0.0,0.0,0.0,0.0,0.0,0.0,0.0,0.0,0.0,0.0,0.0,0.0,0.0,0.0,0.0,0.0,0.0,0.0,0.0,0.0,0.0,0.0,0.0,0.0,0.0,0.0,0.0,0.0,0.0
0.0,16.8,35.25167868753074,16.8,16.8,16.8,16.8,16.8,16.8,16.8,16.8,16.8,16.8,26.550611529428394,26.550611529428394,24.238579963401733,48.3,48.3,48.3,0.0,0.0,0.0,0.0,0.0,0.0,0.0,0.0,0.0,0.0,0.0,0.0,0.0,0.0,0.0,0.0,0.0,0.0,0.0,0.0,0.0,0.0,0.0,0.0,0.0,0.0,0.0,0.0,0.0,0.0
95.0,38.0,38.0,38.0,38.0,38.0,108.74162583141282,38.0,38.0,108.74162583141282,38.0,38.0,38.0,108.74162583141282,38.0,38.0,38.0,67.16911531434573,38.0,38.0,38.0,43.50210927966472,43.50210927966472,0.0,0.0,0.0,0.0,0.0,0.0,0.0,0.0,0.0,0.0,0.0,0.0,0.0,0.0,0.0,0.0,0.0,0.0,0.0,0.0,0.0,0.0,0.0,0.0,0.0,0.0
95.0,42.24992522798544,38.0,109.25,109.25,38.0,38.0,38.0,108.74162583141282,38.0,38.0,38.0,38.0,38.0,38.0,67.16911531434798,38.0,38.0,38.0,109.25,43.50210927966472,38.0,38.0,0.0,0.0,0.0,0.0,0.0,0.0,0.0,0.0,0.0,0.0,0.0,0.0,0.0,0.0,0.0,0.0,0.0,0.0,0.0,0.0,0.0,0.0,0.0,0.0,0.0,0.0
95.0,38.0,109.25,38.0,42.249925227920215,38.0,38.0,38.0,38.0,38.0,38.0,108.74162583141282,108.74162583141282,38.0,108.74162583141282,38.0,67.16911531434573,38.0,67.16911531434573,38.0,38.0,38.0,109.25,0.0,0.0,0.0,0.0,0.0,0.0,0.0,0.0,0.0,0.0,0.0,0.0,0.0,0.0,0.0,0.0,0.0,0.0,0.0,0.0,0.0,0.0,0.0,0.0,0.0,0.0
0.0,109.25,42.249925227920215,42.249925227920215,38.0,108.741625831415,38.0,108.74162583141282,38.0,38.0,108.74162583141282,38.0,38.0,38.0,38.0,38.0,38.0,38.0,38.0,43.50210927966472,109.25,109.25,38.0,0.0,0.0,0.0,0.0,0.0,0.0,0.0,0.0,0.0,0.0,0.0,0.0,0.0,0.0,0.0,0.0,0.0,0.0,0.0,0.0,0.0,0.0,0.0,0.0,0.0,0.0
80.0,42.29300268444446,32.8,94.3,42.29300268444446,32.8,32.8,32.8,32.8,42.29300268444446,32.8,32.8,32.8,69.76685935312709,69.76685935334699,32.8,32.8,32.8,32.8,32.8,32.8,32.8,32.8,32.8,66.34624177511928,66.34624177698193,32.8,32.8,32.8,32.8,32.8,32.8,32.8,32.8,32.8,0.0,0.0,0.0,0.0,0.0,0.0,0.0,0.0,0.0,0.0,0.0,0.0,0.0,0.0
80.0,32.8,32.8,32.8,94.3,42.29300268444446,42.29300268444446,42.29300268444446,42.29300268444446,94.3,32.8,94.3,42.29300268444446,32.8,32.8,32.8,32.8,66.34624176999857,32.8,32.8,32.8,32.8,66.34624177325664,32.8,32.8,32.8,32.8,32.8,36.460846038810885,32.8,36.460846038810885,70.6670218748152,70.6670218748152,32.8,0.0,0.0,0.0,0.0,0.0,0.0,0.0,0.0,0.0,0.0,0.0,0.0,0.0,0.0,0.0
80.0,94.3,42.29300268444446,42.29300268444446,32.8,32.8,32.8,94.3,32.8,32.8,94.3,42.29300268444446,32.8,32.8,32.8,32.8,32.8,32.8,32.8,66.34624177046267,32.8,66.34624177232531,32.8,66.34624177325664,32.8,32.8,32.8,32.8,32.8,36.460846038810885,32.8,32.8,32.8,32.8,94.3,0.0,0.0,0.0,0.0,0.0,0.0,0.0,0.0,0.0,0.0,0.0,0.0,0.0,0.0
80.0,32.8,94.3,32.8,32.8,94.3,94.3,32.8,94.3,32.8,42.29300268444446,32.8,94.3,32.8,32.8,69.76685935334699,69.76685935381265,32.8,66.34624177092833,32.8,66.34624177046267,32.8,32.8,32.8,32.8,32.8,66.34624177884457,36.460846038812505,32.8,32.8,32.8,32.8,32.8,70.6670218748152,41.96702187481522,0.0,0.0,0.0,0.0,0.0,0.0,0.0,0.0,0.0,0.0,0.0,0.0,0.0,0.0
16.48,0.0,0.0,0.0,0.0,0.0,0.0,0.0,0.0,0.0,0.0,0.0,0.0,0.0,0.0,0.0,0.0,0.0,0.0,0.0,0.0,0.0,0.0,0.0,0.0,0.0,0.0,0.0,0.0,0.0,0.0,0.0,0.0,0.0,0.0,0.0,0.0,0.0,0.0,0.0,0.0,0.0,0.0,0.0,0.0,0.0,0.0,0.0,0.0
0.0,0.0,0.0,0.0,0.0,0.0,0.0,0.0,0.0,0.0,0.0,0.0,0.0,0.0,0.0,0.0,0.0,0.0,0.0,0.0,0.0,0.0,0.0,0.0,0.0,0.0,0.0,0.0,0.0,0.0,0.0,0.0,0.0,0.0,0.0,0.0,0.0,0.0,0.0,0.0,0.0,0.0,0.0,0.0,0.0,0.0,0.0,0.0,0.0
10.88,20.002656965298364,10.88,20.002656965298364,10.88,10.88,0.0,0.0,0.0,0.0,0.0,0.0,0.0,0.0,0.0,0.0,0.0,0.0,0.0,0.0,0.0,0.0,0.0,0.0,0.0,0.0,0.0,0.0,0.0,0.0,0.0,0.0,0.0,0.0,0.0,0.0,0.0,0.0,0.0,0.0,0.0,0.0,0.0,0.0,0.0,0.0,0.0,0.0,0.0
10.88,10.88,20.002656965298364,0.0,0.0,0.0,0.0,0.0,0.0,0.0,0.0,0.0,0.0,20.002656965299273,20.002656965299273,20.002656965299273,20.002656965299273,20.002656965299273,20.002656965299273,10.88,20.002656965299273,10.88,20.002656965299273,30.00265696529928,30.88265696529767,0.0,0.0,0.0,0.0,0.0,0.0,0.0,0.0,0.0,0.0,0.0,0.0,0.0,0.0,0.0,0.0,10.88,10.88,10.88,10.88,10.88,10.88,10.88,12.387073037764594
0.0,0.0,0.0,10.88,20.002656965298364,20.002656965298364,20.002656965298364,20.002656965298364,10.88,10.88,10.88,20.002656965299273,20.002656965299273,0.0,0.0,0.0,0.0,0.0,0.0,0.0,0.0,0.0,0.0,0.0,0.0,0.0,0.0,0.0,0.0,0.0,0.0,0.0,0.0,0.0,0.0,0.0,0.0,0.0,0.0,0.0,0.0,0.0,0.0,0.0,0.0,0.0,0.0,10.88,20.880000000000003
0.0,0.0,0.0,0.0,0.0,0.0,10.88,10.88,20.002656965298364,20.002656965298364,20.002656965299273,10.88,10.88,10.88,10.88,10.88,10.88,10.88,10.88,20.002656965299273,10.88,20.002656965299273,10.88,0.0,0.0,0.0,0.0,0.0,0.0,0.0,0.0,0.0,0.0,0.0,0.0,0.0,0.0,0.0,0.0,0.0,0.0,0.0,0.0,0.0,0.0,0.0,0.0,0.0,0.0
6.4,11.40230610738294,11.402306107382842,11.402306107382842,0.0,0.0,0.0,0.0,0.0,0.0,0.0,0.0,0.0,0.0,9.390134441374144,9.390134441374144,9.390134441374144,9.390134441374144,9.390134441374144,9.390134441374144,9.390134441374144,9.390134441374144,9.390134441374144,9.390134441374144,9.390134441374144,9.390134441374144,9.390134441374144,9.390134441374144,9.390134441374144,9.390134441374144,9.390134441374144,0.0,0.0,0.0,0.0,0.0,0.0,0.0,0.0,0.0,0.0,0.0,0.0,0.0,0.0,0.0,0.0,0.0,0.0
0.0,0.0,0.0,0.0,11.402306107382842,11.402306107382842,11.402306107382842,9.390134441374144,9.390134441374144,9.390134441374144,9.390134441374144,9.390134441374144,9.390134441374144,9.390134441374144,0.0,0.0,0.0,0.0,0.0,0.0,0.0,0.0,0.0,0.0,0.0,0.0,0.0,0.0,0.0,0.0,0.0,0.0,0.0,0.0,0.0,0.0,0.0,0.0,0.0,0.0,0.0,0.0,0.0,0.0,0.0,0.0,0.0,0.0,0.0
150.0,0.0,0.0,0.0,0.0,0.0,0.0,0.0,0.0,0.0,0.0,0.0,0.0,0.0,0.0,0.0,0.0,0.0,0.0,0.0,0.0,0.0,0.0,0.0,0.0,0.0,0.0,74.4,74.4,74.4,74.4,74.4,74.4,74.4,114.4,154.4,114.4,0.0,0.0,0.0,0.0,0.0,0.0,0.0,0.0,0.0,0.0,0.0,0.0
150.0,0.0,0.0,0.0,0.0,0.0,0.0,0.0,0.0,0.0,0.0,0.0,0.0,0.0,0.0,0.0,0.0,0.0,0.0,0.0,0.0,74.4,74.4,74.4,74.4,74.4,74.4,74.4,74.4,74.4,74.4,74.4,74.4,74.4,74.4,114.4,74.4,0.0,0.0,0.0,0.0,0.0,0.0,0.0,0.0,0.0,0.0,0.0,0.0
150.0,0.0,0.0,0.0,0.0,0.0,0.0,0.0,0.0,0.0,0.0,0.0,0.0,0.0,0.0,0.0,0.0,0.0,0.0,0.0,0.0,0.0,0.0,0.0,0.0,74.4,74.4,74.4,74.4,74.4,74.4,74.4,74.4,74.4,74.4,114.4,74.4,0.0,0.0,0.0,0.0,0.0,0.0,0.0,0.0,0.0,0.0,0.0,0.0
150.0,0.0,0.0,0.0,0.0,0.0,0.0,0.0,0.0,0.0,0.0,0.0,0.0,0.0,0.0,0.0,0.0,0.0,0.0,0.0,0.0,0.0,0.0,0.0,0.0,74.39999874101201,74.4,74.4,74.4,74.4,74.4,74.4,74.4,74.4,114.4,154.4,114.4,0.0,0.0,0.0,0.0,0.0,0.0,0.0,0.0,0.0,0.0,0.0,0.0
150.0,110.0,0.0,0.0,0.0,0.0,0.0,0.0,0.0,0.0,0.0,0.0,0.0,0.0,0.0,0.0,0.0,0.0,0.0,0.0,0.0,0.0,0.0,0.0,0.0,74.4,74.4,74.4,74.4,74.4,74.4,74.4,74.4,74.4,110.45863362101261,150.4586336210126,110.45863362101261,0.0,0.0,0.0,0.0,0.0,0.0,0.0,0.0,0.0,0.0,0.0,0.0
0.0,0.0,0.0,0.0,0.0,0.0,0.0,0.0,0.0,0.0,0.0,0.0,0.0,0.0,0.0,0.0,0.0,0.0,0.0,0.0,0.0,0.0,0.0,0.0,0.0,0.0,0.0,0.0,0.0,74.4,74.4,74.4,74.4,74.4,114.4,154.4,114.4,74.4,74.4,0.0,0.0,0.0,0.0,0.0,0.0,0.0,0.0,0.0,0.0
0.0,0.0,0.0,0.0,0.0,0.0,0.0,0.0,0.0,0.0,0.0,0.0,0.0,0.0,0.0,0.0,0.0,0.0,0.0,0.0,0.0,0.0,0.0,0.0,0.0,0.0,0.0,74.4,74.4,74.4,74.4,74.4,74.39999716885143,74.39999694597554,114.39999694597554,154.39999694597554,114.39999694597554,0.0,0.0,0.0,0.0,0.0,0.0,0.0,0.0,0.0,0.0,0.0,0.0
0.0,0.0,0.0,0.0,0.0,0.0,0.0,0.0,0.0,0.0,0.0,0.0,0.0,0.0,0.0,0.0,0.0,0.0,0.0,0.0,0.0,0.0,0.0,0.0,0.0,0.0,0.0,74.4,74.4,74.4,74.4,74.39999999999966,74.4,74.4,114.4,154.4,114.4,0.0,0.0,0.0,0.0,0.0,0.0,0.0,0.0,0.0,0.0,0.0,0.0
200.0,0.0,0.0,0.0,0.0,0.0,0.0,0.0,0.0,0.0,0.0,0.0,0.0,0.0,0.0,0.0,0.0,0.0,0.0,0.0,0.0,0.0,0.0,0.0,0.0,0.0,0.0,0.0,0.0,0.0,0.0,0.0,0.0,0.0,0.0,0.0,0.0,0.0,0.0,0.0,0.0,0.0,0.0,0.0,0.0,0.0,0.0,0.0,0.0
200.0,0.0,0.0,0.0,0.0,0.0,0.0,0.0,0.0,0.0,0.0,0.0,0.0,0.0,0.0,0.0,0.0,0.0,0.0,0.0,0.0,0.0,0.0,0.0,0.0,0.0,0.0,0.0,0.0,0.0,0.0,0.0,0.0,0.0,0.0,0.0,0.0,0.0,0.0,0.0,0.0,0.0,0.0,0.0,0.0,0.0,0.0,0.0,0.0
200.0,0.0,0.0,0.0,0.0,0.0,0.0,0.0,0.0,0.0,0.0,0.0,0.0,0.0,0.0,0.0,0.0,0.0,0.0,0.0,0.0,0.0,0.0,0.0,0.0,0.0,0.0,0.0,0.0,0.0,0.0,0.0,0.0,0.0,0.0,0.0,0.0,0.0,0.0,0.0,0.0,0.0,0.0,0.0,0.0,0.0,0.0,0.0,0.0
200.0,0.0,0.0,0.0,0.0,0.0,0.0,0.0,0.0,0.0,0.0,0.0,0.0,0.0,0.0,0.0,0.0,0.0,0.0,0.0,0.0,0.0,0.0,0.0,0.0,0.0,0.0,0.0,0.0,0.0,0.0,0.0,0.0,0.0,0.0,0.0,0.0,0.0,0.0,0.0,0.0,0.0,0.0,0.0,0.0,0.0,0.0,0.0,0.0
0.0,0.0,0.0,0.0,0.0,0.0,0.0,0.0,0.0,0.0,0.0,0.0,0.0,0.0,0.0,0.0,0.0,0.0,0.0,0.0,0.0,0.0,0.0,0.0,0.0,0.0,0.0,0.0,0.0,0.0,0.0,0.0,0.0,0.0,0.0,0.0,0.0,0.0,0.0,0.0,0.0,0.0,0.0,0.0,0.0,0.0,0.0,0.0,0.0
0.0,0.0,0.0,0.0,0.0,0.0,0.0,0.0,0.0,0.0,0.0,0.0,0.0,0.0,0.0,0.0,0.0,0.0,0.0,0.0,0.0,0.0,0.0,0.0,0.0,0.0,0.0,0.0,0.0,0.0,0.0,0.0,0.0,0.0,0.0,0.0,0.0,0.0,0.0,0.0,0.0,0.0,0.0,0.0,0.0,0.0,0.0,0.0,0.0
10.52,30.245,0.0,0.0,0.0,0.0,0.0,0.0,0.0,0.0,0.0,0.0,0.0,0.0,0.0,0.0,0.0,0.0,0.0,0.0,0.0,0.0,10.52,30.245,30.245,27.865297372508604,27.864305108600984,27.86331284469337,27.86232058078576,27.86132831687814,27.86033605297052,27.8593437890629,27.858351525155282,0.0,0.0,0.0,0.0,0.0,0.0,0.0,0.0,0.0,0.0,0.0,0.0,0.0,0.0,0.0,0.0
0.0,0.0,0.0,0.0,0.0,0.0,0.0,0.0,0.0,0.0,0.0,0.0,0.0,0.0,0.0,0.0,0.0,0.0,0.0,0.0,0.0,0.0,0.0,27.867281900323842,27.866289636416223,30.245,30.245,30.245,30.245,30.245,30.245,30.245,30.245,0.0,0.0,0.0,0.0,0.0,0.0,0.0,0.0,0.0,0.0,0.0,0.0,0.0,0.0,0.0,0.0
42.52,42.52,0.0,0.0,0.0,0.0,0.0,0.0,0.0,0.0,0.0,0.0,0.0,0.0,0.0,0.0,0.0,0.0,0.0,0.0,0.0,0.0,0.0,0.0,0.0,0.0,0.0,0.0,0.0,0.0,0.0,0.0,0.0,0.0,0.0,0.0,0.0,0.0,0.0,0.0,0.0,0.0,0.0,0.0,0.0,0.0,0.0,0.0,0.0
0.0,0.0,0.0,0.0,0.0,0.0,0.0,0.0,0.0,0.0,0.0,0.0,0.0,0.0,0.0,0.0,0.0,0.0,0.0,0.0,0.0,0.0,0.0,0.0,0.0,0.0,0.0,0.0,0.0,0.0,0.0,0.0,0.0,0.0,0.0,0.0,0.0,0.0,0.0,0.0,0.0,0.0,0.0,0.0,0.0,0.0,0.0,0.0,0.0
250.0,0.0,0.0,0.0,0.0,0.0,0.0,0.0,0.0,0.0,0.0,0.0,0.0,0.0,0.0,0.0,0.0,0.0,0.0,0.0,0.0,0.0,0.0,0.0,0.0,0.0,119.2,119.2,119.2,119.2,119.2,119.2,119.2,119.2,119.2,119.2,0.0,0.0,0.0,0.0,0.0,0.0,0.0,0.0,0.0,0.0,0.0,0.0,0.0
250.0,0.0,0.0,0.0,0.0,0.0,0.0,0.0,0.0,0.0,0.0,0.0,0.0,0.0,0.0,0.0,0.0,0.0,0.0,0.0,0.0,0.0,0.0,0.0,0.0,0.0,0.0,0.0,0.0,0.0,0.0,0.0,0.0,0.0,0.0,0.0,0.0,0.0,0.0,0.0,0.0,0.0,0.0,0.0,0.0,0.0,0.0,0.0,0.0
250.0,129.99999999999983,0.0,0.0,0.0,0.0,0.0,0.0,0.0,0.0,0.0,0.0,0.0,0.0,0.0,0.0,0.0,0.0,0.0,0.0,0.0,0.0,0.0,0.0,0.0,0.0,0.0,0.0,0.0,0.0,0.0,0.0,0.0,0.0,0.0,0.0,0.0,0.0,0.0,0.0,0.0,0.0,0.0,0.0,0.0,0.0,0.0,0.0,0.0
0.0,0.0,0.0,0.0,0.0,0.0,0.0,0.0,0.0,0.0,0.0,0.0,0.0,0.0,0.0,119.2,119.2,119.2,119.2,119.2,119.2,119.2,119.2,119.2,119.2,0.0,0.0,0.0,0.0,0.0,0.0,0.0,0.0,0.0,0.0,0.0,0.0,0.0,0.0,0.0,0.0,0.0,0.0,0.0,0.0,0.0,0.0,0.0,0.0
150.0,68.0,0.0,0.0,0.0,0.0,0.0,0.0,0.0,0.0,0.0,0.0,0.0,0.0,0.0,0.0,0.0,0.0,0.0,0.0,0.0,0.0,68.0,68.0,68.0,68.0,68.0,68.0,68.0,68.0,68.0,68.0,68.0,68.0,68.0,68.0,68.0,0.0,0.0,0.0,0.0,0.0,0.0,0.0,0.0,0.0,0.0,0.0,0.0
150.0,0.0,0.0,0.0,0.0,0.0,0.0,0.0,0.0,0.0,0.0,0.0,0.0,0.0,0.0,0.0,0.0,0.0,0.0,0.0,0.0,0.0,0.0,0.0,0.0,0.0,0.0,68.0,68.0,68.0,68.0,68.0,68.0,68.0,68.0,67.99999674384935,68.0,0.0,0.0,0.0,0.0,0.0,0.0,0.0,0.0,0.0,0.0,0.0,0.0
0.0,0.0,0.0,0.0,0.0,0.0,0.0,0.0,0.0,0.0,0.0,0.0,0.0,0.0,0.0,0.0,0.0,0.0,0.0,0.0,0.0,0.0,0.0,0.0,0.0,0.0,0.0,68.0,68.0,68.0,68.0,68.0,68.0,68.0,68.0,68.0,68.0,0.0,0.0,0.0,0.0,0.0,0.0,0.0,0.0,0.0,0.0,0.0,0.0
120.0,54.4,0.0,0.0,0.0,0.0,0.0,0.0,0.0,0.0,0.0,0.0,0.0,0.0,0.0,0.0,0.0,0.0,0.0,0.0,0.0,0.0,0.0,0.0,0.0,0.0,0.0,0.0,0.0,54.4,54.4,54.4,54.4,54.4,54.4,54.4,54.4,134.4,119.80730695555039,0.0,0.0,0.0,0.0,0.0,0.0,0.0,0.0,0.0,0.0
120.0,0.0,0.0,0.0,0.0,0.0,0.0,0.0,0.0,0.0,0.0,0.0,0.0,0.0,0.0,0.0,0.0,0.0,0.0,0.0,0.0,0.0,0.0,0.0,0.0,0.0,0.0,0.0,0.0,54.4,54.4,54.4,54.4,54.4,54.4,54.4,54.4,134.4,156.4,0.0,0.0,0.0,0.0,0.0,0.0,0.0,0.0,0.0,0.0
0.0,0.0,0.0,0.0,0.0,0.0,0.0,0.0,0.0,0.0,0.0,0.0,0.0,0.0,0.0,0.0,0.0,0.0,0.0,0.0,0.0,0.0,0.0,54.4,54.4,54.4,54.4,54.4,54.4,54.4,54.4,54.4,54.4,54.4,54.4,54.4,54.4,134.4,156.40000000000003,0.0,0.0,0.0,0.0,0.0,0.0,0.0,0.0,0.0,0.0
80.0,0.0,0.0,0.0,0.0,0.0,0.0,0.0,0.0,0.0,0.0,0.0,0.0,0.0,0.0,0.0,0.0,0.0,0.0,0.0,0.0,0.0,0.0,0.0,0.0,0.0,0.0,0.0,0.0,0.0,0.0,0.0,0.0,0.0,0.0,0.0,0.0,32.0,92.0,86.3656268075924,32.0,32.0,32.0,32.0,32.0,32.0,32.0,0.0,0.0
80.0,0.0,0.0,0.0,0.0,0.0,0.0,0.0,0.0,0.0,0.0,0.0,0.0,0.0,0.0,0.0,0.0,0.0,0.0,0.0,0.0,32.0,32.0,32.0,32.0,32.0,32.0,32.0,32.0,32.0,32.0,0.0,0.0,0.0,0.0,0.0,0.0,0.0,0.0,0.0,0.0,0.0,0.0,0.0,0.0,0.0,0.0,0.0,0.0
0.0,0.0,0.0,0.0,0.0,0.0,0.0,0.0,0.0,0.0,0.0,0.0,0.0,0.0,0.0,0.0,0.0,0.0,0.0,0.0,0.0,0.0,0.0,0.0,0.0,0.0,0.0,0.0,0.0,0.0,32.0,32.0,32.0,32.0,32.0,32.0,32.0,32.0,92.0,32.0,0.0,0.0,0.0,0.0,0.0,0.0,0.0,0.0,0.0
70.0,80.5,0.0,0.0,0.0,0.0,0.0,0.0,0.0,0.0,0.0,0.0,0.0,0.0,0.0,0.0,0.0,0.0,0.0,0.0,0.0,0.0,0.0,0.0,0.0,0.0,0.0,0.0,0.0,0.0,0.0,0.0,0.0,0.0,0.0,0.0,0.0,0.0,0.0,0.0,0.0,0.0,0.0,0.0,0.0,0.0,0.0,0.0,0.0
70.0,80.5,0.0,0.0,0.0,0.0,0.0,0.0,0.0,0.0,0.0,0.0,0.0,0.0,0.0,0.0,0.0,0.0,0.0,0.0,0.0,0.0,0.0,0.0,0.0,0.0,0.0,0.0,0.0,0.0,28.0,28.0,51.41727107701716,28.0,28.0,80.5,66.38642822353037,80.5,80.5,80.5,80.5,0.0,0.0,0.0,0.0,0.0,0.0,0.0,0.0
0.0,0.0,0.0,0.0,0.0,0.0,0.0,0.0,0.0,0.0,0.0,0.0,0.0,0.0,0.0,0.0,0.0,0.0,0.0,0.0,0.0,0.0,0.0,0.0,0.0,0.0,0.0,0.0,0.0,0.0,0.0,0.0,0.0,0.0,0.0,0.0,0.0,0.0,0.0,0.0,0.0,0.0,0.0,0.0,0.0,0.0,0.0,0.0,0.0
350.0,0.0,0.0,0.0,0.0,0.0,0.0,0.0,0.0,0.0,0.0,0.0,0.0,0.0,0.0,0.0,0.0,0.0,0.0,0.0,0.0,0.0,0.0,0.0,0.0,0.0,0.0,0.0,0.0,0.0,0.0,0.0,0.0,0.0,0.0,0.0,0.0,0.0,0.0,0.0,0.0,0.0,0.0,0.0,0.0,0.0,0.0,0.0,0.0
350.0,0.0,0.0,0.0,0.0,0.0,0.0,0.0,0.0,0.0,0.0,0.0,0.0,0.0,0.0,0.0,0.0,0.0,0.0,0.0,0.0,0.0,0.0,0.0,0.0,0.0,0.0,0.0,0.0,0.0,0.0,0.0,0.0,0.0,0.0,0.0,0.0,0.0,0.0,0.0,0.0,0.0,0.0,0.0,0.0,0.0,0.0,0.0,0.0
350.0,0.0,0.0,0.0,0.0,0.0,0.0,0.0,0.0,0.0,0.0,0.0,0.0,0.0,0.0,0.0,0.0,0.0,0.0,0.0,0.0,0.0,0.0,0.0,0.0,0.0,0.0,0.0,0.0,0.0,0.0,0.0,0.0,0.0,0.0,0.0,0.0,0.0,0.0,0.0,0.0,0.0,0.0,0.0,0.0,0.0,0.0,0.0,0.0
350.0,0.0,0.0,0.0,0.0,0.0,0.0,0.0,0.0,0.0,0.0,0.0,0.0,0.0,0.0,0.0,0.0,0.0,0.0,0.0,0.0,0.0,0.0,0.0,0.0,0.0,0.0,0.0,0.0,0.0,0.0,0.0,0.0,0.0,0.0,0.0,0.0,0.0,0.0,0.0,0.0,0.0,0.0,0.0,0.0,0.0,0.0,0.0,0.0
0.0,0.0,0.0,0.0,0.0,0.0,0.0,0.0,0.0,0.0,0.0,0.0,0.0,0.0,0.0,0.0,0.0,0.0,0.0,0.0,0.0,0.0,0.0,0.0,0.0,0.0,0.0,0.0,0.0,0.0,0.0,0.0,0.0,0.0,0.0,0.0,0.0,0.0,0.0,0.0,0.0,0.0,0.0,0.0,0.0,0.0,0.0,0.0,0.0
0.0,0.0,0.0,0.0,0.0,0.0,0.0,0.0,0.0,0.0,0.0,0.0,0.0,0.0,0.0,0.0,0.0,0.0,0.0,0.0,0.0,0.0,0.0,0.0,0.0,0.0,0.0,0.0,0.0,0.0,0.0,0.0,0.0,0.0,0.0,0.0,0.0,0.0,0.0,0.0,0.0,0.0,0.0,0.0,0.0,0.0,0.0,0.0,0.0
6.8,19.550000000000004,19.550000000000004,19.550000000000004,19.550000000000004,19.550000000000004,19.550000000000004,19.550000000000004,19.550000000000004,13.318397952400602,13.31839794945413,6.8,13.318397952400602,13.318397952400602,6.8,13.318397952400602,13.318397952400602,6.8,6.8,6.8,13.318397952400602,13.318397952400602,6.8,0.0,0.0,0.0,0.0,0.0,0.0,0.0,0.0,0.0,0.0,13.318397952400598,6.8,13.318397952400598,6.8,13.318397952400598,13.318397952400598,13.318397952400598,6.8,6.8,13.318397952400598,13.318397952400598,13.318397952400598,6.8,6.8,6.8,6.8
6.8,19.550000000000004,19.550000000000004,19.550000000000004,19.550000000000004,19.550000000000004,19.550000000000004,19.550000000000004,19.550000000000004,6.8,6.8,13.318397952400602,6.8,6.8,13.318397951222014,6.8,6.8,13.318397952400602,13.318397952400602,13.318397952400602,6.8,6.8,13.318397952400602,19.550000000000004,19.550000000000004,19.550000000000004,19.550000000000004,19.550000000000004,19.550000000000004,19.550000000000004,19.550000000000004,19.550000000000004,19.550000000000004,6.8,13.318397952400598,6.8,13.318397952400598,6.8,6.8,6.8,13.318397952400598,13.318397952400598,6.8,6.8,6.8,13.318397952400598,13.318397952400598,13.318397952400598,13.318397952400598
0.0,0.0,0.0,0.0,0.0,0.0,0.0,0.0,0.0,0.0,0.0,0.0,0.0,0.0,0.0,0.0,0.0,0.0,0.0,0.0,0.0,0.0,0.0,0.0,0.0,0.0,0.0,0.0,0.0,0.0,0.0,0.0,0.0,0.0,0.0,0.0,0.0,0.0,0.0,0.0,0.0,0.0,0.0,0.0,0.0,0.0,0.0,0.0,0.0
0.0,0.0,0.0,0.0,0.0,0.0,0.0,0.0,0.0,0.0,0.0,0.0,0.0,0.0,0.0,0.0,0.0,0.0,0.0,0.0,0.0,0.0,0.0,0.0,0.0,0.0,0.0,0.0,0.0,0.0,0.0,0.0,0.0,0.0,0.0,0.0,0.0,0.0,0.0,0.0,0.0,0.0,0.0,0.0,0.0,0.0,0.0,0.0,0.0
21.6,21.6,62.1,62.1,62.1,62.1,30.032655092293595,62.1,30.032655092293595,0.0,0.0,0.0,0.0,0.0,0.0,0.0,0.0,0.0,0.0,0.0,0.0,0.0,0.0,0.0,0.0,0.0,0.0,0.0,0.0,0.0,0.0,0.0,0.0,0.0,0.0,0.0,0.0,0.0,0.0,0.0,0.0,0.0,0.0,0.0,0.0,0.0,0.0,0.0,0.0
33.6,68.03265509229576,96.6,46.599999999999994,96.6,83.6,33.6,51.532655092293595,33.6,0.0,0.0,0.0,0.0,0.0,0.0,0.0,0.0,0.0,0.0,0.0,0.0,0.0,0.0,0.0,0.0,0.0,0.0,0.0,0.0,0.0,0.0,0.0,0.0,0.0,0.0,0.0,0.0,0.0,0.0,0.0,0.0,0.0,0.0,0.0,0.0,0.0,0.0,0.0,0.0
33.6,83.60000000000005,33.6,51.532655092293595,51.532655092293595,46.599999999999994,96.6,46.599999999999994,96.6,0.0,0.0,0.0,0.0,0.0,0.0,0.0,0.0,0.0,0.0,0.0,0.0,0.0,0.0,0.0,0.0,0.0,0.0,0.0,0.0,0.0,0.0,0.0,0.0,0.0,0.0,0.0,0.0,0.0,0.0,0.0,0.0,0.0,0.0,0.0,0.0,0.0,0.0,0.0,0.0
33.6,83.60000000000005,64.5326550922936,96.6,46.599999999999994,64.5326550922936,96.6,96.6,96.6,0.0,0.0,0.0,0.0,0.0,0.0,0.0,0.0,0.0,0.0,0.0,0.0,0.0,0.0,0.0,0.0,0.0,0.0,0.0,0.0,0.0,0.0,0.0,0.0,0.0,0.0,0.0,0.0,0.0,0.0,0.0,0.0,0.0,0.0,0.0,0.0,0.0,0.0,0.0,0.0
0.0,0.0,0.0,0.0,0.0,0.0,0.0,0.0,0.0,0.0,0.0,0.0,0.0,0.0,0.0,0.0,0.0,0.0,0.0,0.0,0.0,0.0,0.0,0.0,0.0,0.0,0.0,0.0,0.0,0.0,0.0,0.0,0.0,0.0,0.0,0.0,0.0,0.0,0.0,0.0,0.0,0.0,0.0,0.0,0.0,0.0,0.0,0.0,0.0
0.0,0.0,0.0,0.0,0.0,0.0,0.0,0.0,0.0,0.0,0.0,0.0,0.0,0.0,0.0,0.0,0.0,0.0,0.0,0.0,0.0,0.0,0.0,0.0,0.0,0.0,0.0,0.0,0.0,0.0,0.0,0.0,0.0,0.0,0.0,0.0,0.0,0.0,0.0,0.0,0.0,0.0,0.0,0.0,0.0,0.0,0.0,0.0,0.0
270.0,0.0,0.0,0.0,0.0,0.0,0.0,0.0,0.0,0.0,0.0,0.0,0.0,0.0,0.0,0.0,0.0,0.0,0.0,0.0,0.0,0.0,0.0,0.0,0.0,0.0,0.0,0.0,0.0,0.0,0.0,0.0,0.0,0.0,0.0,0.0,0.0,0.0,0.0,0.0,0.0,0.0,0.0,0.0,0.0,0.0,0.0,0.0,0.0
270.0,0.0,0.0,0.0,0.0,0.0,0.0,0.0,0.0,0.0,0.0,0.0,0.0,0.0,0.0,0.0,0.0,0.0,0.0,0.0,0.0,0.0,0.0,0.0,0.0,0.0,0.0,0.0,0.0,0.0,0.0,0.0,0.0,0.0,0.0,0.0,0.0,0.0,0.0,0.0,0.0,0.0,0.0,0.0,0.0,0.0,0.0,0.0,0.0
270.0,0.0,0.0,0.0,0.0,0.0,0.0,0.0,0.0,0.0,0.0,0.0,0.0,0.0,0.0,0.0,0.0,0.0,0.0,0.0,0.0,0.0,0.0,0.0,0.0,0.0,0.0,0.0,0.0,0.0,0.0,0.0,0.0,0.0,0.0,0.0,0.0,0.0,0.0,0.0,0.0,0.0,0.0,0.0,0.0,0.0,0.0,0.0,0.0
270.0,0.0,0.0,0.0,0.0,0.0,0.0,0.0,0.0,0.0,0.0,0.0,0.0,0.0,0.0,0.0,0.0,0.0,0.0,0.0,0.0,0.0,0.0,0.0,0.0,0.0,0.0,0.0,0.0,0.0,0.0,0.0,0.0,0.0,0.0,0.0,0.0,0.0,0.0,0.0,0.0,0.0,0.0,0.0,0.0,0.0,0.0,0.0,0.0
270.0,0.0,0.0,0.0,0.0,0.0,0.0,0.0,0.0,0.0,0.0,0.0,0.0,0.0,0.0,0.0,0.0,0.0,0.0,0.0,0.0,0.0,0.0,0.0,0.0,0.0,0.0,0.0,0.0,0.0,0.0,0.0,0.0,0.0,0.0,0.0,0.0,0.0,0.0,0.0,0.0,0.0,0.0,0.0,0.0,0.0,0.0,0.0,0.0
270.0,0.0,0.0,0.0,0.0,0.0,0.0,0.0,0.0,0.0,0.0,0.0,0.0,0.0,0.0,0.0,0.0,0.0,0.0,0.0,0.0,0.0,0.0,0.0,0.0,0.0,0.0,0.0,0.0,0.0,0.0,0.0,0.0,0.0,0.0,0.0,0.0,0.0,0.0,0.0,0.0,0.0,0.0,0.0,0.0,0.0,0.0,0.0,0.0
170.0,109.99999999999989,70.4,109.00869709662175,169.00869709662175,202.4,202.4,202.4,202.4,202.4,142.4,202.4,142.4,202.4,142.933388131024,202.4,202.4,202.4,202.4,202.4,202.4,202.4,142.4,202.4,202.4,202.4,202.4,202.4,202.4,142.9333881310249,142.4,202.4,202.4,202.4,202.4,202.4,202.4,202.4,202.4,202.4,142.4,202.4,202.4,142.4,202.4,202.4,202.4,202.4,145.31038393666586
170.0,142.4,202.4,142.4,202.4,202.4,142.4,202.4,142.4,202.4,202.4,202.4,202.4,202.4,202.4,202.4,202.4,142.4,142.4,202.4,202.4,142.4,202.4,142.4,202.4,202.4,202.4,202.4,202.4,202.4,202.4,202.4,142.4,202.4,142.4,142.4,202.4,202.4,202.4,202.4,202.4,202.4,202.4,202.4,202.4,202.4,202.4,202.4,202.4
170.0,202.4,202.4,142.4,108.00595298955068,168.00595298955068,202.4,142.4,202.4,201.89862794646433,202.4,142.4,142.4,202.4,202.4,142.4,202.4,202.4,202.4,202.4,142.4,202.4,202.4,202.4,202.4,202.4,202.4,142.4,202.4,202.4,142.4,82.4,142.4,202.4,202.4,202.4,202.4,202.4,202.4,202.4,202.4,202.4,202.4,147.9773245917877,87.97732459178769,146.91054832973896,202.4,142.4,202.4
170.0,202.4,202.4,202.4,142.4,202.4,202.4,142.4,106.50183682894294,166.50183682894294,202.4,202.4,202.4,202.4,202.4,202.4,202.4,202.4,202.4,202.4,202.4,202.4,202.4,202.4,142.4,202.4,142.4,142.4,202.4,202.4,202.4,161.8779821640801,202.4,202.4,160.277817771007,202.4,202.4,151.17765337793435,202.4,202.4,202.4,142.4,202.4,202.4,202.4,202.4,202.4,202.4,202.4
170.0,164.20771378932977,195.5,195.5,195.5,195.5,195.5,195.5,195.5,195.5,195.5,195.5,157.5963486147998,195.5,135.5,195.5,195.5,195.5,195.5,195.5,195.5,195.5,195.5,195.5,195.5,195.5,195.5,195.5,195.5,195.5,195.5,195.5,195.5,195.5,195.5,152.84442963998254,135.5,195.5,195.5,195.5,195.5,195.5,195.5,195.5,195.5,195.5,195.5,195.5,135.5
170.0,195.5,195.5,195.5,169.39267495691365,195.5,195.5,160.1032088824786,195.5,195.5,195.5,195.5,195.5,195.5,195.5,135.5,75.5,94.9454159984225,154.9454159984225,195.5,195.5,195.5,152.27847534330022,195.5,195.5,135.5,195.5,135.5,135.5,195.5,195.5,195.5,195.5,135.5,195.5,195.5,152.31104150895862,195.5,195.5,195.5,195.5,195.5,195.5,195.5,195.5,135.5,195.5,135.5,75.5
170.0,135.5,75.5,135.5,195.5,195.5,195.5,195.5,195.5,195.5,195.5,195.5,195.5,195.5,156.01219226047124,96.01219226047124,135.5,195.5,195.5,195.5,195.5,195.5,195.5,195.5,195.5,135.5,195.5,195.5,195.5,195.5,195.5,195.5,195.5,195.5,195.5,195.5,195.5,195.5,195.5,195.5,195.5,195.5,135.5,195.5,135.5,195.5,195.5,195.5,135.5
170.0,195.5,195.5,195.5,195.5,195.5,195.5,195.5,135.5,135.5,195.5,195.5,195.5,195.5,195.5,195.5,195.5,195.5,195.5,135.5,195.5,195.5,195.5,195.5,195.5,195.5,150.1449228192032,195.5,195.5,195.5,195.5,195.5,195.5,195.5,195.5,195.5,195.5,195.5,195.5,195.5,195.5,195.5,195.5,195.5,195.5,135.5,139.47716019871496,195.5,195.5
170.0,195.5,195.5,195.5,195.5,195.5,195.5,195.5,195.5,195.5,195.5,195.5,195.5,157.07896852251997,135.5,195.5,195.5,195.5,135.5,75.5,135.5,195.5,195.5,195.5,195.5,195.5,195.5,195.5,195.5,195.5,195.5,135.5,195.5,195.5,195.5,135.5,195.5,195.5,135.5,195.5,195.5,195.5,195.5,195.5,195.5,135.5,195.5,135.5,195.5
170.0,135.5,195.5,195.5,195.5,195.5,195.5,195.5,195.5,195.5,195.5,195.5,195.5,195.5,195.5,195.5,195.5,195.5,195.5,195.5,195.5,135.5,195.5,195.5,195.5,195.5,195.5,195.5,195.5,195.5,195.5,195.5,195.5,195.5,195.5,195.5,195.5,195.5,195.5,195.5,195.5,195.5,195.5,135.5,195.5,195.5,195.5,135.5,195.5
170.0,195.5,195.5,195.5,195.5,195.5,195.5,195.5,195.5,195.5,136.00137205353576,195.5,195.5,135.5,195.5,195.5,195.5,135.5,195.5,195.5,195.5,195.5,135.5,195.5,195.5,135.5,195.5,195.5,135.5,88.01137029510437,148.01137029510437,195.5,135.5,195.5,135.5,195.5,195.5,195.5,195.5,195.5,195.5,195.5,195.5,195.5,195.5,135.5,195.5,195.5,195.5
170.0,195.5,195.5,195.5,195.5,195.5,195.5,195.5,195.5,135.5,98.09772066833602,158.09772066833602,135.5,75.5,135.5,195.5,195.5,195.5,195.5,195.5,135.5,195.5,195.5,195.5,195.5,195.5,135.5,195.5,195.5,195.5,195.5,135.5,195.5,195.5,195.5,195.5,195.5,195.5,195.5,195.5,135.5,195.5,195.5,195.5,135.5,195.5,135.5,195.5,195.5
170.0,195.5,195.5,195.5,195.5,135.5,75.5,75.5,135.5,195.5,195.5,195.5,195.5,195.5,195.5,195.5,195.5,135.5,135.5,195.5,195.5,195.5,195.5,135.5,135.5,195.5,195.5,195.5,195.5,195.5,195.5,195.5,154.44459403305564,195.5,195.5,195.5,135.5,195.5,195.5,135.5,195.5,195.5,195.5,135.5,195.5,195.5,195.5,195.5,195.5
170.0,195.5,195.5,195.5,195.5,135.5,195.5,195.5,195.5,135.5,195.5,195.5,195.5,195.5,195.5,195.5,195.5,195.5,195.5,195.5,195.5,195.5,135.5,135.5,195.5,195.5,195.5,195.5,149.07814655715356,195.5,135.5,195.5,195.5,153.91120590203172,195.5,135.5,195.5,195.5,195.5,135.5,135.5,195.5,135.5,195.5,195.5,195.5,195.5,195.5,195.5
170.0,195.5,195.5,195.5,195.5,135.5,135.5,195.5,195.5,195.5,195.5,135.5,195.5,195.5,195.5,195.5,195.5,195.5,195.5,195.5,153.3452516053494,93.3452516053494,135.5,195.5,195.5,195.5,195.5,195.5,195.5,135.5,195.5,188.0,128.0,68.0,68.0,128.0,188.0,135.5,195.5,143.21087711588552,195.5,135.5,195.5,135.5,195.5,195.5,195.5,138.94377206769013,195.5
170.0,200.1,200.1,200.1,140.1,200.1,165.20458093601474,200.1,200.1,200.1,140.1,200.1,200.1,200.1,200.1,200.1,160.07880412944678,200.1,200.1,200.1,200.1,200.1,200.1,200.1,200.1,140.1,140.1,200.1,200.1,200.1,200.1,200.1,200.1,200.1,200.1,200.1,200.1,140.1,80.1,140.1,200.1,200.1,200.1,200.1,140.1,200.1,140.1,200.1,200.1
170.0,200.1,200.1,200.1,200.1,140.1,200.1,200.1,200.1,200.1,200.1,140.1,200.1,200.1,200.1,200.1,200.1,200.1,140.1,158.47863973637368,200.1,200.1,200.1,200.1,200.1,200.1,200.1,154.2115346881783,200.1,200.1,200.1,200.1,200.1,200.1,200.1,200.1,200.1,200.1,200.1,140.1,200.1,140.1,200.1,200.1,200.1,200.1,140.1,200.1,200.1
170.0,200.1,179.21006915015778,200.1,200.1,200.1,200.1,200.1,200.1,140.1,200.1,140.1,200.1,140.1,200.1,140.1,200.1,200.1,200.1,200.1,200.1,140.1,200.1,200.1,140.63338813102428,200.1,140.1,200.1,140.1,200.1,200.1,200.1,200.1,200.1,200.1,200.1,200.1,200.1,148.3442652469098,200.1,200.1,200.1,140.1,200.1,200.1,200.1,200.1,200.1,200.1
170.0,200.1,200.1,200.1,200.1,200.1,200.1,200.1,200.1,200.1,200.1,200.1,140.1,200.1,200.1,200.1,200.1,200.1,200.1,200.1,140.1,200.1,200.1,155.27831095022748,95.27831095022748,155.27831095022748,200.1,200.1,140.1,200.1,140.1,200.1,200.1,200.1,200.1,200.1,140.1,200.1,200.1,200.1,140.1,86.7441008538367,140.1,200.1,200.1,200.1,140.1,200.1,200.1
0.0,200.1,200.1,200.1,200.1,200.1,200.1,200.1,200.1,200.1,200.1,200.1,200.1,200.1,200.1,200.1,140.1,200.1,199.56661186897554,140.1,200.1,199.56661186897554,200.1,141.16677626204864,200.1,200.1,200.1,140.1,200.1,140.1,200.1,200.1,200.1,140.1,200.1,200.1,140.1,80.1,140.1,200.1,147.27748898486107,200.1,146.21071272281233,200.1,199.566611868976,200.1,200.1,200.1,200.1
14.0,0.0,0.0,0.0,0.0,0.0,0.0,0.0,0.0,0.0,0.0,0.0,0.0,0.0,0.0,0.0,0.0,0.0,0.0,0.0,0.0,0.0,0.0,0.0,0.0,0.0,0.0,0.0,0.0,0.0,0.0,0.0,0.0,0.0,0.0,0.0,0.0,0.0,0.0,0.0,0.0,0.0,0.0,0.0,0.0,0.0,0.0,0.0,0.0
14.0,0.0,0.0,0.0,0.0,0.0,0.0,0.0,0.0,0.0,0.0,0.0,0.0,0.0,0.0,0.0,0.0,0.0,0.0,0.0,0.0,0.0,0.0,0.0,0.0,0.0,0.0,0.0,0.0,0.0,0.0,0.0,0.0,0.0,0.0,0.0,0.0,0.0,0.0,0.0,0.0,0.0,0.0,0.0,0.0,0.0,0.0,0.0,0.0
14.0,0.0,0.0,0.0,0.0,0.0,0.0,0.0,0.0,0.0,0.0,0.0,0.0,0.0,0.0,0.0,0.0,0.0,0.0,0.0,0.0,0.0,0.0,0.0,0.0,0.0,0.0,0.0,0.0,0.0,0.0,0.0,0.0,0.0,0.0,0.0,0.0,0.0,0.0,0.0,0.0,0.0,0.0,0.0,0.0,0.0,0.0,0.0,0.0
14.0,0.0,0.0,0.0,0.0,0.0,0.0,0.0,0.0,0.0,0.0,0.0,0.0,0.0,0.0,0.0,0.0,0.0,0.0,0.0,0.0,0.0,0.0,0.0,0.0,0.0,0.0,0.0,0.0,0.0,0.0,0.0,0.0,0.0,0.0,0.0,0.0,0.0,0.0,0.0,0.0,0.0,0.0,0.0,0.0,0.0,0.0,0.0,0.0
19.2,39.20000000000003,33.51904341871291,33.51904341871291,53.51904341871291,33.51904341871291,52.719043418712914,55.2,55.2,36.719043418712914,36.719043418712914,36.719043418712914,36.719043418712914,36.719043418712914,55.2,55.2,36.719043418712914,55.2,36.719043418712914,36.719043418712914,36.719043418712914,55.2,55.2,36.719043418712914,36.719043418712914,0.0,0.0,0.0,0.0,0.0,0.0,0.0,0.0,0.0,0.0,0.0,0.0,0.0,0.0,0.0,0.0,0.0,0.0,0.0,0.0,0.0,0.0,0.0,0.0
19.2,33.519043418732295,19.2,19.2,19.2,19.2,39.2,36.719043418712914,36.719043418712914,55.2,55.2,55.2,55.2,55.2,36.719043418712914,36.719043418712914,55.2,36.719043418712914,55.2,55.2,55.2,36.719043418712914,36.719043418712914,55.2,55.2,0.0,0.0,0.0,0.0,0.0,0.0,0.0,0.0,0.0,0.0,0.0,0.0,0.0,0.0,0.0,0.0,0.0,0.0,0.0,0.0,0.0,0.0,0.0,0.0
19.2,19.2,39.2,39.2,19.2,39.2,0.0,0.0,0.0,0.0,0.0,0.0,0.0,0.0,0.0,0.0,0.0,0.0,0.0,0.0,0.0,0.0,0.0,0.0,0.0,0.0,0.0,0.0,0.0,0.0,0.0,0.0,0.0,0.0,0.0,0.0,0.0,0.0,0.0,0.0,0.0,0.0,0.0,0.0,0.0,0.0,0.0,0.0,0.0
17.52,50.370000000000005,33.9516828570075,50.370000000000005,17.52,33.9516828570075,50.370000000000005,17.52,17.52,17.52,17.52,17.52,50.370000000000005,50.370000000000005,38.101976199102054,17.52,17.52,38.101976199102054,38.10197619904169,38.10197619904169,50.370000000000005,50.370000000000005,17.52,38.10197619904169,50.370000000000005,50.370000000000005,17.52,17.52,50.370000000000005,38.10197619904169,17.52,50.370000000000005,50.370000000000005,17.52,17.52,50.370000000000005,38.10197619904169,0.0,0.0,0.0,0.0,0.0,0.0,0.0,0.0,0.0,0.0,21.36202549425762,21.36202549410051
17.52,33.9516828570075,50.370000000000005,33.9516828570075,33.9516828570075,50.370000000000005,33.9516828570075,33.9516828570075,33.9516828570075,33.9516828570075,33.9516828570075,50.370000000000005,17.52,17.52,50.370000000000005,50.370000000000005,38.101976199102054,50.370000000000005,50.370000000000005,17.52,38.10197619904169,17.52,38.10197619904169,17.52,17.52,17.52,38.10197619904169,38.10197619904169,38.10197619904169,50.370000000000005,50.370000000000005,38.10197619904169,17.52,50.370000000000005,38.10197619904169,38.10197619904169,50.370000000000005,0.0,0.0,0.0,0.0,0.0,0.0,0.0,0.0,0.0,0.0,0.0,0.0
17.52,17.52,17.52,17.52,50.370000000000005,17.52,17.52,50.370000000000005,50.370000000000005,50.370000000000005,50.370000000000005,33.9516828570075,33.9516828570075,38.10197619910356,17.52,38.10197619904169,50.370000000000005,17.52,17.52,50.370000000000005,17.52,38.10197619904169,50.370000000000005,50.370000000000005,38.10197619904169,38.10197619904169,50.370000000000005,50.370000000000005,17.52,17.52,38.10197619904169,17.52,38.10197619904169,38.10197619904169,50.370000000000005,17.52,17.52,21.362025494127796,21.362025492565987,21.36202549425762,21.36202549425762,21.36202549425762,21.36202549425762,21.36202549425762,21.36202549425762,21.36202549425762,21.36202549425762,0.0,0.0
35.2,0.0,0.0,0.0,0.0,0.0,0.0,0.0,0.0,0.0,0.0,0.0,0.0,0.0,0.0,0.0,0.0,0.0,0.0,0.0,0.0,0.0,0.0,0.0,0.0,0.0,0.0,0.0,0.0,0.0,0.0,0.0,0.0,0.0,0.0,0.0,0.0,0.0,0.0,0.0,0.0,0.0,0.0,0.0,0.0,0.0,0.0,0.0,0.0
35.2,0.0,0.0,0.0,0.0,0.0,0.0,0.0,0.0,0.0,0.0,0.0,0.0,0.0,0.0,0.0,0.0,0.0,0.0,0.0,0.0,0.0,0.0,0.0,0.0,0.0,0.0,0.0,0.0,0.0,0.0,0.0,0.0,0.0,0.0,0.0,0.0,0.0,0.0,0.0,0.0,0.0,0.0,0.0,0.0,0.0,0.0,0.0,0.0
35.2,0.0,0.0,0.0,0.0,0.0,0.0,0.0,0.0,0.0,0.0,0.0,0.0,0.0,0.0,0.0,0.0,0.0,0.0,0.0,0.0,0.0,0.0,0.0,0.0,0.0,0.0,0.0,0.0,0.0,0.0,0.0,0.0,0.0,0.0,0.0,0.0,0.0,0.0,0.0,0.0,0.0,0.0,0.0,0.0,0.0,0.0,0.0,0.0
46.32,46.32,121.88387368715495,46.32,121.88387368737347,46.32,46.32,46.32,121.88387368737347,46.32,46.32,46.32,121.88387368737347,0.0,0.0,0.0,0.0,0.0,0.0,0.0,0.0,0.0,0.0,0.0,0.0,0.0,0.0,0.0,0.0,0.0,0.0,0.0,0.0,0.0,0.0,0.0,0.0,0.0,0.0,0.0,0.0,0.0,0.0,0.0,0.0,0.0,0.0,0.0,0.0
46.32,46.32,46.32,46.32,46.32,46.32,46.32,121.88387368737347,46.32,121.88387368737347,121.88387368737347,46.32,46.32,0.0,0.0,0.0,0.0,0.0,0.0,0.0,0.0,0.0,0.0,0.0,0.0,0.0,0.0,0.0,0.0,0.0,0.0,0.0,0.0,0.0,0.0,0.0,0.0,0.0,0.0,0.0,0.0,0.0,0.0,0.0,0.0,0.0,0.0,0.0,0.0
46.32,121.8838736872504,46.32,121.88387368715495,46.32,121.88387368737347,121.88387368737347,46.32,46.32,46.32,46.32,121.88387368737347,46.32,0.0,0.0,0.0,0.0,0.0,0.0,0.0,0.0,0.0,0.0,0.0,0.0,0.0,0.0,0.0,0.0,0.0,0.0,0.0,0.0,0.0,0.0,0.0,0.0,0.0,0.0,0.0,0.0,0.0,0.0,0.0,0.0,0.0,0.0,0.0,0.0
64.6,185.725,185.725,185.725,185.725,185.725,121.66231398655876,185.725,185.725,185.725,185.725,185.725,185.725,185.725,185.725,185.725,185.725,185.725,185.725,121.66231398655876,185.725,185.725,185.725,185.725,121.66231398655876,185.725,121.66231398655876,185.725,121.66231398655876,185.725,121.66231398655876,121.66231398655876,185.725,121.66231398655876,185.725,185.725,185.725,185.725,185.725,185.725,121.66231398655876,185.725,185.725,121.66231398655876,185.725,185.725,185.725,185.725,185.725
64.6,185.725,185.725,185.725,185.725,185.725,185.725,185.725,121.66231398655876,185.725,121.66231398655876,121.66231398655876,185.725,185.725,185.725,121.66231398655876,185.725,185.725,185.725,185.725,185.725,185.725,185.725,185.725,185.725,121.66231398655876,185.725,185.725,185.725,185.725,185.725,185.725,185.725,185.725,185.725,185.725,185.725,185.725,185.725,121.66231398655876,185.725,185.725,185.725,185.725,121.66231398655876,121.66231398655876,185.725,185.725,185.725
64.6,185.725,185.725,185.725,121.66231398655876,185.725,185.725,121.66231398655876,185.725,185.725,185.725,185.725,121.66231398655876,185.725,185.725,185.725,185.725,185.725,185.725,185.725,185.725,121.66231398655876,121.66231398655876,185.725,185.725,185.725,185.725,185.725,185.725,185.725,185.725,185.725,185.725,185.725,185.725,185.725,185.725,121.66231398655876,121.66231398655876,185.725,185.725,185.725,185.725,185.725,185.725,185.725,185.725,121.66231398655876,121.66231398655876
0.0,185.725,185.725,121.66231398655876,185.725,185.725,185.725,185.725,185.725,185.725,185.725,185.725,185.725,185.725,121.66231398655876,185.725,185.725,121.66231398655876,121.66231398655876,185.725,185.725,185.725,185.725,185.725,185.725,185.725,185.725,185.725,185.725,121.66231398655876,185.725,185.725,185.725,185.725,185.725,185.725,185.725,185.725,185.725,185.725,185.725,185.725,121.66231398655876,185.725,185.725,185.725,185.725,185.725,185.725
0.0,132.35187974478143,121.66231398655876,185.725,185.725,121.66231398655876,185.725,185.725,185.725,121.66231398655876,185.725,185.725,185.725,121.66231398655876,185.725,185.725,121.66231398655876,185.725,185.725,185.725,121.66231398655876,185.725,185.725,121.66231398655876,185.725,185.725,185.725,121.66231398655876,185.725,185.725,185.725,185.725,121.66231398655876,185.725,121.66231398655876,121.66231398655876,121.66231398655876,185.725,185.725,185.725,185.725,121.66231398655876,185.725,185.725,185.725,185.725,121.66231398655876,185.725,185.725
100.0,127.42000000000002,127.42000000000002,127.42000000000002,127.42000000000002,127.42000000000002,103.83303570812177,127.42000000000002,87.42000000000002,127.42000000000002,127.42000000000002,127.42000000000002,127.42000000000002,127.42000000000002,127.42000000000002,127.42000000000002,127.42000000000002,127.42000000000002,127.42000000000002,127.42000000000002,127.42000000000002,127.42000000000002,127.42000000000002,127.42000000000002,127.42000000000002,87.42000000000002,127.42000000000002,127.42000000000002,127.42000000000002,87.42000000000002,127.42000000000002,127.42000000000002,87.42000000000002,96.41303570812175,63.83303570812177,103.83303570812177,127.42000000000002,127.42000000000002,127.42000000000002,127.42000000000002,127.42000000000002,127.42000000000002,127.42000000000002,127.42000000000002,127.42000000000002,127.42000000000002,127.42000000000002,127.42000000000002,127.42000000000002
100.0,87.42000000000002,127.42000000000002,127.42000000000002,127.42000000000002,127.42000000000002,127.42000000000002,127.42000000000002,127.42000000000002,127.42000000000002,127.42000000000002,127.42000000000002,127.42000000000002,127.42000000000002,127.42000000000002,127.42000000000002,127.42000000000002,127.42000000000002,127.42000000000002,127.42000000000002,127.42000000000002,127.42000000000002,127.42000000000002,127.42000000000002,127.42000000000002,127.42000000000002,127.42000000000002,127.42000000000002,127.42000000000002,87.42000000000002,87.42000000000007,127.42000000000002,127.42000000000002,127.42000000000002,127.42000000000002,127.42000000000002,127.42000000000002,87.42000000000002,127.42000000000002,127.42000000000002,127.42000000000002,127.42000000000002,127.42000000000002,127.42000000000002,127.42000000000002,127.42000000000002,127.42000000000002,127.42000000000002,127.42000000000002
100.0,127.42000000000002,87.42000000000002,127.42000000000002,87.42000000000002,127.42000000000002,127.42000000000002,127.42000000000002,127.42000000000002,127.42000000000002,127.42000000000002,127.42000000000002,127.42000000000002,127.42000000000002,127.42000000000002,127.42000000000002,127.42000000000002,127.42000000000002,127.42000000000002,127.42000000000002,127.42000000000002,127.42000000000002,127.42000000000002,127.42000000000002,127.42000000000002,87.42000000000002,127.42000000000002,87.42000000000002,127.42000000000002,127.42000000000002,127.42000000000002,127.42000000000002,87.42000000000002,47.420000000000016,87.42000000000002,127.42000000000002,127.42000000000002,127.42000000000002,127.42000000000002,127.42000000000002,127.42000000000002,127.42000000000002,127.42000000000002,127.42000000000002,127.42000000000002,127.42000000000002,127.42000000000002,127.42000000000002,127.42000000000002
100.0,87.42000000000002,127.42000000000002,127.42000000000002,87.42000000000002,127.42000000000002,87.42000000000002,127.42000000000002,127.42000000000002,127.42000000000002,127.42000000000002,127.42000000000002,127.42000000000002,127.42000000000002,127.42000000000002,127.42000000000002,127.42000000000002,127.42000000000002,127.42000000000002,127.42000000000002,127.42000000000002,127.42000000000002,127.42000000000002,127.42000000000002,103.83303570812177,63.83303570812177,44.32,84.32,76.89999999999998,116.89999999999998,127.42000000000002,127.42000000000002,127.42000000000002,127.42000000000002,127.42000000000002,127.42000000000002,127.42000000000002,127.42000000000002,127.42000000000002,127.42000000000002,127.42000000000002,127.42000000000002,127.42000000000002,127.42000000000002,127.42000000000002,127.42000000000002,127.42000000000002,127.42000000000002,127.42000000000002
100.0,127.42000000000002,127.42000000000002,127.42000000000002,127.42000000000002,127.42000000000002,127.42000000000002,127.42000000000002,127.42000000000002,127.42000000000002,87.42000000000002,127.42000000000002,127.42000000000002,127.42000000000002,127.42000000000002,127.42000000000002,127.42000000000002,127.42000000000002,127.42000000000002,87.42000000000002,127.42000000000002,127.42000000000002,127.42000000000002,127.42000000000002,127.42000000000002,127.42000000000002,127.42000000000002,106.93303570812179,66.93303570812179,87.42000000000002,127.42000000000002,87.42000000000002,96.41303570812175,127.42000000000002,127.42000000000002,127.42000000000002,127.42000000000002,127.42000000000002,127.42000000000002,127.42000000000002,127.42000000000002,127.42000000000002,127.42000000000002,127.42000000000002,127.42000000000002,127.42000000000002,127.42000000000002,127.42000000000002,127.42000000000002
100.0,114.84000000000003,127.42000000000002,87.42000000000002,127.42000000000002,127.42000000000002,127.42000000000002,127.42000000000002,127.42000000000002,127.42000000000002,127.42000000000002,127.42000000000002,127.42000000000002,127.42000000000002,127.42000000000002,127.42000000000002,127.42000000000002,127.42000000000002,127.42000000000002,127.42000000000002,127.42000000000002,127.42000000000002,127.42000000000002,127.42000000000002,87.42000000000002,127.42000000000002,127.42000000000002,127.42000000000002,127.42000000000002,127.42000000000002,87.42000000000002,127.42000000000002,87.42000000000002,127.42000000000002,127.42000000000002,127.42000000000002,127.42000000000002,103.83303570812177,127.42000000000002,127.42000000000002,127.42000000000002,127.42000000000002,127.42000000000002,127.42000000000002,127.42000000000002,127.42000000000002,127.42000000000002,127.42000000000002,87.42000000000002
100.0,96.41303570812175,56.413035708121754,87.42000000000002,127.42000000000002,87.42000000000002,127.42000000000002,103.83303570812177,127.42000000000002,127.42000000000002,127.42000000000002,127.42000000000002,127.42000000000002,127.42000000000002,127.42000000000002,127.42000000000002,127.42000000000002,127.42000000000002,127.42000000000002,127.42000000000002,127.42000000000002,127.42000000000002,127.42000000000002,127.42000000000002,127.42000000000002,127.42000000000002,127.42000000000002,127.42000000000002,127.42000000000002,127.42000000000002,127.42000000000002,127.42000000000002,127.42000000000002,87.42000000000002,87.42000000000002,127.42000000000002,127.42000000000002,127.42000000000002,127.42000000000002,127.42000000000002,127.42000000000002,127.42000000000002,127.42000000000002,127.42000000000002,127.42000000000002,127.42000000000002,127.42000000000002,127.42000000000002,127.42000000000002
100.0,127.42000000000002,127.42000000000002,127.42000000000002,127.42000000000002,127.42000000000002,127.42000000000002,87.42000000000002,127.42000000000002,127.42000000000002,127.42000000000002,127.42000000000002,127.42000000000002,127.42000000000002,127.42000000000002,127.42000000000002,127.42000000000002,127.42000000000002,127.42000000000002,127.42000000000002,127.42000000000002,127.42000000000002,127.42000000000002,127.42000000000002,127.42000000000002,127.42000000000002,127.42000000000002,87.42000000000002,127.42000000000002,106.93303570812174,127.42000000000002,127.42000000000002,127.42000000000002,127.42000000000002,127.42000000000002,127.42000000000002,127.42000000000002,127.42000000000002,127.42000000000002,127.42000000000002,127.42000000000002,127.42000000000002,127.42000000000002,127.42000000000002,127.42000000000002,127.42000000000002,127.42000000000002,127.42000000000002,127.42000000000002
100.0,127.42000000000002,127.42000000000002,127.42000000000002,87.42000000000002,127.42000000000002,127.42000000000002,127.42000000000002,127.42000000000002,127.42000000000002,127.42000000000002,127.42000000000002,127.42000000000002,127.42000000000002,127.42000000000002,127.42000000000002,127.42000000000002,127.42000000000002,127.42000000000002,127.42000000000002,127.42000000000002,127.42000000000002,127.42000000000002,127.42000000000002,127.42000000000002,127.42000000000002,127.42000000000002,127.42000000000002,87.42000000000002,127.42000000000002,127.42000000000002,87.42000000000002,127.42000000000002,127.42000000000002,120.0,127.42000000000002,127.42000000000002,127.42000000000002,127.42000000000002,127.42000000000002,127.42000000000002,127.42000000000002,127.42000000000002,127.42000000000002,127.42000000000002,127.42000000000002,127.42000000000002,127.42000000000002,127.42000000000002
100.0,127.42000000000002,87.42000000000002,56.413035708121754,96.41303570812175,127.42000000000002,127.42000000000002,127.42000000000002,127.42000000000002,127.42000000000002,127.42000000000002,127.42000000000002,127.42000000000002,127.42000000000002,127.42000000000002,127.42000000000002,127.42000000000002,127.42000000000002,127.42000000000002,127.42000000000002,127.42000000000002,127.42000000000002,127.42000000000002,127.42000000000002,127.42000000000002,87.42000000000002,127.42000000000002,127.42000000000002,127.42000000000002,87.42000000000002,96.4130357081217,56.4130357081217,87.42000000000002,127.42000000000002,127.42000000000002,127.42000000000002,87.42000000000002,127.42000000000002,87.42000000000002,127.42000000000002,127.42000000000002,127.42000000000002,127.42000000000002,127.42000000000002,127.42000000000002,127.42000000000002,127.42000000000002,127.42000000000002,127.42000000000002
100.0,127.42000000000002,127.42000000000002,87.42000000000002,127.42000000000002,127.42000000000002,127.42000000000002,127.42000000000002,127.42000000000002,127.42000000000002,127.42000000000002,127.42000000000002,127.42000000000002,127.42000000000002,127.42000000000002,127.42000000000002,127.42000000000002,127.42000000000002,127.42000000000002,127.42000000000002,127.42000000000002,127.42000000000002,127.42000000000002,87.42000000000002,127.42000000000002,120.0,80.0,120.0,127.42000000000002,127.42000000000002,87.42000000000002,127.42000000000002,127.42000000000002,127.42000000000002,127.42000000000002,127.42000000000002,127.42000000000002,127.42000000000002,127.42000000000002,127.42000000000002,127.42000000000002,127.42000000000002,127.42000000000002,87.42000000000002,127.42000000000002,127.42000000000002,127.42000000000002,127.42000000000002,127.42000000000002
100.0,127.42000000000002,127.42000000000002,127.42000000000002,127.42000000000002,127.42000000000002,127.42000000000002,127.42000000000002,127.42000000000002,127.42000000000002,127.42000000000002,127.42000000000002,127.42000000000002,127.42000000000002,127.42000000000002,127.42000000000002,127.42000000000002,127.42000000000002,127.42000000000002,127.42000000000002,127.42000000000002,127.42000000000002,127.42000000000002,127.42000000000002,127.42000000000002,127.42000000000002,87.42000000000002,87.42000000000002,127.42000000000002,127.42000000000002,127.42000000000002,87.42000000000002,127.42000000000002,127.42000000000002,87.42000000000002,127.42000000000002,127.42000000000002,127.42000000000002,127.42000000000002,127.42000000000002,127.42000000000002,127.42000000000002,127.42000000000002,127.42000000000002,127.42000000000002,127.42000000000002,127.42000000000002,127.42000000000002,127.42000000000002
100.0,127.42000000000002,127.42000000000002,127.42000000000002,127.42000000000002,0.0,0.0,0.0,0.0,0.0,0.0,0.0,0.0,0.0,0.0,63.83303570812177,63.83303570812177,63.83303570812177,63.83303570812177,103.83303570812177,63.83303570812177,63.83303570812177,63.83303570812177,103.83303570812177,127.42000000000002,127.42000000000002,127.42000000000002,127.42000000000002,127.42000000000002,127.42000000000002,87.42000000000002,127.42000000000002,127.42000000000002,127.42000000000002,127.42000000000002,87.42000000000002,103.83303570812177,127.42000000000002,103.83303570812177,63.83303570812177,63.83303570812177,63.83303570812177,63.83303570812177,103.83303570812177,0.0,0.0,0.0,0.0,0.0
100.0,60.0,87.42000000000002,127.42000000000002,87.42000000000002,103.83303570812177,127.42000000000002,127.42000000000002,103.83303570812177,63.83303570812177,103.83303570812177,63.83303570812177,63.83303570812177,63.83303570812177,63.83303570812177,0.0,0.0,0.0,0.0,0.0,0.0,0.0,0.0,0.0,0.0,127.42000000000002,106.93303570812185,127.42000000000002,87.42000000000002,127.42000000000002,127.42000000000002,127.42000000000002,127.42000000000002,87.42000000000002,127.42000000000002,0.0,0.0,0.0,0.0,0.0,0.0,0.0,0.0,0.0,0.0,63.83303570812177,63.83303570812177,63.83303570812177,103.83303570812177
100.0,104.56908559791782,64.56908559791782,86.5,126.5,126.5,86.5,126.5,104.56908559787712,64.56908559787712,44.0,84.0,124.0,126.5,91.5,126.5,86.5,86.5,126.5,86.5,126.5,124.0,84.0,124.0,84.0,44.0,44.0,84.0,44.0,46.5,86.5,126.5,86.5,124.0,84.0,44.0,62.06908559787712,102.06908559787712,62.06908559787712,84.0,44.0,64.56908559787712,44.0,46.5,86.5,126.5,126.5,126.5,126.5
100.0,126.5,86.5,46.5,46.5,86.5,126.5,86.5,126.5,86.5,126.5,126.5,86.5,84.0,44.0,84.0,124.0,126.5,86.5,46.5,44.0,84.0,44.0,44.0,44.0,44.0,44.0,44.0,84.0,124.0,109.56908559787712,126.5,126.5,86.5,126.5,126.5,126.5,86.5,124.0,86.5,126.5,86.5,126.5,86.5,46.5,84.0,44.0,44.0,44.0
100.0,60.0,86.5,126.5,86.5,126.5,86.5,124.0,84.0,44.0,44.0,44.0,44.0,51.5,86.5,126.5,86.5,46.5,86.5,126.5,86.5,126.5,126.5,126.5,126.5,126.5,126.5,126.5,126.5,126.5,86.5,126.5,86.5,126.5,86.5,126.5,126.5,126.5,126.5,126.5,86.5,46.5,86.5,126.5,86.5,108.43091440212288,84.0,44.0,44.0
100.0,86.5,126.5,124.0,124.0,84.0,44.0,44.0,44.0,44.0,44.0,84.0,44.0,84.0,124.0,84.0,44.0,84.0,124.0,126.5,126.5,86.5,126.5,126.5,126.5,126.5,126.5,86.5,126.5,86.5,46.5,44.0,44.0,69.56908559787712,109.56908559787712,86.5,126.5,86.5,126.5,126.5,86.5,126.5,126.5,86.5,126.5,86.5,126.5,86.5,46.5
100.0,60.0,44.0,44.0,44.0,84.0,124.0,84.0,44.0,84.0,86.5,126.5,126.5,124.0,84.0,44.0,84.0,44.0,44.0,84.0,124.0,84.0,124.0,84.0,44.0,84.0,124.0,124.0,126.5,124.0,126.5,104.56908559787712,121.5,81.5,44.0,84.0,46.5,86.5,126.5,86.5,46.5,44.0,84.0,44.0,44.0,44.0,84.0,44.0,84.0
100.0,60.0,44.0,48.56908559787712,88.56908559787712,86.5,126.5,126.5,86.5,126.5,86.5,126.5,89.0,124.0,84.0,44.0,44.0,44.0,46.5,86.5,126.5,126.5,126.5,86.5,126.5,126.5,126.5,126.5,124.0,84.0,44.0,84.0,67.06908559787712,44.0,84.0,124.0,126.5,86.5,46.5,44.0,84.0,124.0,84.0,124.0,84.0,44.0,84.0,44.0,44.0
100.0,86.5,126.5,126.5,86.5,126.5,102.06908559787712,62.06908559787712,44.0,44.0,84.0,44.0,44.0,84.0,124.0,108.43091440212288,126.5,86.5,64.56908559787712,104.56908559787712,84.0,44.0,44.0,84.0,44.0,84.0,84.0,44.0,44.0,84.0,124.0,84.0,124.0,124.0,84.0,44.0,44.0,44.0,84.0,44.0,44.0,84.0,44.0,44.0,46.5,86.5,126.5,126.5,86.5
100.0,126.5,124.0,84.0,44.0,44.0,84.0,86.5,126.5,86.5,126.5,126.5,126.5,86.5,46.5,86.5,126.5,86.5,126.5,100.93091440212288,84.0,44.0,46.5,86.5,126.5,86.5,72.06908559787712,112.06908559787712,126.5,126.5,126.5,86.5,126.5,126.5,86.5,46.5,86.5,126.5,126.5,86.5,126.5,86.5,46.5,86.5,86.5,126.5,126.5,126.5,126.5
100.0,60.0,100.0,60.0,100.0,62.06908559787712,86.5,46.5,86.5,126.5,126.5,126.5,126.5,86.5,126.5,107.06908559787712,67.06908559787712,107.06908559787712,126.5,126.5,86.5,46.5,44.0,44.0,84.0,44.0,44.0,44.0,84.0,44.0,84.0,86.5,126.5,126.5,86.5,126.5,126.5,126.5,86.5,126.5,126.5,86.5,51.5,86.5,126.5,126.5,126.5,126.5,126.5
100.0,86.5,46.5,86.5,126.5,126.5,126.5,86.5,126.5,86.5,46.5,64.56908559787712,104.56908559787712,64.56908559787712,104.56908559787712,64.56908559787712,44.0,84.0,84.0,44.0,44.0,84.0,124.0,84.0,124.0,84.0,44.0,44.0,44.0,84.0,124.0,126.5,86.5,46.5,44.0,44.0,84.0,44.0,44.0,84.0,124.0,84.0,124.0,126.5,102.06908559787712,62.06908559787712,44.0,84.0,44.0
100.0,60.0,67.9999999999593,44.0,44.0,44.0,44.0,44.0,84.0,84.0,102.06908559787712,84.0,44.0,44.0,44.0,84.0,124.0,84.0,44.0,84.0,44.0,44.0,84.0,89.0,126.5,126.5,126.5,86.5,72.06908559787712,112.06908559787712,124.0,84.0,44.0,44.0,84.0,64.56908559787712,44.0,44.0,44.0,64.56908559787712,104.56908559787712,86.5,126.5,126.5,126.5,126.5,126.5,126.5,104.56908559787712
100.0,126.5,86.5,126.5,86.5,46.5,86.5,126.5,86.5,126.5,126.5,86.5,126.5,126.5,126.5,126.5,126.5,126.5,126.5,126.5,86.5,126.5,126.5,126.5,86.5,126.5,124.0,84.0,44.0,44.0,44.0,46.5,86.5,126.5,126.5,86.5,84.0,44.0,46.5,86.5,126.5,126.5,102.06908559787712,62.06908559787712,44.0,44.0,46.5,86.5,126.5
100.0,86.5,126.5,126.5,126.5,126.5,86.5,126.5,86.5,126.5,126.5,86.5,126.5,126.5,126.5,126.5,89.0,126.5,86.5,69.56908559787712,109.56908559787712,112.06908559787712,72.06908559787712,107.06908559787712,67.06908559787712,107.06908559787712,84.0,124.0,84.0,44.0,44.0,46.5,86.5,46.5,86.5,126.5,86.5,126.5,126.5,126.5,86.5,126.5,86.5,126.5,126.5,86.5,46.5,86.5,126.5
100.0,126.5,126.5,126.5,126.5,86.5,46.5,86.5,126.5,126.5,86.5,46.5,44.0,44.0,44.0,44.0,84.0,124.0,84.0,44.0,84.0,124.0,84.0,44.0,46.5,46.5,86.5,126.5,126.5,126.5,86.5,84.0,44.0,84.0,124.0,126.5,86.5,126.5,86.5,84.0,44.0,84.0,124.0,84.0,124.0,104.56908559787712,64.56908559787712,104.56908559787712,126.5
20.2,20.2,0.0,0.0,0.0,0.0,0.0,0.0,0.0,0.0,0.0,0.0,0.0,0.0,0.0,0.0,0.0,0.0,0.0,0.0,0.0,0.0,39.966196266557546,54.95548967799395,58.075,58.075,54.955531593899295,54.95554556586772,54.95555953783618,54.95557350980461,54.955587481773065,54.95560145374152,58.075,54.95562939767841,58.075,54.95565734161529,58.075,58.075,58.075,0.0,0.0,0.0,0.0,0.0,0.0,0.0,0.0,0.0,0.0
0.0,0.0,0.0,0.0,0.0,0.0,0.0,0.0,0.0,0.0,0.0,0.0,0.0,0.0,0.0,0.0,0.0,0.0,0.0,0.0,20.2,20.2,20.2,58.075,54.95550364996241,54.95551762193084,58.075,58.075,58.075,58.075,58.075,58.075,54.95561542570995,58.075,54.955643369646836,58.075,54.95567131358372,54.95568528555218,56.52831725487566,0.0,0.0,0.0,0.0,0.0,0.0,0.0,0.0,0.0,0.0
16.0,46.0,46.0,16.138998449880184,0.0,0.0,0.0,0.0,0.0,0.0,0.0,0.0,0.0,0.0,0.0,0.0,0.0,0.0,0.0,0.0,0.0,0.0,16.11584884211602,16.114784821025943,46.0,37.92773444063009,37.92773444063009,37.92773444063009,37.92773444063009,37.92773444063009,37.92773444063009,37.92773444063009,46.0,37.92773444063009,37.92773444063009,46.0,46.0,46.0,37.92773444063009,37.92773444063009,46.0,0.0,0.0,0.0,0.0,0.0,0.0,0.0,0.0
0.0,0.0,0.0,0.0,0.0,0.0,0.0,0.0,0.0,0.0,0.0,0.0,0.0,0.0,0.0,0.0,0.0,0.0,0.0,0.0,0.0,0.0,0.0,0.0,0.0,46.0,46.0,46.0,46.0,46.0,46.0,46.0,37.92773444063009,46.0,46.0,37.92773444063009,37.92773444063009,37.92773444063009,46.0,46.0,37.92773444063009,0.0,0.0,0.0,0.0,0.0,0.0,0.0,0.0
41.4,0.0,0.0,0.0,0.0,0.0,0.0,0.0,0.0,0.0,0.0,0.0,0.0,0.0,0.0,0.0,0.0,0.0,0.0,0.0,0.0,0.0,0.0,0.0,0.0,0.0,0.0,0.0,0.0,0.0,0.0,0.0,0.0,0.0,0.0,0.0,0.0,0.0,0.0,0.0,0.0,0.0,0.0,0.0,0.0,0.0,0.0,0.0,0.0
0.0,0.0,0.0,0.0,0.0,0.0,0.0,0.0,0.0,0.0,0.0,0.0,0.0,0.0,0.0,0.0,0.0,0.0,0.0,0.0,0.0,0.0,0.0,0.0,0.0,0.0,0.0,0.0,0.0,0.0,0.0,0.0,0.0,0.0,0.0,0.0,0.0,0.0,0.0,0.0,0.0,0.0,0.0,0.0,0.0,0.0,0.0,0.0,0.0
0.0,0.0,0.0,0.0,0.0,0.0,0.0,0.0,0.0,0.0,0.0,0.0,0.0,0.0,0.0,0.0,0.0,0.0,0.0,0.0,0.0,0.0,0.0,0.0,0.0,0.0,0.0,0.0,0.0,0.0,0.0,0.0,0.0,0.0,0.0,0.0,0.0,0.0,0.0,0.0,0.0,0.0,0.0,0.0,0.0,0.0,0.0,0.0,0.0
0.0,0.0,0.0,0.0,0.0,0.0,0.0,0.0,0.0,0.0,0.0,0.0,0.0,0.0,0.0,0.0,0.0,0.0,0.0,0.0,0.0,0.0,0.0,0.0,0.0,0.0,0.0,0.0,0.0,0.0,0.0,0.0,0.0,0.0,0.0,0.0,0.0,0.0,0.0,0.0,0.0,0.0,0.0,0.0,0.0,0.0,0.0,0.0,0.0
7.4,21.275,21.275,21.275,21.275,21.275,21.275,21.275,21.275,0.0,0.0,0.0,0.0,0.0,0.0,0.0,0.0,0.0,0.0,0.0,0.0,7.4,7.4,7.4,7.4,14.506327133464062,14.506327133464062,14.506327133464062,14.506327133464062,7.4,7.4,0.0,0.0,0.0,0.0,0.0,0.0,0.0,0.0,0.0,0.0,0.0,7.399999999999986,7.4,7.4,7.4,14.506327133464062,14.506327133464062,14.506327133464062
7.4,21.275,21.275,21.275,21.275,21.275,21.275,21.275,21.275,0.0,0.0,0.0,0.0,0.0,0.0,0.0,0.0,0.0,0.0,0.0,0.0,0.0,0.0,0.0,0.0,0.0,0.0,0.0,0.0,7.4,7.4,14.506327133464062,14.506327133464062,14.506327133464062,14.506327133464062,7.399999999999986,7.399999999999986,7.4,7.4,7.399999999999986,0.0,0.0,0.0,0.0,0.0,0.0,0.0,0.0,0.0
0.0,21.275,21.275,21.275,21.275,21.275,21.275,21.275,21.275,7.4,7.4,7.4,7.4,7.4,7.39999999801338,7.4,7.4,7.399999999999986,7.4,7.4,7.4,7.4,7.4,7.4,7.4,0.0,0.0,0.0,0.0,0.0,0.0,0.0,0.0,0.0,0.0,7.4,7.4,7.399999999999986,7.399999999999986,7.4,14.506327133464062,14.506327133464062,7.4,7.4,7.4,7.4,0.0,0.0,0.0
0.0,21.275,21.275,21.275,21.275,21.275,21.275,21.275,21.275,7.4,7.4,7.399999997019769,7.4,7.399999999999986,7.4,7.399999999999986,7.4,7.4,7.4,7.4,7.4,0.0,0.0,0.0,0.0,0.0,0.0,0.0,0.0,0.0,0.0,0.0,0.0,0.0,0.0,0.0,0.0,0.0,0.0,0.0,0.0,0.0,0.0,0.0,0.0,0.0,0.0,0.0,0.0
9.6,27.6,27.6,27.6,27.6,27.6,27.6,27.6,27.6,27.6,15.387110128787384,15.387110128787384,27.6,13.329653020563581,13.329653020563581,13.32965301806293,13.329653020563581,13.32965302056357,13.329653018896648,13.32965302056357,13.329653020563581,13.32965302056357,13.329653020563581,13.329653020563581,13.329653020563581,13.329653020563581,13.329653020563581,13.329653020563581,13.329653020563581,13.083238017289867,13.083238017289867,13.083238017289867,13.083238017289867,13.329653020563581,13.329653020563581,13.083238017289867,0.0,0.0,0.0,0.0,0.0,0.0,0.0,0.0,0.0,0.0,0.0,0.0,0.0
0.0,15.38711012877829,15.38711012877829,27.6,15.38711012877829,15.387110128780108,27.6,15.387110128783746,27.6,15.387110128787384,27.6,27.6,27.6,0.0,0.0,0.0,0.0,0.0,0.0,0.0,0.0,0.0,0.0,0.0,0.0,0.0,0.0,0.0,0.0,0.0,0.0,0.0,0.0,0.0,0.0,0.0,13.083238017289867,13.083238017289867,13.083238017289867,13.32965302056357,13.32965302056357,13.32965302056357,13.32965302056357,13.32965302056357,13.083238017289867,13.083238017289867,13.32965302056357,0.0,0.0
0.0,27.6,27.6,15.38711012877829,27.6,27.6,15.387110128780108,27.6,15.387110128787384,27.6,27.6,27.6,15.387110128801936,0.0,0.0,0.0,0.0,0.0,0.0,0.0,0.0,0.0,0.0,0.0,0.0,0.0,0.0,0.0,0.0,0.0,0.0,0.0,0.0,0.0,0.0,0.0,0.0,0.0,0.0,0.0,0.0,0.0,0.0,0.0,0.0,0.0,0.0,13.329653020563581,13.329653020563581
11.0,31.0,22.97871011126101,31.625,22.97871011127556,22.97871011127556,31.625,31.625,31.625,31.0,31.625,31.625,22.978710111377424,31.625,31.625,0.0,0.0,0.0,0.0,0.0,0.0,0.0,0.0,0.0,0.0,0.0,0.0,0.0,0.0,0.0,0.0,0.0,0.0,0.0,0.0,0.0,0.0,11.0,11.0,11.0,12.706244319484554,13.00440077869376,11.0,11.0,13.00440077869376,13.00440077869376,11.0,11.0,13.00440077869376
0.0,23.60371011126101,31.625,31.625,31.625,31.625,22.978710111290113,22.978710111290113,22.978710111319216,31.625,22.978710111319216,23.603710111377424,31.625,22.97871011149384,31.625,13.004400778693775,11.0,11.0,11.0,0.0,0.0,0.0,0.0,0.0,0.0,0.0,0.0,0.0,0.0,24.004400778693775,24.004400778693775,23.706244319484554,23.706244319484554,23.706244319484554,23.706244319484554,24.004400778693775,24.004400778693775,12.706244319484554,12.706244319484554,12.706244319484554,0.0,0.0,0.0,0.0,0.0,0.0,0.0,0.0,0.0
0.0,31.625,31.625,22.978710111268285,31.625,31.625,31.625,31.625,31.625,23.603710111319216,31.625,31.0,31.625,31.625,22.978710111377424,11.0,13.004400778693775,13.004400775668046,13.004400778693775,24.00440077869376,24.004400776676825,24.00440077869376,24.004400778693775,24.00440077869376,24.004400778693775,24.004400778693775,24.004400778693775,24.004400778693775,24.004400778693775,0.0,0.0,0.0,0.0,0.0,0.0,0.0,0.0,0.0,0.0,0.0,11.0,11.0,13.00440077869376,13.00440077869376,11.0,11.0,12.706244319484554,12.706244319484554,11.0
46.96,0.0,0.0,0.0,0.0,0.0,0.0,0.0,0.0,0.0,0.0,0.0,0.0,0.0,0.0,0.0,0.0,0.0,0.0,0.0,0.0,0.0,0.0,0.0,0.0,0.0,0.0,0.0,0.0,0.0,0.0,0.0,0.0,0.0,0.0,0.0,0.0,0.0,0.0,0.0,0.0,0.0,0.0,0.0,0.0,0.0,0.0,0.0,0.0
0.0,0.0,0.0,0.0,0.0,0.0,0.0,0.0,0.0,0.0,0.0,0.0,0.0,0.0,0.0,0.0,0.0,0.0,0.0,0.0,0.0,0.0,0.0,0.0,0.0,0.0,0.0,0.0,0.0,0.0,0.0,0.0,0.0,0.0,0.0,0.0,0.0,0.0,0.0,0.0,0.0,0.0,0.0,0.0,0.0,0.0,0.0,0.0,0.0
0.0,0.0,0.0,0.0,0.0,0.0,0.0,0.0,0.0,0.0,0.0,0.0,0.0,0.0,0.0,0.0,0.0,0.0,0.0,0.0,0.0,0.0,0.0,0.0,0.0,0.0,0.0,0.0,0.0,0.0,0.0,0.0,0.0,0.0,0.0,0.0,0.0,0.0,0.0,0.0,0.0,0.0,0.0,0.0,0.0,0.0,0.0,0.0,0.0
50.0,189.75,168.06888046403662,168.0534065595918,189.75,168.02245875070219,189.75,167.99151094181258,189.75,189.75,167.94508922847808,167.92961532403325,167.91414141958847,189.75,167.8831936106988,189.75,167.8522458018092,167.83677189736437,189.75,189.75,189.75,167.77487627958516,189.75,189.75,167.72845456625072,167.7129806618059,167.69750675736105,189.75,189.75,167.65108504402662,167.63561113958184,189.75,167.60466333069218,189.75,167.57371552180257,189.75,189.75,167.52729380846813,189.75,167.49634599957847,167.4808720951337,189.75,189.75,189.75,189.75,167.40350257290964,167.3880286684648,189.75,164.96441171965125
0.0,168.0843543684815,189.75,189.75,168.03793265514702,189.75,168.00698484625735,189.75,167.97603703736775,167.9605631329229,189.75,189.75,189.75,167.89866751514364,189.75,167.86771970625404,189.75,189.75,167.8212979929196,167.80582408847476,167.79035018402993,189.75,167.75940237514033,167.7439284706955,189.75,189.75,189.75,167.68203285291628,167.66655894847145,189.75,189.75,167.620137235137,189.75,167.5891894262474,189.75,167.55824161735774,167.54276771291296,189.75,167.5118199040233,189.75,189.75,167.46539819068886,167.44992428624403,167.43445038179925,167.41897647735448,189.75,189.75,167.37255476402004,189.75
150.0,174.8,124.80000000000001,174.79824618194078,174.8,174.8,174.8,124.80000000000001,174.7982461819409,174.8,174.8,124.80000000000001,112.0947702797447,162.0947702797447,174.8,174.8,124.80000000000001,174.8,124.80000000000001,174.8,174.8,124.80000000000001,112.0834326055201,112.0826178396502,162.0826178396502,174.8,174.8,174.8,174.8,162.04177276845536,124.80880509386441,174.8,174.8,124.80000000000001,174.8,174.8,174.8,174.8,174.8,124.80000000000001,161.9430171773869,111.9430171773869,161.9430171773869,161.95302913087386,174.8,174.79496788366583,174.8,174.8,174.8
150.0,174.8,174.8,174.8,174.8,124.80000000000001,174.8,174.8,174.8,174.8,174.8,174.8,174.8,174.7987157080354,174.8,124.80000000000001,174.8,124.80000000000001,162.08796905616902,174.8,174.8,162.08424737139006,174.8,174.8,174.79918523412994,124.80000000000001,174.8,174.8,174.8,124.80000000000001,174.8,174.8,174.8,174.8,161.99774729913344,161.9889422052691,174.8,124.80000000000001,161.97133201754048,161.96252692367614,174.8,174.8,174.8,174.8,161.95803510761735,124.80000000000001,174.8,174.8,174.8
150.0,174.8,174.8,174.8,162.10851082280607,162.10675700474695,162.10500318668784,174.8,174.8,174.8,124.80000000000001,174.8,174.8,124.80000000000001,124.80000000000001,174.8,174.8,174.8,174.8,124.80000000000001,162.0853176146938,174.8,174.8,174.8,174.8,162.07699314391294,124.80880509386452,174.8,124.80000000000001,174.8,162.0241625807265,112.02416258072651,112.01535748686217,162.01535748686217,174.8,124.80000000000001,111.98013711140482,161.98013711140482,174.8,174.8,174.8,174.8,174.8,174.8,124.80000000000001,174.8,174.8,174.8,174.8
150.0,124.76377227698356,174.7620184589244,124.76201845892439,137.45,187.45,137.45,174.7532493686287,124.7532493686287,124.74974173251042,174.74798791445136,174.74633076352944,187.45,187.45,174.74247788763586,174.74146978749167,174.74046168734748,174.73929477690655,187.45,174.73664333543144,137.45,187.45,187.45,187.45,137.45,187.45,174.70938295618407,124.70938295618407,174.70057786231968,187.45,187.45,187.45,187.45,187.4411949061356,137.45,187.45,187.45,187.4411949061356,137.4411949061356,187.4411949061356,137.45189955856048,187.45,137.45500597674348,137.45,187.45,174.61808627049032,124.61808627049032,124.62310531702914,125.57341873435561
80.0,92.00000000000159,42.0,42.0,92.0,42.0,42.0,42.0,70.75,120.75,86.17284177555791,120.75,86.17284177091744,120.75,120.75,120.75,86.17284177091744,120.75,120.75,120.75,86.17284177091744,120.75,86.17284177091744,120.75,120.75,86.17284177091744,86.17284177091744,120.75,120.75,120.75,86.17284177091744,120.75,120.75,120.75,120.75,86.17284177091744,120.75,120.75,120.75,120.75,86.17284177091744,86.17284177091744,86.17284177091744,86.17284177091744,120.75,120.75,120.75,86.17284177091744,120.75
80.0,97.09176100718804,47.09176100718804,97.09176100718804,120.75,70.75,120.75,120.75,120.75,120.75,120.75,86.17284177091744,120.75,120.75,86.17284177091744,86.17284177091744,120.75,120.75,120.75,120.75,120.75,120.75,120.75,86.17284177091744,120.75,120.75,120.75,120.75,120.75,120.75,120.75,86.17284177091744,120.75,120.75,86.17284177091744,120.75,120.75,120.75,86.17284177091744,86.17284177091744,120.75,120.75,120.75,120.75,120.75,86.17284177091744,120.75,120.75,120.75
80.0,42.0,92.0,42.0,42.0,92.0,42.0,42.0,89.59176100718804,120.75,120.75,120.75,120.75,86.17284177091744,120.75,120.75,120.75,86.17284177091744,120.75,120.75,120.75,120.75,120.75,120.75,120.75,120.75,120.75,120.75,120.75,86.17284177091744,120.75,120.75,120.75,86.17284177091744,120.75,120.75,86.17284177091744,120.75,120.75,120.75,120.75,120.75,120.75,120.75,120.75,120.75,86.17284177091744,120.75,86.17284177091744
80.0,120.75,120.75,94.40823899281196,70.75,120.75,70.75,120.75,70.75,120.75,120.75,120.75,120.75,120.75,120.75,120.75,120.75,120.75,120.75,86.17284177091744,120.75,86.17284177091744,120.75,120.75,86.17284177091744,120.75,120.75,86.17284177091744,86.17284177091744,120.75,120.75,120.75,86.17284177091744,120.75,120.75,120.75,120.75,86.17284177091744,120.75,120.75,120.75,120.75,120.75,120.75,86.17284177091744,120.75,120.75,120.75,120.75
80.0,42.0,92.0,118.34176100718804,68.34176100718804,68.34176100718804,118.34176100718804,68.34176100718804,42.0,86.17284177183262,120.75,120.75,120.75,120.75,120.75,120.75,120.75,120.75,86.17284177091744,120.75,120.75,120.75,120.75,120.75,120.75,120.75,120.75,120.75,120.75,120.75,120.75,120.75,120.75,120.75,120.75,120.75,120.75,120.75,120.75,120.75,120.75,120.75,120.75,120.75,120.75,120.75,120.75,120.75,120.75
80.0,101.775,101.775,101.775,101.775,101.775,101.775,46.775000000000006,46.775000000000006,101.775,101.775,101.775,101.775,101.775,101.775,101.775,101.775,101.775,101.775,101.775,101.775,101.775,101.775,101.775,101.775,101.775,101.775,101.775,101.775,101.775,101.775,101.775,101.775,101.775,101.775,101.775,101.775,101.775,101.775,101.775,101.775,101.775,101.775,101.775,101.775,101.775,101.775,101.775,101.775
80.0,101.775,46.775000000000006,101.775,101.775,98.2765043224002,46.775000000000006,101.775,98.2765043224002,101.775,101.775,101.775,101.775,101.775,101.775,101.775,101.775,101.775,101.775,101.775,101.775,101.775,101.775,101.775,101.775,101.775,101.775,101.775,101.775,101.775,101.775,101.775,101.775,101.775,101.775,101.775,101.775,101.775,101.775,101.775,101.775,101.775,101.775,101.775,101.775,101.775,101.775,101.775,101.775
80.0,43.2765043224002,98.2765043224002,43.2765043224002,98.2765043224002,46.775000000000006,101.775,98.2765043224002,101.775,46.775000000000006,101.4896688015032,46.4896688015032,46.4896688015032,101.4896688015032,46.4896688015032,46.4896688015032,101.4896688015032,101.775,101.775,101.775,101.775,101.775,101.775,101.775,101.775,101.775,101.775,101.775,101.775,101.775,101.775,101.775,101.775,101.775,101.775,101.775,101.775,101.775,101.775,101.775,101.775,101.775,101.775,101.775,101.775,101.775,101.775,101.775,101.775
80.0,101.775,101.775,101.775,46.775000000000006,101.775,98.2765043224002,101.775,101.775,101.48966880156522,46.775000000000006,101.775,101.775,46.775000000000006,101.775,101.775,46.775000000000006,101.775,101.775,101.775,101.775,101.775,101.775,101.775,101.775,101.775,101.775,101.775,101.775,101.775,101.775,101.775,101.775,101.775,101.775,101.775,101.775,101.775,101.775,101.775,101.775,101.775,101.775,101.775,101.775,101.775,101.775,101.775,101.775
700.0,800.0,805.0,805.0,805.0,805.0,805.0,805.0,805.0,705.0,805.0,705.0,805.0,705.0,605.0,505.0,405.0,505.0,605.0,705.0,805.0,805.0,805.0,705.0,805.0,805.0,805.0,805.0,805.0,805.0,805.0,805.0,800.3348197189644,805.0,805.0,805.0,705.0,805.0,805.0,805.0,805.0,805.0,805.0,805.0,805.0,805.0,0.0,0.0,0.0
700.0,800.0,805.0,805.0,805.0,805.0,805.0,805.0,0.0,0.0,0.0,0.0,0.0,0.0,0.0,0.0,0.0,0.0,705.0,805.0,805.0,805.0,705.0,605.0,705.0,805.0,805.0,705.0,805.0,805.0,805.0,805.0,805.0,805.0,772.5045023731873,805.0,705.0,805.0,805.0,805.0,805.0,805.0,805.0,805.0,805.0,805.0,805.0,805.0,805.0
700.0,800.0,805.0,805.0,805.0,805.0,805.0,805.0,805.0,705.0,805.0,705.0,805.0,0.0,0.0,0.0,0.0,0.0,0.0,0.0,0.0,0.0,0.0,0.0,805.0,805.0,705.0,805.0,805.0,705.0,705.0,805.0,705.0,805.0,705.0,805.0,705.0,805.0,805.0,805.0,805.0,0.0,0.0,0.0,0.0,0.0,0.0,0.0,0.0
700.0,800.0,805.0,805.0,805.0,805.0,780.6061131954492,805.0,805.0,705.0,805.0,705.0,805.0,0.0,0.0,0.0,0.0,0.0,0.0,0.0,0.0,0.0,0.0,480.0,380.0,280.0,280.0,293.6856740344938,393.6856740344938,293.6856740344938,393.6856740344938,293.6856740344938,393.6856740344938,493.6856740344938,593.6856740344938,693.6856740344938,686.116220671709,786.116220671709,805.0,805.0,805.0,805.0,805.0,805.0,805.0,805.0,805.0,805.0,805.0
700.0,800.0,805.0,705.0,805.0,805.0,805.0,0.0,0.0,0.0,0.0,0.0,0.0,0.0,0.0,0.0,0.0,605.0,705.0,805.0,805.0,805.0,705.0,605.0,505.0,605.0,505.0,405.0,505.0,405.0,505.0,605.0,705.0,805.0,705.0,705.0,605.0,705.0,805.0,805.0,805.0,805.0,805.0,805.0,805.0,805.0,805.0,805.0,0.0
700.0,800.0,805.0,805.0,805.0,805.0,748.4113586168579,648.4113586168579,548.4113586168579,448.4113586168579,548.4113586168579,448.4113586168579,548.4113586168579,448.4113586168579,531.1160921699393,431.1160921699393,405.0,505.0,605.0,705.0,805.0,800.919443570514,700.919443570514,600.919443570514,500.919443570514,600.919443570514,605.0,705.0,805.0,705.0,805.0,805.0,705.0,0.0,0.0,0.0,0.0,0.0,0.0,0.0,0.0,0.0,0.0,805.0,805.0,805.0,705.0,805.0,805.0
700.0,705.0,805.0,705.0,805.0,805.0,0.0,0.0,0.0,0.0,0.0,0.0,0.0,0.0,0.0,0.0,498.36430143604593,598.3643014360459,698.3643014360459,798.3643014360459,736.6840513636325,805.0,705.0,719.9999999996162,705.0,805.0,0.0,0.0,0.0,0.0,0.0,0.0,0.0,0.0,0.0,0.0,0.0,805.0,805.0,805.0,785.7270057861424,805.0,805.0,705.0,805.0,705.0,805.0,805.0,805.0
700.0,705.0,805.0,805.0,805.0,705.0,805.0,729.785738260235,629.785738260235,529.785738260235,629.785738260235,529.785738260235,0.0,0.0,0.0,0.0,0.0,0.0,0.0,0.0,0.0,0.0,417.88274879211895,317.88274879211895,417.88274879211895,517.882748792119,617.882748792119,717.882748792119,805.0,805.0,705.0,605.0,705.0,805.0,705.0,805.0,705.0,805.0,705.0,605.0,705.0,805.0,805.0,705.0,805.0,705.0,805.0,805.0,805.0
0.0,746.116220671709,805.0,738.2934263607241,638.2934263607241,680.0,580.0,480.0,380.0,280.0,380.0,280.0,380.0,280.0,380.0,280.0,342.2754142374979,280.0,380.0,480.0,380.0,280.0,280.0,380.0,480.0,580.0,680.0,0.0,0.0,0.0,0.0,0.0,0.0,0.0,0.0,0.0,0.0,805.0,805.0,785.8567440813304,705.0,805.0,805.0,705.0,805.0,775.7533303997425,712.630583056387,805.0,805.0
0.0,0.0,0.0,805.0,705.0,705.0,805.0,705.0,805.0,705.0,805.0,705.0,805.0,0.0,0.0,0.0,0.0,0.0,0.0,0.0,0.0,0.0,0.0,805.0,712.6869542083059,705.0,805.0,805.0,805.0,805.0,805.0,805.0,705.0,805.0,705.0,805.0,705.0,805.0,805.0,705.0,705.0,805.0,805.0,805.0,705.0,605.0,705.0,805.0,805.0
700.0,800.0,805.0,705.0,605.0,705.0,805.0,805.0,805.0,805.0,805.0,805.0,805.0,805.0,805.0,705.0,805.0,805.0,805.0,805.0,805.0,805.0,805.0,705.0,605.0,705.0,805.0,805.0,805.0,805.0,805.0,705.0,705.0,805.0,705.0,805.0,705.0,805.0,705.0,805.0,805.0,805.0,805.0,705.0,705.0,805.0,805.0,805.0,0.0
700.0,800.0,805.0,705.0,605.0,705.0,805.0,705.0,805.0,805.0,805.0,705.0,805.0,805.0,805.0,705.0,805.0,705.0,805.0,805.0,805.0,805.0,805.0,805.0,805.0,705.0,805.0,805.0,805.0,705.0,605.0,665.3202942778316,632.1621420825959,732.1621420825959,705.0,805.0,705.0,805.0,805.0,805.0,805.0,805.0,805.0,805.0,805.0,805.0,805.0,805.0,805.0
700.0,800.0,705.0,605.0,705.0,605.0,705.0,805.0,760.4126612483996,805.0,805.0,805.0,805.0,705.0,805.0,705.0,805.0,805.0,705.0,805.0,805.0,805.0,805.0,705.0,605.0,505.0,405.0,305.0,405.0,305.0,405.0,305.0,405.0,505.0,405.0,505.0,605.0,705.0,805.0,805.0,805.0,805.0,805.0,805.0,785.2729454446926,805.0,805.0,805.0,805.0
700.0,800.0,805.0,747.5633177206054,805.0,705.0,805.0,805.0,705.0,705.0,805.0,805.0,805.0,805.0,805.0,705.0,805.0,805.0,705.0,805.0,805.0,805.0,805.0,705.0,605.0,705.0,805.0,705.0,805.0,705.0,705.0,805.0,705.0,805.0,705.0,805.0,705.0,805.0,805.0,805.0,805.0,805.0,805.0,705.0,805.0,805.0,805.0,805.0,805.0
700.0,800.0,805.0,805.0,805.0,805.0,805.0,805.0,805.0,705.0,805.0,805.0,805.0,805.0,805.0,705.0,805.0,805.0,805.0,805.0,805.0,805.0,805.0,705.0,605.0,505.0,405.0,305.0,405.0,473.21829586527565,573.2182958652756,673.2182958652756,702.767526547741,802.767526547741,702.767526547741,802.767526547741,705.0,805.0,705.0,805.0,805.0,805.0,805.0,752.3419314946113,805.0,805.0,805.0,805.0,805.0
700.0,800.0,805.0,805.0,805.0,805.0,805.0,705.0,805.0,795.2000313844447,805.0,731.5388749863432,805.0,805.0,805.0,705.0,805.0,805.0,705.0,805.0,805.0,805.0,805.0,705.0,605.0,505.0,605.0,705.0,805.0,805.0,705.0,605.0,705.0,805.0,705.0,805.0,705.0,805.0,805.0,805.0,805.0,805.0,805.0,805.0,805.0,805.0,805.0,805.0,805.0
0.0,805.0,705.0,705.0,805.0,805.0,805.0,705.0,805.0,805.0,805.0,805.0,805.0,805.0,805.0,705.0,805.0,805.0,793.12429220997,805.0,805.0,805.0,805.0,705.0,605.0,505.0,605.0,705.0,805.0,705.0,805.0,805.0,705.0,805.0,705.0,705.0,605.0,705.0,805.0,805.0,805.0,805.0,805.0,805.0,805.0,805.0,805.0,805.0,805.0
0.0,805.0,705.0,605.0,547.4335794254165,647.4335794254165,705.0,805.0,805.0,705.0,805.0,705.0,805.0,705.0,805.0,705.0,805.0,750.35237704885,805.0,805.0,805.0,805.0,805.0,705.0,605.0,627.5877071821615,705.0,605.0,705.0,805.0,705.0,805.0,705.0,805.0,705.0,805.0,705.0,805.0,785.9864823765201,805.0,805.0,805.0,805.0,805.0,805.0,805.0,805.0,805.0,805.0
0.0,805.0,805.0,805.0,705.0,663.1636880655352,763.1636880655352,663.1636880655352,763.1636880655352,705.0,805.0,705.0,805.0,753.8860751482517,805.0,705.0,805.0,805.0,705.0,805.0,805.0,805.0,805.0,705.0,705.0,805.0,705.0,767.9856916912486,805.0,705.0,670.2832525815556,605.0,705.0,805.0,705.0,805.0,705.0,805.0,805.0,805.0,805.0,805.0,805.0,705.0,805.0,805.0,805.0,805.0,805.0
0.0,805.0,785.9864823852513,705.0,805.0,805.0,805.0,805.0,805.0,805.0,805.0,805.0,805.0,805.0,805.0,705.0,805.0,805.0,805.0,805.0,805.0,805.0,805.0,705.0,705.0,805.0,719.8270689835317,805.0,805.0,805.0,805.0,805.0,705.0,805.0,705.0,805.0,705.0,805.0,805.0,805.0,805.0,805.0,805.0,805.0,705.0,805.0,805.0,805.0,805.0
5.52,0.0,0.0,0.0,0.0,0.0,0.0,0.0,0.0,0.0,0.0,0.0,0.0,0.0,0.0,0.0,0.0,0.0,0.0,0.0,0.0,0.0,0.0,0.0,0.0,0.0,0.0,0.0,0.0,0.0,0.0,0.0,0.0,0.0,0.0,0.0,0.0,0.0,0.0,0.0,0.0,0.0,0.0,0.0,0.0,0.0,0.0,0.0,0.0
0.0,0.0,0.0,0.0,0.0,0.0,0.0,0.0,0.0,0.0,0.0,0.0,0.0,0.0,0.0,0.0,0.0,0.0,0.0,0.0,0.0,0.0,0.0,0.0,0.0,0.0,0.0,0.0,0.0,0.0,0.0,0.0,0.0,0.0,0.0,0.0,0.0,0.0,0.0,0.0,0.0,0.0,0.0,0.0,0.0,0.0,0.0,0.0,0.0
17.2,17.2,0.0,0.0,0.0,0.0,0.0,0.0,0.0,0.0,0.0,0.0,0.0,0.0,0.0,0.0,0.0,0.0,0.0,0.0,0.0,0.0,0.0,0.0,0.0,0.0,0.0,17.2,17.2,17.2,17.2,17.199999924346606,17.2,17.2,17.2,17.2,17.2,0.0,0.0,0.0,0.0,0.0,0.0,0.0,0.0,0.0,0.0,0.0,0.0
0.0,0.0,0.0,0.0,0.0,0.0,0.0,0.0,0.0,0.0,0.0,0.0,0.0,0.0,0.0,0.0,0.0,17.6,17.6,17.6,17.6,17.6,17.6,17.59999997991512,17.6,17.599999971417965,17.6,0.0,0.0,0.0,0.0,0.0,0.0,0.0,0.0,0.0,0.0,0.0,0.0,0.0,0.0,0.0,0.0,0.0,0.0,0.0,0.0,0.0,0.0
11.2,0.0,0.0,0.0,0.0,0.0,0.0,0.0,0.0,0.0,0.0,0.0,0.0,0.0,0.0,0.0,0.0,0.0,0.0,0.0,0.0,0.0,0.0,0.0,0.0,0.0,0.0,0.0,0.0,0.0,0.0,0.0,0.0,0.0,0.0,0.0,0.0,0.0,0.0,0.0,0.0,0.0,0.0,0.0,0.0,0.0,0.0,0.0,0.0
0.0,0.0,0.0,0.0,0.0,0.0,0.0,0.0,0.0,0.0,0.0,0.0,0.0,0.0,0.0,0.0,0.0,0.0,0.0,0.0,0.0,0.0,0.0,0.0,0.0,0.0,0.0,0.0,0.0,0.0,0.0,0.0,0.0,0.0,0.0,0.0,0.0,0.0,0.0,0.0,0.0,0.0,0.0,0.0,0.0,0.0,0.0,0.0,0.0
29.6,0.0,0.0,0.0,0.0,0.0,0.0,0.0,0.0,0.0,0.0,0.0,0.0,0.0,0.0,0.0,0.0,0.0,0.0,0.0,0.0,0.0,0.0,0.0,0.0,0.0,0.0,0.0,0.0,0.0,0.0,0.0,0.0,0.0,0.0,0.0,0.0,0.0,0.0,0.0,0.0,0.0,0.0,0.0,0.0,0.0,0.0,0.0,0.0
0.0,0.0,0.0,0.0,0.0,0.0,0.0,0.0,0.0,0.0,0.0,0.0,0.0,0.0,0.0,0.0,0.0,0.0,0.0,0.0,0.0,0.0,0.0,0.0,0.0,0.0,0.0,0.0,0.0,0.0,0.0,0.0,0.0,0.0,0.0,0.0,0.0,0.0,0.0,0.0,0.0,0.0,0.0,0.0,0.0,0.0,0.0,0.0,0.0
0.0,0.0,0.0,0.0,0.0,0.0,0.0,0.0,0.0,0.0,0.0,0.0,0.0,0.0,0.0,0.0,0.0,0.0,0.0,0.0,0.0,0.0,0.0,0.0,0.0,0.0,0.0,0.0,0.0,0.0,0.0,0.0,0.0,0.0,0.0,0.0,0.0,0.0,0.0,0.0,0.0,0.0,0.0,0.0,0.0,0.0,0.0,0.0,0.0
10.0,10.0,0.0,0.0,0.0,0.0,0.0,0.0,0.0,0.0,0.0,0.0,0.0,0.0,0.0,10.0,10.0,10.0,10.0,10.0,10.0,10.0,10.0,10.0,10.0,10.0,10.0,10.0,10.0,10.0,10.0,9.999998597767167,9.999998546201937,10.0,10.0,9.999998388701698,9.999998335275244,10.0,28.75,0.0,0.0,0.0,0.0,0.0,0.0,0.0,0.0,0.0,0.0
0.0,11.685298954173359,10.0,10.0,10.0,10.0,10.0,10.0,10.0,10.0,10.0,10.0,10.0,10.0,10.0,0.0,0.0,0.0,0.0,0.0,0.0,0.0,0.0,0.0,0.0,10.0,9.99999885184781,10.0,10.0,9.999998699917896,9.9999986489895,10.0,10.0,10.0,9.999998441589398,10.0,10.0,10.0,21.12578237784632,0.0,0.0,0.0,0.0,0.0,0.0,0.0,0.0,0.0,0.0
8.0,17.084925000000002,9.084924999999973,8.0,9.084924999999973,9.084924999999973,8.0,8.0,8.0,8.0,9.084924999999973,7.999999999998863,0.0,0.0,0.0,0.0,0.0,0.0,0.0,0.0,0.0,0.0,8.0,8.958381641970934,8.0,8.0,8.0,8.0,8.0,8.0,8.0,8.0,8.958186715392902,8.0,0.0,0.0,0.0,0.0,0.0,0.0,0.0,0.0,0.0,0.0,22.99406672155556,22.995077376170606,22.996088203321076,22.997100238866444,23.0
0.0,0.0,8.0,9.084924999999973,8.0,8.0,9.084924999999973,9.084924999999973,9.084924999999973,9.084924999999973,8.0,8.0,8.0,8.0,8.0,8.0,8.958533044237598,8.958511426437905,8.0,8.0,8.958446550851534,8.958424918258203,8.95840328196488,8.0,8.958359998275736,8.958338350878641,8.95831669977903,8.95829504497626,8.958273386469703,8.958251724258716,8.958230058342682,8.958208388720951,8.0,8.958165038357887,8.0,14.984979255695741,14.985987695910481,8.0,14.988007169975212,14.989016036511696,0.0,0.0,0.0,0.0,0.0,0.0,0.0,0.0,0.0
0.0,0.0,0.0,0.0,0.0,0.0,0.0,0.0,0.0,0.0,0.0,8.0,8.958619478474414,8.958597875458238,8.958576268747134,8.958554658340464,8.0,8.0,8.95848980494075,8.958468179745502,8.0,8.0,0.0,0.0,0.0,0.0,0.0,0.0,0.0,0.0,0.0,0.0,0.0,0.0,8.958143357615288,8.0,8.0,14.986997692556539,8.0,8.0,22.99002582844962,22.99103579292297,22.99204592993174,22.993057146973122,0.0,0.0,0.0,0.0,0.0
40.76,0.0,0.0,0.0,0.0,0.0,0.0,0.0,0.0,0.0,0.0,0.0,0.0,0.0,0.0,0.0,0.0,0.0,0.0,0.0,0.0,0.0,0.0,0.0,0.0,0.0,0.0,0.0,0.0,0.0,0.0,0.0,0.0,0.0,0.0,0.0,0.0,0.0,0.0,0.0,0.0,0.0,0.0,0.0,0.0,0.0,0.0,0.0,0.0
0.0,0.0,0.0,0.0,0.0,0.0,0.0,0.0,0.0,0.0,0.0,0.0,0.0,0.0,0.0,0.0,0.0,0.0,0.0,0.0,0.0,0.0,0.0,0.0,0.0,0.0,0.0,0.0,0.0,0.0,0.0,0.0,0.0,0.0,0.0,0.0,0.0,0.0,0.0,0.0,0.0,0.0,0.0,0.0,0.0,0.0,0.0,0.0,0.0
0.0,0.0,0.0,0.0,0.0,0.0,0.0,0.0,0.0,0.0,0.0,0.0,0.0,0.0,0.0,0.0,0.0,0.0,0.0,0.0,0.0,0.0,0.0,0.0,0.0,0.0,0.0,0.0,0.0,0.0,0.0,0.0,0.0,0.0,0.0,0.0,0.0,0.0,0.0,0.0,0.0,0.0,0.0,0.0,0.0,0.0,0.0,0.0,0.0
10.96,13.325240157758426,13.325240157758405,13.325240157758405,13.325240157758405,13.325240157758405,0.0,0.0,0.0,0.0,0.0,0.0,0.0,0.0,0.0,0.0,0.0,0.0,0.0,0.0,0.0,0.0,0.0,0.0,0.0,0.0,0.0,0.0,0.0,0.0,0.0,0.0,0.0,0.0,0.0,0.0,0.0,0.0,0.0,0.0,0.0,0.0,0.0,0.0,0.0,0.0,0.0,0.0,0.0
0.0,0.0,0.0,0.0,0.0,0.0,13.325240157758405,13.325240157758405,13.325240157758405,13.325240157758405,13.325240157758405,13.325240157758405,13.325240157758405,13.325240157758405,13.325240157758405,13.325240157758405,13.325240157758405,0.0,0.0,0.0,0.0,0.0,0.0,0.0,0.0,0.0,0.0,0.0,0.0,0.0,0.0,0.0,0.0,0.0,0.0,0.0,0.0,0.0,0.0,0.0,0.0,0.0,0.0,0.0,0.0,0.0,0.0,0.0,0.0
0.0,0.0,0.0,0.0,0.0,0.0,0.0,0.0,0.0,0.0,0.0,0.0,0.0,0.0,0.0,0.0,0.0,0.0,0.0,0.0,0.0,0.0,0.0,0.0,0.0,0.0,0.0,0.0,0.0,0.0,0.0,0.0,0.0,0.0,0.0,0.0,0.0,0.0,0.0,0.0,0.0,0.0,0.0,0.0,0.0,0.0,0.0,0.0,0.0
0.0,0.0,0.0,0.0,0.0,0.0,0.0,0.0,0.0,0.0,0.0,0.0,0.0,0.0,0.0,0.0,0.0,0.0,0.0,0.0,0.0,0.0,0.0,0.0,0.0,0.0,0.0,0.0,0.0,0.0,0.0,0.0,0.0,0.0,0.0,0.0,0.0,0.0,0.0,0.0,0.0,0.0,0.0,0.0,0.0,0.0,0.0,0.0,0.0
0.0,0.0,0.0,0.0,0.0,0.0,0.0,0.0,0.0,0.0,0.0,0.0,0.0,0.0,0.0,0.0,0.0,0.0,0.0,0.0,0.0,0.0,0.0,0.0,0.0,0.0,0.0,0.0,0.0,0.0,0.0,0.0,0.0,0.0,0.0,0.0,0.0,0.0,0.0,0.0,0.0,0.0,0.0,0.0,0.0,0.0,0.0,0.0,0.0
10.8,15.151133967982389,15.151133967980304,15.151133967980304,15.151133967980304,0.0,0.0,0.0,0.0,0.0,0.0,0.0,0.0,0.0,0.0,0.0,0.0,0.0,0.0,0.0,0.0,0.0,0.0,0.0,0.0,0.0,0.0,0.0,0.0,0.0,0.0,0.0,0.0,0.0,0.0,0.0,0.0,0.0,0.0,0.0,0.0,0.0,0.0,0.0,0.0,0.0,0.0,0.0,0.0
0.0,0.0,0.0,0.0,0.0,0.0,0.0,0.0,0.0,0.0,0.0,0.0,0.0,0.0,0.0,0.0,0.0,0.0,0.0,0.0,0.0,0.0,0.0,0.0,0.0,0.0,0.0,0.0,0.0,15.151133967980304,15.151133967980304,15.151133967980304,15.151133967980304,15.151133967980304,15.151133967980304,15.151133967980304,15.151133967980304,15.151133967980304,15.151133967980304,0.0,0.0,0.0,0.0,0.0,0.0,0.0,0.0,0.0,0.0
0.0,0.0,0.0,0.0,0.0,0.0,0.0,0.0,0.0,0.0,0.0,0.0,0.0,0.0,0.0,0.0,0.0,15.151133967980304,15.151133967980304,15.151133967980304,15.151133967980304,15.151133967980304,15.151133967980304,15.151133967980304,15.151133967980304,15.151133967980304,15.151133967980304,15.151133967980304,15.151133967980304,0.0,0.0,0.0,0.0,0.0,0.0,0.0,0.0,0.0,0.0,0.0,0.0,0.0,0.0,0.0,0.0,0.0,0.0,0.0,0.0
0.0,0.0,0.0,0.0,0.0,15.151133967980304,15.151133967980304,15.151133967980304,15.151133967980304,15.151133967980304,15.151133967980304,15.151133967980304,15.151133967980304,15.151133967980304,15.151133967980304,15.151133967980304,15.151133967980304,0.0,0.0,0.0,0.0,0.0,0.0,0.0,0.0,0.0,0.0,0.0,0.0,0.0,0.0,0.0,0.0,0.0,0.0,0.0,0.0,0.0,0.0,0.0,0.0,0.0,0.0,0.0,0.0,15.151133967980304,15.151133967980304,15.151133967980304,15.151133967980304
22.4,0.0,0.0,0.0,0.0,0.0,0.0,0.0,0.0,0.0,0.0,0.0,0.0,0.0,0.0,0.0,0.0,0.0,0.0,0.0,0.0,0.0,0.0,0.0,0.0,0.0,0.0,0.0,0.0,0.0,0.0,0.0,0.0,0.0,0.0,0.0,0.0,0.0,0.0,0.0,0.0,0.0,0.0,0.0,0.0,0.0,0.0,0.0,0.0
0.0,0.0,0.0,0.0,0.0,0.0,0.0,0.0,0.0,0.0,0.0,0.0,0.0,0.0,0.0,0.0,0.0,0.0,0.0,0.0,0.0,0.0,0.0,0.0,0.0,0.0,0.0,0.0,0.0,0.0,0.0,0.0,0.0,0.0,0.0,0.0,0.0,0.0,0.0,0.0,0.0,0.0,0.0,0.0,0.0,0.0,0.0,0.0,0.0
18.68,0.0,0.0,0.0,0.0,0.0,0.0,0.0,0.0,0.0,0.0,0.0,0.0,0.0,0.0,0.0,0.0,0.0,0.0,0.0,0.0,0.0,0.0,0.0,0.0,0.0,0.0,0.0,0.0,0.0,0.0,0.0,0.0,0.0,0.0,0.0,0.0,0.0,0.0,0.0,0.0,0.0,0.0,0.0,0.0,0.0,0.0,0.0,0.0
0.0,0.0,0.0,0.0,0.0,0.0,0.0,0.0,0.0,0.0,0.0,0.0,0.0,0.0,0.0,0.0,0.0,0.0,0.0,0.0,0.0,0.0,0.0,0.0,0.0,0.0,0.0,0.0,0.0,0.0,0.0,0.0,0.0,0.0,0.0,0.0,0.0,0.0,0.0,0.0,0.0,0.0,0.0,0.0,0.0,0.0,0.0,0.0,0.0
0.0,0.0,0.0,0.0,0.0,0.0,0.0,0.0,0.0,0.0,0.0,0.0,0.0,0.0,0.0,0.0,0.0,0.0,0.0,0.0,0.0,0.0,0.0,0.0,0.0,0.0,0.0,0.0,0.0,0.0,0.0,0.0,0.0,0.0,0.0,0.0,0.0,0.0,0.0,0.0,0.0,0.0,0.0,0.0,0.0,0.0,0.0,0.0,0.0
14.0,0.0,0.0,0.0,0.0,0.0,0.0,0.0,0.0,0.0,0.0,0.0,0.0,0.0,0.0,0.0,0.0,0.0,0.0,0.0,0.0,0.0,0.0,0.0,0.0,0.0,0.0,0.0,0.0,0.0,0.0,0.0,0.0,0.0,0.0,0.0,0.0,0.0,0.0,0.0,0.0,0.0,0.0,0.0,0.0,0.0,0.0,0.0,0.0
0.0,0.0,0.0,0.0,0.0,0.0,0.0,0.0,0.0,0.0,0.0,0.0,0.0,0.0,0.0,0.0,0.0,0.0,0.0,0.0,0.0,0.0,0.0,0.0,0.0,0.0,0.0,0.0,0.0,0.0,0.0,0.0,0.0,0.0,0.0,0.0,0.0,0.0,0.0,0.0,0.0,0.0,0.0,0.0,0.0,0.0,0.0,0.0,0.0
0.0,0.0,0.0,0.0,0.0,0.0,0.0,0.0,0.0,0.0,0.0,0.0,0.0,0.0,0.0,0.0,0.0,0.0,0.0,14.0,14.0,14.0,14.0,14.0,14.0,14.0,14.0,14.0,14.0,0.0,0.0,0.0,0.0,0.0,0.0,0.0,0.0,0.0,0.0,0.0,0.0,0.0,0.0,0.0,0.0,0.0,0.0,0.0,0.0
0.0,0.0,0.0,0.0,0.0,0.0,0.0,0.0,0.0,0.0,0.0,0.0,0.0,0.0,0.0,0.0,0.0,0.0,0.0,0.0,0.0,0.0,0.0,0.0,0.0,0.0,0.0,0.0,0.0,0.0,0.0,0.0,0.0,0.0,0.0,0.0,0.0,0.0,0.0,0.0,0.0,0.0,0.0,0.0,0.0,0.0,0.0,0.0,0.0
44.0,0.0,0.0,0.0,0.0,0.0,0.0,0.0,0.0,0.0,0.0,0.0,0.0,0.0,0.0,0.0,0.0,0.0,0.0,0.0,0.0,0.0,0.0,44.0,50.12968827400692,50.10086267385648,50.066964713259026,50.033066753034134,49.99916879243668,49.965270832211786,49.931372871800534,49.89747491138927,49.863576950978,0.0,0.0,0.0,0.0,0.0,0.0,0.0,0.0,0.0,0.0,0.0,0.0,0.0,0.0,0.0,0.0
0.0,0.0,0.0,0.0,0.0,0.0,0.0,0.0,0.0,0.0,0.0,0.0,0.0,0.0,0.0,0.0,0.0,0.0,0.0,0.0,0.0,0.0,0.0,0.0,0.0,0.0,0.0,0.0,0.0,0.0,0.0,0.0,0.0,0.0,0.0,0.0,0.0,0.0,0.0,0.0,0.0,0.0,0.0,0.0,0.0,0.0,0.0,0.0,0.0
0.0,0.0,0.0,0.0,0.0,0.0,0.0,0.0,0.0,0.0,0.0,0.0,0.0,0.0,0.0,0.0,0.0,0.0,0.0,0.0,0.0,0.0,0.0,0.0,0.0,0.0,0.0,0.0,0.0,0.0,0.0,0.0,0.0,0.0,0.0,0.0,0.0,0.0,0.0,0.0,0.0,0.0,0.0,0.0,0.0,0.0,0.0,0.0,0.0
19.8,0.0,0.0,0.0,0.0,0.0,0.0,0.0,0.0,0.0,0.0,0.0,0.0,0.0,0.0,0.0,0.0,0.0,0.0,0.0,0.0,0.0,0.0,0.0,0.0,0.0,0.0,0.0,0.0,0.0,0.0,0.0,0.0,0.0,0.0,19.8,19.8,19.8,39.8,39.8,19.8,19.8,19.8,19.8,19.8,0.0,0.0,0.0,0.0
0.0,0.0,0.0,0.0,0.0,0.0,0.0,0.0,0.0,0.0,0.0,0.0,0.0,0.0,0.0,0.0,0.0,0.0,0.0,0.0,0.0,0.0,0.0,0.0,0.0,0.0,19.8,19.8,19.799999999860322,19.8,19.8,19.8,19.8,19.8,19.8,19.8,0.0,0.0,0.0,0.0,0.0,0.0,0.0,0.0,0.0,0.0,0.0,0.0,56.92500000000001
0.0,0.0,0.0,0.0,0.0,0.0,0.0,0.0,0.0,0.0,0.0,0.0,0.0,0.0,0.0,0.0,0.0,0.0,0.0,0.0,0.0,0.0,0.0,0.0,0.0,0.0,0.0,0.0,0.0,0.0,0.0,0.0,0.0,0.0,0.0,0.0,0.0,0.0,0.0,0.0,0.0,0.0,0.0,0.0,0.0,19.8,19.8,39.8,56.92500000000001
0.0,0.0,0.0,0.0,0.0,0.0,0.0,0.0,0.0,0.0,0.0,0.0,0.0,0.0,0.0,0.0,0.0,0.0,0.0,0.0,0.0,0.0,19.8,19.8,19.8,34.98837068845795,19.799999999743893,19.8,19.8,19.8,19.799999999860322,19.8,19.8,19.8,19.8,19.8,19.8,19.8,39.8,39.8,19.8,19.8,0.0,0.0,0.0,0.0,0.0,0.0,0.0
53.2,0.0,0.0,0.0,0.0,0.0,0.0,0.0,0.0,0.0,0.0,0.0,0.0,0.0,0.0,0.0,0.0,0.0,0.0,0.0,0.0,0.0,0.0,0.0,0.0,0.0,0.0,0.0,0.0,0.0,0.0,0.0,0.0,53.2,53.2,53.2,53.2,82.94999999999999,152.95,152.95,82.94999999999999,53.2,53.2,0.0,0.0,0.0,0.0,0.0,0.0
0.0,0.0,0.0,0.0,0.0,0.0,0.0,0.0,0.0,0.0,0.0,0.0,0.0,0.0,0.0,0.0,0.0,0.0,0.0,0.0,0.0,0.0,0.0,0.0,0.0,0.0,0.0,0.0,0.0,0.0,0.0,0.0,0.0,0.0,0.0,0.0,0.0,0.0,0.0,0.0,0.0,0.0,0.0,0.0,0.0,0.0,0.0,0.0,0.0
0.0,0.0,0.0,0.0,0.0,0.0,0.0,0.0,0.0,0.0,0.0,0.0,0.0,0.0,0.0,0.0,0.0,0.0,0.0,0.0,0.0,0.0,0.0,0.0,0.0,0.0,0.0,0.0,0.0,0.0,0.0,0.0,0.0,0.0,0.0,0.0,0.0,0.0,0.0,0.0,0.0,0.0,0.0,0.0,0.0,0.0,0.0,0.0,0.0
16.72,0.0,0.0,0.0,0.0,0.0,0.0,0.0,0.0,0.0,0.0,0.0,0.0,0.0,0.0,0.0,0.0,0.0,0.0,0.0,0.0,0.0,0.0,0.0,0.0,0.0,0.0,0.0,0.0,0.0,0.0,0.0,0.0,0.0,0.0,0.0,0.0,0.0,0.0,0.0,0.0,0.0,0.0,0.0,0.0,0.0,0.0,0.0,0.0
16.76,0.0,0.0,0.0,0.0,0.0,0.0,0.0,0.0,0.0,0.0,0.0,0.0,0.0,0.0,0.0,0.0,0.0,0.0,0.0,0.0,0.0,0.0,0.0,0.0,0.0,0.0,0.0,0.0,0.0,0.0,0.0,0.0,0.0,0.0,0.0,0.0,0.0,0.0,0.0,0.0,0.0,0.0,0.0,0.0,0.0,0.0,0.0,0.0
60.0,75.9,72.64817631726973,75.9,72.63637966886333,75.9,75.9,26.4,75.9,75.9,72.60118668181977,75.9,72.58950258094237,26.4,26.4,26.4,75.9,72.56029232874877,72.55445027831004,75.9,75.9,72.53692412699385,26.4,26.4,26.4,75.9,75.9,72.50187182436153,75.9,75.9,75.9,75.9,26.4,26.4,75.9,75.9,75.9,75.9,75.9,75.9,75.9,26.4,72.41424106778081,75.9,75.9,26.4,75.9,26.4,72.37918876514848
0.0,75.9,75.9,26.4,75.9,75.9,72.62458302045692,26.4,75.9,26.4,26.4,26.4,26.4,75.9,26.4,75.9,72.56613437918745,75.9,75.9,26.4,75.9,26.4,26.4,75.9,72.51939797567772,75.9,75.9,75.9,72.4960297739228,72.49018772348418,26.4,26.4,26.4,75.9,26.4,72.45513542085186,72.44929337041313,26.4,75.9,72.431767219097,26.4,75.9,75.9,75.9,72.40255696690335,26.4,72.39087286602594,75.9,26.4
0.0,72.65407464147299,75.9,72.64227799306653,75.9,26.4,26.4,72.61871283313596,26.4,75.9,75.9,72.59534463138104,75.9,26.4,75.9,72.57197642962618,26.4,26.4,75.9,26.4,75.9,75.9,75.9,75.9,75.9,72.51355592523899,26.4,75.9,26.4,26.4,75.9,75.9,75.9,72.46681952172926,26.4,26.4,26.4,75.9,75.9,75.9,26.4,72.42008311821954,75.9,75.9,75.9,75.9,26.4,75.9,75.9
0.0,26.4,26.4,26.4,26.4,72.63048134466013,75.9,75.9,72.61287078269723,72.6070287322585,75.9,75.9,75.9,75.9,75.9,75.9,75.9,26.4,75.9,75.9,26.4,75.9,75.9,72.52524002611645,75.9,26.4,26.4,75.9,26.4,26.4,75.9,75.9,75.9,75.9,72.46097747129059,26.4,75.9,72.4434513199744,72.43760926953567,75.9,72.42592516865821,26.4,75.9,72.40839901734208,26.4,72.39671491646462,26.4,26.4,26.4
0.0,26.4,75.9,75.9,75.9,26.4,26.4,75.9,75.9,75.9,75.9,75.9,26.4,75.9,72.5778184800649,26.4,26.4,75.9,26.4,75.9,26.4,26.4,75.9,75.9,75.9,75.9,72.50771387480026,26.4,75.9,75.9,26.4,26.4,72.472661572168,75.9,75.9,75.9,26.4,75.9,26.4,26.4,75.9,75.9,26.4,26.4,26.4,75.9,75.9,72.38503081558721,75.9
0.0,75.9,26.4,75.9,26.4,75.9,75.9,75.9,26.4,26.4,26.4,26.4,75.9,72.58366053050364,75.9,75.9,75.9,75.9,26.4,72.54860822787131,72.54276617743258,75.9,72.53108207655512,26.4,26.4,26.4,75.9,26.4,75.9,75.9,72.48434567304545,72.47850362260672,75.9,26.4,75.9,75.9,75.9,26.4,26.4,26.4,75.9,75.9,26.4,26.4,75.9,75.9,75.9,75.9,75.9
14.0,34.0,40.25,40.25,40.25,39.62141961994118,39.620825140614656,40.25,40.25,40.25,40.25,40.25,39.617258264655646,40.25,40.25,40.25,40.25,40.25,40.25,40.25,40.25,40.25,40.25,39.61071899206415,40.25,39.60953003341114,40.25,39.60834107475814,40.25,40.25,40.25,40.25,39.60536867812561,39.60477419879913,40.25,39.603585240146124,40.25,39.60239628149312,40.25,40.25,39.600612843513595,39.600018364187115,40.25,40.25,40.25,39.5976404468811,40.25,39.5964514882281,40.25
0.0,40.25,39.623203057920676,39.62260857859419,39.622014099267666,40.25,40.25,39.620230661288176,39.61963618196165,39.61904170263517,40.25,40.25,40.25,39.616663785329166,39.61606930600264,40.25,40.25,39.61428586802316,39.61369138869664,39.61309690937016,40.25,39.61190795071715,40.25,40.25,40.25,40.25,39.60893555408462,40.25,40.25,40.25,39.60655763677861,39.60596315745213,40.25,40.25,39.604179719472604,40.25,39.6029907608196,40.25,39.6018018021666,39.60120732284012,40.25,40.25,40.25,39.598829405534104,40.25,40.25,39.59704596755458,40.25,39.59585700890159
0.0,40.25,40.25,40.25,40.25,40.25,40.25,40.25,40.25,40.25,39.61844722330865,39.61785274398217,40.25,40.25,40.25,39.61547482667616,39.61488034734964,40.25,40.25,40.25,39.612502430043634,40.25,39.61131347139063,40.25,39.61012451273763,40.25,40.25,40.25,39.607746595431614,39.607152116105134,40.25,40.25,40.25,40.25,40.25,40.25,40.25,40.25,40.25,40.25,40.25,40.25,39.59942388486059,40.25,39.59823492620758,40.25,40.25,40.25,40.25
5.88,16.905000000000005,16.905000000000005,16.905000000000005,16.905000000000005,0.0,0.0,0.0,0.0,0.0,0.0,0.0,0.0,0.0,0.0,0.0,0.0,0.0,0.0,0.0,0.0,0.0,0.0,0.0,0.0,0.0,0.0,0.0,0.0,0.0,0.0,0.0,0.0,0.0,0.0,0.0,0.0,0.0,0.0,0.0,0.0,0.0,0.0,0.0,0.0,0.0,0.0,0.0,0.0
0.0,0.0,0.0,0.0,0.0,0.0,0.0,0.0,0.0,0.0,0.0,0.0,0.0,0.0,0.0,0.0,0.0,0.0,0.0,0.0,0.0,0.0,0.0,0.0,0.0,0.0,0.0,0.0,0.0,0.0,0.0,0.0,0.0,0.0,0.0,0.0,0.0,0.0,0.0,0.0,0.0,0.0,0.0,0.0,0.0,0.0,0.0,0.0,0.0
0.0,0.0,0.0,0.0,0.0,0.0,0.0,0.0,0.0,0.0,0.0,0.0,0.0,0.0,0.0,0.0,0.0,0.0,0.0,0.0,0.0,0.0,0.0,0.0,0.0,0.0,0.0,0.0,0.0,0.0,0.0,0.0,0.0,0.0,0.0,0.0,0.0,0.0,0.0,0.0,0.0,0.0,0.0,0.0,0.0,0.0,0.0,0.0,0.0
120.0,143.75,0.0,0.0,0.0,0.0,0.0,0.0,0.0,0.0,0.0,0.0,0.0,0.0,0.0,0.0,0.0,0.0,0.0,0.0,0.0,0.0,0.0,143.75,143.75,143.75,143.75,143.75,143.75,118.07318029042911,143.75,143.75,143.75,143.75,117.96420455374061,117.93786085367793,143.75,0.0,0.0,0.0,0.0,0.0,0.0,0.0,0.0,0.0,0.0,0.0,0.0
120.0,143.75,0.0,0.0,0.0,0.0,0.0,0.0,0.0,0.0,0.0,0.0,0.0,0.0,0.0,0.0,0.0,0.0,0.0,0.0,0.0,0.0,0.0,118.1955017030539,143.75,143.75,143.75,143.75,143.75,143.75,143.75,143.75,118.01201958411671,143.75,143.75,143.75,117.91151715361525,0.0,0.0,0.0,0.0,0.0,0.0,0.0,0.0,0.0,0.0,0.0,0.0
0.0,0.0,0.0,0.0,0.0,0.0,0.0,0.0,0.0,0.0,0.0,0.0,0.0,0.0,0.0,0.0,0.0,0.0,0.0,0.0,0.0,0.0,0.0,143.75,118.17511480094977,118.15472789884564,118.13434099674151,118.11395409463736,118.09356719253324,143.75,118.05279338832497,118.03240648622085,143.75,117.9896012684183,143.75,143.75,143.75,0.0,0.0,0.0,0.0,0.0,0.0,0.0,0.0,0.0,0.0,0.0,0.0
14.0,0.0,0.0,0.0,0.0,0.0,0.0,0.0,0.0,0.0,0.0,0.0,0.0,0.0,0.0,0.0,0.0,0.0,0.0,0.0,0.0,0.0,0.0,0.0,0.0,0.0,0.0,0.0,0.0,0.0,0.0,0.0,0.0,0.0,0.0,0.0,0.0,0.0,0.0,0.0,0.0,0.0,0.0,0.0,0.0,0.0,0.0,0.0,0.0
0.0,0.0,0.0,0.0,0.0,0.0,0.0,0.0,0.0,0.0,0.0,0.0,0.0,0.0,0.0,0.0,0.0,0.0,0.0,0.0,0.0,0.0,0.0,0.0,0.0,0.0,0.0,0.0,0.0,0.0,0.0,0.0,0.0,0.0,0.0,0.0,0.0,0.0,0.0,0.0,0.0,0.0,0.0,0.0,0.0,0.0,0.0,0.0,0.0
0.0,0.0,0.0,0.0,0.0,0.0,0.0,0.0,0.0,0.0,0.0,0.0,0.0,0.0,0.0,0.0,0.0,0.0,0.0,0.0,0.0,0.0,0.0,0.0,0.0,0.0,0.0,0.0,0.0,0.0,0.0,0.0,0.0,0.0,0.0,0.0,0.0,0.0,0.0,0.0,0.0,0.0,0.0,0.0,0.0,0.0,0.0,0.0,0.0
0.0,0.0,0.0,0.0,0.0,0.0,0.0,0.0,0.0,0.0,0.0,0.0,0.0,0.0,0.0,0.0,0.0,0.0,0.0,0.0,0.0,0.0,0.0,0.0,0.0,0.0,0.0,0.0,0.0,0.0,0.0,0.0,0.0,0.0,0.0,0.0,0.0,0.0,0.0,0.0,0.0,0.0,0.0,0.0,0.0,0.0,0.0,0.0,0.0
6.0,10.920745000000112,10.920745000000023,10.920745000000023,10.920745000000023,10.920745000000023,10.920745000000023,10.920745000000023,10.920745000000023,0.0,0.0,0.0,0.0,0.0,0.0,0.0,0.0,0.0,0.0,0.0,0.0,0.0,0.0,0.0,0.0,0.0,0.0,0.0,0.0,0.0,0.0,0.0,0.0,0.0,0.0,0.0,0.0,0.0,0.0,0.0,0.0,0.0,0.0,0.0,10.92074500000039,10.92074500000039,10.92074500000039,10.92074500000039,10.92074500000039
0.0,0.0,0.0,0.0,0.0,0.0,0.0,0.0,0.0,0.0,0.0,0.0,0.0,0.0,0.0,0.0,0.0,0.0,0.0,0.0,0.0,0.0,0.0,0.0,0.0,0.0,0.0,10.92074500000039,10.92074500000039,10.92074500000039,10.92074500000039,10.92074500000039,10.92074500000039,10.92074500000039,10.92074500000039,10.92074500000039,10.92074500000039,10.92074500000039,10.92074500000039,10.92074500000039,10.92074500000039,10.92074500000039,10.92074500000039,10.92074500000039,0.0,0.0,0.0,0.0,0.0
0.0,0.0,0.0,0.0,0.0,0.0,0.0,0.0,0.0,0.0,0.0,0.0,0.0,0.0,0.0,0.0,0.0,0.0,0.0,0.0,0.0,0.0,0.0,0.0,0.0,0.0,0.0,0.0,0.0,0.0,0.0,0.0,0.0,0.0,0.0,0.0,0.0,0.0,0.0,0.0,0.0,0.0,0.0,0.0,0.0,0.0,0.0,0.0,0.0
0.0,0.0,0.0,0.0,0.0,0.0,0.0,0.0,0.0,0.0,0.0,0.0,0.0,0.0,0.0,0.0,0.0,0.0,0.0,0.0,0.0,0.0,0.0,0.0,0.0,0.0,0.0,0.0,0.0,0.0,0.0,0.0,0.0,0.0,0.0,0.0,0.0,0.0,0.0,0.0,0.0,0.0,0.0,0.0,0.0,0.0,0.0,0.0,0.0
15.72,35.720000000000034,45.19500000000001,45.19500000000001,45.19500000000001,45.19500000000001,45.19500000000001,45.19500000000001,0.0,0.0,0.0,0.0,0.0,0.0,0.0,0.0,0.0,0.0,45.19500000000001,38.37890755879044,18.378907558790438,15.72,15.72,32.2089075587921,15.72,15.72,15.72,32.20890755879213,32.20890755879237,15.72,15.72,15.72,15.72,15.72,15.72,15.72,15.72,31.399277638277567,45.19500000000001,45.19500000000001,31.977691329786595,31.964862623160577,35.72,15.72,0.0,0.0,0.0,0.0,0.0
0.0,45.19500000000001,45.19500000000001,45.19500000000001,45.19500000000001,45.19500000000001,45.19500000000001,45.19500000000001,45.19500000000001,45.19500000000001,45.19500000000001,0.0,0.0,0.0,0.0,0.0,0.0,0.0,0.0,0.0,0.0,15.72,15.72,15.72,15.72,32.20890755879211,15.72,15.72,15.72,15.72,15.72,15.72,32.20890755879241,32.20890755879241,32.208907558792426,32.20890755879244,32.20890755879267,15.72,35.72,31.990520036412654,45.19500000000001,45.19500000000001,41.427033916534555,21.427033916534555,0.0,0.0,0.0,0.0,0.0
0.0,0.0,0.0,0.0,0.0,0.0,0.0,0.0,0.0,0.0,0.0,0.0,0.0,0.0,0.0,0.0,0.0,0.0,0.0,25.31000000000001,45.31000000000001,32.24890755879045,32.248907558792084,15.76,32.2489075587921,15.76,32.248907558792126,15.76,15.76,32.24890755879238,32.24890755879238,32.248907558792396,15.76,15.76,15.76,15.76,15.759999999997781,21.59334874303869,41.59334874303869,45.31000000000001,45.31000000000001,45.31000000000001,45.31000000000001,25.31000000000001,0.0,0.0,0.0,0.0,0.0
16.0,16.0,16.0,23.977374981743196,16.0,16.0,23.977374981743196,23.977374981743196,23.977374981743196,16.0,23.977374981743196,16.0,16.0,23.97737498170295,16.0,16.0,16.0,16.0,23.97737498170295,16.0,23.97737498170295,16.0,16.0,16.0,16.0,23.97737498170295,16.0,16.0,23.97737498170295,23.97737498170295,16.0,16.0,16.0,16.0,16.0,16.0,23.97737498170295,16.0,23.97737498170295,16.0,23.97737498170295,16.0,16.0,16.0,23.97737498170295,23.97737498170295,23.97737498170295,16.0,16.0
0.0,39.97737498170295,23.977374981743196,16.0,16.0,16.0,16.0,16.0,16.0,16.0,16.0,23.977374981743196,16.0,16.0,23.97737498170295,16.0,23.97737498170295,23.97737498170295,16.0,16.0,16.0,23.97737498170295,23.97737498170295,23.97737498170295,23.97737498170295,16.0,23.97737498170295,23.97737498170295,16.0,16.0,23.97737498170295,16.0,23.97737498170295,16.0,23.97737498170295,16.0,16.0,23.97737498170295,16.0,23.97737498170295,16.0,16.0,16.0,16.0,16.0,16.0,16.0,16.0,16.0
0.0,0.0,16.0,16.0,23.977374981743196,23.977374981743196,16.0,16.0,16.0,23.977374981743196,16.0,16.0,23.977374981743196,16.0,16.0,23.97737498170295,16.0,16.0,16.0,23.97737498170295,16.0,16.0,16.0,16.0,16.0,16.0,16.0,16.0,16.0,16.0,16.0,23.97737498170295,16.0,23.97737498170295,16.0,23.97737498170295,16.0,16.0,16.0,16.0,16.0,23.97737498170295,23.97737498170295,23.97737498170295,16.0,16.0,16.0,23.97737498170295,23.97737498170295
25.4,70.40000000000006,0.0,0.0,0.0,0.0,0.0,0.0,0.0,0.0,0.0,0.0,0.0,0.0,0.0,0.0,0.0,0.0,0.0,0.0,0.0,0.0,0.0,63.716938962323034,61.090582793992795,73.025,61.087870457332315,73.025,61.085158120671835,61.08380195234159,73.025,61.08108961568111,73.025,73.025,61.07702111069039,61.07566494236015,61.07430877402991,61.07295260569967,73.025,61.07024026903918,61.06888410070894,73.025,61.06617176404846,61.06481559571822,61.06345942738798,73.025,61.06074709072749,0.0,0.0
0.0,0.0,0.0,0.0,0.0,0.0,0.0,0.0,0.0,0.0,0.0,0.0,0.0,0.0,0.0,0.0,0.0,0.0,0.0,0.0,0.0,0.0,25.4,70.4,73.025,61.089226625662555,73.025,61.086514289002075,73.025,73.025,61.08244578401135,73.025,61.07973344735087,61.07837727902063,73.025,73.025,73.025,73.025,61.07159643736943,73.025,73.025,61.0675279323787,73.025,73.025,73.025,61.06210325905774,73.025,0.0,0.0
19.12,19.12,0.0,0.0,0.0,0.0,0.0,0.0,0.0,0.0,0.0,0.0,0.0,0.0,0.0,0.0,0.0,0.0,0.0,0.0,0.0,0.0,0.0,0.0,0.0,0.0,0.0,0.0,0.0,0.0,0.0,0.0,0.0,0.0,0.0,0.0,0.0,0.0,0.0,0.0,0.0,0.0,0.0,0.0,0.0,0.0,0.0,0.0,0.0
0.0,0.0,0.0,0.0,0.0,0.0,0.0,0.0,0.0,0.0,0.0,0.0,0.0,0.0,0.0,0.0,0.0,0.0,0.0,0.0,0.0,0.0,0.0,0.0,0.0,0.0,0.0,0.0,0.0,0.0,0.0,0.0,0.0,0.0,0.0,0.0,0.0,0.0,0.0,0.0,0.0,0.0,0.0,0.0,0.0,0.0,0.0,0.0,0.0
350.0,0.0,0.0,0.0,0.0,0.0,0.0,0.0,0.0,0.0,0.0,226.85335586927664,226.85335586927664,226.85335586927664,226.85335586927664,226.85335586927664,226.85335586927664,226.85335586927664,226.85335586927664,226.85335586927664,226.85335586927664,226.85335586927664,0.0,0.0,0.0,0.0,0.0,0.0,0.0,0.0,0.0,0.0,0.0,0.0,0.0,0.0,0.0,0.0,0.0,0.0,0.0,0.0,226.85335586927664,226.85335586927664,226.85335586927664,226.85335586927664,226.85335586927664,226.85335586927664,226.85335586927664
350.0,0.0,0.0,0.0,0.0,0.0,0.0,0.0,0.0,0.0,0.0,0.0,0.0,0.0,0.0,0.0,0.0,0.0,0.0,0.0,0.0,0.0,0.0,0.0,0.0,0.0,0.0,0.0,0.0,0.0,0.0,0.0,0.0,0.0,0.0,0.0,0.0,0.0,0.0,0.0,0.0,0.0,0.0,0.0,0.0,0.0,0.0,0.0,0.0
350.0,0.0,0.0,0.0,0.0,0.0,0.0,0.0,0.0,0.0,0.0,0.0,0.0,0.0,0.0,0.0,0.0,0.0,0.0,0.0,0.0,0.0,0.0,0.0,0.0,0.0,0.0,0.0,0.0,0.0,0.0,0.0,0.0,0.0,0.0,0.0,0.0,0.0,0.0,0.0,0.0,0.0,0.0,0.0,0.0,0.0,0.0,0.0,0.0
350.0,0.0,0.0,0.0,0.0,0.0,0.0,0.0,0.0,0.0,0.0,0.0,0.0,0.0,0.0,0.0,0.0,0.0,0.0,0.0,0.0,0.0,0.0,0.0,0.0,0.0,0.0,0.0,0.0,0.0,0.0,0.0,226.85335586927664,226.85335586927664,226.85335586927664,226.85335586927664,226.85335586927664,226.85335586927664,226.85335586927664,226.85335586927664,226.85335586927664,226.85335586927664,0.0,0.0,0.0,0.0,0.0,0.0,0.0
350.0,0.0,0.0,0.0,0.0,0.0,0.0,0.0,0.0,0.0,0.0,0.0,0.0,0.0,0.0,0.0,0.0,0.0,0.0,0.0,0.0,0.0,226.85335586927664,226.85335586927664,226.85335586927664,226.85335586927664,226.85335586927664,226.85335586927664,226.85335586927664,226.85335586927664,226.85335586927664,226.85335586927664,0.0,0.0,0.0,0.0,0.0,0.0,0.0,0.0,0.0,0.0,0.0,0.0,0.0,0.0,0.0,0.0,0.0
150.0,0.0,0.0,0.0,0.0,0.0,0.0,0.0,0.0,0.0,0.0,0.0,0.0,0.0,0.0,0.0,0.0,0.0,0.0,0.0,0.0,0.0,0.0,58.00536056315438,58.00536056315438,58.00536056315438,50.0,50.0,58.00536056315438,58.00536056315438,108.00536056315438,108.00536056315438,108.00536056315438,50.0,58.00536056315438,50.0,58.00536056315438,50.0,0.0,0.0,0.0,0.0,0.0,0.0,0.0,0.0,0.0,0.0,0.0
150.0,50.0,58.00536056315438,58.00536056315438,50.0,58.00536056315438,50.0,58.00536056315438,58.00536056315438,50.0,50.0,58.00536056315438,58.00536056315438,0.0,0.0,0.0,0.0,0.0,0.0,0.0,0.0,0.0,0.0,0.0,0.0,0.0,0.0,0.0,0.0,0.0,0.0,0.0,0.0,0.0,0.0,0.0,0.0,0.0,0.0,0.0,0.0,0.0,0.0,58.00536056315438,58.00536056315438,58.00536056315438,50.0,50.0,50.0
150.0,0.0,0.0,0.0,0.0,0.0,0.0,0.0,0.0,0.0,0.0,0.0,0.0,0.0,0.0,0.0,0.0,58.00536056315438,50.0,58.00536056315438,58.00536056315438,58.00536056315438,50.0,50.0,50.0,50.0,58.00536056315438,58.00536056315438,50.0,50.0,0.0,0.0,0.0,0.0,0.0,0.0,0.0,0.0,0.0,0.0,50.0,58.00536056315438,58.00536056315438,50.0,50.0,50.0,58.00536056315438,58.00536056315438,58.00536056315438
150.0,58.00536056315438,50.0,50.0,58.00536056315438,50.0,58.00536056315438,50.0,50.0,58.00536056315438,58.00536056315438,50.0,50.0,108.00536056315438,108.00536056315438,108.00536056315438,108.00536056315438,50.0,58.00536056315438,50.0,50.0,50.0,58.00536056315438,0.0,0.0,0.0,0.0,0.0,0.0,0.0,0.0,0.0,0.0,58.00536056315438,50.0,58.00536056315438,50.0,58.00536056315438,108.00536056315438,108.00536056315438,58.00536056315438,50.0,50.0,0.0,0.0,0.0,0.0,0.0,0.0
70.0,30.0,86.25,30.0,86.25,86.25,86.25,30.0,30.0,68.53186321960538,68.53186321960538,86.25,86.25,86.25,86.25,30.0,38.53186321956582,30.0,86.25,68.53186321956582,68.53186321956582,86.25,86.25,86.25,86.25,86.25,86.25,86.25,30.0,30.0,86.25,86.25,30.0,30.0,86.25,86.25,0.0,0.0,0.0,0.0,0.0,0.0,0.0,0.0,0.0,0.0,86.25,30.0,30.0
70.0,30.0,86.25,30.0,0.0,0.0,0.0,0.0,0.0,0.0,0.0,0.0,0.0,0.0,86.25,30.0,86.25,30.0,30.0,86.25,86.25,86.25,86.25,86.25,86.25,86.25,86.25,0.0,0.0,0.0,0.0,0.0,0.0,0.0,0.0,0.0,0.0,42.28186321956582,86.25,68.53186321956628,30.0,72.28186321956582,30.0,86.25,86.25,30.0,86.25,30.0,30.0
70.0,30.0,86.25,30.0,86.25,86.25,86.25,30.0,30.0,86.25,86.25,86.25,86.25,86.25,86.25,30.0,86.25,30.0,30.0,86.25,86.25,86.25,30.0,30.0,86.25,86.25,30.0,86.25,86.25,30.0,86.25,86.25,86.25,30.0,86.25,42.28186321956582,86.25,86.25,86.25,86.25,30.0,86.25,30.0,86.25,86.25,30.0,86.25,30.0,86.25
70.0,30.0,86.25,30.0,30.0,86.25,30.0,30.0,30.0,86.25,30.0,86.25,86.25,86.25,86.25,30.0,86.25,30.0,30.0,86.25,86.25,86.25,30.0,30.0,86.25,86.25,86.25,86.25,86.25,30.0,86.25,86.25,86.25,86.25,86.25,30.0,86.25,86.25,86.25,86.25,30.0,86.25,86.25,86.25,30.0,30.0,86.25,30.0,30.0
70.0,30.0,86.25,30.0,30.0,86.25,30.0,68.53186321963449,30.0,86.25,30.0,86.25,86.25,86.25,86.25,30.0,86.25,30.0,30.0,86.25,86.25,86.25,30.0,86.25,86.25,86.25,86.25,86.25,86.25,30.0,86.25,86.25,86.25,30.0,86.25,30.0,30.0,86.25,86.25,86.25,30.0,86.25,86.25,86.25,30.0,30.0,30.0,30.0,30.0
70.0,30.0,86.25,30.0,30.0,86.25,30.0,86.25,30.0,86.25,30.0,86.25,86.25,86.25,86.25,30.0,86.25,30.0,30.0,86.25,86.25,86.25,86.25,86.25,86.25,86.25,86.25,86.25,86.25,30.0,72.28186321956582,86.25,86.25,30.0,86.25,30.0,86.25,86.25,86.25,86.25,30.0,86.25,86.25,86.25,86.25,30.0,30.0,30.0,30.0
70.0,30.0,86.25,30.0,30.0,86.25,30.0,86.25,30.0,86.25,86.25,86.25,86.25,30.0,86.25,30.0,86.25,30.0,86.25,86.25,86.25,86.25,86.25,68.53186321956582,86.25,86.25,86.25,86.25,86.25,30.0,30.0,86.25,86.25,30.0,86.25,30.0,86.25,86.25,86.25,86.25,30.0,86.25,86.25,86.25,86.25,30.0,30.0,30.0,30.0
70.0,30.0,30.0,86.25,30.0,86.25,86.25,86.25,30.0,86.25,30.0,86.25,86.25,86.25,86.25,30.0,86.25,30.0,86.25,86.25,86.25,86.25,86.25,86.25,86.25,86.25,86.25,86.25,86.25,30.0,30.0,86.25,30.0,86.25,86.25,30.0,30.0,86.25,86.25,86.25,30.0,86.25,86.25,86.25,86.25,30.0,86.25,30.0,30.0
70.0,30.0,86.25,86.25,30.0,86.25,86.25,86.25,30.0,86.25,30.0,86.25,86.25,86.25,86.25,30.0,86.25,30.0,86.25,86.25,86.25,86.25,86.25,30.0,86.25,86.25,86.25,86.25,86.25,30.0,30.0,86.25,30.0,30.0,86.25,30.0,30.0,86.25,86.25,86.25,86.25,0.0,0.0,0.0,0.0,0.0,0.0,0.0,0.0
70.0,30.0,86.25,30.0,30.0,86.25,86.25,86.25,30.0,86.25,30.0,86.25,30.0,86.25,86.25,30.0,86.25,30.0,86.25,86.25,86.25,86.25,86.25,30.0,86.25,86.25,86.25,86.25,86.25,30.0,30.0,72.28186321956582,30.0,30.0,86.25,30.0,86.25,86.25,86.25,86.25,86.25,86.25,86.25,86.25,86.25,30.0,86.25,30.0,30.0
70.0,30.0,86.25,86.25,30.0,86.25,86.25,86.25,30.0,86.25,30.0,86.25,30.0,86.25,86.25,38.53186321956582,86.25,30.0,86.25,86.25,86.25,86.25,68.53186321956582,86.25,86.25,86.25,86.25,86.25,30.0,30.0,30.0,30.0,30.0,30.0,86.25,30.0,86.25,86.25,86.25,86.25,86.25,0.0,0.0,0.0,0.0,0.0,0.0,0.0,0.0
70.0,30.0,30.0,86.25,30.0,30.0,30.0,86.25,86.25,86.25,86.25,30.0,30.0,86.25,86.25,86.25,86.25,30.0,86.25,86.25,86.25,86.25,86.25,86.25,86.25,86.25,86.25,86.25,30.0,30.0,30.0,30.0,86.25,86.25,86.25,86.25,86.25,86.25,86.25,86.25,86.25,86.25,86.25,86.25,86.25,30.0,86.25,30.0,86.25
70.0,30.0,30.0,86.25,30.0,30.0,30.0,86.25,86.25,86.25,86.25,30.0,30.0,86.25,86.25,86.25,86.25,30.0,86.25,86.25,86.25,86.25,30.0,86.25,86.25,86.25,86.25,86.25,30.0,30.0,30.0,30.0,86.25,86.25,86.25,86.25,86.25,86.25,86.25,86.25,86.25,86.25,86.25,86.25,86.25,30.0,86.25,30.0,86.25
70.0,30.0,30.0,86.25,86.25,30.0,68.53186321963449,86.25,86.25,86.25,86.25,30.0,30.0,86.25,86.25,86.25,86.25,30.0,86.25,86.25,86.25,86.25,30.0,86.25,86.25,86.25,86.25,86.25,30.0,30.0,30.0,30.0,86.25,30.0,86.25,86.25,86.25,86.25,86.25,86.25,86.25,86.25,86.25,46.03186321956582,86.25,30.0,86.25,30.0,86.25
70.0,30.0,86.25,86.25,86.25,30.0,86.25,86.25,86.25,86.25,86.25,30.0,30.0,86.25,86.25,86.25,86.25,30.0,86.25,86.25,86.25,86.25,30.0,86.25,86.25,86.25,30.0,42.28186321956582,30.0,30.0,30.0,30.0,86.25,30.0,86.25,86.25,30.0,86.25,86.25,86.25,30.0,86.25,86.25,86.25,86.25,30.0,30.0,86.25,86.25
70.0,30.0,86.25,86.25,86.25,30.0,86.25,30.0,86.25,86.25,86.25,30.0,30.0,86.25,86.25,86.25,86.25,30.0,86.25,86.25,86.25,86.25,30.0,86.25,86.25,86.25,86.25,86.25,86.25,30.0,30.0,30.0,30.0,86.25,86.25,86.25,86.25,86.25,86.25,86.25,86.25,86.25,86.25,86.25,86.25,30.0,30.0,86.25,86.25
70.0,30.0,86.25,86.25,30.0,30.0,86.25,30.0,68.53186321963449,86.25,86.25,30.0,30.0,86.25,86.25,86.25,86.25,30.0,86.25,86.25,86.25,86.25,30.0,86.25,86.25,86.25,86.25,86.25,30.0,86.25,86.25,30.0,30.0,86.25,86.25,86.25,86.25,86.25,86.25,86.25,86.25,86.25,86.25,86.25,86.25,86.25,30.0,86.25,86.25
70.0,30.0,86.25,86.25,30.0,30.0,86.25,30.0,30.0,86.25,86.25,30.0,30.0,86.25,86.25,86.25,86.25,30.0,30.0,86.25,86.25,30.0,30.0,86.25,68.53186321956582,86.25,86.25,86.25,86.25,86.25,86.25,86.25,30.0,30.0,86.25,86.25,86.25,86.25,86.25,86.25,30.0,86.25,86.25,86.25,86.25,86.25,30.0,86.25,86.25
70.0,30.0,86.25,86.25,86.25,30.0,86.25,30.0,30.0,86.25,30.0,30.0,30.0,86.25,86.25,86.25,86.25,30.0,30.0,86.25,86.25,68.53186321956582,86.25,86.25,86.25,86.25,86.25,86.25,86.25,0.0,0.0,0.0,0.0,0.0,0.0,0.0,0.0,0.0,0.0,86.25,86.25,86.25,86.25,86.25,86.25,86.25,86.25,86.25,86.25
70.0,86.25,86.25,86.25,30.0,30.0,86.25,30.0,30.0,30.0,30.0,30.0,30.0,86.25,86.25,86.25,86.25,86.25,30.0,86.25,86.25,86.25,30.0,30.0,30.0,86.25,86.25,86.25,42.28186321956582,86.25,86.25,86.25,86.25,30.0,30.0,86.25,86.25,86.25,30.0,86.25,30.0,86.25,86.25,86.25,86.25,86.25,86.25,86.25,86.25
70.0,86.25,38.53186321963449,86.25,30.0,86.25,86.25,30.0,30.0,86.25,30.0,30.0,30.0,86.25,86.25,86.25,86.25,86.25,30.0,86.25,86.25,30.0,30.0,86.25,30.0,86.25,86.25,86.25,86.25,86.25,86.25,86.25,86.25,30.0,30.0,86.25,86.25,86.25,30.0,86.25,86.25,86.25,86.25,86.25,86.25,86.25,86.25,86.25,30.0
70.0,86.25,86.25,86.25,86.25,86.25,86.25,30.0,86.25,30.0,86.25,30.0,30.0,86.25,86.25,86.25,86.25,86.25,30.0,86.25,86.25,86.25,30.0,30.0,30.0,86.25,86.25,86.25,86.25,86.25,86.25,86.25,86.25,30.0,30.0,86.25,86.25,86.25,30.0,86.25,86.25,86.25,86.25,86.25,86.25,86.25,86.25,86.25,30.0
70.0,86.25,86.25,86.25,86.25,86.25,86.25,30.0,86.25,30.0,86.25,30.0,30.0,86.25,86.25,86.25,86.25,86.25,30.0,86.25,86.25,86.25,30.0,30.0,30.0,86.25,30.0,86.25,86.25,86.25,86.25,86.25,86.25,86.25,86.25,86.25,30.0,86.25,30.0,86.25,86.25,86.25,86.25,30.0,86.25,86.25,86.25,86.25,30.0
70.0,86.25,86.25,86.25,30.0,86.25,86.25,30.0,86.25,30.0,86.25,30.0,30.0,86.25,86.25,86.25,86.25,86.25,30.0,86.25,86.25,86.25,30.0,30.0,30.0,30.0,86.25,86.25,30.0,86.25,86.25,86.25,86.25,86.25,86.25,86.25,30.0,86.25,30.0,86.25,86.25,86.25,86.25,30.0,86.25,86.25,72.28186321956582,86.25,30.0
70.0,86.25,86.25,86.25,68.53186321963449,86.25,86.25,30.0,86.25,30.0,86.25,30.0,30.0,86.25,86.25,86.25,86.25,86.25,30.0,86.25,86.25,86.25,86.25,30.0,30.0,30.0,86.25,86.25,30.0,86.25,86.25,86.25,86.25,86.25,42.28186321956582,86.25,30.0,86.25,30.0,86.25,86.25,86.25,86.25,30.0,30.0,86.25,30.0,86.25,86.25
70.0,86.25,86.25,86.25,86.25,86.25,86.25,30.0,86.25,30.0,86.25,30.0,30.0,86.25,86.25,86.25,86.25,86.25,30.0,86.25,86.25,86.25,86.25,30.0,30.0,30.0,86.25,86.25,30.0,86.25,86.25,86.25,86.25,86.25,86.25,86.25,30.0,86.25,30.0,86.25,86.25,86.25,86.25,30.0,30.0,86.25,86.25,86.25,86.25
70.0,86.25,86.25,86.25,86.25,68.53186321963449,86.25,30.0,86.25,30.0,86.25,30.0,30.0,30.0,86.25,86.25,86.25,86.25,86.25,86.25,86.25,86.25,86.25,30.0,30.0,30.0,86.25,86.25,30.0,86.25,86.25,86.25,86.25,86.25,86.25,86.25,30.0,86.25,30.0,86.25,86.25,86.25,86.25,30.0,30.0,86.25,86.25,86.25,86.25
70.0,86.25,86.25,86.25,86.25,30.0,86.25,30.0,86.25,30.0,30.0,30.0,86.25,30.0,86.25,86.25,86.25,86.25,86.25,86.25,86.25,86.25,86.25,30.0,30.0,30.0,86.25,86.25,86.25,86.25,86.25,86.25,86.25,86.25,86.25,86.25,30.0,86.25,30.0,30.0,86.25,86.25,86.25,30.0,30.0,86.25,86.25,86.25,86.25
70.0,86.25,86.25,86.25,86.25,86.25,86.25,30.0,86.25,30.0,30.0,30.0,86.25,30.0,86.25,86.25,86.25,86.25,86.25,86.25,86.25,86.25,86.25,30.0,30.0,30.0,86.25,30.0,30.0,86.25,86.25,30.0,86.25,86.25,86.25,30.0,30.0,86.25,30.0,30.0,86.25,86.25,86.25,30.0,30.0,86.25,30.0,86.25,86.25
70.0,86.25,86.25,86.25,86.25,86.25,86.25,30.0,86.25,30.0,86.25,86.25,86.25,30.0,30.0,86.25,86.25,86.25,86.25,86.25,86.25,86.25,86.25,30.0,30.0,86.25,86.25,30.0,86.25,86.25,86.25,30.0,86.25,30.0,86.25,30.0,30.0,86.25,42.28186321956582,30.0,86.25,86.25,86.25,30.0,30.0,86.25,30.0,86.25,86.25
70.0,86.25,86.25,86.25,86.25,86.25,86.25,86.25,86.25,30.0,30.0,86.25,86.25,30.0,30.0,86.25,86.25,86.25,86.25,86.25,86.25,86.25,86.25,30.0,30.0,30.0,86.25,30.0,30.0,86.25,86.25,30.0,86.25,86.25,86.25,30.0,30.0,86.25,86.25,30.0,86.25,86.25,86.25,30.0,30.0,86.25,30.0,86.25,86.25
70.0,86.25,86.25,86.25,86.25,86.25,86.25,86.25,86.25,30.0,30.0,86.25,86.25,30.0,30.0,86.25,30.0,86.25,86.25,30.0,30.0,86.25,86.25,30.0,30.0,86.25,30.0,30.0,86.25,86.25,86.25,30.0,86.25,30.0,30.0,86.25,30.0,86.25,86.25,30.0,86.25,86.25,86.25,30.0,30.0,86.25,30.0,86.25,72.28186321956582
70.0,86.25,86.25,86.25,30.0,86.25,86.25,86.25,86.25,86.25,30.0,68.53186321960538,86.25,30.0,30.0,86.25,30.0,86.25,86.25,30.0,30.0,86.25,30.0,86.25,30.0,30.0,30.0,30.0,30.0,86.25,86.25,86.25,42.28186321956582,86.25,30.0,86.25,30.0,86.25,86.25,30.0,30.0,86.25,86.25,86.25,30.0,86.25,86.25,86.25,86.25
70.0,86.25,86.25,86.25,86.25,86.25,86.25,86.25,86.25,30.0,30.0,86.25,86.25,30.0,30.0,86.25,30.0,86.25,86.25,30.0,30.0,30.0,30.0,86.25,30.0,30.0,30.0,30.0,30.0,86.25,86.25,86.25,30.0,42.28186321956582,30.0,86.25,86.25,86.25,86.25,30.0,30.0,86.25,86.25,86.25,30.0,46.031863219566276,86.25,86.25,86.25
70.0,86.25,86.25,38.53186321963449,86.25,86.25,30.0,86.25,86.25,30.0,30.0,86.25,86.25,30.0,30.0,86.25,30.0,86.25,86.25,30.0,30.0,30.0,30.0,86.25,30.0,30.0,30.0,30.0,30.0,86.25,86.25,86.25,30.0,86.25,30.0,86.25,86.25,30.0,86.25,30.0,30.0,86.25,46.031863219566276,86.25,30.0,86.25,86.25,86.25,86.25
70.0,86.25,30.0,86.25,86.25,86.25,30.0,86.25,30.0,86.25,86.25,86.25,86.25,30.0,30.0,86.25,30.0,86.25,86.25,30.0,30.0,30.0,30.0,86.25,30.0,30.0,30.0,30.0,86.25,86.25,30.0,86.25,30.0,86.25,30.0,86.25,86.25,30.0,86.25,30.0,30.0,30.0,30.0,86.25,46.03186321956582,86.25,30.0,86.25,86.25
70.0,86.25,30.0,86.25,86.25,30.0,30.0,86.25,86.25,86.25,86.25,86.25,86.25,30.0,30.0,86.25,30.0,86.25,86.25,30.0,30.0,30.0,86.25,86.25,30.0,30.0,30.0,30.0,86.25,86.25,30.0,86.25,86.25,86.25,30.0,86.25,86.25,30.0,86.25,30.0,30.0,30.0,30.0,86.25,86.25,86.25,30.0,86.25,86.25
70.0,86.25,30.0,86.25,86.25,30.0,30.0,86.25,86.25,86.25,86.25,86.25,86.25,30.0,30.0,86.25,30.0,86.25,86.25,30.0,30.0,30.0,86.25,86.25,86.25,30.0,30.0,30.0,86.25,86.25,30.0,30.0,86.25,86.25,30.0,86.25,86.25,30.0,86.25,30.0,30.0,30.0,30.0,86.25,86.25,86.25,30.0,72.28186321956582,86.25
70.0,86.25,30.0,30.0,86.25,30.0,30.0,86.25,86.25,86.25,86.25,86.25,86.25,30.0,30.0,86.25,30.0,86.25,86.25,30.0,30.0,30.0,86.25,86.25,86.25,30.0,30.0,30.0,86.25,86.25,30.0,30.0,86.25,86.25,86.25,86.25,86.25,30.0,86.25,30.0,30.0,30.0,30.0,86.25,86.25,86.25,86.25,86.25,86.25
70.0,86.25,30.0,30.0,86.25,30.0,30.0,86.25,30.0,30.0,86.25,86.25,86.25,30.0,30.0,86.25,30.0,86.25,86.25,30.0,30.0,30.0,86.25,86.25,86.25,30.0,30.0,30.0,86.25,86.25,30.0,30.0,86.25,86.25,86.25,86.25,86.25,30.0,86.25,30.0,30.0,30.0,30.0,86.25,86.25,86.25,86.25,86.25,86.25
70.0,86.25,30.0,30.0,86.25,30.0,30.0,86.25,86.25,30.0,86.25,86.25,86.25,30.0,30.0,86.25,30.0,86.25,86.25,30.0,30.0,30.0,86.25,30.0,86.25,30.0,30.0,30.0,86.25,86.25,86.25,30.0,30.0,86.25,86.25,86.25,86.25,30.0,30.0,30.0,68.53186321956628,30.0,30.0,86.25,86.25,86.25,86.25,86.25,86.25
70.0,86.25,30.0,30.0,86.25,30.0,30.0,86.25,86.25,30.0,86.25,86.25,86.25,30.0,30.0,30.0,30.0,86.25,86.25,30.0,30.0,30.0,86.25,30.0,86.25,30.0,30.0,30.0,86.25,86.25,86.25,86.25,30.0,86.25,30.0,86.25,86.25,30.0,30.0,30.0,86.25,30.0,0.0,0.0,0.0,0.0,0.0,0.0,0.0
70.0,86.25,30.0,30.0,86.25,30.0,30.0,86.25,86.25,30.0,86.25,86.25,86.25,30.0,30.0,30.0,30.0,86.25,86.25,30.0,30.0,30.0,86.25,86.25,86.25,86.25,30.0,30.0,86.25,86.25,86.25,86.25,30.0,86.25,30.0,86.25,86.25,30.0,30.0,30.0,86.25,30.0,30.0,86.25,86.25,86.25,86.25,86.25,86.25
70.0,86.25,30.0,30.0,86.25,30.0,30.0,86.25,86.25,86.25,86.25,86.25,86.25,68.53186321956582,30.0,30.0,30.0,86.25,30.0,0.0,0.0,0.0,0.0,0.0,0.0,0.0,0.0,0.0,0.0,0.0,0.0,0.0,30.0,86.25,86.25,86.25,86.25,30.0,30.0,30.0,86.25,30.0,30.0,86.25,86.25,86.25,86.25,30.0,86.25
0.0,86.25,30.0,30.0,86.25,86.25,30.0,86.25,86.25,86.25,86.25,86.25,86.25,86.25,30.0,30.0,30.0,86.25,30.0,30.0,30.0,30.0,86.25,86.25,86.25,30.0,30.0,30.0,86.25,86.25,86.25,86.25,86.25,86.25,30.0,86.25,86.25,30.0,30.0,30.0,86.25,30.0,30.0,86.25,86.25,86.25,86.25,30.0,86.25
0.0,86.25,30.0,30.0,86.25,86.25,30.0,86.25,86.25,86.25,86.25,86.25,86.25,86.25,30.0,30.0,30.0,86.25,30.0,30.0,30.0,30.0,86.25,86.25,86.25,86.25,30.0,86.25,86.25,86.25,86.25,86.25,86.25,86.25,30.0,30.0,86.25,30.0,30.0,86.25,86.25,30.0,30.0,86.25,86.25,86.25,86.25,30.0,86.25
0.0,86.25,30.0,30.0,30.0,86.25,86.25,86.25,86.25,86.25,86.25,86.25,86.25,86.25,30.0,30.0,30.0,86.25,30.0,30.0,30.0,30.0,86.25,86.25,86.25,86.25,30.0,86.25,86.25,86.25,86.25,86.25,30.0,86.25,30.0,30.0,86.25,30.0,86.25,86.25,86.25,30.0,30.0,86.25,86.25,86.25,86.25,86.25,86.25
0.0,86.25,30.0,30.0,30.0,86.25,86.25,86.25,86.25,86.25,86.25,86.25,86.25,86.25,30.0,30.0,30.0,86.25,30.0,30.0,30.0,30.0,86.25,86.25,86.25,86.25,68.53186321956582,86.25,86.25,86.25,86.25,86.25,86.25,86.25,86.25,30.0,72.28186321956582,30.0,86.25,86.25,86.25,30.0,86.25,30.0,86.25,86.25,86.25,86.25,30.0
0.0,86.25,30.0,30.0,86.25,86.25,86.25,86.25,30.0,86.25,86.25,86.25,68.53186321960538,86.25,86.25,30.0,30.0,86.25,38.53186321956582,30.0,30.0,30.0,86.25,86.25,86.25,86.25,86.25,86.25,86.25,86.25,86.25,86.25,86.25,86.25,86.25,30.0,86.25,30.0,86.25,86.25,86.25,30.0,86.25,30.0,86.25,86.25,86.25,86.25,30.0
0.0,38.53186321962994,30.0,86.25,86.25,86.25,86.25,86.25,30.0,86.25,30.0,86.25,86.25,86.25,38.53186321956582,30.0,30.0,38.53186321956582,86.25,30.0,30.0,30.0,86.25,86.25,86.25,68.53186321956582,86.25,86.25,86.25,72.28186321956582,86.25,86.25,86.25,86.25,30.0,30.0,86.25,30.0,86.25,86.25,86.25,30.0,86.25,30.0,86.25,86.25,86.25,86.25,30.0
70.0,0.0,0.0,0.0,0.0,0.0,0.0,0.0,0.0,0.0,0.0,0.0,0.0,0.0,0.0,0.0,29.32,29.32,29.32,29.32,29.32,29.32,29.32,29.32,29.32,29.32,0.0,0.0,0.0,0.0,0.0,0.0,0.0,0.0,0.0,0.0,29.32,84.295,84.295,84.295,49.87151397986294,84.295,29.32,29.32,84.295,84.295,0.0,0.0,0.0
70.0,0.0,0.0,0.0,0.0,0.0,0.0,0.0,0.0,0.0,0.0,0.0,0.0,0.0,0.0,0.0,0.0,0.0,0.0,0.0,0.0,0.0,0.0,0.0,0.0,0.0,0.0,0.0,0.0,0.0,0.0,0.0,0.0,0.0,0.0,0.0,0.0,84.295,29.32,84.295,84.295,84.295,29.32,61.53651397986336,83.73651397986295,84.295,84.295,84.295,0.0
70.0,29.32,29.32,29.32,29.32,29.32,29.32,29.32,29.32,29.32,84.295,29.32,0.0,0.0,0.0,0.0,0.0,0.0,0.0,0.0,0.0,0.0,29.32,29.32,29.32,29.32,29.319999999999997,29.32,29.32,29.32,29.32,29.32,0.0,0.0,0.0,0.0,0.0,0.0,0.0,0.0,0.0,0.0,29.32,84.295,29.32,84.295,84.295,84.295,84.295
70.0,0.0,0.0,0.0,0.0,0.0,0.0,0.0,0.0,0.0,0.0,0.0,29.32,29.32,29.32,29.32,29.32,29.32,29.32,29.32,29.32,29.32,0.0,0.0,0.0,0.0,0.0,0.0,0.0,0.0,0.0,0.0,29.32,29.32,29.32,29.32,29.32,84.295,29.32,84.295,84.295,84.295,29.32,84.295,29.32,84.295,84.295,84.295,84.295
70.0,0.0,0.0,0.0,0.0,0.0,0.0,0.0,0.0,0.0,0.0,0.0,0.0,0.0,29.32,29.32,29.32,29.32,29.32,29.32,29.32,29.32,29.32,29.32,0.0,0.0,0.0,0.0,0.0,0.0,0.0,0.0,0.0,0.0,0.0,0.0,0.0,84.295,63.15651397986359,84.295,84.295,84.295,29.32,84.295,29.32,84.295,84.295,84.295,84.295
70.0,29.32,29.32,29.32,46.92171271778166,29.32,29.32,29.32,29.32,29.32,29.32,84.295,29.32,29.32,29.32,29.32,29.32,29.32,29.32,29.32,29.32,29.32,29.32,29.32,29.32,29.32,29.32,0.0,0.0,0.0,0.0,0.0,0.0,0.0,0.0,0.0,0.0,84.295,84.295,84.295,84.295,84.295,29.32,84.295,29.32,84.295,84.295,84.295,0.0
70.0,0.0,0.0,0.0,0.0,0.0,0.0,0.0,0.0,0.0,0.0,0.0,0.0,29.32,29.32,29.32,29.32,29.32,29.32,29.32,29.32,29.32,29.32,29.32,29.32,29.32,29.32,0.0,0.0,0.0,0.0,0.0,0.0,0.0,0.0,0.0,0.0,84.295,84.295,84.295,84.295,84.295,29.32,84.295,29.32,84.295,84.295,84.295,84.295
70.0,0.0,0.0,0.0,0.0,0.0,0.0,0.0,0.0,0.0,0.0,0.0,0.0,0.0,0.0,0.0,0.0,0.0,0.0,0.0,0.0,0.0,0.0,0.0,0.0,0.0,0.0,0.0,0.0,0.0,0.0,0.0,29.32,29.32,29.32,29.32,29.32,84.295,84.295,84.295,84.295,84.295,29.32,84.295,29.32,84.295,84.295,29.32,84.295
70.0,29.32,29.32,29.32,84.295,29.32,29.32,29.32,29.32,29.32,84.295,29.32,29.32,29.32,29.32,29.32,29.32,29.32,29.32,29.32,0.0,0.0,0.0,0.0,0.0,0.0,0.0,0.0,0.0,0.0,0.0,0.0,0.0,0.0,0.0,0.0,0.0,0.0,0.0,0.0,0.0,0.0,0.0,84.295,29.32,61.536513979862676,84.295,29.32,84.295
70.0,29.32,29.32,29.32,29.32,29.32,29.32,81.01671271778162,75.46671271778156,29.32,29.32,29.32,29.32,29.32,29.32,29.32,29.32,29.32,0.0,0.0,0.0,0.0,0.0,0.0,0.0,0.0,0.0,0.0,0.0,0.0,0.0,0.0,0.0,0.0,0.0,0.0,0.0,0.0,84.295,84.295,84.295,84.295,29.32,84.295,29.32,84.295,84.295,29.32,0.0
70.0,0.0,0.0,0.0,0.0,0.0,0.0,0.0,0.0,0.0,0.0,0.0,29.32,29.32,29.32,29.32,29.32,29.32,29.32,29.32,29.32,29.32,0.0,0.0,0.0,0.0,0.0,0.0,0.0,0.0,0.0,0.0,0.0,0.0,0.0,0.0,0.0,84.295,84.295,84.295,84.295,84.295,29.32,84.295,29.32,84.295,84.295,29.32,84.295
70.0,0.0,0.0,0.0,0.0,0.0,0.0,0.0,0.0,0.0,0.0,0.0,0.0,0.0,29.32,29.32,29.32,29.32,29.32,29.32,29.32,29.32,29.32,29.32,29.32,29.32,29.32,0.0,0.0,0.0,0.0,0.0,0.0,0.0,0.0,0.0,0.0,84.295,84.295,84.295,84.295,84.295,84.295,84.295,84.295,84.295,84.295,84.295,84.295
70.0,29.32,29.32,29.32,29.32,29.32,29.32,29.32,84.295,29.32,29.32,29.32,29.32,29.32,29.32,29.32,0.0,0.0,0.0,0.0,0.0,0.0,0.0,0.0,0.0,0.0,0.0,0.0,0.0,0.0,0.0,0.0,84.295,29.32,29.32,29.319999999999684,29.32,84.295,84.295,84.295,84.295,84.295,84.295,84.295,84.295,84.295,84.295,29.32,84.295
70.0,0.0,0.0,0.0,0.0,0.0,0.0,0.0,0.0,0.0,0.0,29.32,29.32,29.32,29.32,31.416712717781365,29.32,29.32,29.32,84.295,29.32,0.0,0.0,0.0,0.0,0.0,0.0,0.0,0.0,0.0,0.0,0.0,0.0,0.0,0.0,0.0,0.0,84.295,84.295,84.295,84.295,84.295,84.295,84.295,84.295,84.295,84.295,29.32,0.0
70.0,0.0,0.0,0.0,0.0,0.0,0.0,0.0,0.0,0.0,0.0,29.32,29.32,29.32,29.32,29.32,29.32,29.32,29.32,36.56171271778153,29.32,0.0,0.0,0.0,0.0,0.0,0.0,0.0,0.0,0.0,0.0,0.0,0.0,0.0,29.32,29.32,29.32,84.295,84.295,84.295,84.295,84.295,84.295,84.295,84.295,84.295,84.295,29.32,84.295
70.0,0.0,0.0,0.0,0.0,0.0,0.0,0.0,0.0,0.0,0.0,0.0,29.32,29.32,29.32,29.32,29.32,29.32,29.32,29.32,29.32,29.32,0.0,0.0,0.0,0.0,0.0,0.0,0.0,0.0,0.0,0.0,0.0,0.0,0.0,0.0,29.32,84.295,84.295,84.295,84.295,84.295,84.295,84.295,84.295,84.295,84.295,84.295,84.295
70.0,29.32,29.32,29.32,29.32,29.32,29.32,29.32,84.295,29.32,29.32,52.40171271778168,29.32,29.32,29.32,29.32,29.32,29.32,0.0,0.0,0.0,0.0,0.0,0.0,0.0,0.0,0.0,0.0,0.0,0.0,0.0,84.295,84.295,29.32,29.32,29.32,29.32,84.295,84.295,77.71151397986308,84.295,84.295,84.295,84.295,84.295,84.295,84.295,84.295,84.295
70.0,0.0,0.0,0.0,0.0,0.0,0.0,0.0,0.0,0.0,0.0,0.0,0.0,29.32,29.32,29.32,29.32,29.32,29.32,29.32,29.32,29.32,29.32,0.0,0.0,0.0,0.0,0.0,0.0,0.0,0.0,0.0,0.0,0.0,0.0,0.0,0.0,84.295,84.295,84.295,84.295,84.295,84.295,84.295,84.295,84.295,84.295,84.295,0.0
70.0,0.0,0.0,0.0,0.0,0.0,0.0,0.0,0.0,0.0,0.0,0.0,29.32,29.32,29.32,29.32,60.7367127177813,29.32,29.32,29.32,29.32,29.32,29.32,29.32,29.32,29.319999999999997,29.32,29.32,0.0,0.0,0.0,0.0,0.0,0.0,0.0,0.0,0.0,0.0,0.0,84.295,84.295,84.295,84.295,84.295,84.295,84.295,84.295,58.08151397986366,84.295
70.0,29.32,29.32,29.32,29.32,29.32,29.32,29.32,29.32,29.32,84.295,29.32,29.32,29.32,29.32,29.32,0.0,0.0,0.0,0.0,0.0,0.0,0.0,0.0,0.0,0.0,29.32,29.32,29.32,29.32,29.32,84.295,29.32,29.32,29.32,29.32,29.32,84.295,84.295,84.295,84.295,84.295,84.295,84.295,84.295,84.295,84.295,84.295,84.295
70.0,0.0,0.0,0.0,0.0,0.0,0.0,0.0,0.0,0.0,0.0,0.0,29.32,29.32,29.32,29.32,29.32,29.32,29.32,29.32,37.33671271778121,40.29671271778125,0.0,0.0,0.0,0.0,0.0,0.0,0.0,0.0,0.0,0.0,0.0,0.0,0.0,0.0,0.0,84.295,84.295,84.295,84.295,84.295,84.295,84.295,84.295,84.295,84.295,84.295,84.295
70.0,0.0,0.0,0.0,0.0,0.0,0.0,0.0,0.0,0.0,0.0,0.0,0.0,0.0,0.0,0.0,0.0,0.0,0.0,0.0,0.0,0.0,0.0,0.0,0.0,0.0,0.0,0.0,0.0,0.0,0.0,0.0,0.0,0.0,0.0,0.0,29.32,84.295,84.295,84.295,84.295,84.295,84.295,84.295,84.295,84.295,84.295,84.295,0.0
70.0,29.32,29.32,29.32,29.32,29.32,29.32,29.32,29.32,29.32,0.0,0.0,0.0,0.0,0.0,0.0,0.0,0.0,0.0,0.0,0.0,0.0,0.0,0.0,0.0,29.32,29.32,29.32,29.32,29.32,29.319999999999997,84.295,29.32,29.32,29.32,29.32,29.32,84.295,84.295,84.295,84.295,84.295,84.295,84.295,84.295,84.295,29.32,84.295,29.32
70.0,0.0,0.0,0.0,0.0,0.0,0.0,0.0,0.0,0.0,0.0,0.0,29.32,29.32,29.32,29.32,29.32,29.32,29.32,29.32,29.32,29.32,29.32,29.32,29.32,29.32,0.0,0.0,0.0,0.0,0.0,0.0,0.0,0.0,0.0,0.0,0.0,84.295,84.295,84.295,84.295,84.295,84.295,84.295,84.295,29.32,29.32,84.295,84.295
60.0,27.84,27.84,27.84,27.84,27.84,0.0,0.0,0.0,0.0,0.0,0.0,0.0,0.0,0.0,0.0,0.0,0.0,0.0,0.0,0.0,0.0,0.0,0.0,0.0,0.0,0.0,29.77671271778172,27.839999999999996,62.57671271778173,38.21671271778166,27.84,27.83999999999982,80.04000000000002,27.839999999999666,80.04000000000002,27.83999999993003,0.0,0.0,0.0,0.0,0.0,0.0,0.0,0.0,0.0,0.0,0.0,27.84
60.0,0.0,0.0,0.0,0.0,0.0,0.0,0.0,0.0,0.0,0.0,0.0,0.0,0.0,0.0,0.0,0.0,0.0,0.0,0.0,0.0,0.0,0.0,27.84,80.04000000000002,80.04000000000002,27.84,80.04000000000002,27.84,27.84,27.84,27.84,27.839999999999996,27.84,27.84,49.69671271778191,0.0,0.0,0.0,0.0,0.0,0.0,0.0,0.0,0.0,0.0,0.0,0.0,27.84
60.0,27.84,27.84,27.84,27.84,0.0,0.0,0.0,0.0,0.0,0.0,0.0,0.0,0.0,0.0,0.0,0.0,0.0,0.0,0.0,0.0,0.0,0.0,27.84,49.696712717781736,76.05671271778203,27.84,80.04000000000002,27.84,80.04000000000002,80.04000000000002,27.839999999999996,27.84,30.29671271778159,27.84,27.84,0.0,0.0,0.0,0.0,0.0,0.0,0.0,0.0,0.0,0.0,0.0,0.0,27.83999999999999
60.0,27.84,27.84,0.0,0.0,0.0,0.0,0.0,0.0,0.0,0.0,0.0,0.0,0.0,0.0,0.0,0.0,0.0,0.0,0.0,0.0,0.0,0.0,27.84,27.84,27.84,49.696712717781594,27.84,27.84,80.04000000000002,80.04000000000002,27.84,27.84,80.04000000000002,27.84,27.84,0.0,0.0,0.0,0.0,0.0,0.0,0.0,0.0,0.0,0.0,0.0,0.0,27.84
60.0,27.84,0.0,0.0,0.0,0.0,0.0,0.0,0.0,0.0,0.0,0.0,0.0,0.0,0.0,0.0,0.0,0.0,0.0,0.0,0.0,0.0,0.0,0.0,0.0,0.0,0.0,27.84,27.84,27.84,80.04000000000002,27.83999999999979,27.84,27.84,27.84,27.84,27.84,0.0,0.0,0.0,0.0,0.0,0.0,0.0,0.0,0.0,0.0,0.0,27.839999999999996
60.0,27.84,27.84,27.84,27.84,0.0,0.0,0.0,0.0,0.0,0.0,0.0,0.0,0.0,0.0,0.0,0.0,0.0,0.0,0.0,0.0,0.0,0.0,27.84,27.84,27.84,80.04000000000002,27.84,27.84,80.04000000000002,80.04000000000002,27.84,27.84,80.04000000000002,27.84,0.0,0.0,0.0,0.0,0.0,0.0,0.0,0.0,0.0,0.0,0.0,0.0,0.0,27.84
60.0,27.84,27.84,27.84,27.84,27.84,27.84,27.84,27.84,27.84,0.0,0.0,0.0,0.0,0.0,0.0,0.0,0.0,0.0,0.0,0.0,27.84,27.84,27.84,27.84,27.84,27.84,27.84,62.57671271778156,27.84,27.84,27.84,76.94671271778186,27.84,27.84,27.84,27.84,80.04000000000042,80.04000000000002,80.04000000000002,80.04000000000002,80.04000000000002,80.04000000000002,80.04000000000002,80.04000000000002,27.84,27.84,80.04000000000002,80.04000000000002
60.0,27.84,27.84,27.84,27.84,27.84,79.53671271778148,27.84,27.84,0.0,0.0,0.0,0.0,0.0,0.0,0.0,0.0,0.0,0.0,0.0,27.84,27.84,27.84,27.84,27.84,27.84,27.84,27.84,27.84,27.84,27.84,27.84,27.84,27.84,27.84,27.84,27.84,80.04000000000002,80.04000000000002,80.04000000000002,80.04000000000002,80.04000000000002,80.04000000000002,27.84,80.04000000000002,27.84,27.84,80.04000000000002,80.04000000000002
60.0,27.84,27.84,27.84,27.84,27.84,27.84,27.84,27.84,55.17671271778141,51.81171271778159,80.04000000000002,27.84,27.84,27.84,27.84,27.84,27.84,27.84,27.84,27.84,27.84,27.84,27.84,27.84,0.0,0.0,0.0,0.0,0.0,0.0,0.0,0.0,0.0,0.0,27.84,27.84,80.04000000000002,80.04000000000002,80.04000000000002,80.04000000000002,80.04000000000002,80.04000000000002,27.84,80.04000000000002,27.84,27.84,80.04000000000002,80.04000000000002
60.0,72.57671271786555,27.84,27.84,27.84,27.84,0.0,0.0,0.0,0.0,0.0,0.0,0.0,0.0,0.0,0.0,0.0,0.0,0.0,0.0,27.84,27.84,27.84,27.84,27.84,27.84,27.84,27.84,27.84,27.84,0.0,0.0,0.0,0.0,0.0,0.0,0.0,0.0,0.0,0.0,80.04000000000002,80.04000000000002,80.04000000000002,27.84,80.04000000000002,27.84,27.84,80.04000000000002,80.04000000000002
60.0,27.84,27.84,27.84,27.84,27.84,27.84,27.84,27.84,27.84,27.84,80.04000000000002,27.84,27.84,27.84,27.84,27.84,27.84,27.84,27.84,27.84,27.84,27.84,44.736712717781444,27.84,27.84,27.84,27.84,0.0,0.0,0.0,0.0,0.0,0.0,0.0,0.0,0.0,0.0,80.04000000000002,80.04000000000002,80.04000000000002,80.04000000000002,80.04000000000002,27.84,80.04000000000002,80.04000000000002,27.84,80.04000000000002,80.04000000000002
60.0,27.84,27.84,0.0,0.0,0.0,0.0,0.0,0.0,0.0,0.0,0.0,0.0,27.84,27.84,27.84,27.84,27.84,27.84,27.84,27.84,27.84,27.84,27.84,0.0,0.0,0.0,0.0,0.0,0.0,0.0,0.0,0.0,0.0,27.84,27.84,27.84,80.04000000000002,80.04000000000002,80.04000000000002,27.84,80.04000000000002,37.79151397986254,27.84,80.04000000000002,80.04000000000002,27.84,80.04000000000002,69.66651397986277
60.0,0.0,0.0,0.0,0.0,0.0,0.0,0.0,0.0,0.0,0.0,0.0,0.0,0.0,0.0,0.0,0.0,0.0,27.84,27.84,27.84,27.84,27.84,27.84,27.84,27.84,27.84,27.84,27.84,27.84,27.84,0.0,0.0,0.0,0.0,0.0,0.0,0.0,0.0,0.0,0.0,27.84,80.04000000000002,27.84,27.84,27.84,27.84,80.04000000000002,80.04000000000002
60.0,27.84,27.84,27.84,27.84,51.69671271778168,27.84,80.04000000000002,27.84,27.84,27.84,27.84,27.84,27.84,27.84,27.84,27.84,27.84,27.84,27.84,27.84,27.84,27.84,27.84,27.84,27.84,27.84,27.84,0.0,0.0,0.0,0.0,0.0,0.0,0.0,0.0,0.0,0.0,80.04000000000002,80.04000000000002,27.84,42.1365139798626,80.04000000000002,27.84,27.84,27.84,27.84,80.04000000000002,80.04000000000002
60.0,27.84,80.04000000000002,80.04000000000002,27.84,27.84,27.84,27.84,27.84,27.84,27.84,27.84,27.84,27.84,0.0,0.0,0.0,0.0,0.0,0.0,0.0,0.0,0.0,0.0,0.0,0.0,27.84,27.84,27.84,27.84,27.839999999999833,27.84,27.84,27.84,27.84,27.84,27.84,80.04000000000002,80.04000000000002,80.04000000000002,27.84,27.84,80.04000000000002,27.84,27.84,27.84,80.04000000000002,80.04000000000002,80.04000000000002
60.0,27.84,27.84,48.216712717781604,27.84,27.84,80.04000000000002,27.84,27.84,27.84,80.04000000000002,27.84,27.84,0.0,0.0,0.0,0.0,0.0,0.0,0.0,0.0,0.0,0.0,0.0,0.0,0.0,0.0,0.0,0.0,0.0,0.0,0.0,0.0,0.0,0.0,0.0,0.0,80.04000000000002,80.04000000000002,27.84,27.84,27.84,80.04000000000002,27.84,27.84,27.84,27.84,80.04000000000002,80.04000000000002
60.0,27.84,27.84,27.84,27.84,80.04000000000002,27.84,27.84,27.84,80.04000000000002,27.84,27.84,27.84,27.84,27.84,27.84,27.84,27.84,27.84,27.84,27.84,27.84,27.84,27.84,27.84,27.84,27.84,27.84,27.84,0.0,0.0,0.0,0.0,0.0,0.0,0.0,0.0,0.0,0.0,0.0,0.0,27.84,80.04000000000002,27.84,27.84,27.84,27.84,80.04000000000002,80.04000000000002
60.0,27.84,27.84,27.84,27.84,27.84,80.04000000000002,27.84,0.0,0.0,0.0,0.0,0.0,0.0,0.0,0.0,0.0,0.0,0.0,0.0,27.84,27.84,74.57671271778162,27.84,27.84,27.84,27.84,27.84,27.84,27.83999999999982,27.84,27.84,0.0,0.0,0.0,0.0,0.0,0.0,0.0,0.0,0.0,0.0,0.0,27.84,27.84,27.84,80.04000000000002,27.84,80.04000000000002
60.0,27.84,48.21671271778149,27.84,27.84,0.0,0.0,0.0,0.0,0.0,0.0,0.0,0.0,0.0,0.0,27.84,27.84,27.84,27.84,27.84,27.84,27.84,80.04000000000002,27.84,27.84,0.0,0.0,0.0,0.0,0.0,0.0,0.0,0.0,0.0,0.0,27.84,27.84,80.04000000000002,80.04000000000002,27.84,27.84,27.84,80.04000000000002,27.84,80.04000000000002,27.84,80.04000000000002,27.84,80.04000000000002
0.0,0.0,0.0,0.0,0.0,0.0,0.0,0.0,0.0,0.0,0.0,0.0,0.0,0.0,0.0,0.0,0.0,0.0,0.0,0.0,0.0,27.84,27.84,27.84,27.84,27.84,27.84,27.84,80.04000000000002,27.84,27.84,27.84,27.84,27.84,80.04000000000002,27.84,27.84,80.04000000000002,80.04000000000002,27.84,27.84,27.84,80.04000000000002,27.84,80.04000000000002,27.84,80.04000000000002,27.84,0.0
0.0,0.0,0.0,27.84,27.84,27.84,27.84,27.84,27.84,80.04000000000002,27.84,27.84,27.84,27.84,0.0,0.0,0.0,0.0,0.0,0.0,0.0,0.0,0.0,0.0,0.0,0.0,0.0,0.0,0.0,0.0,0.0,0.0,0.0,0.0,0.0,0.0,27.84,80.04000000000002,80.04000000000002,27.84,27.84,27.84,80.04000000000002,27.84,80.04000000000002,27.84,27.84,27.84,0.0
0.0,0.0,0.0,0.0,0.0,0.0,0.0,0.0,0.0,0.0,0.0,0.0,0.0,0.0,0.0,0.0,0.0,0.0,27.84,27.84,27.84,27.84,27.84,27.84,27.84,27.84,27.84,27.84,80.04000000000002,27.84,27.84,27.84,27.84,27.84,77.53671271778194,27.84,69.61671271785141,80.04000000000002,80.04000000000002,27.84,80.04000000000002,27.84,80.04000000000002,80.04000000000002,80.04000000000002,27.84,80.04000000000002,80.04000000000002,0.0
0.0,0.0,0.0,0.0,0.0,27.84,27.84,27.84,27.84,27.84,27.84,27.84,27.84,27.84,27.84,0.0,0.0,0.0,0.0,0.0,0.0,0.0,0.0,0.0,0.0,0.0,0.0,0.0,0.0,0.0,0.0,27.84,27.84,27.84,27.84,27.84,27.84,80.04000000000002,80.04000000000002,27.84,80.04000000000002,27.84,80.04000000000002,80.04000000000002,80.04000000000002,80.04000000000002,80.04000000000002,80.04000000000002,0.0
0.0,0.0,0.0,0.0,0.0,0.0,27.84,27.84,27.84,80.04000000000002,27.84,27.84,27.84,32.89671271778127,29.936712717781234,27.84,27.84,27.84,27.84,27.84,27.84,27.84,27.84,27.84,27.84,27.84,27.84,27.84,80.04000000000002,27.84,27.84,27.84,27.84,27.84,27.84,27.84,27.84,80.04000000000002,27.84,80.04000000000002,80.04000000000002,27.84,27.84,80.04000000000002,80.04000000000002,80.04000000000002,80.04000000000002,80.04000000000002,80.04000000000002
0.0,0.0,0.0,27.84,27.84,80.04000000000002,27.84,80.04000000000002,27.84,27.84,27.84,27.84,63.69671271778145,0.0,0.0,0.0,0.0,0.0,0.0,0.0,0.0,0.0,0.0,0.0,0.0,0.0,27.84,27.84,27.84,27.84,27.84,27.84,27.84,27.84,27.84,27.84,27.84,80.04000000000002,27.84,80.04000000000002,80.04000000000002,80.04000000000002,80.04000000000002,80.04000000000002,80.04000000000002,80.04000000000002,80.04000000000002,27.84,80.04000000000002
0.0,0.0,0.0,0.0,0.0,0.0,0.0,0.0,27.84,27.84,27.84,27.84,27.84,27.84,27.84,27.84,27.84,59.256712717781284,62.216712717781206,0.0,0.0,0.0,0.0,0.0,0.0,0.0,0.0,0.0,0.0,27.84,27.84,52.771712717781796,27.84,27.839999999999996,27.84,27.84,27.84,80.04000000000008,80.04000000000002,80.04000000000002,80.04000000000002,80.04000000000002,80.04000000000002,80.04000000000002,80.04000000000002,80.04000000000002,39.95151397986321,27.84,80.04000000000002
400.0,0.0,0.0,0.0,0.0,0.0,0.0,0.0,0.0,0.0,0.0,0.0,0.0,0.0,0.0,0.0,0.0,0.0,0.0,0.0,0.0,0.0,0.0,449.15564948075394,249.15564948075394,449.15564948075394,481.85,281.9140364009047,481.85,281.85,394.73730739195526,194.73730739195526,394.73730739195526,233.79513505478485,167.6,367.6,370.8943890940591,481.85,481.85,481.85,481.85,481.85,481.85,281.9140364009047,481.85,481.85,481.85,0.0,0.0
400.0,0.0,0.0,0.0,0.0,0.0,0.0,0.0,0.0,0.0,0.0,0.0,0.0,0.0,0.0,0.0,0.0,0.0,0.0,0.0,0.0,0.0,0.0,313.5609394080484,167.6,367.6,481.85,481.85,481.85,481.78596359909557,481.85,481.85,481.85,481.85,281.85,481.85,481.85,281.85,481.85,481.85,481.85,281.9140364009047,481.85,481.85,481.85,481.85,481.85,0.0,0.0
400.0,200.0,0.0,0.0,0.0,0.0,0.0,0.0,0.0,0.0,0.0,0.0,0.0,0.0,0.0,0.0,0.0,0.0,0.0,0.0,0.0,167.6,271.98048082315347,167.6,167.6,367.6,481.85,481.85,481.85,481.85,281.85,481.85,283.5301741082932,367.6,167.6,367.6,281.85,481.85,281.9140364009047,481.85,481.85,481.85,481.85,481.85,481.85,481.85,481.85,0.0,0.0
400.0,0.0,0.0,0.0,0.0,0.0,0.0,0.0,0.0,0.0,0.0,0.0,0.0,0.0,0.0,0.0,0.0,0.0,0.0,0.0,0.0,0.0,0.0,367.6,167.6,367.6,194.99345299557353,394.8653801937644,194.8653801937644,394.8653801937644,481.85,481.78596359909557,281.78596359909557,422.97886304805024,222.97886304805024,422.97886304805024,481.85,394.3520728379999,394.2240000361908,194.22400003619077,194.1599636352862,394.03189083347706,194.03189083347706,393.9038180316679,193.90381803166792,193.83978163076335,193.77574522985924,0.0,0.0
300.0,0.0,0.0,0.0,0.0,0.0,0.0,0.0,0.0,0.0,0.0,0.0,0.0,0.0,0.0,0.0,0.0,0.0,0.0,0.0,0.0,0.0,0.0,0.0,0.0,0.0,0.0,0.0,0.0,0.0,0.0,0.0,0.0,0.0,0.0,0.0,0.0,140.51349102369704,340.51349102369704,231.7830891747942,126.0,126.0,326.0,126.0,126.0,126.0,126.0,0.0,0.0
300.0,126.0,0.0,0.0,0.0,0.0,0.0,0.0,0.0,0.0,0.0,0.0,0.0,0.0,0.0,0.0,0.0,0.0,0.0,0.0,0.0,0.0,0.0,0.0,0.0,0.0,0.0,0.0,0.0,0.0,0.0,0.0,126.0,126.0,126.0,126.0,126.0,126.0,326.0,362.25,162.25,362.25,0.0,0.0,0.0,0.0,0.0,0.0,0.0
300.0,0.0,0.0,0.0,0.0,0.0,0.0,0.0,0.0,0.0,0.0,0.0,0.0,0.0,0.0,0.0,0.0,0.0,0.0,0.0,0.0,0.0,0.0,0.0,0.0,0.0,0.0,0.0,0.0,0.0,126.0,126.0,126.0,126.0,126.0,126.0,126.0,126.0,326.0,362.25,0.0,0.0,0.0,0.0,0.0,0.0,0.0,0.0,0.0
300.0,0.0,0.0,0.0,0.0,0.0,0.0,0.0,0.0,0.0,0.0,0.0,0.0,0.0,0.0,0.0,126.0,126.0,126.0,126.0,126.0,126.0,126.0,126.0,126.0,126.0,0.0,0.0,0.0,0.0,0.0,0.0,0.0,0.0,0.0,0.0,0.0,126.0,326.0,362.25,190.76673302924345,346.25456710976607,326.0,126.0,126.0,126.0,126.0,0.0,0.0
300.0,215.5049761132251,215.50497611316683,252.15949565811786,252.15949565811786,133.33280237016737,124.0,124.0,124.0,124.0,124.0,124.0,0.0,0.0,0.0,0.0,0.0,0.0,0.0,0.0,0.0,0.0,0.0,0.0,0.0,0.0,0.0,124.0,124.0,124.0,173.38533651491565,197.9813489450638,197.9813489450638,197.9813489450638,197.9813489450638,197.9813489450638,210.08132074249215,329.86438395662395,356.5,356.5,356.5,324.0,124.0,145.70166916542382,339.2128479952066,139.21284799520657,324.0,124.0,0.0
300.0,0.0,0.0,0.0,0.0,0.0,0.0,0.0,0.0,0.0,0.0,0.0,124.0,124.0,124.0,124.0,124.0,124.0,124.0,124.0,124.0,124.0,0.0,0.0,0.0,0.0,0.0,0.0,0.0,0.0,0.0,0.0,0.0,0.0,0.0,0.0,0.0,0.0,0.0,0.0,356.5,345.7016691654238,145.70166916542382,124.0,324.0,124.0,242.13316135980824,356.5,356.5
300.0,124.0,124.0,124.0,124.0,0.0,0.0,0.0,0.0,0.0,0.0,0.0,0.0,0.0,0.0,0.0,0.0,0.0,0.0,0.0,123.99999999999997,124.0,124.0,124.0,124.0,124.0,173.38526274061047,123.99999999999997,124.0,123.99999999999997,0.0,0.0,0.0,0.0,0.0,0.0,0.0,0.0,0.0,0.0,256.31339178251426,156.5,356.5,356.5,162.98882117021725,124.0,124.0,178.20166916542382,356.5
300.0,0.0,0.0,0.0,0.0,0.0,0.0,0.0,0.0,0.0,0.0,0.0,0.0,0.0,0.0,0.0,0.0,0.0,0.0,0.0,0.0,0.0,0.0,0.0,0.0,0.0,0.0,0.0,0.0,0.0,0.0,0.0,0.0,0.0,0.0,0.0,0.0,0.0,356.5,356.5000000000001,156.5000000000001,234.1041558489061,356.5,356.5,156.5,124.0,124.0,324.0,0.0
142.0,0.0,0.0,0.0,0.0,0.0,0.0,0.0,0.0,0.0,0.0,0.0,0.0,0.0,0.0,0.0,0.0,0.0,0.0,0.0,0.0,0.0,0.0,0.0,0.0,0.0,0.0,0.0,0.0,0.0,0.0,0.0,0.0,0.0,229.29441166541432,208.25,408.25,283.0686231090042,408.25,282.97377789951406,408.25,208.25,408.25,408.25,408.25,0.0,0.0,0.0,0.0
0.0,0.0,0.0,0.0,0.0,0.0,0.0,0.0,0.0,0.0,0.0,0.0,0.0,0.0,0.0,0.0,0.0,0.0,0.0,0.0,0.0,0.0,0.0,0.0,0.0,0.0,0.0,0.0,0.0,0.0,0.0,0.0,0.0,0.0,208.25,408.25,408.25,408.25,283.01707674790146,408.25,349.20226197055536,149.20226197055536,142.0,282.93854599154383,0.0,0.0,0.0,0.0,0.0
0.0,0.0,0.0,0.0,0.0,0.0,0.0,0.0,0.0,0.0,0.0,0.0,0.0,0.0,0.0,0.0,0.0,0.0,0.0,0.0,0.0,0.0,142.0,266.5862278444053,266.58488031066787,266.58353255800256,142.0,183.0712472471361,183.0715360717511,183.0699334181871,183.06833076462314,183.06672811105915,203.27001709130815,403.27001709130815,203.27001709130815,142.0,283.1253414204932,408.25,408.25,408.25,342.0,142.0,261.2989040763375,408.25,0.0,0.0,0.0,0.0,0.0
0.0,0.0,0.0,0.0,0.0,0.0,0.0,0.0,0.0,0.0,0.0,0.0,0.0,0.0,0.0,0.0,0.0,0.0,0.0,0.0,0.0,0.0,0.0,0.0,0.0,0.0,0.0,0.0,0.0,0.0,0.0,0.0,0.0,0.0,408.25,290.53510398185176,408.25,408.25,408.25,408.25,408.25,208.25,408.25,408.25,0.0,0.0,0.0,0.0,0.0
150.0,72.8,0.0,0.0,0.0,0.0,0.0,0.0,0.0,0.0,0.0,0.0,0.0,0.0,0.0,0.0,0.0,0.0,0.0,0.0,0.0,0.0,0.0,0.0,0.0,0.0,0.0,0.0,0.0,72.80000000000001,72.8,72.8,72.8,72.80000000000001,85.90157877535003,72.79999999999963,209.3,72.8,93.5362607212902,72.8,72.8,81.15343351663148,209.3,72.8,72.8,209.3,209.3,0.0,0.0
150.0,72.8,72.8,0.0,0.0,0.0,0.0,0.0,0.0,0.0,0.0,0.0,0.0,0.0,0.0,0.0,0.0,0.0,0.0,0.0,0.0,0.0,0.0,0.0,0.0,0.0,0.0,0.0,0.0,0.0,0.0,0.0,0.0,0.0,0.0,72.8,209.3,72.8,209.3,209.3,209.3,209.3,209.3,72.8,209.3,209.3000000000004,0.0,0.0,0.0
150.0,117.32731129828493,190.1273112982733,72.79999999934807,0.0,0.0,0.0,0.0,0.0,0.0,0.0,0.0,0.0,0.0,0.0,0.0,0.0,0.0,0.0,0.0,0.0,0.0,0.0,0.0,0.0,0.0,0.0,0.0,0.0,0.0,0.0,0.0,0.0,0.0,0.0,0.0,135.34758357910152,72.8,209.3,209.3,209.3,209.3,72.8,191.61416710795208,107.3052663770734,209.30000000000007,0.0,0.0,0.0
150.0,72.8,72.8,0.0,0.0,0.0,0.0,0.0,0.0,0.0,0.0,0.0,0.0,0.0,0.0,0.0,0.0,0.0,0.0,0.0,0.0,0.0,0.0,0.0,0.0,0.0,0.0,0.0,0.0,0.0,0.0,0.0,0.0,0.0,0.0,0.0,0.0,209.3,209.3,209.3,209.3,72.8,209.3,72.8,209.3,209.3,209.3,0.0,0.0
0.0,0.0,0.0,0.0,0.0,0.0,0.0,0.0,0.0,0.0,0.0,0.0,0.0,0.0,0.0,0.0,0.0,0.0,0.0,0.0,0.0,0.0,0.0,0.0,0.0,0.0,0.0,0.0,0.0,0.0,0.0,0.0,0.0,0.0,0.0,70.0,70.0,196.24758357910179,201.25,201.25,201.25,201.25,73.10343351663153,70.0,201.25,0.0,0.0,0.0,0.0
0.0,0.0,0.0,0.0,0.0,0.0,0.0,0.0,0.0,0.0,0.0,0.0,0.0,0.0,0.0,0.0,0.0,0.0,0.0,0.0,0.0,0.0,0.0,0.0,116.1679080884963,196.95907641205545,196.95907641205545,196.95907641205545,116.1679879696636,70.0,70.00000000000001,70.00000000000001,70.00000000000001,70.0,70.0,70.0,70.0,70.0,201.25,153.83704439300794,73.10343351663147,201.25,201.25,0.0,0.0,0.0,0.0,0.0,0.0
32.8,0.0,0.0,0.0,0.0,0.0,0.0,0.0,0.0,0.0,0.0,0.0,0.0,0.0,0.0,0.0,0.0,0.0,0.0,0.0,0.0,0.0,0.0,0.0,0.0,0.0,0.0,0.0,0.0,0.0,0.0,0.0,0.0,0.0,0.0,0.0,0.0,0.0,0.0,0.0,0.0,0.0,0.0,0.0,0.0,0.0,0.0,0.0,0.0
32.8,32.80000000000002,32.799999965677365,32.8,32.8,32.8,32.8,32.8,32.8,0.0,0.0,0.0,0.0,0.0,0.0,0.0,0.0,0.0,0.0,0.0,0.0,32.8,32.8,32.8,32.8,32.8,32.8,32.8,32.8,48.855241605625686,48.853556533358564,48.85187146109145,65.59195077910599,72.62705241432121,87.4,87.4,87.4,87.4,87.4,87.4,87.4,87.4,0.0,0.0,0.0,0.0,0.0,0.0,0.0
12.0,34.5,34.5,0.0,0.0,0.0,0.0,0.0,0.0,0.0,0.0,0.0,0.0,0.0,0.0,0.0,0.0,0.0,0.0,0.0,0.0,0.0,0.0,0.0,0.0,12.0,31.898015212234228,31.900401362490726,34.5,34.5,34.5,34.5,33.23780416556997,34.5,34.5,34.5,34.5,34.5,34.5,34.5,34.5,34.5,34.5,34.5,34.5,34.5,34.5,34.5,34.5
0.0,34.5,34.5,12.0,12.0,12.0,31.869925015368466,31.872310170340796,12.0,12.0,31.879466142330728,12.0,0.0,0.0,0.0,0.0,0.0,0.0,0.0,0.0,0.0,0.0,12.0,34.5,33.39324316534551,34.5,12.0,12.0,12.0,12.0,12.0,34.5,0.0,0.0,0.0,0.0,0.0,0.0,0.0,0.0,0.0,0.0,34.5,27.272256590684236,34.5,34.5,34.5,34.5,34.5
0.0,34.5,34.5,12.0,31.865154885559377,31.8675399449033,12.0,12.0,31.87469540982329,31.87708073381893,12.0,0.0,0.0,0.0,0.0,0.0,0.0,0.0,0.0,0.0,0.0,0.0,0.0,0.0,0.0,0.0,12.0,12.0,21.40278759729263,21.405173916642966,21.407560320544718,21.23780416556997,34.5,34.5,34.5,34.5,34.5,34.5,34.5,34.5,34.5,34.5,34.5,34.5,0.0,0.0,0.0,0.0,0.0
0.0,0.0,0.0,0.0,0.0,0.0,0.0,0.0,0.0,0.0,0.0,0.0,0.0,0.0,0.0,0.0,0.0,20.82797396332017,20.82797396332017,20.82797396332017,20.82797396332017,20.82797396332017,12.0,33.39085726870731,34.5,21.39562914652015,12.0,12.0,0.0,0.0,0.0,0.0,0.0,0.0,0.0,0.0,0.0,0.0,34.5,34.5,34.5,34.5,34.5,34.5,34.5,34.5,34.5,34.5,0.0
0.0,34.5,34.5,12.0,12.0,12.0,12.0,12.0,12.0,12.0,12.0,12.0,20.82797396332017,20.82797396332017,20.82797396332017,20.82797396332017,20.82797396332017,0.0,0.0,0.0,0.0,0.0,0.0,0.0,0.0,0.0,0.0,0.0,0.0,0.0,0.0,12.0,34.5,33.23780416556997,34.5,34.5,34.5,34.5,34.5,34.5,34.5,34.5,34.5,34.5,0.0,0.0,0.0,0.0,0.0
0.0,34.5,34.5,31.862770057485136,12.0,12.0,12.0,12.0,12.0,12.0,12.0,0.0,0.0,0.0,0.0,0.0,0.0,0.0,0.0,0.0,0.0,0.0,0.0,0.0,0.0,0.0,0.0,0.0,0.0,0.0,0.0,0.0,0.0,0.0,34.5,34.5,34.5,34.5,34.5,34.5,34.5,34.5,27.272256590684236,34.5,0.0,0.0,0.0,0.0,0.0
50.0,143.75,143.75,143.75,143.75,0.0,0.0,0.0,0.0,0.0,0.0,0.0,0.0,0.0,0.0,0.0,0.0,0.0,0.0,0.0,0.0,0.0,0.0,0.0,0.0,0.0,0.0,0.0,0.0,0.0,0.0,0.0,0.0,0.0,0.0,0.0,0.0,49.99999999999997,50.0,50.0,50.0,50.0,50.0,50.0,50.0,50.0,123.68304747415706,50.0,143.75
0.0,0.0,0.0,0.0,0.0,0.0,0.0,0.0,0.0,0.0,0.0,0.0,0.0,0.0,0.0,0.0,0.0,0.0,0.0,0.0,0.0,0.0,0.0,0.0,0.0,66.22214482026281,66.22449118517731,66.22683763322756,66.22918416441654,66.23153077874716,66.23387747622236,66.2362242568451,66.23857112061836,50.0,50.0,49.99999999999993,50.0,50.0,50.0,50.0,50.0,50.0,50.0,50.0,50.0,50.0,0.0,0.0,0.0
0.0,0.0,0.0,0.0,0.0,0.0,0.0,0.0,0.0,0.0,0.0,0.0,0.0,0.0,0.0,0.0,0.0,0.0,0.0,0.0,0.0,0.0,0.0,0.0,0.0,0.0,0.0,0.0,0.0,0.0,0.0,0.0,0.0,0.0,0.0,0.0,0.0,0.0,49.99999999999986,49.99999999999986,50.0,50.0,50.0,50.0,50.0,50.0,50.0,69.7653022100435,0.0
0.0,143.75,143.75,143.75,143.75,66.19452298371606,66.19686829777154,66.19921383926481,66.20155939169508,66.20390502723231,66.20625074587944,66.20859654763946,66.21094243251528,0.0,0.0,0.0,0.0,0.0,0.0,0.0,0.0,0.0,0.0,0.0,0.0,0.0,0.0,0.0,0.0,0.0,0.0,0.0,0.0,49.99999999999993,49.99999999999993,50.0,85.20262165019889,50.0,50.0,50.0,50.0,50.0,50.0,50.0,50.0,50.0,0.0,0.0,0.0
25.0,56.94436057874975,56.94436057874975,71.875,55.60474163100487,71.875,71.875,0.0,0.0,0.0,0.0,0.0,0.0,0.0,0.0,0.0,0.0,0.0,0.0,0.0,0.0,0.0,0.0,0.0,0.0,0.0,0.0,0.0,0.0,0.0,0.0,0.0,0.0,0.0,27.6802160166822,41.78866715931625,41.78866715931625,41.78866715931625,56.18986606136125,62.220801215083554,71.875,71.875,25.0,57.82980461685784,57.82980461685784,57.82980461685784,25.0,57.82980461685784,0.0
0.0,71.875,71.875,55.60474163105722,71.875,56.94436057883706,56.94436057895348,27.661808887362216,27.662788962846705,27.663769133374412,27.664749308472544,27.665729518299965,27.666709762857913,27.667690042147623,27.668670356170317,0.0,0.0,0.0,0.0,0.0,0.0,0.0,0.0,0.0,0.0,0.0,0.0,0.0,0.0,0.0,0.0,0.0,0.0,0.0,0.0,0.0,0.0,0.0,0.0,0.0,0.0,0.0,57.82980461685784,25.0,25.0,25.0,57.82980461685784,25.0,71.875
17.32,49.795,46.17399293551895,49.795,49.795,46.194799832986604,49.795,49.795,49.795,17.32,49.795,17.32,49.795,17.32,46.31187193414084,17.32,49.21743556641074,17.32,49.795,46.38876042704388,46.395696059533094,46.40263169202231,49.795,46.41650295700069,49.795,49.795,49.795,49.795,46.45118111944677,49.795,46.465052384425206,49.795,46.47892364940364,46.48585928189286,46.492794914382046,49.795,49.795,46.51360181184967,49.795,49.795,46.53440870931732,49.795,49.795,46.55521560678497,49.795,49.795,49.795,46.58295813674178,49.795
0.0,49.795,49.795,49.795,46.18786420049739,49.795,49.795,49.795,49.795,17.32,49.795,17.32,49.795,17.32,49.795,17.32,49.795,17.32,49.795,49.795,49.795,49.795,46.40956732451153,49.795,49.795,49.795,49.795,49.795,49.795,46.45811675193599,49.795,46.47198801691442,49.795,49.795,49.795,46.499730546871234,49.795,49.795,49.795,49.795,49.795,49.795,49.795,49.795,49.795,46.5690868717634,46.57602250425262,49.795,49.795
0.0,46.16705730302971,49.795,46.18092856800817,49.795,49.795,46.20173546547582,46.20867109796498,46.2156067304542,17.32,46.24768890613595,17.32,46.27977730696219,17.32,49.795,17.32,17.32,17.32,46.38182479455466,49.795,49.795,49.795,49.795,49.795,46.423438589489905,46.43037422197912,46.43730985446834,46.444245486957556,49.795,49.795,49.795,49.795,49.795,49.795,49.795,49.795,46.50666617936045,49.795,46.520537444338885,46.5274730768281,49.795,46.541344341806536,46.54827997429575,49.795,46.562151239274186,49.795,49.795,49.795,46.589893769231
20.0,54.035069761395704,20.0,44.296694518333396,0.0,0.0,0.0,0.0,0.0,0.0,0.0,0.0,0.0,0.0,0.0,0.0,0.0,0.0,0.0,20.0,57.5,57.5,55.062476531596275,55.061365351354965,55.060254171113655,57.5,57.5,57.5,55.05580945014846,55.05469826990716,55.053587089665854,57.5,57.5,57.5,55.04914236870064,55.04803118845935,57.5,57.5,57.5,55.04358646749415,55.05266110613144,57.5,55.08285987173613,55.093798179824944,55.11305863734083,57.5,57.5,57.5,57.5
0.0,57.5,20.0,57.5,20.0,20.0,20.0,20.0,20.0,20.0,20.0,20.0,20.0,20.0,57.5,20.0,20.0,20.0,20.0,20.0,48.17539678397053,55.08257940120332,57.5,57.5,57.5,55.05914299087236,55.058031810631064,55.056920630389754,57.5,57.5,57.5,55.05247590942456,55.05136472918326,55.05025354894195,57.5,57.5,55.04692000821805,55.05599464685534,55.054883466614044,57.5,57.5,55.07192156364732,57.5,57.5,57.5,55.093798179824944,55.07453772230906,55.093798179824944,55.11305863734083
26.0,26.0,26.0,65.60082939527177,30.732311448333917,65.78226514224835,26.0,26.0,26.0,45.86023269297971,74.75,35.17964066238814,66.56645471080725,44.28039595024468,66.52719257180189,26.0,74.75,26.0,74.75,55.9198558170649,45.86023269297971,74.75,74.75,74.75,74.75,74.75,74.75,74.75,74.75,74.75,45.86023269297971,74.75,45.86023269297971,74.75,45.86023269297971,66.56645471080725,73.81481011109625,74.75,74.75,66.4772541467508,49.47038837026538,74.75,66.28253225265212,36.63616478481038,66.44147143951636,66.35227087545991,74.75,0.0,0.0
0.0,70.9576172985056,26.0,74.75,26.0,74.75,26.0,26.0,27.346215164920068,74.75,66.56645471080725,26.0,74.75,26.0,74.75,26.0,45.86023269297971,55.935434882984936,33.67451691226481,26.0,74.75,45.86023269297971,45.86023269297971,45.86023269297971,45.86023269297971,45.86023269297971,45.86023269297971,45.86023269297971,45.86023269297971,45.86023269297971,74.75,45.86023269297971,74.75,45.86023269297971,74.75,74.75,26.0,45.86023269297971,66.56645471080725,74.75,74.75,66.37173281670857,74.75,26.0,74.75,74.75,66.26307031140342,74.75,74.75
300.0,170.0,0.0,0.0,0.0,0.0,0.0,0.0,0.0,0.0,0.0,0.0,0.0,0.0,0.0,0.0,0.0,0.0,0.0,170.0,170.0,170.0,170.0,470.0,297.0843522458442,470.0,170.0,188.75,488.75,488.75,315.7698188078967,0.0,0.0,0.0,0.0,0.0,0.0,0.0,0.0,0.0,0.0,0.0,0.0,0.0,0.0,0.0,0.0,0.0,0.0
0.0,0.0,0.0,0.0,0.0,0.0,0.0,0.0,0.0,0.0,0.0,0.0,0.0,0.0,0.0,0.0,0.0,0.0,0.0,0.0,0.0,170.0,289.83196341133436,170.0,170.0,170.0,297.06284109986166,488.75,297.0413299538792,170.0,470.0,0.0,0.0,0.0,0.0,0.0,0.0,0.0,0.0,0.0,0.0,0.0,0.0,0.0,0.0,0.0,0.0,0.0,0.0
0.0,0.0,0.0,0.0,0.0,0.0,0.0,0.0,0.0,0.0,0.0,0.0,0.0,0.0,0.0,0.0,0.0,0.0,0.0,0.0,0.0,170.0,170.0,315.84510781883546,488.75,315.8235966728529,488.75,278.3020855268704,170.0,297.0305743808879,170.0,0.0,0.0,0.0,0.0,0.0,0.0,0.0,0.0,0.0,0.0,0.0,0.0,0.0,0.0,0.0,0.0,0.0,0.0
150.0,60.0,78.38550186444945,60.0,78.38550186444945,138.38550186444945,138.38550186444945,88.03943209478359,0.0,0.0,0.0,0.0,0.0,0.0,0.0,0.0,0.0,0.0,0.0,0.0,0.0,0.0,0.0,0.0,0.0,88.035893097658,88.03645004886249,60.0,172.5,117.158129320495,117.158129320495,117.158129320495,172.5,172.5,117.158129320495,117.158129320495,117.158129320495,0.0,0.0,0.0,0.0,0.0,0.0,0.0,0.0,0.0,0.0,0.0,0.0
150.0,78.38550186444945,60.0,78.38550186444945,60.0,0.0,0.0,0.0,0.0,0.0,0.0,0.0,0.0,0.0,0.0,0.0,0.0,0.0,0.0,0.0,0.0,0.0,0.0,0.0,0.0,0.0,0.0,60.0,60.0,172.5,172.5,172.5,117.158129320495,172.5,172.5,172.5,172.5,0.0,0.0,0.0,0.0,0.0,0.0,0.0,0.0,0.0,0.0,0.0,0.0
0.0,0.0,0.0,0.0,0.0,0.0,0.0,0.0,0.0,0.0,0.0,0.0,0.0,0.0,0.0,0.0,0.0,0.0,0.0,0.0,0.0,0.0,0.0,0.0,0.0,0.0,0.0,135.66968605158675,80.71182506238728,172.5,172.5,172.5,172.5,117.158129320495,172.5,172.5,172.5,0.0,0.0,0.0,0.0,0.0,0.0,0.0,0.0,0.0,0.0,0.0,0.0
120.0,74.12703482533158,74.12703482532567,74.12703482532567,74.12703482532567,74.12703482532565,74.12703482532565,75.67595794109533,75.67595794109533,75.67595794109533,75.67595794109533,75.67595794109533,75.67595794109533,49.3517959894096,0.0,0.0,0.0,0.0,0.0,0.0,0.0,0.0,0.0,0.0,0.0,0.0,0.0,0.0,0.0,0.0,0.0,0.0,0.0,90.54627585989427,122.0107493351547,139.84,139.84,114.13743905633888,139.84,139.84,114.13743905633888,114.13743905633888,114.13743905633888,0.0,0.0,0.0,0.0,0.0,0.0
0.0,0.0,0.0,0.0,0.0,0.0,0.0,0.0,0.0,0.0,0.0,0.0,0.0,0.0,0.0,0.0,0.0,0.0,0.0,0.0,0.0,0.0,0.0,0.0,0.0,0.0,0.0,0.0,0.0,0.0,0.0,49.34994557419534,49.350236784090626,48.64,48.64,114.13743905633888,114.13743905633888,139.84,114.13743905633376,114.13743905633888,139.84,139.84,139.84,0.0,0.0,0.0,0.0,0.0,0.0
150.0,0.0,0.0,0.0,0.0,0.0,0.0,0.0,0.0,0.0,0.0,0.0,0.0,0.0,0.0,0.0,0.0,0.0,0.0,0.0,0.0,0.0,0.0,0.0,0.0,0.0,0.0,0.0,0.0,0.0,0.0,0.0,0.0,0.0,0.0,0.0,0.0,0.0,0.0,0.0,0.0,0.0,0.0,0.0,0.0,0.0,0.0,0.0,0.0
150.0,0.0,0.0,0.0,0.0,0.0,0.0,0.0,0.0,0.0,0.0,0.0,0.0,0.0,0.0,0.0,0.0,0.0,0.0,0.0,0.0,0.0,0.0,0.0,0.0,0.0,0.0,0.0,0.0,0.0,0.0,0.0,0.0,0.0,0.0,0.0,0.0,0.0,0.0,0.0,0.0,0.0,0.0,0.0,0.0,0.0,0.0,0.0,0.0
0.0,0.0,0.0,0.0,0.0,0.0,0.0,0.0,0.0,0.0,0.0,0.0,0.0,0.0,0.0,0.0,0.0,0.0,0.0,0.0,0.0,0.0,0.0,0.0,0.0,0.0,0.0,0.0,0.0,0.0,0.0,0.0,0.0,0.0,0.0,0.0,0.0,0.0,0.0,0.0,0.0,0.0,0.0,0.0,0.0,0.0,0.0,0.0,0.0
150.0,0.0,0.0,0.0,0.0,0.0,0.0,0.0,0.0,0.0,0.0,72.2,72.2,133.43762387491046,205.63762387470092,205.63762387470092,133.43762387491046,72.2,72.2,133.43762387491046,72.2,72.2,72.2,0.0,0.0,0.0,0.0,0.0,0.0,0.0,0.0,0.0,0.0,0.0,0.0,0.0,0.0,0.0,0.0,0.0,0.0,133.43762387491046,72.2,72.2,133.43762387491046,133.43762387491046,72.2,133.43762387491046,72.2
150.0,0.0,0.0,0.0,0.0,0.0,0.0,0.0,0.0,0.0,0.0,0.0,0.0,0.0,0.0,0.0,72.2,133.43762387491046,133.43762387491046,72.2,133.43762387491046,133.43762387491046,133.43762387491046,205.63762387470092,133.43762387491046,72.2,0.0,0.0,0.0,0.0,0.0,0.0,0.0,0.0,0.0,0.0,0.0,0.0,0.0,0.0,0.0,0.0,0.0,0.0,0.0,0.0,0.0,0.0,0.0
150.0,72.2,133.43762387470093,133.43762387470093,72.2,72.2,72.2,72.2,0.0,0.0,0.0,0.0,0.0,0.0,0.0,0.0,0.0,0.0,0.0,0.0,0.0,0.0,0.0,0.0,0.0,0.0,0.0,0.0,0.0,0.0,0.0,72.2,133.43762387491046,133.43762387491046,205.63762387470092,205.63762387470092,205.63762387470092,205.63762387470092,205.63762387470092,205.63762387470092,133.43762387491046,0.0,0.0,0.0,0.0,0.0,0.0,0.0,0.0
150.0,133.4376238749332,72.2,72.2,133.43762387491046,133.43762387491046,133.43762387491046,133.43762387491046,205.63762387470092,205.63762387470092,205.63762387470092,133.43762387491046,133.43762387491046,72.2,0.0,0.0,0.0,0.0,0.0,0.0,0.0,0.0,0.0,0.0,0.0,0.0,0.0,0.0,0.0,0.0,0.0,0.0,0.0,0.0,0.0,0.0,0.0,0.0,0.0,0.0,72.2,72.2,133.43762387491046,133.43762387491046,72.2,72.2,133.43762387491046,72.2,133.43762387470093
150.0,0.0,0.0,0.0,0.0,0.0,0.0,0.0,0.0,0.0,0.0,0.0,0.0,0.0,0.0,0.0,0.0,0.0,0.0,0.0,0.0,0.0,0.0,0.0,72.2,133.43762387491046,205.63762387470092,205.63762387470092,205.63762387470092,205.63762387470092,205.63762387470092,133.43762387491046,72.2,72.2,0.0,0.0,0.0,0.0,0.0,0.0,0.0,0.0,0.0,0.0,0.0,0.0,0.0,0.0,0.0
120.0,156.285,106.285,106.285,156.285,156.285,156.285,156.285,156.285,156.285,156.285,156.285,154.36,104.36,54.36,54.36,104.36,154.36,156.285,156.285,156.285,156.285,156.285,136.3686188851396,156.285,156.285,156.285,156.285,106.285,104.36,54.36,86.3686188851396,136.3686188851396,86.3686188851396,136.3686188851396,156.285,156.285,156.285,156.285,136.3686188851396,156.285,106.285,156.285,156.285,156.285,154.36,104.36,54.36,104.36
120.0,86.3686188851396,136.3686188851396,156.285,106.285,156.285,136.3686188851396,86.3686188851396,54.360000000000014,104.36000000000001,154.36,104.36000000000001,154.36,104.36,54.36,54.36,104.36,106.285,156.285,106.285,156.285,106.285,86.3686188851396,106.285,156.285,106.285,156.285,156.285,156.285,138.29361888513958,156.285,156.285,106.285,156.285,156.285,156.285,106.285,136.3686188851396,156.285,106.285,156.285,156.285,156.285,156.285,156.285,156.285,156.285,138.2936188851397,156.285
120.0,106.285,156.285,106.285,106.285,156.285,156.285,156.285,156.285,126.98500947497246,156.285,156.285,156.285,106.285,56.285,54.36,54.36,54.36,104.36,154.36,136.3686188851396,156.285,106.285,156.285,106.285,156.285,136.3686188851396,156.285,156.285,156.285,156.285,156.285,156.285,156.285,156.285,156.285,156.285,156.285,136.3686188851396,156.285,156.285,156.285,106.285,156.285,156.285,156.285,156.285,156.285,156.285
120.0,156.285,156.285,136.3686188851396,156.285,156.285,156.285,156.285,156.285,156.285,156.285,106.285,104.36,54.36,104.36,54.36,104.36,54.36,54.36,88.29361888513958,106.285,156.285,156.285,156.285,156.285,136.3686188851396,106.285,156.285,156.285,106.285,156.285,156.285,106.285,156.285,156.285,156.285,156.285,156.285,156.285,106.285,156.285,106.285,86.3686188851396,86.3686188851396,106.285,56.285,106.285,156.285,156.285
120.0,156.285,156.285,156.285,156.285,106.285,156.285,106.285,156.285,156.285,106.285,56.285,104.36,54.36,54.36,54.36,104.36,56.285,106.285,156.285,156.285,156.285,156.285,106.285,156.285,106.285,156.285,156.285,156.285,156.285,138.2936188851397,106.285,156.285,156.285,156.285,106.285,156.285,156.285,156.285,156.285,106.285,156.285,156.285,156.285,156.285,156.285,156.285,156.285,138.2936188851396
0.0,156.285,106.285,156.285,136.3686188851396,86.3686188851396,106.285,156.285,138.29361888513958,106.285,156.285,154.36,104.36,54.36,104.36,54.36,68.0398639574993,81.95103235767647,131.95103235767647,156.285,156.285,106.285,156.285,156.285,106.285,156.285,156.285,106.285,156.285,156.285,156.285,156.285,156.285,156.285,156.285,156.285,106.285,56.285,106.285,156.285,156.285,136.3686188851396,156.285,156.285,154.36,156.285,138.29361888513958,156.285,106.285
0.0,156.285,156.285,156.285,156.285,156.285,106.285,156.285,156.285,106.285,156.285,106.285,154.33897802072616,104.33897802072616,54.36,54.36,104.36,56.285,106.285,156.285,106.285,156.285,156.285,156.285,156.285,156.285,156.285,156.285,106.285,156.285,156.285,156.285,156.285,156.285,156.285,156.285,156.28500000000003,156.285,106.285,156.285,136.36861888513963,156.285,156.285,106.285,88.29361888513958,138.29361888513958,156.285,156.285,156.285
0.0,156.285,156.285,156.285,156.285,156.285,156.285,156.285,156.285,106.285,88.29361888513958,121.06293566690204,154.36,104.36,54.36,54.36,104.36,106.285,156.285,156.285,156.285,136.36861888513963,156.285,156.285,136.3686188851396,156.285,106.285,86.3686188851396,136.3686188851396,156.285,156.285,156.285,156.285,106.285,56.285,86.3686188851396,136.3686188851396,156.285,156.285,156.285,106.285,156.285,156.285,156.285,156.285,156.285,156.285,156.285,156.285
9.0,11.474867924868764,0.0,0.0,0.0,0.0,0.0,0.0,0.0,0.0,0.0,0.0,9.0,9.0,9.0,9.0,9.0,9.0,9.0,12.066610110938882,12.099484676831707,12.13235924272442,0.0,0.0,0.0,0.0,0.0,0.0,0.0,0.0,0.0,0.0,9.0,9.0,9.0,9.0,9.0,25.875,25.875,9.0,9.0,9.0,0.0,0.0,0.0,0.0,0.0,0.0,0.0
9.0,9.0,20.507742490761583,20.54061705665447,20.573491622547294,20.606366188440006,0.0,0.0,0.0,0.0,0.0,0.0,0.0,0.0,0.0,0.0,9.0,9.0,9.0,9.0,9.0,9.0,21.165233808617245,21.198108374509957,21.230982940402782,21.26385750629538,0.0,0.0,0.0,0.0,0.0,0.0,0.0,0.0,0.0,0.0,0.0,0.0,0.0,0.0,0.0,0.0,0.0,0.0,0.0,0.0,0.0,0.0,0.0
350.0,0.0,0.0,0.0,0.0,0.0,0.0,0.0,0.0,0.0,0.0,0.0,0.0,0.0,0.0,0.0,0.0,0.0,0.0,0.0,0.0,0.0,0.0,0.0,0.0,0.0,0.0,0.0,0.0,0.0,0.0,139.99999985708246,140.0,152.5,202.5,252.5,302.5,352.5,402.5,352.5,302.5,0.0,0.0,0.0,0.0,0.0,0.0,0.0,0.0
350.0,0.0,0.0,0.0,0.0,0.0,0.0,0.0,0.0,0.0,0.0,0.0,0.0,0.0,0.0,0.0,0.0,0.0,0.0,0.0,0.0,0.0,0.0,0.0,0.0,0.0,0.0,0.0,0.0,0.0,0.0,0.0,0.0,0.0,0.0,0.0,0.0,0.0,0.0,0.0,0.0,0.0,0.0,0.0,0.0,0.0,0.0,0.0,0.0
350.0,0.0,0.0,0.0,0.0,0.0,0.0,0.0,0.0,0.0,0.0,0.0,0.0,0.0,0.0,0.0,0.0,0.0,0.0,0.0,0.0,0.0,0.0,0.0,0.0,0.0,0.0,0.0,0.0,0.0,0.0,0.0,0.0,0.0,0.0,0.0,0.0,0.0,0.0,0.0,0.0,0.0,0.0,0.0,0.0,0.0,0.0,0.0,0.0
350.0,0.0,0.0,0.0,0.0,0.0,0.0,0.0,0.0,0.0,0.0,0.0,0.0,0.0,0.0,0.0,0.0,0.0,0.0,0.0,0.0,0.0,0.0,0.0,0.0,0.0,0.0,0.0,0.0,0.0,0.0,0.0,0.0,0.0,0.0,0.0,0.0,0.0,0.0,0.0,0.0,0.0,0.0,0.0,0.0,0.0,0.0,0.0,0.0
350.0,0.0,0.0,0.0,0.0,0.0,0.0,0.0,0.0,0.0,0.0,0.0,0.0,0.0,0.0,0.0,0.0,0.0,0.0,0.0,0.0,0.0,0.0,0.0,0.0,0.0,0.0,0.0,0.0,0.0,0.0,0.0,0.0,0.0,0.0,0.0,0.0,340.0,290.0,240.0,190.0,140.0,140.0,140.0,140.0,140.0,140.0,0.0,0.0
350.0,0.0,0.0,0.0,0.0,0.0,0.0,0.0,0.0,0.0,0.0,0.0,0.0,0.0,0.0,0.0,0.0,0.0,0.0,0.0,0.0,0.0,0.0,0.0,0.0,0.0,0.0,0.0,0.0,0.0,0.0,0.0,0.0,0.0,0.0,0.0,0.0,0.0,0.0,0.0,0.0,0.0,0.0,0.0,0.0,0.0,0.0,0.0,0.0
350.0,0.0,0.0,0.0,0.0,0.0,0.0,0.0,0.0,0.0,0.0,0.0,0.0,0.0,0.0,0.0,0.0,0.0,0.0,0.0,0.0,0.0,0.0,0.0,0.0,0.0,0.0,0.0,0.0,0.0,0.0,0.0,0.0,0.0,0.0,0.0,0.0,0.0,0.0,0.0,0.0,0.0,0.0,0.0,0.0,0.0,0.0,0.0,0.0
350.0,0.0,0.0,0.0,0.0,0.0,0.0,0.0,0.0,0.0,0.0,0.0,0.0,0.0,0.0,0.0,0.0,0.0,0.0,0.0,0.0,0.0,0.0,0.0,0.0,0.0,0.0,0.0,0.0,0.0,0.0,0.0,0.0,0.0,0.0,0.0,0.0,340.0,290.0,240.0,190.0,140.0,140.0,140.0,177.44488882025806,203.55457389890833,253.55457389890833,303.5545738989083,0.0
350.0,0.0,0.0,0.0,0.0,0.0,0.0,0.0,0.0,0.0,0.0,0.0,0.0,0.0,0.0,0.0,0.0,0.0,0.0,0.0,0.0,0.0,0.0,0.0,0.0,0.0,0.0,0.0,0.0,0.0,0.0,0.0,0.0,0.0,0.0,0.0,0.0,0.0,0.0,0.0,0.0,0.0,0.0,0.0,0.0,0.0,0.0,0.0,0.0
350.0,0.0,0.0,0.0,0.0,0.0,0.0,0.0,0.0,0.0,0.0,0.0,0.0,0.0,0.0,0.0,0.0,0.0,0.0,0.0,0.0,0.0,0.0,0.0,0.0,0.0,0.0,0.0,0.0,0.0,0.0,0.0,0.0,0.0,0.0,0.0,0.0,0.0,0.0,0.0,0.0,0.0,0.0,0.0,0.0,0.0,0.0,0.0,0.0
0.0,0.0,0.0,0.0,0.0,0.0,0.0,0.0,0.0,0.0,0.0,0.0,0.0,0.0,0.0,0.0,0.0,0.0,0.0,0.0,0.0,0.0,0.0,0.0,0.0,0.0,0.0,0.0,0.0,0.0,0.0,0.0,0.0,0.0,0.0,0.0,0.0,0.0,0.0,0.0,0.0,0.0,0.0,0.0,0.0,0.0,0.0,0.0,0.0
0.0,0.0,0.0,0.0,0.0,0.0,0.0,0.0,0.0,0.0,0.0,0.0,0.0,0.0,0.0,0.0,0.0,0.0,0.0,0.0,0.0,0.0,0.0,0.0,0.0,0.0,0.0,0.0,0.0,0.0,0.0,0.0,0.0,0.0,0.0,0.0,0.0,0.0,0.0,0.0,0.0,0.0,0.0,0.0,0.0,0.0,0.0,0.0,0.0
350.0,0.0,0.0,0.0,0.0,0.0,0.0,0.0,0.0,0.0,0.0,0.0,0.0,0.0,0.0,0.0,0.0,0.0,0.0,0.0,0.0,0.0,0.0,0.0,0.0,0.0,0.0,0.0,0.0,0.0,0.0,0.0,0.0,0.0,0.0,0.0,258.3259954363398,308.3259954363398,306.0,256.0,206.0,156.0,156.45188501521406,156.0,156.0,156.0,0.0,0.0,0.0
350.0,0.0,0.0,0.0,0.0,0.0,0.0,0.0,0.0,0.0,0.0,0.0,0.0,0.0,0.0,0.0,0.0,0.0,0.0,0.0,0.0,0.0,0.0,0.0,0.0,0.0,0.0,0.0,0.0,0.0,0.0,0.0,0.0,0.0,0.0,0.0,0.0,0.0,0.0,0.0,0.0,0.0,0.0,0.0,0.0,0.0,0.0,0.0,0.0
350.0,0.0,0.0,0.0,0.0,0.0,0.0,0.0,0.0,0.0,0.0,0.0,0.0,0.0,0.0,0.0,0.0,0.0,0.0,0.0,0.0,0.0,0.0,0.0,0.0,0.0,0.0,0.0,0.0,0.0,0.0,156.0,155.99999929731098,178.14776533215002,228.14776533215002,278.14776533215,328.14776533215,378.14776533215,428.14776533215,378.14776533215,328.14776533215,0.0,0.0,0.0,0.0,0.0,0.0,0.0,0.0
350.0,0.0,0.0,0.0,0.0,0.0,0.0,0.0,0.0,0.0,0.0,0.0,0.0,0.0,0.0,0.0,0.0,0.0,0.0,0.0,0.0,0.0,0.0,0.0,0.0,0.0,0.0,0.0,0.0,0.0,0.0,0.0,0.0,0.0,0.0,0.0,0.0,0.0,0.0,0.0,0.0,0.0,0.0,0.0,0.0,0.0,0.0,0.0,0.0
350.0,0.0,0.0,0.0,0.0,0.0,0.0,0.0,0.0,0.0,0.0,0.0,0.0,0.0,0.0,0.0,0.0,0.0,0.0,0.0,0.0,0.0,0.0,0.0,0.0,0.0,0.0,0.0,0.0,0.0,0.0,0.0,0.0,0.0,0.0,0.0,0.0,0.0,0.0,0.0,0.0,0.0,0.0,0.0,0.0,0.0,0.0,0.0,0.0
350.0,0.0,0.0,0.0,0.0,0.0,0.0,0.0,0.0,0.0,0.0,0.0,0.0,0.0,0.0,0.0,0.0,0.0,0.0,0.0,0.0,0.0,0.0,0.0,0.0,0.0,0.0,0.0,0.0,0.0,0.0,0.0,0.0,0.0,0.0,0.0,0.0,0.0,0.0,0.0,0.0,0.0,0.0,0.0,0.0,0.0,0.0,0.0,0.0
350.0,0.0,0.0,0.0,0.0,0.0,0.0,0.0,0.0,0.0,0.0,0.0,0.0,0.0,0.0,0.0,0.0,0.0,0.0,0.0,0.0,0.0,0.0,0.0,0.0,0.0,0.0,0.0,0.0,0.0,0.0,0.0,0.0,0.0,0.0,0.0,0.0,0.0,0.0,0.0,0.0,0.0,0.0,0.0,0.0,0.0,0.0,0.0,0.0
350.0,0.0,0.0,0.0,0.0,0.0,0.0,0.0,0.0,0.0,0.0,0.0,0.0,0.0,0.0,0.0,0.0,0.0,0.0,0.0,0.0,0.0,0.0,0.0,0.0,0.0,0.0,0.0,0.0,0.0,0.0,0.0,0.0,0.0,0.0,0.0,0.0,0.0,0.0,0.0,0.0,0.0,0.0,0.0,0.0,0.0,0.0,0.0,0.0
350.0,0.0,0.0,0.0,0.0,0.0,0.0,0.0,0.0,0.0,0.0,0.0,0.0,0.0,0.0,0.0,0.0,0.0,0.0,0.0,0.0,0.0,0.0,0.0,0.0,0.0,0.0,0.0,0.0,0.0,0.0,0.0,0.0,0.0,0.0,0.0,0.0,0.0,0.0,0.0,0.0,0.0,0.0,0.0,0.0,0.0,0.0,0.0,0.0
0.0,0.0,0.0,0.0,0.0,0.0,0.0,0.0,0.0,0.0,0.0,0.0,0.0,0.0,0.0,0.0,0.0,0.0,0.0,0.0,0.0,0.0,0.0,0.0,0.0,0.0,0.0,0.0,0.0,0.0,0.0,0.0,0.0,0.0,0.0,0.0,0.0,0.0,0.0,0.0,0.0,0.0,0.0,0.0,0.0,0.0,0.0,0.0,0.0
0.0,0.0,0.0,0.0,0.0,0.0,0.0,0.0,0.0,0.0,0.0,0.0,0.0,0.0,0.0,0.0,0.0,0.0,0.0,0.0,0.0,0.0,0.0,0.0,0.0,0.0,0.0,0.0,0.0,0.0,0.0,0.0,0.0,0.0,0.0,0.0,0.0,0.0,0.0,0.0,0.0,0.0,0.0,0.0,0.0,0.0,0.0,0.0,0.0
61.56,0.0,0.0,0.0,0.0,0.0,0.0,0.0,0.0,0.0,0.0,0.0,0.0,0.0,0.0,0.0,0.0,0.0,0.0,0.0,0.0,0.0,0.0,0.0,0.0,0.0,0.0,0.0,0.0,0.0,0.0,0.0,0.0,0.0,0.0,0.0,0.0,0.0,0.0,0.0,0.0,0.0,0.0,0.0,0.0,0.0,0.0,0.0,0.0
0.0,0.0,0.0,0.0,0.0,0.0,0.0,0.0,0.0,0.0,0.0,0.0,0.0,0.0,0.0,0.0,0.0,0.0,0.0,0.0,0.0,0.0,0.0,0.0,0.0,0.0,0.0,0.0,0.0,0.0,0.0,0.0,0.0,0.0,0.0,0.0,0.0,0.0,0.0,0.0,0.0,0.0,0.0,0.0,0.0,0.0,0.0,0.0,0.0
0.0,0.0,0.0,0.0,0.0,0.0,0.0,0.0,0.0,0.0,0.0,0.0,0.0,0.0,0.0,0.0,0.0,0.0,0.0,0.0,0.0,0.0,0.0,0.0,0.0,0.0,0.0,0.0,0.0,0.0,0.0,0.0,0.0,0.0,0.0,0.0,0.0,0.0,0.0,0.0,0.0,0.0,0.0,0.0,0.0,0.0,0.0,0.0,0.0
150.0,70.0,86.21435376582451,70.0,86.20323611989298,156.19767729692722,86.19211847396147,86.1865596509957,70.0,86.17544200506418,86.16988318209843,70.0,70.0,70.0,0.0,0.0,0.0,0.0,0.0,0.0,0.0,0.0,0.0,0.0,70.0,70.0,86.08094201464627,70.0,70.0,70.0,86.05870672278323,70.0,86.04758907685171,86.04203025388594,0.0,0.0,0.0,0.0,0.0,0.0,0.0,0.0,0.0,0.0,0.0,0.0,0.0,0.0,70.0
150.0,86.21991258842628,70.0,86.20879494285875,70.0,0.0,0.0,0.0,0.0,0.0,0.0,0.0,0.0,0.0,0.0,0.0,0.0,0.0,0.0,0.0,0.0,0.0,0.0,0.0,0.0,0.0,0.0,0.0,0.0,0.0,0.0,0.0,0.0,0.0,0.0,0.0,0.0,0.0,86.01423613905715,70.0,86.00311849312563,85.99755967015986,70.0,85.98644202422835,155.9808832012626,85.97532437829682,70.0,70.0,0.0
0.0,0.0,0.0,0.0,0.0,0.0,0.0,0.0,0.0,0.0,0.0,0.0,0.0,0.0,0.0,0.0,0.0,0.0,0.0,0.0,0.0,0.0,0.0,0.0,0.0,0.0,0.0,0.0,0.0,0.0,0.0,0.0,0.0,0.0,0.0,0.0,0.0,0.0,0.0,0.0,0.0,0.0,0.0,0.0,0.0,0.0,0.0,0.0,0.0
0.0,0.0,0.0,0.0,0.0,0.0,0.0,0.0,0.0,0.0,0.0,0.0,0.0,0.0,0.0,0.0,0.0,0.0,86.12541259837235,156.1198537754066,156.11429495244084,156.10873612947506,156.1031773065093,156.09761848354356,86.09205966057779,86.08650083761202,70.0,86.07538319168052,0.0,0.0,0.0,0.0,0.0,0.0,0.0,0.0,0.0,0.0,0.0,0.0,0.0,0.0,0.0,0.0,0.0,70.0,85.96976555533104,85.96420673236528,85.95864790939953
0.0,0.0,0.0,0.0,0.0,0.0,0.0,0.0,0.0,0.0,0.0,0.0,0.0,0.0,0.0,0.0,0.0,0.0,0.0,0.0,0.0,0.0,0.0,0.0,0.0,0.0,0.0,0.0,86.06982436871475,86.06426554574898,70.0,86.05314789981747,70.0,70.0,86.03647143092019,86.03091260795443,86.02535378498867,70.0,0.0,0.0,0.0,0.0,0.0,0.0,0.0,0.0,0.0,0.0,0.0
0.0,0.0,0.0,0.0,0.0,0.0,70.0,70.0,86.18100082802994,70.0,70.0,86.16432435913268,86.15876553616691,86.15320671320114,156.1476478902354,156.14208906726964,156.13653024430386,156.1309714213381,70.0,0.0,0.0,0.0,0.0,0.0,0.0,0.0,0.0,0.0,0.0,0.0,0.0,0.0,0.0,0.0,70.0,70.0,70.0,86.0197949620229,70.0,86.0086773160914,70.0,70.0,85.9920008471941,70.0,0.0,0.0,0.0,0.0,0.0
230.0,193.70664713984237,225.05812566794626,125.05812566794626,100.00426073634006,0.0,0.0,0.0,0.0,0.0,0.0,0.0,0.0,0.0,0.0,0.0,0.0,0.0,0.0,0.0,0.0,0.0,0.0,0.0,0.0,0.0,0.0,0.0,0.0,0.0,0.0,0.0,0.0,0.0,98.64,169.30513937998313,98.64,169.29119021769776,98.64,98.64,134.61985537334016,98.64,98.64,98.64,0.0,0.0,0.0,0.0,0.0
230.0,130.0,98.64426073207261,198.64,98.64,98.64,0.0,0.0,0.0,0.0,0.0,0.0,0.0,0.0,0.0,0.0,0.0,0.0,0.0,169.416732678266,98.64,169.40278351598062,98.64,169.38883435369524,98.64,168.0148851914099,268.00791061026723,268.00093602912455,169.35396144798187,267.9869868668392,267.9800122856965,169.33303770455382,98.64,0.0,0.0,0.0,0.0,0.0,0.0,0.0,0.0,0.0,0.0,0.0,0.0,0.0,0.0,0.0,0.0
0.0,0.0,0.0,0.0,0.0,0.0,98.64,126.40108272258595,126.39682198546214,98.64,98.64,98.64,169.46555474626473,98.64,98.64,98.64,169.43765642169402,169.43068184055133,98.64,0.0,0.0,0.0,0.0,0.0,0.0,0.0,0.0,0.0,0.0,0.0,0.0,98.64,169.32606312341113,267.9590885422685,169.3121139611258,98.64,98.64,98.64,169.28421563655507,98.64,98.64,98.64,98.64,0.0,0.0,0.0,0.0,0.0,0.0
0.0,0.0,0.0,0.0,125.04960419526611,225.0496041952661,126.40534345892607,98.64,98.64,98.64,126.38830051356578,169.47252932740741,98.64,169.45858016512204,169.45160558397936,98.64,98.64,98.64,0.0,0.0,0.0,0.0,0.0,0.0,0.0,0.0,0.0,0.0,98.64,98.64,98.64,98.64,98.64,98.64,98.64,98.64,169.29816479884045,98.64,98.64,168.94399228752957,98.64,169.26549527230006,169.2585206911574,100.00426073634011,98.64,124.79453508715278,224.79027435081275,224.7860136144726,0.0
0.0,0.0,0.0,0.0,0.0,0.0,0.0,0.0,0.0,0.0,0.0,0.0,0.0,0.0,0.0,0.0,0.0,0.0,169.42370725940867,98.64,169.4097580971233,98.64,169.39580893483793,98.64,169.38185977255256,198.64,98.64,98.64,98.64,0.0,0.0,0.0,0.0,0.0,0.0,0.0,0.0,0.0,0.0,0.0,0.0,0.0,0.0,0.0,0.0,0.0,0.0,0.0,267.8702424283143
0.0,0.0,0.0,0.0,0.0,0.0,98.64,98.64,98.64,126.39256124990584,98.64,98.64,98.64,98.64,98.64,169.44463100283667,98.64,98.64,98.64,98.64,98.64,98.64,98.64,98.64,98.64,0.0,0.0,0.0,0.0,0.0,0.0,0.0,0.0,0.0,0.0,0.0,0.0,0.0,0.0,0.0,0.0,0.0,0.0,124.79879582349287,224.79879582349287,198.64,98.64,98.64,98.64
0.0,0.0,0.0,0.0,0.0,0.0,0.0,0.0,0.0,0.0,0.0,0.0,0.0,0.0,0.0,0.0,0.0,0.0,0.0,0.0,0.0,0.0,0.0,0.0,0.0,0.0,0.0,0.0,0.0,0.0,0.0,0.0,0.0,0.0,0.0,0.0,0.0,0.0,0.0,0.0,0.0,0.0,0.0,0.0,0.0,0.0,0.0,0.0,0.0
0.0,0.0,0.0,0.0,0.0,0.0,0.0,0.0,0.0,0.0,0.0,0.0,0.0,0.0,0.0,0.0,0.0,0.0,0.0,0.0,0.0,0.0,0.0,0.0,0.0,0.0,0.0,0.0,0.0,0.0,0.0,0.0,0.0,0.0,0.0,0.0,0.0,0.0,0.0,0.0,0.0,0.0,0.0,0.0,0.0,0.0,0.0,0.0,0.0
0.0,0.0,0.0,0.0,0.0,0.0,0.0,0.0,0.0,0.0,0.0,0.0,0.0,0.0,0.0,0.0,0.0,0.0,0.0,0.0,0.0,0.0,0.0,0.0,0.0,0.0,0.0,0.0,0.0,0.0,0.0,0.0,0.0,0.0,0.0,0.0,0.0,0.0,0.0,0.0,0.0,0.0,0.0,0.0,0.0,0.0,0.0,0.0,0.0
0.0,0.0,0.0,0.0,0.0,0.0,0.0,0.0,0.0,0.0,0.0,0.0,0.0,0.0,0.0,0.0,0.0,0.0,0.0,0.0,0.0,0.0,0.0,0.0,0.0,0.0,0.0,0.0,0.0,0.0,0.0,0.0,0.0,0.0,0.0,0.0,0.0,0.0,0.0,0.0,0.0,0.0,0.0,0.0,0.0,0.0,0.0,0.0,0.0
0.0,0.0,0.0,0.0,0.0,0.0,0.0,0.0,0.0,0.0,0.0,0.0,0.0,0.0,0.0,0.0,0.0,0.0,0.0,0.0,0.0,0.0,0.0,0.0,0.0,0.0,0.0,0.0,0.0,0.0,0.0,0.0,0.0,0.0,0.0,0.0,0.0,0.0,0.0,0.0,0.0,0.0,0.0,0.0,0.0,0.0,0.0,0.0,0.0
0.0,0.0,0.0,0.0,0.0,0.0,0.0,0.0,0.0,0.0,0.0,0.0,0.0,0.0,0.0,0.0,0.0,0.0,0.0,0.0,0.0,0.0,0.0,0.0,0.0,0.0,0.0,0.0,0.0,0.0,0.0,0.0,0.0,0.0,0.0,0.0,0.0,0.0,0.0,0.0,0.0,0.0,0.0,0.0,0.0,0.0,0.0,0.0,0.0
0.0,0.0,0.0,0.0,0.0,0.0,0.0,0.0,0.0,0.0,0.0,0.0,0.0,0.0,0.0,0.0,0.0,0.0,0.0,0.0,0.0,0.0,0.0,0.0,0.0,0.0,0.0,0.0,0.0,0.0,0.0,0.0,0.0,0.0,0.0,0.0,0.0,0.0,0.0,0.0,0.0,0.0,0.0,0.0,0.0,0.0,0.0,0.0,0.0
0.0,0.0,0.0,0.0,0.0,0.0,0.0,0.0,0.0,0.0,0.0,0.0,0.0,0.0,0.0,0.0,0.0,0.0,0.0,0.0,0.0,0.0,0.0,0.0,0.0,0.0,0.0,0.0,0.0,0.0,0.0,0.0,0.0,0.0,0.0,0.0,0.0,0.0,0.0,0.0,0.0,0.0,0.0,0.0,0.0,0.0,0.0,0.0,0.0
0.0,0.0,0.0,0.0,0.0,0.0,0.0,0.0,0.0,0.0,0.0,0.0,0.0,0.0,0.0,0.0,0.0,0.0,0.0,0.0,0.0,0.0,0.0,0.0,0.0,0.0,0.0,0.0,0.0,0.0,0.0,0.0,0.0,0.0,0.0,0.0,0.0,0.0,0.0,0.0,0.0,0.0,0.0,0.0,0.0,0.0,0.0,0.0,0.0
0.0,0.0,0.0,0.0,0.0,0.0,0.0,0.0,0.0,0.0,0.0,0.0,0.0,0.0,0.0,0.0,0.0,0.0,0.0,0.0,0.0,0.0,0.0,0.0,0.0,0.0,0.0,0.0,0.0,0.0,0.0,0.0,0.0,0.0,0.0,0.0,0.0,0.0,0.0,0.0,0.0,0.0,0.0,0.0,0.0,0.0,0.0,0.0,0.0
0.0,0.0,0.0,0.0,0.0,0.0,0.0,0.0,0.0,0.0,0.0,0.0,0.0,0.0,0.0,0.0,0.0,0.0,0.0,0.0,0.0,0.0,0.0,0.0,0.0,0.0,0.0,0.0,0.0,0.0,0.0,0.0,0.0,0.0,0.0,0.0,0.0,0.0,0.0,0.0,0.0,0.0,0.0,0.0,0.0,0.0,0.0,0.0,0.0
0.0,0.0,0.0,0.0,0.0,0.0,0.0,0.0,0.0,0.0,0.0,0.0,0.0,0.0,0.0,0.0,0.0,0.0,0.0,0.0,0.0,0.0,0.0,0.0,0.0,0.0,0.0,0.0,0.0,0.0,0.0,0.0,0.0,0.0,0.0,0.0,0.0,0.0,0.0,0.0,0.0,0.0,0.0,0.0,0.0,0.0,0.0,0.0,0.0
0.0,0.0,0.0,0.0,0.0,0.0,0.0,0.0,0.0,0.0,0.0,0.0,0.0,0.0,0.0,0.0,0.0,0.0,0.0,0.0,0.0,0.0,0.0,0.0,0.0,0.0,0.0,0.0,0.0,0.0,0.0,0.0,0.0,0.0,0.0,0.0,0.0,0.0,0.0,0.0,0.0,0.0,0.0,0.0,0.0,0.0,0.0,0.0,0.0
0.0,0.0,0.0,0.0,0.0,0.0,0.0,0.0,0.0,0.0,0.0,0.0,0.0,0.0,0.0,0.0,0.0,0.0,0.0,0.0,0.0,0.0,0.0,0.0,0.0,0.0,0.0,0.0,0.0,0.0,0.0,0.0,0.0,0.0,0.0,0.0,0.0,0.0,0.0,0.0,0.0,0.0,0.0,0.0,0.0,0.0,0.0,0.0,0.0
0.0,0.0,0.0,0.0,0.0,0.0,0.0,0.0,0.0,0.0,0.0,0.0,0.0,0.0,0.0,0.0,0.0,0.0,0.0,0.0,0.0,0.0,0.0,0.0,0.0,0.0,0.0,0.0,0.0,0.0,0.0,0.0,0.0,0.0,0.0,0.0,0.0,0.0,0.0,0.0,0.0,0.0,0.0,0.0,0.0,0.0,0.0,0.0,0.0
0.0,0.0,0.0,0.0,0.0,0.0,0.0,0.0,0.0,0.0,0.0,0.0,0.0,0.0,0.0,0.0,0.0,0.0,0.0,0.0,0.0,0.0,0.0,0.0,0.0,0.0,0.0,0.0,0.0,0.0,0.0,0.0,0.0,0.0,0.0,0.0,0.0,0.0,0.0,0.0,0.0,0.0,0.0,0.0,0.0,0.0,0.0,0.0,0.0
0.0,0.0,0.0,0.0,0.0,0.0,0.0,0.0,0.0,0.0,0.0,0.0,0.0,0.0,0.0,0.0,0.0,0.0,0.0,0.0,0.0,0.0,0.0,0.0,0.0,0.0,0.0,0.0,0.0,0.0,0.0,0.0,0.0,0.0,0.0,0.0,0.0,0.0,0.0,0.0,0.0,0.0,0.0,0.0,0.0,0.0,0.0,0.0,0.0
300.0,0.0,0.0,0.0,0.0,0.0,0.0,0.0,0.0,0.0,0.0,0.0,0.0,164.16,264.15999999999997,343.60614264056824,343.6061426405683,264.15999999999997,164.16,164.16,264.15999999999997,164.16,164.16,164.16,164.16,264.15999999999997,253.18943649981986,353.18943649981986,253.18943649981986,164.16,164.16,164.16,164.16,164.16,164.16,164.16,264.15999999999997,164.16,164.16,164.16,264.15999999999997,289.0294364998198,253.18943649981986,164.16,164.16,164.16,164.16,164.16,164.16
300.0,359.2437895594241,264.15999999957876,164.16,164.16,164.16,187.28378956228312,287.2837895622831,387.2837895622831,287.2837895622831,0.0,0.0,0.0,0.0,0.0,0.0,0.0,0.0,0.0,0.0,0.0,164.16,164.16,164.16,189.02943649981978,164.16,264.15999999999997,164.15999999999997,164.15999999999997,264.15999999999997,364.15999999999997,264.15999999999997,289.0294364998198,189.02943649981978,189.02943649981978,289.0294364998198,189.02943649981978,164.16,164.15999999999997,264.15999999999997,164.16,164.16,0.0,0.0,0.0,0.0,0.0,0.0,0.0
300.0,199.99999999983203,295.0837895605978,395.0837895605978,395.08378956017657,395.08378956214267,371.96000000000004,471.96000000000004,448.80235306727445,348.80235306727445,248.80235306727445,228.31999998898925,164.16,164.16,164.16,164.16,164.15999999999997,264.15999999999997,164.16,189.02943649981978,164.16,164.15999999999997,164.16,189.02943649981978,164.16,164.16,264.15999999999997,264.15999999999997,364.15999999999997,353.18943649981986,253.18943649981986,164.16,164.16,164.16,264.15999999999997,164.16,164.16,189.02943649981978,289.0294364998198,189.02943649981978,164.16,164.16,264.15999999999997,364.15999999999997,353.18943649981975,253.18943649981975,201.21894814123993,164.16,164.16
0.0,0.0,0.0,0.0,0.0,0.0,0.0,0.0,0.0,0.0,0.0,0.0,0.0,0.0,0.0,0.0,0.0,0.0,164.16,164.16,189.02943649981978,289.0294364998198,189.02943649981978,164.16,264.15999999999997,164.16,164.16,164.16,164.16,164.16,164.16,189.02943649981978,164.16,164.16,164.16,164.16,0.0,0.0,0.0,0.0,0.0,0.0,0.0,0.0,0.0,0.0,164.16,164.16,164.16
0.0,0.0,0.0,0.0,0.0,0.0,0.0,0.0,0.0,200.00000001101068,300.0000000110107,400.0000000110107,364.15999999999997,264.15999999999997,164.16,164.16,164.16,164.16,164.16,164.16,164.16,164.16,264.15999999999997,264.15999999999997,164.16,189.02943649981978,0.0,0.0,0.0,0.0,0.0,0.0,0.0,0.0,0.0,0.0,164.16,164.16,164.16,164.16,164.16,164.16,264.15999999999997,253.18943649981975,164.16,264.15999999999997,164.16,189.02943649981978,164.16
0.0,0.0,0.0,0.0,0.0,0.0,0.0,0.0,0.0,0.0,287.2837895622831,207.76614264056832,307.7661426405683,243.60614264056824,243.60614263854598,164.16,164.16,253.18943649981986,289.0294364998198,264.15999999999997,164.16,0.0,0.0,0.0,0.0,0.0,0.0,0.0,0.0,0.0,0.0,164.16,164.16,264.15999999999997,164.16,164.16,164.16,264.15999999999997,164.16,164.16,189.02943649981978,164.16,164.16,164.16,264.15999999999997,263.322189659811,164.16,264.15999999999997,289.0294364998198
200.0,0.0,0.0,0.0,0.0,0.0,0.0,0.0,0.0,0.0,0.0,0.0,0.0,0.0,0.0,0.0,0.0,0.0,215.92419071546715,210.8,210.8,210.8,226.72419071546722,326.7241907154672,410.8,310.8,210.8,310.8,0.0,0.0,0.0,0.0,0.0,0.0,0.0,0.0,0.0,0.0,210.8,310.8,410.8,310.8,210.8,228.43403033290252,210.8,210.8,221.60000000000008,210.8,0.0
200.0,210.8,0.0,0.0,0.0,0.0,0.0,0.0,0.0,0.0,0.0,0.0,0.0,0.0,0.0,0.0,0.0,210.8,210.8,210.8,210.8,210.8,310.8,223.3098396174354,239.23403033290253,210.8,210.8,0.0,0.0,0.0,0.0,0.0,0.0,0.0,0.0,0.0,0.0,0.0,0.0,0.0,0.0,210.8,228.43403033290252,310.8,210.8,210.8,310.8,243.98403033290265,343.98403033290265
0.0,0.0,210.8,210.8,210.8,210.8,307.8703606363627,257.374690068112,357.374690068112,257.374690068112,310.8,210.8,310.8,326.724190704325,426.724190704325,326.724190704325,310.8,210.8,0.0,0.0,0.0,0.0,0.0,0.0,0.0,0.0,0.0,0.0,310.79999999999984,410.79999999999984,439.2340303329024,439.23403033290253,539.2340303329025,539.2340303329025,439.2340303329026,539.2340303329026,506.04999999999995,606.05,506.04999999999995,439.2340303329026,339.2340303329026,0.0,0.0,0.0,0.0,0.0,0.0,0.0,0.0
0.0,307.87036063674924,307.87036063673526,307.87036063673526,307.87036063673526,307.87036063673526,210.8,310.8,210.8,310.8,257.374690068112,357.374690068112,0.0,0.0,0.0,0.0,0.0,0.0,0.0,0.0,0.0,0.0,0.0,0.0,0.0,228.43403033290252,328.4340303329025,410.8,310.8,210.8,210.8,310.8,210.8,210.8,210.8,210.8,243.98403033290265,343.98403033290265,243.98403033290265,210.8,210.8,228.43403033290252,210.8,210.8,228.43403033290252,210.8,0.0,0.0,0.0
0.0,0.0,0.0,0.0,0.0,0.0,0.0,0.0,0.0,0.0,0.0,0.0,0.0,210.8,210.8,310.8000000111423,315.92419071546715,215.92419071546715,210.8,210.8,210.8,210.8,310.8,410.8,310.8,210.8,210.8,239.2340303329026,339.2340303329026,339.23403033290276,310.8,210.8,210.8,210.8,310.8,210.79999999999995,210.79999999999995,0.0,0.0,0.0,0.0,0.0,0.0,0.0,0.0,0.0,0.0,0.0,0.0
0.0,0.0,0.0,0.0,0.0,0.0,0.0,0.0,0.0,0.0,0.0,0.0,257.374690068112,310.8000000090957,210.8,210.8,221.60000000000014,210.8,210.8,215.92419071546715,215.92419071342067,215.92419071546715,0.0,0.0,0.0,0.0,0.0,0.0,0.0,0.0,0.0,0.0,0.0,0.0,0.0,0.0,0.0,0.0,0.0,0.0,0.0,210.8,310.8,210.8,310.8,328.43403033290247,428.43403033290247,506.04999999999995,606.05
