0.0004708437301816984,0.0004708437301816984,0.0012427565699271378,0.0012427565699271378,0.0011509169692857715,0.0011509169692857715,0.0012409169547487192,0.0012409169547487192,0.0005555686403935223,0.0005555686403935223,0.0007452664135208786,0.0007452664135208786,0.0009327114218447494,0.0009327114218447494,0.0013095159017736252,0.0013095159017736252,0.0006841484922942148,0.0006841484922942148,0.0019329631571600725,0.0019329631571600725,0.001769976772851567,0.001769976772851567,0.0007106330012440765,0.0007106330012440765,0.0010320724594327785,0.0010320724594327785,0.001263176539345802,0.001263176539345802,0.0007103370388660234,0.0007103370388660234,0.001351879456499283,0.001351879456499283,0.0012990872564038192,0.0012990872564038192,0.0012040290459153918,0.0012040290459153918,0.0005040239265275658,0.0005040239265275658,0.0004470088428884522,0.0004470088428884522,0.0002777856219038366,0.0002777856219038366,0.00030153957171237533,0.00030153957171237533,0.0005180718235928902,0.0005180718235928902,0.0003814380407174186,0.0003814380407174186
0.0004708437301816984,0.0004708437301816984,0.0012427565699271378,0.0012427565699271378,0.0011509169692857715,0.0011509169692857715,0.0012409169547487192,0.0012409169547487192,0.0005555686403935223,0.0005555686403935223,0.0007452664135208786,0.0007452664135208786,0.0009327114218447494,0.0009327114218447494,0.0013095159017736252,0.0013095159017736252,0.0006841484922942148,0.0006841484922942148,0.0019329631571600725,0.0019329631571600725,0.001769976772851567,0.001769976772851567,0.0007106330012440765,0.0007106330012440765,0.0010320724594327785,0.0010320724594327785,0.001263176539345802,0.001263176539345802,0.0007103370388660234,0.0007103370388660234,0.001351879456499283,0.001351879456499283,0.0012990872564038192,0.0012990872564038192,0.0012040290459153918,0.0012040290459153918,0.0005040239265275658,0.0005040239265275658,0.0004470088428884522,0.0004470088428884522,0.0002777856219038366,0.0002777856219038366,0.00030153957171237533,0.00030153957171237533,0.0005180718235928902,0.0005180718235928902,0.0003814380407174186,0.0003814380407174186
0.0004708437301816984,0.0004708437301816984,0.0012427565699271378,0.0012427565699271378,0.0011509169692857715,0.0011509169692857715,0.0012409169547487192,0.0012409169547487192,0.0005555686403935223,0.0005555686403935223,0.0007452664135208786,0.0007452664135208786,0.0009327114218447494,0.0009327114218447494,0.0013095159017736252,0.0013095159017736252,0.0006841484922942148,0.0006841484922942148,0.0019329631571600725,0.0019329631571600725,0.001769976772851567,0.001769976772851567,0.0007106330012440765,0.0007106330012440765,0.0010320724594327785,0.0010320724594327785,0.001263176539345802,0.001263176539345802,0.0007103370388660234,0.0007103370388660234,0.001351879456499283,0.001351879456499283,0.0012990872564038192,0.0012990872564038192,0.0012040290459153918,0.0012040290459153918,0.0005040239265275658,0.0005040239265275658,0.0004470088428884522,0.0004470088428884522,0.0002777856219038366,0.0002777856219038366,0.00030153957171237533,0.00030153957171237533,0.0005180718235928902,0.0005180718235928902,0.0003814380407174186,0.0003814380407174186
0.0004708437301816984,0.0004708437301816984,0.0012427565699271378,0.0012427565699271378,0.0011509169692857715,0.0011509169692857715,0.0012409169547487192,0.0012409169547487192,0.0005555686403935223,0.0005555686403935223,0.0007452664135208786,0.0007452664135208786,0.0009327114218447494,0.0009327114218447494,0.0013095159017736252,0.0013095159017736252,0.0006841484922942148,0.0006841484922942148,0.0019329631571600725,0.0019329631571600725,0.001769976772851567,0.001769976772851567,0.0007106330012440765,0.0007106330012440765,0.0010320724594327785,0.0010320724594327785,0.001263176539345802,0.001263176539345802,0.0007103370388660234,0.0007103370388660234,0.001351879456499283,0.001351879456499283,0.0012990872564038192,0.0012990872564038192,0.0012040290459153918,0.0012040290459153918,0.0005040239265275658,0.0005040239265275658,0.0004470088428884522,0.0004470088428884522,0.0002777856219038366,0.0002777856219038366,0.00030153957171237533,0.00030153957171237533,0.0005180718235928902,0.0005180718235928902,0.0003814380407174186,0.0003814380407174186
0.0004708437301816984,0.0004708437301816984,0.0012427565699271378,0.0012427565699271378,0.0011509169692857715,0.0011509169692857715,0.0012409169547487192,0.0012409169547487192,0.0005555686403935223,0.0005555686403935223,0.0007452664135208786,0.0007452664135208786,0.0009327114218447494,0.0009327114218447494,0.0013095159017736252,0.0013095159017736252,0.0006841484922942148,0.0006841484922942148,0.0019329631571600725,0.0019329631571600725,0.001769976772851567,0.001769976772851567,0.0007106330012440765,0.0007106330012440765,0.0010320724594327785,0.0010320724594327785,0.001263176539345802,0.001263176539345802,0.0007103370388660234,0.0007103370388660234,0.001351879456499283,0.001351879456499283,0.0012990872564038192,0.0012990872564038192,0.0012040290459153918,0.0012040290459153918,0.0005040239265275658,0.0005040239265275658,0.0004470088428884522,0.0004470088428884522,0.0002777856219038366,0.0002777856219038366,0.00030153957171237533,0.00030153957171237533,0.0005180718235928902,0.0005180718235928902,0.0003814380407174186,0.0003814380407174186
0.0004708437301816984,0.0004708437301816984,0.0012427565699271378,0.0012427565699271378,0.0011509169692857715,0.0011509169692857715,0.0012409169547487192,0.0012409169547487192,0.0005555686403935223,0.0005555686403935223,0.0007452664135208786,0.0007452664135208786,0.0009327114218447494,0.0009327114218447494,0.0013095159017736252,0.0013095159017736252,0.0006841484922942148,0.0006841484922942148,0.0019329631571600725,0.0019329631571600725,0.001769976772851567,0.001769976772851567,0.0007106330012440765,0.0007106330012440765,0.0010320724594327785,0.0010320724594327785,0.001263176539345802,0.001263176539345802,0.0007103370388660234,0.0007103370388660234,0.001351879456499283,0.001351879456499283,0.0012990872564038192,0.0012990872564038192,0.0012040290459153918,0.0012040290459153918,0.0005040239265275658,0.0005040239265275658,0.0004470088428884522,0.0004470088428884522,0.0002777856219038366,0.0002777856219038366,0.00030153957171237533,0.00030153957171237533,0.0005180718235928902,0.0005180718235928902,0.0003814380407174186,0.0003814380407174186
0.0004708437301816984,0.0004708437301816984,0.0012427565699271378,0.0012427565699271378,0.0011509169692857715,0.0011509169692857715,0.0012409169547487192,0.0012409169547487192,0.0005555686403935223,0.0005555686403935223,0.0007452664135208786,0.0007452664135208786,0.0009327114218447494,0.0009327114218447494,0.0013095159017736252,0.0013095159017736252,0.0006841484922942148,0.0006841484922942148,0.0019329631571600725,0.0019329631571600725,0.001769976772851567,0.001769976772851567,0.0007106330012440765,0.0007106330012440765,0.0010320724594327785,0.0010320724594327785,0.001263176539345802,0.001263176539345802,0.0007103370388660234,0.0007103370388660234,0.001351879456499283,0.001351879456499283,0.0012990872564038192,0.0012990872564038192,0.0012040290459153918,0.0012040290459153918,0.0005040239265275658,0.0005040239265275658,0.0004470088428884522,0.0004470088428884522,0.0002777856219038366,0.0002777856219038366,0.00030153957171237533,0.00030153957171237533,0.0005180718235928902,0.0005180718235928902,0.0003814380407174186,0.0003814380407174186
0.0004708437301816984,0.0004708437301816984,0.0012427565699271378,0.0012427565699271378,0.0011509169692857715,0.0011509169692857715,0.0012409169547487192,0.0012409169547487192,0.0005555686403935223,0.0005555686403935223,0.0007452664135208786,0.0007452664135208786,0.0009327114218447494,0.0009327114218447494,0.0013095159017736252,0.0013095159017736252,0.0006841484922942148,0.0006841484922942148,0.0019329631571600725,0.0019329631571600725,0.001769976772851567,0.001769976772851567,0.0007106330012440765,0.0007106330012440765,0.0010320724594327785,0.0010320724594327785,0.001263176539345802,0.001263176539345802,0.0007103370388660234,0.0007103370388660234,0.001351879456499283,0.001351879456499283,0.0012990872564038192,0.0012990872564038192,0.0012040290459153918,0.0012040290459153918,0.0005040239265275658,0.0005040239265275658,0.0004470088428884522,0.0004470088428884522,0.0002777856219038366,0.0002777856219038366,0.00030153957171237533,0.00030153957171237533,0.0005180718235928902,0.0005180718235928902,0.0003814380407174186,0.0003814380407174186
0.0004708437301816984,0.0004708437301816984,0.0012427565699271378,0.0012427565699271378,0.0011509169692857715,0.0011509169692857715,0.0012409169547487192,0.0012409169547487192,0.0005555686403935223,0.0005555686403935223,0.0007452664135208786,0.0007452664135208786,0.0009327114218447494,0.0009327114218447494,0.0013095159017736252,0.0013095159017736252,0.0006841484922942148,0.0006841484922942148,0.0019329631571600725,0.0019329631571600725,0.001769976772851567,0.001769976772851567,0.0007106330012440765,0.0007106330012440765,0.0010320724594327785,0.0010320724594327785,0.001263176539345802,0.001263176539345802,0.0007103370388660234,0.0007103370388660234,0.001351879456499283,0.001351879456499283,0.0012990872564038192,0.0012990872564038192,0.0012040290459153918,0.0012040290459153918,0.0005040239265275658,0.0005040239265275658,0.0004470088428884522,0.0004470088428884522,0.0002777856219038366,0.0002777856219038366,0.00030153957171237533,0.00030153957171237533,0.0005180718235928902,0.0005180718235928902,0.0003814380407174186,0.0003814380407174186
0.0004708437301816984,0.0004708437301816984,0.0012427565699271378,0.0012427565699271378,0.0011509169692857715,0.0011509169692857715,0.0012409169547487192,0.0012409169547487192,0.0005555686403935223,0.0005555686403935223,0.0007452664135208786,0.0007452664135208786,0.0009327114218447494,0.0009327114218447494,0.0013095159017736252,0.0013095159017736252,0.0006841484922942148,0.0006841484922942148,0.0019329631571600725,0.0019329631571600725,0.001769976772851567,0.001769976772851567,0.0007106330012440765,0.0007106330012440765,0.0010320724594327785,0.0010320724594327785,0.001263176539345802,0.001263176539345802,0.0007103370388660234,0.0007103370388660234,0.001351879456499283,0.001351879456499283,0.0012990872564038192,0.0012990872564038192,0.0012040290459153918,0.0012040290459153918,0.0005040239265275658,0.0005040239265275658,0.0004470088428884522,0.0004470088428884522,0.0002777856219038366,0.0002777856219038366,0.00030153957171237533,0.00030153957171237533,0.0005180718235928902,0.0005180718235928902,0.0003814380407174186,0.0003814380407174186
0.0004708437301816984,0.0004708437301816984,0.0012427565699271378,0.0012427565699271378,0.0011509169692857715,0.0011509169692857715,0.0012409169547487192,0.0012409169547487192,0.0005555686403935223,0.0005555686403935223,0.0007452664135208786,0.0007452664135208786,0.0009327114218447494,0.0009327114218447494,0.0013095159017736252,0.0013095159017736252,0.0006841484922942148,0.0006841484922942148,0.0019329631571600725,0.0019329631571600725,0.001769976772851567,0.001769976772851567,0.0007106330012440765,0.0007106330012440765,0.0010320724594327785,0.0010320724594327785,0.001263176539345802,0.001263176539345802,0.0007103370388660234,0.0007103370388660234,0.001351879456499283,0.001351879456499283,0.0012990872564038192,0.0012990872564038192,0.0012040290459153918,0.0012040290459153918,0.0005040239265275658,0.0005040239265275658,0.0004470088428884522,0.0004470088428884522,0.0002777856219038366,0.0002777856219038366,0.00030153957171237533,0.00030153957171237533,0.0005180718235928902,0.0005180718235928902,0.0003814380407174186,0.0003814380407174186
0.0004708437301816984,0.0004708437301816984,0.0012427565699271378,0.0012427565699271378,0.0011509169692857715,0.0011509169692857715,0.0012409169547487192,0.0012409169547487192,0.0005555686403935223,0.0005555686403935223,0.0007452664135208786,0.0007452664135208786,0.0009327114218447494,0.0009327114218447494,0.0013095159017736252,0.0013095159017736252,0.0006841484922942148,0.0006841484922942148,0.0019329631571600725,0.0019329631571600725,0.001769976772851567,0.001769976772851567,0.0007106330012440765,0.0007106330012440765,0.0010320724594327785,0.0010320724594327785,0.001263176539345802,0.001263176539345802,0.0007103370388660234,0.0007103370388660234,0.001351879456499283,0.001351879456499283,0.0012990872564038192,0.0012990872564038192,0.0012040290459153918,0.0012040290459153918,0.0005040239265275658,0.0005040239265275658,0.0004470088428884522,0.0004470088428884522,0.0002777856219038366,0.0002777856219038366,0.00030153957171237533,0.00030153957171237533,0.0005180718235928902,0.0005180718235928902,0.0003814380407174186,0.0003814380407174186
0.0002837495925916804,0.0002837495925916804,0.00044061168329036574,0.00044061168329036574,0.0003065025092017122,0.0003065025092017122,0.0003541569153835307,0.0003541569153835307,0.00028941734322680823,0.00028941734322680823,0.0003255120363866715,0.0003255120363866715,0.00028861031163248535,0.00028861031163248535,0.0003363307277141469,0.0003363307277141469,0.0003475511134856668,0.0003475511134856668,0.000642483275658301,0.000642483275658301,0.0004877806431478546,0.0004877806431478546,0.0002196935156452036,0.0002196935156452036,0.000241054877516661,0.000241054877516661,0.00037970771102091745,0.00037970771102091745,0.0004287082102178777,0.0004287082102178777,0.0004820722134689648,0.0004820722134689648,0.0003003221672891465,0.0003003221672891465,0.0002796769323873457,0.0002796769323873457,0.00017250431151962127,0.00017250431151962127,0.00022565671152971478,0.00022565671152971478,0.0001246017523620635,0.0001246017523620635,0.0001562479031170516,0.0001562479031170516,0.00030070461773708257,0.00030070461773708257,0.0002731622956262114,0.0002731622956262114
0.0002837495925916804,0.0002837495925916804,0.00044061168329036574,0.00044061168329036574,0.0003065025092017122,0.0003065025092017122,0.0003541569153835307,0.0003541569153835307,0.00028941734322680823,0.00028941734322680823,0.0003255120363866715,0.0003255120363866715,0.00028861031163248535,0.00028861031163248535,0.0003363307277141469,0.0003363307277141469,0.0003475511134856668,0.0003475511134856668,0.000642483275658301,0.000642483275658301,0.0004877806431478546,0.0004877806431478546,0.0002196935156452036,0.0002196935156452036,0.000241054877516661,0.000241054877516661,0.00037970771102091745,0.00037970771102091745,0.0004287082102178777,0.0004287082102178777,0.0004820722134689648,0.0004820722134689648,0.0003003221672891465,0.0003003221672891465,0.0002796769323873457,0.0002796769323873457,0.00017250431151962127,0.00017250431151962127,0.00022565671152971478,0.00022565671152971478,0.0001246017523620635,0.0001246017523620635,0.0001562479031170516,0.0001562479031170516,0.00030070461773708257,0.00030070461773708257,0.0002731622956262114,0.0002731622956262114
0.0002837495925916804,0.0002837495925916804,0.00044061168329036574,0.00044061168329036574,0.0003065025092017122,0.0003065025092017122,0.0003541569153835307,0.0003541569153835307,0.00028941734322680823,0.00028941734322680823,0.0003255120363866715,0.0003255120363866715,0.00028861031163248535,0.00028861031163248535,0.0003363307277141469,0.0003363307277141469,0.0003475511134856668,0.0003475511134856668,0.000642483275658301,0.000642483275658301,0.0004877806431478546,0.0004877806431478546,0.0002196935156452036,0.0002196935156452036,0.000241054877516661,0.000241054877516661,0.00037970771102091745,0.00037970771102091745,0.0004287082102178777,0.0004287082102178777,0.0004820722134689648,0.0004820722134689648,0.0003003221672891465,0.0003003221672891465,0.0002796769323873457,0.0002796769323873457,0.00017250431151962127,0.00017250431151962127,0.00022565671152971478,0.00022565671152971478,0.0001246017523620635,0.0001246017523620635,0.0001562479031170516,0.0001562479031170516,0.00030070461773708257,0.00030070461773708257,0.0002731622956262114,0.0002731622956262114
0.0002837495925916804,0.0002837495925916804,0.00044061168329036574,0.00044061168329036574,0.0003065025092017122,0.0003065025092017122,0.0003541569153835307,0.0003541569153835307,0.00028941734322680823,0.00028941734322680823,0.0003255120363866715,0.0003255120363866715,0.00028861031163248535,0.00028861031163248535,0.0003363307277141469,0.0003363307277141469,0.0003475511134856668,0.0003475511134856668,0.000642483275658301,0.000642483275658301,0.0004877806431478546,0.0004877806431478546,0.0002196935156452036,0.0002196935156452036,0.000241054877516661,0.000241054877516661,0.00037970771102091745,0.00037970771102091745,0.0004287082102178777,0.0004287082102178777,0.0004820722134689648,0.0004820722134689648,0.0003003221672891465,0.0003003221672891465,0.0002796769323873457,0.0002796769323873457,0.00017250431151962127,0.00017250431151962127,0.00022565671152971478,0.00022565671152971478,0.0001246017523620635,0.0001246017523620635,0.0001562479031170516,0.0001562479031170516,0.00030070461773708257,0.00030070461773708257,0.0002731622956262114,0.0002731622956262114
0.0002837495925916804,0.0002837495925916804,0.00044061168329036574,0.00044061168329036574,0.0003065025092017122,0.0003065025092017122,0.0003541569153835307,0.0003541569153835307,0.00028941734322680823,0.00028941734322680823,0.0003255120363866715,0.0003255120363866715,0.00028861031163248535,0.00028861031163248535,0.0003363307277141469,0.0003363307277141469,0.0003475511134856668,0.0003475511134856668,0.000642483275658301,0.000642483275658301,0.0004877806431478546,0.0004877806431478546,0.0002196935156452036,0.0002196935156452036,0.000241054877516661,0.000241054877516661,0.00037970771102091745,0.00037970771102091745,0.0004287082102178777,0.0004287082102178777,0.0004820722134689648,0.0004820722134689648,0.0003003221672891465,0.0003003221672891465,0.0002796769323873457,0.0002796769323873457,0.00017250431151962127,0.00017250431151962127,0.00022565671152971478,0.00022565671152971478,0.0001246017523620635,0.0001246017523620635,0.0001562479031170516,0.0001562479031170516,0.00030070461773708257,0.00030070461773708257,0.0002731622956262114,0.0002731622956262114
0.0002837495925916804,0.0002837495925916804,0.00044061168329036574,0.00044061168329036574,0.0003065025092017122,0.0003065025092017122,0.0003541569153835307,0.0003541569153835307,0.00028941734322680823,0.00028941734322680823,0.0003255120363866715,0.0003255120363866715,0.00028861031163248535,0.00028861031163248535,0.0003363307277141469,0.0003363307277141469,0.0003475511134856668,0.0003475511134856668,0.000642483275658301,0.000642483275658301,0.0004877806431478546,0.0004877806431478546,0.0002196935156452036,0.0002196935156452036,0.000241054877516661,0.000241054877516661,0.00037970771102091745,0.00037970771102091745,0.0004287082102178777,0.0004287082102178777,0.0004820722134689648,0.0004820722134689648,0.0003003221672891465,0.0003003221672891465,0.0002796769323873457,0.0002796769323873457,0.00017250431151962127,0.00017250431151962127,0.00022565671152971478,0.00022565671152971478,0.0001246017523620635,0.0001246017523620635,0.0001562479031170516,0.0001562479031170516,0.00030070461773708257,0.00030070461773708257,0.0002731622956262114,0.0002731622956262114
0.0002837495925916804,0.0002837495925916804,0.00044061168329036574,0.00044061168329036574,0.0003065025092017122,0.0003065025092017122,0.0003541569153835307,0.0003541569153835307,0.00028941734322680823,0.00028941734322680823,0.0003255120363866715,0.0003255120363866715,0.00028861031163248535,0.00028861031163248535,0.0003363307277141469,0.0003363307277141469,0.0003475511134856668,0.0003475511134856668,0.000642483275658301,0.000642483275658301,0.0004877806431478546,0.0004877806431478546,0.0002196935156452036,0.0002196935156452036,0.000241054877516661,0.000241054877516661,0.00037970771102091745,0.00037970771102091745,0.0004287082102178777,0.0004287082102178777,0.0004820722134689648,0.0004820722134689648,0.0003003221672891465,0.0003003221672891465,0.0002796769323873457,0.0002796769323873457,0.00017250431151962127,0.00017250431151962127,0.00022565671152971478,0.00022565671152971478,0.0001246017523620635,0.0001246017523620635,0.0001562479031170516,0.0001562479031170516,0.00030070461773708257,0.00030070461773708257,0.0002731622956262114,0.0002731622956262114
0.0002837495925916804,0.0002837495925916804,0.00044061168329036574,0.00044061168329036574,0.0003065025092017122,0.0003065025092017122,0.0003541569153835307,0.0003541569153835307,0.00028941734322680823,0.00028941734322680823,0.0003255120363866715,0.0003255120363866715,0.00028861031163248535,0.00028861031163248535,0.0003363307277141469,0.0003363307277141469,0.0003475511134856668,0.0003475511134856668,0.000642483275658301,0.000642483275658301,0.0004877806431478546,0.0004877806431478546,0.0002196935156452036,0.0002196935156452036,0.000241054877516661,0.000241054877516661,0.00037970771102091745,0.00037970771102091745,0.0004287082102178777,0.0004287082102178777,0.0004820722134689648,0.0004820722134689648,0.0003003221672891465,0.0003003221672891465,0.0002796769323873457,0.0002796769323873457,0.00017250431151962127,0.00017250431151962127,0.00022565671152971478,0.00022565671152971478,0.0001246017523620635,0.0001246017523620635,0.0001562479031170516,0.0001562479031170516,0.00030070461773708257,0.00030070461773708257,0.0002731622956262114,0.0002731622956262114
0.0002837495925916804,0.0002837495925916804,0.00044061168329036574,0.00044061168329036574,0.0003065025092017122,0.0003065025092017122,0.0003541569153835307,0.0003541569153835307,0.00028941734322680823,0.00028941734322680823,0.0003255120363866715,0.0003255120363866715,0.00028861031163248535,0.00028861031163248535,0.0003363307277141469,0.0003363307277141469,0.0003475511134856668,0.0003475511134856668,0.000642483275658301,0.000642483275658301,0.0004877806431478546,0.0004877806431478546,0.0002196935156452036,0.0002196935156452036,0.000241054877516661,0.000241054877516661,0.00037970771102091745,0.00037970771102091745,0.0004287082102178777,0.0004287082102178777,0.0004820722134689648,0.0004820722134689648,0.0003003221672891465,0.0003003221672891465,0.0002796769323873457,0.0002796769323873457,0.00017250431151962127,0.00017250431151962127,0.00022565671152971478,0.00022565671152971478,0.0001246017523620635,0.0001246017523620635,0.0001562479031170516,0.0001562479031170516,0.00030070461773708257,0.00030070461773708257,0.0002731622956262114,0.0002731622956262114
0.0002837495925916804,0.0002837495925916804,0.00044061168329036574,0.00044061168329036574,0.0003065025092017122,0.0003065025092017122,0.0003541569153835307,0.0003541569153835307,0.00028941734322680823,0.00028941734322680823,0.0003255120363866715,0.0003255120363866715,0.00028861031163248535,0.00028861031163248535,0.0003363307277141469,0.0003363307277141469,0.0003475511134856668,0.0003475511134856668,0.000642483275658301,0.000642483275658301,0.0004877806431478546,0.0004877806431478546,0.0002196935156452036,0.0002196935156452036,0.000241054877516661,0.000241054877516661,0.00037970771102091745,0.00037970771102091745,0.0004287082102178777,0.0004287082102178777,0.0004820722134689648,0.0004820722134689648,0.0003003221672891465,0.0003003221672891465,0.0002796769323873457,0.0002796769323873457,0.00017250431151962127,0.00017250431151962127,0.00022565671152971478,0.00022565671152971478,0.0001246017523620635,0.0001246017523620635,0.0001562479031170516,0.0001562479031170516,0.00030070461773708257,0.00030070461773708257,0.0002731622956262114,0.0002731622956262114
0.0002837495925916804,0.0002837495925916804,0.00044061168329036574,0.00044061168329036574,0.0003065025092017122,0.0003065025092017122,0.0003541569153835307,0.0003541569153835307,0.00028941734322680823,0.00028941734322680823,0.0003255120363866715,0.0003255120363866715,0.00028861031163248535,0.00028861031163248535,0.0003363307277141469,0.0003363307277141469,0.0003475511134856668,0.0003475511134856668,0.000642483275658301,0.000642483275658301,0.0004877806431478546,0.0004877806431478546,0.0002196935156452036,0.0002196935156452036,0.000241054877516661,0.000241054877516661,0.00037970771102091745,0.00037970771102091745,0.0004287082102178777,0.0004287082102178777,0.0004820722134689648,0.0004820722134689648,0.0003003221672891465,0.0003003221672891465,0.0002796769323873457,0.0002796769323873457,0.00017250431151962127,0.00017250431151962127,0.00022565671152971478,0.00022565671152971478,0.0001246017523620635,0.0001246017523620635,0.0001562479031170516,0.0001562479031170516,0.00030070461773708257,0.00030070461773708257,0.0002731622956262114,0.0002731622956262114
0.0002837495925916804,0.0002837495925916804,0.00044061168329036574,0.00044061168329036574,0.0003065025092017122,0.0003065025092017122,0.0003541569153835307,0.0003541569153835307,0.00028941734322680823,0.00028941734322680823,0.0003255120363866715,0.0003255120363866715,0.00028861031163248535,0.00028861031163248535,0.0003363307277141469,0.0003363307277141469,0.0003475511134856668,0.0003475511134856668,0.000642483275658301,0.000642483275658301,0.0004877806431478546,0.0004877806431478546,0.0002196935156452036,0.0002196935156452036,0.000241054877516661,0.000241054877516661,0.00037970771102091745,0.00037970771102091745,0.0004287082102178777,0.0004287082102178777,0.0004820722134689648,0.0004820722134689648,0.0003003221672891465,0.0003003221672891465,0.0002796769323873457,0.0002796769323873457,0.00017250431151962127,0.00017250431151962127,0.00022565671152971478,0.00022565671152971478,0.0001246017523620635,0.0001246017523620635,0.0001562479031170516,0.0001562479031170516,0.00030070461773708257,0.00030070461773708257,0.0002731622956262114,0.0002731622956262114
0.0002837495925916804,0.0002837495925916804,0.00044061168329036574,0.00044061168329036574,0.0003065025092017122,0.0003065025092017122,0.0003541569153835307,0.0003541569153835307,0.00028941734322680823,0.00028941734322680823,0.0003255120363866715,0.0003255120363866715,0.00028861031163248535,0.00028861031163248535,0.0003363307277141469,0.0003363307277141469,0.0003475511134856668,0.0003475511134856668,0.000642483275658301,0.000642483275658301,0.0004877806431478546,0.0004877806431478546,0.0002196935156452036,0.0002196935156452036,0.000241054877516661,0.000241054877516661,0.00037970771102091745,0.00037970771102091745,0.0004287082102178777,0.0004287082102178777,0.0004820722134689648,0.0004820722134689648,0.0003003221672891465,0.0003003221672891465,0.0002796769323873457,0.0002796769323873457,0.00017250431151962127,0.00017250431151962127,0.00022565671152971478,0.00022565671152971478,0.0001246017523620635,0.0001246017523620635,0.0001562479031170516,0.0001562479031170516,0.00030070461773708257,0.00030070461773708257,0.0002731622956262114,0.0002731622956262114
0.0002837495925916804,0.0002837495925916804,0.00044061168329036574,0.00044061168329036574,0.0003065025092017122,0.0003065025092017122,0.0003541569153835307,0.0003541569153835307,0.00028941734322680823,0.00028941734322680823,0.0003255120363866715,0.0003255120363866715,0.00028861031163248535,0.00028861031163248535,0.0003363307277141469,0.0003363307277141469,0.0003475511134856668,0.0003475511134856668,0.000642483275658301,0.000642483275658301,0.0004877806431478546,0.0004877806431478546,0.0002196935156452036,0.0002196935156452036,0.000241054877516661,0.000241054877516661,0.00037970771102091745,0.00037970771102091745,0.0004287082102178777,0.0004287082102178777,0.0004820722134689648,0.0004820722134689648,0.0003003221672891465,0.0003003221672891465,0.0002796769323873457,0.0002796769323873457,0.00017250431151962127,0.00017250431151962127,0.00022565671152971478,0.00022565671152971478,0.0001246017523620635,0.0001246017523620635,0.0001562479031170516,0.0001562479031170516,0.00030070461773708257,0.00030070461773708257,0.0002731622956262114,0.0002731622956262114
0.0002837495925916804,0.0002837495925916804,0.00044061168329036574,0.00044061168329036574,0.0003065025092017122,0.0003065025092017122,0.0003541569153835307,0.0003541569153835307,0.00028941734322680823,0.00028941734322680823,0.0003255120363866715,0.0003255120363866715,0.00028861031163248535,0.00028861031163248535,0.0003363307277141469,0.0003363307277141469,0.0003475511134856668,0.0003475511134856668,0.000642483275658301,0.000642483275658301,0.0004877806431478546,0.0004877806431478546,0.0002196935156452036,0.0002196935156452036,0.000241054877516661,0.000241054877516661,0.00037970771102091745,0.00037970771102091745,0.0004287082102178777,0.0004287082102178777,0.0004820722134689648,0.0004820722134689648,0.0003003221672891465,0.0003003221672891465,0.0002796769323873457,0.0002796769323873457,0.00017250431151962127,0.00017250431151962127,0.00022565671152971478,0.00022565671152971478,0.0001246017523620635,0.0001246017523620635,0.0001562479031170516,0.0001562479031170516,0.00030070461773708257,0.00030070461773708257,0.0002731622956262114,0.0002731622956262114
0.0002837495925916804,0.0002837495925916804,0.00044061168329036574,0.00044061168329036574,0.0003065025092017122,0.0003065025092017122,0.0003541569153835307,0.0003541569153835307,0.00028941734322680823,0.00028941734322680823,0.0003255120363866715,0.0003255120363866715,0.00028861031163248535,0.00028861031163248535,0.0003363307277141469,0.0003363307277141469,0.0003475511134856668,0.0003475511134856668,0.000642483275658301,0.000642483275658301,0.0004877806431478546,0.0004877806431478546,0.0002196935156452036,0.0002196935156452036,0.000241054877516661,0.000241054877516661,0.00037970771102091745,0.00037970771102091745,0.0004287082102178777,0.0004287082102178777,0.0004820722134689648,0.0004820722134689648,0.0003003221672891465,0.0003003221672891465,0.0002796769323873457,0.0002796769323873457,0.00017250431151962127,0.00017250431151962127,0.00022565671152971478,0.00022565671152971478,0.0001246017523620635,0.0001246017523620635,0.0001562479031170516,0.0001562479031170516,0.00030070461773708257,0.00030070461773708257,0.0002731622956262114,0.0002731622956262114
0.0002837495925916804,0.0002837495925916804,0.00044061168329036574,0.00044061168329036574,0.0003065025092017122,0.0003065025092017122,0.0003541569153835307,0.0003541569153835307,0.00028941734322680823,0.00028941734322680823,0.0003255120363866715,0.0003255120363866715,0.00028861031163248535,0.00028861031163248535,0.0003363307277141469,0.0003363307277141469,0.0003475511134856668,0.0003475511134856668,0.000642483275658301,0.000642483275658301,0.0004877806431478546,0.0004877806431478546,0.0002196935156452036,0.0002196935156452036,0.000241054877516661,0.000241054877516661,0.00037970771102091745,0.00037970771102091745,0.0004287082102178777,0.0004287082102178777,0.0004820722134689648,0.0004820722134689648,0.0003003221672891465,0.0003003221672891465,0.0002796769323873457,0.0002796769323873457,0.00017250431151962127,0.00017250431151962127,0.00022565671152971478,0.00022565671152971478,0.0001246017523620635,0.0001246017523620635,0.0001562479031170516,0.0001562479031170516,0.00030070461773708257,0.00030070461773708257,0.0002731622956262114,0.0002731622956262114
0.0002837495925916804,0.0002837495925916804,0.00044061168329036574,0.00044061168329036574,0.0003065025092017122,0.0003065025092017122,0.0003541569153835307,0.0003541569153835307,0.00028941734322680823,0.00028941734322680823,0.0003255120363866715,0.0003255120363866715,0.00028861031163248535,0.00028861031163248535,0.0003363307277141469,0.0003363307277141469,0.0003475511134856668,0.0003475511134856668,0.000642483275658301,0.000642483275658301,0.0004877806431478546,0.0004877806431478546,0.0002196935156452036,0.0002196935156452036,0.000241054877516661,0.000241054877516661,0.00037970771102091745,0.00037970771102091745,0.0004287082102178777,0.0004287082102178777,0.0004820722134689648,0.0004820722134689648,0.0003003221672891465,0.0003003221672891465,0.0002796769323873457,0.0002796769323873457,0.00017250431151962127,0.00017250431151962127,0.00022565671152971478,0.00022565671152971478,0.0001246017523620635,0.0001246017523620635,0.0001562479031170516,0.0001562479031170516,0.00030070461773708257,0.00030070461773708257,0.0002731622956262114,0.0002731622956262114
0.0002837495925916804,0.0002837495925916804,0.00044061168329036574,0.00044061168329036574,0.0003065025092017122,0.0003065025092017122,0.0003541569153835307,0.0003541569153835307,0.00028941734322680823,0.00028941734322680823,0.0003255120363866715,0.0003255120363866715,0.00028861031163248535,0.00028861031163248535,0.0003363307277141469,0.0003363307277141469,0.0003475511134856668,0.0003475511134856668,0.000642483275658301,0.000642483275658301,0.0004877806431478546,0.0004877806431478546,0.0002196935156452036,0.0002196935156452036,0.000241054877516661,0.000241054877516661,0.00037970771102091745,0.00037970771102091745,0.0004287082102178777,0.0004287082102178777,0.0004820722134689648,0.0004820722134689648,0.0003003221672891465,0.0003003221672891465,0.0002796769323873457,0.0002796769323873457,0.00017250431151962127,0.00017250431151962127,0.00022565671152971478,0.00022565671152971478,0.0001246017523620635,0.0001246017523620635,0.0001562479031170516,0.0001562479031170516,0.00030070461773708257,0.00030070461773708257,0.0002731622956262114,0.0002731622956262114
0.0002837495925916804,0.0002837495925916804,0.00044061168329036574,0.00044061168329036574,0.0003065025092017122,0.0003065025092017122,0.0003541569153835307,0.0003541569153835307,0.00028941734322680823,0.00028941734322680823,0.0003255120363866715,0.0003255120363866715,0.00028861031163248535,0.00028861031163248535,0.0003363307277141469,0.0003363307277141469,0.0003475511134856668,0.0003475511134856668,0.000642483275658301,0.000642483275658301,0.0004877806431478546,0.0004877806431478546,0.0002196935156452036,0.0002196935156452036,0.000241054877516661,0.000241054877516661,0.00037970771102091745,0.00037970771102091745,0.0004287082102178777,0.0004287082102178777,0.0004820722134689648,0.0004820722134689648,0.0003003221672891465,0.0003003221672891465,0.0002796769323873457,0.0002796769323873457,0.00017250431151962127,0.00017250431151962127,0.00022565671152971478,0.00022565671152971478,0.0001246017523620635,0.0001246017523620635,0.0001562479031170516,0.0001562479031170516,0.00030070461773708257,0.00030070461773708257,0.0002731622956262114,0.0002731622956262114
0.0002837495925916804,0.0002837495925916804,0.00044061168329036574,0.00044061168329036574,0.0003065025092017122,0.0003065025092017122,0.0003541569153835307,0.0003541569153835307,0.00028941734322680823,0.00028941734322680823,0.0003255120363866715,0.0003255120363866715,0.00028861031163248535,0.00028861031163248535,0.0003363307277141469,0.0003363307277141469,0.0003475511134856668,0.0003475511134856668,0.000642483275658301,0.000642483275658301,0.0004877806431478546,0.0004877806431478546,0.0002196935156452036,0.0002196935156452036,0.000241054877516661,0.000241054877516661,0.00037970771102091745,0.00037970771102091745,0.0004287082102178777,0.0004287082102178777,0.0004820722134689648,0.0004820722134689648,0.0003003221672891465,0.0003003221672891465,0.0002796769323873457,0.0002796769323873457,0.00017250431151962127,0.00017250431151962127,0.00022565671152971478,0.00022565671152971478,0.0001246017523620635,0.0001246017523620635,0.0001562479031170516,0.0001562479031170516,0.00030070461773708257,0.00030070461773708257,0.0002731622956262114,0.0002731622956262114
0.0002837495925916804,0.0002837495925916804,0.00044061168329036574,0.00044061168329036574,0.0003065025092017122,0.0003065025092017122,0.0003541569153835307,0.0003541569153835307,0.00028941734322680823,0.00028941734322680823,0.0003255120363866715,0.0003255120363866715,0.00028861031163248535,0.00028861031163248535,0.0003363307277141469,0.0003363307277141469,0.0003475511134856668,0.0003475511134856668,0.000642483275658301,0.000642483275658301,0.0004877806431478546,0.0004877806431478546,0.0002196935156452036,0.0002196935156452036,0.000241054877516661,0.000241054877516661,0.00037970771102091745,0.00037970771102091745,0.0004287082102178777,0.0004287082102178777,0.0004820722134689648,0.0004820722134689648,0.0003003221672891465,0.0003003221672891465,0.0002796769323873457,0.0002796769323873457,0.00017250431151962127,0.00017250431151962127,0.00022565671152971478,0.00022565671152971478,0.0001246017523620635,0.0001246017523620635,0.0001562479031170516,0.0001562479031170516,0.00030070461773708257,0.00030070461773708257,0.0002731622956262114,0.0002731622956262114
0.0002837495925916804,0.0002837495925916804,0.00044061168329036574,0.00044061168329036574,0.0003065025092017122,0.0003065025092017122,0.0003541569153835307,0.0003541569153835307,0.00028941734322680823,0.00028941734322680823,0.0003255120363866715,0.0003255120363866715,0.00028861031163248535,0.00028861031163248535,0.0003363307277141469,0.0003363307277141469,0.0003475511134856668,0.0003475511134856668,0.000642483275658301,0.000642483275658301,0.0004877806431478546,0.0004877806431478546,0.0002196935156452036,0.0002196935156452036,0.000241054877516661,0.000241054877516661,0.00037970771102091745,0.00037970771102091745,0.0004287082102178777,0.0004287082102178777,0.0004820722134689648,0.0004820722134689648,0.0003003221672891465,0.0003003221672891465,0.0002796769323873457,0.0002796769323873457,0.00017250431151962127,0.00017250431151962127,0.00022565671152971478,0.00022565671152971478,0.0001246017523620635,0.0001246017523620635,0.0001562479031170516,0.0001562479031170516,0.00030070461773708257,0.00030070461773708257,0.0002731622956262114,0.0002731622956262114
0.0002837495925916804,0.0002837495925916804,0.00044061168329036574,0.00044061168329036574,0.0003065025092017122,0.0003065025092017122,0.0003541569153835307,0.0003541569153835307,0.00028941734322680823,0.00028941734322680823,0.0003255120363866715,0.0003255120363866715,0.00028861031163248535,0.00028861031163248535,0.0003363307277141469,0.0003363307277141469,0.0003475511134856668,0.0003475511134856668,0.000642483275658301,0.000642483275658301,0.0004877806431478546,0.0004877806431478546,0.0002196935156452036,0.0002196935156452036,0.000241054877516661,0.000241054877516661,0.00037970771102091745,0.00037970771102091745,0.0004287082102178777,0.0004287082102178777,0.0004820722134689648,0.0004820722134689648,0.0003003221672891465,0.0003003221672891465,0.0002796769323873457,0.0002796769323873457,0.00017250431151962127,0.00017250431151962127,0.00022565671152971478,0.00022565671152971478,0.0001246017523620635,0.0001246017523620635,0.0001562479031170516,0.0001562479031170516,0.00030070461773708257,0.00030070461773708257,0.0002731622956262114,0.0002731622956262114
0.0002837495925916804,0.0002837495925916804,0.00044061168329036574,0.00044061168329036574,0.0003065025092017122,0.0003065025092017122,0.0003541569153835307,0.0003541569153835307,0.00028941734322680823,0.00028941734322680823,0.0003255120363866715,0.0003255120363866715,0.00028861031163248535,0.00028861031163248535,0.0003363307277141469,0.0003363307277141469,0.0003475511134856668,0.0003475511134856668,0.000642483275658301,0.000642483275658301,0.0004877806431478546,0.0004877806431478546,0.0002196935156452036,0.0002196935156452036,0.000241054877516661,0.000241054877516661,0.00037970771102091745,0.00037970771102091745,0.0004287082102178777,0.0004287082102178777,0.0004820722134689648,0.0004820722134689648,0.0003003221672891465,0.0003003221672891465,0.0002796769323873457,0.0002796769323873457,0.00017250431151962127,0.00017250431151962127,0.00022565671152971478,0.00022565671152971478,0.0001246017523620635,0.0001246017523620635,0.0001562479031170516,0.0001562479031170516,0.00030070461773708257,0.00030070461773708257,0.0002731622956262114,0.0002731622956262114
0.0002837495925916804,0.0002837495925916804,0.00044061168329036574,0.00044061168329036574,0.0003065025092017122,0.0003065025092017122,0.0003541569153835307,0.0003541569153835307,0.00028941734322680823,0.00028941734322680823,0.0003255120363866715,0.0003255120363866715,0.00028861031163248535,0.00028861031163248535,0.0003363307277141469,0.0003363307277141469,0.0003475511134856668,0.0003475511134856668,0.000642483275658301,0.000642483275658301,0.0004877806431478546,0.0004877806431478546,0.0002196935156452036,0.0002196935156452036,0.000241054877516661,0.000241054877516661,0.00037970771102091745,0.00037970771102091745,0.0004287082102178777,0.0004287082102178777,0.0004820722134689648,0.0004820722134689648,0.0003003221672891465,0.0003003221672891465,0.0002796769323873457,0.0002796769323873457,0.00017250431151962127,0.00017250431151962127,0.00022565671152971478,0.00022565671152971478,0.0001246017523620635,0.0001246017523620635,0.0001562479031170516,0.0001562479031170516,0.00030070461773708257,0.00030070461773708257,0.0002731622956262114,0.0002731622956262114
0.0002837495925916804,0.0002837495925916804,0.00044061168329036574,0.00044061168329036574,0.0003065025092017122,0.0003065025092017122,0.0003541569153835307,0.0003541569153835307,0.00028941734322680823,0.00028941734322680823,0.0003255120363866715,0.0003255120363866715,0.00028861031163248535,0.00028861031163248535,0.0003363307277141469,0.0003363307277141469,0.0003475511134856668,0.0003475511134856668,0.000642483275658301,0.000642483275658301,0.0004877806431478546,0.0004877806431478546,0.0002196935156452036,0.0002196935156452036,0.000241054877516661,0.000241054877516661,0.00037970771102091745,0.00037970771102091745,0.0004287082102178777,0.0004287082102178777,0.0004820722134689648,0.0004820722134689648,0.0003003221672891465,0.0003003221672891465,0.0002796769323873457,0.0002796769323873457,0.00017250431151962127,0.00017250431151962127,0.00022565671152971478,0.00022565671152971478,0.0001246017523620635,0.0001246017523620635,0.0001562479031170516,0.0001562479031170516,0.00030070461773708257,0.00030070461773708257,0.0002731622956262114,0.0002731622956262114
0.0002837495925916804,0.0002837495925916804,0.00044061168329036574,0.00044061168329036574,0.0003065025092017122,0.0003065025092017122,0.0003541569153835307,0.0003541569153835307,0.00028941734322680823,0.00028941734322680823,0.0003255120363866715,0.0003255120363866715,0.00028861031163248535,0.00028861031163248535,0.0003363307277141469,0.0003363307277141469,0.0003475511134856668,0.0003475511134856668,0.000642483275658301,0.000642483275658301,0.0004877806431478546,0.0004877806431478546,0.0002196935156452036,0.0002196935156452036,0.000241054877516661,0.000241054877516661,0.00037970771102091745,0.00037970771102091745,0.0004287082102178777,0.0004287082102178777,0.0004820722134689648,0.0004820722134689648,0.0003003221672891465,0.0003003221672891465,0.0002796769323873457,0.0002796769323873457,0.00017250431151962127,0.00017250431151962127,0.00022565671152971478,0.00022565671152971478,0.0001246017523620635,0.0001246017523620635,0.0001562479031170516,0.0001562479031170516,0.00030070461773708257,0.00030070461773708257,0.0002731622956262114,0.0002731622956262114
0.0002837495925916804,0.0002837495925916804,0.00044061168329036574,0.00044061168329036574,0.0003065025092017122,0.0003065025092017122,0.0003541569153835307,0.0003541569153835307,0.00028941734322680823,0.00028941734322680823,0.0003255120363866715,0.0003255120363866715,0.00028861031163248535,0.00028861031163248535,0.0003363307277141469,0.0003363307277141469,0.0003475511134856668,0.0003475511134856668,0.000642483275658301,0.000642483275658301,0.0004877806431478546,0.0004877806431478546,0.0002196935156452036,0.0002196935156452036,0.000241054877516661,0.000241054877516661,0.00037970771102091745,0.00037970771102091745,0.0004287082102178777,0.0004287082102178777,0.0004820722134689648,0.0004820722134689648,0.0003003221672891465,0.0003003221672891465,0.0002796769323873457,0.0002796769323873457,0.00017250431151962127,0.00017250431151962127,0.00022565671152971478,0.00022565671152971478,0.0001246017523620635,0.0001246017523620635,0.0001562479031170516,0.0001562479031170516,0.00030070461773708257,0.00030070461773708257,0.0002731622956262114,0.0002731622956262114
0.0002837495925916804,0.0002837495925916804,0.00044061168329036574,0.00044061168329036574,0.0003065025092017122,0.0003065025092017122,0.0003541569153835307,0.0003541569153835307,0.00028941734322680823,0.00028941734322680823,0.0003255120363866715,0.0003255120363866715,0.00028861031163248535,0.00028861031163248535,0.0003363307277141469,0.0003363307277141469,0.0003475511134856668,0.0003475511134856668,0.000642483275658301,0.000642483275658301,0.0004877806431478546,0.0004877806431478546,0.0002196935156452036,0.0002196935156452036,0.000241054877516661,0.000241054877516661,0.00037970771102091745,0.00037970771102091745,0.0004287082102178777,0.0004287082102178777,0.0004820722134689648,0.0004820722134689648,0.0003003221672891465,0.0003003221672891465,0.0002796769323873457,0.0002796769323873457,0.00017250431151962127,0.00017250431151962127,0.00022565671152971478,0.00022565671152971478,0.0001246017523620635,0.0001246017523620635,0.0001562479031170516,0.0001562479031170516,0.00030070461773708257,0.00030070461773708257,0.0002731622956262114,0.0002731622956262114
0.0002837495925916804,0.0002837495925916804,0.00044061168329036574,0.00044061168329036574,0.0003065025092017122,0.0003065025092017122,0.0003541569153835307,0.0003541569153835307,0.00028941734322680823,0.00028941734322680823,0.0003255120363866715,0.0003255120363866715,0.00028861031163248535,0.00028861031163248535,0.0003363307277141469,0.0003363307277141469,0.0003475511134856668,0.0003475511134856668,0.000642483275658301,0.000642483275658301,0.0004877806431478546,0.0004877806431478546,0.0002196935156452036,0.0002196935156452036,0.000241054877516661,0.000241054877516661,0.00037970771102091745,0.00037970771102091745,0.0004287082102178777,0.0004287082102178777,0.0004820722134689648,0.0004820722134689648,0.0003003221672891465,0.0003003221672891465,0.0002796769323873457,0.0002796769323873457,0.00017250431151962127,0.00017250431151962127,0.00022565671152971478,0.00022565671152971478,0.0001246017523620635,0.0001246017523620635,0.0001562479031170516,0.0001562479031170516,0.00030070461773708257,0.00030070461773708257,0.0002731622956262114,0.0002731622956262114
0.0002837495925916804,0.0002837495925916804,0.00044061168329036574,0.00044061168329036574,0.0003065025092017122,0.0003065025092017122,0.0003541569153835307,0.0003541569153835307,0.00028941734322680823,0.00028941734322680823,0.0003255120363866715,0.0003255120363866715,0.00028861031163248535,0.00028861031163248535,0.0003363307277141469,0.0003363307277141469,0.0003475511134856668,0.0003475511134856668,0.000642483275658301,0.000642483275658301,0.0004877806431478546,0.0004877806431478546,0.0002196935156452036,0.0002196935156452036,0.000241054877516661,0.000241054877516661,0.00037970771102091745,0.00037970771102091745,0.0004287082102178777,0.0004287082102178777,0.0004820722134689648,0.0004820722134689648,0.0003003221672891465,0.0003003221672891465,0.0002796769323873457,0.0002796769323873457,0.00017250431151962127,0.00017250431151962127,0.00022565671152971478,0.00022565671152971478,0.0001246017523620635,0.0001246017523620635,0.0001562479031170516,0.0001562479031170516,0.00030070461773708257,0.00030070461773708257,0.0002731622956262114,0.0002731622956262114
0.0002837495925916804,0.0002837495925916804,0.00044061168329036574,0.00044061168329036574,0.0003065025092017122,0.0003065025092017122,0.0003541569153835307,0.0003541569153835307,0.00028941734322680823,0.00028941734322680823,0.0003255120363866715,0.0003255120363866715,0.00028861031163248535,0.00028861031163248535,0.0003363307277141469,0.0003363307277141469,0.0003475511134856668,0.0003475511134856668,0.000642483275658301,0.000642483275658301,0.0004877806431478546,0.0004877806431478546,0.0002196935156452036,0.0002196935156452036,0.000241054877516661,0.000241054877516661,0.00037970771102091745,0.00037970771102091745,0.0004287082102178777,0.0004287082102178777,0.0004820722134689648,0.0004820722134689648,0.0003003221672891465,0.0003003221672891465,0.0002796769323873457,0.0002796769323873457,0.00017250431151962127,0.00017250431151962127,0.00022565671152971478,0.00022565671152971478,0.0001246017523620635,0.0001246017523620635,0.0001562479031170516,0.0001562479031170516,0.00030070461773708257,0.00030070461773708257,0.0002731622956262114,0.0002731622956262114
0.0002837495925916804,0.0002837495925916804,0.00044061168329036574,0.00044061168329036574,0.0003065025092017122,0.0003065025092017122,0.0003541569153835307,0.0003541569153835307,0.00028941734322680823,0.00028941734322680823,0.0003255120363866715,0.0003255120363866715,0.00028861031163248535,0.00028861031163248535,0.0003363307277141469,0.0003363307277141469,0.0003475511134856668,0.0003475511134856668,0.000642483275658301,0.000642483275658301,0.0004877806431478546,0.0004877806431478546,0.0002196935156452036,0.0002196935156452036,0.000241054877516661,0.000241054877516661,0.00037970771102091745,0.00037970771102091745,0.0004287082102178777,0.0004287082102178777,0.0004820722134689648,0.0004820722134689648,0.0003003221672891465,0.0003003221672891465,0.0002796769323873457,0.0002796769323873457,0.00017250431151962127,0.00017250431151962127,0.00022565671152971478,0.00022565671152971478,0.0001246017523620635,0.0001246017523620635,0.0001562479031170516,0.0001562479031170516,0.00030070461773708257,0.00030070461773708257,0.0002731622956262114,0.0002731622956262114
0.0002837495925916804,0.0002837495925916804,0.00044061168329036574,0.00044061168329036574,0.0003065025092017122,0.0003065025092017122,0.0003541569153835307,0.0003541569153835307,0.00028941734322680823,0.00028941734322680823,0.0003255120363866715,0.0003255120363866715,0.00028861031163248535,0.00028861031163248535,0.0003363307277141469,0.0003363307277141469,0.0003475511134856668,0.0003475511134856668,0.000642483275658301,0.000642483275658301,0.0004877806431478546,0.0004877806431478546,0.0002196935156452036,0.0002196935156452036,0.000241054877516661,0.000241054877516661,0.00037970771102091745,0.00037970771102091745,0.0004287082102178777,0.0004287082102178777,0.0004820722134689648,0.0004820722134689648,0.0003003221672891465,0.0003003221672891465,0.0002796769323873457,0.0002796769323873457,0.00017250431151962127,0.00017250431151962127,0.00022565671152971478,0.00022565671152971478,0.0001246017523620635,0.0001246017523620635,0.0001562479031170516,0.0001562479031170516,0.00030070461773708257,0.00030070461773708257,0.0002731622956262114,0.0002731622956262114
0.0002837495925916804,0.0002837495925916804,0.00044061168329036574,0.00044061168329036574,0.0003065025092017122,0.0003065025092017122,0.0003541569153835307,0.0003541569153835307,0.00028941734322680823,0.00028941734322680823,0.0003255120363866715,0.0003255120363866715,0.00028861031163248535,0.00028861031163248535,0.0003363307277141469,0.0003363307277141469,0.0003475511134856668,0.0003475511134856668,0.000642483275658301,0.000642483275658301,0.0004877806431478546,0.0004877806431478546,0.0002196935156452036,0.0002196935156452036,0.000241054877516661,0.000241054877516661,0.00037970771102091745,0.00037970771102091745,0.0004287082102178777,0.0004287082102178777,0.0004820722134689648,0.0004820722134689648,0.0003003221672891465,0.0003003221672891465,0.0002796769323873457,0.0002796769323873457,0.00017250431151962127,0.00017250431151962127,0.00022565671152971478,0.00022565671152971478,0.0001246017523620635,0.0001246017523620635,0.0001562479031170516,0.0001562479031170516,0.00030070461773708257,0.00030070461773708257,0.0002731622956262114,0.0002731622956262114
0.0002837495925916804,0.0002837495925916804,0.00044061168329036574,0.00044061168329036574,0.0003065025092017122,0.0003065025092017122,0.0003541569153835307,0.0003541569153835307,0.00028941734322680823,0.00028941734322680823,0.0003255120363866715,0.0003255120363866715,0.00028861031163248535,0.00028861031163248535,0.0003363307277141469,0.0003363307277141469,0.0003475511134856668,0.0003475511134856668,0.000642483275658301,0.000642483275658301,0.0004877806431478546,0.0004877806431478546,0.0002196935156452036,0.0002196935156452036,0.000241054877516661,0.000241054877516661,0.00037970771102091745,0.00037970771102091745,0.0004287082102178777,0.0004287082102178777,0.0004820722134689648,0.0004820722134689648,0.0003003221672891465,0.0003003221672891465,0.0002796769323873457,0.0002796769323873457,0.00017250431151962127,0.00017250431151962127,0.00022565671152971478,0.00022565671152971478,0.0001246017523620635,0.0001246017523620635,0.0001562479031170516,0.0001562479031170516,0.00030070461773708257,0.00030070461773708257,0.0002731622956262114,0.0002731622956262114
0.0002837495925916804,0.0002837495925916804,0.00044061168329036574,0.00044061168329036574,0.0003065025092017122,0.0003065025092017122,0.0003541569153835307,0.0003541569153835307,0.00028941734322680823,0.00028941734322680823,0.0003255120363866715,0.0003255120363866715,0.00028861031163248535,0.00028861031163248535,0.0003363307277141469,0.0003363307277141469,0.0003475511134856668,0.0003475511134856668,0.000642483275658301,0.000642483275658301,0.0004877806431478546,0.0004877806431478546,0.0002196935156452036,0.0002196935156452036,0.000241054877516661,0.000241054877516661,0.00037970771102091745,0.00037970771102091745,0.0004287082102178777,0.0004287082102178777,0.0004820722134689648,0.0004820722134689648,0.0003003221672891465,0.0003003221672891465,0.0002796769323873457,0.0002796769323873457,0.00017250431151962127,0.00017250431151962127,0.00022565671152971478,0.00022565671152971478,0.0001246017523620635,0.0001246017523620635,0.0001562479031170516,0.0001562479031170516,0.00030070461773708257,0.00030070461773708257,0.0002731622956262114,0.0002731622956262114
0.0002837495925916804,0.0002837495925916804,0.00044061168329036574,0.00044061168329036574,0.0003065025092017122,0.0003065025092017122,0.0003541569153835307,0.0003541569153835307,0.00028941734322680823,0.00028941734322680823,0.0003255120363866715,0.0003255120363866715,0.00028861031163248535,0.00028861031163248535,0.0003363307277141469,0.0003363307277141469,0.0003475511134856668,0.0003475511134856668,0.000642483275658301,0.000642483275658301,0.0004877806431478546,0.0004877806431478546,0.0002196935156452036,0.0002196935156452036,0.000241054877516661,0.000241054877516661,0.00037970771102091745,0.00037970771102091745,0.0004287082102178777,0.0004287082102178777,0.0004820722134689648,0.0004820722134689648,0.0003003221672891465,0.0003003221672891465,0.0002796769323873457,0.0002796769323873457,0.00017250431151962127,0.00017250431151962127,0.00022565671152971478,0.00022565671152971478,0.0001246017523620635,0.0001246017523620635,0.0001562479031170516,0.0001562479031170516,0.00030070461773708257,0.00030070461773708257,0.0002731622956262114,0.0002731622956262114
0.0002837495925916804,0.0002837495925916804,0.00044061168329036574,0.00044061168329036574,0.0003065025092017122,0.0003065025092017122,0.0003541569153835307,0.0003541569153835307,0.00028941734322680823,0.00028941734322680823,0.0003255120363866715,0.0003255120363866715,0.00028861031163248535,0.00028861031163248535,0.0003363307277141469,0.0003363307277141469,0.0003475511134856668,0.0003475511134856668,0.000642483275658301,0.000642483275658301,0.0004877806431478546,0.0004877806431478546,0.0002196935156452036,0.0002196935156452036,0.000241054877516661,0.000241054877516661,0.00037970771102091745,0.00037970771102091745,0.0004287082102178777,0.0004287082102178777,0.0004820722134689648,0.0004820722134689648,0.0003003221672891465,0.0003003221672891465,0.0002796769323873457,0.0002796769323873457,0.00017250431151962127,0.00017250431151962127,0.00022565671152971478,0.00022565671152971478,0.0001246017523620635,0.0001246017523620635,0.0001562479031170516,0.0001562479031170516,0.00030070461773708257,0.00030070461773708257,0.0002731622956262114,0.0002731622956262114
0.0002837495925916804,0.0002837495925916804,0.00044061168329036574,0.00044061168329036574,0.0003065025092017122,0.0003065025092017122,0.0003541569153835307,0.0003541569153835307,0.00028941734322680823,0.00028941734322680823,0.0003255120363866715,0.0003255120363866715,0.00028861031163248535,0.00028861031163248535,0.0003363307277141469,0.0003363307277141469,0.0003475511134856668,0.0003475511134856668,0.000642483275658301,0.000642483275658301,0.0004877806431478546,0.0004877806431478546,0.0002196935156452036,0.0002196935156452036,0.000241054877516661,0.000241054877516661,0.00037970771102091745,0.00037970771102091745,0.0004287082102178777,0.0004287082102178777,0.0004820722134689648,0.0004820722134689648,0.0003003221672891465,0.0003003221672891465,0.0002796769323873457,0.0002796769323873457,0.00017250431151962127,0.00017250431151962127,0.00022565671152971478,0.00022565671152971478,0.0001246017523620635,0.0001246017523620635,0.0001562479031170516,0.0001562479031170516,0.00030070461773708257,0.00030070461773708257,0.0002731622956262114,0.0002731622956262114
0.0002837495925916804,0.0002837495925916804,0.00044061168329036574,0.00044061168329036574,0.0003065025092017122,0.0003065025092017122,0.0003541569153835307,0.0003541569153835307,0.00028941734322680823,0.00028941734322680823,0.0003255120363866715,0.0003255120363866715,0.00028861031163248535,0.00028861031163248535,0.0003363307277141469,0.0003363307277141469,0.0003475511134856668,0.0003475511134856668,0.000642483275658301,0.000642483275658301,0.0004877806431478546,0.0004877806431478546,0.0002196935156452036,0.0002196935156452036,0.000241054877516661,0.000241054877516661,0.00037970771102091745,0.00037970771102091745,0.0004287082102178777,0.0004287082102178777,0.0004820722134689648,0.0004820722134689648,0.0003003221672891465,0.0003003221672891465,0.0002796769323873457,0.0002796769323873457,0.00017250431151962127,0.00017250431151962127,0.00022565671152971478,0.00022565671152971478,0.0001246017523620635,0.0001246017523620635,0.0001562479031170516,0.0001562479031170516,0.00030070461773708257,0.00030070461773708257,0.0002731622956262114,0.0002731622956262114
0.0002837495925916804,0.0002837495925916804,0.00044061168329036574,0.00044061168329036574,0.0003065025092017122,0.0003065025092017122,0.0003541569153835307,0.0003541569153835307,0.00028941734322680823,0.00028941734322680823,0.0003255120363866715,0.0003255120363866715,0.00028861031163248535,0.00028861031163248535,0.0003363307277141469,0.0003363307277141469,0.0003475511134856668,0.0003475511134856668,0.000642483275658301,0.000642483275658301,0.0004877806431478546,0.0004877806431478546,0.0002196935156452036,0.0002196935156452036,0.000241054877516661,0.000241054877516661,0.00037970771102091745,0.00037970771102091745,0.0004287082102178777,0.0004287082102178777,0.0004820722134689648,0.0004820722134689648,0.0003003221672891465,0.0003003221672891465,0.0002796769323873457,0.0002796769323873457,0.00017250431151962127,0.00017250431151962127,0.00022565671152971478,0.00022565671152971478,0.0001246017523620635,0.0001246017523620635,0.0001562479031170516,0.0001562479031170516,0.00030070461773708257,0.00030070461773708257,0.0002731622956262114,0.0002731622956262114
0.0002837495925916804,0.0002837495925916804,0.00044061168329036574,0.00044061168329036574,0.0003065025092017122,0.0003065025092017122,0.0003541569153835307,0.0003541569153835307,0.00028941734322680823,0.00028941734322680823,0.0003255120363866715,0.0003255120363866715,0.00028861031163248535,0.00028861031163248535,0.0003363307277141469,0.0003363307277141469,0.0003475511134856668,0.0003475511134856668,0.000642483275658301,0.000642483275658301,0.0004877806431478546,0.0004877806431478546,0.0002196935156452036,0.0002196935156452036,0.000241054877516661,0.000241054877516661,0.00037970771102091745,0.00037970771102091745,0.0004287082102178777,0.0004287082102178777,0.0004820722134689648,0.0004820722134689648,0.0003003221672891465,0.0003003221672891465,0.0002796769323873457,0.0002796769323873457,0.00017250431151962127,0.00017250431151962127,0.00022565671152971478,0.00022565671152971478,0.0001246017523620635,0.0001246017523620635,0.0001562479031170516,0.0001562479031170516,0.00030070461773708257,0.00030070461773708257,0.0002731622956262114,0.0002731622956262114
0.0002837495925916804,0.0002837495925916804,0.00044061168329036574,0.00044061168329036574,0.0003065025092017122,0.0003065025092017122,0.0003541569153835307,0.0003541569153835307,0.00028941734322680823,0.00028941734322680823,0.0003255120363866715,0.0003255120363866715,0.00028861031163248535,0.00028861031163248535,0.0003363307277141469,0.0003363307277141469,0.0003475511134856668,0.0003475511134856668,0.000642483275658301,0.000642483275658301,0.0004877806431478546,0.0004877806431478546,0.0002196935156452036,0.0002196935156452036,0.000241054877516661,0.000241054877516661,0.00037970771102091745,0.00037970771102091745,0.0004287082102178777,0.0004287082102178777,0.0004820722134689648,0.0004820722134689648,0.0003003221672891465,0.0003003221672891465,0.0002796769323873457,0.0002796769323873457,0.00017250431151962127,0.00017250431151962127,0.00022565671152971478,0.00022565671152971478,0.0001246017523620635,0.0001246017523620635,0.0001562479031170516,0.0001562479031170516,0.00030070461773708257,0.00030070461773708257,0.0002731622956262114,0.0002731622956262114
0.0002837495925916804,0.0002837495925916804,0.00044061168329036574,0.00044061168329036574,0.0003065025092017122,0.0003065025092017122,0.0003541569153835307,0.0003541569153835307,0.00028941734322680823,0.00028941734322680823,0.0003255120363866715,0.0003255120363866715,0.00028861031163248535,0.00028861031163248535,0.0003363307277141469,0.0003363307277141469,0.0003475511134856668,0.0003475511134856668,0.000642483275658301,0.000642483275658301,0.0004877806431478546,0.0004877806431478546,0.0002196935156452036,0.0002196935156452036,0.000241054877516661,0.000241054877516661,0.00037970771102091745,0.00037970771102091745,0.0004287082102178777,0.0004287082102178777,0.0004820722134689648,0.0004820722134689648,0.0003003221672891465,0.0003003221672891465,0.0002796769323873457,0.0002796769323873457,0.00017250431151962127,0.00017250431151962127,0.00022565671152971478,0.00022565671152971478,0.0001246017523620635,0.0001246017523620635,0.0001562479031170516,0.0001562479031170516,0.00030070461773708257,0.00030070461773708257,0.0002731622956262114,0.0002731622956262114
0.0002837495925916804,0.0002837495925916804,0.00044061168329036574,0.00044061168329036574,0.0003065025092017122,0.0003065025092017122,0.0003541569153835307,0.0003541569153835307,0.00028941734322680823,0.00028941734322680823,0.0003255120363866715,0.0003255120363866715,0.00028861031163248535,0.00028861031163248535,0.0003363307277141469,0.0003363307277141469,0.0003475511134856668,0.0003475511134856668,0.000642483275658301,0.000642483275658301,0.0004877806431478546,0.0004877806431478546,0.0002196935156452036,0.0002196935156452036,0.000241054877516661,0.000241054877516661,0.00037970771102091745,0.00037970771102091745,0.0004287082102178777,0.0004287082102178777,0.0004820722134689648,0.0004820722134689648,0.0003003221672891465,0.0003003221672891465,0.0002796769323873457,0.0002796769323873457,0.00017250431151962127,0.00017250431151962127,0.00022565671152971478,0.00022565671152971478,0.0001246017523620635,0.0001246017523620635,0.0001562479031170516,0.0001562479031170516,0.00030070461773708257,0.00030070461773708257,0.0002731622956262114,0.0002731622956262114
0.0002837495925916804,0.0002837495925916804,0.00044061168329036574,0.00044061168329036574,0.0003065025092017122,0.0003065025092017122,0.0003541569153835307,0.0003541569153835307,0.00028941734322680823,0.00028941734322680823,0.0003255120363866715,0.0003255120363866715,0.00028861031163248535,0.00028861031163248535,0.0003363307277141469,0.0003363307277141469,0.0003475511134856668,0.0003475511134856668,0.000642483275658301,0.000642483275658301,0.0004877806431478546,0.0004877806431478546,0.0002196935156452036,0.0002196935156452036,0.000241054877516661,0.000241054877516661,0.00037970771102091745,0.00037970771102091745,0.0004287082102178777,0.0004287082102178777,0.0004820722134689648,0.0004820722134689648,0.0003003221672891465,0.0003003221672891465,0.0002796769323873457,0.0002796769323873457,0.00017250431151962127,0.00017250431151962127,0.00022565671152971478,0.00022565671152971478,0.0001246017523620635,0.0001246017523620635,0.0001562479031170516,0.0001562479031170516,0.00030070461773708257,0.00030070461773708257,0.0002731622956262114,0.0002731622956262114
0.0008555112142813043,0.0008555112142813043,0.001532169998246763,0.001532169998246763,0.0015359849872601944,0.0015359849872601944,0.0015647357409116075,0.0015647357409116075,0.000715884984416576,0.000715884984416576,0.00137354981133736,0.00137354981133736,0.0007537746554396665,0.0007537746554396665,0.0014436093170074743,0.0014436093170074743,0.001973972817346792,0.001973972817346792,0.0022898567561744354,0.0022898567561744354,0.0027350275854542416,0.0027350275854542416,0.0010844684140008942,0.0010844684140008942,0.0017182436129248302,0.0017182436129248302,0.0014491863906156977,0.0014491863906156977,0.0017740848353919383,0.0017740848353919383,0.001198819250359806,0.001198819250359806,0.0013082049721905298,0.0013082049721905298,0.000979394008233929,0.000979394008233929,0.0005740854028499325,0.0005740854028499325,0.000548793700465261,0.000548793700465261,0.0004643487370314947,0.0004643487370314947,0.0006883484773074211,0.0006883484773074211,0.001146953179437915,0.001146953179437915,0.0006606464064448231,0.0006606464064448231
0.0008555112142813043,0.0008555112142813043,0.001532169998246763,0.001532169998246763,0.0015359849872601944,0.0015359849872601944,0.0015647357409116075,0.0015647357409116075,0.000715884984416576,0.000715884984416576,0.00137354981133736,0.00137354981133736,0.0007537746554396665,0.0007537746554396665,0.0014436093170074743,0.0014436093170074743,0.001973972817346792,0.001973972817346792,0.0022898567561744354,0.0022898567561744354,0.0027350275854542416,0.0027350275854542416,0.0010844684140008942,0.0010844684140008942,0.0017182436129248302,0.0017182436129248302,0.0014491863906156977,0.0014491863906156977,0.0017740848353919383,0.0017740848353919383,0.001198819250359806,0.001198819250359806,0.0013082049721905298,0.0013082049721905298,0.000979394008233929,0.000979394008233929,0.0005740854028499325,0.0005740854028499325,0.000548793700465261,0.000548793700465261,0.0004643487370314947,0.0004643487370314947,0.0006883484773074211,0.0006883484773074211,0.001146953179437915,0.001146953179437915,0.0006606464064448231,0.0006606464064448231
0.0008555112142813043,0.0008555112142813043,0.001532169998246763,0.001532169998246763,0.0015359849872601944,0.0015359849872601944,0.0015647357409116075,0.0015647357409116075,0.000715884984416576,0.000715884984416576,0.00137354981133736,0.00137354981133736,0.0007537746554396665,0.0007537746554396665,0.0014436093170074743,0.0014436093170074743,0.001973972817346792,0.001973972817346792,0.0022898567561744354,0.0022898567561744354,0.0027350275854542416,0.0027350275854542416,0.0010844684140008942,0.0010844684140008942,0.0017182436129248302,0.0017182436129248302,0.0014491863906156977,0.0014491863906156977,0.0017740848353919383,0.0017740848353919383,0.001198819250359806,0.001198819250359806,0.0013082049721905298,0.0013082049721905298,0.000979394008233929,0.000979394008233929,0.0005740854028499325,0.0005740854028499325,0.000548793700465261,0.000548793700465261,0.0004643487370314947,0.0004643487370314947,0.0006883484773074211,0.0006883484773074211,0.001146953179437915,0.001146953179437915,0.0006606464064448231,0.0006606464064448231
0.0008555112142813043,0.0008555112142813043,0.001532169998246763,0.001532169998246763,0.0015359849872601944,0.0015359849872601944,0.0015647357409116075,0.0015647357409116075,0.000715884984416576,0.000715884984416576,0.00137354981133736,0.00137354981133736,0.0007537746554396665,0.0007537746554396665,0.0014436093170074743,0.0014436093170074743,0.001973972817346792,0.001973972817346792,0.0022898567561744354,0.0022898567561744354,0.0027350275854542416,0.0027350275854542416,0.0010844684140008942,0.0010844684140008942,0.0017182436129248302,0.0017182436129248302,0.0014491863906156977,0.0014491863906156977,0.0017740848353919383,0.0017740848353919383,0.001198819250359806,0.001198819250359806,0.0013082049721905298,0.0013082049721905298,0.000979394008233929,0.000979394008233929,0.0005740854028499325,0.0005740854028499325,0.000548793700465261,0.000548793700465261,0.0004643487370314947,0.0004643487370314947,0.0006883484773074211,0.0006883484773074211,0.001146953179437915,0.001146953179437915,0.0006606464064448231,0.0006606464064448231
0.0008555112142813043,0.0008555112142813043,0.001532169998246763,0.001532169998246763,0.0015359849872601944,0.0015359849872601944,0.0015647357409116075,0.0015647357409116075,0.000715884984416576,0.000715884984416576,0.00137354981133736,0.00137354981133736,0.0007537746554396665,0.0007537746554396665,0.0014436093170074743,0.0014436093170074743,0.001973972817346792,0.001973972817346792,0.0022898567561744354,0.0022898567561744354,0.0027350275854542416,0.0027350275854542416,0.0010844684140008942,0.0010844684140008942,0.0017182436129248302,0.0017182436129248302,0.0014491863906156977,0.0014491863906156977,0.0017740848353919383,0.0017740848353919383,0.001198819250359806,0.001198819250359806,0.0013082049721905298,0.0013082049721905298,0.000979394008233929,0.000979394008233929,0.0005740854028499325,0.0005740854028499325,0.000548793700465261,0.000548793700465261,0.0004643487370314947,0.0004643487370314947,0.0006883484773074211,0.0006883484773074211,0.001146953179437915,0.001146953179437915,0.0006606464064448231,0.0006606464064448231
0.0008555112142813043,0.0008555112142813043,0.001532169998246763,0.001532169998246763,0.0015359849872601944,0.0015359849872601944,0.0015647357409116075,0.0015647357409116075,0.000715884984416576,0.000715884984416576,0.00137354981133736,0.00137354981133736,0.0007537746554396665,0.0007537746554396665,0.0014436093170074743,0.0014436093170074743,0.001973972817346792,0.001973972817346792,0.0022898567561744354,0.0022898567561744354,0.0027350275854542416,0.0027350275854542416,0.0010844684140008942,0.0010844684140008942,0.0017182436129248302,0.0017182436129248302,0.0014491863906156977,0.0014491863906156977,0.0017740848353919383,0.0017740848353919383,0.001198819250359806,0.001198819250359806,0.0013082049721905298,0.0013082049721905298,0.000979394008233929,0.000979394008233929,0.0005740854028499325,0.0005740854028499325,0.000548793700465261,0.000548793700465261,0.0004643487370314947,0.0004643487370314947,0.0006883484773074211,0.0006883484773074211,0.001146953179437915,0.001146953179437915,0.0006606464064448231,0.0006606464064448231
0.0008555112142813043,0.0008555112142813043,0.001532169998246763,0.001532169998246763,0.0015359849872601944,0.0015359849872601944,0.0015647357409116075,0.0015647357409116075,0.000715884984416576,0.000715884984416576,0.00137354981133736,0.00137354981133736,0.0007537746554396665,0.0007537746554396665,0.0014436093170074743,0.0014436093170074743,0.001973972817346792,0.001973972817346792,0.0022898567561744354,0.0022898567561744354,0.0027350275854542416,0.0027350275854542416,0.0010844684140008942,0.0010844684140008942,0.0017182436129248302,0.0017182436129248302,0.0014491863906156977,0.0014491863906156977,0.0017740848353919383,0.0017740848353919383,0.001198819250359806,0.001198819250359806,0.0013082049721905298,0.0013082049721905298,0.000979394008233929,0.000979394008233929,0.0005740854028499325,0.0005740854028499325,0.000548793700465261,0.000548793700465261,0.0004643487370314947,0.0004643487370314947,0.0006883484773074211,0.0006883484773074211,0.001146953179437915,0.001146953179437915,0.0006606464064448231,0.0006606464064448231
0.0008555112142813043,0.0008555112142813043,0.001532169998246763,0.001532169998246763,0.0015359849872601944,0.0015359849872601944,0.0015647357409116075,0.0015647357409116075,0.000715884984416576,0.000715884984416576,0.00137354981133736,0.00137354981133736,0.0007537746554396665,0.0007537746554396665,0.0014436093170074743,0.0014436093170074743,0.001973972817346792,0.001973972817346792,0.0022898567561744354,0.0022898567561744354,0.0027350275854542416,0.0027350275854542416,0.0010844684140008942,0.0010844684140008942,0.0017182436129248302,0.0017182436129248302,0.0014491863906156977,0.0014491863906156977,0.0017740848353919383,0.0017740848353919383,0.001198819250359806,0.001198819250359806,0.0013082049721905298,0.0013082049721905298,0.000979394008233929,0.000979394008233929,0.0005740854028499325,0.0005740854028499325,0.000548793700465261,0.000548793700465261,0.0004643487370314947,0.0004643487370314947,0.0006883484773074211,0.0006883484773074211,0.001146953179437915,0.001146953179437915,0.0006606464064448231,0.0006606464064448231
0.0011505930768913458,0.0011505930768913458,0.0020847589474413397,0.0020847589474413397,0.001961731981270337,0.001961731981270337,0.001314015475623806,0.001314015475623806,0.001887546175910526,0.001887546175910526,0.0014454364790920937,0.0014454364790920937,0.0012962095269772392,0.0012962095269772392,0.0024090757091716625,0.0024090757091716625,0.0017547006057918868,0.0017547006057918868,0.0025360751014260607,0.0025360751014260607,0.0038062606526365617,0.0038062606526365617,0.0018849051369664305,0.0018849051369664305,0.002691012946946625,0.002691012946946625,0.003339346446690067,0.003339346446690067,0.0033877862424747524,0.0033877862424747524,0.003018066112364437,0.003018066112364437,0.0025083261589819994,0.0025083261589819994,0.0012523620964928484,0.0012523620964928484,0.0007516518721976534,0.0007516518721976534,0.0008652173491231208,0.0008652173491231208,0.00036444588509265685,0.00036444588509265685,0.0006139677453804449,0.0006139677453804449,0.0011713857909090714,0.0011713857909090714,0.0016983726776362215,0.0016983726776362215
0.0011505930768913458,0.0011505930768913458,0.0020847589474413397,0.0020847589474413397,0.001961731981270337,0.001961731981270337,0.001314015475623806,0.001314015475623806,0.001887546175910526,0.001887546175910526,0.0014454364790920937,0.0014454364790920937,0.0012962095269772392,0.0012962095269772392,0.0024090757091716625,0.0024090757091716625,0.0017547006057918868,0.0017547006057918868,0.0025360751014260607,0.0025360751014260607,0.0038062606526365617,0.0038062606526365617,0.0018849051369664305,0.0018849051369664305,0.002691012946946625,0.002691012946946625,0.003339346446690067,0.003339346446690067,0.0033877862424747524,0.0033877862424747524,0.003018066112364437,0.003018066112364437,0.0025083261589819994,0.0025083261589819994,0.0012523620964928484,0.0012523620964928484,0.0007516518721976534,0.0007516518721976534,0.0008652173491231208,0.0008652173491231208,0.00036444588509265685,0.00036444588509265685,0.0006139677453804449,0.0006139677453804449,0.0011713857909090714,0.0011713857909090714,0.0016983726776362215,0.0016983726776362215
0.0011505930768913458,0.0011505930768913458,0.0020847589474413397,0.0020847589474413397,0.001961731981270337,0.001961731981270337,0.001314015475623806,0.001314015475623806,0.001887546175910526,0.001887546175910526,0.0014454364790920937,0.0014454364790920937,0.0012962095269772392,0.0012962095269772392,0.0024090757091716625,0.0024090757091716625,0.0017547006057918868,0.0017547006057918868,0.0025360751014260607,0.0025360751014260607,0.0038062606526365617,0.0038062606526365617,0.0018849051369664305,0.0018849051369664305,0.002691012946946625,0.002691012946946625,0.003339346446690067,0.003339346446690067,0.0033877862424747524,0.0033877862424747524,0.003018066112364437,0.003018066112364437,0.0025083261589819994,0.0025083261589819994,0.0012523620964928484,0.0012523620964928484,0.0007516518721976534,0.0007516518721976534,0.0008652173491231208,0.0008652173491231208,0.00036444588509265685,0.00036444588509265685,0.0006139677453804449,0.0006139677453804449,0.0011713857909090714,0.0011713857909090714,0.0016983726776362215,0.0016983726776362215
0.0011505930768913458,0.0011505930768913458,0.0020847589474413397,0.0020847589474413397,0.001961731981270337,0.001961731981270337,0.001314015475623806,0.001314015475623806,0.001887546175910526,0.001887546175910526,0.0014454364790920937,0.0014454364790920937,0.0012962095269772392,0.0012962095269772392,0.0024090757091716625,0.0024090757091716625,0.0017547006057918868,0.0017547006057918868,0.0025360751014260607,0.0025360751014260607,0.0038062606526365617,0.0038062606526365617,0.0018849051369664305,0.0018849051369664305,0.002691012946946625,0.002691012946946625,0.003339346446690067,0.003339346446690067,0.0033877862424747524,0.0033877862424747524,0.003018066112364437,0.003018066112364437,0.0025083261589819994,0.0025083261589819994,0.0012523620964928484,0.0012523620964928484,0.0007516518721976534,0.0007516518721976534,0.0008652173491231208,0.0008652173491231208,0.00036444588509265685,0.00036444588509265685,0.0006139677453804449,0.0006139677453804449,0.0011713857909090714,0.0011713857909090714,0.0016983726776362215,0.0016983726776362215
0.0011505930768913458,0.0011505930768913458,0.0020847589474413397,0.0020847589474413397,0.001961731981270337,0.001961731981270337,0.001314015475623806,0.001314015475623806,0.001887546175910526,0.001887546175910526,0.0014454364790920937,0.0014454364790920937,0.0012962095269772392,0.0012962095269772392,0.0024090757091716625,0.0024090757091716625,0.0017547006057918868,0.0017547006057918868,0.0025360751014260607,0.0025360751014260607,0.0038062606526365617,0.0038062606526365617,0.0018849051369664305,0.0018849051369664305,0.002691012946946625,0.002691012946946625,0.003339346446690067,0.003339346446690067,0.0033877862424747524,0.0033877862424747524,0.003018066112364437,0.003018066112364437,0.0025083261589819994,0.0025083261589819994,0.0012523620964928484,0.0012523620964928484,0.0007516518721976534,0.0007516518721976534,0.0008652173491231208,0.0008652173491231208,0.00036444588509265685,0.00036444588509265685,0.0006139677453804449,0.0006139677453804449,0.0011713857909090714,0.0011713857909090714,0.0016983726776362215,0.0016983726776362215
0.0011505930768913458,0.0011505930768913458,0.0020847589474413397,0.0020847589474413397,0.001961731981270337,0.001961731981270337,0.001314015475623806,0.001314015475623806,0.001887546175910526,0.001887546175910526,0.0014454364790920937,0.0014454364790920937,0.0012962095269772392,0.0012962095269772392,0.0024090757091716625,0.0024090757091716625,0.0017547006057918868,0.0017547006057918868,0.0025360751014260607,0.0025360751014260607,0.0038062606526365617,0.0038062606526365617,0.0018849051369664305,0.0018849051369664305,0.002691012946946625,0.002691012946946625,0.003339346446690067,0.003339346446690067,0.0033877862424747524,0.0033877862424747524,0.003018066112364437,0.003018066112364437,0.0025083261589819994,0.0025083261589819994,0.0012523620964928484,0.0012523620964928484,0.0007516518721976534,0.0007516518721976534,0.0008652173491231208,0.0008652173491231208,0.00036444588509265685,0.00036444588509265685,0.0006139677453804449,0.0006139677453804449,0.0011713857909090714,0.0011713857909090714,0.0016983726776362215,0.0016983726776362215
0.002153991351960663,0.002153991351960663,0.0044371616418684146,0.0044371616418684146,0.005432370824783345,0.005432370824783345,0.004357914758407605,0.004357914758407605,0.0032306957218720678,0.0032306957218720678,0.0052649830893736205,0.0052649830893736205,0.003901045579636525,0.003901045579636525,0.004702957450905404,0.004702957450905404,0.003491629456180867,0.003491629456180867,0.008376468396050107,0.008376468396050107,0.010482476809787755,0.010482476809787755,0.005321601459420955,0.005321601459420955,0.005695535824083775,0.005695535824083775,0.007718011946812708,0.007718011946812708,0.007906994846275606,0.007906994846275606,0.006921670326000218,0.006921670326000218,0.005646340539889216,0.005646340539889216,0.0051112344865744674,0.0051112344865744674,0.002768101899869757,0.002768101899869757,0.003575741448265557,0.003575741448265557,0.00115650191143013,0.00115650191143013,0.002096185491200331,0.002096185491200331,0.003969870481379256,0.003969870481379256,0.002716184256585555,0.002716184256585555
0.002153991351960663,0.002153991351960663,0.0044371616418684146,0.0044371616418684146,0.005432370824783345,0.005432370824783345,0.004357914758407605,0.004357914758407605,0.0032306957218720678,0.0032306957218720678,0.0052649830893736205,0.0052649830893736205,0.003901045579636525,0.003901045579636525,0.004702957450905404,0.004702957450905404,0.003491629456180867,0.003491629456180867,0.008376468396050107,0.008376468396050107,0.010482476809787755,0.010482476809787755,0.005321601459420955,0.005321601459420955,0.005695535824083775,0.005695535824083775,0.007718011946812708,0.007718011946812708,0.007906994846275606,0.007906994846275606,0.006921670326000218,0.006921670326000218,0.005646340539889216,0.005646340539889216,0.0051112344865744674,0.0051112344865744674,0.002768101899869757,0.002768101899869757,0.003575741448265557,0.003575741448265557,0.00115650191143013,0.00115650191143013,0.002096185491200331,0.002096185491200331,0.003969870481379256,0.003969870481379256,0.002716184256585555,0.002716184256585555
0.005545915725322342,0.005545915725322342,0.01074904161410184,0.01074904161410184,0.010175347302340598,0.010175347302340598,0.006582929831161488,0.006582929831161488,0.007788528058391586,0.007788528058391586,0.009976451748776594,0.009976451748776594,0.01026506331952659,0.01026506331952659,0.009388875456561585,0.009388875456561585,0.005297480536846311,0.005297480536846311,0.011248927411724452,0.011248927411724452,0.011237865737321773,0.011237865737321773,0.004231051112168038,0.004231051112168038,0.0051025474193450715,0.0051025474193450715,0.0065301043987883445,0.0065301043987883445,0.011467092938651446,0.011467092938651446,0.010384801818267064,0.010384801818267064,0.010048787655177804,0.010048787655177804,0.009905703716143965,0.009905703716143965,0.0030863695346313447,0.0030863695346313447,0.004343822458946489,0.004343822458946489,0.002942893812631908,0.002942893812631908,0.003644454172602396,0.003644454172602396,0.003458220833436443,0.003458220833436443,0.005220252095253064,0.005220252095253064
0.005545915725322342,0.005545915725322342,0.01074904161410184,0.01074904161410184,0.010175347302340598,0.010175347302340598,0.006582929831161488,0.006582929831161488,0.007788528058391586,0.007788528058391586,0.009976451748776594,0.009976451748776594,0.01026506331952659,0.01026506331952659,0.009388875456561585,0.009388875456561585,0.005297480536846311,0.005297480536846311,0.011248927411724452,0.011248927411724452,0.011237865737321773,0.011237865737321773,0.004231051112168038,0.004231051112168038,0.0051025474193450715,0.0051025474193450715,0.0065301043987883445,0.0065301043987883445,0.011467092938651446,0.011467092938651446,0.010384801818267064,0.010384801818267064,0.010048787655177804,0.010048787655177804,0.009905703716143965,0.009905703716143965,0.0030863695346313447,0.0030863695346313447,0.004343822458946489,0.004343822458946489,0.002942893812631908,0.002942893812631908,0.003644454172602396,0.003644454172602396,0.003458220833436443,0.003458220833436443,0.005220252095253064,0.005220252095253064
0.0027534985371657494,0.0027534985371657494,0.005085984387266679,0.005085984387266679,0.0073602212958412405,0.0073602212958412405,0.007491938048961588,0.007491938048961588,0.004229373527511626,0.004229373527511626,0.007722842091144044,0.007722842091144044,0.007270041337355981,0.007270041337355981,0.008214080375537613,0.008214080375537613,0.006578091840237499,0.006578091840237499,0.010100848155616404,0.010100848155616404,0.009654514184117335,0.009654514184117335,0.0037532939605683935,0.0037532939605683935,0.01052189818771565,0.01052189818771565,0.011011828348535813,0.011011828348535813,0.010794683675575067,0.010794683675575067,0.010328564146291797,0.010328564146291797,0.01122597828347427,0.01122597828347427,0.006122454698427815,0.006122454698427815,0.005100922201249386,0.005100922201249386,0.004155549716146512,0.004155549716146512,0.0019497537532986442,0.0019497537532986442,0.003235674261168331,0.003235674261168331,0.0022192912160821643,0.0022192912160821643,0.004360541153322323,0.004360541153322323
0.0027534985371657494,0.0027534985371657494,0.005085984387266679,0.005085984387266679,0.0073602212958412405,0.0073602212958412405,0.007491938048961588,0.007491938048961588,0.004229373527511626,0.004229373527511626,0.007722842091144044,0.007722842091144044,0.007270041337355981,0.007270041337355981,0.008214080375537613,0.008214080375537613,0.006578091840237499,0.006578091840237499,0.010100848155616404,0.010100848155616404,0.009654514184117335,0.009654514184117335,0.0037532939605683935,0.0037532939605683935,0.01052189818771565,0.01052189818771565,0.011011828348535813,0.011011828348535813,0.010794683675575067,0.010794683675575067,0.010328564146291797,0.010328564146291797,0.01122597828347427,0.01122597828347427,0.006122454698427815,0.006122454698427815,0.005100922201249386,0.005100922201249386,0.004155549716146512,0.004155549716146512,0.0019497537532986442,0.0019497537532986442,0.003235674261168331,0.003235674261168331,0.0022192912160821643,0.0022192912160821643,0.004360541153322323,0.004360541153322323
0.0070199649531099695,0.0070199649531099695,0.016794092198176847,0.016794092198176847,0.01110085938377492,0.01110085938377492,0.008819457588785384,0.008819457588785384,0.006468466645135562,0.006468466645135562,0.012192614126477208,0.012192614126477208,0.009318814382974605,0.009318814382974605,0.017945654021110924,0.017945654021110924,0.010713083839664295,0.010713083839664295,0.01892510053946239,0.01892510053946239,0.01902317498387518,0.01902317498387518,0.00604718623669831,0.00604718623669831,0.011340666558488088,0.011340666558488088,0.020088305246215188,0.020088305246215188,0.025955412904936193,0.025955412904936193,0.016730328145062145,0.016730328145062145,0.013896954729764488,0.013896954729764488,0.013114814213448844,0.013114814213448844,0.005414496783478384,0.005414496783478384,0.009524675994001086,0.009524675994001086,0.004766622585750113,0.004766622585750113,0.0056600807675986076,0.0056600807675986076,0.011847900732412597,0.011847900732412597,0.008804211379388915,0.008804211379388915
0.0028192355596331903,0.0028192355596331903,0.005435354809492393,0.005435354809492393,0.004688802063970876,0.004688802063970876,0.004007623159277968,0.004007623159277968,0.003781698790728538,0.003781698790728538,0.005963290573905433,0.005963290573905433,0.004950115897056129,0.004950115897056129,0.005670518679338071,0.005670518679338071,0.005107409515988981,0.005107409515988981,0.010691242606821305,0.010691242606821305,0.007684872619045824,0.007684872619045824,0.0035213003179888624,0.0035213003179888624,0.0038529517443047223,0.0038529517443047223,0.006406884811223673,0.006406884811223673,0.008971973184438431,0.008971973184438431,0.00810263425143809,0.00810263425143809,0.0053545029659729515,0.0053545029659729515,0.0032520008307337367,0.0032520008307337367,0.0021887253031637743,0.0021887253031637743,0.0032597009214912487,0.0032597009214912487,0.0018417906184398092,0.0018417906184398092,0.002200451824061367,0.002200451824061367,0.004423581310247504,0.004423581310247504,0.0032289692796813735,0.0032289692796813735
0.0028192355596331903,0.0028192355596331903,0.005435354809492393,0.005435354809492393,0.004688802063970876,0.004688802063970876,0.004007623159277968,0.004007623159277968,0.003781698790728538,0.003781698790728538,0.005963290573905433,0.005963290573905433,0.004950115897056129,0.004950115897056129,0.005670518679338071,0.005670518679338071,0.005107409515988981,0.005107409515988981,0.010691242606821305,0.010691242606821305,0.007684872619045824,0.007684872619045824,0.0035213003179888624,0.0035213003179888624,0.0038529517443047223,0.0038529517443047223,0.006406884811223673,0.006406884811223673,0.008971973184438431,0.008971973184438431,0.00810263425143809,0.00810263425143809,0.0053545029659729515,0.0053545029659729515,0.0032520008307337367,0.0032520008307337367,0.0021887253031637743,0.0021887253031637743,0.0032597009214912487,0.0032597009214912487,0.0018417906184398092,0.0018417906184398092,0.002200451824061367,0.002200451824061367,0.004423581310247504,0.004423581310247504,0.0032289692796813735,0.0032289692796813735
0.0028192355596331903,0.0028192355596331903,0.005435354809492393,0.005435354809492393,0.004688802063970876,0.004688802063970876,0.004007623159277968,0.004007623159277968,0.003781698790728538,0.003781698790728538,0.005963290573905433,0.005963290573905433,0.004950115897056129,0.004950115897056129,0.005670518679338071,0.005670518679338071,0.005107409515988981,0.005107409515988981,0.010691242606821305,0.010691242606821305,0.007684872619045824,0.007684872619045824,0.0035213003179888624,0.0035213003179888624,0.0038529517443047223,0.0038529517443047223,0.006406884811223673,0.006406884811223673,0.008971973184438431,0.008971973184438431,0.00810263425143809,0.00810263425143809,0.0053545029659729515,0.0053545029659729515,0.0032520008307337367,0.0032520008307337367,0.0021887253031637743,0.0021887253031637743,0.0032597009214912487,0.0032597009214912487,0.0018417906184398092,0.0018417906184398092,0.002200451824061367,0.002200451824061367,0.004423581310247504,0.004423581310247504,0.0032289692796813735,0.0032289692796813735
0.007218115382611856,0.007218115382611856,0.015175514534229051,0.015175514534229051,0.015630731022309496,0.015630731022309496,0.017450873572995018,0.017450873572995018,0.013943340084812128,0.013943340084812128,0.009260634239779408,0.009260634239779408,0.01582259559367427,0.01582259559367427,0.016468598445944505,0.016468598445944505,0.016060128473074142,0.016060128473074142,0.028000398852245922,0.028000398852245922,0.021292546194343842,0.021292546194343842,0.012845990358667292,0.012845990358667292,0.024096349355216873,0.024096349355216873,0.023048961849616245,0.023048961849616245,0.019635015753651675,0.019635015753651675,0.02810675825388742,0.02810675825388742,0.025331038168815212,0.025331038168815212,0.012645614792468174,0.012645614792468174,0.00806097821395152,0.00806097821395152,0.005472615889287713,0.005472615889287713,0.005463977326165548,0.005463977326165548,0.0063269986449754345,0.0063269986449754345,0.005589343490069343,0.005589343490069343,0.009530677953629718,0.009530677953629718
0.01096599579945895,0.01096599579945895,0.01575434960435862,0.01575434960435862,0.017736753282295292,0.017736753282295292,0.017256507611626004,0.017256507611626004,0.014165098778485596,0.014165098778485596,0.014387478448179003,0.014387478448179003,0.021849877374341187,0.021849877374341187,0.027020662448168364,0.027020662448168364,0.017787010666310055,0.017787010666310055,0.030057604720788333,0.030057604720788333,0.03806195978031024,0.03806195978031024,0.01354903209768854,0.01354903209768854,0.013817968186052854,0.013817968186052854,0.02622554802767274,0.02622554802767274,0.022660567048124136,0.022660567048124136,0.02220039347898961,0.02220039347898961,0.02598999831028337,0.02598999831028337,0.014735089551442204,0.014735089551442204,0.011736596869761695,0.011736596869761695,0.01625590743039007,0.01625590743039007,0.004579665320898485,0.004579665320898485,0.00786186140103684,0.00786186140103684,0.014549555346263121,0.014549555346263121,0.019661185240029688,0.019661185240029688
0.011786300462632515,0.011786300462632515,0.02223912459632571,0.02223912459632571,0.017081588796248215,0.017081588796248215,0.014161913306295904,0.014161913306295904,0.016501198013001428,0.016501198013001428,0.01383533069439058,0.01383533069439058,0.02390840252777382,0.02390840252777382,0.019518137956563986,0.019518137956563986,0.02143755104229239,0.02143755104229239,0.039896780116379205,0.039896780116379205,0.02736864584949883,0.02736864584949883,0.012302557116215418,0.012302557116215418,0.01631814782049723,0.01631814782049723,0.01546200834235334,0.01546200834235334,0.019620824473996046,0.019620824473996046,0.02559235413970029,0.02559235413970029,0.01667853663840546,0.01667853663840546,0.016830308713904785,0.016830308713904785,0.010219151823215533,0.010219151823215533,0.015283472848263813,0.015283472848263813,0.008854298117793036,0.008854298117793036,0.009276813788102078,0.009276813788102078,0.009626045423497764,0.009626045423497764,0.011882610340859356,0.011882610340859356
5.509236918799416e-6,5.509236918799416e-6,1.58040660423347e-5,1.58040660423347e-5,3.344786912834875e-5,3.344786912834875e-5,4.019726508946455e-5,4.019726508946455e-5,3.984438298731377e-5,3.984438298731377e-5,3.2930718853749555e-5,3.2930718853749555e-5,8.904780478190353e-5,8.904780478190353e-5,3.2366355727951254e-5,3.2366355727951254e-5,0.0,0.0,0.00011118567961003467,0.00011118567961003467,0.00035508033684686705,0.00035508033684686705,0.000758075479556003,0.000758075479556003,0.0008673464204126402,0.0008673464204126402,0.000603081315602251,0.000603081315602251,0.00027110387335765873,0.00027110387335765873,0.00017486519196998132,0.00017486519196998132,0.00016454215888673726,0.00016454215888673726,0.0002965190617375737,0.0002965190617375737,0.0,0.0,0.0,0.0,0.0,0.0,0.0,0.0,3.2101731744820326e-7,3.2101731744820326e-7,1.5123680049688461e-5,1.5123680049688461e-5
5.509236918799416e-6,5.509236918799416e-6,1.58040660423347e-5,1.58040660423347e-5,3.344786912834875e-5,3.344786912834875e-5,4.019726508946455e-5,4.019726508946455e-5,3.984438298731377e-5,3.984438298731377e-5,3.2930718853749555e-5,3.2930718853749555e-5,8.904780478190353e-5,8.904780478190353e-5,3.2366355727951254e-5,3.2366355727951254e-5,0.0,0.0,0.00011118567961003467,0.00011118567961003467,0.00035508033684686705,0.00035508033684686705,0.000758075479556003,0.000758075479556003,0.0008673464204126402,0.0008673464204126402,0.000603081315602251,0.000603081315602251,0.00027110387335765873,0.00027110387335765873,0.00017486519196998132,0.00017486519196998132,0.00016454215888673726,0.00016454215888673726,0.0002965190617375737,0.0002965190617375737,0.0,0.0,0.0,0.0,0.0,0.0,0.0,0.0,3.2101731744820326e-7,3.2101731744820326e-7,1.5123680049688461e-5,1.5123680049688461e-5
5.509236918799416e-6,5.509236918799416e-6,1.58040660423347e-5,1.58040660423347e-5,3.344786912834875e-5,3.344786912834875e-5,4.019726508946455e-5,4.019726508946455e-5,3.984438298731377e-5,3.984438298731377e-5,3.2930718853749555e-5,3.2930718853749555e-5,8.904780478190353e-5,8.904780478190353e-5,3.2366355727951254e-5,3.2366355727951254e-5,0.0,0.0,0.00011118567961003467,0.00011118567961003467,0.00035508033684686705,0.00035508033684686705,0.000758075479556003,0.000758075479556003,0.0008673464204126402,0.0008673464204126402,0.000603081315602251,0.000603081315602251,0.00027110387335765873,0.00027110387335765873,0.00017486519196998132,0.00017486519196998132,0.00016454215888673726,0.00016454215888673726,0.0002965190617375737,0.0002965190617375737,0.0,0.0,0.0,0.0,0.0,0.0,0.0,0.0,3.2101731744820326e-7,3.2101731744820326e-7,1.5123680049688461e-5,1.5123680049688461e-5
1.3475615534363052e-5,1.3475615534363052e-5,2.9157093660569025e-5,2.9157093660569025e-5,3.3820658549092155e-5,3.3820658549092155e-5,4.0315669572065296e-5,4.0315669572065296e-5,6.689993579940025e-5,6.689993579940025e-5,4.647333633056713e-5,4.647333633056713e-5,5.3335778516491565e-5,5.3335778516491565e-5,9.09663208030348e-5,9.09663208030348e-5,0.0,0.0,0.00011967498035164031,0.00011967498035164031,0.0003502608220402239,0.0003502608220402239,0.000582681377002927,0.000582681377002927,0.0006276931486921544,0.0006276931486921544,0.0004358874094757756,0.0004358874094757756,0.00024221792685068244,0.00024221792685068244,0.00013055536244222996,0.00013055536244222996,0.00015023082091945514,0.00015023082091945514,0.00024633881155543616,0.00024633881155543616,0.0,0.0,0.0,0.0,0.0,0.0,0.0,0.0,9.834091898724363e-7,9.834091898724363e-7,3.0616875371183546e-5,3.0616875371183546e-5
1.3475615534363052e-5,1.3475615534363052e-5,2.9157093660569025e-5,2.9157093660569025e-5,3.3820658549092155e-5,3.3820658549092155e-5,4.0315669572065296e-5,4.0315669572065296e-5,6.689993579940025e-5,6.689993579940025e-5,4.647333633056713e-5,4.647333633056713e-5,5.3335778516491565e-5,5.3335778516491565e-5,9.09663208030348e-5,9.09663208030348e-5,0.0,0.0,0.00011967498035164031,0.00011967498035164031,0.0003502608220402239,0.0003502608220402239,0.000582681377002927,0.000582681377002927,0.0006276931486921544,0.0006276931486921544,0.0004358874094757756,0.0004358874094757756,0.00024221792685068244,0.00024221792685068244,0.00013055536244222996,0.00013055536244222996,0.00015023082091945514,0.00015023082091945514,0.00024633881155543616,0.00024633881155543616,0.0,0.0,0.0,0.0,0.0,0.0,0.0,0.0,9.834091898724363e-7,9.834091898724363e-7,3.0616875371183546e-5,3.0616875371183546e-5
1.3475615534363052e-5,1.3475615534363052e-5,2.9157093660569025e-5,2.9157093660569025e-5,3.3820658549092155e-5,3.3820658549092155e-5,4.0315669572065296e-5,4.0315669572065296e-5,6.689993579940025e-5,6.689993579940025e-5,4.647333633056713e-5,4.647333633056713e-5,5.3335778516491565e-5,5.3335778516491565e-5,9.09663208030348e-5,9.09663208030348e-5,0.0,0.0,0.00011967498035164031,0.00011967498035164031,0.0003502608220402239,0.0003502608220402239,0.000582681377002927,0.000582681377002927,0.0006276931486921544,0.0006276931486921544,0.0004358874094757756,0.0004358874094757756,0.00024221792685068244,0.00024221792685068244,0.00013055536244222996,0.00013055536244222996,0.00015023082091945514,0.00015023082091945514,0.00024633881155543616,0.00024633881155543616,0.0,0.0,0.0,0.0,0.0,0.0,0.0,0.0,9.834091898724363e-7,9.834091898724363e-7,3.0616875371183546e-5,3.0616875371183546e-5
1.3475615534363052e-5,1.3475615534363052e-5,2.9157093660569025e-5,2.9157093660569025e-5,3.3820658549092155e-5,3.3820658549092155e-5,4.0315669572065296e-5,4.0315669572065296e-5,6.689993579940025e-5,6.689993579940025e-5,4.647333633056713e-5,4.647333633056713e-5,5.3335778516491565e-5,5.3335778516491565e-5,9.09663208030348e-5,9.09663208030348e-5,0.0,0.0,0.00011967498035164031,0.00011967498035164031,0.0003502608220402239,0.0003502608220402239,0.000582681377002927,0.000582681377002927,0.0006276931486921544,0.0006276931486921544,0.0004358874094757756,0.0004358874094757756,0.00024221792685068244,0.00024221792685068244,0.00013055536244222996,0.00013055536244222996,0.00015023082091945514,0.00015023082091945514,0.00024633881155543616,0.00024633881155543616,0.0,0.0,0.0,0.0,0.0,0.0,0.0,0.0,9.834091898724363e-7,9.834091898724363e-7,3.0616875371183546e-5,3.0616875371183546e-5
1.3475615534363052e-5,1.3475615534363052e-5,2.9157093660569025e-5,2.9157093660569025e-5,3.3820658549092155e-5,3.3820658549092155e-5,4.0315669572065296e-5,4.0315669572065296e-5,6.689993579940025e-5,6.689993579940025e-5,4.647333633056713e-5,4.647333633056713e-5,5.3335778516491565e-5,5.3335778516491565e-5,9.09663208030348e-5,9.09663208030348e-5,0.0,0.0,0.00011967498035164031,0.00011967498035164031,0.0003502608220402239,0.0003502608220402239,0.000582681377002927,0.000582681377002927,0.0006276931486921544,0.0006276931486921544,0.0004358874094757756,0.0004358874094757756,0.00024221792685068244,0.00024221792685068244,0.00013055536244222996,0.00013055536244222996,0.00015023082091945514,0.00015023082091945514,0.00024633881155543616,0.00024633881155543616,0.0,0.0,0.0,0.0,0.0,0.0,0.0,0.0,9.834091898724363e-7,9.834091898724363e-7,3.0616875371183546e-5,3.0616875371183546e-5
2.9336691350468442e-5,2.9336691350468442e-5,4.207837349156675e-5,4.207837349156675e-5,6.917821523286845e-5,6.917821523286845e-5,0.0001256816288342389,0.0001256816288342389,5.446905810712471e-5,5.446905810712471e-5,6.210944162858773e-5,6.210944162858773e-5,4.8400003252979575e-5,4.8400003252979575e-5,8.136220362089594e-5,8.136220362089594e-5,0.0,0.0,0.00015513413341599475,0.00015513413341599475,0.0004574345726675519,0.0004574345726675519,0.0008121766637564989,0.0008121766637564989,0.0007586333494662423,0.0007586333494662423,0.0008148578307870559,0.0008148578307870559,0.000414334592543749,0.000414334592543749,0.00031526399818787576,0.00031526399818787576,0.0002642341575511131,0.0002642341575511131,0.00012717409185219845,0.00012717409185219845,0.0,0.0,0.0,0.0,0.0,0.0,0.0,0.0,7.466192440004266e-7,7.466192440004266e-7,5.834095987500331e-5,5.834095987500331e-5
2.9336691350468442e-5,2.9336691350468442e-5,4.207837349156675e-5,4.207837349156675e-5,6.917821523286845e-5,6.917821523286845e-5,0.0001256816288342389,0.0001256816288342389,5.446905810712471e-5,5.446905810712471e-5,6.210944162858773e-5,6.210944162858773e-5,4.8400003252979575e-5,4.8400003252979575e-5,8.136220362089594e-5,8.136220362089594e-5,0.0,0.0,0.00015513413341599475,0.00015513413341599475,0.0004574345726675519,0.0004574345726675519,0.0008121766637564989,0.0008121766637564989,0.0007586333494662423,0.0007586333494662423,0.0008148578307870559,0.0008148578307870559,0.000414334592543749,0.000414334592543749,0.00031526399818787576,0.00031526399818787576,0.0002642341575511131,0.0002642341575511131,0.00012717409185219845,0.00012717409185219845,0.0,0.0,0.0,0.0,0.0,0.0,0.0,0.0,7.466192440004266e-7,7.466192440004266e-7,5.834095987500331e-5,5.834095987500331e-5
2.9336691350468442e-5,2.9336691350468442e-5,4.207837349156675e-5,4.207837349156675e-5,6.917821523286845e-5,6.917821523286845e-5,0.0001256816288342389,0.0001256816288342389,5.446905810712471e-5,5.446905810712471e-5,6.210944162858773e-5,6.210944162858773e-5,4.8400003252979575e-5,4.8400003252979575e-5,8.136220362089594e-5,8.136220362089594e-5,0.0,0.0,0.00015513413341599475,0.00015513413341599475,0.0004574345726675519,0.0004574345726675519,0.0008121766637564989,0.0008121766637564989,0.0007586333494662423,0.0007586333494662423,0.0008148578307870559,0.0008148578307870559,0.000414334592543749,0.000414334592543749,0.00031526399818787576,0.00031526399818787576,0.0002642341575511131,0.0002642341575511131,0.00012717409185219845,0.00012717409185219845,0.0,0.0,0.0,0.0,0.0,0.0,0.0,0.0,7.466192440004266e-7,7.466192440004266e-7,5.834095987500331e-5,5.834095987500331e-5
0.00021406306137867516,0.00021406306137867516,0.00036660233223103494,0.00036660233223103494,0.0004333655215350146,0.0004333655215350146,0.0006238190548283201,0.0006238190548283201,0.0005388064662733352,0.0005388064662733352,0.00042456585795417126,0.00042456585795417126,0.0006657274724432352,0.0006657274724432352,0.0007839292751301019,0.0007839292751301019,0.0,0.0,0.0002769766059682738,0.0002769766059682738,0.0008913057927788549,0.0008913057927788549,0.0009435583411509518,0.0009435583411509518,0.0008882709539844713,0.0008882709539844713,0.0009577084883907877,0.0009577084883907877,0.00046149322271752183,0.00046149322271752183,0.000377907412616129,0.000377907412616129,0.00036931201517804296,0.00036931201517804296,0.00029977992635928444,0.00029977992635928444,0.0,0.0,0.0,0.0,0.0,0.0,0.0,0.0,7.010623902699038e-6,7.010623902699038e-6,0.00027914217350959863,0.00027914217350959863
0.00021406306137867516,0.00021406306137867516,0.00036660233223103494,0.00036660233223103494,0.0004333655215350146,0.0004333655215350146,0.0006238190548283201,0.0006238190548283201,0.0005388064662733352,0.0005388064662733352,0.00042456585795417126,0.00042456585795417126,0.0006657274724432352,0.0006657274724432352,0.0007839292751301019,0.0007839292751301019,0.0,0.0,0.0002769766059682738,0.0002769766059682738,0.0008913057927788549,0.0008913057927788549,0.0009435583411509518,0.0009435583411509518,0.0008882709539844713,0.0008882709539844713,0.0009577084883907877,0.0009577084883907877,0.00046149322271752183,0.00046149322271752183,0.000377907412616129,0.000377907412616129,0.00036931201517804296,0.00036931201517804296,0.00029977992635928444,0.00029977992635928444,0.0,0.0,0.0,0.0,0.0,0.0,0.0,0.0,7.010623902699038e-6,7.010623902699038e-6,0.00027914217350959863,0.00027914217350959863
2.5768360659606145e-5,2.5768360659606145e-5,3.097864877259996e-5,3.097864877259996e-5,0.00010932372654046466,0.00010932372654046466,8.83855557912809e-5,8.83855557912809e-5,4.569766699838397e-5,4.569766699838397e-5,6.911879342305421e-5,6.911879342305421e-5,9.430068135037571e-5,9.430068135037571e-5,0.00011435512191221645,0.00011435512191221645,0.0,0.0,0.00020271706080371432,0.00020271706080371432,0.0005621076906329042,0.0005621076906329042,0.0010331523667934245,0.0010331523667934245,0.0007754707767556601,0.0007754707767556601,0.0007278064540448062,0.0007278064540448062,0.0003669724095692814,0.0003669724095692814,0.0003316645522577974,0.0003316645522577974,0.00043531759114569246,0.00043531759114569246,0.0005303770520446623,0.0005303770520446623,0.0,0.0,0.0,0.0,0.0,0.0,0.0,0.0,8.339548868200177e-8,8.339548868200177e-8,4.12371227280022e-5,4.12371227280022e-5
2.5768360659606145e-5,2.5768360659606145e-5,3.097864877259996e-5,3.097864877259996e-5,0.00010932372654046466,0.00010932372654046466,8.83855557912809e-5,8.83855557912809e-5,4.569766699838397e-5,4.569766699838397e-5,6.911879342305421e-5,6.911879342305421e-5,9.430068135037571e-5,9.430068135037571e-5,0.00011435512191221645,0.00011435512191221645,0.0,0.0,0.00020271706080371432,0.00020271706080371432,0.0005621076906329042,0.0005621076906329042,0.0010331523667934245,0.0010331523667934245,0.0007754707767556601,0.0007754707767556601,0.0007278064540448062,0.0007278064540448062,0.0003669724095692814,0.0003669724095692814,0.0003316645522577974,0.0003316645522577974,0.00043531759114569246,0.00043531759114569246,0.0005303770520446623,0.0005303770520446623,0.0,0.0,0.0,0.0,0.0,0.0,0.0,0.0,8.339548868200177e-8,8.339548868200177e-8,4.12371227280022e-5,4.12371227280022e-5
4.862767765487913e-5,4.862767765487913e-5,5.9015305271029744e-5,5.9015305271029744e-5,8.084841405358797e-5,8.084841405358797e-5,9.971174603944956e-5,9.971174603944956e-5,0.00010248134433722429,0.00010248134433722429,0.00011175266113904337,0.00011175266113904337,0.00021612801898007912,0.00021612801898007912,0.00021846976951304248,0.00021846976951304248,0.0,0.0,0.00013485741369585053,0.00013485741369585053,0.00044534872296095665,0.00044534872296095665,0.0007043902088267537,0.0007043902088267537,0.0006252687787583477,0.0006252687787583477,0.0006525039721658223,0.0006525039721658223,0.0004207605092137294,0.0004207605092137294,0.00044344844783373444,0.00044344844783373444,0.00026484388796327307,0.00026484388796327307,6.0237241514470626e-5,6.0237241514470626e-5,0.0,0.0,0.0,0.0,0.0,0.0,0.0,0.0,1.9771366596703404e-6,1.9771366596703404e-6,9.421012069927865e-5,9.421012069927865e-5
4.862767765487913e-5,4.862767765487913e-5,5.9015305271029744e-5,5.9015305271029744e-5,8.084841405358797e-5,8.084841405358797e-5,9.971174603944956e-5,9.971174603944956e-5,0.00010248134433722429,0.00010248134433722429,0.00011175266113904337,0.00011175266113904337,0.00021612801898007912,0.00021612801898007912,0.00021846976951304248,0.00021846976951304248,0.0,0.0,0.00013485741369585053,0.00013485741369585053,0.00044534872296095665,0.00044534872296095665,0.0007043902088267537,0.0007043902088267537,0.0006252687787583477,0.0006252687787583477,0.0006525039721658223,0.0006525039721658223,0.0004207605092137294,0.0004207605092137294,0.00044344844783373444,0.00044344844783373444,0.00026484388796327307,0.00026484388796327307,6.0237241514470626e-5,6.0237241514470626e-5,0.0,0.0,0.0,0.0,0.0,0.0,0.0,0.0,1.9771366596703404e-6,1.9771366596703404e-6,9.421012069927865e-5,9.421012069927865e-5
4.862767765487913e-5,4.862767765487913e-5,5.9015305271029744e-5,5.9015305271029744e-5,8.084841405358797e-5,8.084841405358797e-5,9.971174603944956e-5,9.971174603944956e-5,0.00010248134433722429,0.00010248134433722429,0.00011175266113904337,0.00011175266113904337,0.00021612801898007912,0.00021612801898007912,0.00021846976951304248,0.00021846976951304248,0.0,0.0,0.00013485741369585053,0.00013485741369585053,0.00044534872296095665,0.00044534872296095665,0.0007043902088267537,0.0007043902088267537,0.0006252687787583477,0.0006252687787583477,0.0006525039721658223,0.0006525039721658223,0.0004207605092137294,0.0004207605092137294,0.00044344844783373444,0.00044344844783373444,0.00026484388796327307,0.00026484388796327307,6.0237241514470626e-5,6.0237241514470626e-5,0.0,0.0,0.0,0.0,0.0,0.0,0.0,0.0,1.9771366596703404e-6,1.9771366596703404e-6,9.421012069927865e-5,9.421012069927865e-5
4.862767765487913e-5,4.862767765487913e-5,5.9015305271029744e-5,5.9015305271029744e-5,8.084841405358797e-5,8.084841405358797e-5,9.971174603944956e-5,9.971174603944956e-5,0.00010248134433722429,0.00010248134433722429,0.00011175266113904337,0.00011175266113904337,0.00021612801898007912,0.00021612801898007912,0.00021846976951304248,0.00021846976951304248,0.0,0.0,0.00013485741369585053,0.00013485741369585053,0.00044534872296095665,0.00044534872296095665,0.0007043902088267537,0.0007043902088267537,0.0006252687787583477,0.0006252687787583477,0.0006525039721658223,0.0006525039721658223,0.0004207605092137294,0.0004207605092137294,0.00044344844783373444,0.00044344844783373444,0.00026484388796327307,0.00026484388796327307,6.0237241514470626e-5,6.0237241514470626e-5,0.0,0.0,0.0,0.0,0.0,0.0,0.0,0.0,1.9771366596703404e-6,1.9771366596703404e-6,9.421012069927865e-5,9.421012069927865e-5
4.862767765487913e-5,4.862767765487913e-5,5.9015305271029744e-5,5.9015305271029744e-5,8.084841405358797e-5,8.084841405358797e-5,9.971174603944956e-5,9.971174603944956e-5,0.00010248134433722429,0.00010248134433722429,0.00011175266113904337,0.00011175266113904337,0.00021612801898007912,0.00021612801898007912,0.00021846976951304248,0.00021846976951304248,0.0,0.0,0.00013485741369585053,0.00013485741369585053,0.00044534872296095665,0.00044534872296095665,0.0007043902088267537,0.0007043902088267537,0.0006252687787583477,0.0006252687787583477,0.0006525039721658223,0.0006525039721658223,0.0004207605092137294,0.0004207605092137294,0.00044344844783373444,0.00044344844783373444,0.00026484388796327307,0.00026484388796327307,6.0237241514470626e-5,6.0237241514470626e-5,0.0,0.0,0.0,0.0,0.0,0.0,0.0,0.0,1.9771366596703404e-6,1.9771366596703404e-6,9.421012069927865e-5,9.421012069927865e-5
2.743464089939151e-5,2.743464089939151e-5,3.0485884986376083e-5,3.0485884986376083e-5,3.571521948698628e-5,3.571521948698628e-5,8.439640881750289e-5,8.439640881750289e-5,6.64297406176963e-5,6.64297406176963e-5,4.107913407072573e-5,4.107913407072573e-5,0.00011197135929182957,0.00011197135929182957,0.0001408785130924406,0.0001408785130924406,0.0,0.0,5.124584037119809e-5,5.124584037119809e-5,9.607735188364936e-5,9.607735188364936e-5,0.0002735487540516668,0.0002735487540516668,0.00018463208964328293,0.00018463208964328293,0.00014570419905973134,0.00014570419905973134,8.156317347672842e-5,8.156317347672842e-5,0.0001073210061509778,0.0001073210061509778,0.00014028382290416988,0.00014028382290416988,0.00010944162916543465,0.00010944162916543465,0.0,0.0,0.0,0.0,0.0,0.0,0.0,0.0,1.216289986053748e-6,1.216289986053748e-6,0.00010704975216061213,0.00010704975216061213
2.743464089939151e-5,2.743464089939151e-5,3.0485884986376083e-5,3.0485884986376083e-5,3.571521948698628e-5,3.571521948698628e-5,8.439640881750289e-5,8.439640881750289e-5,6.64297406176963e-5,6.64297406176963e-5,4.107913407072573e-5,4.107913407072573e-5,0.00011197135929182957,0.00011197135929182957,0.0001408785130924406,0.0001408785130924406,0.0,0.0,5.124584037119809e-5,5.124584037119809e-5,9.607735188364936e-5,9.607735188364936e-5,0.0002735487540516668,0.0002735487540516668,0.00018463208964328293,0.00018463208964328293,0.00014570419905973134,0.00014570419905973134,8.156317347672842e-5,8.156317347672842e-5,0.0001073210061509778,0.0001073210061509778,0.00014028382290416988,0.00014028382290416988,0.00010944162916543465,0.00010944162916543465,0.0,0.0,0.0,0.0,0.0,0.0,0.0,0.0,1.216289986053748e-6,1.216289986053748e-6,0.00010704975216061213,0.00010704975216061213
2.743464089939151e-5,2.743464089939151e-5,3.0485884986376083e-5,3.0485884986376083e-5,3.571521948698628e-5,3.571521948698628e-5,8.439640881750289e-5,8.439640881750289e-5,6.64297406176963e-5,6.64297406176963e-5,4.107913407072573e-5,4.107913407072573e-5,0.00011197135929182957,0.00011197135929182957,0.0001408785130924406,0.0001408785130924406,0.0,0.0,5.124584037119809e-5,5.124584037119809e-5,9.607735188364936e-5,9.607735188364936e-5,0.0002735487540516668,0.0002735487540516668,0.00018463208964328293,0.00018463208964328293,0.00014570419905973134,0.00014570419905973134,8.156317347672842e-5,8.156317347672842e-5,0.0001073210061509778,0.0001073210061509778,0.00014028382290416988,0.00014028382290416988,0.00010944162916543465,0.00010944162916543465,0.0,0.0,0.0,0.0,0.0,0.0,0.0,0.0,1.216289986053748e-6,1.216289986053748e-6,0.00010704975216061213,0.00010704975216061213
2.743464089939151e-5,2.743464089939151e-5,3.0485884986376083e-5,3.0485884986376083e-5,3.571521948698628e-5,3.571521948698628e-5,8.439640881750289e-5,8.439640881750289e-5,6.64297406176963e-5,6.64297406176963e-5,4.107913407072573e-5,4.107913407072573e-5,0.00011197135929182957,0.00011197135929182957,0.0001408785130924406,0.0001408785130924406,0.0,0.0,5.124584037119809e-5,5.124584037119809e-5,9.607735188364936e-5,9.607735188364936e-5,0.0002735487540516668,0.0002735487540516668,0.00018463208964328293,0.00018463208964328293,0.00014570419905973134,0.00014570419905973134,8.156317347672842e-5,8.156317347672842e-5,0.0001073210061509778,0.0001073210061509778,0.00014028382290416988,0.00014028382290416988,0.00010944162916543465,0.00010944162916543465,0.0,0.0,0.0,0.0,0.0,0.0,0.0,0.0,1.216289986053748e-6,1.216289986053748e-6,0.00010704975216061213,0.00010704975216061213
2.743464089939151e-5,2.743464089939151e-5,3.0485884986376083e-5,3.0485884986376083e-5,3.571521948698628e-5,3.571521948698628e-5,8.439640881750289e-5,8.439640881750289e-5,6.64297406176963e-5,6.64297406176963e-5,4.107913407072573e-5,4.107913407072573e-5,0.00011197135929182957,0.00011197135929182957,0.0001408785130924406,0.0001408785130924406,0.0,0.0,5.124584037119809e-5,5.124584037119809e-5,9.607735188364936e-5,9.607735188364936e-5,0.0002735487540516668,0.0002735487540516668,0.00018463208964328293,0.00018463208964328293,0.00014570419905973134,0.00014570419905973134,8.156317347672842e-5,8.156317347672842e-5,0.0001073210061509778,0.0001073210061509778,0.00014028382290416988,0.00014028382290416988,0.00010944162916543465,0.00010944162916543465,0.0,0.0,0.0,0.0,0.0,0.0,0.0,0.0,1.216289986053748e-6,1.216289986053748e-6,0.00010704975216061213,0.00010704975216061213
0.00013187329628598296,0.00013187329628598296,0.00017284454777212466,0.00017284454777212466,0.00020650493124277185,0.00020650493124277185,0.00016779091914339867,0.00016779091914339867,0.00020640122619213289,0.00020640122619213289,0.00023050022698443105,0.00023050022698443105,0.0003369571680822449,0.0003369571680822449,0.000476981154738626,0.000476981154738626,0.0,0.0,0.00011751717011446866,0.00011751717011446866,0.0004541205811861189,0.0004541205811861189,0.0005281805329090221,0.0005281805329090221,0.0005355042010719013,0.0005355042010719013,0.0003843715717671975,0.0003843715717671975,0.0001356871382441338,0.0001356871382441338,0.00015416450693204152,0.00015416450693204152,0.0002712090387037777,0.0002712090387037777,0.0002329029907692376,0.0002329029907692376,0.0,0.0,0.0,0.0,0.0,0.0,0.0,0.0,5.192103072969187e-6,5.192103072969187e-6,0.00028993557248538013,0.00028993557248538013
0.00013187329628598296,0.00013187329628598296,0.00017284454777212466,0.00017284454777212466,0.00020650493124277185,0.00020650493124277185,0.00016779091914339867,0.00016779091914339867,0.00020640122619213289,0.00020640122619213289,0.00023050022698443105,0.00023050022698443105,0.0003369571680822449,0.0003369571680822449,0.000476981154738626,0.000476981154738626,0.0,0.0,0.00011751717011446866,0.00011751717011446866,0.0004541205811861189,0.0004541205811861189,0.0005281805329090221,0.0005281805329090221,0.0005355042010719013,0.0005355042010719013,0.0003843715717671975,0.0003843715717671975,0.0001356871382441338,0.0001356871382441338,0.00015416450693204152,0.00015416450693204152,0.0002712090387037777,0.0002712090387037777,0.0002329029907692376,0.0002329029907692376,0.0,0.0,0.0,0.0,0.0,0.0,0.0,0.0,5.192103072969187e-6,5.192103072969187e-6,0.00028993557248538013,0.00028993557248538013
0.00013187329628598296,0.00013187329628598296,0.00017284454777212466,0.00017284454777212466,0.00020650493124277185,0.00020650493124277185,0.00016779091914339867,0.00016779091914339867,0.00020640122619213289,0.00020640122619213289,0.00023050022698443105,0.00023050022698443105,0.0003369571680822449,0.0003369571680822449,0.000476981154738626,0.000476981154738626,0.0,0.0,0.00011751717011446866,0.00011751717011446866,0.0004541205811861189,0.0004541205811861189,0.0005281805329090221,0.0005281805329090221,0.0005355042010719013,0.0005355042010719013,0.0003843715717671975,0.0003843715717671975,0.0001356871382441338,0.0001356871382441338,0.00015416450693204152,0.00015416450693204152,0.0002712090387037777,0.0002712090387037777,0.0002329029907692376,0.0002329029907692376,0.0,0.0,0.0,0.0,0.0,0.0,0.0,0.0,5.192103072969187e-6,5.192103072969187e-6,0.00028993557248538013,0.00028993557248538013
7.092528845106371e-5,7.092528845106371e-5,9.390476492027351e-5,9.390476492027351e-5,0.00017848696557714282,0.00017848696557714282,0.00014792269809214397,0.00014792269809214397,0.0002793111896751254,0.0002793111896751254,0.00017187120236613306,0.00017187120236613306,0.00021123443800078953,0.00021123443800078953,0.00022457115111206016,0.00022457115111206016,0.0,0.0,0.0001743005635942152,0.0001743005635942152,0.0006066918542590206,0.0006066918542590206,0.0008780700784386947,0.0008780700784386947,0.0007201242322931733,0.0007201242322931733,0.00047603501149399985,0.00047603501149399985,0.0002154503283148361,0.0002154503283148361,0.00013246517303228296,0.00013246517303228296,8.9932339148939e-5,8.9932339148939e-5,5.544141069304775e-5,5.544141069304775e-5,0.0,0.0,0.0,0.0,0.0,0.0,0.0,0.0,3.3675664654974984e-6,3.3675664654974984e-6,0.00011014730323461504,0.00011014730323461504
7.092528845106371e-5,7.092528845106371e-5,9.390476492027351e-5,9.390476492027351e-5,0.00017848696557714282,0.00017848696557714282,0.00014792269809214397,0.00014792269809214397,0.0002793111896751254,0.0002793111896751254,0.00017187120236613306,0.00017187120236613306,0.00021123443800078953,0.00021123443800078953,0.00022457115111206016,0.00022457115111206016,0.0,0.0,0.0001743005635942152,0.0001743005635942152,0.0006066918542590206,0.0006066918542590206,0.0008780700784386947,0.0008780700784386947,0.0007201242322931733,0.0007201242322931733,0.00047603501149399985,0.00047603501149399985,0.0002154503283148361,0.0002154503283148361,0.00013246517303228296,0.00013246517303228296,8.9932339148939e-5,8.9932339148939e-5,5.544141069304775e-5,5.544141069304775e-5,0.0,0.0,0.0,0.0,0.0,0.0,0.0,0.0,3.3675664654974984e-6,3.3675664654974984e-6,0.00011014730323461504,0.00011014730323461504
0.00017562507081546504,0.00017562507081546504,0.0002631848549428939,0.0002631848549428939,0.0003636538256756097,0.0003636538256756097,0.0004394284240685428,0.0004394284240685428,0.0003684909404291538,0.0003684909404291538,0.0003955319421408525,0.0003955319421408525,0.0005964624946022332,0.0005964624946022332,0.000687099889284698,0.000687099889284698,0.0,0.0,0.00017703511724884158,0.00017703511724884158,0.0004309351452079953,0.0004309351452079953,0.00048593696458782906,0.00048593696458782906,0.0003893395347710493,0.0003893395347710493,0.0002511276709133963,0.0002511276709133963,0.00018445335825545417,0.00018445335825545417,0.00013409226029835464,0.00013409226029835464,0.0002643228639717804,0.0002643228639717804,0.00022343554489356876,0.00022343554489356876,0.0,0.0,0.0,0.0,0.0,0.0,0.0,0.0,5.77291065180849e-6,5.77291065180849e-6,0.00032629907721670043,0.00032629907721670043
0.00017562507081546504,0.00017562507081546504,0.0002631848549428939,0.0002631848549428939,0.0003636538256756097,0.0003636538256756097,0.0004394284240685428,0.0004394284240685428,0.0003684909404291538,0.0003684909404291538,0.0003955319421408525,0.0003955319421408525,0.0005964624946022332,0.0005964624946022332,0.000687099889284698,0.000687099889284698,0.0,0.0,0.00017703511724884158,0.00017703511724884158,0.0004309351452079953,0.0004309351452079953,0.00048593696458782906,0.00048593696458782906,0.0003893395347710493,0.0003893395347710493,0.0002511276709133963,0.0002511276709133963,0.00018445335825545417,0.00018445335825545417,0.00013409226029835464,0.00013409226029835464,0.0002643228639717804,0.0002643228639717804,0.00022343554489356876,0.00022343554489356876,0.0,0.0,0.0,0.0,0.0,0.0,0.0,0.0,5.77291065180849e-6,5.77291065180849e-6,0.00032629907721670043,0.00032629907721670043
0.00017562507081546504,0.00017562507081546504,0.0002631848549428939,0.0002631848549428939,0.0003636538256756097,0.0003636538256756097,0.0004394284240685428,0.0004394284240685428,0.0003684909404291538,0.0003684909404291538,0.0003955319421408525,0.0003955319421408525,0.0005964624946022332,0.0005964624946022332,0.000687099889284698,0.000687099889284698,0.0,0.0,0.00017703511724884158,0.00017703511724884158,0.0004309351452079953,0.0004309351452079953,0.00048593696458782906,0.00048593696458782906,0.0003893395347710493,0.0003893395347710493,0.0002511276709133963,0.0002511276709133963,0.00018445335825545417,0.00018445335825545417,0.00013409226029835464,0.00013409226029835464,0.0002643228639717804,0.0002643228639717804,0.00022343554489356876,0.00022343554489356876,0.0,0.0,0.0,0.0,0.0,0.0,0.0,0.0,5.77291065180849e-6,5.77291065180849e-6,0.00032629907721670043,0.00032629907721670043
5.39819481099762e-6,5.39819481099762e-6,1.2746100028705699e-5,1.2746100028705699e-5,1.7823804092048732e-5,1.7823804092048732e-5,2.0599994367347303e-5,2.0599994367347303e-5,9.926799034840625e-6,9.926799034840625e-6,1.6566723645236483e-5,1.6566723645236483e-5,4.73760701997822e-5,4.73760701997822e-5,4.040460826023988e-5,4.040460826023988e-5,0.0,0.0,0.00011165249012401457,0.00011165249012401457,0.0003916461274178183,0.0003916461274178183,0.0007264518802464273,0.0007264518802464273,0.0008554741962049084,0.0008554741962049084,0.000577214208546336,0.000577214208546336,0.00028286235709435933,0.00028286235709435933,0.00018054220286764858,0.00018054220286764858,0.00012749974747402332,0.00012749974747402332,0.0002601357001510065,0.0002601357001510065,0.0,0.0,0.0,0.0,0.0,0.0,0.0,0.0,4.90847139457416e-7,4.90847139457416e-7,1.6344170404734978e-5,1.6344170404734978e-5
5.39819481099762e-6,5.39819481099762e-6,1.2746100028705699e-5,1.2746100028705699e-5,1.7823804092048732e-5,1.7823804092048732e-5,2.0599994367347303e-5,2.0599994367347303e-5,9.926799034840625e-6,9.926799034840625e-6,1.6566723645236483e-5,1.6566723645236483e-5,4.73760701997822e-5,4.73760701997822e-5,4.040460826023988e-5,4.040460826023988e-5,0.0,0.0,0.00011165249012401457,0.00011165249012401457,0.0003916461274178183,0.0003916461274178183,0.0007264518802464273,0.0007264518802464273,0.0008554741962049084,0.0008554741962049084,0.000577214208546336,0.000577214208546336,0.00028286235709435933,0.00028286235709435933,0.00018054220286764858,0.00018054220286764858,0.00012749974747402332,0.00012749974747402332,0.0002601357001510065,0.0002601357001510065,0.0,0.0,0.0,0.0,0.0,0.0,0.0,0.0,4.90847139457416e-7,4.90847139457416e-7,1.6344170404734978e-5,1.6344170404734978e-5
5.39819481099762e-6,5.39819481099762e-6,1.2746100028705699e-5,1.2746100028705699e-5,1.7823804092048732e-5,1.7823804092048732e-5,2.0599994367347303e-5,2.0599994367347303e-5,9.926799034840625e-6,9.926799034840625e-6,1.6566723645236483e-5,1.6566723645236483e-5,4.73760701997822e-5,4.73760701997822e-5,4.040460826023988e-5,4.040460826023988e-5,0.0,0.0,0.00011165249012401457,0.00011165249012401457,0.0003916461274178183,0.0003916461274178183,0.0007264518802464273,0.0007264518802464273,0.0008554741962049084,0.0008554741962049084,0.000577214208546336,0.000577214208546336,0.00028286235709435933,0.00028286235709435933,0.00018054220286764858,0.00018054220286764858,0.00012749974747402332,0.00012749974747402332,0.0002601357001510065,0.0002601357001510065,0.0,0.0,0.0,0.0,0.0,0.0,0.0,0.0,4.90847139457416e-7,4.90847139457416e-7,1.6344170404734978e-5,1.6344170404734978e-5
0.0003851888719313447,0.0003851888719313447,0.000629692626678155,0.000629692626678155,0.0007131962336442976,0.0007131962336442976,0.000937238846237913,0.000937238846237913,0.001031783547252918,0.001031783547252918,0.0009946809173122517,0.0009946809173122517,0.0015182715031816646,0.0015182715031816646,0.0012141606772593794,0.0012141606772593794,0.0,0.0,0.0004570835282899366,0.0004570835282899366,0.0014217739318133152,0.0014217739318133152,0.0019214518088548765,0.0019214518088548765,0.0007694890110718777,0.0007694890110718777,0.0004269162324712205,0.0004269162324712205,0.0005331613091199491,0.0005331613091199491,0.00037459904477138775,0.00037459904477138775,0.0007639836493760627,0.0007639836493760627,0.0009841858568657436,0.0009841858568657436,0.0,0.0,0.0,0.0,0.0,0.0,0.0,0.0,1.3231845189291217e-5,1.3231845189291217e-5,0.0005196202928085328,0.0005196202928085328
8.501207196995298e-6,8.501207196995298e-6,2.0243549907845472e-5,2.0243549907845472e-5,1.8685209428314373e-5,1.8685209428314373e-5,3.5104905439828794e-5,3.5104905439828794e-5,1.5650772920487027e-5,1.5650772920487027e-5,1.4990931514046336e-5,1.4990931514046336e-5,5.146980080744353e-5,5.146980080744353e-5,6.859980202907415e-5,6.859980202907415e-5,0.0,0.0,0.00012554491657734007,0.00012554491657734007,0.0003494735094868792,0.0003494735094868792,0.0005881236166489501,0.0005881236166489501,0.0005862708744345246,0.0005862708744345246,0.00040038744269192163,0.00040038744269192163,0.00020699993030221311,0.00020699993030221311,0.0001508326765707873,0.0001508326765707873,7.807800028465824e-5,7.807800028465824e-5,0.00020307310415130023,0.00020307310415130023,0.0,0.0,0.0,0.0,0.0,0.0,0.0,0.0,4.3421497163318275e-7,4.3421497163318275e-7,1.919864252542501e-5,1.919864252542501e-5
8.501207196995298e-6,8.501207196995298e-6,2.0243549907845472e-5,2.0243549907845472e-5,1.8685209428314373e-5,1.8685209428314373e-5,3.5104905439828794e-5,3.5104905439828794e-5,1.5650772920487027e-5,1.5650772920487027e-5,1.4990931514046336e-5,1.4990931514046336e-5,5.146980080744353e-5,5.146980080744353e-5,6.859980202907415e-5,6.859980202907415e-5,0.0,0.0,0.00012554491657734007,0.00012554491657734007,0.0003494735094868792,0.0003494735094868792,0.0005881236166489501,0.0005881236166489501,0.0005862708744345246,0.0005862708744345246,0.00040038744269192163,0.00040038744269192163,0.00020699993030221311,0.00020699993030221311,0.0001508326765707873,0.0001508326765707873,7.807800028465824e-5,7.807800028465824e-5,0.00020307310415130023,0.00020307310415130023,0.0,0.0,0.0,0.0,0.0,0.0,0.0,0.0,4.3421497163318275e-7,4.3421497163318275e-7,1.919864252542501e-5,1.919864252542501e-5
8.501207196995298e-6,8.501207196995298e-6,2.0243549907845472e-5,2.0243549907845472e-5,1.8685209428314373e-5,1.8685209428314373e-5,3.5104905439828794e-5,3.5104905439828794e-5,1.5650772920487027e-5,1.5650772920487027e-5,1.4990931514046336e-5,1.4990931514046336e-5,5.146980080744353e-5,5.146980080744353e-5,6.859980202907415e-5,6.859980202907415e-5,0.0,0.0,0.00012554491657734007,0.00012554491657734007,0.0003494735094868792,0.0003494735094868792,0.0005881236166489501,0.0005881236166489501,0.0005862708744345246,0.0005862708744345246,0.00040038744269192163,0.00040038744269192163,0.00020699993030221311,0.00020699993030221311,0.0001508326765707873,0.0001508326765707873,7.807800028465824e-5,7.807800028465824e-5,0.00020307310415130023,0.00020307310415130023,0.0,0.0,0.0,0.0,0.0,0.0,0.0,0.0,4.3421497163318275e-7,4.3421497163318275e-7,1.919864252542501e-5,1.919864252542501e-5
8.501207196995298e-6,8.501207196995298e-6,2.0243549907845472e-5,2.0243549907845472e-5,1.8685209428314373e-5,1.8685209428314373e-5,3.5104905439828794e-5,3.5104905439828794e-5,1.5650772920487027e-5,1.5650772920487027e-5,1.4990931514046336e-5,1.4990931514046336e-5,5.146980080744353e-5,5.146980080744353e-5,6.859980202907415e-5,6.859980202907415e-5,0.0,0.0,0.00012554491657734007,0.00012554491657734007,0.0003494735094868792,0.0003494735094868792,0.0005881236166489501,0.0005881236166489501,0.0005862708744345246,0.0005862708744345246,0.00040038744269192163,0.00040038744269192163,0.00020699993030221311,0.00020699993030221311,0.0001508326765707873,0.0001508326765707873,7.807800028465824e-5,7.807800028465824e-5,0.00020307310415130023,0.00020307310415130023,0.0,0.0,0.0,0.0,0.0,0.0,0.0,0.0,4.3421497163318275e-7,4.3421497163318275e-7,1.919864252542501e-5,1.919864252542501e-5
0.0,0.0,2.228460311994116e-5,2.228460311994116e-5,3.183095920251586e-5,3.183095920251586e-5,0.0001378572615831639,0.0001378572615831639,4.2078617601837374e-5,4.2078617601837374e-5,3.655814698855014e-5,3.655814698855014e-5,0.00023816451139046027,0.00023816451139046027,0.00019963171896042464,0.00019963171896042464,0.0,0.0,0.0005279899887658257,0.0005279899887658257,0.0011070336915331505,0.0011070336915331505,0.002129192572279559,0.002129192572279559,0.0027883658548111256,0.0027883658548111256,0.0017789484973008626,0.0017789484973008626,0.0008604091934119734,0.0008604091934119734,0.000541002684182848,0.000541002684182848,0.0005100180705461949,0.0005100180705461949,0.0009916070306279015,0.0009916070306279015,0.0,0.0,0.0,0.0,0.0,0.0,0.0,0.0,1.946435851933522e-6,1.946435851933522e-6,5.6480183590294254e-5,5.6480183590294254e-5
0.00022566725876756177,0.00022566725876756177,0.00033670693024664966,0.00033670693024664966,0.00043496297147229204,0.00043496297147229204,0.0005557304557363592,0.0005557304557363592,0.0005375860974851654,0.0005375860974851654,0.000493251731942309,0.000493251731942309,0.000792765764963857,0.000792765764963857,0.0006573670344954818,0.0006573670344954818,0.0,0.0,0.0003678648687489017,0.0003678648687489017,0.0007643075300777374,0.0007643075300777374,0.0008581518754278497,0.0008581518754278497,0.0007114074086552735,0.0007114074086552735,0.0007349693889015275,0.0007349693889015275,0.0005043575521968546,0.0005043575521968546,0.0003899585261792522,0.0003899585261792522,0.00035367483777591635,0.00035367483777591635,0.0003924986254798535,0.0003924986254798535,0.0,0.0,0.0,0.0,0.0,0.0,0.0,0.0,9.023614279975991e-6,9.023614279975991e-6,0.00029827320282002287,0.00029827320282002287
0.00022566725876756177,0.00022566725876756177,0.00033670693024664966,0.00033670693024664966,0.00043496297147229204,0.00043496297147229204,0.0005557304557363592,0.0005557304557363592,0.0005375860974851654,0.0005375860974851654,0.000493251731942309,0.000493251731942309,0.000792765764963857,0.000792765764963857,0.0006573670344954818,0.0006573670344954818,0.0,0.0,0.0003678648687489017,0.0003678648687489017,0.0007643075300777374,0.0007643075300777374,0.0008581518754278497,0.0008581518754278497,0.0007114074086552735,0.0007114074086552735,0.0007349693889015275,0.0007349693889015275,0.0005043575521968546,0.0005043575521968546,0.0003899585261792522,0.0003899585261792522,0.00035367483777591635,0.00035367483777591635,0.0003924986254798535,0.0003924986254798535,0.0,0.0,0.0,0.0,0.0,0.0,0.0,0.0,9.023614279975991e-6,9.023614279975991e-6,0.00029827320282002287,0.00029827320282002287
0.0001026522872761039,0.0001026522872761039,0.00022032560842209434,0.00022032560842209434,0.0002320672787845847,0.0002320672787845847,0.00028382808156054116,0.00028382808156054116,0.00016546916028029914,0.00016546916028029914,0.000203932093033269,0.000203932093033269,0.0003898141521959317,0.0003898141521959317,0.0004414480574457119,0.0004414480574457119,0.0,0.0,0.0006518424959435776,0.0006518424959435776,0.001800186535685637,0.001800186535685637,0.0026135073333167502,0.0026135073333167502,0.0021511321829614793,0.0021511321829614793,0.0016326551901273481,0.0016326551901273481,0.0009396887016838856,0.0009396887016838856,0.0006725998078609893,0.0006725998078609893,0.00044542401091579586,0.00044542401091579586,4.621011678139454e-5,4.621011678139454e-5,0.0,0.0,0.0,0.0,0.0,0.0,0.0,0.0,2.2811203384213167e-6,2.2811203384213167e-6,0.00017619030954536818,0.00017619030954536818
0.00023604584433729696,0.00023604584433729696,0.000392038245701172,0.000392038245701172,0.00040818787348741517,0.00040818787348741517,0.0004515676791859678,0.0004515676791859678,0.00029653325525961366,0.00029653325525961366,0.00035287781794873796,0.00035287781794873796,0.0005737846669964936,0.0005737846669964936,0.00034447660569546235,0.00034447660569546235,0.0,0.0,0.00034804667632794273,0.00034804667632794273,0.0008129463383373878,0.0008129463383373878,0.000775913669907112,0.000775913669907112,0.0007865666034261309,0.0007865666034261309,0.0006026119618423621,0.0006026119618423621,0.0003073797981401477,0.0003073797981401477,0.00030275340184212837,0.00030275340184212837,0.00044600110756984335,0.00044600110756984335,0.000286881871787735,0.000286881871787735,0.0,0.0,0.0,0.0,0.0,0.0,0.0,0.0,5.1685807340689355e-6,5.1685807340689355e-6,0.0002830777821188242,0.0002830777821188242
0.00023604584433729696,0.00023604584433729696,0.000392038245701172,0.000392038245701172,0.00040818787348741517,0.00040818787348741517,0.0004515676791859678,0.0004515676791859678,0.00029653325525961366,0.00029653325525961366,0.00035287781794873796,0.00035287781794873796,0.0005737846669964936,0.0005737846669964936,0.00034447660569546235,0.00034447660569546235,0.0,0.0,0.00034804667632794273,0.00034804667632794273,0.0008129463383373878,0.0008129463383373878,0.000775913669907112,0.000775913669907112,0.0007865666034261309,0.0007865666034261309,0.0006026119618423621,0.0006026119618423621,0.0003073797981401477,0.0003073797981401477,0.00030275340184212837,0.00030275340184212837,0.00044600110756984335,0.00044600110756984335,0.000286881871787735,0.000286881871787735,0.0,0.0,0.0,0.0,0.0,0.0,0.0,0.0,5.1685807340689355e-6,5.1685807340689355e-6,0.0002830777821188242,0.0002830777821188242
3.419671459276366e-5,3.419671459276366e-5,3.083524080452985e-5,3.083524080452985e-5,5.980581988078871e-5,5.980581988078871e-5,8.424097113656675e-5,8.424097113656675e-5,7.531801875293974e-5,7.531801875293974e-5,8.066862932164243e-5,8.066862932164243e-5,0.00016917133360104183,0.00016917133360104183,0.0001260137735529243,0.0001260137735529243,0.0,0.0,3.875910442698895e-5,3.875910442698895e-5,0.00020227722743361345,0.00020227722743361345,0.0002662490421712349,0.0002662490421712349,0.0003358116798595212,0.0003358116798595212,0.00023987917569237398,0.00023987917569237398,7.62802788767461e-5,7.62802788767461e-5,7.818700645822237e-5,7.818700645822237e-5,0.00014405282265574776,0.00014405282265574776,0.00011024146350835547,0.00011024146350835547,0.0,0.0,0.0,0.0,0.0,0.0,0.0,0.0,1.196341851472565e-6,1.196341851472565e-6,7.279165525248942e-5,7.279165525248942e-5
3.419671459276366e-5,3.419671459276366e-5,3.083524080452985e-5,3.083524080452985e-5,5.980581988078871e-5,5.980581988078871e-5,8.424097113656675e-5,8.424097113656675e-5,7.531801875293974e-5,7.531801875293974e-5,8.066862932164243e-5,8.066862932164243e-5,0.00016917133360104183,0.00016917133360104183,0.0001260137735529243,0.0001260137735529243,0.0,0.0,3.875910442698895e-5,3.875910442698895e-5,0.00020227722743361345,0.00020227722743361345,0.0002662490421712349,0.0002662490421712349,0.0003358116798595212,0.0003358116798595212,0.00023987917569237398,0.00023987917569237398,7.62802788767461e-5,7.62802788767461e-5,7.818700645822237e-5,7.818700645822237e-5,0.00014405282265574776,0.00014405282265574776,0.00011024146350835547,0.00011024146350835547,0.0,0.0,0.0,0.0,0.0,0.0,0.0,0.0,1.196341851472565e-6,1.196341851472565e-6,7.279165525248942e-5,7.279165525248942e-5
3.419671459276366e-5,3.419671459276366e-5,3.083524080452985e-5,3.083524080452985e-5,5.980581988078871e-5,5.980581988078871e-5,8.424097113656675e-5,8.424097113656675e-5,7.531801875293974e-5,7.531801875293974e-5,8.066862932164243e-5,8.066862932164243e-5,0.00016917133360104183,0.00016917133360104183,0.0001260137735529243,0.0001260137735529243,0.0,0.0,3.875910442698895e-5,3.875910442698895e-5,0.00020227722743361345,0.00020227722743361345,0.0002662490421712349,0.0002662490421712349,0.0003358116798595212,0.0003358116798595212,0.00023987917569237398,0.00023987917569237398,7.62802788767461e-5,7.62802788767461e-5,7.818700645822237e-5,7.818700645822237e-5,0.00014405282265574776,0.00014405282265574776,0.00011024146350835547,0.00011024146350835547,0.0,0.0,0.0,0.0,0.0,0.0,0.0,0.0,1.196341851472565e-6,1.196341851472565e-6,7.279165525248942e-5,7.279165525248942e-5
0.00011497667453878695,0.00011497667453878695,0.00020140811413196097,0.00020140811413196097,0.00028104107229538766,0.00028104107229538766,0.00032100027018962946,0.00032100027018962946,0.0002765136606977716,0.0002765136606977716,0.0003414383429634939,0.0003414383429634939,0.00035502464183433113,0.00035502464183433113,0.0004111423331952524,0.0004111423331952524,0.0,0.0,0.0002663493725194588,0.0002663493725194588,0.0005762473730591966,0.0005762473730591966,0.0007707499304932183,0.0007707499304932183,0.0007443273665979078,0.0007443273665979078,0.0006016296567954854,0.0006016296567954854,0.00036623492465445023,0.00036623492465445023,0.00036336279460785423,0.00036336279460785423,0.00044359822124367954,0.00044359822124367954,0.000306227148704161,0.000306227148704161,0.0,0.0,0.0,0.0,0.0,0.0,0.0,0.0,4.084696265456921e-6,4.084696265456921e-6,0.0001606662366696477,0.0001606662366696477
0.00011497667453878695,0.00011497667453878695,0.00020140811413196097,0.00020140811413196097,0.00028104107229538766,0.00028104107229538766,0.00032100027018962946,0.00032100027018962946,0.0002765136606977716,0.0002765136606977716,0.0003414383429634939,0.0003414383429634939,0.00035502464183433113,0.00035502464183433113,0.0004111423331952524,0.0004111423331952524,0.0,0.0,0.0002663493725194588,0.0002663493725194588,0.0005762473730591966,0.0005762473730591966,0.0007707499304932183,0.0007707499304932183,0.0007443273665979078,0.0007443273665979078,0.0006016296567954854,0.0006016296567954854,0.00036623492465445023,0.00036623492465445023,0.00036336279460785423,0.00036336279460785423,0.00044359822124367954,0.00044359822124367954,0.000306227148704161,0.000306227148704161,0.0,0.0,0.0,0.0,0.0,0.0,0.0,0.0,4.084696265456921e-6,4.084696265456921e-6,0.0001606662366696477,0.0001606662366696477
2.3292528196169372e-5,2.3292528196169372e-5,2.0407824151347058e-5,2.0407824151347058e-5,3.995494601094366e-5,3.995494601094366e-5,3.225548798644305e-5,3.225548798644305e-5,6.2910162018588e-5,6.2910162018588e-5,6.489722333338039e-5,6.489722333338039e-5,0.00010959412458038872,0.00010959412458038872,0.00010798265362082712,0.00010798265362082712,0.0,0.0,0.00016397267328902704,0.00016397267328902704,0.0005306884129076227,0.0005306884129076227,0.0010910717316580457,0.0010910717316580457,0.0009989098606387747,0.0009989098606387747,0.0006400552953389309,0.0006400552953389309,0.0002587614473363517,0.0002587614473363517,0.00016736462073318158,0.00016736462073318158,6.447926347681078e-5,6.447926347681078e-5,0.000169441627124795,0.000169441627124795,0.0,0.0,0.0,0.0,0.0,0.0,0.0,0.0,1.0837253676135861e-6,1.0837253676135861e-6,5.644182745563782e-5,5.644182745563782e-5
2.3292528196169372e-5,2.3292528196169372e-5,2.0407824151347058e-5,2.0407824151347058e-5,3.995494601094366e-5,3.995494601094366e-5,3.225548798644305e-5,3.225548798644305e-5,6.2910162018588e-5,6.2910162018588e-5,6.489722333338039e-5,6.489722333338039e-5,0.00010959412458038872,0.00010959412458038872,0.00010798265362082712,0.00010798265362082712,0.0,0.0,0.00016397267328902704,0.00016397267328902704,0.0005306884129076227,0.0005306884129076227,0.0010910717316580457,0.0010910717316580457,0.0009989098606387747,0.0009989098606387747,0.0006400552953389309,0.0006400552953389309,0.0002587614473363517,0.0002587614473363517,0.00016736462073318158,0.00016736462073318158,6.447926347681078e-5,6.447926347681078e-5,0.000169441627124795,0.000169441627124795,0.0,0.0,0.0,0.0,0.0,0.0,0.0,0.0,1.0837253676135861e-6,1.0837253676135861e-6,5.644182745563782e-5,5.644182745563782e-5
2.3292528196169372e-5,2.3292528196169372e-5,2.0407824151347058e-5,2.0407824151347058e-5,3.995494601094366e-5,3.995494601094366e-5,3.225548798644305e-5,3.225548798644305e-5,6.2910162018588e-5,6.2910162018588e-5,6.489722333338039e-5,6.489722333338039e-5,0.00010959412458038872,0.00010959412458038872,0.00010798265362082712,0.00010798265362082712,0.0,0.0,0.00016397267328902704,0.00016397267328902704,0.0005306884129076227,0.0005306884129076227,0.0010910717316580457,0.0010910717316580457,0.0009989098606387747,0.0009989098606387747,0.0006400552953389309,0.0006400552953389309,0.0002587614473363517,0.0002587614473363517,0.00016736462073318158,0.00016736462073318158,6.447926347681078e-5,6.447926347681078e-5,0.000169441627124795,0.000169441627124795,0.0,0.0,0.0,0.0,0.0,0.0,0.0,0.0,1.0837253676135861e-6,1.0837253676135861e-6,5.644182745563782e-5,5.644182745563782e-5
5.752200572874426e-5,5.752200572874426e-5,8.684091697273508e-5,8.684091697273508e-5,9.134010904388555e-5,9.134010904388555e-5,8.233180864309101e-5,8.233180864309101e-5,9.736827395196573e-5,9.736827395196573e-5,0.00010810039361496687,0.00010810039361496687,0.00018894181482076097,0.00018894181482076097,0.0001478352510188713,0.0001478352510188713,0.0,0.0,0.00022985789922394528,0.00022985789922394528,0.0005211920098081441,0.0005211920098081441,0.0005905748639951913,0.0005905748639951913,0.0005797892844707775,0.0005797892844707775,0.00048715526889327523,0.00048715526889327523,0.0002901943403822681,0.0002901943403822681,0.00020774345863559633,0.00020774345863559633,0.0001966115230620756,0.0001966115230620756,0.0003483431618426843,0.0003483431618426843,0.0,0.0,0.0,0.0,0.0,0.0,0.0,0.0,9.921199500673348e-7,9.921199500673348e-7,5.261454954234423e-5,5.261454954234423e-5
5.752200572874426e-5,5.752200572874426e-5,8.684091697273508e-5,8.684091697273508e-5,9.134010904388555e-5,9.134010904388555e-5,8.233180864309101e-5,8.233180864309101e-5,9.736827395196573e-5,9.736827395196573e-5,0.00010810039361496687,0.00010810039361496687,0.00018894181482076097,0.00018894181482076097,0.0001478352510188713,0.0001478352510188713,0.0,0.0,0.00022985789922394528,0.00022985789922394528,0.0005211920098081441,0.0005211920098081441,0.0005905748639951913,0.0005905748639951913,0.0005797892844707775,0.0005797892844707775,0.00048715526889327523,0.00048715526889327523,0.0002901943403822681,0.0002901943403822681,0.00020774345863559633,0.00020774345863559633,0.0001966115230620756,0.0001966115230620756,0.0003483431618426843,0.0003483431618426843,0.0,0.0,0.0,0.0,0.0,0.0,0.0,0.0,9.921199500673348e-7,9.921199500673348e-7,5.261454954234423e-5,5.261454954234423e-5
0.00010678807022019166,0.00010678807022019166,0.00014003638294226434,0.00014003638294226434,0.00014065315419761228,0.00014065315419761228,0.00026931770954038634,0.00026931770954038634,0.00013753935816127223,0.00013753935816127223,0.00018936181620561252,0.00018936181620561252,0.0004159153220649123,0.0004159153220649123,0.0003505309419097602,0.0003505309419097602,0.0,0.0,0.00021299301163671402,0.00021299301163671402,0.00041948983161174506,0.00041948983161174506,0.0008153529394219067,0.0008153529394219067,0.0005812749608991585,0.0005812749608991585,0.0004703743307907793,0.0004703743307907793,0.0002568338044150395,0.0002568338044150395,0.0003498684557490944,0.0003498684557490944,0.0004205321867199671,0.0004205321867199671,0.0003607419379099124,0.0003607419379099124,0.0,0.0,0.0,0.0,0.0,0.0,0.0,0.0,3.5346700183056727e-6,3.5346700183056727e-6,0.0002873971252400076,0.0002873971252400076
0.00010678807022019166,0.00010678807022019166,0.00014003638294226434,0.00014003638294226434,0.00014065315419761228,0.00014065315419761228,0.00026931770954038634,0.00026931770954038634,0.00013753935816127223,0.00013753935816127223,0.00018936181620561252,0.00018936181620561252,0.0004159153220649123,0.0004159153220649123,0.0003505309419097602,0.0003505309419097602,0.0,0.0,0.00021299301163671402,0.00021299301163671402,0.00041948983161174506,0.00041948983161174506,0.0008153529394219067,0.0008153529394219067,0.0005812749608991585,0.0005812749608991585,0.0004703743307907793,0.0004703743307907793,0.0002568338044150395,0.0002568338044150395,0.0003498684557490944,0.0003498684557490944,0.0004205321867199671,0.0004205321867199671,0.0003607419379099124,0.0003607419379099124,0.0,0.0,0.0,0.0,0.0,0.0,0.0,0.0,3.5346700183056727e-6,3.5346700183056727e-6,0.0002873971252400076,0.0002873971252400076
6.027793669210893e-5,6.027793669210893e-5,0.0001269582142394282,0.0001269582142394282,0.0002489835393993528,0.0002489835393993528,0.0002132122039771346,0.0002132122039771346,0.00024121462919842428,0.00024121462919842428,0.00017821540323996812,0.00017821540323996812,0.0005143459571008285,0.0005143459571008285,0.00033511184209958356,0.00033511184209958356,0.0,0.0,0.0008909195039566997,0.0008909195039566997,0.00234645798731338,0.00234645798731338,0.0034718803019335442,0.0034718803019335442,0.0027297346176937687,0.0027297346176937687,0.0018425536793518354,0.0018425536793518354,0.0010374581646993425,0.0010374581646993425,0.00033159092586087027,0.00033159092586087027,0.00020042484944926553,0.00020042484944926553,0.00029705860634987244,0.00029705860634987244,0.0,0.0,0.0,0.0,0.0,0.0,0.0,0.0,2.604469793816009e-6,2.604469793816009e-6,0.00010422394481590918,0.00010422394481590918
0.00011863842688155778,0.00011863842688155778,0.00019315588707029263,0.00019315588707029263,0.0001724064650785763,0.0001724064650785763,0.00027113252103248484,0.00027113252103248484,0.00022339575794176614,0.00022339575794176614,0.0002018143332310849,0.0002018143332310849,0.0003529794495138912,0.0003529794495138912,0.00018778450672863461,0.00018778450672863461,0.0,0.0,0.0001623495784427928,0.0001623495784427928,0.0004263789597898811,0.0004263789597898811,0.0006197510381469214,0.0006197510381469214,0.0006656418090442706,0.0006656418090442706,0.0004342445880087878,0.0004342445880087878,0.00022801343246832244,0.00022801343246832244,0.00027982200529535,0.00027982200529535,0.0003225031676958867,0.0003225031676958867,0.0004338355942748451,0.0004338355942748451,0.0,0.0,0.0,0.0,0.0,0.0,0.0,0.0,1.935172622661541e-6,1.935172622661541e-6,0.00020230007737854182,0.00020230007737854182
0.00011863842688155778,0.00011863842688155778,0.00019315588707029263,0.00019315588707029263,0.0001724064650785763,0.0001724064650785763,0.00027113252103248484,0.00027113252103248484,0.00022339575794176614,0.00022339575794176614,0.0002018143332310849,0.0002018143332310849,0.0003529794495138912,0.0003529794495138912,0.00018778450672863461,0.00018778450672863461,0.0,0.0,0.0001623495784427928,0.0001623495784427928,0.0004263789597898811,0.0004263789597898811,0.0006197510381469214,0.0006197510381469214,0.0006656418090442706,0.0006656418090442706,0.0004342445880087878,0.0004342445880087878,0.00022801343246832244,0.00022801343246832244,0.00027982200529535,0.00027982200529535,0.0003225031676958867,0.0003225031676958867,0.0004338355942748451,0.0004338355942748451,0.0,0.0,0.0,0.0,0.0,0.0,0.0,0.0,1.935172622661541e-6,1.935172622661541e-6,0.00020230007737854182,0.00020230007737854182
5.863535088027538e-5,5.863535088027538e-5,6.457590069059924e-5,6.457590069059924e-5,9.830139450518575e-5,9.830139450518575e-5,0.00016191921708376585,0.00016191921708376585,0.0001706175791601032,0.0001706175791601032,0.00012075714270914396,0.00012075714270914396,0.00023246845106564273,0.00023246845106564273,0.00024283420092878483,0.00024283420092878483,0.0,0.0,0.0002405868260723365,0.0002405868260723365,0.0003584942815570615,0.0003584942815570615,0.0005783781866074318,0.0005783781866074318,0.00048661724398441075,0.00048661724398441075,0.0003397769109083834,0.0003397769109083834,0.00023421942145886165,0.00023421942145886165,0.0002834622912405438,0.0002834622912405438,0.0003895048971023357,0.0003895048971023357,0.00024646369753963775,0.00024646369753963775,0.0,0.0,0.0,0.0,0.0,0.0,0.0,0.0,3.598583607252289e-6,3.598583607252289e-6,0.00019384005059532375,0.00019384005059532375
5.863535088027538e-5,5.863535088027538e-5,6.457590069059924e-5,6.457590069059924e-5,9.830139450518575e-5,9.830139450518575e-5,0.00016191921708376585,0.00016191921708376585,0.0001706175791601032,0.0001706175791601032,0.00012075714270914396,0.00012075714270914396,0.00023246845106564273,0.00023246845106564273,0.00024283420092878483,0.00024283420092878483,0.0,0.0,0.0002405868260723365,0.0002405868260723365,0.0003584942815570615,0.0003584942815570615,0.0005783781866074318,0.0005783781866074318,0.00048661724398441075,0.00048661724398441075,0.0003397769109083834,0.0003397769109083834,0.00023421942145886165,0.00023421942145886165,0.0002834622912405438,0.0002834622912405438,0.0003895048971023357,0.0003895048971023357,0.00024646369753963775,0.00024646369753963775,0.0,0.0,0.0,0.0,0.0,0.0,0.0,0.0,3.598583607252289e-6,3.598583607252289e-6,0.00019384005059532375,0.00019384005059532375
6.921439805749122e-5,6.921439805749122e-5,9.210496024788725e-5,9.210496024788725e-5,0.00011985551190955672,0.00011985551190955672,0.00019954354939989184,0.00019954354939989184,0.00016641425230883716,0.00016641425230883716,9.95146855545248e-5,9.95146855545248e-5,0.00022023940553745312,0.00022023940553745312,0.00026498638356187154,0.00026498638356187154,0.0,0.0,0.0002076039171226146,0.0002076039171226146,0.0003055983831049408,0.0003055983831049408,0.0006257106462454892,0.0006257106462454892,0.0005198693550135802,0.0005198693550135802,0.00033326963287480353,0.00033326963287480353,0.00023974191310455195,0.00023974191310455195,0.00031205662117508165,0.00031205662117508165,0.00034893544877812044,0.00034893544877812044,0.00031448114343131557,0.00031448114343131557,0.0,0.0,0.0,0.0,0.0,0.0,0.0,0.0,3.125775624023404e-6,3.125775624023404e-6,0.00026538676473598574,0.00026538676473598574
6.921439805749122e-5,6.921439805749122e-5,9.210496024788725e-5,9.210496024788725e-5,0.00011985551190955672,0.00011985551190955672,0.00019954354939989184,0.00019954354939989184,0.00016641425230883716,0.00016641425230883716,9.95146855545248e-5,9.95146855545248e-5,0.00022023940553745312,0.00022023940553745312,0.00026498638356187154,0.00026498638356187154,0.0,0.0,0.0002076039171226146,0.0002076039171226146,0.0003055983831049408,0.0003055983831049408,0.0006257106462454892,0.0006257106462454892,0.0005198693550135802,0.0005198693550135802,0.00033326963287480353,0.00033326963287480353,0.00023974191310455195,0.00023974191310455195,0.00031205662117508165,0.00031205662117508165,0.00034893544877812044,0.00034893544877812044,0.00031448114343131557,0.00031448114343131557,0.0,0.0,0.0,0.0,0.0,0.0,0.0,0.0,3.125775624023404e-6,3.125775624023404e-6,0.00026538676473598574,0.00026538676473598574
0.0002708409653034288,0.0002708409653034288,0.00035706919740349785,0.00035706919740349785,0.0004033512462259768,0.0004033512462259768,0.0007466096086069449,0.0007466096086069449,0.0007053680374229168,0.0007053680374229168,0.00033204157275706567,0.00033204157275706567,0.0007400270548009527,0.0007400270548009527,0.0005370674228365735,0.0005370674228365735,0.0,0.0,0.00030580361405768697,0.00030580361405768697,0.0009857491714730451,0.0009857491714730451,0.00162925760341949,0.00162925760341949,0.0013888762183453807,0.0013888762183453807,0.001040301532027478,0.001040301532027478,0.000765408240601867,0.000765408240601867,0.0008836321375001593,0.0008836321375001593,0.0011447225025158492,0.0011447225025158492,0.0008043163827763586,0.0008043163827763586,0.0,0.0,0.0,0.0,0.0,0.0,0.0,0.0,1.1885154529703485e-5,1.1885154529703485e-5,0.0005809579939494922,0.0005809579939494922
0.0004046414202330158,0.0004046414202330158,0.0005813577061099806,0.0005813577061099806,0.0006256646281632347,0.0006256646281632347,0.0008028127961598186,0.0008028127961598186,0.0007856032907409688,0.0007856032907409688,0.0006509481847090728,0.0006509481847090728,0.0010473050494114455,0.0010473050494114455,0.0004953642425208626,0.0004953642425208626,0.0,0.0,0.0008658708875741716,0.0008658708875741716,0.0016395531514880601,0.0016395531514880601,0.0014405480726461112,0.0014405480726461112,0.001541889244147221,0.001541889244147221,0.0012438541096069025,0.0012438541096069025,0.00043152239171417167,0.00043152239171417167,0.00044020388783281433,0.00044020388783281433,0.0008563237380252164,0.0008563237380252164,0.00045085735484715755,0.00045085735484715755,0.0,0.0,0.0,0.0,0.0,0.0,0.0,0.0,1.4941103583571928e-5,1.4941103583571928e-5,0.000599650851845171,0.000599650851845171
0.0001902613382390693,0.0001902613382390693,0.00021954059542395737,0.00021954059542395737,0.00034137999365850547,0.00034137999365850547,0.0002858252773147718,0.0002858252773147718,0.0004251657293059506,0.0004251657293059506,0.00037121984102864505,0.00037121984102864505,0.0005665375419455637,0.0005665375419455637,0.0006048495663525943,0.0006048495663525943,0.0,0.0,0.00030370118552576486,0.00030370118552576486,0.0006805750094193187,0.0006805750094193187,0.0010278922933885104,0.0010278922933885104,0.0007647504274873596,0.0007647504274873596,0.0003800682736895319,0.0003800682736895319,0.00028256977058081084,0.00028256977058081084,0.0002801493329034413,0.0002801493329034413,0.00023543741719013467,0.00023543741719013467,0.00035126958153327073,0.00035126958153327073,0.0,0.0,0.0,0.0,0.0,0.0,0.0,0.0,6.818367595668492e-6,6.818367595668492e-6,0.0002503970015530106,0.0002503970015530106
0.0001902613382390693,0.0001902613382390693,0.00021954059542395737,0.00021954059542395737,0.00034137999365850547,0.00034137999365850547,0.0002858252773147718,0.0002858252773147718,0.0004251657293059506,0.0004251657293059506,0.00037121984102864505,0.00037121984102864505,0.0005665375419455637,0.0005665375419455637,0.0006048495663525943,0.0006048495663525943,0.0,0.0,0.00030370118552576486,0.00030370118552576486,0.0006805750094193187,0.0006805750094193187,0.0010278922933885104,0.0010278922933885104,0.0007647504274873596,0.0007647504274873596,0.0003800682736895319,0.0003800682736895319,0.00028256977058081084,0.00028256977058081084,0.0002801493329034413,0.0002801493329034413,0.00023543741719013467,0.00023543741719013467,0.00035126958153327073,0.00035126958153327073,0.0,0.0,0.0,0.0,0.0,0.0,0.0,0.0,6.818367595668492e-6,6.818367595668492e-6,0.0002503970015530106,0.0002503970015530106
0.0003477031683286197,0.0003477031683286197,0.0005253017227316997,0.0005253017227316997,0.0004910831717247661,0.0004910831717247661,0.000772456295459599,0.000772456295459599,0.0007050992397871839,0.0007050992397871839,0.0007321522379564321,0.0007321522379564321,0.0010390910594594988,0.0010390910594594988,0.0013467617773353369,0.0013467617773353369,0.0,0.0,0.000703566036305725,0.000703566036305725,0.0010921648228643666,0.0010921648228643666,0.0018614278654206368,0.0018614278654206368,0.001465897892835688,0.001465897892835688,0.0007259607513466181,0.0007259607513466181,0.00044477271545808814,0.00044477271545808814,0.0006386961144614484,0.0006386961144614484,0.0009619650594740181,0.0009619650594740181,0.0007688359163308331,0.0007688359163308331,0.0,0.0,0.0,0.0,0.0,0.0,0.0,0.0,1.3719783576231605e-5,1.3719783576231605e-5,0.0007410465666087898,0.0007410465666087898
0.00024500874776099864,0.00024500874776099864,0.00046746853461178406,0.00046746853461178406,0.0005852934848409388,0.0005852934848409388,0.0008660307817170074,0.0008660307817170074,0.0007546195468828565,0.0007546195468828565,0.0008548942097983195,0.0008548942097983195,0.0014230466030693834,0.0014230466030693834,0.0013880260008963252,0.0013880260008963252,0.0,0.0,0.0005005000314191321,0.0005005000314191321,0.0018566741705512285,0.0018566741705512285,0.0028958315350558206,0.0028958315350558206,0.0027608742293590005,0.0027608742293590005,0.0015051418093275024,0.0015051418093275024,0.0008754669975847701,0.0008754669975847701,0.0011247843707019173,0.0011247843707019173,0.0009495349991975321,0.0009495349991975321,0.000363450490616795,0.000363450490616795,0.0,0.0,0.0,0.0,0.0,0.0,0.0,0.0,6.133223715866867e-6,6.133223715866867e-6,0.0003335275044945435,0.0003335275044945435
0.0004816340890930436,0.0004816340890930436,0.0006935971034671834,0.0006935971034671834,0.0009595316980232776,0.0009595316980232776,0.0012340369050602082,0.0012340369050602082,0.001092969488259786,0.001092969488259786,0.0010176604993261673,0.0010176604993261673,0.0016002003677962756,0.0016002003677962756,0.0014967136844624696,0.0014967136844624696,0.0,0.0,0.0006917477465068766,0.0006917477465068766,0.0009115876434308973,0.0009115876434308973,0.0017877445339191111,0.0017877445339191111,0.0006950156950448205,0.0006950156950448205,0.00038186152050957364,0.00038186152050957364,0.00021518694942185626,0.00021518694942185626,0.0003974355456399653,0.0003974355456399653,0.0003588719232036561,0.0003588719232036561,0.0006394433663120917,0.0006394433663120917,0.0,0.0,0.0,0.0,0.0,0.0,0.0,0.0,1.0953753143295194e-5,1.0953753143295194e-5,0.0005240600016204952,0.0005240600016204952
3.011871844341e-5,3.011871844341e-5,5.464998197914246e-5,5.464998197914246e-5,6.288616462999915e-5,6.288616462999915e-5,8.894335964039317e-5,8.894335964039317e-5,8.157278148527777e-5,8.157278148527777e-5,0.00010094206659035359,0.00010094206659035359,0.0001430316701767232,0.0001430316701767232,0.00022793042616430642,0.00022793042616430642,0.0,0.0,0.0002982717895655407,0.0002982717895655407,0.0009067572896644567,0.0009067572896644567,0.0013435099083539265,0.0013435099083539265,0.0014004372528451103,0.0014004372528451103,0.0010014624112047316,0.0010014624112047316,0.0005627661893500696,0.0005627661893500696,0.000274401398898793,0.000274401398898793,0.00016987238366964266,0.00016987238366964266,8.63198982967721e-5,8.63198982967721e-5,0.0,0.0,0.0,0.0,0.0,0.0,0.0,0.0,1.19084994667073e-6,1.19084994667073e-6,5.653590349122446e-5,5.653590349122446e-5
3.011871844341e-5,3.011871844341e-5,5.464998197914246e-5,5.464998197914246e-5,6.288616462999915e-5,6.288616462999915e-5,8.894335964039317e-5,8.894335964039317e-5,8.157278148527777e-5,8.157278148527777e-5,0.00010094206659035359,0.00010094206659035359,0.0001430316701767232,0.0001430316701767232,0.00022793042616430642,0.00022793042616430642,0.0,0.0,0.0002982717895655407,0.0002982717895655407,0.0009067572896644567,0.0009067572896644567,0.0013435099083539265,0.0013435099083539265,0.0014004372528451103,0.0014004372528451103,0.0010014624112047316,0.0010014624112047316,0.0005627661893500696,0.0005627661893500696,0.000274401398898793,0.000274401398898793,0.00016987238366964266,0.00016987238366964266,8.63198982967721e-5,8.63198982967721e-5,0.0,0.0,0.0,0.0,0.0,0.0,0.0,0.0,1.19084994667073e-6,1.19084994667073e-6,5.653590349122446e-5,5.653590349122446e-5
0.00030603769306299794,0.00030603769306299794,0.00020092113728719524,0.00020092113728719524,0.0002918486273794686,0.0002918486273794686,0.0003900069260903555,0.0003900069260903555,0.0003186084139938615,0.0003186084139938615,0.0002568910502081384,0.0002568910502081384,0.00030307026213463595,0.00030307026213463595,0.00044477267425314937,0.00044477267425314937,0.0,0.0,0.0006293844058133102,0.0006293844058133102,0.0018744622959892265,0.0018744622959892265,0.0019147455381086503,0.0019147455381086503,0.002574757556249807,0.002574757556249807,0.0018950986408529519,0.0018950986408529519,0.0007392795174910594,0.0007392795174910594,0.0005624398244605741,0.0005624398244605741,0.0002146479726282298,0.0002146479726282298,0.0007090209712642161,0.0007090209712642161,0.0,0.0,0.0,0.0,0.0,0.0,0.0,0.0,1.238575495753297e-5,1.238575495753297e-5,0.0006712064446478261,0.0006712064446478261
5.467530087036e-5,5.467530087036e-5,0.00015387716581650307,0.00015387716581650307,0.00015522984778507457,0.00015522984778507457,0.00022820142833779138,0.00022820142833779138,0.00020351925836703533,0.00020351925836703533,0.00010253562842170005,0.00010253562842170005,0.000353069163248218,0.000353069163248218,0.00024515980777586877,0.00024515980777586877,0.0,0.0,0.00037237766907516345,0.00037237766907516345,0.0010236703507598213,0.0010236703507598213,0.0011915735408091904,0.0011915735408091904,0.001009412119100661,0.001009412119100661,0.0008221148474411091,0.0008221148474411091,0.0004568810002250935,0.0004568810002250935,0.0003633097234156113,0.0003633097234156113,0.00032646195082169926,0.00032646195082169926,0.00016790170729133122,0.00016790170729133122,0.0,0.0,0.0,0.0,0.0,0.0,0.0,0.0,2.533991088682664e-6,2.533991088682664e-6,0.00012772975378689405,0.00012772975378689405
5.467530087036e-5,5.467530087036e-5,0.00015387716581650307,0.00015387716581650307,0.00015522984778507457,0.00015522984778507457,0.00022820142833779138,0.00022820142833779138,0.00020351925836703533,0.00020351925836703533,0.00010253562842170005,0.00010253562842170005,0.000353069163248218,0.000353069163248218,0.00024515980777586877,0.00024515980777586877,0.0,0.0,0.00037237766907516345,0.00037237766907516345,0.0010236703507598213,0.0010236703507598213,0.0011915735408091904,0.0011915735408091904,0.001009412119100661,0.001009412119100661,0.0008221148474411091,0.0008221148474411091,0.0004568810002250935,0.0004568810002250935,0.0003633097234156113,0.0003633097234156113,0.00032646195082169926,0.00032646195082169926,0.00016790170729133122,0.00016790170729133122,0.0,0.0,0.0,0.0,0.0,0.0,0.0,0.0,2.533991088682664e-6,2.533991088682664e-6,0.00012772975378689405,0.00012772975378689405
0.00012184274981457029,0.00012184274981457029,0.00018042505967812844,0.00018042505967812844,0.00025097585978631903,0.00025097585978631903,0.0003060102561113949,0.0003060102561113949,0.0002883590472941254,0.0002883590472941254,0.0002484277975870787,0.0002484277975870787,0.0005147683854069829,0.0005147683854069829,0.00032618308866394496,0.00032618308866394496,0.0,0.0,0.0002041506033493845,0.0002041506033493845,0.0004367584787422739,0.0004367584787422739,0.0005478912987049965,0.0005478912987049965,0.0005267930393379472,0.0005267930393379472,0.000536125233172282,0.000536125233172282,0.000332142126923448,0.000332142126923448,0.0003032751878071886,0.0003032751878071886,0.00048209383144445783,0.00048209383144445783,0.00038685067343386705,0.00038685067343386705,0.0,0.0,0.0,0.0,0.0,0.0,0.0,0.0,5.652482332289539e-6,5.652482332289539e-6,0.00025371378001516273,0.00025371378001516273
0.00012184274981457029,0.00012184274981457029,0.00018042505967812844,0.00018042505967812844,0.00025097585978631903,0.00025097585978631903,0.0003060102561113949,0.0003060102561113949,0.0002883590472941254,0.0002883590472941254,0.0002484277975870787,0.0002484277975870787,0.0005147683854069829,0.0005147683854069829,0.00032618308866394496,0.00032618308866394496,0.0,0.0,0.0002041506033493845,0.0002041506033493845,0.0004367584787422739,0.0004367584787422739,0.0005478912987049965,0.0005478912987049965,0.0005267930393379472,0.0005267930393379472,0.000536125233172282,0.000536125233172282,0.000332142126923448,0.000332142126923448,0.0003032751878071886,0.0003032751878071886,0.00048209383144445783,0.00048209383144445783,0.00038685067343386705,0.00038685067343386705,0.0,0.0,0.0,0.0,0.0,0.0,0.0,0.0,5.652482332289539e-6,5.652482332289539e-6,0.00025371378001516273,0.00025371378001516273
8.616899968814668e-5,8.616899968814668e-5,0.00012099014047344675,0.00012099014047344675,0.00015306318700085073,0.00015306318700085073,0.00023395190874923345,0.00023395190874923345,0.0001649288128146107,0.0001649288128146107,0.00019159375601543287,0.00019159375601543287,0.000457812532236649,0.000457812532236649,0.0003905939275842263,0.0003905939275842263,0.0,0.0,0.00020232263553353336,0.00020232263553353336,0.0004157371489312573,0.0004157371489312573,0.0007172517614522297,0.0007172517614522297,0.0006825272550127215,0.0006825272550127215,0.000542786491006985,0.000542786491006985,0.0002708244647941921,0.0002708244647941921,0.0003509442376339496,0.0003509442376339496,0.000390747079313615,0.000390747079313615,0.0003415517797377317,0.0003415517797377317,0.0,0.0,0.0,0.0,0.0,0.0,0.0,0.0,4.4591021112478214e-6,4.4591021112478214e-6,0.00026448284138200565,0.00026448284138200565
8.616899968814668e-5,8.616899968814668e-5,0.00012099014047344675,0.00012099014047344675,0.00015306318700085073,0.00015306318700085073,0.00023395190874923345,0.00023395190874923345,0.0001649288128146107,0.0001649288128146107,0.00019159375601543287,0.00019159375601543287,0.000457812532236649,0.000457812532236649,0.0003905939275842263,0.0003905939275842263,0.0,0.0,0.00020232263553353336,0.00020232263553353336,0.0004157371489312573,0.0004157371489312573,0.0007172517614522297,0.0007172517614522297,0.0006825272550127215,0.0006825272550127215,0.000542786491006985,0.000542786491006985,0.0002708244647941921,0.0002708244647941921,0.0003509442376339496,0.0003509442376339496,0.000390747079313615,0.000390747079313615,0.0003415517797377317,0.0003415517797377317,0.0,0.0,0.0,0.0,0.0,0.0,0.0,0.0,4.4591021112478214e-6,4.4591021112478214e-6,0.00026448284138200565,0.00026448284138200565
9.859426360306518e-5,9.859426360306518e-5,0.00023139588527179566,0.00023139588527179566,0.0003817189921458304,0.0003817189921458304,0.0006540458393540956,0.0006540458393540956,0.0010536559992376932,0.0010536559992376932,0.0007369775479305202,0.0007369775479305202,0.001445159261036097,0.001445159261036097,0.0013020438017485314,0.0013020438017485314,0.0,0.0,0.0011791824599747813,0.0011791824599747813,0.00242205003963146,0.00242205003963146,0.0024536882031724327,0.0024536882031724327,0.002394429929081232,0.002394429929081232,0.002407264616970467,0.002407264616970467,0.000998525156934063,0.000998525156934063,0.001002967903065033,0.001002967903065033,0.0009303265778345393,0.0009303265778345393,0.00036028733169281985,0.00036028733169281985,0.0,0.0,0.0,0.0,0.0,0.0,0.0,0.0,2.5511311646239448e-6,2.5511311646239448e-6,8.929227862244753e-5,8.929227862244753e-5
0.00048503962379433177,0.00048503962379433177,0.0007533820823540788,0.0007533820823540788,0.0009576246356293727,0.0009576246356293727,0.0008862663429369463,0.0008862663429369463,0.0009540394884052852,0.0009540394884052852,0.0008952635815624027,0.0008952635815624027,0.0013506593602260614,0.0013506593602260614,0.0008944214760433777,0.0008944214760433777,0.0,0.0,0.0007501969075950909,0.0007501969075950909,0.0019906214350799423,0.0019906214350799423,0.001619863777601746,0.001619863777601746,0.0017307479988382113,0.0017307479988382113,0.0014737481464447283,0.0014737481464447283,0.0003485690270536093,0.0003485690270536093,0.0006146949801780904,0.0006146949801780904,0.0006996717069900626,0.0006996717069900626,0.0005864203607586459,0.0005864203607586459,0.0,0.0,0.0,0.0,0.0,0.0,0.0,0.0,1.2229942825167325e-5,1.2229942825167325e-5,0.0005860457191484841,0.0005860457191484841
0.00013813270010318898,0.00013813270010318898,0.0002078666875303184,0.0002078666875303184,0.0001982836012196735,0.0001982836012196735,0.00013989349773457348,0.00013989349773457348,0.00019874861636919212,0.00019874861636919212,0.00023585504237925298,0.00023585504237925298,0.0004822813184368474,0.0004822813184368474,0.00032987631585880417,0.00032987631585880417,0.0,0.0,0.0006756603446270437,0.0006756603446270437,0.0015180062030108951,0.0015180062030108951,0.0012824755712727287,0.0012824755712727287,0.001127393583466807,0.001127393583466807,0.0009675725260888529,0.0009675725260888529,0.0005353385826400783,0.0005353385826400783,0.0004408166675575684,0.0004408166675575684,0.000501449476765059,0.000501449476765059,0.0008734805500898168,0.0008734805500898168,0.0,0.0,0.0,0.0,0.0,0.0,0.0,0.0,2.6711433139345743e-6,2.6711433139345743e-6,0.0001930864190605782,0.0001930864190605782
0.0001965257224137429,0.0001965257224137429,0.0003163920126839012,0.0003163920126839012,0.0004166521525247706,0.0004166521525247706,0.0004345099414990554,0.0004345099414990554,0.0004778902020753546,0.0004778902020753546,0.00025058621874060605,0.00025058621874060605,0.0006302742656707772,0.0006302742656707772,0.0005972595966896033,0.0005972595966896033,0.0,0.0,0.0006380834860726103,0.0006380834860726103,0.0018273852808183694,0.0018273852808183694,0.0020764199510784898,0.0020764199510784898,0.001740127121898416,0.001740127121898416,0.0016521759967704427,0.0016521759967704427,0.00087817222961524,0.00087817222961524,0.0006273481113116541,0.0006273481113116541,0.0006155409218861485,0.0006155409218861485,0.0003762105468393829,0.0003762105468393829,0.0,0.0,0.0,0.0,0.0,0.0,0.0,0.0,6.4499435736129125e-6,6.4499435736129125e-6,0.0003547149830487352,0.0003547149830487352
0.0003868661071820302,0.0003868661071820302,0.0005270193452072969,0.0005270193452072969,0.00046502729381669994,0.00046502729381669994,0.0006281434672876229,0.0006281434672876229,0.0004935197983902961,0.0004935197983902961,0.000492893898083515,0.000492893898083515,0.0009732827043013315,0.0009732827043013315,0.0010894172006131742,0.0010894172006131742,0.0,0.0,0.0002626082006405295,0.0002626082006405295,0.0008127484522401293,0.0008127484522401293,0.0007617387688185415,0.0007617387688185415,0.0010743955107573866,0.0010743955107573866,0.00046205436754927914,0.00046205436754927914,0.0004622066631266228,0.0004622066631266228,0.000420737598942178,0.000420737598942178,0.0006816774315070717,0.0006816774315070717,0.0008979541684195555,0.0008979541684195555,0.0,0.0,0.0,0.0,0.0,0.0,0.0,0.0,1.3765192231626343e-5,1.3765192231626343e-5,0.0006476276779481052,0.0006476276779481052
0.00034537711945019714,0.00034537711945019714,0.0005155394402785868,0.0005155394402785868,0.0008144769927844256,0.0008144769927844256,0.001220987368814784,0.001220987368814784,0.001032421903412864,0.001032421903412864,0.001019960161498315,0.001019960161498315,0.0016049423197184304,0.0016049423197184304,0.0010454891412093326,0.0010454891412093326,0.0,0.0,0.0004741031524490569,0.0004741031524490569,0.001203461446237404,0.001203461446237404,0.0018239808095583537,0.0018239808095583537,0.0017420620596544367,0.0017420620596544367,0.0015390500220662379,0.0015390500220662379,0.0007693609652280123,0.0007693609652280123,0.001080967305026409,0.001080967305026409,0.0010696355203645425,0.0010696355203645425,0.000891967922671412,0.000891967922671412,0.0,0.0,0.0,0.0,0.0,0.0,0.0,0.0,1.3536360917979179e-5,1.3536360917979179e-5,0.000753672590686108,0.000753672590686108
0.0001466118341517022,0.0001466118341517022,0.00021029472034832242,0.00021029472034832242,0.00025997522669195944,0.00025997522669195944,0.00026026560217872266,0.00026026560217872266,0.0002080099028276567,0.0002080099028276567,0.00022382472950128324,0.00022382472950128324,0.0004343584702123232,0.0004343584702123232,0.0005022830180115845,0.0005022830180115845,0.0,0.0,0.00040381559454982785,0.00040381559454982785,0.0017429283244942972,0.0017429283244942972,0.0021969334769759846,0.0021969334769759846,0.0022732634645714622,0.0022732634645714622,0.002045926312997756,0.002045926312997756,0.0009688338845847272,0.0009688338845847272,0.00030297823395688747,0.00030297823395688747,0.0004987448610499629,0.0004987448610499629,0.0007419709636570584,0.0007419709636570584,0.0,0.0,0.0,0.0,0.0,0.0,0.0,0.0,3.006127935149702e-6,3.006127935149702e-6,0.00023994140103298853,0.00023994140103298853
0.00026759647103790155,0.00026759647103790155,0.00032559808303338905,0.00032559808303338905,0.00032699984513122685,0.00032699984513122685,0.0004876507662786092,0.0004876507662786092,0.0003602055361720917,0.0003602055361720917,0.0005032430412894168,0.0005032430412894168,0.000826306154226665,0.000826306154226665,0.0006449445354506644,0.0006449445354506644,0.0,0.0,0.00021427304151558357,0.00021427304151558357,0.0007696588091664312,0.0007696588091664312,0.0013477828923285085,0.0013477828923285085,0.0012030552542954265,0.0012030552542954265,0.0008307043378151073,0.0008307043378151073,0.0005768900700992979,0.0005768900700992979,0.000449633830257673,0.000449633830257673,0.0007345923793436737,0.0007345923793436737,0.0004159108323884969,0.0004159108323884969,0.0,0.0,0.0,0.0,0.0,0.0,0.0,0.0,1.0118985482444171e-5,1.0118985482444171e-5,0.0005854218829473082,0.0005854218829473082
0.0005517133115766695,0.0005517133115766695,0.0006601002752672502,0.0006601002752672502,0.0008330102210208842,0.0008330102210208842,0.0009759964030289989,0.0009759964030289989,0.0010419530578048147,0.0010419530578048147,0.0006617329927331023,0.0006617329927331023,0.0015460656127432304,0.0015460656127432304,0.0012744217957017523,0.0012744217957017523,0.0,0.0,0.0008342023434121382,0.0008342023434121382,0.002348288324504358,0.002348288324504358,0.00205902595097103,0.00205902595097103,0.0016583174834208236,0.0016583174834208236,0.0008263540821461524,0.0008263540821461524,0.00040497134382044483,0.00040497134382044483,0.0003430900837230258,0.0003430900837230258,0.0005460857078836284,0.0005460857078836284,0.0007912697390996953,0.0007912697390996953,0.0,0.0,0.0,0.0,0.0,0.0,0.0,0.0,1.3804516578256915e-5,1.3804516578256915e-5,0.0008131055984372249,0.0008131055984372249
0.00021214119381002781,0.00021214119381002781,0.0003572315507569049,0.0003572315507569049,0.0003796632392845216,0.0003796632392845216,0.00037517959383314564,0.00037517959383314564,0.00035188905505526696,0.00035188905505526696,0.000678429601592874,0.000678429601592874,0.0006812093204902753,0.0006812093204902753,0.0006071836124751373,0.0006071836124751373,0.0,0.0,0.0006421959820131773,0.0006421959820131773,0.0012252137369316851,0.0012252137369316851,0.0013415931736450726,0.0013415931736450726,0.0012037862849314518,0.0012037862849314518,0.0010637848818087284,0.0010637848818087284,0.0005752254458536513,0.0005752254458536513,0.0005985341518203666,0.0005985341518203666,0.0008714077625974481,0.0008714077625974481,0.0009256307074595252,0.0009256307074595252,0.0,0.0,0.0,0.0,0.0,0.0,0.0,0.0,4.1129033227426065e-6,4.1129033227426065e-6,0.0001873696784409143,0.0001873696784409143
0.0005168871011063461,0.0005168871011063461,0.0008108343655963274,0.0008108343655963274,0.0008863408430409905,0.0008863408430409905,0.0013509193184001941,0.0013509193184001941,0.0011377109923372472,0.0011377109923372472,0.0009932774459890312,0.0009932774459890312,0.0018628601941235584,0.0018628601941235584,0.0014057371507057437,0.0014057371507057437,0.0,0.0,0.0004938150181154621,0.0004938150181154621,0.0016627789946714738,0.0016627789946714738,0.0016680233513868964,0.0016680233513868964,0.0015761308624779868,0.0015761308624779868,0.001593113510428422,0.001593113510428422,0.0009138536157204599,0.0009138536157204599,0.0007102183827065942,0.0007102183827065942,0.00107130271209821,0.00107130271209821,0.0008876265620329331,0.0008876265620329331,0.0,0.0,0.0,0.0,0.0,0.0,0.0,0.0,1.7640515632712283e-5,1.7640515632712283e-5,0.0005492107952468697,0.0005492107952468697
0.0003780346638891305,0.0003780346638891305,0.0006197476585620421,0.0006197476585620421,0.0005622663757064855,0.0005622663757064855,0.0007090630330984782,0.0007090630330984782,0.000949406322331349,0.000949406322331349,0.0007928042390036028,0.0007928042390036028,0.0010581722715222452,0.0010581722715222452,0.0011379865754423402,0.0011379865754423402,0.0,0.0,0.0006175639741805572,0.0006175639741805572,0.0007981606866697688,0.0007981606866697688,0.0013182288410463622,0.0013182288410463622,0.0013871309185367053,0.0013871309185367053,0.000338906015593176,0.000338906015593176,0.0003930513026182761,0.0003930513026182761,0.00044017654890052965,0.00044017654890052965,0.0008167235760962732,0.0008167235760962732,0.0009134860033669576,0.0009134860033669576,0.0,0.0,0.0,0.0,0.0,0.0,0.0,0.0,1.250791461987965e-5,1.250791461987965e-5,0.000722272982155131,0.000722272982155131
0.00034870953788748715,0.00034870953788748715,0.001161599992256318,0.001161599992256318,0.0007182864589268603,0.0007182864589268603,0.0004289179715798938,0.0004289179715798938,0.0003314659773529273,0.0003314659773529273,0.0005375529813088017,0.0005375529813088017,0.0009524360167661311,0.0009524360167661311,0.0008061221665393858,0.0008061221665393858,0.0,0.0,0.0009610160452403482,0.0009610160452403482,0.002168077212509084,0.002168077212509084,0.002524291964085823,0.002524291964085823,0.002702480362189341,0.002702480362189341,0.002114574257170418,0.002114574257170418,0.0012198964672985452,0.0012198964672985452,0.0013205390827136648,0.0013205390827136648,0.0010216313684799916,0.0010216313684799916,0.0012385936567062758,0.0012385936567062758,0.0,0.0,0.0,0.0,0.0,0.0,0.0,0.0,2.504140252525505e-5,2.504140252525505e-5,0.0005704248783024238,0.0005704248783024238
0.0003598895082497326,0.0003598895082497326,0.0006392522517589816,0.0006392522517589816,0.0008698362011591576,0.0008698362011591576,0.0011461836999130323,0.0011461836999130323,0.0011736732261943827,0.0011736732261943827,0.000981590790491843,0.000981590790491843,0.0015766666299379672,0.0015766666299379672,0.0009753889146748573,0.0009753889146748573,0.0,0.0,0.0007586975403864882,0.0007586975403864882,0.001250893935606151,0.001250893935606151,0.0017256800614023488,0.0017256800614023488,0.001683074624276193,0.001683074624276193,0.0015615620078360745,0.0015615620078360745,0.0006703598591787097,0.0006703598591787097,0.0009519967080609537,0.0009519967080609537,0.0011740213456665483,0.0011740213456665483,0.0009644651787857547,0.0009644651787857547,0.0,0.0,0.0,0.0,0.0,0.0,0.0,0.0,1.6971138249111226e-5,1.6971138249111226e-5,0.0008111860443081598,0.0008111860443081598
0.00014228058327406517,0.00014228058327406517,0.0003132347350920939,0.0003132347350920939,0.00031589332659738567,0.00031589332659738567,0.0004227180811191833,0.0004227180811191833,0.0003722838080920665,0.0003722838080920665,0.00023872258423158176,0.00023872258423158176,0.0002972959300868959,0.0002972959300868959,0.00036340057951533833,0.00036340057951533833,0.0,0.0,0.0005126483821937811,0.0005126483821937811,0.0013457775890250087,0.0013457775890250087,0.0019467046736072885,0.0019467046736072885,0.002145843391318847,0.002145843391318847,0.0018924676828227238,0.0018924676828227238,0.0009857277164085632,0.0009857277164085632,0.0007717944821581252,0.0007717944821581252,0.0008617454595745561,0.0008617454595745561,0.0005238157733609729,0.0005238157733609729,0.0,0.0,0.0,0.0,0.0,0.0,0.0,0.0,5.232889933917174e-6,5.232889933917174e-6,0.0002036144656843101,0.0002036144656843101
0.00014795258011701586,0.00014795258011701586,0.00021968010613486813,0.00021968010613486813,0.00032762816950545823,0.00032762816950545823,0.0005551496690808164,0.0005551496690808164,0.0005014129767457291,0.0005014129767457291,0.00034071852007131614,0.00034071852007131614,0.0008450638830009363,0.0008450638830009363,0.0007491981950829285,0.0007491981950829285,0.0,0.0,0.0007341022934174157,0.0007341022934174157,0.0021183798446794966,0.0021183798446794966,0.0029242062742290964,0.0029242062742290964,0.003182759463054907,0.003182759463054907,0.002311152119026036,0.002311152119026036,0.0009482842072379566,0.0009482842072379566,0.0004780554556684871,0.0004780554556684871,0.00044988595982019264,0.00044988595982019264,0.0011635581228241904,0.0011635581228241904,0.0,0.0,0.0,0.0,0.0,0.0,0.0,0.0,2.4692739734992486e-6,2.4692739734992486e-6,0.00019823253248179087,0.00019823253248179087
0.00019240088560291274,0.00019240088560291274,0.0002251972630867398,0.0002251972630867398,0.00028953245190130317,0.00028953245190130317,0.00042012294766355374,0.00042012294766355374,0.0003172696244042837,0.0003172696244042837,0.0003407920561863259,0.0003407920561863259,0.0005760113481401222,0.0005760113481401222,0.0006179447471707789,0.0006179447471707789,0.0,0.0,0.0004505276369730915,0.0004505276369730915,0.0008456339108697947,0.0008456339108697947,0.0014106710278902201,0.0014106710278902201,0.001076202231473422,0.001076202231473422,0.0009283221445168487,0.0009283221445168487,0.000489039100779045,0.000489039100779045,0.0006685632349113443,0.0006685632349113443,0.0008468977374267023,0.0008468977374267023,0.0007509885014706195,0.0007509885014706195,0.0,0.0,0.0,0.0,0.0,0.0,0.0,0.0,6.887183333244111e-6,6.887183333244111e-6,0.0005114382594510886,0.0005114382594510886
0.00010719485267923247,0.00010719485267923247,0.00013234698361292221,0.00013234698361292221,0.00012278640378181587,0.00012278640378181587,0.00014918521350900608,0.00014918521350900608,0.0001302331807860914,0.0001302331807860914,0.00020679591617892706,0.00020679591617892706,0.0003031911949340216,0.0003031911949340216,0.00044435694696172423,0.00044435694696172423,0.0,0.0,0.0005027906135029458,0.0005027906135029458,0.0018312816274949628,0.0018312816274949628,0.0023701501567281735,0.0023701501567281735,0.002809924378285533,0.002809924378285533,0.002125107641870516,0.002125107641870516,0.0009780045971535326,0.0009780045971535326,0.0004626308912800345,0.0004626308912800345,0.0003237999609600334,0.0003237999609600334,0.0001990689489417899,0.0001990689489417899,0.0,0.0,0.0,0.0,0.0,0.0,0.0,0.0,2.3376908283254545e-6,2.3376908283254545e-6,0.00012819255404328527,0.00012819255404328527
0.00017997096092565827,0.00017997096092565827,0.00025066938914920095,0.00025066938914920095,0.00038640765425921805,0.00038640765425921805,0.0003613683243610215,0.0003613683243610215,0.0004677786022768901,0.0004677786022768901,0.0004617853280397023,0.0004617853280397023,0.0005975421066339026,0.0005975421066339026,0.0005010207312646231,0.0005010207312646231,0.0,0.0,0.0004685522183424662,0.0004685522183424662,0.0015889505530513118,0.0015889505530513118,0.0014735526323338966,0.0014735526323338966,0.0012430192657735262,0.0012430192657735262,0.0011375263500645674,0.0011375263500645674,0.0005578425589894201,0.0005578425589894201,0.0003886613550489089,0.0003886613550489089,0.0007023254055385925,0.0007023254055385925,0.0008416613531696537,0.0008416613531696537,0.0,0.0,0.0,0.0,0.0,0.0,0.0,0.0,4.726500815233477e-6,4.726500815233477e-6,0.00022809237007622753,0.00022809237007622753
0.0003723634837892939,0.0003723634837892939,0.0008602221835826845,0.0008602221835826845,0.00044946609459899783,0.00044946609459899783,0.0005124254621423352,0.0005124254621423352,0.00035180197868805996,0.00035180197868805996,0.0004882680015723048,0.0004882680015723048,0.0009126406413524912,0.0009126406413524912,0.0012049344608195955,0.0012049344608195955,0.0,0.0,0.0005272130275891795,0.0005272130275891795,0.0018403708460946466,0.0018403708460946466,0.0022267515932350573,0.0022267515932350573,0.0024830054711042493,0.0024830054711042493,0.0015634738565913006,0.0015634738565913006,0.0011226418748976758,0.0011226418748976758,0.0010436029414466752,0.0010436029414466752,0.0011943738619434319,0.0011943738619434319,0.0017038384077984262,0.0017038384077984262,0.0,0.0,0.0,0.0,0.0,0.0,0.0,0.0,1.686253028492532e-5,1.686253028492532e-5,0.0008306370517811232,0.0008306370517811232
0.0007172751661961574,0.0007172751661961574,0.0009738662578263613,0.0009738662578263613,0.001283607681934612,0.001283607681934612,0.00111188047424738,0.00111188047424738,0.0008778517953904885,0.0008778517953904885,0.0005854591414301488,0.0005854591414301488,0.0011217329734949932,0.0011217329734949932,0.0018374199937831182,0.0018374199937831182,0.0,0.0,0.0013066304943259444,0.0013066304943259444,0.002515961189906782,0.002515961189906782,0.004003651650960088,0.004003651650960088,0.005058922355939188,0.005058922355939188,0.0037288781651459435,0.0037288781651459435,0.0016384330848680517,0.0016384330848680517,0.0014371306519449928,0.0014371306519449928,0.001296523158676427,0.001296523158676427,0.000906303294149341,0.000906303294149341,0.0,0.0,0.0,0.0,0.0,0.0,0.0,0.0,3.7385701198353744e-5,3.7385701198353744e-5,0.0017539296791684589,0.0017539296791684589
0.0005252998037556973,0.0005252998037556973,0.0009986239653353157,0.0009986239653353157,0.0007769478485022963,0.0007769478485022963,0.0005676251818930306,0.0005676251818930306,0.0004695587750149048,0.0004695587750149048,0.0004236645342425155,0.0004236645342425155,0.0008350885402856056,0.0008350885402856056,0.0010927859305147058,0.0010927859305147058,0.0,0.0,0.0011802399139711484,0.0011802399139711484,0.0022656212981659735,0.0022656212981659735,0.003122416800529798,0.003122416800529798,0.0032733582398676297,0.0032733582398676297,0.0020386370286198247,0.0020386370286198247,0.0016626922801175892,0.0016626922801175892,0.001683554708585333,0.001683554708585333,0.0012402498038241727,0.0012402498038241727,0.0015395498205796748,0.0015395498205796748,0.0,0.0,0.0,0.0,0.0,0.0,0.0,0.0,6.5970061634551135e-6,6.5970061634551135e-6,0.0005105437185129735,0.0005105437185129735
0.00020239194432028658,0.00020239194432028658,0.0003955904638441171,0.0003955904638441171,0.0003984811223980457,0.0003984811223980457,0.0004679061664020316,0.0004679061664020316,0.0005809555945177798,0.0005809555945177798,0.000525170980040339,0.000525170980040339,0.0007515922694821195,0.0007515922694821195,0.00013748366434855608,0.00013748366434855608,0.0,0.0,0.00042585130629191337,0.00042585130629191337,0.0009188959963639179,0.0009188959963639179,0.0013282267952823695,0.0013282267952823695,0.0011995793469604665,0.0011995793469604665,0.0008376931602546885,0.0008376931602546885,0.0005249036874067012,0.0005249036874067012,0.0005144978443602025,0.0005144978443602025,0.0007647122219431729,0.0007647122219431729,0.0009149297437394746,0.0009149297437394746,0.0,0.0,0.0,0.0,0.0,0.0,0.0,0.0,6.331421662533277e-6,6.331421662533277e-6,0.00060977561200979,0.00060977561200979
0.00012688471812140854,0.00012688471812140854,0.00024634188034715343,0.00024634188034715343,0.0003087835814521121,0.0003087835814521121,0.00035201932368844613,0.00035201932368844613,0.0002914388481914266,0.0002914388481914266,0.00036602939945215573,0.00036602939945215573,0.0005495460653860348,0.0005495460653860348,0.0006204054110329205,0.0006204054110329205,0.0,0.0,0.0004761349223175726,0.0004761349223175726,0.0017945442701145231,0.0017945442701145231,0.0025650407969839417,0.0025650407969839417,0.002976830139637343,0.002976830139637343,0.0022757775853822493,0.0022757775853822493,0.0009877859981425319,0.0009877859981425319,0.00057751454232563,0.00057751454232563,0.000725188382614636,0.000725188382614636,0.0012029819604401568,0.0012029819604401568,0.0,0.0,0.0,0.0,0.0,0.0,0.0,0.0,4.812079863879894e-6,4.812079863879894e-6,0.00020161925402060153,0.00020161925402060153
0.00011510721139476425,0.00011510721139476425,0.0001542139387643443,0.0001542139387643443,0.00017120548459047084,0.00017120548459047084,0.00021634244196380714,0.00021634244196380714,0.0001383837944198595,0.0001383837944198595,0.00017203372556048868,0.00017203372556048868,0.0002776697735593289,0.0002776697735593289,0.00026016921652215197,0.00026016921652215197,0.0,0.0,0.0003109567134442076,0.0003109567134442076,0.0010214972075758555,0.0010214972075758555,0.0015320652156809722,0.0015320652156809722,0.0016826575067956373,0.0016826575067956373,0.001032037551343068,0.001032037551343068,0.0005863247018870546,0.0005863247018870546,0.0003443776658248812,0.0003443776658248812,0.00019778635164148517,0.00019778635164148517,0.00024754820158692965,0.00024754820158692965,0.0,0.0,0.0,0.0,0.0,0.0,0.0,0.0,3.0619199749411198e-6,3.0619199749411198e-6,0.0001688968350488096,0.0001688968350488096
0.00011504401145748851,0.00011504401145748851,0.00017368183394547015,0.00017368183394547015,0.0001826802180877711,0.0001826802180877711,0.00016466361728618203,0.00016466361728618203,0.00019473654790393147,0.00019473654790393147,0.00021620078722993374,0.00021620078722993374,0.00037788362964152195,0.00037788362964152195,0.0002956705020377426,0.0002956705020377426,0.0,0.0,0.00045971579844789057,0.00045971579844789057,0.0010423840196162881,0.0010423840196162881,0.0011811497279903826,0.0011811497279903826,0.001159578568941555,0.001159578568941555,0.0009743105377865505,0.0009743105377865505,0.0005803886807645361,0.0005803886807645361,0.00041548691727119266,0.00041548691727119266,0.0003932230461241512,0.0003932230461241512,0.0006966863236853686,0.0006966863236853686,0.0,0.0,0.0,0.0,0.0,0.0,0.0,0.0,1.9842399001346697e-6,1.9842399001346697e-6,0.00010522909908468846,0.00010522909908468846
0.00029118413646046955,0.00029118413646046955,0.0004309312078423985,0.0004309312078423985,0.0008095382933085565,0.0008095382933085565,0.0011480230533975483,0.0011480230533975483,0.0011939171436978202,0.0011939171436978202,0.0013048271991187438,0.0013048271991187438,0.002226020793184541,0.002226020793184541,0.002219999985391463,0.002219999985391463,0.0,0.0,0.0016813674153025593,0.0016813674153025593,0.002830538490861831,0.002830538490861831,0.0024634580135807077,0.0024634580135807077,0.002395796813031259,0.002395796813031259,0.0017825344910966864,0.0017825344910966864,0.0012931189214303307,0.0012931189214303307,0.001358695561253065,0.001358695561253065,0.0016272619388919274,0.0016272619388919274,0.001227037044827517,0.001227037044827517,0.0,0.0,0.0,0.0,0.0,0.0,0.0,0.0,6.1837859041406935e-6,6.1837859041406935e-6,0.00035639959896576964,0.00035639959896576964
0.00014594137683144118,0.00014594137683144118,0.0002508298285471347,0.0002508298285471347,0.00020740518443632637,0.00020740518443632637,0.0002770808560709163,0.0002770808560709163,0.0003497751787677715,0.0003497751787677715,0.00024820657818696266,0.00024820657818696266,0.00046009218122941564,0.00046009218122941564,0.0002812062990938252,0.0002812062990938252,0.0,0.0,0.000531368185364256,0.000531368185364256,0.0016926533520463874,0.0016926533520463874,0.0022027098055746874,0.0022027098055746874,0.002015382230620366,0.002015382230620366,0.0013022189244388388,0.0013022189244388388,0.0006575225546037594,0.0006575225546037594,0.0005631928692296992,0.0005631928692296992,0.0003471547032590991,0.0003471547032590991,0.0005583614396807574,0.0005583614396807574,0.0,0.0,0.0,0.0,0.0,0.0,0.0,0.0,2.714454920046066e-6,2.714454920046066e-6,0.00016184017209899294,0.00016184017209899294
0.0003705351865730677,0.0003705351865730677,0.000528635666735236,0.000528635666735236,0.0006229025461281651,0.0006229025461281651,0.000807057426894596,0.000807057426894596,0.0006472668474404586,0.0006472668474404586,0.0007286175461604025,0.0007286175461604025,0.001021899004141305,0.001021899004141305,0.0016835028287142118,0.0016835028287142118,0.0,0.0,0.0008425646749285476,0.0008425646749285476,0.0012164927699434558,0.0012164927699434558,0.0015129297820101056,0.0015129297820101056,0.0014907702785207366,0.0014907702785207366,0.001608783072588528,0.001608783072588528,0.000851640123148624,0.000851640123148624,0.0005753070255545834,0.0005753070255545834,0.0004449770506733744,0.0004449770506733744,0.00046913158514328215,0.00046913158514328215,0.0,0.0,0.0,0.0,0.0,0.0,0.0,0.0,9.553353475490179e-6,9.553353475490179e-6,0.00048531638578267963,0.00048531638578267963
0.00021363425348848095,0.00021363425348848095,0.0003517047962891817,0.0003517047962891817,0.0004213747398024506,0.0004213747398024506,0.00044033133449914927,0.00044033133449914927,0.0003743109520366328,0.0003743109520366328,0.0003262386444790634,0.0003262386444790634,0.0007114569796931314,0.0007114569796931314,0.0005340324877352309,0.0005340324877352309,0.0,0.0,0.00030062247413137344,0.00030062247413137344,0.0009116122699843916,0.0009116122699843916,0.0011342255003381554,0.0011342255003381554,0.0011397502229754108,0.0011397502229754108,0.0007716912249782978,0.0007716912249782978,0.0004850059576374799,0.0004850059576374799,0.0005027592923214086,0.0005027592923214086,0.0008056705115936924,0.0008056705115936924,0.0008510327655722426,0.0008510327655722426,0.0,0.0,0.0,0.0,0.0,0.0,0.0,0.0,7.858099084117611e-6,7.858099084117611e-6,0.0005064161481939181,0.0005064161481939181
0.00021425858257807968,0.00021425858257807968,0.000380349525456479,0.000380349525456479,0.00030947860223777546,0.00030947860223777546,0.0004932988263949625,0.0004932988263949625,0.00023558205348497493,0.00023558205348497493,0.00020393774965750053,0.00020393774965750053,0.00040690215392216386,0.00040690215392216386,0.0004622049274644324,0.0004622049274644324,0.0,0.0,0.0005011755396061301,0.0005011755396061301,0.0015984336872982424,0.0015984336872982424,0.0018449805805592912,0.0018449805805592912,0.0017343502598017313,0.0017343502598017313,0.0014661141916805856,0.0014661141916805856,0.0007275436974270508,0.0007275436974270508,0.0005752962123947991,0.0005752962123947991,0.0003138651607419579,0.0003138651607419579,0.0001796142342117904,0.0001796142342117904,0.0,0.0,0.0,0.0,0.0,0.0,0.0,0.0,5.369408714469518e-6,5.369408714469518e-6,0.0002663424488003087,0.0002663424488003087
0.00030603769306299794,0.00030603769306299794,0.00020092113728719524,0.00020092113728719524,0.0002918486273794686,0.0002918486273794686,0.0003900069260903555,0.0003900069260903555,0.0003186084139938615,0.0003186084139938615,0.0002568910502081384,0.0002568910502081384,0.00030307026213463595,0.00030307026213463595,0.00044477267425314937,0.00044477267425314937,0.0,0.0,0.0006293844058133102,0.0006293844058133102,0.0018744622959892265,0.0018744622959892265,0.0019147455381086503,0.0019147455381086503,0.002574757556249807,0.002574757556249807,0.0018950986408529519,0.0018950986408529519,0.0007392795174910594,0.0007392795174910594,0.0005624398244605741,0.0005624398244605741,0.0002146479726282298,0.0002146479726282298,0.0007090209712642161,0.0007090209712642161,0.0,0.0,0.0,0.0,0.0,0.0,0.0,0.0,1.238575495753297e-5,1.238575495753297e-5,0.0006712064446478261,0.0006712064446478261
0.0002803251994079256,0.0002803251994079256,0.0003467750572366951,0.0003467750572366951,0.00043354032349913335,0.00043354032349913335,0.0005916030324715979,0.0005916030324715979,0.000526500259156848,0.000526500259156848,0.0006726780717770248,0.0006726780717770248,0.0011007902089136407,0.0011007902089136407,0.0007721277351127875,0.0007721277351127875,0.0,0.0,0.0004024117754134471,0.0004024117754134471,0.0010681316000357918,0.0010681316000357918,0.0013562528618132619,0.0013562528618132619,0.0012885544473948407,0.0012885544473948407,0.0010228220893411313,0.0010228220893411313,0.000678786302739931,0.000678786302739931,0.0007877112493386434,0.0007877112493386434,0.0009290301566164949,0.0009290301566164949,0.0006103927363836741,0.0006103927363836741,0.0,0.0,0.0,0.0,0.0,0.0,0.0,0.0,9.739264432862417e-6,9.739264432862417e-6,0.0005083697371939568,0.0005083697371939568
0.0002354587480805307,0.0002354587480805307,0.0004114792068132464,0.0004114792068132464,0.0005085098923188723,0.0005085098923188723,0.0006056465599082669,0.0006056465599082669,0.0007316792435397429,0.0007316792435397429,0.0005156660705422748,0.0005156660705422748,0.0008883500577581069,0.0008883500577581069,0.0008306720474573759,0.0008306720474573759,0.0,0.0,0.001193647007418308,0.001193647007418308,0.00200066011379528,0.00200066011379528,0.001730516799610976,0.001730516799610976,0.0011813647869581834,0.0011813647869581834,0.001298484865665632,0.001298484865665632,0.00077483866985429,0.00077483866985429,0.0007460885410227464,0.0007460885410227464,0.000703011245953386,0.000703011245953386,0.0005932619892330127,0.0005932619892330127,0.0,0.0,0.0,0.0,0.0,0.0,0.0,0.0,8.944889579580993e-6,8.944889579580993e-6,0.00048623913693762386,0.00048623913693762386
1.3357577289383371e-5,1.3357577289383371e-5,7.615422869913617e-5,7.615422869913617e-5,0.0001372795537674153,0.0001372795537674153,0.00014226309594965372,0.00014226309594965372,0.00019309056374672458,0.00019309056374672458,0.00010800468492966689,0.00010800468492966689,0.0002742323005613771,0.0002742323005613771,0.00010793974920262489,0.00010793974920262489,0.0,0.0,0.00026044831413579717,0.00026044831413579717,0.0010907278552773209,0.0010907278552773209,0.0017588286025559119,0.0017588286025559119,0.0017957483762067739,0.0017957483762067739,0.001433661192196685,0.001433661192196685,0.0007020282442938564,0.0007020282442938564,0.0005031929918386038,0.0005031929918386038,0.0005340091977031752,0.0005340091977031752,0.000820031578484412,0.000820031578484412,0.0,0.0,0.0,0.0,0.0,0.0,0.0,0.0,1.740559004215225e-6,1.740559004215225e-6,2.379690983637223e-5,2.379690983637223e-5
0.0001766671107420771,0.0001766671107420771,0.00034406031943649135,0.00034406031943649135,0.0003990510915334068,0.0003990510915334068,0.00039764309008421053,0.00039764309008421053,0.0003938828372258181,0.0003938828372258181,0.00032636022698260755,0.00032636022698260755,0.0003769001245307081,0.0003769001245307081,0.0004161591534669329,0.0004161591534669329,0.0,0.0,0.000629781431881804,0.000629781431881804,0.001092689242863834,0.001092689242863834,0.0015694025784471627,0.0015694025784471627,0.001821228807373787,0.001821228807373787,0.0017168937210670782,0.0017168937210670782,0.0009832859833435112,0.0009832859833435112,0.0005343232627698993,0.0005343232627698993,0.0007456252470578462,0.0007456252470578462,0.0003991153264664149,0.0003991153264664149,0.0,0.0,0.0,0.0,0.0,0.0,0.0,0.0,6.115444899647022e-6,6.115444899647022e-6,0.0003385759054069064,0.0003385759054069064
0.00022967512376022292,0.00022967512376022292,0.0002830511302473124,0.0002830511302473124,0.0004430964059774084,0.0004430964059774084,0.00032022499026909505,0.00032022499026909505,0.0003256816295955818,0.0003256816295955818,0.0003804483441229023,0.0003804483441229023,0.00047110435540113904,0.00047110435540113904,0.0007968490334495926,0.0007968490334495926,0.0,0.0,0.0003997205392567704,0.0003997205392567704,0.0015771990456663262,0.0015771990456663262,0.0019769174772039932,0.0019769174772039932,0.002312946674281724,0.002312946674281724,0.0016131678175114045,0.0016131678175114045,0.0009024870784398384,0.0009024870784398384,0.0004212929210042106,0.0004212929210042106,0.0002475352137225814,0.0002475352137225814,0.00033190707804856695,0.00033190707804856695,0.0,0.0,0.0,0.0,0.0,0.0,0.0,0.0,8.670554913126419e-6,8.670554913126419e-6,0.00045755236894556503,0.00045755236894556503
0.00020530984787187935,0.00020530984787187935,0.0002717514977333968,0.0002717514977333968,0.0004674091436653906,0.0004674091436653906,0.00038567080961156644,0.00038567080961156644,0.0005940969014562036,0.0005940969014562036,0.0003637430757396157,0.0003637430757396157,0.0007530272709855013,0.0007530272709855013,0.001098080989407113,0.001098080989407113,0.0,0.0,0.00035140214326044583,0.00035140214326044583,0.0006740890523226142,0.0006740890523226142,0.0010622572552761445,0.0010622572552761445,0.0009190393884277448,0.0009190393884277448,0.000861990645258541,0.000861990645258541,0.0002392575709073523,0.0002392575709073523,0.0005093438945643625,0.0005093438945643625,0.00044172281656635476,0.00044172281656635476,0.000463027062679814,0.000463027062679814,0.0,0.0,0.0,0.0,0.0,0.0,0.0,0.0,8.487460580771874e-6,8.487460580771874e-6,0.0004313461479882215,0.0004313461479882215
0.00022086202167682055,0.00022086202167682055,0.0002731520970625581,0.0002731520970625581,0.00026832780654892363,0.00026832780654892363,0.0005552290458219686,0.0005552290458219686,0.0003113570129286928,0.0003113570129286928,0.0002752947374756558,0.0002752947374756558,0.0006326800157866186,0.0006326800157866186,0.0005271685246234226,0.0005271685246234226,0.0,0.0,0.00041650670352028074,0.00041650670352028074,0.000789705369754156,0.000789705369754156,0.0014117419828135053,0.0014117419828135053,0.0011559194022598973,0.0011559194022598973,0.0008029502631404506,0.0008029502631404506,0.0005856522962336755,0.0005856522962336755,0.0005307437498430212,0.0005307437498430212,0.0008426866538941147,0.0008426866538941147,0.0007176440764050385,0.0007176440764050385,0.0,0.0,0.0,0.0,0.0,0.0,0.0,0.0,8.080444871015342e-6,8.080444871015342e-6,0.0005699433525700737,0.0005699433525700737
0.00011724952858308164,0.00011724952858308164,0.0003290199302962704,0.0003290199302962704,0.0003162293472722816,0.0003162293472722816,0.0003609326837464427,0.0003609326837464427,0.0006062861403182337,0.0006062861403182337,0.0003853711086539667,0.0003853711086539667,0.0007218451310601198,0.0007218451310601198,0.0005798226804210327,0.0005798226804210327,0.0,0.0,0.0006170429840109681,0.0006170429840109681,0.001553511686673302,0.001553511686673302,0.002623173091139963,0.002623173091139963,0.0027093205155130917,0.0027093205155130917,0.002488336690063042,0.002488336690063042,0.0013685212906758837,0.0013685212906758837,0.0008298524282640066,0.0008298524282640066,0.0007454230665759898,0.0007454230665759898,0.0012732066897907582,0.0012732066897907582,0.0,0.0,0.0,0.0,0.0,0.0,0.0,0.0,6.733343648302934e-6,6.733343648302934e-6,0.0003161967970686172,0.0003161967970686172
9.775060347675703e-5,9.775060347675703e-5,0.0001387726175601997,0.0001387726175601997,0.00024946983305660503,0.00024946983305660503,0.00028778760400056773,0.00028778760400056773,0.0001887038910678429,0.0001887038910678429,0.0001291525245687838,0.0001291525245687838,0.0003614303458638439,0.0003614303458638439,0.00036557453687358077,0.00036557453687358077,0.0,0.0,0.00047485117701254187,0.00047485117701254187,0.001238899766572099,0.001238899766572099,0.0016752261355383047,0.0016752261355383047,0.0014815091237376787,0.0014815091237376787,0.001322802511054627,0.001322802511054627,0.0006518445091145061,0.0006518445091145061,0.00042854260908210123,0.00042854260908210123,0.000412277094929428,0.000412277094929428,0.000258802246976015,0.000258802246976015,0.0,0.0,0.0,0.0,0.0,0.0,0.0,0.0,3.4619642106989814e-6,3.4619642106989814e-6,0.00019217698589862366,0.00019217698589862366
0.0003395305526442474,0.0003395305526442474,0.0005825025843448212,0.0005825025843448212,0.0008193891851348417,0.0008193891851348417,0.0011681349326953042,0.0011681349326953042,0.0010506681101599483,0.0010506681101599483,0.0008034792666166204,0.0008034792666166204,0.0015981506046462146,0.0015981506046462146,0.001380064130958869,0.001380064130958869,0.0,0.0,0.0009990190850309166,0.0009990190850309166,0.0013705213234147112,0.0013705213234147112,0.0022374670798479407,0.0022374670798479407,0.001549320098892748,0.001549320098892748,0.0006973383916545547,0.0006973383916545547,0.0005746646475314893,0.0005746646475314893,0.0006411324417739672,0.0006411324417739672,0.000803858593926246,0.000803858593926246,0.0008830386146158713,0.0008830386146158713,0.0,0.0,0.0,0.0,0.0,0.0,0.0,0.0,9.318761194902379e-6,9.318761194902379e-6,0.00033773665145623785,0.00033773665145623785
0.00010277921093156551,0.00010277921093156551,0.0001796086467148357,0.0001796086467148357,0.00024276349734795102,0.00024276349734795102,0.00033089767909705824,0.00033089767909705824,0.0003870182914610526,0.0003870182914610526,0.0003600181886831595,0.0003600181886831595,0.0008879825391568119,0.0008879825391568119,0.0010107612080106354,0.0010107612080106354,0.0,0.0,0.0004906701065690577,0.0004906701065690577,0.001977792256609004,0.001977792256609004,0.0022576966242242175,0.0022576966242242175,0.0023269707086674973,0.0023269707086674973,0.002244295616680256,0.002244295616680256,0.0015440647937343122,0.0015440647937343122,0.00137367576598095,0.00137367576598095,0.0007605262780972094,0.0007605262780972094,0.0005726155357317735,0.0005726155357317735,0.0,0.0,0.0,0.0,0.0,0.0,0.0,0.0,7.455088078102228e-6,7.455088078102228e-6,0.0002858305766367114,0.0002858305766367114
0.1668294072151184,0.1668294072151184,0.2102217674255371,0.2102217674255371,0.24895313382148743,0.24895313382148743,0.2822099030017853,0.2822099030017853,0.5275447368621826,0.5275447368621826,0.617915689945221,0.617915689945221,0.40975913405418396,0.40975913405418396,0.13231703639030457,0.13231703639030457,0.060652896761894226,0.060652896761894226,0.3333333432674408,0.3333333432674408,0.30138862133026123,0.30138862133026123,0.2228119820356369,0.2228119820356369,0.26100897789001465,0.26100897789001465,0.1864950954914093,0.1864950954914093,0.27291446924209595,0.27291446924209595,0.2937113344669342,0.2937113344669342,0.2647763788700104,0.2647763788700104,0.33918946981430054,0.33918946981430054,0.27943792939186096,0.27943792939186096,0.23896269500255585,0.23896269500255585,0.2112792432308197,0.2112792432308197,0.11098781228065491,0.11098781228065491,0.18763664364814758,0.18763664364814758,0.19997423887252808,0.19997423887252808
0.00018422246394031623,0.00018422246394031623,0.0003179223726464536,0.0003179223726464536,0.0003271655146653077,0.0003271655146653077,0.0004289411366288423,0.0004289411366288423,0.0005039616614954633,0.0005039616614954633,0.00041580088378999694,0.00041580088378999694,0.0005247452816068907,0.0005247452816068907,0.0006596498155955755,0.0006596498155955755,0.0,0.0,0.0005314515857538504,0.0005314515857538504,0.0014563332316199565,0.0014563332316199565,0.0025466640120466733,0.0025466640120466733,0.0026049889698542827,0.0026049889698542827,0.002452321689307785,0.002452321689307785,0.0013807471863960114,0.0013807471863960114,0.0007051542535446223,0.0007051542535446223,0.0008397172476530962,0.0008397172476530962,0.001092027465647294,0.001092027465647294,0.0,0.0,0.0,0.0,0.0,0.0,0.0,0.0,6.2343113348661806e-6,6.2343113348661806e-6,0.00033032051289185946,0.00033032051289185946
8.150266219265987e-5,8.150266219265987e-5,0.00013708056996788315,0.00013708056996788315,0.0002635631177796971,0.0002635631177796971,0.00022986856264284317,0.00022986856264284317,0.00021584108036324344,0.00021584108036324344,9.349666588599065e-5,9.349666588599065e-5,0.00018036199418826164,0.00018036199418826164,0.00021953791001287637,0.00021953791001287637,0.0,0.0,0.00039475773525604607,0.00039475773525604607,0.001205979142752965,0.001205979142752965,0.002026832437395626,0.002026832437395626,0.0022063513704200233,0.0022063513704200233,0.002256997881161585,0.002256997881161585,0.001147458206260013,0.001147458206260013,0.0009198096037771608,0.0009198096037771608,0.0006692411527457337,0.0006692411527457337,0.00040248857520228283,0.00040248857520228283,0.0,0.0,0.0,0.0,0.0,0.0,0.0,0.0,2.4457743744382243e-6,2.4457743744382243e-6,0.00018563334904046248,0.00018563334904046248
