(De ),d O d,(Pa ),Nc,Est,EP ( R% ),( X% ),(Mvar)(Tap)(Tmn)(Tmx)(Phs)(Bc  ),(Cn),(Ce)
25,     ,26,1,,1.008,4.753,8.797,221,444.8
25,     ,26,2,,0.6462,4.5509,9.073,298,601.6
26,     ,3723,1,,         ,0.001,                                ,319,510.4
38,     ,179,54,,         ,2.6682,1,200,320
40,     ,208,1,,         ,20,1,20,32
41,     ,111,1,,         ,13.333,1,60,96
44,     ,110,52,,         ,2.6713,1,200,320
47,     ,151,1,,         ,10,                                ,60,96
50,     ,81,4,,         ,2.498,1,500,800
56,     ,59,1,,         ,3.3855,1,550,880
57,     ,58,1,,         ,3.6218,1,550,880
60,     ,62,1,,0.076,1.84,927.8,3684,6676.8
60,     ,63,1,,0.076,1.85,929.1,3684,6676.8
60,     ,64,1,,0.078,1.89,954.57,3684,6676.8
61,     ,60,1,, T       ,0.623,1.05,1650,2640
61,     ,60,2,, T       ,0.642,1.05,1650,2640
61,     ,60,3,, T       ,0.623,1.05,1650,2640
61,     ,60,4,, T       ,0.623,1.05,1650,2640
65,     ,58,1,,         ,0.8224,0.993,1650,2640
65,     ,59,1,,         ,0.7733,1,1650,2932.8
65,     ,62,1,,         ,-0.749,                                ,3684,6676.8
65,     ,63,1,,         ,-0.749,                                ,3684,6676.8
65,     ,64,1,,         ,-0.749,                                ,3684,6676.8
65,     ,68,1,,         ,0.697,0.993,1650,2904
65,     ,69,1,,         ,-0.778,                                ,3684,6676.8
65,     ,70,1,,         ,-0.778,                                ,3684,6676.8
65,     ,71,1,,         ,-0.778,                                ,3684,6676.8
66,     ,58,1,,         ,-0.1703,      1.037 .8381.053         66,1650,2640
66,     ,59,1,,         ,-0.1124,      1.037 .8381.053         66,1650,2932.8
66,     ,68,1,,         ,-0.0303,      1.037 .8381.053         66,1650,2904
67,     ,68,1,,         ,3.5455,1,550,880
72,     ,69,1,,0.064,1.53,760,4133,6678.4
72,     ,70,1,,0.063,1.53,755.7,4133,6678.4
72,     ,71,1,,0.064,1.54,762.9,4133,6678.4
72,     ,73,1,,         ,-0.915,                                ,3684,6676.8
72,     ,74,1,,         ,-0.915,                                ,3684,6676.8
72,     ,75,1,,         ,-0.915,                                ,3684,6676.8
76,     ,73,1,,0.072,1.75,877.5,4133,6678.4
76,     ,74,1,,0.072,1.75,873,4133,6678.4
76,     ,75,1,,0.07,1.8,901.7,4133,6678.4
76,     ,80,3,,         ,0.697,0.993,1650,2900.8
76,     ,81,4,,         ,1.0276,1,1500,2640
77,     ,76,1,,         ,0.6658,      1.143  .88 1.16         77,1650,2640
77,     ,76,2,,         ,0.6552,      1.143  .88 1.16         77,1650,2904
77,     ,80,3,,         ,-0.0303,      1.143  .88 1.16         77,1650,2900.8
77,     ,104,1,, T   .162,2.5,216.6,1855,3739.2
77,     ,598,1,,0.107,1.44,133.4,1855,3603.2
78,     ,76,5,,         ,0.9007,      1.091 .8591.115         78,1500,2400
78,     ,81,4,,         ,-0.1069,      1.091 .8591.115         78,1500,2640
78,     ,82,1,, T   .185,2.6,60.1,1280,2580.8
78,     ,86,2,, T   .185,2.6,60.1,1280,2580.8
78,     ,449,1,, T    .07,0.66,12.845,1184,1912
78,     ,449,2,, T    .07,0.66,12.845,1184,1912
78,     ,464,3,,0.11,0.99,17.073,1195,1912
78,     ,471,1,, T  .0954,0.7982,14.39,1184,2227.2
78,     ,471,2,, T  .0954,0.7982,14.39,1184,2227.2
79,     ,80,3,,         ,3.5455,1,550,880
82,     ,76,6,,         ,0.892,      1.098 .8591.115         82,1500,2640
82,     ,76,7,,         ,0.8727,      1.098 .8591.115         82,1500,2880
82,     ,86,1,,0.14,2.36,66.19,1280,2580.8
82,     ,449,3,,0.07,0.66,12.845,1350,2160
82,     ,449,4,,0.07,0.66,12.845,1350,2160
85,     ,1103,3,, T  .0056,0.0969,10.041,2728,5403.2
85,     ,1103,4,, T  .0054,0.0936,9.691,2728,5403.2
86,     ,48,1,,         ,0.71475,1.013,1050,1680
86,     ,122,1,,         ,1.9147,      .9876 .8951.048       -122,750,1283.2
86,     ,122,2,,         ,1.9075,      .9876 .8951.048       -122,750,1283.2
86,     ,122,3,,         ,1.8165,      .9876 .8951.048       -122,750,1440
86,     ,488,1,, T  .0948,1.4987,41.91,2020,3824
86,     ,488,2,, T  .0948,1.4987,41.91,2020,3824
87,     ,106,2,, T   .102,1.61,136.6,1855,3739.2
90,     ,2590,1,,         ,0.01,                                ,370,592
90,     ,2608,1,,         ,4.8974,1.005,225,486.4
90,     ,2618,1,,         ,4.9124,1.005,225,486.4
90,     ,2628,1,,         ,4.6901,1.004,225,486.4
91,     ,2608,1,,         ,9.7,1,75,120
95,     ,2618,1,,         ,9.7744,1,75,120
96,     ,2628,1,,         ,9.8304,1,75,120
98,     ,135,1,,         ,-0.233,      1.075   .9  1.1         98,225,504
98,     ,166,1,,         ,-0.389,      1.075   .9  1.1         98,225,467.2
98,     ,178,1,,0.88,5.03,1.428,194,395.2
98,     ,289,1,,0.132,1.409,0.857,359,726.4
98,     ,293,1,,0.66,3.85,1.11,194,395.2
98,     ,1640,1,, T   .057,0.614,0.373,359,726.4
98,     ,3794,1,,0.09,0.63,0.767,478,963.2
98,     ,3958,1,,0.54,3.06,0.87,194,395.2
98,     ,4108,1,,0.08,0.62,0.75,478,963.2
99,     ,101,1,,         ,0.01,0.952,2000,3200
99,     ,556,1,,0.182,2.807,350.1,2001,3201.6
100,     ,20,1, ,         ,0.90286,1,1520,2432
100,     ,101,1,D,D    .172,2.72,231.4,1855,3739.2
100,     ,101,2,D,D    .171,2.7,230.2,1855,3739.2
100,     ,214,1, ,         ,2.979,       1.05  .95 1.05        100,560,1147.2
100,     ,535,1, , T   .153,2.4,203.8,1732,2771.2
100,     ,3110,1, ,0.1202,2.5333,121.8,1992,3824
100,     ,4598,1, ,0.0058,0.0874,7.3613,1855,3803.2
100,     ,4598,2, , T  .0057,0.086,7.2403,1855,3803.2
101,     ,102,1, ,0.156,2.46,208.5,1855,3739.2
101,     ,103,1, ,0.152,2.39,202.6,1855,3739.2
102,     ,121,51, ,         ,2.93,1.05,560,1147.2
102,     ,1503,1, ,0.136,2.15,182.7,1855,3739.2
103,     ,124,51, ,         ,2.941,1.05,560,1147.2
103,     ,176,54, ,         ,2.9875,1.05,560,1164.8
103,     ,6609,1, ,0.024,0.37,31.7,1855,3739.2
104,     ,77,2, ,0.125,1.913,285.35,2728,4364.8
104,     ,87,2, ,0.05,0.78,66.5,1855,3739.2
104,     ,103,1, , T   .196,3.1,264.9,1855,3739.2
104,     ,598,1, , T   .075,1.15,98.9,1855,3603.2
104,     ,1503,1, ,0.052,0.82,69.7,1855,3739.2
104,     ,9626,3, ,0.1114,1.6648,254.3,2473,4156.8
105,     ,10,1, ,         ,1.97,1.075,759,1214.4
105,     ,11,1, ,         ,0.95,1.075,1470,2352
105,     ,104,1, ,0.092,1.48,119.6,1855,3739.2
105,     ,108,1, ,0.112,1.82,161.37,1855,3739.2
105,     ,9601,1, ,0.08,1.29,119.58,1855,3739.2
106,     ,104,1, ,0.152,2.39,202.7,1855,3739.2
106,     ,108,1, ,0.02,0.41,44.3,2598,4156.8
106,     ,109,1, ,         ,0.001,                                ,2473,4156.8
106,     ,139,1, ,         ,2.1627,1.05,560,1075.2
106,     ,141,1, ,         ,2.9216,1.05,560,1145.6
106,     ,142,1, ,         ,3.2281,1.05,560,1145.6
107,     ,110,52, ,         ,2.2163,1.05,600,1344
107,     ,179,54, ,         ,2.2231,1.05,600,1344
107,     ,9601,1,D,D     .07,1.16,107.26,1855,3739.2
109,     ,107,1, ,0.033,0.68,73.8,2598,4156.8
109,     ,9626,3, ,0.0135,0.1891,28.58,2473,4156.8
112,     ,895,1, ,         ,0.01,1.05,1299,3603.2
113,     ,895,1, ,         ,0.01,1.05,1299,3603.2
116,     ,172,1,D,D    .125,0.722,0.207,145,232
116,     ,173,1, , T   .625,3.608,1.033,153,308.8
116,     ,1732,1, ,2.29,13.23,3.804,146,331.2
119,     ,118,4, ,         ,15.048,1,75,120
120,     ,121,51, ,         ,-0.526,1.01,560,1147.2
120,     ,123,1, , T   .357,3.95,66.7,717,1147.2
120,     ,164,2, ,         ,7.5449,0.957,150,240
120,     ,697,1, ,0.394,4.39,74.85,853,1720
122,     ,125,1, ,         ,-2.051,                                ,1299,3601.6
122,     ,130,1, ,         ,-2.051,                                ,1299,3601.6
122,     ,6609,1, ,0.078,1.2,103.2,1855,3739.2
123,     ,124,51, ,         ,-0.521,      .9767  .95  1.1        123,560,1147.2
123,     ,162,1, ,         ,5.5633,1.04,150,281.6
123,     ,176,54, ,         ,-0.0542,      .9767  .95  1.1        123,560,1164.8
125,     ,112,1, , T   .308,3.958,444.84,1299,3603.2
126,     ,86,1, ,0.108,1.83,51.2,1707,3440
126,     ,86,2, ,0.108,1.83,51.2,1707,3440
126,     ,120,1, ,0.6,5.95,92.8,598,956.8
126,     ,120,2, ,0.606,6.02,93.8,598,956.8
126,     ,123,1, , T    .25,2.76,46.5,717,1147.2
126,     ,442,1, ,0.1,0.99,15.2,776,1563.2
127,     ,129,1, ,         ,0.76,                                ,912,1529.6
128,     ,129,1, ,         ,0.76,                                ,912,1764.8
129,     ,442,1, ,0.09,0.84,13.38,776,1563.2
130,     ,113,1, ,0.308,3.958,444.84,1299,3603.2
131,     ,22,1, ,         ,11.08,1,378,604.8
131,     ,132,1, ,         ,6.619,1,150,240
131,     ,3012,1, ,0.037,0.41,6.87,853,1720
134,     ,12,1, ,         ,0.89,0.999,1136,1817.6
134,     ,13,1, ,         ,1.335,0.999,999,1598.4
134,     ,120,1, ,0.556,6.16,105.3,853,1720
134,     ,120,2, ,0.553,6.13,107.7,853,1720
134,     ,396,1, ,0.318,3.51,59.2,853,1720
134,     ,3012,1, ,0.068,0.75,12.71,853,1720
134,     ,3012,2, ,0.069,0.76,12.68,853,1720
136,     ,16,1, ,         ,1.0971,1,1280,2048
136,     ,17,1, ,         ,1.28,1,999,1598.4
136,     ,120,1, ,0.436,4.3,66.6,776,1563.2
136,     ,120,2, ,0.436,4.3,66.6,776,1563.2
136,     ,131,1, ,0.348,3.42,52.8,776,1529.6
136,     ,138,1, ,0.649,6.46,100.8,776,1529.6
136,     ,138,2, ,0.558,6.19,105.7,853,1529.6
136,     ,367,1, ,0.22,2.18,33.4,776,1563.2
136,     ,367,2, , T   .179,1.784,34.299,1132,1811.2
138,     ,331,1, ,0.423,4.399,73.673,1159,1854.4
140,     ,133,1, ,         ,4.7185,1.004,225,360
140,     ,138,1, ,0.652,6.5,101.4,776,1433.6
140,     ,138,2, ,0.558,6.19,105.7,853,1433.6
140,     ,139,1, ,         ,0.2794,1.03,560,1075.2
140,     ,141,1, ,         ,-0.272,1.04,560,1145.6
140,     ,142,1, ,         ,-0.54,1.04,560,1145.6
140,     ,143,1, ,         ,4.6867,1.004,225,360
140,     ,144,1, ,0.127,1.25,19.3,776,1529.6
140,     ,144,2, ,0.109,1.19,20.1,853,1720
140,     ,145,1, ,         ,4.4511,1.005,225,360
140,     ,146,1, ,         ,5.0556,1.005,225,403.2
140,     ,1781,1, ,0.295,3.3,57.16,853,1720
140,     ,3966,1, ,0.5,5.56,96.57,853,1720
144,     ,135,1, ,         ,4.044,1.04,225,504
144,     ,137,1, ,         ,4.0426,1.04,225,504
144,     ,166,1, ,         ,4.4023,1.04,225,467.2
147,     ,46,1, ,         ,13.054,1,100,160
147,     ,90,1, ,0.556,6.17,106.13,747,1195.2
147,     ,148,1, ,         ,4.7705,1.004,225,425.6
147,     ,149,1, ,0.625,6.95,119.3,717,1147.2
147,     ,157,1, ,         ,0.01,                                ,999,1598.4
147,     ,211,2,D,D        ,4.5333,1.004,225,504
147,     ,3966,1, ,0.251,2.8,48.56,853,1720
147,     ,3966,2, ,0.245,2.74,47.54,853,1720
147,     ,3966,3, ,0.262,2.886,48.424,1132,1811.2
149,     ,90,1, , T   .073,0.81,13.87,747,1195.2
149,     ,111,1, ,         ,5.382,1.05,60,96
149,     ,150,1, ,         ,5.3014,1.004,225,360
149,     ,151,1, ,         ,7.482,1,60,96
149,     ,152,1, ,         ,5.2565,1.004,225,360
149,     ,153,1, ,         ,5.3088,1.004,225,435.2
149,     ,158,1, ,         ,4.519,1.004,225,360
154,     ,152,1, ,         ,16.567,1,75,120
155,     ,153,1, ,         ,16.493,1,75,120
156,     ,158,1, ,         ,16.453,1,75,120
159,     ,137,1, ,         ,9.8789,1,75,120
160,     ,166,1, ,         ,8.4058,1,75,120
161,     ,129,1, ,         ,2.124,      .9541   .9  1.1        161,500,944
161,     ,129,2, ,         ,2.1334,      .9541   .9  1.1        161,500,944
161,     ,454,2, ,0.5097,3.7346,10.96,637,1019.2
163,     ,162,1, ,         ,12.316,1,50,80
165,     ,164,2, ,         ,13.073,1,50,80
167,     ,135,1, ,         ,9.9333,1,75,120
168,     ,218,3, ,         ,3.5377,1.025,225,432
168,     ,218,5, ,         ,3.532,1.025,225,432
169,     ,108,13, ,         ,2.6347,      .9274 .8571.048        169,600,960
169,     ,108,14, ,         ,2.4988,      .9274 .8571.048        169,600,960
169,     ,172,1, ,0.623,3.6,1.04,155,312
169,     ,172,2, ,0.665,3.84,1.11,155,312
169,     ,1717,1, ,1.866,10.81,3.11,153,308.8
169,     ,1717,2, ,1.866,10.81,3.11,153,308.8
169,     ,4200,1, , T       ,0.01,                                ,717,1147.2
169,     ,4202,1, ,0.12,1.51,2.13,956,1529.6
170,     ,120,1, ,         ,5.9654,      1.028 .9931.202        170,150,240
170,     ,120,3, ,         ,5.944,      1.028 .9931.202        170,150,257.6
170,     ,120,4, ,         ,5.539,      1.028 .9931.202        170,150,240
170,     ,120,5, ,         ,3.6763,      1.028 .9931.202        170,225,411.2
170,     ,120,6, ,         ,3.6874,      1.028 .9931.202        170,225,411.2
170,     ,164,2, ,         ,-1.117,      .9822  .95 1.15        170,150,240
171,     ,123,2, ,         ,6.3549,      1.079 .9461.145        171,150,281.6
171,     ,123,3, ,         ,6.5701,      1.079 .9461.145        171,150,281.6
171,     ,123,4, ,         ,6.3213,      1.079 .9461.145        171,150,281.6
171,     ,123,5, ,         ,6.4246,      1.079 .9461.145        171,150,312
171,     ,162,1, ,         ,0.7234,      1.078  .95 1.15        171,150,281.6
171,     ,2241,5, ,0.01,0.042,0.012,150,300.8
172,     ,1740,1, ,         ,0.01,                                ,70,161.6
172,     ,1743,1, ,0.84,2.15,0.54,110,176
172,     ,1744,1, ,0.84,2.15,0.54,110,176
173,     ,133,1, ,         ,-0.095,      1.053   .9  1.1        173,225,360
173,     ,143,1, ,         ,-0.06,      1.053   .9  1.1        173,225,360
173,     ,145,1, ,         ,-0.348,      1.051 .9011.102        173,225,360
173,     ,146,1, ,         ,-0.588,      1.052 .9011.102        173,225,403.2
173,     ,1664,1, ,0.09,0.37,0.1,48,76.8
173,     ,1664,2,D,D     .09,0.37,0.1,48,76.8
173,     ,1717,1, ,2.824,11.875,3.218,126,254.4
173,     ,1717,2, ,2.824,11.875,3.218,126,254.4
173,     ,1731,1, , T   2.98,17.29,4.975,153,308.8
173,     ,1742,1, , T   1.24,7.09,2.025,153,308.8
173,     ,1776,1, ,1.24,7.09,2.025,153,308.8
174,     ,1717,1, , T   6.32,26.65,7.25,125,228.8
174,     ,1717,2, , T   6.32,26.65,7.25,125,228.8
174,     ,1728,1, ,0.701,2.96,0.81,125,251.2
174,     ,1745,1, , T    .18,0.26,0.11,175,286.4
174,     ,1745,2, , T    .18,0.26,0.11,175,286.4
175,     ,147,2, ,         ,2.7176,      1.045  .95 1.05        175,380,608
175,     ,147,3, ,         ,4.6311,      1.045 .8961.098        175,225,425.6
175,     ,147,4,D,D        ,4.6522,      1.002 .8961.098        175,225,504
175,     ,148,1, ,         ,-0.194,      1.025   .9  1.1        175,225,425.6
175,     ,174,1, , T   6.43,27.14,7.38,125,251.2
175,     ,211,2,D,D        ,0.1866,      1.002   .9  1.1        175,225,504
175,     ,2614,1, ,6.2,26.16,7.11,125,275.2
175,     ,2614,2, ,6.2,26.16,7.11,125,275.2
175,     ,8718,1, ,6.29,12.93,3.185,122,208
177,     ,150,1, ,         ,-0.566,      1.045   .9  1.1        177,225,360
177,     ,152,1, ,         ,-0.522,      1.046   .9  1.1        177,225,360
177,     ,153,1, ,         ,-0.759,      1.045   .9  1.1        177,225,435.2
177,     ,158,1, ,         ,-0.186,      1.045   .9  1.1        177,225,360
177,     ,2666,1, ,         ,0.04,                                ,225,412.8
177,     ,2666,2, ,         ,0.04,                                ,225,412.8
177,     ,2666,3, ,         ,0.04,                                ,382,611.2
177,     ,2666,4, ,         ,0.04,                                ,450,827.2
178,     ,107,56, ,         ,2.4372,0.964,600,1344
178,     ,107,58, ,         ,2.44,0.964,600,1344
178,     ,110,52, ,         ,-0.049,1.012,600,1344
178,     ,179,54, ,         ,-0.012,1.012,600,1344
178,     ,1642,1, , T  .2352,1.34,0.38,194,395.2
178,     ,1649,1, ,0.0335,0.2481,0.0751,269,518.4
178,     ,1650,1, ,0.2134,1.2159,0.3455,194,395.2
178,     ,1651,1, ,0.1848,1.0529,0.2992,194,395.2
178,     ,1652,1, ,0.1848,1.0529,0.2992,194,395.2
178,     ,1655,1, ,0.0374,0.213,0.0605,218,422.4
178,     ,1670,1, ,0.028,0.2074,0.0627,269,518.4
178,     ,3958,1, , T  .3822,2.1776,0.6188,194,395.2
178,     ,3958,2, , T  .3822,2.1776,0.6188,194,395.2
178,     ,3958,3, , T  .5106,2.9094,0.8267,194,395.2
180,     ,980,1, ,         ,0.01,                                ,1500,2480
180,     ,137,1, ,         ,-0.2216,      1.043   .9  1.1        180,225,504
180,     ,144,2,D,D        ,3.9029,      1.026 .8961.095        180,225,406.4
180,     ,144,3, ,         ,3.753,      1.038 .8961.095        180,225,504
180,     ,263,1, ,0.2654,1.5124,1.4298,194,395.2
180,     ,1635,1, , T  .2914,2.1553,0.6521,239,481.6
180,     ,1641,1, ,0.3032,1.7277,0.491,194,395.2
180,     ,1644,1, ,0.5156,2.9374,0.8347,250,480
180,     ,1646,1, ,0.5156,2.9374,0.8347,250,480
180,     ,1678,1, ,0.3,2.23,0.673,239,481.6
181,     ,105,1, ,         ,4.6016,      .9606 .8571.048        181,400,640
182,     ,14,1, ,         ,5.685,1,270,432
182,     ,1619,1, ,0.4095,3.029,0.9165,269,518.4
183,     ,104,57, ,         ,5.3363,      .9418 .9051.048        183,250,432
183,     ,104,59, ,         ,5.3363,      .9418 .9051.048        183,250,452.8
183,     ,2740,1, ,4.33,25.18,7.26,153,308.8
183,     ,274,2, ,4.33,25.18,7.26,200,400
184,     ,30,1, ,         ,2.902,1,480,768
184,     ,31,1, ,         ,18.48,1.045,200,320
184,     ,32,1, ,         ,3.3335,1,999,1598.4
184,     ,180,1, , T   1.58,9.14,2.63,194,331.2
184,     ,180,2, , T  1.572,9.103,2.62,194,331.2
184,     ,185,1, ,3.96,23.03,6.64,143,331.2
184,     ,276,1, , T    .84,4.79,1.36,143,296
184,     ,276,2, ,1.07,3.43,0.81,97,216
184,     ,277,1, , T   .071,0.967,0.311,347,731.2
184,     ,277,2, , T   .071,0.967,0.312,347,731.2
184,     ,278,2, ,0.3876,3.2232,0.9348,347,731.2
184,     ,1637,1, ,0.202,1.8904,0.5661,347,731.2
185,     ,181,1,D,D        ,0.98,                                ,400,640
185,     ,1771,1, ,1.4,8.24,2.365,118,212.8
185,     ,1772,1, , T       ,0.01,                                ,44,70.4
185,     ,1773,1, ,2.2,7.31,2.18,97,198.4
186,     ,176,54, ,         ,18.013,1,187,299.2
187,     ,24,1, ,         ,8.52,1.075,200,320
187,     ,131,1, ,         ,2.5301,      1.018  .95 1.05        187,400,768
187,     ,132,1, ,         ,0.567,      1.018  .95 1.05        187,150,240
187,     ,318,1, , T   3.88,10.16,2.411,125,228.8
187,     ,2264,1, ,4.74,12.6,2.94,103,206.4
187,     ,2264,2, ,4.74,12.6,2.94,103,206.4
187,     ,2264,3, ,4.74,12.6,2.94,120,192
187,     ,4369,1, ,         ,33.333,1,30,48
187,     ,4369,2,D,D        ,29.167,1,30,48
189,     ,208,1, ,         ,26.939,1,20,32
190,     ,28,1, ,         ,4.5467,1,336,537.6
190,     ,322,1, , T   4.51,11.62,2.847,125,256
190,     ,2310,1, , T   2.26,11.73,3.4,188,360
190,     ,2310,4,D,DT   2.26,11.73,3.4,188,360
190,     ,2316,1, ,2.889,6.891,1.942,125,216
190,     ,6591,1, ,4.444,14.29,3.7699,136,259.2
190,     ,6594,1, ,2.232,5.324,1.423,125,216
190,     ,9052,1, ,1.92,5.07,1.293,111,217.6
192,     ,148,1, ,         ,9.6173,1,75,120
192,     ,193,1, ,         ,0.01,                                ,999,1598.4
194,     ,142,1, ,         ,18.27,1,186,297.6
195,     ,141,1, ,         ,18.062,1,186,297.6
196,     ,124,51, ,         ,18.089,1,187,299.2
197,     ,139,1, ,         ,18.069,1,186,297.6
198,     ,121,51, ,         ,18.106,1,186,297.6
199,     ,150,1, ,         ,16.367,1,75,120
200,     ,201,1, ,         ,57.194,1,20,32
200,     ,1760,1, ,         ,49.3,0.978,20,32
200,     ,1761,1, ,         ,-0.5975,1,20,32
202,     ,203,1, ,         ,57.194,1,20,32
202,     ,1760,1, ,         ,49.3,0.978,20,32
202,     ,1761,1, ,         ,-0.5975,1,20,32
204,     ,145,1, ,         ,9.2822,1,75,120
205,     ,146,1, ,         ,10.189,1,75,120
206,     ,143,1, ,         ,8.3267,1,75,120
209,     ,133,1, ,         ,8.2422,1,75,120
210,     ,18,1, ,         ,0.8,1.05,2400,3840
210,     ,19,1, ,         ,4,1.05,999,1598.4
210,     ,100,1, ,0.209,2.935,254.6,1732,2771.2
210,     ,217,49, ,         ,1.6607,1.05,560,1003.2
210,     ,217,50, ,         ,1.716,1.05,560,993.6
210,     ,217,53, ,         ,1.716,1.05,560,993.6
210,     ,360,1, ,0.156,2.262,181.15,2533,4052.8
210,     ,370,1, ,0.147,2.32,196.6,1732,2771.2
210,     ,4531,1, ,0.18,2.77,243.9,2459,3934.4
212,     ,211,2,D,D        ,9.4667,1,75,120
212,     ,215,1,D,D        ,0.01,                                ,75,120
213,     ,214,1, ,         ,-0.621,1,560,1147.2
213,     ,216,1, ,0.219,2.42,40.7,717,1147.2
216,     ,396,1, ,0.128,1.42,23.8,853,1720
217,     ,216,1, ,0.562,6.26,106.7,747,1195.2
217,     ,218,1, ,0.507,5.61,95.6,853,1720
217,     ,218,2, ,0.507,5.61,95.6,853,1720
218,     ,42,1, ,         ,13.055,1,100,160
218,     ,43,1, ,         ,13.055,1,100,160
218,     ,118,4, ,         ,3.8356,1,225,360
218,     ,223,1, ,         ,4.3244,1,225,432
218,     ,224,2, ,         ,4.6044,1,225,388.8
218,     ,234,1, ,0.43,4.799,82.2,853,1529.6
218,     ,234,2, ,0.43,4.799,82.2,853,1529.6
219,     ,222,6, ,         ,4.5022,1,225,424
219,     ,234,1, ,0.06,0.66,11.1,853,1720
219,     ,234,2, ,0.06,0.66,11.1,853,1720
219,     ,244,7, ,         ,8.2099,1,150,264
220,     ,35,1, ,         ,4.4965,1.025,417,667.2
220,     ,217,1, , T   .226,2.39,43.235,853,1720
220,     ,219,1, , T   .705,7.57,140.25,853,1720
221,     ,189,1, ,         ,-1.409,0.957,60,128
225,     ,217,1, ,         ,2.3586,      1.025 .9551.167        225,225,395.2
225,     ,217,2, ,         ,2.388,      1.025 .9551.167        225,225,360
225,     ,217,3, ,         ,2.3265,      1.025 .9551.167        225,225,395.2
225,     ,749,1, ,0.66,4.26,7.57,259,510.4
225,     ,2978,1, , T   .217,1.015,1.913,227,408
225,     ,4504,1, ,         ,-5.93,                                ,210,424
225,     ,4505,2, ,         ,-9.53,                                ,438,764.8
226,     ,118,4, ,         ,-0.3967,1.025,225,360
226,     ,168,1, ,         ,0.01,                                ,478,764.8
226,     ,223,1, ,         ,-0.7422,1.025,225,432
226,     ,224,2, ,         ,-0.9556,1.025,225,388.8
226,     ,3023,1, ,         ,0.1,                                ,251,401.6
227,     ,189,1, ,         ,25.991,0.976,60,128
227,     ,221,2, ,         ,22.434,1.03,60,128
227,     ,221,3, ,         ,21.848,1.03,60,115.2
227,     ,221,4, ,         ,21.946,1.03,60,115.2
227,     ,221,5, ,         ,24.916,1.03,60,115.2
227,     ,228,1, ,0.19,1.26,2.23,259,510.4
227,     ,228,2, ,0.19,1.26,2.23,221,444.8
228,     ,219,3, ,         ,3.5956,1,225,388.8
228,     ,219,5, ,         ,3.5867,1,225,432
228,     ,219,10, ,         ,3.7289,1,225,432
228,     ,222,6, ,         ,-0.8578,1,225,424
228,     ,227,3, ,0.0676,0.5098,55.2,288,537.6
228,     ,2987,1, ,0.374,2.89,5.17,239,382.4
228,     ,3723,1, ,2.086,10.354,17.384,221,444.8
229,     ,55,1, ,         ,46.091,1,33,52.8
229,     ,787,1, ,1.11,8.41,14.99,284,574.4
229,     ,2980,1, ,         ,16.011,      .9403  .85 1.05      -2980,50,88
229,     ,2980,2, ,         ,16.097,      .9403  .85 1.05      -2980,50,112
229,     ,2980,3, ,         ,16.54,      .9403  .85 1.05      -2980,50,96
229,     ,2987,1, , T  1.316,10.02,17.94,239,382.4
229,     ,2988,1, , T   1.32,6.56,11.43,143,228.8
229,     ,2988,2, ,1.402,6.499,12.29,227,515.2
229,     ,3003,1, ,0.096,0.468,0.807,260,416
230,     ,235,1, ,         ,3.0899,0.99,400,723.2
230,     ,235,2, ,         ,3.2728,0.99,400,723.2
230,     ,787,1, , T   .671,7.14,25.61,478,764.8
230,     ,787,2, ,0.647,6.51,25.24,617,1248
231,     ,240,1, ,         ,8.693,1.025,100,174.4
231,     ,756,1, ,3.65,16.66,30.33,210,424
231,     ,3960,2, ,         ,7.8069,1.025,100,160
231,     ,3971,3, ,         ,7.713,1.025,100,192
231,     ,4507,1, , T       ,-5.93,                                ,210,424
231,     ,4510,1, ,         ,-6.51,                                ,210,424
231,     ,4511,2, ,         ,-11.27,                                ,438,764.8
231,     ,4512,1, ,4.887,23.08,45.98,210,424
232,     ,222,6, ,         ,14.578,1,75,120
233,     ,92,1, ,         ,-1.86,                                ,1204,2233.6
233,     ,93,1, ,         ,-1.27,                                ,1410,2616
233,     ,94,1, ,         ,-1.27,                                ,1410,2616
233,     ,210,1, ,0.28,3.99,355.36,1299,4156.8
233,     ,320,1, ,0.27,3.87,344.03,1299,4156.8
234,     ,219,3, , T    .04,0.435,7.322,853,1720
234,     ,233,1, ,         ,1.254,1,1050,1848
234,     ,233,2, ,         ,1.1547,1,1050,2016
234,     ,233,3, ,         ,1.1675,1,1050,1680
234,     ,233,8, ,         ,1.1484,1,1050,2016
235,     ,36,1, ,         ,2.507,1.05,1417,2267.2
235,     ,37,1, ,         ,2.507,1.05,1417,2267.2
235,     ,92,1, ,0.221,3.394,298.03,1732,2771.2
235,     ,93,1, ,0.166,2.599,383.91,1732,2771.2
235,     ,94,1, ,0.17,2.6,383.91,2728,4364.8
235,     ,299,1, ,0.0273,0.4658,65.349,2728,4364.8
236,     ,219,1, ,         ,8.038,      1.018 .9491.148        236,150,257.6
236,     ,219,2, ,         ,8.5915,      1.018 .9491.148        236,150,257.6
236,     ,219,4, ,         ,8.6855,      1.018 .9491.148        236,150,257.6
236,     ,219,8, ,         ,8.038,      1.018  .95 1.15        236,150,264
236,     ,219,9, ,         ,8.4567,      1.018  .95 1.15        236,150,288
236,     ,244,7, ,         ,-0.4099,      1.099  .95 1.15        236,150,264
237,     ,234,4, ,         ,4.6905,      1.008 .8951.094        237,225,412.8
237,     ,234,5, ,         ,4.6906,      1.008 .8951.094        237,225,412.8
237,     ,234,6, ,         ,4.7422,      1.008 .8951.094        237,225,432
237,     ,234,7, ,         ,4.6779,      1.008 .8951.094        237,225,432
237,     ,2520,1, ,1.85,9.28,2.657,186,328
237,     ,2522,1, ,0.38,1.48,0.4,160,281.6
237,     ,2522,2, ,0.38,1.48,0.4,160,281.6
238,     ,240,1, ,         ,-0.856,      1.044   .9  1.1        238,100,174.4
238,     ,248,1, , T   8.11,22.3,5.32,92,185.6
238,     ,249,1, ,8.57,21.77,5.43,93,188.8
238,     ,783,1, , T     .6,1.53,0.39,100,179.2
238,     ,3787,1, ,2.807,8.162,2.187,103,192
238,     ,3960,2, ,         ,-0.2936,      1.048   .9  1.1        238,100,160
238,     ,3971,3, ,         ,-0.276,      1.048   .9  1.1        238,100,192
239,     ,230,4, ,         ,15.681,      .9878   .9  1.1        239,50,89.6
239,     ,230,5, ,         ,15.681,      .9878   .9  1.1        239,50,89.6
239,     ,230,6, ,         ,15.681,      .9878   .9  1.1        239,50,80
241,     ,240,1, ,         ,18.217,1,33,52.8
242,     ,223,1, ,         ,14.529,1,75,120
243,     ,224,2, ,         ,15.276,1,75,120
245,     ,244,7, ,         ,13.356,1,50,80
246,     ,214,1, ,         ,18.903,1,186,297.6
247,     ,792,1, ,2.78,4.36,0.92,999,1598.4
248,     ,755,1, ,8.69,23.88,5.7,92,185.6
249,     ,791,1, ,8.56,21.76,5.42,93,188.8
251,     ,250,1, ,         ,4.2278,1.051,999,1598.4
251,     ,254,1, ,0.006,0.0246,0.0264,306,619.2
251,     ,254,2, ,0.0038,0.0254,0.6938,265,483.2
251,     ,260,1, , T 3.1676,6.5799,1.5889,96,192
251,     ,262,1, , T  1.045,2.1707,0.5242,96,192
251,     ,266,1, ,1.87,7.6,2.04,153,310.4
251,     ,3951,1, , T   2.17,8.83,2.366,172,329.6
251,     ,4000,1, , T  1.004,2.087,2.016,134,214.4
251,     ,9612,1, , T  .9684,2.0115,0.4857,96,192
251,     ,9613,1, , T 1.0412,2.1629,0.5223,96,192
252,     ,251,1, ,         ,9.37,      .9743  .95  1.1        252,200,416
252,     ,461,1, , T   2.55,12.82,20.49,192,424
254,     ,253,1, ,         ,8.8655,1.051,999,1598.4
254,     ,256,1, ,0.279,1.133,0.304,153,310.4
254,     ,295,1, , T    .97,3.94,1.055,153,310.4
254,     ,9616,1, , T  .7272,2.9544,0.792,153,310.4
254,     ,9617,1, , T  .7272,2.9544,0.792,153,310.4
256,     ,255,1, ,         ,24.65,1.051,999,1598.4
256,     ,9618,1, , T  .6242,2.5359,0.6798,153,310.4
258,     ,257,1, ,         ,4.9847,1.051,999,1598.4
258,     ,1757,1, , T   2.14,8.9,2.291,121,251.2
258,     ,1758,1, , T   2.14,8.9,2.291,121,251.2
258,     ,3992,1, ,4.54,19.51,5.39,105,200
258,     ,9619,1, , T  .6123,1.2719,0.3071,96,153.6
258,     ,9620,1, , T  .6123,1.2719,0.3071,96,153.6
260,     ,259,1, ,         ,35.93,0.942,999,1598.4
260,     ,1654,1, ,1.6362,6.6474,1.782,153,310.4
262,     ,261,1, , T       ,14.834,0.942,999,1598.4
265,     ,1693,1, ,0.2675,1.5241,0.4331,194,395.2
266,     ,1633,1, ,1.197,5.9604,1.6818,153,310.4
267,     ,1603,1, ,0.19,0.4,0.1,96,192
267,     ,1668,1, ,0.0954,0.1983,0.0479,96,192
268,     ,1606,1, ,0.29,1.63,0.462,249,428.8
268,     ,1668,1, ,0.2571,0.5341,0.129,96,192
268,     ,9649,1, ,0.273,1.555,0.442,249,428.8
270,     ,1600,1, ,0.06,0.41,0.493,1500,2400
270,     ,1692,1, ,0.0968,0.521,15.6,132,230.4
270,     ,1692,2, ,0.0968,0.521,15.6,132,230.4
270,     ,1692,3, ,0.059,0.521,15.6,137,240
270,     ,4200,1, ,0.1496,1.1068,1.3395,478,963.2
271,     ,169,1, ,0.1095,0.8099,0.2451,301,520
271,     ,4113,1, ,0.5422,3.0894,0.8779,218,422.4
272,     ,1605,1, , T    .69,4.075,1.17,194,396.8
272,     ,1616,1, ,0.06,0.41,14.077,209,350.4
272,     ,1617,1, ,0.04,0.3,10.558,196,345.6
273,     ,1619,1, ,1.8,7.32,1.96,153,310.4
273,     ,1621,1, ,0.297,1.1843,0.323,153,310.4
273,     ,1676,1, ,0.006,0.025,0.007,153,310.4
274,     ,251,1, , T 1.8511,7.53,2.019,153,310.4
274,     ,251,2, , T 1.8511,7.53,2.019,153,310.4
274,     ,251,3, , T 1.2801,7.32,2.081,194,395.2
274,     ,251,4, , T 1.2801,7.32,2.081,194,395.2
274,     ,1673,1, ,0.05,0.37,0.113,194,395.2
274,     ,1673,2, ,0.05,0.37,0.113,239,481.6
274,     ,1673,3, ,0.05,0.37,0.113,239,481.6
274,     ,1673,4, ,0.07,0.38,0.109,194,395.2
275,     ,291,1, ,0.21,1.22,0.347,194,396.8
275,     ,292,1, ,0.21,1.22,0.347,194,395.2
275,     ,1618,1, , T    .19,1.07,0.3,194,395.2
275,     ,3795,1, ,0.2189,1.6194,0.49,239,481.6
275,     ,3956,1, ,0.14,1.07,0.323,239,481.6
276,     ,1770,1, ,1.64,5.28,1.25,97,212.8
276,     ,1771,1, ,1.82,10.58,3.04,118,212.8
276,     ,4124,1, , T  .6782,1.4089,0.3402,96,192
276,     ,9641,1, , T  .6531,1.3567,0.3276,96,192
278,     ,1639,1, , T   .469,2.942,0.86,194,395.2
278,     ,4102,1, , T    .24,1.465,0.42,194,395.2
279,     ,4120,1, ,0.336,2.196,1.267,359,726.4
280,     ,275,1, ,0.6789,3.1709,0.8817,200,400
280,     ,1696,1, ,0.5777,1.5489,0.393,96,192
281,     ,274,1, , T    .39,1.59,0.43,153,310.4
283,     ,178,1, ,0.28,1.58,0.45,194,395.2
283,     ,178,2, ,0.28,1.58,0.45,194,395.2
283,     ,178,3, ,0.28,1.58,0.45,194,395.2
283,     ,178,4, ,0.28,1.58,0.45,194,395.2
283,     ,1656,1, ,0.0378,0.2154,0.061,194,395.2
283,     ,1657,1, ,0.0378,0.2154,0.061,194,395.2
283,     ,1659,1, ,0.1128,0.6843,28.23,160,294.4
283,     ,1661,1, ,0.21,0.34,10.808,103,187.2
283,     ,1661,2, ,0.21,0.34,10.808,103,187.2
283,     ,1662,1, ,0.132,0.595,28.794,160,294.4
283,     ,9645,1, ,0.063,0.3589,0.102,194,395.2
284,     ,290,1, ,0.04,0.47,19.824,210,396.8
284,     ,1628,1, , T   .041,0.311,11.87,239,395.2
284,     ,1684,1, ,0.026,0.2307,7.635,168,305.6
284,     ,1684,2, ,0.05,0.13,5.934,168,305.6
284,     ,1684,3, ,0.05,0.13,5.934,232,400
284,     ,1686,2, ,0.03,0.32,14.15,246,452.8
284,     ,1689,1, ,0.35,0.5,14.904,99,200
285,     ,1607,1, ,0.4627,2.1433,0.3947,153,310.4
286,     ,1671,1, ,0.3842,1.6029,0.4329,153,310.4
287,     ,1604,1, ,0.033,0.2442,0.0739,301,520
288,     ,1608,1, ,0.1298,0.7394,0.2101,194,395.2
289,     ,9635,1, , T   .174,1.216,0.708,359,726.4
290,     ,1691,1, ,0.06,0.17,6.638,81,164.8
290,     ,1691,2, ,0.06,0.17,6.638,81,164.8
291,     ,1615,1, ,0.16,0.93,0.265,194,396.8
292,     ,288,1, ,0.22,1.24,0.354,194,395.2
293,     ,1639,1, ,0.02,0.13,0.04,194,395.2
295,     ,3975,1, ,0.48,1.97,0.527,153,310.4
297,     ,296,1,D,D        ,17.34,1,63,100.8
297,     ,455,1, ,0.01,0.03,0.006,137,219.2
297,     ,455,2, ,0.01,0.03,0.006,137,219.2
299,     ,3005,1, ,         ,-0.985,                                ,1602,3460.8
299,     ,6444,1, ,0.1302,2.248,320.98,1992,3187.2
307,     ,392,1, ,8.15,21.33,5.096,82,169.6
307,     ,392,2, ,8.15,21.33,5.096,82,169.6
307,     ,755,1, ,6.18,16.2,3.875,125,246.4
307,     ,755,2, ,6.19,16.2,3.875,125,246.4
308,     ,336,1, , T    .24,2.25,35.17,717,1147.2
308,     ,367,1, ,0.65,7.32,118.01,699,1118.4
308,     ,4316,1, ,         ,5.17,1,150,264
308,     ,4317,1, ,         ,5.17,1,150,264
309,     ,1516,1, ,3.3,8.72,2.038,125,228.8
309,     ,1522,1, ,2.87,7.54,1.787,125,225.6
309,     ,1568,1, ,3.77,9.83,2.381,125,225.6
309,     ,4316,1, ,         ,-0.83,1.025,150,264
309,     ,4317,1, ,         ,-0.83,1.025,150,264
310,     ,4316,1, ,         ,8.07,1,50,80
311,     ,4317,1, ,         ,8.07,1,50,80
313,     ,316,1, ,         ,6.145,0.956,150,240
313,     ,350,1, ,0.13,1.25,19.98,571,913.6
313,     ,372,1, ,0.05,0.57,8.809,574,918.4
313,     ,1574,1, ,         ,6.145,0.956,150,276.8
313,     ,1575,1, ,         ,6.145,0.956,150,240
313,     ,1576,1, ,         ,6.145,0.956,150,240
313,     ,4085,1, ,         ,3.74,      .9457   .9  1.1      -4085,375,809.6
313,     ,4085,2, ,         ,3.74,      .9457   .9  1.1      -4085,375,809.6
314,     ,316,1, ,         ,0.385,      1.051 .952 1.15        314,150,240
314,     ,1574,1, ,         ,0.385,      1.051 .952 1.15        314,150,276.8
314,     ,1575,1, ,         ,0.385,      1.051 .952 1.15        314,150,240
314,     ,1576,1, ,         ,0.385,      1.051 .952 1.15        314,150,240
314,     ,4367,1, ,0.124,0.291,0.271,286,457.6
314,     ,9074,2, ,0.198,0.497,0.136,286,457.6
315,     ,316,1, ,         ,13.06,1,50,80
318,     ,187,2, ,3.88,10.01,2.47,125,228.8
318,     ,362,1, ,4.1,9.78,2.352,95,152
318,     ,362,2, ,3.736,9.655,2.259,95,152
319,     ,394,1, ,1.3,6.76,11.47,334,624
319,     ,4043,1, ,1.27,6.6,11.202,334,624
319,     ,9008,1, ,         ,25.1,0.975,33,60.8
319,     ,9014,1, ,         ,21.4,      1.001   .9  1.1      -9014,66,147.2
320,     ,210,1, , T   .125,1.937,149.96,1732,2771.2
320,     ,300,1, ,         ,1.0175,1.05,1200,1920
320,     ,321,1,D,D        ,4.6,1.025,300,624
320,     ,321,2, ,         ,4.5,1.025,300,624
320,     ,321,3, ,         ,4.72,1.025,300,672
320,     ,360,1, ,0.082,1.256,98.99,2442,4156.8
320,     ,360,2, ,0.09,1.24,100.1,2533,4052.8
320,     ,390,1, ,0.22,3.42,274.8,2442,4156.8
320,     ,3008,1, ,0.125,1.996,290.9,2598,4156.8
320,     ,9034,1, ,         ,4.07,1.05,1200,1920
321,     ,1506,1, , T   3.85,8.85,2.385,99,225.6
321,     ,1509,1, ,7.83,20.041,5.044,125,200
321,     ,1519,1, ,10.78,28.53,6.67,125,256
321,     ,2938,1, ,2.77,7.97,2.158,103,192
323,     ,138,1, ,         ,2.537,      1.036   .9  1.1        323,225,504
323,     ,138,2, ,         ,2.54,      1.036   .9  1.1        323,225,504
323,     ,1514,1, , T   4.15,10.99,2.57,125,200
323,     ,1541,1, , T  2.885,6.924,2.885,143,228.8
323,     ,4005,1, ,8.67,22.47,5.5283,125,256
323,     ,4009,1, ,4.46,11.74,2.78,125,200
324,     ,1591,1, ,         ,7.59,0.97,133,212.8
325,     ,326,1, ,         ,2.16,1.1,400,896
325,     ,326,2, ,         ,2.16,1.1,400,896
325,     ,326,3, ,         ,2.16,1.1,400,896
325,     ,360,1, ,0.1,1.519,119.67,2442,4156.8
325,     ,370,1, ,0.28,4.84,419.5,2206,4156.8
325,     ,3010,1, , T   .042,0.635,55.08,1992,3824
326,     ,134,1, , T    .07,0.76,12.287,1049,1678.4
326,     ,301,1, ,         ,3.51,1.025,500,800
326,     ,367,1, ,0.5,5.69,93.537,624,1118.4
326,     ,367,2, ,0.5,5.69,93.537,624,1118.4
326,     ,396,1, ,0.24,2.74,45.47,866,1787.2
327,     ,317,1, ,         ,13.5,1,999,1598.4
327,     ,332,1, ,3.75,9.82,2.334,95,152
328,     ,326,1, ,         ,8.93,       1.07 .9441.154        330,150,275.2
328,     ,326,2, ,         ,9.23,       1.07 .9441.154        330,150,305.6
328,     ,330,1, ,         ,6.3,                                ,150,272
328,     ,330,2, ,         ,6.3,                                ,150,272
329,     ,1590,1, ,         ,7.36,0.97,133,212.8
330,     ,187,1,D,D    7.33,20.19,4.719,104,200
330,     ,1508,1, , T   6.71,18.39,4.426,96,153.6
330,     ,1508,2, ,7.044,18.576,4.405,125,256
330,     ,1564,1, ,1.18,5.63,1.455,150,240
330,     ,1579,1, ,2.866,13.25,3.59,182,291.2
331,     ,363,1, , T       ,4.74,0.975,150,267.2
331,     ,366,1, , T       ,4.62,0.975,150,267.2
331,     ,369,1, ,         ,4.68,0.975,150,336
332,     ,361,1, ,         ,0.01,                                ,999,1598.4
332,     ,1554,1, ,2.66,6.31,1.525,95,152
332,     ,1563,1, ,0.72,1.64,0.391,143,228.8
332,     ,4056,1, ,1.2,3.07,0.766,125,228.8
332,     ,4057,1, ,1.99,5.07,1.283,125,228.8
336,     ,4089,1, ,         ,4.64,0.975,150,336
336,     ,4318,1, ,         ,4.66,0.975,150,336
336,     ,4319,1, ,         ,4.58,0.975,150,336
336,     ,9013,1, ,0.096,0.842,8.934,771,1233.6
337,     ,1516,1, ,2.59,7.13,1.66,125,200
337,     ,1548,1, ,4.31,11.22,2.7,125,200
337,     ,1572,1, ,6.9,18.82,4.496,125,228.8
337,     ,4089,1, ,         ,0.04,1,150,336
337,     ,4318,1, ,         ,0.05,1,150,336
337,     ,4319,1, ,         ,0.16,1,150,336
338,     ,4318,1, ,         ,14.17,1,50,80
339,     ,4319,1, ,         ,14.06,1,50,80
340,     ,312,1, ,         ,4.305,1.025,411,657.6
340,     ,1582,1, ,1.648,7.592,2.125,182,376
340,     ,1582,2, ,1.648,7.502,2.125,182,376
340,     ,1587,1, ,1.034,4.685,1.332,182,376
340,     ,4379,1, ,5.905,15.242,3.7459,125,256
341,     ,342,1, ,         ,4.7,      .9497 .8251.038       -342,150,336
341,     ,342,2, ,         ,5.1,      .9497 .8251.038       -342,150,264
341,     ,342,3, ,         ,4.7,      .9497 .8251.038       -342,150,336
341,     ,398,1, , T     .4,4.4,71.826,574,918.4
341,     ,4065,1, , T    .41,4.2,75.9,1100,1760
342,     ,1481,1, , T  11.63,30.68,7.28,125,256
342,     ,1491,1, ,6.3,16.26,3.987,124,198.4
342,     ,9019,1, ,         ,0.001,                                ,100,160
344,     ,1589,1, ,         ,2.69,1.05,400,761.6
344,     ,1590,1, ,         ,2.72,1.05,400,800
344,     ,1591,1, ,         ,2.69,1.05,400,761.6
344,     ,1593,1, ,         ,3.12,1.05,400,896
344,     ,3021,1, , T    .24,3.768,319.5,2078,4225.6
344,     ,4028,1, ,0.14,2.11,173.94,2442,4156.8
345,     ,1495,1, , T   1.43,6.64,11.79,248,396.8
345,     ,1589,1, ,         ,-0.22,1,400,761.6
345,     ,1590,1, ,         ,-0.28,1,400,800
345,     ,1591,1, ,         ,-0.2,1,400,761.6
345,     ,1593,1, ,         ,-0.47,1,400,896
345,     ,4072,1,D,D   .5836,2.71,4.72,360,672
345,     ,9045,1, , T   .163,0.752,1.606,340,544
346,     ,1589,1, ,         ,7.63,0.97,133,212.8
348,     ,347,1, ,         ,-1.15,      .9962  .95  1.1        348,66,158.4
348,     ,383,1, ,         ,-1.05,      .9962  .95  1.1        348,66,153.6
348,     ,1498,1, ,         ,-1.15,      .9962  .95  1.1        348,66,156.8
348,     ,1499,1, ,         ,-1.5,      .9962  .95  1.1        348,66,139.2
348,     ,4099,1, ,3.5916,9.3194,2.2869,94,179.2
348,     ,4362,1, ,0.42,0.77,0.192,93,148.8
348,     ,4363,1, ,11.1,20.52,4.738,94,150.4
348,     ,4368,1, ,         ,54.5,1.023,13,24
348,     ,4368,2, ,         ,59.9,1.023,13,24
348,     ,4368,3, ,         ,54,1.023,13,24
349,     ,344,1, ,0.157,2.412,203.5,2401,4572.8
349,     ,353,1, ,         ,4.69,1.025,300,641.6
349,     ,356,1, ,         ,2.45,1.075,400,716.8
349,     ,357,1, ,         ,2.75,1.075,400,787.2
349,     ,358,1, ,         ,4.95,1.025,300,619.2
349,     ,359,1, ,         ,4.86,1.025,300,619.2
349,     ,4028,1, ,0.03,0.39,32.35,2442,4156.8
350,     ,356,1, ,         ,-0.25,1,400,716.8
350,     ,357,1, ,         ,-0.55,1,400,787.2
350,     ,372,1, ,0.14,1.58,25.642,825,1320
351,     ,356,1, ,         ,8.35,1,133,212.8
352,     ,357,1, ,         ,8.15,1,133,212.8
353,     ,358,1, ,         ,-0.29,1,300,619.2
353,     ,359,1, ,         ,-0.21,1,300,619.2
353,     ,1565,1, ,1.662,4.277,1.065,143,228.8
353,     ,4021,1, ,2.42,8.27,2.858,141,225.6
353,     ,4022,1, ,1.61,6.75,1.869,182,291.2
353,     ,4024,1, ,1.51,3.28,0.819,143,228.8
353,     ,4340,1, ,0.637,2.93,0.81,180,288
353,     ,9023,1, ,1.06,4.81,1.36,182,291.2
354,     ,358,1, ,         ,6.9,1,133,212.8
355,     ,359,1, ,         ,7.08,0.975,133,212.8
360,     ,302,1, ,         ,2.905,1.075,537,859.2
360,     ,390,1, ,0.175,2.661,216.91,2533,4052.8
360,     ,3010,1, ,0.137,1.982,158.38,2533,4052.8
360,     ,9035,1, ,         ,5.81,1.075,537,859.2
363,     ,332,1, ,         ,-0.26,1,150,267.2
363,     ,333,1, ,         ,9.66,1,50,80
364,     ,170,1, , T    .02,0.24,0.11,344,550.4
364,     ,365,1,D,D    .001,0.001,                                ,999,1598.4
364,     ,9080,1, ,4.357,11.481,2.716,125,200
365,     ,170,1, , T    .03,0.15,0.14,480,768
365,     ,9093,1, ,1.149,2.922,0.745,125,256
365,     ,9094,1, ,3.01,7.75,1.9,125,256
366,     ,332,1, ,         ,-0.2,1,150,267.2
366,     ,334,1, ,         ,9.6,1,50,80
367,     ,313,1, , T   .647,6.46,100.8,776,1563.2
367,     ,368,1, ,         ,4.8,0.975,150,336
367,     ,368,2, ,         ,4.4,0.975,150,267.2
367,     ,372,1, ,0.59,6.72,111.07,855,1787.2
368,     ,1528,1, ,3.58,9.52,2.268,125,238.4
368,     ,4060,1, ,2.46,5.6883,1.2842,150,256
368,     ,4320,1, ,1.9812,5.1402,1.2542,150,240
369,     ,335,1, ,         ,9.63,1,50,80
369,     ,361,1, ,         ,-0.23,1,150,336
370,     ,100,1, ,0.19193,3.0015,256.49,1992,3824
370,     ,303,1, ,         ,1.0575,1.05,1740,2784
370,     ,535,1, ,0.09,1.38,112.3,2206,4156.8
371,     ,379,1, ,         ,7.24,0.975,50,80
372,     ,4314,1, ,         ,2.98,1,225,414.4
372,     ,4315,1, ,         ,2.4,1,225,432
372,     ,9015,1, ,0.106,0.997,16.566,866,1787.2
373,     ,372,3, ,         ,2.95,      1.053   .9  1.1        373,225,467.2
373,     ,372,4, ,         ,2.9,      1.053   .9  1.1        373,225,502.4
373,     ,1497,1, , T    .28,1.54,2.737,305,571.2
373,     ,4314,1, ,         ,-0.08,      1.053   .9  1.1        373,225,414.4
373,     ,4315,1, ,         ,0.53,      1.053   .9  1.1        373,225,432
373,     ,9004,1, ,0.88,4.44,8.39,305,571.2
373,     ,9024,1, ,1.42,7.77,13.72,305,571.2
374,     ,4314,1, ,         ,18.08,1,75,120
375,     ,4315,1, ,         ,17.76,1,75,120
376,     ,372,1, ,         ,7.38,      1.109 .9471.158        376,225,475.2
376,     ,372,2, ,         ,7.38,      1.109 .9471.158        376,225,475.2
376,     ,1546,1, ,0.79,2.08,0.493,150,240
376,     ,4059,1, ,4.42,11.35,2.798,125,240
376,     ,9046,1, ,0.4547,1.1962,0.2834,125,200
377,     ,379,1, ,         ,-0.09,1,300,576
377,     ,1517,1, ,         ,-0.09,1,300,576
377,     ,1521,1, ,1.43,3.65,0.92,95,152
377,     ,1524,1, ,0.5,1.29,0.316,125,256
377,     ,1527,1, ,1.5,3.87,0.95,125,256
377,     ,1536,1,D,D    3.01,7.75,1.898,143,228.8
377,     ,1536,2, ,4.01,9.3,2.103,180,356.8
377,     ,1555,1, ,3.36,10.33,2.531,94,190.4
377,     ,1562,1, ,         ,-0.36,1,300,672
377,     ,4045,1, ,4.0574,10.233,2.5111,125,256
377,     ,4048,1, ,4.4704,11.563,2.8438,125,256
377,     ,4084,1, ,9.62,17.03,3.91,94,150.4
378,     ,379,1, ,         ,5.04,      1.014   .9  1.1       -377,300,576
378,     ,1517,1, ,         ,5.04,      1.014   .9  1.1       -377,300,576
378,     ,1562,1, ,         ,4.94,      1.014   .9  1.1       -377,300,672
378,     ,9016,1, ,0.102,1.625,142.64,2442,4364.8
380,     ,398,1, ,0.27,2.91,47.305,1123,1796.8
380,     ,1475,1, ,0.71,6.11,99.947,864,1782.4
381,     ,304,1, ,         ,8.1,1,400,640
381,     ,380,1, ,         ,1.15,0.999,428,924.8
381,     ,380,2, ,         ,1.17,0.999,450,1008
382,     ,381,1, ,         ,7.7,1.012,150,336
382,     ,381,2, ,         ,7.7,1.012,150,336
382,     ,399,1, ,8.54,23.51,5.497,125,225.6
382,     ,1571,1, ,11.74,31.07,5.88,125,228.8
382,     ,4074,1, ,8.68,22.92,5.44,124,198.4
382,     ,4074,2, ,5.0681,21.583,5.8142,182,291.2
382,     ,4347,1,D,DT       ,0.001,                                ,999,1598.4
384,     ,385,1, ,         ,2.2794,1.025,400,640
384,     ,385,2, ,         ,2.2,1.025,400,787.2
384,     ,385,3, ,         ,2.12,1.025,400,640
384,     ,387,1, ,         ,5.1,1,300,624
384,     ,388,1, ,         ,5.13,1,300,624
385,     ,4040,1, , T   .165,1.871,29.9,853,1720
386,     ,376,1, ,2.14,11.3,2.541,137,219.2
386,     ,376,2, ,2.14,11.3,2.541,136,217.6
386,     ,387,1, ,         ,-0.44,1,300,624
386,     ,388,1, ,         ,-0.45,1,300,624
386,     ,1518,1, ,1.33,6,1.7,181,289.6
386,     ,1566,1, ,1.53,8.07,1.818,136,291.2
386,     ,1566,2, ,1.53,8.07,1.818,182,297.6
386,     ,4336,1, ,0.63894,1.4834,0.38244,180,288
386,     ,9044,1, ,3.5917,9.3195,2.2869,125,200
389,     ,387,1, ,         ,7.5,0.975,100,160
390,     ,393,1, ,         ,2.75,1.075,400,894.4
390,     ,1505,1, ,         ,2.4,1.075,400,836.8
390,     ,4050,1, , T   .087,1.268,108.7,2442,4156.8
390,     ,4050,2, ,0.09,1.41,112.9,2533,4052.8
391,     ,380,1, ,0.48,5.18,87.74,1123,1796.8
391,     ,393,1, ,         ,-0.65,1,400,894.4
391,     ,1505,1, ,         ,-0.2,1,400,836.8
391,     ,9098,1, ,         ,2.3,      .9656   .9  1.2      -9098,300,672
392,     ,1578,1, ,16.966,30.676,5.114,52,83.2
392,     ,1580,1, ,0.75,2.02,0.493,95,152
392,     ,1582,1, , T  1.764,4.44,0.789,182,291.2
392,     ,1584,1, ,9.523,17.906,3.664,52,83.2
394,     ,345,2, ,1.74,8.55,15.896,303,484.8
394,     ,347,1, ,         ,13.85,0.975,66,158.4
394,     ,383,1, ,         ,13.15,0.975,66,153.6
394,     ,1495,1, ,0.55,2.53,4.49,248,396.8
394,     ,1498,1, ,         ,13.85,0.975,66,156.8
394,     ,1499,1, ,         ,14.2,0.975,66,139.2
395,     ,1505,1, ,         ,7.43,1,133,212.8
396,     ,305,1, ,         ,2.2,1.025,450,720
396,     ,9037,1, ,         ,2.9333,1.025,450,720
397,     ,393,1, ,         ,7.33,1,100,160
398,     ,4013,1, ,         ,5.05,      .9646 .8251.038       -399,150,264
398,     ,4014,1, ,         ,4.45,      .9649 .8251.038       -399,150,336
398,     ,4015,1, ,         ,4.35,      .9651 .8251.038       -399,150,336
398,     ,4051,1, , T    .16,1.11,18.1,1076,1721.6
399,     ,1542,1, ,27.24,42.31,8.602,73,152
399,     ,4013,1, ,         ,0.05,1,150,264
399,     ,4014,1, ,         ,0.35,1,150,336
399,     ,4015,1, ,         ,0.35,1,150,336
410,     ,411,1, ,         ,7.03,      1.003 .8371.076       -411,150,240
410,     ,411,2, ,         ,12.56,      1.003 .8371.076       -411,100,160
410,     ,411,3, ,         ,7.03,      1.003 .8371.076       -411,150,240
410,     ,411,4, ,         ,7.03,      1.003 .8371.076       -411,150,240
410,     ,421,1, ,0.2376,1.5478,4.89,478,956.8
410,     ,421,2, ,0.2376,1.5478,4.89,478,956.8
410,     ,431,1, ,0.1901,1.1076,3.6,324,712
410,     ,431,2, ,0.1901,1.1076,3.6,324,712
410,     ,590,2, ,0.3033,2.2,8.01,383,848
410,     ,590,3, ,0.3033,2.2,8.01,383,796.8
410,     ,590,4, ,0.3061,2.2203,8.09,383,796.8
410,     ,590,5, ,0.3061,2.2203,8.09,383,848
412,     ,410,1, ,0.833,4.694,15.54,319,510.4
412,     ,9106,1, ,         ,40.4,      1.001   .9  1.1      -9106,25,48
412,     ,9106,2,D,D        ,40.4,         1.   .9  1.1      -9106,25,48
414,     ,581,1, ,0.1028,1.2749,82.53,1524,2438.4
414,     ,608,1, ,0.0234,0.2902,18.78,1524,2438.4
415,     ,414,1, ,         ,3.97,      1.048 .894 1.21        415,400,731.2
415,     ,414,2, ,         ,3.94,      1.048 .894 1.21        415,400,764.8
415,     ,414,3, ,         ,3.94,      1.048 .894 1.21        415,400,764.8
415,     ,9060,1, ,0.142,1.181,0.09,352,563.2
421,     ,422,1, ,         ,7.39,      .9782 .8371.076       -422,150,240
421,     ,422,2, ,         ,7.36,      .9782 .8371.076       -422,150,240
421,     ,422,3, ,         ,7.38,      .9782 .8371.076       -422,150,240
421,     ,422,4, ,         ,7.48,      .9782 .8371.076       -422,150,240
425,     ,427,1, ,0.04,0.82,76.695,400,640
426,     ,427,1, ,0.04,0.82,76.695,400,640
427,     ,428,1, ,         ,7.72,      1.011  .88 1.12       -428,250,422.4
427,     ,428,2, ,         ,7.63,      1.011  .88 1.12       -428,250,422.4
427,     ,429,3, ,         ,11.48,      1.013  .88 1.12       -429,123,236.8
427,     ,429,4, ,         ,11.48,      1.013  .88 1.12       -429,123,236.8
427,     ,429,5, ,         ,11.07,      1.013  .88 1.12       -429,135,259.2
431,     ,425,1, ,0.08,0.44,1.42,324,712
431,     ,426,1, ,0.08,0.44,1.42,324,712
435,     ,126,1, ,0.01,0.13,3.589,1793,3440
435,     ,126,2, ,0.01,0.13,3.589,1793,2868.8
435,     ,436,3, ,         ,5.08,      .9734 .8731.127       -436,400,764.8
435,     ,436,4, ,         ,5.16,      .9734 .8731.127       -436,400,764.8
435,     ,437,1, ,         ,4.97,      .9893 .8731.127       -437,400,768
435,     ,437,2, ,         ,5.62,      .9893 .8731.127       -437,400,764.8
435,     ,438,1, ,0.047,3.3072,162.48,400,640
435,     ,438,2, ,0.047,3.3072,162.48,400,640
437,     ,436,1,D,D        ,0.001,                                ,999,1598.4
438,     ,440,1, ,         ,20.31,      .9726 .838 1.16       -440,135,259.2
438,     ,440,2, ,         ,20.31,      .9726 .838 1.16       -440,135,259.2
438,     ,441,1, ,         ,5.63,       .984 .8741.128       -441,400,768
438,     ,441,2, ,         ,5.63,       .984 .8741.128       -441,400,768
439,     ,126,1, , T  .0366,0.5575,15.37,2390,3824
439,     ,126,2, , T  .0366,0.5575,15.37,2390,3824
439,     ,431,1, ,         ,2.04,1,500,880
439,     ,444,1, ,         ,5.35,      .9828 .8741.128       -444,400,768
439,     ,444,2, ,         ,5.41,      .9828 .8741.128       -444,400,768
439,     ,444,3, ,         ,5.35,      .9828 .8741.128       -444,400,768
439,     ,495,1, ,0.0073,0.1083,3.18,1793,2868.8
439,     ,495,2, ,0.0073,0.1083,3.18,1793,2868.8
440,     ,3440,1, ,         ,0.01,                                ,999,1598.4
441,     ,3441,1, ,         ,0.01,                                ,999,1598.4
442,     ,443,1, ,         ,5.66,      1.003 .8741.128       -443,400,764.8
442,     ,443,2, ,         ,5.81,      1.003 .8741.128       -443,400,764.8
442,     ,443,3, ,         ,5.67,      1.003 .8741.128       -443,400,764.8
445,     ,296,1, ,         ,17.34,1,63,100.8
445,     ,3461,1, ,         ,0.01,                                ,999,1598.4
446,     ,447,1, ,         ,7.42,      .9994 .8371.076       -447,150,288
446,     ,447,2, ,         ,7.54,      .9994 .8371.076       -447,150,288
446,     ,447,3, ,         ,7.41,      .9994 .8371.076       -447,150,288
446,     ,451,1, , T   .047,0.3087,1.13,478,918.4
448,     ,161,1, ,0.051,0.3355,1.23,686,1275.2
448,     ,446,1, ,0.0133,0.0872,0.32,478,764.8
448,     ,454,1, ,0.5101,3.3487,12.31,637,1019.2
449,     ,127,1, ,0.02,0.16,2.661,912,1702.4
449,     ,128,1, ,0.02,0.16,2.661,912,1702.4
449,     ,442,1, ,0.1,0.92,18,1195,1912
449,     ,445,3, ,         ,5.72,      1.014 .8741.128       -445,400,768
449,     ,445,4, ,         ,5.7,      1.014 .8741.128       -445,400,768
449,     ,448,1, ,         ,1.57,1,500,880
449,     ,448,2, ,         ,1.6,1,500,880
449,     ,594,1, ,0.046,0.4067,7.33,896,1529.6
449,     ,594,2, ,0.046,0.4067,7.33,896,1529.6
451,     ,161,1, , T  .0173,0.1141,0.42,686,1275.2
451,     ,3446,1, ,         ,0.01,                                ,999,1598.4
454,     ,455,1, ,         ,8.18,      1.018 .8371.076       -455,150,288
454,     ,455,2, ,         ,8.14,      1.018 .8371.076       -455,150,288
454,     ,455,3, ,         ,8.26,      1.018 .8371.076       -455,150,288
454,     ,455,4, ,         ,7.94,      1.018 .8371.076       -455,150,288
454,     ,600,1, , T  .3587,2.3555,8.71,478,764.8
458,     ,459,1, ,         ,21.12,      1.007 .8371.076       -459,60,96
458,     ,459,2, ,         ,21,      1.007 .8371.076       -459,60,96
458,     ,459,3, ,         ,21,      1.007 .8371.076       -459,60,115.2
458,     ,461,1, , T  .4234,2.7775,10.24,598,956.8
458,     ,9123,1, , T  .1881,1.2344,4.55,478,764.8
461,     ,462,2, ,         ,18.45,      1.001 .8371.076       -462,60,96
461,     ,462,3, ,         ,18.89,      1.001 .8371.076       -462,60,144
461,     ,462,4, ,         ,18.8,      1.001 .8371.076       -462,60,144
462,     ,3463,2, , T       ,0.01,                                ,999,1598.4
462,     ,9110,1, ,4.325,9.0507,0.352,70,140.8
464,     ,82,1, ,0.1,0.95,17.073,912,1764.8
464,     ,82,2, ,0.1,0.95,17.073,912,1764.8
464,     ,465,2, ,         ,6.35,      .9876  .88 1.12       -465,400,731.2
464,     ,465,3, ,         ,6.39,      .9876  .88 1.12       -465,400,731.2
464,     ,465,4, ,         ,6.31,      .9876  .88 1.12       -465,400,731.2
464,     ,466,1, ,0.01,0.15,4.127,1195,1912
464,     ,466,2, ,0.01,0.15,4.127,1195,1912
466,     ,467,1, ,         ,5.64,      .9935 .8741.128       -467,400,675.2
466,     ,467,2, ,         ,5.56,      .9935 .8741.128       -467,400,675.2
466,     ,467,3, ,         ,5.62,      .9935 .8741.128       -467,400,675.2
471,     ,82,3, ,0.0917,0.8555,13.84,912,1764.8
471,     ,472,1, ,         ,1.588,1,500,880
471,     ,473,1, ,         ,5.58,      .9718 .8741.128       -473,400,761.6
471,     ,473,2, ,         ,5.63,      .9718 .8741.128       -473,400,761.6
471,     ,473,3, ,         ,5.63,      .9718 .8741.128       -473,400,761.6
472,     ,477,1, ,0.0159,0.1414,0.49,608,1019.2
472,     ,732,1, ,         ,8.13,      .9749 .8941.107       -732,150,288
472,     ,732,2, ,         ,8.13,      .9749 .8941.107       -732,150,288
473,     ,3417,6, ,0.266,1.485,0.114,137,252.8
473,     ,3477,4, , T   .366,1.263,0.079,137,252.8
474,     ,471,1, , T  .0718,0.6485,11.41,912,1764.8
474,     ,475,1, ,         ,6.36,      .9669  .88 1.12       -475,400,675.2
474,     ,475,2, ,         ,6.34,      .9669  .88 1.12       -475,400,675.2
474,     ,476,3, ,         ,5.74,      .9782 .8741.128       -476,400,675.2
474,     ,476,4, ,         ,5.61,      .9782 .8741.128       -476,400,716.8
477,     ,480,1, ,0.0365,0.3247,1.12,608,1019.2
480,     ,401,1, ,         ,2.6027,1.05,485,776
480,     ,481,1,D,D        ,15.95,1,75,120
480,     ,484,1, ,0.61,3.07,5.54,265,510.4
480,     ,9104,1, ,0.0206,0.1832,0.63,608,1019.2
481,     ,400,1, ,         ,4.6545,1.05,198,316.8
481,     ,482,1, ,         ,0.01,                                ,183,292.8
481,     ,3113,1, ,0.0175,0.0917,0.0041,159,254.4
481,     ,3114,1, ,0.0175,0.0917,0.0041,159,254.4
481,     ,3497,1, ,1.485,9.343,                                ,137,219.2
481,     ,3498,1, ,1.485,9.343,                                ,137,219.2
482,     ,407,1, ,         ,4.7833,1.05,198,316.8
482,     ,473,1, ,0.73,2.84,0.161,137,252.8
482,     ,473,2, ,0.731,2.845,0.161,137,252.8
482,     ,473,3, ,0.776,2.889,0.168,137,252.8
482,     ,473,5, ,0.459,2.425,0.162,137,252.8
482,     ,3482,1, ,0.01,0.01,                                ,999,1598.4
483,     ,3490,1,D,D    .236,1.307,                                ,137,219.2
483,     ,3491,1,D,D    .236,1.307,                                ,137,219.2
483,     ,3495,1, ,0.018,0.101,                                ,137,219.2
483,     ,3495,2, ,0.018,0.101,                                ,137,219.2
484,     ,404,1, ,         ,10.7,1.025,270,432
484,     ,405,1, ,         ,4.7105,1,140,224
484,     ,485,5, ,         ,15.08,      .9974  .88 1.12       -485,100,192
484,     ,485,6, ,         ,15.1,      .9974  .88 1.12       -485,100,192
484,     ,485,7, ,         ,15.06,      .9974  .88 1.12       -485,100,192
484,     ,485,8, ,         ,10.61,      .9974  .88 1.12       -485,150,288
484,     ,489,1, , T    .01,0.09,0.41,383,764.8
484,     ,490,1, , T    .01,0.09,0.41,383,764.8
485,     ,403,1, ,         ,4.6,1.025,200,320
485,     ,406,1, ,         ,4.7105,1,300,480
487,     ,486,1, ,         ,5.78,      .9875   .9  1.1       -486,400,832
487,     ,486,2, ,         ,5.79,      .9875   .9  1.1       -486,400,675.2
487,     ,486,3, ,         ,5.8,      .9875   .9  1.1       -486,400,675.2
488,     ,487,1, ,0.01,0.04,0.6,1315,2476.8
488,     ,487,2, ,0.01,0.04,0.6,1315,2476.8
488,     ,489,1, ,         ,1.588,1,500,880
488,     ,490,1, ,         ,1.59,1,500,880
488,     ,491,1, ,0.01,0.2,5.502,2390,3824
488,     ,491,2, ,0.01,0.2,5.502,2390,3824
488,     ,582,1, , T   .078,0.7001,11.93,896,1764.8
488,     ,582,2, , T   .078,0.7001,11.93,896,1433.6
491,     ,492,1, ,0.01,0.18,116.84,500,800
491,     ,492,2, ,0.01,0.18,116.84,500,800
491,     ,492,3, ,0.01,0.18,116.84,500,800
491,     ,495,1, , T  .0252,0.3767,11.01,1195,1912
491,     ,495,2, ,0.0252,0.3767,11.01,1195,1912
492,     ,493,1,D,D        ,5.63,         1. .8741.128       -493,500,880
492,     ,493,2, ,         ,5.67,       1.01 .8741.128       -493,500,880
492,     ,493,3, ,         ,5.8,       1.01 .8741.128       -493,400,764.8
492,     ,493,4, ,         ,5.7,       1.01 .8741.128       -493,400,764.8
492,     ,494,1, ,         ,14.25,      .9912 .8081.047       -494,150,286.4
492,     ,494,2, ,         ,14.1,      .9912 .8081.047       -494,150,286.4
492,     ,494,3, ,         ,16.31,      .9912 .8081.047       -494,150,286.4
495,     ,496,1, ,         ,5.61,      .9868 .8741.128       -496,400,764.8
495,     ,496,2, ,         ,5.65,      .9868 .8741.128       -496,400,764.8
495,     ,496,3, ,         ,5.62,      .9868 .8741.128       -496,400,764.8
497,     ,6592,1, ,         ,0.01,                                ,999,1598.4
498,     ,673,1, ,1.0625,2.4942,0.67,139,260.8
498,     ,6593,1, , T 1.7511,4.2541,1.05,143,268.8
527,     ,528,2, ,         ,4.53,      .9882 .8551.158       -528,400,768
527,     ,528,3, ,         ,4.47,      .9882 .8551.158       -528,400,768
527,     ,584,1, ,0.021,0.2616,16.94,1524,2438.4
528,     ,9055,1, ,4.48,9.94,0.484,184,294.4
528,     ,9056,1, ,0.062,0.281,0.014,159,254.4
528,     ,9058,1, ,1.459,8.115,0.4,159,254.4
530,     ,540,1, ,0.284,3.5416,228.9,1524,2438.4
530,     ,547,1, ,0.3005,3.6478,200.58,1524,2438.4
534,     ,511,1, ,         ,6.3605,1.025,177,283.2
534,     ,865,1, , T    1.9,5.71,5.9168,215,411.2
534,     ,870,1, , T   3.14,9.61,9.4807,219,417.6
536,     ,500,1, ,         ,0.82,1,1500,2400
536,     ,535,4, ,         ,1.53,0.95,700,1385.6
536,     ,535,8, ,         ,1.42,0.95,750,1560
536,     ,535,9, ,         ,1.53,0.95,750,1678.4
536,     ,538,1, ,0.19,2.52,136.89,1524,2438.4
536,     ,559,1, , T     .4,5.36,290.92,1524,2438.4
536,     ,563,1, ,0.4282,5.6322,305.48,1524,2438.4
537,     ,536,1, ,         ,4.7,       1.02  .861.187        537,300,572.8
537,     ,605,1, ,4.9739,21.038,6.11,136,217.6
537,     ,3108,1, ,1.6908,4.4412,1.14,80,172.8
537,     ,21901,2, ,3.1245,13.195,3.85,136,217.6
538,     ,501,1, , T       ,0.54833,1,3560,5696
538,     ,531,1, ,         ,6.58,1,3400,5440
538,     ,542,1, ,0.0625,0.795,49.25,1524,2438.4
538,     ,561,1, ,0.4146,5.141,332.78,1524,2438.4
538,     ,561,2, ,0.4146,5.141,332.78,1524,2438.4
538,     ,572,1, ,0.2707,3.357,217.3,1524,2438.4
538,     ,572,2, ,0.2707,3.357,217.3,1524,2438.4
539,     ,502,1, , T       ,1.07,1,1404,2246.4
539,     ,530,1, , T   .008,0.0959,5.96,1524,2438.4
539,     ,530,2, , T  .0084,0.0991,5.79,1524,2438.4
539,     ,540,1, ,0.2818,3.5144,227.46,1524,2438.4
539,     ,542,1, , T  .0561,0.712,44.23,1524,2438.4
540,     ,561,1, , T  .1166,1.4545,94.12,2030,3657.6
540,     ,561,2, , T  .1166,1.4545,94.12,2030,3657.6
540,     ,3106,2, ,         ,4.42,      .9438   .9  1.1      -3106,300,576
541,     ,503,1, , T       ,4.975,1.025,234,374.4
541,     ,539,1, ,         ,4.5,      1.185  .86 1.19        541,300,576
542,     ,520,1, , T       ,1.645,1,850,1360
543,     ,542,1, ,         ,4.45,      .9564  .86 1.18        543,300,572.8
543,     ,1907,1, , T 2.3443,9.8934,2.89,206,387.2
543,     ,1944,1, ,2.3443,9.8934,2.89,206,387.2
543,     ,4168,1, ,1.2,3.1,0.77,999,1598.4
543,     ,11943,1, ,1.6269,6.8658,2.01,196,313.6
543,     ,21943,2, ,1.6269,6.8658,2.01,196,313.6
544,     ,510,1, , T       ,1.0064,1,1638,2620.8
544,     ,547,1, , T    .15,1.94,108.73,1918,3169.6
544,     ,547,2, , T    .15,1.94,108.73,1918,3169.6
544,     ,9544,1, ,0.0016,0.021,0.3,450,720
544,     ,9545,1, ,0.0016,0.021,0.3,450,720
545,     ,9544,1, , T   .089,2.33,      1.019   .9  1.1        545,450,936
545,     ,9545,1, , T   .089,2.33,      1.019   .9  1.1        545,450,936
546,     ,505,1, ,         ,6.3605,1.025,177,283.2
546,     ,534,1, , T       ,0.01,                                ,999,1598.4
546,     ,658,1, , T  .9916,4.601,1.34,115,240
546,     ,4189,1, , T 2.6855,12.356,3.61,115,240
547,     ,513,1, ,         ,3.6283,1,524,838.4
547,     ,549,1, ,0.09,1.2,66.94,1524,2438.4
547,     ,552,1, ,0.2386,3.0313,170.89,1524,2438.4
548,     ,547,1, ,         ,4.66,      .9688  .861.187        548,300,572.8
548,     ,4197,1, ,1.97,4.45,1.189,80,172.8
548,     ,4197,2, ,1.97,4.45,1.189,80,172.8
548,     ,11913,1, ,7.9907,19.405,5.15,80,172.8
548,     ,21913,2, ,7.9907,19.405,5.15,80,172.8
549,     ,507,1, ,         ,2.7933,1,550,984
549,     ,552,1, , T   .144,1.8294,103.13,2030,3657.6
550,     ,549,5, ,         ,4.82,      1.029  .861.187        550,300,480
550,     ,885,1,D,D    2.55,6.87,1.69,83,201.6
550,     ,21911,1, ,4.3881,10.301,2.74,139,260.8
551,     ,552,1, ,         ,7.2,      1.013   .9  1.1        551,336,537.6
551,     ,552,2, ,         ,6.31,      1.013   .9  1.1        551,336,592
551,     ,552,7, ,         ,6.26,      1.013   .9  1.1        551,336,644.8
551,     ,554,3, ,         ,17.01,      1.019   .9  1.1       -554,75,144
551,     ,554,4, ,         ,16.11,      1.019   .9  1.1       -554,75,144
551,     ,612,1, ,0.7629,4.3785,14.28,319,611.2
551,     ,1028,1, ,2.97,15.06,26.93,255,476.8
551,     ,1029,1, , T   1.43,8.22,26.75,298,643.2
552,     ,561,1, ,0.1853,2.3543,132.72,1524,2438.4
552,     ,570,1, ,0.4322,5.4916,309.59,1936,3097.6
554,     ,12047,1, ,0.1391,0.6577,0.03,73,161.6
554,     ,22020,2, ,2.0786,4.9259,0.21,61,97.6
555,     ,508,1, ,         ,12.646,1.039,84,134.4
556,     ,552,1, ,         ,0.71,1,1500,3360
557,     ,509,1, ,         ,12.443,1.039,84,134.4
559,     ,561,1, , T  .1334,1.7177,104.01,1524,2438.4
559,     ,565,1, ,0.2122,2.6307,170.29,1524,2438.4
559,     ,573,1, ,0.1615,2.0916,118.89,1524,2438.4
559,     ,589,1, ,0.1378,1.7063,110.45,1524,2438.4
560,     ,559,1, ,         ,4.82,      .9808  .861.187        560,300,572.8
560,     ,559,2, ,         ,4.65,      .9808  .86 1.19        560,300,536
560,     ,559,3, ,         ,4.82,      .9808  .861.187        560,300,572.8
560,     ,703,1, , T 2.7315,11.735,3.3,206,387.2
560,     ,703,2, , T 2.7315,11.735,3.3,206,387.2
560,     ,2132,1, , T    .85,2.91,0.82,128,259.2
560,     ,2132,2, , T    .32,1.69,0.49,188,305.6
560,     ,2132,3, ,0.334,1.641,0.506,188,305.6
560,     ,2142,1, ,1.05,3.55,1.005,101,228.8
561,     ,414,1, ,0.291,3.6076,233.52,1524,2438.4
561,     ,414,2, ,0.291,3.6076,233.52,1524,2438.4
561,     ,527,1, ,0.2806,3.4982,226.44,1524,2438.4
562,     ,561,1, ,         ,8.27,      1.134  .86 1.19        562,150,256
562,     ,561,2, ,         ,9.19,      1.134  .86 1.19        562,150,267.2
562,     ,561,5, ,         ,10.67,      1.069 .8591.187        562,150,288
562,     ,633,1, ,3.6496,9.4282,2.5,80,172.8
562,     ,633,2, ,3.6496,9.4282,2.5,80,172.8
562,     ,2147,1, , T    .12,0.61,0.18,143,305.6
562,     ,2147,2, ,0.119,0.607,0.175,172,305.6
562,     ,2174,1, ,1.397,3.438,0.919,103,206.4
562,     ,2174,2, , T  1.397,3.438,0.919,103,206.4
563,     ,567,1, ,0.2299,3.0238,164.01,1524,2438.4
563,     ,3011,1, ,         ,1.08,1,1200,1920
563,     ,3011,2, ,         ,1.08,1,1200,1920
564,     ,563,1, ,         ,4.51,      1.071  .861.187        564,300,561.6
564,     ,563,2, ,         ,4.45,      1.071  .861.187        564,300,536
564,     ,563,3, ,         ,4.41,      1.071  .861.187        564,300,576
564,     ,563,5, ,         ,4.23,      1.071  .861.187        564,300,576
564,     ,2263,1, , T   1.78,4.71,1.2,103,206.4
564,     ,2268,1, , T   1.02,5.48,1.69,188,305.6
564,     ,2274,1, , T    .58,3.14,0.97,188,307.2
564,     ,4266,1, ,0.5933,3.1761,0.9775,188,305.6
564,     ,9643,1, ,0.7115,1.716,0.41,140,224
564,     ,12004,1, , T 6.7762,17.135,4.41,108,208
564,     ,22004,2, , T 6.7762,17.135,4.41,108,208
565,     ,593,1, , T  .2303,2.8559,184.87,1524,2438.4
566,     ,565,1, ,         ,4.63,      .9724  .861.187        566,300,561.6
566,     ,565,2, ,         ,4.45,      .9724  .861.187        566,300,561.6
566,     ,565,3, ,         ,4.63,      .9724  .861.187        566,300,561.6
566,     ,695,1, ,0.7,3.29,0.94,143,240
566,     ,695,2, ,0.7,3.29,0.94,143,305.6
566,     ,696,1, ,0.84,3.03,0.83,134,257.6
566,     ,696,2, , T    .84,3.03,0.83,134,240
566,     ,11947,1, ,0.9174,2.3695,0.63,80,172.8
566,     ,11955,1, ,1.1067,3.9808,1.11,97,212.8
566,     ,13109,1, ,0.5614,2.3731,0.69,191,336
566,     ,21947,2, ,0.9174,2.3695,0.63,80,172.8
566,     ,21955,2, ,1.1067,3.9808,1.11,97,212.8
566,     ,23109,2, ,0.5614,2.3731,0.69,191,336
567,     ,570,1, , T    .03,0.34,19.21,1524,2438.4
567,     ,573,1, ,0.0308,0.3934,22.59,1524,2438.4
568,     ,567,1, ,         ,4.61,      1.019  .861.187        568,315,604.8
568,     ,567,2, ,         ,4.61,      1.019  .861.187        568,315,604.8
568,     ,567,3, ,         ,4.45,      1.019  .861.187        568,300,572.8
568,     ,567,5, ,         ,4.45,      1.019  .861.187        568,300,576
568,     ,2122,1, ,0.22,1.21,0.363,188,305.6
568,     ,2145,1, ,0.38,2.1,0.631,188,305.6
568,     ,2185,1,D,D    .522,1.694,0.4797,179,336
568,     ,2191,1, , T     .4,2.12,0.65,121,209.6
568,     ,2191,3, , T     .4,2.12,0.65,129,228.8
568,     ,2212,1, , T    .61,1.52,0.4,121,209.6
568,     ,4276,4, ,0.396,2.117,0.652,129,228.8
568,     ,11592,1, ,0.4006,1.4409,0.4,97,212.8
568,     ,22592,2, ,0.4006,1.4409,0.4,97,212.8
570,     ,574,1, ,0.062,0.8021,45.74,1524,2438.4
571,     ,570,1, ,         ,5.06,      1.036  .861.187        571,300,572.8
571,     ,570,2, ,         ,5.06,      1.036  .861.187        571,300,572.8
571,     ,570,3, ,         ,4.84,      1.036  .861.187        571,300,480
571,     ,2173,1, ,1.691,6.114,1.507,125,286.4
571,     ,2215,1, ,0.538,1.946,0.479,125,286.4
571,     ,2219,1,D,DT    .48,2.44,0.73,191,366.4
571,     ,2219,2, , T    .48,2.44,0.73,191,366.4
571,     ,2307,1, , T    .39,2.13,0.61,191,366.4
571,     ,4287,1, , T    .48,2.44,0.73,191,366.4
572,     ,559,1, ,0.2114,2.6212,169.68,1524,2438.4
572,     ,559,2, ,0.2114,2.6212,169.68,1524,2438.4
572,     ,596,1, ,         ,4.45,      .9824   .9  1.1       -596,300,576
572,     ,596,2, ,         ,4.41,      .9824   .9  1.1       -596,300,576
573,     ,577,1, ,         ,3.5,      .9871  .861.188       -577,400,768
573,     ,577,2, ,         ,3.5,      .9871  .861.188       -577,400,768
574,     ,584,1, ,0.0308,0.3863,24.46,1524,2438.4
574,     ,593,1, ,0.1535,1.9664,120.14,1524,2438.4
574,     ,599,1, ,0.1998,2.5605,152.55,1524,2438.4
575,     ,574,1, ,         ,9.66,      .9242  .861.192        575,150,288
575,     ,11953,1, ,0.3151,1.4075,0.41,150,240
575,     ,21953,2, ,0.3151,1.4075,0.41,150,240
576,     ,574,1, ,         ,4.666,      .9977 .8611.187        576,300,486.4
576,     ,574,2, ,         ,4.53,      .9977 .8611.187        576,300,576
576,     ,574,3, ,         ,4.56,      .9977  .861.187        576,300,486.4
576,     ,3414,1, ,         ,0.1,                                ,900,1440
577,     ,6606,1, ,0.655,1.342,0.359,103,230.4
578,     ,541,1, , T  .0395,0.1669,0.05,206,387.2
578,     ,1905,1, ,0.3669,0.9478,0.26,80,128
578,     ,1907,1, ,0.226,0.9536,0.28,206,387.2
579,     ,541,1, ,0.0395,0.1669,0.05,206,387.2
579,     ,1944,1, ,0.226,0.9536,0.28,206,387.2
579,     ,1945,1, , T  .3669,0.9478,0.26,80,128
580,     ,556,1, ,         ,0.01,1.05,2400,5760
580,     ,4598,1, ,0.193,3.089,460.9,2992,6068.8
581,     ,532,1, ,         ,3.76,1,250,400
581,     ,9102,1, , T  .0661,0.8188,49.61,1524,2438.4
582,     ,471,1, ,0.1592,1.4225,24.94,896,1764.8
582,     ,474,1, , T  .1917,1.6989,29.71,912,1764.8
582,     ,581,3, ,         ,0.716,1,750,1320
582,     ,581,5, ,         ,0.721,1,750,1320
583,     ,581,1, ,         ,4.69,      1.058  .861.184        583,300,572.8
583,     ,581,2, ,         ,4.69,      1.058  .861.184        583,300,576
583,     ,581,3, ,         ,4.69,      1.058  .861.184        583,300,576
584,     ,561,1, , T  .3008,3.7503,242.76,1524,2438.4
584,     ,585,1, ,0.0238,0.3067,18.57,1524,2926.4
585,     ,586,1, ,0.0395,0.4939,29.84,1524,2438.4
585,     ,4585,1, ,         ,0.01,                                ,999,1598.4
586,     ,581,1, ,0.053,0.668,40.38,1524,2438.4
586,     ,588,1, ,         ,4.43,      .9769 .8551.158       -588,400,768
586,     ,588,2, ,         ,4.44,      .9769 .8551.158       -588,400,768
586,     ,588,3, ,         ,4.43,      .9769 .8551.158       -588,400,768
587,     ,701,2, ,0.6571,2.7776,0.8,206,376
587,     ,11932,1, ,0.3002,1.2691,0.37,206,376
587,     ,21932,2, ,0.3002,1.2691,0.37,206,376
588,     ,3478,1, ,         ,0.01,                                ,999,1598.4
589,     ,413,1, ,0.0724,0.8914,57.68,1524,2438.4
589,     ,587,1, ,         ,4.43,      1.033   .9  1.1       -587,300,576
589,     ,587,2, ,         ,4.42,      1.033   .9  1.1       -587,300,576
589,     ,587,3, ,         ,4.54,      1.033   .9  1.1       -587,300,576
590,     ,584,1, ,         ,0.746,      1.021  .88 1.12        590,750,1273.6
590,     ,584,2, ,         ,0.75,      1.021  .88 1.12        590,750,1273.6
590,     ,584,7, ,         ,0.75,      1.021  .88 1.12        590,750,1320
590,     ,607,1, ,0.43,2.39,8.47,577,923.2
590,     ,607,2, ,0.43,2.39,8.47,577,923.2
591,     ,584,1, ,         ,8.27,      1.009  .86 1.19        591,150,267.2
591,     ,584,2, ,         ,8.3,      1.009  .86 1.19        591,150,267.2
591,     ,21983,2, ,0.1382,0.33,0.08,139,260.8
593,     ,413,1, ,0.1775,2.1931,141.96,1524,2438.4
593,     ,533,1, ,         ,3.76,1,250,400
594,     ,593,1, ,         ,0.716,1,750,1320
594,     ,593,2, ,         ,0.714,1,750,1320
595,     ,593,1, ,         ,4.69,      .9758  .86 1.18        595,300,576
595,     ,593,2, ,         ,9.19,      .9758  .861.187        595,150,288
595,     ,593,3, ,         ,9.66,      .9758  .861.187        595,150,288
595,     ,11708,1, ,0.7149,1.8768,0.48,108,208
595,     ,22708,2, ,0.7149,1.8768,0.48,108,208
596,     ,2312,1, ,1.201,3.942,0.969,101,230.4
596,     ,4232,1, ,0.464,2.004,0.518,216,404.8
599,     ,598,1, ,         ,1.03,0.996,900,1584
599,     ,600,1, ,         ,1.83,         1.   .9  1.1       -600,750,1440
599,     ,600,2, ,         ,1.87,         1.   .9  1.1       -600,750,1440
600,     ,458,1, ,0.4234,2.7775,10.24,478,764.8
600,     ,9123,1, ,0.2617,1.7175,6.33,686,1275.2
601,     ,599,3, ,         ,4.47,      .9983  .861.187        601,315,572.8
601,     ,599,4, ,         ,4.43,      .9983  .861.187        601,315,572.8
601,     ,599,5, ,         ,4.24,      .9983  .861.187        601,315,604.8
601,     ,3850,1, , T   5.49,14.4,3.72,116,222.4
601,    D,3850,2,D,D    5.49,14.4,3.72,191,305.6
601,     ,11717,1, ,1.618,8.3083,2.53,237,444.8
601,     ,22717,2, ,1.618,8.3083,2.53,237,444.8
603,     ,608,1, ,         ,0.01,                                ,999,1598.4
605,     ,4141,1, ,2.5449,10.789,3.11,206,387.2
605,     ,9132,1, ,         ,33.05,1,20,40
605,     ,11901,1, ,2.1432,9.0839,2.62,206,387.2
608,     ,581,1, ,0.0802,0.9943,64.36,1524,2438.4
612,     ,615,1, ,0.5617,3.1248,10.41,319,611.2
613,     ,512,1, ,         ,6.3312,1.045,120,192
613,     ,557,1, , T 8.3425,19.649,0.86,121,193.6
613,     ,612,5, ,         ,18.33,       .995   .9  1.1        613,75,144
613,     ,612,6, ,         ,18.16,       .995   .9  1.1        613,75,144
613,     ,12045,1, ,4.655,10.964,0.48,89,166.4
613,     ,22045,2, ,4.655,10.964,0.48,89,166.4
615,     ,514,1, ,         ,2.852,1.05,460,736
615,     ,625,3, ,2.5148,13.333,22.86,200,424
615,     ,625,4, ,1.8317,9.6851,31.37,573,1073.6
615,     ,641,1, ,0.52,3.02,9.16,319,611.2
616,     ,615,5, ,         ,23.7,      .9912   .9  1.1        616,40,64
616,     ,615,6, ,         ,23.63,      .9912   .9  1.1        616,40,64
616,     ,615,8, ,         ,23.43,      .9912   .9  1.1        616,40,64
616,     ,9117,1, ,10.08,22.68,1.09,61,97.6
616,     ,12036,1, ,10.994,24.736,1.18,61,97.6
618,     ,506,1, ,         ,12.947,1.05,114,182.4
618,     ,620,1, ,         ,7.49,      .9986 .8941.188       -620,150,288
618,     ,620,2, ,         ,7.49,      .9986 .8941.188       -620,150,288
618,     ,629,1, ,0.4429,2.5331,8.26,319,510.4
618,     ,641,1, ,0.28,1.62,4.92,325,715.2
620,     ,12028,1, ,2.6,6.86,1.75,139,260.8
620,     ,22028,2, ,2.6,6.86,1.75,139,260.8
621,     ,1935,1, ,         ,23.43,      .9789  .85 1.05      -1935,30,48
621,     ,1935,3, ,         ,22.77,      .9789 .8941.106      -1935,30,48
621,     ,11628,1, ,4.4084,10.351,2.75,139,260.8
621,     ,22628,2, ,4.4084,10.351,2.75,139,260.8
622,     ,624,1, , T   5.51,14.45,3.73,96,153.6
622,     ,624,2, , T    5.5,14.46,3.72,96,203.2
623,     ,624,4, ,         ,12.24,      1.008 .8941.188       -624,75,144
623,     ,624,5, ,         ,13.05,      1.008 .8941.188       -624,75,144
623,     ,624,7, ,         ,11.5,      1.008 .8941.188       -624,75,144
623,     ,625,1, , T  2.191,11.616,19.92,200,424
624,     ,747,1, , T 9.3314,24.62,6.33,80,172.8
624,     ,747,2, ,9.3314,24.62,6.33,80,172.8
624,     ,3942,1, ,2.01,5.31,1.35,139,260.8
624,     ,3943,1, ,3.1,8.19,2.09,139,260.8
624,     ,3944,1, ,8.24,21.74,5.55,139,260.8
625,     ,626,1, ,         ,7.7,      .9661 .888  1.1       -626,150,288
625,     ,626,2, ,         ,7.71,      .9661 .888  1.1       -626,150,288
625,     ,626,4, ,         ,8.08,      .9661 .888  1.1       -626,150,288
625,     ,2035,1, ,0.9067,5.201,17.01,319,510.4
626,     ,2150,1, , T     1.,2.29,0.6,151,241.6
626,     ,2150,2, ,1,2.29,0.6,151,241.6
627,     ,621,1, ,         ,4.333,      1.069   .9  1.1       -621,300,480
629,     ,625,1, ,0.652,3.7807,12.02,319,510.4
629,     ,3150,1, ,         ,0.1,                                ,150,240
633,     ,524,1, ,         ,20.2,1.025,53,84.8
634,     ,515,1, ,         ,10.1,1.025,106,169.6
634,     ,11650,1, ,2.7301,6.4102,1.7,139,260.8
634,     ,22650,2, ,2.7301,6.4102,1.7,139,260.8
635,     ,516,1, ,         ,9.0667,1,155,248
635,     ,636,1, ,         ,33.3,      .9943  .85 1.05       -636,25,40
635,     ,2110,1, , T   .415,1.288,0.365,179,336
635,     ,11631,1, ,4.191,10.825,2.87,80,172.8
635,     ,11686,1, ,2.1235,5.487,1.46,80,172.8
635,     ,22631,2, ,4.191,10.825,2.87,80,172.8
635,     ,22686,2, ,2.1235,5.487,1.46,80,172.8
636,     ,2123,1, , T   2.31,3.47,0.05,22,40
638,     ,1923,1, ,5.6192,14.421,3.83,80,172.8
638,     ,3154,1, ,         ,0.1,                                ,96,184
638,     ,13157,1, ,1.3876,6.4803,1.87,115,254.4
638,     ,23157,2, ,1.3876,6.4803,1.87,115,254.4
639,     ,460,1, ,3.6095,8.9102,2.34,80,172.8
639,     ,640,1, , T 4.3552,11.249,2.98,80,172.8
639,     ,4138,1, ,5.45,14.067,3.4935,139,260.8
639,     ,4190,1, ,3.56,9.34,2.4,80,172.8
640,     ,460,1, , T 4.8359,12.078,3.18,80,172.8
640,     ,642,3,D,D        ,9.82,         1.  .85 1.15       -642,60,96
640,     ,642,4, ,         ,26.8,      .9458  .85 1.05       -642,30,48
640,     ,4136,1, ,1.22,3.149,0.782,139,260.8
640,     ,11678,1, ,4.0898,9.6028,2.55,139,260.8
640,     ,21925,2, ,3.5341,9.1289,2.42,80,172.8
640,     ,22678,2, ,4.0898,9.6028,2.55,139,260.8
641,     ,614,1, ,         ,12.222,1,999,1598.4
642,     ,3177,1, ,6.53,11.05,0.16,31,60.8
642,     ,3875,1, ,8.59,13.71,0.019,999,1598.4
645,     ,517,1, ,         ,8.75,1.025,146,233.6
645,     ,11644,1, ,0.5631,1.3219,0.35,139,260.8
645,     ,16586,1, , T  .1159,0.2993,0.08,80,172.8
645,     ,22644,2, ,0.5631,1.3219,0.35,139,260.8
645,     ,26586,2, , T  .1159,0.2993,0.08,80,172.8
647,     ,543,1, ,2.4652,10.597,2.98,196,313.6
647,     ,543,2, ,2.4652,10.597,2.98,191,313.6
647,     ,1914,1, ,0.6799,1.5963,0.42,139,260.8
647,     ,1938,1, ,0.6799,1.5963,0.42,139,260.8
647,     ,11637,1, ,2.1474,5.1232,1.32,136,217.6
647,     ,21637,2, ,2.1474,5.1232,1.32,136,217.6
648,     ,11910,1, ,3.1892,7.6087,1.95,139,260.8
649,     ,537,1, ,5.285,13.882,3.56,80,172.8
649,     ,1928,1, ,         ,33.3,      .9169 .855 1.04      -1928,40,64
649,     ,1928,2,D,D        ,33.3,         1. .855 1.04      -1928,40,64
649,     ,3108,1, ,3.5942,9.4406,2.42,80,172.8
649,     ,4134,1, ,2.73,7.046,1.75,139,260.8
649,     ,11906,1, ,3.0515,7.8817,2.09,80,172.8
649,     ,21906,2, ,3.0515,7.8817,2.09,80,172.8
652,     ,518,1, ,         ,5.505,1.05,357,571.2
652,     ,665,1, , T  5.379,24.96,7.29,115,188.8
652,     ,665,2, , T  5.379,24.96,7.29,115,209.6
652,     ,4239,1, ,0.7295,3.3852,0.99,115,240
652,     ,22654,2, ,1.9163,8.8922,2.59,115,240
654,     ,655,1, ,         ,23.43,      1.004  .85 1.05       -655,30,48
655,     ,2300,1, , T  23.12,34.81,0.474,30,59.2
655,     ,2305,1, , T  10.53,17.78,0.258,32,51.2
657,     ,546,1, ,0.9916,4.601,1.34,115,240
657,     ,1098,1, , T   1.01,4.8,1.36,115,184
659,     ,663,1, ,         ,8.81,      .9563   .9  1.1       -663,150,288
659,     ,663,2, ,         ,8.83,      .9563   .9  1.1       -663,150,288
659,     ,11915,1, ,0.4056,1.0476,0.28,80,172.8
659,     ,21915,2, ,0.4056,1.0476,0.28,80,172.8
661,     ,519,1, ,         ,3.54,1.05,300,480
661,     ,11671,1, ,0.9607,4.458,1.3,115,254.4
661,     ,12171,1, ,1.99,6.73,1.903,128,259.2
661,     ,21671,2, ,0.9607,4.458,1.3,115,254.4
661,     ,22171,1, ,1.99,6.73,1.903,128,259.2
663,     ,3171,1, ,0.89,2.24,0.1,51,81.6
663,     ,3171,2, ,0.89,2.24,0.1,51,81.6
663,     ,11921,1, ,7.3063,15.661,0.63,44,80
663,     ,21921,1, ,7.3063,15.661,0.63,44,88
665,     ,2331,1, , T   .457,1.841,0.547,216,404.8
665,     ,4230,1, ,         ,0.001,                                ,999,1598.4
665,     ,4260,2, , T   .121,0.488,0.145,216,404.8
666,     ,19518,1, ,3.6383,7.7983,0.31,44,96
666,     ,29518,1, ,3.6383,7.7983,0.31,44,96
667,     ,551,1, , T    .78,3.91,7.372,345,643.2
667,     ,551,2, , T    .78,3.91,7.372,345,643.2
667,     ,666,1, , T       ,14.46,      .9777 .9241.075       -666,150,288
669,     ,3191,1, ,         ,0.01,                                ,999,1598.4
671,     ,672,1, ,         ,28.92,      .9586  .85 1.05       -672,30,48
671,     ,672,2, ,         ,28.92,      .9586  .85 1.05       -672,30,48
672,     ,2319,1, , T   8.51,12.82,0.18,24,46.4
672,     ,3153,1, ,         ,0.1,                                ,24,46.4
672,     ,3902,1, , T  50.82,90.16,1.15,24,46.4
673,     ,2347,1, , T    .01,0.01,0.01,10,16
673,     ,4284,2, ,1.8379,4.3202,1.15,139,260.8
673,     ,11630,1, ,4.2818,10.052,2.67,139,260.8
673,     ,21908,2, ,2.6775,6.2855,1.67,139,228.8
673,     ,22630,2, ,4.2818,10.052,2.67,139,260.8
674,     ,3907,1, ,         ,34.2,      .9994  .85 1.05      -3907,25,40
674,     ,4159,1, ,1.72,4.44,1.1,999,1598.4
674,     ,11917,1, ,0.2019,0.474,0.13,139,260.8
674,     ,21917,2, ,0.2019,0.474,0.13,139,260.8
681,     ,3158,1, ,         ,0.1,                                ,130,227.2
681,     ,11950,1, ,1.0041,2.594,0.69,80,172.8
681,     ,22950,2, ,1.0041,2.594,0.69,80,172.8
682,     ,21680,2, ,1.859,4.3649,1.16,139,260.8
683,     ,521,1, ,         ,12.3,1.028,80,128
683,     ,3131,1, ,         ,0.1,                                ,999,1598.4
687,     ,522,1, ,         ,15,1.004,108,172.8
687,     ,12003,1, ,0.62,1.62,0.42,80,128
687,     ,12010,1, ,4.1379,7.9274,2.01,120,224
687,     ,22003,2, ,0.62,1.62,0.42,80,128
687,     ,22010,2, ,4.1379,7.9274,2.01,120,224
689,     ,16600,1, ,3.235,8.4524,2.19,80,128
692,     ,11978,1, , T  .3475,1.5789,0.45,96,203.2
692,     ,21978,2, , T  .3475,1.5789,0.45,96,203.2
693,     ,523,1, ,         ,20.1,1.004,40,64
693,     ,687,1, ,0.81,1.74,0.43,69,148.8
693,     ,687,2, ,0.81,1.74,0.43,69,148.8
693,     ,11684,1, ,1.5545,4.0157,1.07,80,172.8
693,     ,22684,2, ,1.5545,4.0157,1.07,80,172.8
694,     ,721,1, ,         ,16.63,      .9807  .88 1.12       -721,60,113.6
694,     ,721,2, ,         ,17.07,      .9807  .88 1.12       -721,60,115.2
694,     ,3865,1, , T   1.21,3.18,0.81,116,222.4
694,     ,3865,2, ,1.21,3.18,0.81,72,115.2
694,     ,11677,1, ,1.8448,4.847,1.24,131,228.8
694,     ,22677,2, ,1.8448,4.847,1.24,131,228.8
695,     ,696,1, , T    .51,1.34,0.35,139,260.8
695,     ,696,2, , T    .51,1.34,0.35,139,260.8
695,     ,3816,1, ,0.07,0.16,0.04,143,228.8
695,     ,4149,1, ,0.07,0.16,0.04,143,228.8
696,     ,2344,1, , T   1.69,4.43,1.06,96,184
696,     ,11956,1, ,1.2535,2.9432,0.78,139,260.8
696,     ,21956,2, ,1.2535,2.9432,0.78,139,260.8
697,     ,129,1, ,0.182,2.03,34.67,717,1147.2
697,     ,698,1, ,         ,2.88,      .9866   .9  1.1       -698,400,832
698,     ,11936,1, ,0.5258,2.2317,0.65,191,336
698,     ,21936,2, ,0.5258,2.2317,0.65,191,336
699,     ,11469,1, ,0.6372,1.6462,0.44,80,172.8
699,     ,11990,1, ,1.3324,3.442,0.91,80,172.8
699,     ,21990,2, ,1.3324,3.442,0.91,80,172.8
699,     ,22469,2, ,0.6372,1.6462,0.44,80,172.8
701,     ,587,1, , T  .6571,2.7776,0.8,206,376
701,     ,11984,1, ,0.4462,1.0476,0.28,139,260.8
701,     ,21984,2, ,0.4462,1.0476,0.28,139,260.8
703,     ,2100,1, , T    .39,1.41,0.35,103,206.4
703,     ,2133,1, , T    .94,3.38,0.86,103,206.4
703,     ,11470,1, ,2.3768,6.243,1.6,80,172.8
703,     ,11704,1, ,0.7531,1.9455,0.52,80,172.8
703,     ,22470,2, ,2.3768,6.243,1.6,80,172.8
703,     ,22704,2, ,0.7531,1.9455,0.52,80,172.8
705,     ,719,1, ,         ,0.01,                                ,999,1598.4
709,     ,11726,1, ,1.7021,4.4638,1.15,108,208
709,     ,12015,1, , T 3.0754,7.7657,1.99,108,208
709,     ,14184,1, ,0.5803,1.5217,0.39,108,208
709,     ,22015,2, , T 3.0754,7.7657,1.99,108,208
709,     ,22726,2, ,1.7021,4.4638,1.15,108,208
709,     ,24184,2, ,0.5803,1.5217,0.39,108,208
712,     ,3057,1, ,         ,0.1,                                ,999,1598.4
712,     ,12025,1, ,1.1,2.9,0.74,96,203.2
712,     ,22025,2, ,1.1,2.9,0.74,96,203.2
718,     ,526,1, ,         ,10.01,                                ,100,160
718,     ,712,1, ,1.4129,7.2551,2.21,191,305.6
718,     ,712,2, ,1.4129,7.2551,2.21,191,305.6
718,     ,3863,1, ,         ,0.01,                                ,999,1598.4
719,     ,170,1, ,2.29,8.39,2.27,172,305.6
719,     ,170,2, ,2.29,8.39,2.27,172,305.6
720,     ,455,1, ,6.4668,16.865,0.73,50,80
720,     ,455,2, ,6.4668,16.865,0.73,50,80
720,     ,525,1, , T       ,60.18,1,34,54.4
721,     ,11729,1, ,4.6418,12.314,0.52,46,94.4
721,     ,22729,2, ,4.6418,12.314,0.52,46,88
722,     ,3928,3, ,         ,124.8,1,6,9.6
722,     ,3928,4, ,         ,124.8,1,6,9.6
722,     ,3949,1, ,15.66,24.32,0.35,999,1598.4
725,     ,730,1, , T   2.75,7.24,1.85,96,153.6
725,     ,730,2, , T   2.75,7.24,1.85,96,153.6
725,     ,3069,1, ,         ,0.01,                                ,999,1598.4
730,     ,3084,1, ,         ,0.1,                                ,96,153.6
730,     ,4218,2, ,1.4025,3.6775,0.94,96,172.8
732,     ,11723,1, ,0.3742,1.7007,0.48,159,305.6
732,     ,22723,2, ,0.3742,1.7007,0.48,159,305.6
734,     ,4152,1, ,         ,0.01,                                ,999,1598.4
734,     ,12011,1, ,2.0923,5.2754,1.35,108,208
734,     ,17606,1, ,0.3115,0.7862,0.2,108,208
734,     ,22011,2, ,2.0923,5.2754,1.35,108,208
734,     ,27606,2, ,0.3115,0.7862,0.2,108,208
741,     ,742,1, ,         ,17.1,      .9808 .8381.067       -742,40,64
741,     ,743,1, ,         ,10.7,      .9796 .7971.109       -743,60,96
741,     ,3125,1, ,         ,0.1,                                ,999,1598.4
741,     ,4132,1, ,1.05,2.71,0.6731,139,260.8
741,     ,12026,1, ,0.1062,0.279,0.07,80,172.8
741,     ,13128,1, ,0.0194,0.0499,0.01,108,172.8
741,     ,22026,2, ,0.1062,0.279,0.07,80,172.8
741,     ,23128,1, ,0.0194,0.0499,0.01,108,172.8
743,     ,3929,1, , T  14.52,25.18,0.96,31,49.6
744,     ,3927,1, , T    .05,0.15,0.03,96,153.6
746,     ,3928,1, ,         ,43.51,      .9873  .85 1.05      -3928,33,52.8
746,     ,3928,2, ,         ,43.51,      .9873  .85 1.05      -3928,33,52.8
746,     ,11740,1, ,1.2867,3.2738,0.82,108,206.4
746,     ,22740,2, ,1.2867,3.2738,0.82,108,206.4
747,     ,1929,1, ,         ,19.75,      .9891  .85 1.05      -1929,25,40
747,     ,1929,2, ,         ,33.3,      .9891 .8551.045      -1929,25,40
747,     ,12030,1, ,3.4272,8.6539,2.22,108,190.4
747,     ,22030,2, ,3.4272,8.6539,2.22,72,115.2
748,     ,12041,1, ,0.6268,2.9084,0.85,159,305.6
748,     ,12042,1, ,0.7242,1.8707,0.5,108,172.8
748,     ,22041,2, ,0.6268,2.9084,0.85,159,305.6
748,     ,22042,2, ,0.7242,1.8707,0.5,108,172.8
749,     ,756,1, ,         ,0.01,                                ,999,1598.4
755,     ,749,2, ,         ,6.1753,1.025,120,214.4
755,     ,750,1, , T       ,16.285,1.004,999,1598.4
755,     ,751,1, , T       ,45.57,1.005,999,1598.4
755,     ,759,1, ,         ,27.33,1.045,25,48
755,     ,785,1, ,7.6863,22.247,5.99,80,147.2
756,     ,752,1, , T       ,49.3,1.025,999,1598.4
756,     ,753,1, , T       ,9.44,1.05,999,1598.4
756,     ,754,1, ,         ,4.31,1.025,999,1598.4
756,     ,760,1, ,4.16,19.43,32.12,220,452.8
756,     ,790,1, ,1.82,8.47,13.99,220,452.8
757,     ,236,1, ,1.637,4.76,1.275,103,211.2
757,     ,2559,1,D,D     .01,0.03,0.007,103,192
760,     ,168,1, ,         ,0.02,                                ,438,700.8
760,     ,168,2, ,         ,0.02,                                ,438,700.8
760,     ,761,1, ,0.0176,2.57,      1.065 .8131.065        760,190,420.8
760,     ,761,2, ,0.0176,2.57,      1.065 .8131.065        760,190,420.8
760,     ,762,1, ,         ,33.1,       .944   .9  1.1       -762,50,84.8
760,     ,763,1, ,0.261,1.235,2.04,259,496
760,     ,790,1, , T  2.414,11.25,18.57,220,452.8
760,     ,3714,1, ,0.3406,1.5595,2.8212,219,408
760,     ,3714,2, ,0.3399,1.5566,2.816,219,496
760,     ,7084,1, ,         ,6.76,0.98,100,203.2
761,     ,770,1, ,0.51,1.86,0.64,103,192
761,     ,772,1, ,0.97,2.82,0.76,103,192
761,     ,2968,1, ,3.28,9.73,2.47,103,192
761,     ,3735,1, ,0.85,2.47,0.6,103,192
761,     ,7084,1,D,D        ,0.001,                                ,999,1598.4
763,     ,766,1, ,0.576,2.708,4.48,220,459.2
763,     ,2954,1, ,         ,27.13,       .954  .85 1.05      -2954,50,100.8
763,     ,2960,1, ,         ,27.1,      .9576 .8611.052      -2960,50,92.8
763,     ,2961,1, ,         ,26.8,      .9445  .85 1.15      -2961,50,92.8
764,     ,769,1, , T    .13,0.7,0.21,156,288
764,     ,2964,1, ,         ,38.95,      1.012  .85 1.05      -2964,33,64
764,     ,2965,1, ,         ,39.65,      1.006  .85 1.05      -2965,33,64
764,     ,3719,1, ,         ,39.1,      .9915  .85 1.05      -3719,33,64
766,     ,25,1, ,         ,0.001,                                ,319,510.4
766,     ,226,1, , T   .769,3.3,6.3,299,550.4
766,     ,226,2, ,0.77,3.36,6.46,221,444.8
766,     ,768,1, ,         ,4,      .9366 .8141.068       -768,150,313.6
766,     ,768,2, ,         ,3.8,      .9366 .8141.068       -768,150,336
766,     ,768,3, ,         ,3.82,      .9366 .8141.068       -768,150,254.4
767,    D,768,1,D,DT    .62,1.81,0.49,103,192
767,     ,2962,1, ,         ,39.1,      .9603  .85 1.05      -2962,33,64
768,     ,764,1, ,0.566,3.05,0.917,156,288
768,     ,769,1, , T   .433,2.33,0.699,156,288
768,     ,2979,1, ,         ,50,1.025,33,52.8
768,     ,2994,1, ,1.79,5.25,1.39,103,192
768,     ,3764,1, ,         ,39.02,      .9841  .85 1.05      -3764,33,64
768,D    ,7075,1,D,D   .3326,0.9671,0.2591,103,192
769,     ,2963,1, ,         ,14.3,0.975,90,172.8
770,     ,2966,1, ,         ,49.5,0.975,33,62.4
770,     ,2967,1, ,         ,40.5,      .9181  .85 1.05      -2967,33,57.6
770,     ,3710,1, , T    .65,2.97,0.87,103,192
772,    D,773,1,D,D     .56,1.68,0.45,103,192
772,     ,2956,1, ,         ,39.55,0.975,33,62.4
772,     ,2957,1, ,         ,39.7,      .8974  .85 1.05      -2957,33,64
772,     ,3720,1, ,         ,38.88,       .925 .925 1.05      -3720,33,64
773,     ,769,1, ,0.6,1.69,0.47,103,192
773,     ,774,1, ,         ,40.64,0.98,25,48
773,     ,2958,1, ,         ,40.05,0.975,33,57.6
773,     ,2959,1, ,         ,39.7,0.975,33,57.6
775,     ,2970,1, ,         ,41.1,      .9728  .85 1.05      -2970,33,64
775,     ,2970,2, ,         ,39.7,      .9728  .85 1.05      -2970,33,62.4
775,     ,3004,1, ,         ,39.5,1,33,52.8
775,     ,3754,1, ,         ,40.55,       .977  .85 1.05      -3754,33,62.4
775,     ,3777,1, ,0.162,0.47,0.126,103,192
776,     ,775,1, ,0.42,1.34,0.4,103,192
776,     ,2971,1, ,         ,40.65,      .9759  .85 1.05      -2971,33,62.4
776,     ,2971,2, ,         ,39.2,      .9759   .9  1.1      -2971,25,48
777,     ,778,1, ,3.74,10.87,2.9,75,120
777,     ,2949,1, ,         ,49.55,0.975,33,64
777,     ,2972,1, ,         ,41.65,      .9978 .925 1.05      -2972,33,64
778,     ,2973,1, ,         ,19.4,      .9762  .85 1.05      -2973,50,96
779,     ,768,2, ,5.14,10.72,2.57,80,148.8
779,     ,780,1, ,8.51,24.37,6.62,103,192
779,     ,2934,1, ,4.25,12.37,3.314,103,192
779,     ,2975,1, ,         ,20.4,      .9684  .85 1.05      -2975,50,96
779,     ,2975,2, ,         ,20.1,      .9684  .85 1.05      -2975,50,96
780,     ,781,1, ,7.26,20.89,5.63,103,192
780,     ,2993,1, ,         ,19.8,      .9691  .85 1.05      -2993,50,96
781,     ,2977,1, ,         ,16.1,       .945 .8371.028      -2977,50,96
781,     ,3748,1, ,3.42,10.14,2.573,103,192
781,     ,3772,1, ,2.98,8.66,2.319,103,192
781,     ,3774,1, ,9.84,20.01,4.93,103,192
781,     ,3782,1, ,2.749,9.24,2.499,120,224
782,     ,783,1, ,7.6,22.1,5.908,80,147.2
782,     ,785,1, ,1.278,3.711,0.993,80,147.2
782,     ,3702,1, ,5.77,17.11,4.35,103,192
782,     ,3771,1, ,1.05,3.05,0.82,103,192
783,     ,7121,1, ,         ,36.1,      .9652  .85 1.05      -7121,25,48
783,     ,7121,2, ,         ,31.9,      .9652  .85 1.05      -7121,25,48
784,     ,321,2, ,3.62,10.44,2.81,127,217.6
784,     ,3760,1, ,         ,32.1,      .9292 .8611.052      -3760,25,48
784,     ,3760,2, ,         ,32.4,      .9292 .8611.052      -3760,25,48
784,     ,3761,1, ,1.31,3.809,1,103,192
786,     ,767,1, ,0.93,2.84,0.81,103,192
786,     ,2976,1, ,         ,38.95,      .9862  .85 1.05      -2976,33,64
786,     ,3756,1, ,         ,40.6,      .9517  .85 1.05      -3756,33,62.4
787,     ,229,2, ,1.135,7.98,16.03,308,624
787,     ,3762,1, ,         ,40,      .9756   .8  1.2      -3762,30,57.6
788,     ,787,1, ,0.294,1.418,2.667,220,364.8
788,     ,2981,1, ,         ,11,1.025,999,1598.4
789,     ,787,1, ,0.85,4.113,7.738,115,184
789,     ,2982,1, ,         ,12.95,1,999,1598.4
790,     ,2951,1, ,         ,64.16,      .9219   .9  1.1      -2951,42,78.4
790,     ,2951,2, ,         ,63.48,      .9219   .9  1.1      -2951,42,78.4
792,     ,2984,1, ,         ,39,      .9899   .9  1.1      -2984,40,64
793,     ,239,1, ,9.8,28.43,7.62,86,137.6
793,     ,1110,1, ,         ,0.01,                                ,999,1598.4
793,     ,2983,1, ,         ,35.9,      .9564 .8611.052      -2983,25,48
793,     ,2983,2, ,         ,36.1,      .9564 .8611.052      -2983,25,48
794,     ,796,1, ,4.67,8.68,2.584,80,148.8
794,     ,2518,1, ,2.9,5.39,1.606,80,148.8
794,     ,2985,1, ,0.99,3.19,0.69,103,192
797,     ,2952,1, ,         ,19.4,      .9335  .85 1.05      -2952,66,126.4
798,     ,757,1, ,0.63,1.832,0.491,103,192
798,     ,797,1, ,0.695,2.02,0.541,103,192
798,     ,799,1, ,         ,39.8,      .9503  .85 1.05       -799,33,64
798,     ,799,2, ,         ,40,      .9503  .85 1.05       -799,33,62.4
807,     ,806,1, , T       ,8.955,1.05,134,214.4
807,     ,837,1, , T   5.73,16.67,4.559,144,296
813,     ,802,1, , T       ,6.823,1.025,410,656
813,     ,803,1, , T       ,6.823,1.025,205,328
813,     ,816,1, ,0.37,2.15,4.28,386,691.2
813,     ,821,1, ,0.07,0.39,0.7832,387,692.8
813,     ,2496,1, ,0.07,0.44,0.8906,386,617.6
813,     ,9399,1, ,0.012,0.12,0.2333,316,590.4
814,     ,816,1, ,0.27,1.62,3.2157,328,598.4
814,     ,816,2, ,0.27,1.62,3.2157,328,598.4
814,     ,816,3, ,0.34,1.7,3.0035,325,588.8
814,     ,819,1, ,0.6,2.98,5.545,276,516.8
814,     ,827,1, ,2.09,12.77,24.396,335,536
814,     ,831,1, ,1.6,8.07,14.211,175,372.8
814,     ,895,1, ,0.032,1.2618,      1.022  .95 1.15        814,600,1193.6
814,     ,895,2, ,0.03,1.2142,      1.022  .95 1.15        814,600,1193.6
814,     ,895,5, ,0.036,1.26,      1.022  .95 1.15        814,600,1152
814,     ,2359,3, ,         ,6.4998,      .9966.86961.043      -2359,150,312
814,     ,2359,4, ,         ,6.4998,      .9966.86961.043      -2359,150,312
814,     ,9697,1, ,0.46,2.889,5.58,319,598.4
815,     ,822,1, ,0.12,0.7,1.4,386,691.2
815,     ,2368,1, ,         ,17.985,      1.043.86961.043      -2368,150,312
815,     ,2368,2, ,         ,17.594,      1.043.86961.043      -2368,150,312
815,     ,9342,3, ,         ,40.833,      1.038.86961.043      -9342,50,89.6
815,     ,9358,1, ,0.123,0.599,1.16,230,496
815,     ,9702,4, ,         ,40.507,      1.043.86961.043      -9702,50,89.6
816,     ,815,1, ,0.25,1.25,2.4344,382,683.2
816,     ,819,1, ,0.34,1.64,3.16,397,712
816,     ,2363,1, ,         ,18.037,1,120,198.4
816,     ,2363,2, ,         ,18.322,1,120,198.4
816,     ,9321,1, ,         ,41.267,      1.014.86961.043      -9321,50,99.2
816,     ,9537,1, ,0.2,0.98,2.25,276,441.6
816,     ,9703,2, ,         ,41.467,      1.019 .8691.043      -9703,50,99.2
817,     ,804,1, , T       ,4.765,1.043,280,448
817,     ,805,1, , T       ,19.06,1.043,999,1598.4
817,     ,2459,1, ,1.23,6.16,11.239,165,350.4
817,     ,2477,1, ,1.06,5.34,9.4335,182,388.8
817,     ,9337,1, ,         ,5.9124,      1.043.86961.043      -2373,150,305.6
817,     ,9427,1, ,         ,6.07,      1.043 .8961.043      -2373,150,305.6
818,     ,820,1, ,0.19,0.94,1.8238,299,478.4
818,     ,2353,1, ,0.37,1.8,3.4866,299,478.4
818,     ,9320,1, ,         ,17.467,      1.006.86961.043      -9320,150,312
818,     ,9320,2, ,         ,18.169,      1.006.86961.043      -9320,150,312
818,     ,9322,1, ,         ,42.758,      1.021 .8691.043      -9322,50,96
818,     ,9701,2, ,         ,42.758,      1.031 .8691.043      -9701,50,96
819,     ,2387,1, ,         ,18.833,      1.042.86961.043      -2387,150,312
819,     ,2387,2, ,         ,19.022,      1.042.86961.043      -2387,150,312
819,     ,2477,1, ,0.62,3.09,5.5965,182,388.8
820,     ,822,1, ,0.71,3.44,6.6554,299,478.4
820,     ,2401,1, ,         ,19.111,      1.028.86961.043      -2401,150,305.6
820,     ,2401,2, ,         ,18.811,      1.028.86961.043      -2401,150,312
820,     ,9359,1, ,1.01,41.33,      1.043.86951.043      -9359,50,96
820,     ,9361,1, ,1.02,41.48,      1.043.86951.043      -9361,50,96
821,     ,820,2, , T     .6,3.33,6.68,315,571.2
821,     ,822,1, ,         ,0.01,                                ,717,1147.2
821,     ,2402,1, ,         ,18.867,      1.043.86961.043      -2402,150,312
822,     ,960,1, ,         ,0.01,0.033,1036,1657.6
822,     ,2406,1, ,         ,18.355,      1.043.86961.043      -2402,150,312
823,     ,835,1, , T   8.25,16.66,4.324,82,131.2
823,     ,2443,1, , T   6.81,19.74,5.413,140,249.6
823,     ,2454,1, , T   5.32,15.09,4.164,137,219.2
824,     ,800,1, , T       ,1.12,1.024,1860,2976
824,     ,801,1, , T       ,3.36,1.024,1395,2232
824,     ,933,1, ,0.01,0.124,15.204,2182,3491.2
824,     ,933,2, ,0.01,0.126,15.428,2182,3491.2
825,     ,807,1, , T   5.33,15.5,4.242,144,296
825,     ,826,1, ,9.56,21.95,5.376,108,201.6
825,     ,837,1, ,2.11,5.96,1.505,104,200
825,     ,2420,1, ,         ,24.754,      1.011  .85 1.05      -2420,41,65.6
826,     ,832,1, ,3.55,7.25,1.797,82,131.2
826,     ,833,1, ,7.38,16.94,4.153,106,200
827,     ,627,1, ,0.887,4.04,7.691,301,574.4
827,     ,884,1, ,1.59,8.09,14.14,286,512
827,     ,2423,1, ,         ,6.3889,      1.043.86961.043      -2423,150,312
827,     ,2423,2, ,         ,6.3657,      1.043.86961.043      -2423,150,312
827,     ,2423,3, ,         ,6.393,      1.043.86961.043      -2423,150,312
828,     ,888,1, ,5.62,16.35,4.442,135,216
829,     ,830,1, ,0.24,6.59,      1.025.86961.043       -830,150,288
829,     ,830,2, ,0.22,6.59,      1.025.86961.043       -830,150,288
829,     ,831,1, ,0.42,2.12,3.8204,175,372.8
829,     ,9327,1, ,         ,91.4,      .9787.86961.043      -9327,48,76.8
829,     ,9344,1, ,         ,97.983,      1.019.86961.043      -9328,48,76.8
829,     ,9988,1, ,1.99,12.69,25.06,333,624
830,     ,833,1, ,1.15,2.38,0.587,119,214.4
830,     ,2439,1, ,1.16,3.55,0.877,115,184
830,     ,2479,1, ,0.46,1.66,0.507,105,232
830,     ,9898,1, ,3.15,9.51,0.241,103,228.8
831,     ,2437,1, ,         ,10.867,      1.017.86961.043      -2437,75,180.8
831,     ,2437,2, ,         ,13.84,      1.017.86961.043      -2437,50,120
831,     ,9325,1, ,         ,89.233,      .9937.86961.043      -9325,48,76.8
831,     ,9343,1, ,         ,97.817,       1.01.86961.043      -9324,48,76.8
832,     ,812,1, ,1.84,5.55,1.408,95,230.4
832,     ,836,1, ,10.37,24.01,59.902,72,115.2
834,     ,934,1, ,2.444,12.652,21.706,359,620.8
834,     ,943,1, , T    .98,4.7,8.077,279,497.6
834,     ,943,2, , T  1.049,4.78,9.101,258,524.8
834,     ,960,1, ,2.21,11.475,19.687,279,510.4
834,     ,2424,1, ,0.01,0.04,0.0667,103,164.8
834,     ,9345,1, ,         ,62.1,1.021,31,70.4
834,     ,9347,1, ,         ,53.92,1.021,31,67.2
835,     ,837,1, ,4.69,10.74,2.941,82,131.2
838,     ,851,1, ,3.15,9.64,2.37,93,219.2
838,     ,874,1, ,7.12,21.69,5.377,86,212.8
838,     ,2463,1, ,3.37,10.25,2.558,134,240
839,     ,840,1, ,         ,6.6444,       1.02.86961.043       -840,150,312
839,     ,840,2, ,         ,6.2889,       1.02.86961.043       -840,150,312
839,     ,840,3, ,         ,6.7,       1.02.86961.043       -840,150,312
839,     ,843,1, ,1.9,11.8,21.58,284,558.4
839,     ,898,1, ,1.11,6.92,12.496,323,604.8
839,     ,1047,1, ,1.22,7.69,13.81,323,606.4
839,     ,2458,2, ,0.18,1.08,2.1414,357,656
839,     ,2458,3, ,0.17,1.03,2.0533,357,656
840,     ,841,1, ,4.22,12.93,3.229,133,227.2
840,     ,854,1, ,1.69,5.09,1.297,124,252.8
840,     ,854,2, ,1.69,5.09,1.297,123,251.2
840,     ,857,1, ,3.85,12.38,3.368,120,192
840,     ,2457,1, , T   1.89,5.95,1.613,86,160
841,     ,850,1, ,2.56,7.78,1.93,133,225.6
842,     ,845,1, ,3.09,9.11,2.401,88,214.4
842,     ,848,1, ,2.31,6.87,1.778,142,252.8
844,     ,858,1, ,0.78,3.09,1.011,88,212.8
844,     ,2447,1, ,0.22,1.34,0.311,172,275.2
844,     ,2498,1, ,0.62,1.85,0.473,88,198.4
845,     ,853,1, ,3.62,11.05,2.724,92,217.6
845,     ,855,1, ,4.65,13.52,3.674,128,257.6
845,     ,9438,1, ,0.13,0.38,0.11,47,144
846,     ,847,1, ,         ,6.3655,       .981.86961.043       -847,150,312
846,     ,847,2, ,         ,6.511,       .981 .8691.043       -847,150,312
846,     ,978,1, , T       ,0.01,                                ,999,1598.4
847,     ,849,1, ,4.77,14.54,3.586,90,216
847,     ,851,1, ,4.06,11.8,3.207,107,233.6
847,     ,1091,1, , T     .9,4.36,1.095,72,115.2
847,     ,2465,1, ,4.24,12.35,3.352,104,230.4
848,     ,855,1, ,4.58,14,3.461,101,212.8
848,     ,2452,1, ,2.02,5.85,1.593,100,225.6
848,     ,9353,1, ,5.86,17.29,4.553,91,217.6
849,     ,857,1, ,4.64,9.5,2.35,74,171.2
850,     ,2447,1, ,4.58,13.98,3.448,101,227.2
850,     ,9416,1, ,4.4,12.76,3.468,105,232
851,     ,9712,1, ,0.52,2.33,0.876,142,227.2
852,     ,853,1, ,         ,20.533,      .9894.86961.043       -853,67,161.6
852,     ,853,2, ,         ,20.333,      .9894.86961.043       -853,67,161.6
852,     ,1047,1, , T  1.326,8.353,14.713,417,720
852,     ,1069,1, ,1.241,7.712,13.621,417,720
853,     ,2442,1, ,3.4,10.38,2.558,93,219.2
853,     ,9340,1, ,         ,33.61,      1.012  .85 1.05      -9340,150,240
853,     ,9341,1, ,         ,41.44,      1.035  .85 1.05      -9341,41,65.6
853,     ,9414,1, ,3.77,11.02,3.019,113,227.2
854,     ,2451,1, ,         ,36,         1..8261   1.      -2451,20,46.4
854,     ,2453,1, ,4.8,9.82,2.434,73,171.2
854,     ,2457,1, , T    .82,2.66,0.729,86,160
854,     ,9539,2, ,0.34,1.54,0.505,166,310.4
855,     ,2495,1, ,3.4,9.89,2.68,101,227.2
855,     ,10132,1, ,0.00071,0.00071,0.0001,243,388.8
856,     ,810,1, , T       ,1.4,1,1260,2016
856,     ,811,1, , T       ,4.2,1,999,1598.4
856,     ,933,1, ,0.052,0.654,80.493,2547,4364.8
857,     ,2453,1, ,0.25,0.68,0.184,73,171.2
857,     ,9530,1, ,0.39,1.43,0.4816,154,246.4
859,     ,870,1, ,2.88,6.09,1.416,122,224
859,     ,2487,1, ,1.51,3.66,0.865,111,212.8
860,     ,866,1, ,2.58,7.53,2.029,93,219.2
860,     ,871,1, ,0.77,1.75,0.439,103,195.2
860,     ,871,2, ,0.73,2.43,0.867,98,208
860,     ,2467,3, ,         ,35.76,      .9853 .826   1.      -2467,20,32
860,     ,9430,1, ,0.29,0.84,0.229,95,220.8
861,     ,869,1, ,8.84,18.76,4.325,65,161.6
861,     ,871,1, ,5.07,11.65,2.853,87,176
861,     ,9407,1, ,4.67,9.88,2.3,77,174.4
862,     ,865,1, ,4.74,13.77,3.739,98,209.6
862,     ,874,1, ,4.71,13.74,3.72,94,220.8
862,     ,9432,1, ,0.35,1.01,0.274,98,209.6
863,     ,866,1, ,4.71,13.69,3.713,99,225.6
863,     ,874,1, ,4.35,13.4,3.322,85,211.2
864,     ,2470,1, , T     .6,1.31,0.317,93,148.8
864,     ,2473,1, ,0.78,1.83,0.474,68,164.8
865,     ,870,1, ,5.98,18.23,4.505,85,211.2
866,     ,994,1, ,4.68,13.57,3.6886,98,222.4
866,     ,9699,1, ,4.59,12.81,3.4966,56,89.6
867,     ,2491,1, ,3.83,9.37,2.271,66,163.2
868,     ,869,1, ,         ,6.5111,      1.005.86961.043       -869,150,299.2
868,     ,869,2, ,0.24,6.56,      1.005.86961.043       -869,150,299.2
868,     ,869,3, ,0.14,6.46,      1.005.86961.043       -869,150,288
868,     ,872,1, ,0.36,1.84,3.1915,182,387.2
868,     ,1031,1, ,         ,0.01,                                ,999,1598.4
869,     ,899,1, ,0.29,1.27,0.485,128,204.8
869,     ,2470,1, , T    .72,2.09,0.572,91,204.8
869,     ,2487,1, ,4.56,11.34,2.7093,111,212.8
869,     ,2493,1, ,0.08,0.43,0.172,139,380.8
870,     ,9355,1, , T   4.34,13.25,3.262,97,222.4
872,     ,2472,1, ,0.11,6.4629,      .9979.86961.043      -2472,150,312
874,     ,2445,1, , T   1.14,3.25,0.87,103,174.4
874,     ,2465,1, , T   6.28,18.29,4.961,97,224
875,     ,9433,1,D,D     .01,0.01,                                ,91,145.6
876,     ,613,1, ,9,18.35,0.763,33,88
876,     ,613,2, ,9,18.35,0.763,33,88
876,     ,875,1, ,         ,38.667,1.045,20,38.4
876,     ,875,2, ,         ,37.867,1.045,20,38.4
877,     ,880,1, ,2.46,5.25,1.335,52,152
877,     ,882,1, ,5.98,12.41,3.142,53,152
877,     ,9433,1, ,0.01,0.01,                                ,91,145.6
878,     ,872,1, ,0.78,3.98,6.8835,182,387.2
878,     ,879,1, ,         ,6.3713,      1.002.86961.043       -879,150,312
878,     ,879,2, ,         ,6.3802,      1.002.86961.043       -879,150,312
878,     ,954,1, , T   2.17,11.229,19.327,255,476.8
878,     ,1028,1, , T    .59,3.3,10.79,414,662.4
878,     ,1028,2, ,0.86,4.38,7.668,288,539.2
879,     ,883,1, , T   4.78,14.61,3.608,82,208
879,     ,2483,1, ,1.17,3.54,0.9,97,222.4
879,     ,2483,2, ,1.17,3.54,0.9,97,222.4
879,     ,2490,1, ,6.85,10.79,2.151,57,139.2
879,     ,2491,1, ,1.68,4.55,1.133,68,166.4
880,     ,887,1, ,10.48,21.48,5.413,54,152
881,     ,885,1, ,2.72,8.15,2.099,92,214.4
881,     ,890,1, ,3.72,11.21,2.854,80,206.4
882,     ,887,1, ,6.01,12.41,3.125,67,164.8
883,     ,888,1, ,4.11,12.52,3.09,82,208
884,     ,615,1, ,2.01,10.29,17.82,233,451.2
884,     ,2464,1, ,         ,6.91,       1.03 .8961.043      -2485,150,312
884,     ,9333,1, ,         ,7.4,       1.03.86961.043      -2485,150,312
884,     ,9988,1, ,1.27,8.09,16.065,333,624
885,     ,9313,1, ,0.25,0.74,0.2,100,225.6
886,     ,887,1, ,         ,5.8778,      1.034.86961.043       -887,150,312
886,     ,887,2, ,         ,6.3376,      1.034.86961.043       -887,150,312
886,     ,887,3, ,         ,6.5372,      1.034.86961.043       -887,150,312
886,     ,1028,1, ,0.31,1.83,3.7502,227,457.6
886,     ,1028,2, ,0.31,1.83,3.7502,227,457.6
887,     ,892,1, ,0.97,2.13,0.539,103,164.8
887,     ,892,2, ,0.97,2.13,0.539,103,164.8
887,     ,894,1, , T   1.33,3.68,1.123,129,206.4
887,     ,2480,1, ,2.29,6.64,1.804,102,228.8
887,     ,2490,1, , T    1.2,3.42,1.039,91,220.8
889,     ,890,1, ,         ,6.7111,      1.026.86961.043       -890,150,305.6
889,     ,890,2, ,         ,6.6223,      1.026.86961.043       -890,150,312
889,     ,890,3, ,0.23,6.56,      1.026.86961.043       -890,150,288
889,     ,1029,1, ,         ,0.01,                                ,414,678.4
890,     ,894,1, , T    .73,2.67,0.844,97,203.2
890,     ,2486,1, ,0.33,1.32,0.4712,97,155.2
890,     ,2488,1, ,1.86,5.66,1.454,96,220.8
890,     ,2488,2, ,1.85,5.67,1.451,96,220.8
890,     ,2492,1, ,0.89,2.69,0.6837,83,209.6
890,     ,9409,1, ,0.63,1.89,0.479,83,209.6
891,     ,892,1, ,0.36,0.73,0.192,66,163.2
891,     ,893,1, ,         ,0.01,                                ,999,1598.4
892,     ,9409,1, ,0.8,2.4,0.609,83,209.6
893,     ,2492,1, ,0.82,2.18,0.551,66,163.2
895,     ,959,2, ,0.035,0.409,50.782,2353,4795.2
896,     ,897,1, ,0.05,0.74,79.518,1637,2619.2
896,     ,999,1, , T   .193,2.43,282.1,2273,3636.8
897,     ,808,1, , T       ,1.02,1.024,1344,2364.8
897,     ,809,1, , T       ,4.08,1.024,1344,2364.8
897,     ,1060,1, , T    .08,1.17,124.58,1637,2619.2
898,     ,848,1, ,         ,6.3673,      1.008.86961.043       -848,150,312
898,     ,848,2, ,0.19,6.56,      1.008 .8691.043       -848,150,312
898,     ,1047,1, ,0.15,0.89,1.6317,323,592
898,     ,1047,2, ,0.15,0.9,1.8173,325,656
899,     ,2472,1, ,0.81,2.97,0.9755,141,288
901,     ,9240,1, ,         ,0.01,                                ,30,48
930,     ,1182,5, ,2.499,38.976,      1.017 .7811.055        930,25,40
930,     ,1182,6, ,2.499,38.976,      1.017 .7811.055        930,25,40
930,     ,1383,1, ,15.936,50.178,11.952,71,113.6
932,     ,931,1, , T       ,14.685,1.025,999,1598.4
932,     ,1042,1, ,1.23,4.55,1.17,81,129.6
933,     ,895,1, ,0.2,2.55,312.72,2110,3376
933,     ,955,1, ,0.162,2.048,250.17,2547,4364.8
933,     ,959,1, ,0.2,2.69,336.4,2182,3491.2
934,     ,823,1, , T       ,6.4627,      1.007.86961.043       -823,150,305.6
934,     ,829,1, ,3.46,18.07,30.15,279,508.8
934,     ,933,2, , T   .031,1.26,      1.012   .9  1.1        934,672,1075.2
934,     ,9335,1, , T       ,5.8768,      1.011.86961.043       -823,150,305.6
936,     ,956,1, ,0.378,2.408,8.3,715,1361.6
936,     ,1150,1, , T       ,1.865,1,735,1176
936,     ,1151,1, , T       ,5.595,1,735,1176
936,     ,1325,1, ,0.671,5.258,10.64,380,608
936,     ,9739,1, , T  .4762,3.5593,7.4665,350,745.6
936,     ,9739,2, , T  .4762,3.5593,7.4665,350,745.6
938,     ,946,1, , T .05875,1.0309,124.82,2728,4364.8
938,     ,955,1, ,0.2556,2.9224,360.4,2037,3259.2
938,     ,959,1, , T   .127,1.603,195.89,2110,3376
939,     ,938,5, , T   .031,1.259,      1.035   .9  1.1        939,672,1075.2
939,     ,938,6, , T   .031,1.26,      1.035   .9  1.1        939,672,1075.2
939,     ,938,7, ,0.028,1.272,      1.035   .9  1.1        939,672,1075.2
939,     ,991,2, ,0.6014,2.8408,8.326,350,560
939,     ,1015,1, , T  1.271,6.562,11.305,272,489.6
939,     ,1020,1, , T  1.383,7.091,12.513,272,489.6
939,     ,9533,1, , T  .3043,1.4692,2.5973,272,489.6
939,     ,9533,2, ,0.3043,1.4692,2.5974,272,489.6
940,     ,939,1, ,0.298,6.12,       1.02   .9  1.1        940,150,259.2
940,     ,939,2, , T   .385,5.907,       1.02   .9  1.1        940,150,259.2
940,     ,939,3, , T   .342,6.02,       1.02   .9  1.1        940,150,259.2
940,     ,939,4, , T   .569,6.013,       1.02   .9  1.1        940,168,291.2
940,     ,985,1, , T   4.06,10.49,2.58,119,241.6
940,     ,2712,1, , T    .03,0.14,0.16,286,457.6
940,     ,2712,2, , T    .04,0.14,0.16,286,457.6
940,     ,2752,1, ,3.31,8.48,2.27,119,241.6
945,     ,1032,1, ,0.54,3.45,16.463,311,523.2
947,     ,946,1, , T    .04,1.897,      1.011   .9  1.1        947,672,1128
947,     ,946,2, , T   .044,1.987,      1.011   .9  1.1        947,672,1291.2
947,     ,946,3, , T   .041,2.007,      1.011   .9  1.1        947,672,1291.2
947,     ,1010,1, ,2.5744,12.581,22.265,272,489.6
947,     ,1032,1, ,0.23,1.53,3.142,311,523.2
947,     ,1034,1, ,0.2345,1.526,3.142,328,646.4
947,     ,9533,1, , T 2.1072,10.135,18.031,272,489.6
948,     ,947,5, ,0.49,6.13,      .9994   .9  1.1        948,150,254.4
948,     ,947,6, ,0.49,6.15,      .9994   .9  1.1        948,150,254.4
948,     ,947,7, ,0.48,6.17,      .9994   .9  1.1        948,150,254.4
948,     ,947,8, ,0.536,6.087,      .9994   .9  1.1        948,150,288
948,     ,967,1, , T  1.173,4.525,1.212,119,241.6
948,     ,967,2, , T   1.26,4.84,1.219,119,241.6
948,     ,2709,1, , T    .64,2.12,0.65,48,76.8
948,     ,2775,1, , T    4.7,17.92,4.84,119,241.6
950,     ,949,1, ,1.187,8.966,18.64,350,756.8
950,     ,949,2, ,1.187,8.966,18.64,350,756.8
951,     ,901,1, , T       ,24.44,1.05,86,137.6
951,     ,1202,6, ,0.298,11.663,      .9873 .8231.082      -1202,88,155.2
951,     ,1203,5, ,0.336,10.46,      .9827 .8641.136      -1203,88,152
951,     ,1258,1, , T   .834,4.315,7.428,210,476.8
951,     ,9265,9, , T       ,14.45,1,83,132.8
951,     ,9780,1, , T   1.67,6.2,11.3,179,408
953,     ,1157,1, ,         ,1.37,1,933,1492.8
953,     ,1158,1, ,         ,4.111,1,622,995.2
954,     ,860,1, , T       ,6.6,      1.004.86961.043       -860,150,312
954,     ,860,2, , T       ,6.5888,      1.004.86961.043       -860,150,312
954,     ,1031,1, ,1.514,7.836,13.486,255,476.8
954,     ,1047,1, ,5.051,17.777,30.603,350,604.8
954,     ,1047,2, ,4.668,17.78,30.609,350,604.8
955,     ,964,1, ,0.1877,2.3467,287.24,1688,2700.8
955,     ,979,1, , T    .17,2.82,390,2655,4364.8
955,     ,1030,1, ,0.047,0.59,71.818,2182,3491.2
955,     ,1030,2, ,0.0275,0.4554,58.138,2182,3491.2
955,     ,9738,1, , T   .023,0.3777,53.455,2655,4248
956,     ,953,1, , T    .06,0.64,2.28,886,1417.6
956,     ,953,2, , T    .06,0.64,2.28,886,1417.6
956,     ,955,1, , T   .015,1.238,      1.032   .9  1.1        956,672,1075.2
956,     ,955,2, , T   .042,1.232,      1.032   .9  1.1        956,672,1161.6
956,     ,955,7, , T   .042,1.228,      1.032   .9  1.1        956,672,1161.6
956,     ,1074,1, , T  1.406,6.461,12.18,258,412.8
956,     ,1074,2, , T  1.406,6.461,12.18,258,412.8
958,     ,956,3, , T   .307,5.742,      .9877 .9241.129        958,150,259.2
958,     ,956,4, ,0.297,5.767,      .9877.92421.129        958,150,259.2
958,     ,956,5, ,0.31,5.74,      .9877 .9241.129        958,150,259.2
958,     ,2750,1, , T   1.21,6.12,1.79,191,305.6
958,     ,2751,1, , T   1.21,6.12,1.79,191,305.6
958,     ,9745,1, , T  .0108,0.0321,0.747,201,321.6
959,     ,895,1, , T    .05,0.44,47.58,2110,3376
959,     ,9542,1, , T    .03,0.32,42.25,2464,4852.8
960,     ,821,1, ,         ,0.01,0.033,1036,1657.6
960,     ,959,1, , T   .032,1.248,      1.035   .9  1.1        960,672,1075.2
960,     ,959,2, , T   .032,1.263,      1.035   .9  1.1        960,672,1075.2
960,     ,959,3, , T   .031,1.21,      1.035   .9  1.1        960,672,1075.2
960,     ,1015,1, ,1.892,9.776,16.845,350,604.8
960,     ,1020,1, ,1.826,9.334,16.452,350,604.8
960,     ,1020,2, ,1.125,8.976,17.597,362,668.8
961,     ,1163,1, , T   2.22,11.43,19.704,278,467.2
961,     ,2749,1, ,0.202,8.07,       .937   .9  1.1      -2749,150,312
961,     ,2749,2, ,0.201,8.16,       .937   .9  1.1      -2749,150,312
961,     ,2749,3, ,0.199,8.22,       .937   .9  1.1      -2749,150,312
962,     ,963,1, ,0.5588,3.04,5.232,278,467.2
962,     ,963,2, ,0.5588,3.04,5.232,278,467.2
962,     ,1206,1, , T     .4,2,3.59,329,616
962,     ,1207,1, ,0.292,10.843,      .9735 .8641.136      -1207,88,155.2
962,     ,1207,2, ,0.285,10.988,      .9735 .8641.136      -1207,88,152
962,     ,9780,1, , T    1.7,6.3,11.5,179,408
963,     ,1153,1, , T    .37,1.682,3.054,270,553.6
963,     ,1154,1, , T  .1267,0.629,1.1466,270,432
963,     ,1161,1, , T    .02,0.1,0.173,299,478.4
963,     ,1228,1, ,0.6602,3.104,5.855,227,363.2
964,     ,976,1, ,0.0733,0.9164,112.17,1688,2700.8
964,     ,995,1, ,0.1643,3.0339,354.88,2182,3491.2
965,     ,964,1, , T    .02,1.211,      1.027   .9  1.1        965,672,1075.2
965,     ,964,2, , T    .02,1.233,      1.027   .9  1.1        965,672,1107.2
965,     ,964,3, , T   .031,1.292,      1.027   .9  1.1        965,672,1161.6
967,     ,968,1, ,1.48,30.229,      1.042   .9  1.1       -968,25,40
967,     ,968,2, ,1.446,29.607,      1.042   .9  1.1       -968,25,40
967,     ,968,3, ,1.448,29.424,      1.042   .9  1.1       -968,25,40
967,     ,1035,1, , T    .58,2.37,0.65,119,241.6
967,     ,1035,2, , T    .58,2.37,0.65,119,241.6
968,     ,2735,1, , T   1.73,5.74,0.11,72,115.2
968,     ,2884,1, , T  21.87,41.97,0.75,36,57.6
972,     ,973,1, ,         ,0.001,                                ,1362,2179.2
972,     ,1045,1, ,0.12,1.58,180.54,1637,2619.2
973,     ,1045,1, ,0.124,1.698,189.63,2182,3491.2
976,     ,979,1, ,0.027,0.343,41.861,2110,3376
977,     ,839,1, ,0.2,1.03,1.861,350,604.8
978,     ,1086,1, , T  2.629,19.266,43.96,350,604.8
978,     ,2458,1, ,0.606,7.65,34.46,350,604.8
980,     ,979,1, ,0.038,1.285,      1.026   .9  1.1        980,672,1289.6
980,     ,979,2, ,0.015,1.238,      1.026   .9  1.1        980,672,1075.2
980,     ,979,3, ,0.015,1.238,      1.026   .9  1.1        980,672,1161.6
980,     ,979,4, ,0.044,1.174,      1.026   .9  1.1        980,672,1161.6
980,     ,1204,1, , T .10202,0.52605,3.7664,540,1009.6
980,     ,1215,1, , T   3.53,19.53,35.861,365,683.2
980,     ,9780,1, ,0.318,2.141,4.329,305,617.6
980,     ,9780,2, ,0.318,2.141,4.329,305,617.6
981,     ,827,1, , T  1.127,9.948,18.11,342,680
981,     ,884,1, , T   .479,3.989,7.672,342,680
981,     ,982,1, ,4.839,96.77,1,12,19.2
981,     ,983,1, , T       ,3.067,1,690,1104
981,     ,9988,1, ,0.3673,2.7105,6.6084,327,667.2
982,     ,993,1, ,7.9,16.3,                                ,999,1598.4
985,     ,987,1, ,0.317,18.1,         1. .8611.052       -986,50,80
985,     ,988,1, ,0.317,18.78,      .9997 .8611.052       -986,50,80
985,     ,992,1, , T    .73,2.97,0.73,119,241.6
985,     ,992,2, , T    .73,2.97,0.73,119,241.6
985,     ,2726,1, , T   1.99,8.1,2.2,119,241.6
985,     ,2830,1, , T   1.63,6.19,1.69,119,241.6
986,     ,987,1, , T   .277,-1.8,1.004,50,80
986,     ,988,1, , T   .276,-2.16,1.004,50,80
986,     ,2776,1, , T   4.27,10.31,0.18,63,100.8
986,     ,2776,2, , T   4.27,10.31,0.18,63,100.8
989,     ,987,1, ,0.576,16.3,0.956,20,32
990,     ,988,1, ,0.574,16.1,0.956,20,32
991,     ,939,1, ,0.6004,2.8436,8.3264,350,560
992,     ,991,1, , T    .48,6.009,      .9971   .9  1.1        992,150,264
992,     ,991,2, , T   .488,6.014,      .9971   .9  1.1        992,150,264
992,     ,991,3, , T   .441,6.073,      .9971   .9  1.1        992,150,240
992,     ,991,4, , T   .527,5.88,      .9971   .9  1.1        992,150,288
992,     ,2778,1, , T    .36,1.63,0.47,186,459.2
993,     ,984,1, , T       ,96.75,1,12,19.2
995,     ,979,1, ,0.289,3.648,445.49,2110,3376
995,     ,979,2, ,0.29513,3.881,432.89,2282,4496
995,     ,1030,1, ,0.073,0.92,112.26,2182,3491.2
995,     ,1045,1, ,0.2032,2.7595,288.63,1637,2619.2
995,     ,1045,2, ,0.209,2.877,325.25,2182,3491.2
995,     ,1060,1, ,0.172,2.17,265.16,2547,4364.8
995,     ,1060,2, ,0.176,2.3,253.1,2464,4852.8
996,     ,904,1, , T .00925,1.154,1,1625,2600
996,     ,905,1, , T       ,4.615,1,1300,2080
996,     ,995,1, ,0.002,0.023,2.9,1819,2910.4
996,     ,995,2, ,0.002,0.023,2.9,1819,2910.4
999,     ,66,1, ,0.001,0.01,1.135,2162,4358.4
999,     ,66,2, ,0.001,0.01,1.135,2162,4358.4
999,     ,66,3, ,0.001,0.01,1.135,2162,3636.8
999,     ,933,1, ,0.159,2.012,245.77,2331,4358.4
999,     ,1027,1, ,0.11,1.394,170.28,2273,3636.8
999,     ,1027,2, ,0.085,1.448,171.6,2582,4364.8
999,     ,1060,1, , T   .154,1.94,236.97,2331,4364.8
999,     ,1060,2, , T   .109,2.005,235.49,2728,4364.8
1006,     ,909,1, , T     .3,6.379,1.056,159,254.4
1006,     ,1008,10, ,0.345,10.904,      .9756 .8641.136      -1008,83,132.8
1006,     ,1008,11, ,0.382,12.518,      .9756 .8641.136      -1008,83,132.8
1006,     ,1010,1, , T   .014,0.074,0.128,382,611.2
1006,     ,1010,2, , T  .0187,0.0923,0.0173,269,529.6
1007,     ,907,1, , T       ,16.966,1.048,116,185.6
1007,     ,1006,5, , T   .841,11.826,      .9867  .911.113       1007,79,126.4
1007,     ,1006,7, , T   .824,11.826,      .9867  .911.113       1007,79,126.4
1007,     ,1008,8, ,1.17,33.121,      .9756 .8571.047      -1008,25,40
1007,     ,1008,9, ,0.939,16.97,      .9756 .8571.047      -1008,50,80
1007,     ,1035,1, ,6.6,26.83,7.28,119,228.8
1008,     ,2875,1, , T   1.93,4.62,0.08,63,100.8
1008,     ,2875,2, , T   3.73,5.46,0.08,41,65.6
1008,     ,2875,3, , T   1.35,4.35,0.09,80,128
1010,     ,911,1, , T    .15,4.487,1.05,312,499.2
1010,     ,1011,1, ,0.01,0.06,0.11,390,624
1010,     ,1034,1, ,2.4035,11.617,20.281,272,489.6
1010,     ,1057,1, ,0.94,4.842,8.349,272,489.6
1010,     ,1057,2, ,0.897,4.637,7.978,272,489.6
1010,     ,1057,3, ,0.627,4.296,8.548,301,604.8
1011,     ,913,1, , T       ,7.436,1.05,195,312
1011,     ,913,2, , T       ,7.413,1.05,195,312
1014,     ,9038,1, ,7.544,15.58,0.2377,55,88
1015,     ,1017,8, ,0.283,10.23,       .972 .8641.136      -1017,100,172.8
1015,     ,1020,1, ,0.101,0.516,0.906,350,604.8
1015,     ,2886,1, ,0.8362,4.143,7.7658,207,331.2
1015,     ,2886,2, ,0.8362,4.143,7.7658,207,331.2
1016,     ,1015,3, , T   .784,10.478,      1.027.90011.099       1016,100,172.8
1016,     ,1015,4, , T   .395,5.853,      1.027   .9  1.1       1016,150,259.2
1016,     ,1015,6, , T   .361,5.78,      1.027   .9  1.1       1016,150,259.2
1016,     ,1015,7, , T   .767,12.721,      1.027 .908 1.11       1016,75,132.8
1016,     ,1017,1, ,0.603,16.866,      .9917 .8581.048      -1017,50,80
1016,     ,1017,2, ,1.052,29.211,      .9917 .8581.048      -1017,33,52.8
1016,     ,1017,5, ,1.013,28.707,      .9917 .8581.048      -1017,33,52.8
1016,     ,2759,1, ,0.55,2.12,0.59,119,241.6
1016,     ,2789,1, , T    .51,1.28,0.34,134,246.4
1016,     ,2789,2, , T    .51,1.28,0.34,134,246.4
1016,     ,2799,1, ,0.69,2.8,0.76,96,153.6
1016,     ,2853,1, , T   5.43,13.38,3.62,115,184
1016,     ,2867,1, , T    .53,1.3,0.35,127,203.2
1016,     ,2898,1, , T   2.31,5.91,1.49,127,297.6
1017,     ,2786,1, , T    .04,0.1,0.001,86,137.6
1017,     ,2786,2, , T    .04,0.1,0.001,86,137.6
1018,     ,1078,1, , T  2.069,15.903,79.612,649,1268.8
1018,     ,1078,2, ,2.069,15.903,79.612,649,1268.8
1019,     ,1018,1, ,0.25,9.51,      .9955   .9  1.1       1019,100,192
1019,     ,1018,2, ,0.25,9.39,      .9955   .9  1.1       1019,100,192
1019,     ,1137,1, ,0.317,0.833,0.199,160,256
1019,     ,1137,2, ,0.317,0.833,0.199,160,256
1025,     ,1026,1, ,0.189,8.843,      .9941   .9  1.1      -1026,150,288
1025,     ,1026,2, ,0.191,8.85,      .9941   .9  1.1      -1026,150,288
1026,     ,1082,2, ,0.27,1.43,0.422,267,529.6
1027,     ,556,1, ,0.091,1.409,175.77,2000,3200
1027,     ,556,2, ,0.091,1.377,176.87,2837,5718.4
1028,     ,884,1, ,1.91,9.84,16.855,288,539.2
1028,     ,884,2, ,1.72,8.64,16.255,288,539.2
1028,     ,1027,1, ,0.031,1.21,      1.009   .9  1.1       1028,672,1289.6
1028,     ,1027,3, , T   .039,1.272,      1.009   .9  1.1       1028,672,1075.2
1028,     ,1027,4, ,0.02,1.219,      1.009   .9  1.1       1028,672,1075.2
1028,     ,1029,1, , T   .425,2.503,7.77,414,678.4
1028,     ,1031,1, ,1.804,9.09,16.196,255,476.8
1028,     ,1031,2, ,2.123,9.673,18.414,238,524.8
1030,     ,915,1, , T       ,1.377,1,1254,2006.4
1030,     ,916,1, , T       ,4.131,1,1260,2016
1034,     ,9533,1, ,2.5063,12.1,21.161,272,489.6
1035,     ,1034,1, , T  1.442,11.81,      .9837  .951.161       1035,84,145.6
1035,     ,1034,2, , T  1.107,13.104,      .9837  .951.161       1035,75,120
1035,     ,1034,3, , T   .809,12.625,      .9837  .951.161       1035,75,120
1035,     ,1034,4, , T   .319,5.977,      .9837.9497 1.16       1035,150,240
1035,     ,2769,1, , T   1.19,4.29,4.34,147,339.2
1035,     ,2826,1, , T    .45,1.21,0.29,86,137.6
1035,     ,2831,1, ,2.788,9.384,3.195,119,241.6
1035,     ,2872,1, , T    1.6,5.73,9.9,143,228.8
1035,     ,9870,1, , T       ,52.25,      .9762   .9  1.1      -9870,26,41.6
1039,     ,1279,1, ,3.477,6.88,0.1793,30,57.6
1041,     ,917,1, , T       ,9.33,1.025,291,465.6
1041,     ,918,1, , T       ,9.33,1.025,291,465.6
1041,     ,1069,1, ,1.505,7.776,13.402,279,521.6
1041,     ,1069,2, ,1.503,7.766,13.385,279,521.6
1041,     ,1228,1, , T  3.732,18.908,33.77,227,363.2
1041,     ,1228,2, ,3.714,19.177,33.131,227,363.2
1041,     ,1281,1, , T   1.83,9.15,16.41,210,476.8
1042,     ,1041,3, , T   .686,4.04,      .9873 .8811.136       1042,84,145.6
1042,     ,1041,5, ,0.495,3.88,      .9873 .8811.136       1042,84,145.6
1042,     ,2069,1, ,3.561,11.93,2.889,167,324.8
1042,     ,2095,4, ,         ,34.84,       1.01  .85 1.05      -2095,25,40
1043,     ,1044,1, , T       ,13.001,      1.041  .95 1.05      -1044,75,120
1043,     ,1230,1, ,0.1061,0.832,1.97,121,193.6
1046,     ,1045,2, , T   .016,1.211,      .9993   .9  1.1       1046,672,1075.2
1046,     ,1045,3, ,0.023,1.293,      .9993   .9  1.1       1046,672,1075.2
1046,     ,1250,1, , T   .053,0.402,1.49,335,536
1046,     ,2078,1, , T   1.44,7.24,12.97,340,636.8
1047,     ,919,1, , T .01533,1.669,1.025,1000,1760
1047,     ,920,1, , T       ,6.676,1.025,788,1260.8
1047,     ,921,1, , T   .054,3.391,1.025,393,628.8
1047,     ,922,1, , T       ,6.782,1.025,393,628.8
1047,     ,934,1, ,3.045,15.738,27.123,279,510.4
1047,     ,934,2, ,3.041,15.718,27.089,279,510.4
1047,     ,1048,7, ,1.381,47.874,      1.031 .8721.064      -1048,33,52.8
1047,     ,1069,1, ,2.485,15.751,27.712,417,720
1048,     ,2455,1, ,1.32,3.1,0.055,45,76.8
1057,     ,961,1, ,0.54,2.77,4.656,278,467.2
1057,     ,1058,1, ,0.295,12.543,      .9854 .8231.082      -1058,88,140.8
1057,     ,1058,2, ,0.261,12.478,      .9854.82291.082      -1058,88,140.8
1057,     ,1058,3, ,0.296,12.008,      .9854 .8231.082      -1058,88,140.8
1057,     ,1058,4, ,0.295,11.702,      .9854 .8231.082      -1058,88,140.8
1058,     ,2737,1, , T   4.14,11.32,0.22,86,137.6
1058,     ,2737,2, , T   4.14,11.32,0.22,86,137.6
1058,     ,2738,1, , T   3.04,8.36,0.16,71,113.6
1058,     ,2747,1, , T   4.05,13.33,0.31,86,137.6
1058,     ,2857,1, , T    .25,1.09,0.02,72,115.2
1058,     ,2857,2, , T    .25,1.09,0.02,72,115.2
1060,     ,856,1, ,0.05,0.7,86.055,2182,3491.2
1060,     ,925,1, , T .01133,1.136,1.024,1402,2256
1060,     ,926,1, , T       ,4.545,1.024,1052,1683.2
1062,     ,1071,1, ,1.055,21.64,      .9601   .9  1.1       1062,50,96
1062,     ,1071,2, ,1.075,21.62,      .9601   .9  1.1       1062,50,96
1062,     ,1071,3, ,1.054,21.64,      .9601   .9  1.1       1062,50,96
1062,     ,9549,1, , T    1.7,6.29,1.5,167,324.8
1067,     ,1068,1, ,0.597,13.801,      1.024 .9331.053      -1068,54,86.4
1067,     ,1296,1, ,         ,0.01,                                ,210,497.6
1071,     ,1069,1, ,0.776,5.044,19.56,517,1019.2
1071,     ,1069,2, ,0.776,5.044,19.56,517,1019.2
1071,     ,1070,1, , T       ,1.911,1.025,900,1440
1071,     ,1073,1, , T       ,5.732,1.025,300,480
1071,     ,1213,1, ,1.218,7.001,12.94,321,601.6
1076,     ,538,1, , T   .008,0.109,7.136,2622,4931.2
1076,     ,538,2, , T   .008,0.109,7.136,2622,4931.2
1077,     ,1076,1, ,         ,2.644,       .966   .9  1.1       1077,450,936
1077,     ,1076,2, ,         ,2.644,       .966   .9  1.1       1077,450,936
1077,     ,1076,3, ,         ,2.644,       .966   .9  1.1       1077,450,936
1077,     ,1090,1, , T   .571,4.344,22.28,466,1388.8
1077,     ,1090,2, , T   .571,4.344,22.28,466,1388.8
1077,     ,1090,3, , T   .571,4.344,22.28,466,1388.8
1078,     ,1086,1, , T  2.207,17.315,40.994,212,339.2
1079,     ,1078,1, ,1.074,12.862,      1.014.92421.129       1079,75,120
1079,     ,1131,1, , T    .95,2.37,0.63,98,156.8
1080,     ,1078,2, ,0.51,12.65,      1.013 .9241.129       1080,75,129.6
1080,     ,1131,2, , T    .95,2.37,0.63,98,156.8
1081,     ,1084,1, ,         ,4.01,      .9839   .9  1.1       1081,225,432
1081,     ,1084,2, ,         ,4.01,      .9839   .9  1.1       1081,225,432
1081,     ,9563,1, ,1.2896,10.723,5.8031,184,379.2
1081,     ,9565,1, ,2.2527,8.0465,2.1006,139,273.6
1081,     ,9567,1, ,2.7037,13.464,3.3342,167,329.6
1082,     ,1026,1, , T    .28,1.5,0.442,262,459.2
1082,     ,1134,1, , T     .7,1.81,0.448,124,224
1082,     ,1134,2, , T     .7,1.81,0.448,124,224
1082,     ,1136,1, , T   1.09,2.78,0.736,97,198.4
1082,     ,1136,2, , T   1.22,2.95,0.6722,149,291.2
1082,     ,1138,1, , T   7.51,19.6,4.749,97,198.4
1082,     ,1144,1, , T  10.86,28.31,6.946,97,198.4
1082,     ,1144,2, , T  10.86,28.32,6.95,94,190.4
1082,     ,1144,3, , T   10.5,26.21,6.91,93,188.8
1082,     ,1144,4, , T   10.5,26.21,6.91,93,188.8
1082,     ,1149,1, , T   1.78,3.7,0.895,72,115.2
1085,     ,1075,1, ,0.5702,12.927,      .9739   .9  1.1      -1075,100,192
1085,     ,1075,2, ,0.5653,12.927,      .9739   .9  1.1      -1075,100,192
1085,     ,1078,1, ,0.986,6.861,26.656,558,1096
1087,     ,545,1, ,1.096,9.31,35.772,669,1070.4
1087,     ,1095,1, ,0.13,7.86,       1.02   .9  1.1      -1095,150,312
1087,     ,1095,2, ,0.14,7.89,       1.02   .9  1.1      -1095,150,312
1087,     ,1889,1, ,1.15,9.77,37.556,669,1070.4
1088,     ,545,1, ,0.49,4.186,16,669,1070.4
1088,     ,1086,1, ,1.159,9.918,38.084,669,1070.4
1089,     ,1025,1, ,2.2616,19.257,74.117,645,1268.8
1089,     ,1084,1, ,1.2069,8.6133,31.795,558,1096
1089,     ,1084,2, ,1.2069,8.6133,31.795,558,1096
1089,     ,1099,1, ,0.787,5.265,      1.021   .9  1.1      -1099,225,467.2
1089,     ,1099,2, ,1.1,5.283,      1.021   .9  1.1      -1099,225,467.2
1090,     ,1089,1, ,1.003,7.649,39.44,466,1388.8
1090,     ,1089,2, ,1.003,7.649,39.44,466,1388.8
1090,     ,1089,3, , T  1.003,7.649,39.44,466,1388.8
1091,     ,1141,1, , T   3.03,7.87,1.921,97,198.4
1093,     ,1092,1, ,         ,64.64,0.975,12,19.2
1093,     ,1140,1, , T    9.4,24.65,3.647,124,198.4
1093,     ,1836,1, , T       ,23.81,       .991   .9  1.1      -1835,30,48
1093,     ,9852,1, , T   2.99,7.78,1.894,110,208
1094,     ,1088,1, ,0.55,8.38,      1.012   .9  1.1       1094,150,288
1094,     ,1088,2, ,0.562,8.313,      1.012   .9  1.1       1094,150,288
1094,     ,1093,1, , T   3.24,8.42,2.14,169,302.4
1094,     ,1147,1, , T   3.64,9.68,2.45,119,222.4
1095,     ,9581,1, ,0.194,1.803,0.94,227,401.6
1098,    D,1147,1,D,DT   4.53,11.9,3.036,119,222.4
1099,     ,9584,1, ,2.2421,8.169,2.2023,139,273.6
1099,     ,9586,1, ,7.6815,27.564,6.9858,139,273.6
1099,     ,9589,1, ,2.2359,10.742,2.8387,167,329.6
1099,     ,9750,1, ,5.91,15.6,3.976,111,217.6
1101,     ,1100,1, ,         ,0.2042,1.024,999,1598.4
1101,     ,1103,1, ,0.0013,0.0227,2.216,2858,5403.2
1101,     ,1103,2, ,0.0013,0.023,2.239,2858,5403.2
1101,     ,1103,3, ,0.0013,0.023,2.239,2858,5403.2
1101,     ,1103,4, ,0.0013,0.023,2.239,2858,5371.2
1103,     ,85,1, , T  .0058,0.1001,10.4,2728,5403.2
1103,     ,85,2, , T  .0057,0.0982,10.21,2728,5403.2
1106,     ,61,1, ,0.00517,0.10727,11.032,2728,4364.8
1106,     ,61,2, ,0.00509,0.10569,10.871,2728,4364.8
1106,     ,61,3, ,0.00501,0.10381,10.687,2728,4364.8
1106,     ,61,4, ,0.00494,0.10238,10.537,2728,4364.8
1106,     ,1107,1, ,         ,2.7184,812.44,4140,7076.8
1106,     ,1107,1, ,         ,2.7184,812.44,4140,7076.8
1119,     ,1088,1, ,0.587,3.214,6.07,281,449.6
1119,     ,9682,1, ,0.3,9.52,         1.   .9  1.1      -9682,150,272
1121,     ,1122,1, ,         ,40.6,      1.015 .8251.075      -1122,30,48
1123,     ,1124,1, ,         ,48,1,37,59.2
1123,     ,1124,2, ,         ,48,1,37,59.2
1127,     ,1896,1, ,7.59,19.86,4.949,97,198.4
1128,     ,1140,1, ,1.48,3.95,0.908,97,217.6
1129,     ,1134,1, ,1.72,4.56,1.082,97,198.4
1131,     ,1019,1, ,28.12,74.83,18.11,97,198.4
1131,     ,1803,1, ,         ,31.775,      1.011   .9  1.1      -1803,30,48
1131,     ,1806,1, ,         ,46.84,      .9584   .9  1.1      -1806,41,65.6
1132,     ,1130,1, , T   1.97,5.2,0.763,97,184
1132,     ,1134,1, , T    .94,2.48,0.588,97,184
1135,     ,541,1, , T  13.73,36.1,8.787,97,198.4
1136,     ,1133,1, ,1.56,3.66,1.149,97,198.4
1136,     ,9915,1, ,0.67,1.61,0.366,147,284.8
1138,     ,1075,1, ,0.38,1.53,0.4141,187,299.2
1138,     ,1124,1, , T  6.869,17.995,4.339,97,198.4
1139,     ,1140,1, ,0.89,2.18,0.523,97,184
1140,     ,1121,1, ,0.599,1.565,0.3785,97,198.4
1140,     ,1145,1, ,8.08,20.89,5.053,97,184
1140,     ,1825,1, ,         ,24.1,      .9849   .9  1.1      -1825,25,40
1140,     ,1825,2, ,         ,24.06,      .9849   .9  1.1      -1825,25,40
1140,     ,1886,1, ,5.14,13.46,3.243,97,184
1141,     ,1823,1, ,2.89,7.47,1.844,97,198.4
1141,     ,1824,1, ,         ,83.1,      .9929 .8751.075      -1824,12,19.2
1142,     ,1086,1, , T    .81,12.187,      1.031   .9  1.1       1142,75,120
1142,     ,1086,2, , T  1.161,12.093,      1.031   .9  1.1       1142,75,120
1142,     ,1086,3, , T   .678,11.227,      1.031   .9  1.1       1142,75,129.6
1142,     ,1086,4, , T  1.017,12.16,      1.031   .9  1.1       1142,75,120
1142,     ,1121,1, ,2.1766,5.787,1.3458,97,198.4
1142,     ,1128,1, ,2.03,5.44,1.251,97,198.4
1142,     ,1139,1, ,3.99,10.38,2.5247,147,284.8
1142,     ,1143,1, , T   5.89,15.11,3.777,57,91.2
1142,     ,1876,1, ,1.4,3.63,0.884,97,198.4
1143,     ,1880,1, ,5.19,13.47,3.285,57,91.2
1144,     ,541,2, ,20.65,54.64,13.51,94,190.4
1144,     ,541,3, ,21.01,54.87,14.03,93,188.8
1144,     ,541,4, ,21.01,54.87,14.03,93,188.8
1144,     ,1125,1, , T       ,92.75,1,20,32
1144,     ,1126,1, , T       ,58.9,1.05,35,56
1144,     ,1135,1, ,7.57,19.85,4.808,97,198.4
1145,     ,1138,1, ,10.08,26.32,6.393,97,155.2
1146,     ,1019,1, ,21.69,57.82,14.055,97,198.4
1146,     ,1131,1, ,6.43,17,4.006,97,184
1148,     ,1026,1, ,12.62,32.53,8.19,97,198.4
1148,     ,1834,1, ,         ,40.9,       .982   .9  1.1      -1834,30,56
1148,     ,1843,1, ,7.96,20.73,5.053,96,198.4
1148,     ,1893,1, ,6.56,16.85,4.216,57,91.2
1153,     ,1168,1, , T       ,9.2,1.025,150,240
1154,     ,1166,1, , T       ,9.2,1.025,150,240
1161,     ,1159,1, , T   .191,8,1.025,150,240
1163,     ,9594,1, ,0.774,10.43,      .9882 .7211.117      -9594,75,144
1163,     ,9594,2, ,0.862,10.573,      .9882 .7211.117      -9594,75,144
1174,     ,1173,1, , T       ,3.82,1.025,420,672
1174,     ,1239,1, ,0.0002,0.0109,                                ,540,1088
1174,     ,1239,2,D,D   .0002,0.0109,                                ,446,713.6
1181,     ,1297,1, ,0.8699,10.56,1,25,59.2
1182,     ,1185,1, , T   1.52,4.42,0.08,48,76.8
1186,     ,1185,1, ,0.38,16.29,       1.02  .85 1.15      -1185,83,192
1186,     ,1185,2, ,0.38,15.88,       1.02  .85 1.15      -1185,83,200
1186,     ,1225,1, , T   1.58,7.9,14.16,270,545.6
1186,     ,1230,1, ,2.45,12.24,21.93,270,545.6
1186,     ,1286,1, ,1.56,9.38,18.47,290,585.6
1186,     ,1294,1, ,1.25,6.18,45.67,598,956.8
1186,     ,1296,1, , T   2.42,12.13,22.74,270,545.6
1188,     ,1189,1, ,0.4434,26.736,      1.006  .85 1.15      -1189,50,120
1188,     ,1189,2, ,         ,26.74,      1.006  .85 1.15      -1189,50,120
1188,     ,1230,1, , T   2.89,14.44,25.88,270,545.6
1188,     ,1239,1, ,0.87,4.82,8.81,290,585.6
1191,     ,962,1, ,0.401,1.935,3.725,210,476.8
1191,     ,962,2, ,0.401,1.935,3.725,210,476.8
1191,     ,965,1, ,         ,0.01,                                ,999,1598.4
1191,     ,1192,1, , T   .385,2.1209,3.9635,276,542.4
1191,     ,1386,1, ,0.387,1.936,3.39,365,683.2
1191,     ,9547,1, ,0.385,2.1521,3.9726,365,683.2
1192,     ,962,1, ,0.337,1.746,3.005,278,467.2
1192,     ,1163,1, ,1.247,6.435,11.08,278,467.2
1192,     ,1193,3, , T   .152,6.37,      .9876  .85 1.15      -1193,165,264
1192,     ,9279,2, ,0.702,26.32,      .9965  .85 1.15      -9279,50,80
1192,     ,9282,1, ,0.752,26.88,      .9953  .85 1.15      -9282,50,120
1193,     ,1201,1, ,1.314,4.626,0.077,84,161.6
1194,     ,1195,1, ,0.368,16.385,      1.017  .85 1.15      -1195,83,198.4
1194,     ,1195,5, ,0.37,16.469,      1.017  .85 1.15      -1195,83,198.4
1194,     ,1199,1, ,1.711,8.55,15.32,270,545.6
1194,     ,1239,1, ,3.74,18.71,33.93,270,545.6
1197,     ,9772,1, ,         ,0.001,                                ,999,1598.4
1197,     ,9773,1, ,1.65,4.73,0.0799,48,113.6
1198,     ,1191,1, ,1.2672,5.9163,10.261,350,560
1198,     ,1191,2, ,1.2672,5.9163,10.261,350,560
1198,     ,1196,1, ,0.374,16.433,      .9937  .85 1.15      -1196,83,192
1198,     ,1196,2, ,0.371,16.506,      .9937  .85 1.15      -1196,83,192
1198,     ,1196,7, ,0.396,15.771,      .9937  .85 1.15      -1196,83,200
1198,     ,1210,1, , T    .45,2.31,3.97,210,476.8
1198,     ,1210,2, ,0.45,2.31,3.97,210,476.8
1198,     ,9201,3, ,0.73,26.52,      1.019  .85 1.15      -9201,50,120
1198,     ,9216,6, ,0.78,25.44,      .9927  .85 1.15      -9216,50,120
1199,     ,1197,1, ,         ,25.54,      .9795  .85 1.15      -1197,50,120
1199,     ,1197,2, ,         ,25.72,      .9795  .85 1.15      -1197,50,120
1199,     ,1212,1, ,0.283,1.41,2.53,270,545.6
1199,     ,1258,1, ,0.739,3.689,6.63,270,545.6
1199,     ,9569,1, ,1.737,8.292,15.205,270,545.6
1199,     ,9752,1, ,0.1118,0.6466,1.1406,140,428.8
1200,     ,962,1, ,0.39,2.13,3.88,290,585.6
1200,     ,1201,1, ,0.057,12.85,      .9726  .85 1.15      -1201,165,344
1201,     ,1389,1,D,D    2.78,10.41,0.2,84,161.6
1201,     ,9281,2, ,0.801,25.881,      .9991  .85 1.15      -9281,42,100.8
1201,     ,9297,1, ,0.23,0.78,0.01,94,172.8
1201,     ,9299,1, ,3.81,13.94,0.2,84,161.6
1203,     ,1208,1, ,4.77,15.31,0.24,48,76.8
1203,     ,1304,1, ,0.01,0.1,0.01,45,88
1203,D   D,9770,1,D,D    .437,1.517,0.0261,52,121.6
1204,     ,1178,1, , T   .121,0.619,0.011,270,553.6
1204,     ,1215,1, , T   3.34,18.56,33.92,290,585.6
1204,     ,1337,1, ,         ,24.34,      .9608  .86 1.05      -1337,75,120
1204,     ,1337,2, ,         ,24.34,      .9608  .86 1.05      -1337,75,120
1204,     ,1337,3, ,         ,24.34,      .9608  .86 1.05      -1337,75,120
1204,     ,1337,4, ,         ,24.34,      .9608  .86 1.05      -1337,75,120
1204,     ,2077,7, ,0.715,25.58,      .9759  .85 1.15      -2077,50,120
1204,     ,2077,8, ,         ,24.86,      .9759  .85 1.15      -2077,50,120
1206,     ,963,1, , T  .3352,2.7421,6.5057,314,758.4
1206,     ,1205,1, ,0.393,16.903,      .9559  .85 1.15      -1205,83,198.4
1206,     ,1205,2, ,0.384,15.674,      .9559  .85 1.15      -1205,83,200
1207,     ,9714,1, ,8.82,27.72,0.4,48,113.6
1208,     ,9559,1, ,1.44,4.52,0.07,48,76.8
1209,     ,1224,1, ,0.01,0.1,0.01,999,1598.4
1209,     ,9232,1, , T  4.568,18.622,0.242,54,126.4
1209,     ,9273,1, ,3.632,10.359,0.18,48,113.6
1209,     ,9968,1, ,6.305,25.694,0.334,54,126.4
1210,     ,976,1, , T    .03,1.219,      1.026 .9451.155       1210,672,1161.6
1210,     ,976,2, , T   .039,1.138,      1.026 .9451.155       1210,672,1075.2
1210,     ,976,3, , T   .036,1.217,      1.026 .9451.155       1210,672,1161.6
1210,     ,1209,1, ,0.057,12.84,      .9853  .85 1.15      -1209,165,342.4
1210,     ,1209,2, ,0.049,12.35,      .9853  .85 1.15      -1209,165,342.4
1210,     ,1263,1, ,0.56,2.6,5.34,210,476.8
1210,     ,1263,2, ,0.56,2.6,5.34,210,476.8
1210,     ,1264,1, ,0.328,1.542,7.212,329,640
1210,     ,1268,1, ,0.66,3.21,6.71,336,636.8
1210,     ,1313,1, , T .22435,1.2064,2.3583,290,585.6
1210,     ,1313,2, , T  .2606,1.2988,2.3437,290,585.6
1210,     ,9263,1, ,0.352,1.939,3.64,340,636.8
1210,     ,9284,3, ,         ,26.94,      1.028  .85 1.15      -9284,50,120
1212,     ,1267,1, ,0.47,2.3,4.38,270,545.6
1212,     ,9241,1, ,2.256,27.36,      1.015  .85 1.15      -9241,50,120
1213,     ,1041,1, ,2.21,8.75,14.03,179,408
1213,     ,1214,1, ,0.37,16.39,      .9985  .85 1.15      -1214,83,200
1213,     ,1214,2, ,0.374,16.217,      .9985  .85 1.15      -1214,83,192
1213,     ,1214,7, ,0.388,15.815,      .9985  .85 1.15      -1214,83,160
1213,     ,1283,1, ,1.77,8.87,15.91,270,545.6
1214,     ,1319,1, ,7.09,7.575,0.14,23,36.8
1215,     ,1155,1, , T       ,3.151,1.025,556,889.6
1215,     ,1156,1, , T       ,9.453,1.025,417,667.2
1215,     ,1243,1, , T    .51,2.86,5.23,290,585.6
1215,     ,1256,1, ,2.1884,12.257,22.064,290,508.8
1216,     ,1162,1, , T       ,10.113,1.074,198,316.8
1216,     ,1220,1, ,1.631,41,       1.03  .85 1.15      -1220,25,59.2
1216,     ,1242,1, ,0.56,1.89,0.54,96,153.6
1216,     ,1242,2, ,0.56,1.89,0.54,108,172.8
1216,     ,2061,1, ,4.61,17.13,4.06,96,153.6
1216,     ,9223,1, , T 2.1067,3.2933,0.6598,91,145.6
1216,     ,9918,1, ,3.87,9.49,2.08,82,131.2
1218,     ,980,1, ,1.6668,9.164,16.741,225,510.4
1218,     ,2081,1, ,0.339,16.434,      .9681  .85 1.15      -2081,83,200
1218,     ,2081,2, ,0.34,16.614,      .9681  .85 1.15      -2081,83,200
1218,     ,2081,3, ,0.339,16.133,      .9681  .85 1.15      -2081,83,198.4
1219,     ,1257,1, , T    .67,2.26,0.66,108,172.8
1219,     ,2084,1, , T    .13,0.45,0.13,108,172.8
1220,     ,1211,1, ,         ,0.01,                                ,999,1598.4
1220,     ,10028,1, , T       ,0.1,                                ,999,1598.4
1223,     ,1176,1, , T       ,17.143,1.025,138,220.8
1223,     ,1177,1, , T       ,17.143,1.025,138,220.8
1223,     ,1215,1, ,0.39,2.14,3.97,290,585.6
1223,     ,1215,2, ,0.39,2.14,3.97,365,683.2
1223,     ,1278,1, ,1.2,6.64,12.22,290,585.6
1223,     ,1278,2, , T  1.143,5.812,11.265,251,556.8
1224,     ,1360,1, ,1.85,6.25,0.11,84,161.6
1224,     ,1379,1, ,3.72,12.53,0.22,54,126.4
1225,     ,1046,1, ,2.26,18.364,37.326,441,705.6
1225,     ,1235,1, ,0.359,16.44,      1.028  .85 1.15      -1235,83,192
1225,     ,1235,7, ,0.545,16.916,      1.028  .85 1.15      -1235,83,200
1225,     ,1235,9, ,0.387,15.754,      1.028  .85 1.15      -1235,83,198.4
1225,     ,1254,1, ,1.02,5.1,9.15,270,545.6
1226,     ,1316,1, ,5.64,20.96,0.316,84,134.4
1226,     ,1317,1, ,5.08,18.87,0.281,84,134.4
1227,     ,1252,1, ,0.18,0.6,0.18,108,172.8
1227,     ,2099,1, ,0.89,3,0.86,108,172.8
1228,     ,963,2, ,0.618,3.151,5.558,227,363.2
1228,     ,1226,1, ,0.65,26.52,         1.  .85 1.15      -1226,50,120
1228,     ,1226,2, ,0.66,26.86,      .9588.94381.056      -1226,50,120
1228,     ,1226,7, ,0.352,26.66,      .9588.94381.056      -1226,50,120
1228,     ,2096,1, , T .00041,0.0018,0.1675,225,360
1229,     ,1358,1, , T  5.048,11.296,2.7404,82,188.8
1229,     ,9730,1, ,2.32,5.39,1.218,103,209.6
1230,     ,9202,1, ,         ,26.3,      1.017  .85 1.15      -9204,50,120
1230,     ,9213,1, ,0.06,26.3,      1.017  .85 1.15      -9204,50,120
1231,     ,1232,1, ,0.373,16.31,      1.016  .85 1.15      -1232,83,200
1231,     ,1232,2, ,0.375,16.386,      1.016  .85 1.15      -1232,83,200
1231,     ,1232,5, ,0.374,16.337,      1.016  .85 1.15      -1232,83,200
1231,     ,1249,1, ,0.981,5.513,10.136,365,683.2
1231,     ,1320,1, ,0.1617,0.8053,1.446,400,640
1231,     ,9806,1, ,0.935,4.688,8.824,275,553.6
1232,     ,1244,3, ,0.324,16.785,1,54,86.4
1232,     ,1321,1, ,4.247,21.16,0.39,84,150.4
1233,     ,1245,1, , T  11.08,41.19,0.61,48,76.8
1235,     ,9205,2, ,1.501,39.84,      1.028   .9  1.1      -9205,25,59.2
1235,     ,9205,8, ,1.475,38.28,      1.028  .85 1.15      -9205,25,40
1236,     ,1239,1, ,1.3735,11.614,23.013,365,584
1236,     ,1240,1, ,0.477,5.43,      1.009  .85 1.15      -1240,83,200
1236,     ,1240,2, ,0.48,5.36,      1.009  .85 1.15      -1240,83,200
1236,     ,1240,3, ,0.156,4.96,      1.009  .85 1.15      -1240,83,160
1236,     ,1246,1, ,0.84,4.18,7.5,270,545.6
1236,     ,9569,1, ,2.459,11.738,21.521,270,545.6
1238,     ,1239,7, ,0.091,14.42,      1.023  .85 1.15       1238,115,276.8
1238,     ,2059,1, , T  6.987,24.762,1.718,108,252.8
1238,     ,9242,9, ,1.685,33.863,      .9882  .85 1.15      -9242,42,67.2
1239,     ,1170,1, , T       ,12.365,1.025,166,265.6
1239,     ,1172,1, , T       ,5.9,1.025,376,601.6
1239,     ,1246,1, ,2.92,14.59,26.15,270,545.6
1239,     ,1256,1, ,4.033,21.966,41.967,265,521.6
1239,     ,9785,1, ,0.027,0.186,0.65,540,1088
1240,     ,2074,1, ,0.786,2.79,0.4876,123,251.2
1240,     ,9756,1, ,0.333,1.27,0.0803,108,252.8
1241,     ,1184,1, ,0.87,2.23,0.56,137,280
1241,     ,2090,1, , T    .59,2.2,0.52,137,280
1242,     ,1243,1, ,0.102,4.35,         1.  .85 1.15       1242,150,310.4
1242,     ,1243,2, ,0.0653,4.12,         1.  .85 1.15       1242,150,288
1243,     ,1175,1, , T       ,7.065,1.025,168,268.8
1243,     ,1218,1, ,2.448,13.545,24.659,225,510.4
1243,     ,1299,1, , T   3.37,12.55,23.67,179,408
1243,     ,1323,1, ,2.095,9.885,18.222,329,614.4
1244,     ,1358,1, ,0.001,0.001,                                ,999,1598.4
1245,     ,9813,1, , T  4.034,23.327,0.388,121,193.6
1246,     ,1245,2, ,0.386,12.57,      .9703  .85  1.1      -1245,165,342.4
1246,     ,1245,5, ,0.397,12.461,      .9703  .85  1.1      -1245,165,342.4
1246,     ,1247,1, ,0.652,10.42,      1.035  .85 1.15      -1247,50,120
1246,     ,1247,2, ,1.27,11.17,      1.035  .85 1.15      -1247,50,120
1246,     ,1247,3, ,0.353,11.15,      1.035  .85 1.15      -1247,50,96
1247,     ,1285,1,D,D  11.658,42.859,7.4908,97,225.6
1247,     ,9859,1, , T  2.528,11.899,3.25,204,377.6
1248,     ,1152,1, , T       ,5.77,1.025,234,374.4
1248,     ,1169,1, , T .08936,5.69,1.025,235,526.4
1248,     ,1210,1, ,0.192,1.01,2.09,290,585.6
1248,     ,1258,1, ,0.132,0.697,1.442,290,585.6
1249,     ,2094,1, ,0.19,7.49,      .9655  .85 1.15      -2094,150,312
1249,     ,2094,2, ,0.16,7.533,      .9655  .85 1.15      -2094,150,310.4
1250,     ,1251,1, ,0.711,16.92,       .964  .85 1.15      -1251,83,200
1250,     ,1251,2, ,0.694,17,       .964  .85 1.15      -1251,83,200
1250,     ,1323,1, ,0.878,4.108,7.562,329,614.4
1251,     ,1311,1, ,3.58,13.44,0.22,69,140.8
1251,     ,9285,3, ,4.559,37.2,      1.038 .7941.094      -9285,25,59.2
1251,     ,9285,4, ,2.28,37.53,      1.038 .7941.094      -9285,25,48
1252,     ,1257,1, , T    .01,0.02,0.01,108,172.8
1253,     ,9206,2, ,         ,39.84,      1.021  .85 1.15      -9206,25,59.2
1253,     ,9206,5, ,         ,38.28,      1.021  .85 1.15      -9206,25,59.2
1254,     ,1253,1, ,0.718,25.52,      1.026  .85 1.15      -1253,50,120
1254,     ,1253,6, ,0.722,25.72,      1.026  .85 1.15      -1253,50,120
1254,     ,1253,7, ,0.707,26.371,      1.026  .85 1.15      -1253,50,96
1256,     ,951,1, ,1.7061,9.3105,16.776,290,585.6
1256,     ,2088,1, ,0.374,16.59,      1.008  .85 1.15      -2088,83,192
1256,     ,2088,2, ,0.361,16.79,      1.008  .85 1.15      -2088,83,200
1256,     ,2088,5, ,0.5085,15.771,      1.008  .85 1.15      -2088,83,200
1256,     ,9753,6, ,0.84,26.08,      1.001  .85 1.15      -9753,50,120
1256,     ,9754,7, ,0.84,26.12,      1.004  .85 1.15      -9754,50,120
1257,     ,1258,1, ,0.101,4.36,      .9945  .85 1.15       1257,150,310.4
1257,     ,1258,2, ,0.103,4.36,      .9945  .85 1.15       1257,150,310.4
1257,     ,9214,1, , T   .296,0.941,0.255,143,228.8
1258,     ,980,1, ,0.4,2.09,4.0677,290,585.6
1258,     ,980,2, ,0.4,2.14,3.9246,290,585.6
1258,     ,980,3, ,0.42,2.27,3.9702,225,510.4
1258,     ,1204,1, ,0.41,2.25,4.11,290,585.6
1258,     ,1210,2, ,0.21,1.12,2.31,290,585.6
1258,     ,1210,3, ,0.21,1.12,2.31,290,585.6
1258,     ,1210,4, ,0.21,1.12,2.31,290,585.6
1258,     ,1267,2, ,0.28,1.32,2.71,270,545.6
1258,     ,1273,1, , T    .26,1.29,2.38,239,382.4
1258,     ,1299,1, , T   2.58,9.83,17.06,179,408
1258,     ,9207,1, ,         ,28.52,      .9831 .829 1.12      -9207,50,120
1258,     ,9217,1, ,         ,27.2,      .9914  .85 1.15      -9217,50,120
1258,     ,9259,1, , T   .235,1.235,2.519,270,545.6
1259,     ,1263,1, , T    .14,0.86,1.97,336,676.8
1259,     ,1268,1, , T   .042,0.256,0.587,336,676.8
1259,     ,9243,1, ,         ,34.22,      1.042 .813  1.1      -9243,50,120
1259,     ,9251,2, ,         ,34.44,      1.053 .813  1.1      -9251,50,120
1259,     ,9252,3, ,         ,34.46,      1.061 .813  1.1      -9252,50,120
1259,     ,9253,4, ,         ,33.94,      1.027 .813  1.1      -9253,50,120
1259,     ,9254,6, ,         ,26.6,      1.018  .85 1.15      -9254,50,120
1262,     ,9248,1, , T  1.155,4.43,0.1815,54,126.4
1262,     ,9249,1, , T  1.155,4.43,0.1815,54,126.4
1262,     ,9270,1, ,1.628,6.634,0.086,54,126.4
1262,     ,9300,3, ,         ,36.072,      1.021.95451.167      -9300,31,49.6
1262,     ,9967,1, ,1.628,6.634,0.086,54,126.4
1263,     ,1262,2, ,0.374,16.36,      .9963  .85 1.15      -1262,83,192
1263,     ,1270,1, ,0.157,0.7823,1.4,270,545.6
1263,     ,9188,1, ,         ,0.001,                                ,999,1598.4
1263,     ,9244,6, ,0.71,26.2,      1.019  .85 1.15      -9244,50,120
1264,     ,1271,1, ,0.322,15.205,      .9782  .85 1.15      -1271,83,198.4
1264,     ,1271,2, ,0.39,14.987,      .9782  .85 1.15      -1271,83,198.4
1264,     ,1271,3, ,0.383,14.44,      .9782  .85 1.15      -1271,83,160
1266,     ,1272,1, ,0.01,0.1,0.01,999,1598.4
1266,     ,9236,1, ,1.4,4.61,0.09,54,126.4
1266,     ,9238,1, ,0.957,7.53,6.866,90,144
1266,     ,9238,2, ,0.957,7.53,6.866,90,144
1266,     ,9556,1, , T    .92,3.01,0.058,54,126.4
1266,     ,9661,1, ,0.0894,0.0394,0.0615,36,57.6
1267,     ,1259,1, ,0.0066,0.4993,47.628,363,580.8
1267,     ,1266,2, ,0.051,12.9,      1.008  .81 1.05      -1266,165,342.4
1267,     ,1266,5, ,         ,12.617,      1.008  .81 1.05      -1266,161,334.4
1267,     ,1352,1, ,         ,26.92,      1.028  .81 1.05      -1352,60,96
1268,     ,1269,1, ,0.358,19.53,      .9819  .85 1.15      -1269,83,200
1268,     ,1269,2, ,0.39,19.084,      .9819  .85 1.15      -1269,83,200
1268,     ,9245,3, ,0.752,26.76,       1.02  .85 1.15      -9245,50,120
1268,     ,9301,5, ,0.69,27.331,      1.017  .85 1.15      -9301,50,120
1269,     ,9249,1, ,0.957,3.096,0.1765,54,126.4
1269,     ,9266,1, ,0.422,1.211,0.0723,84,161.6
1269,     ,9267,1, ,0.702,1.86,0.0592,52,105.6
1269,     ,9960,1, ,0.032,0.104,0.002,54,126.4
1270,     ,9246,1, ,0.91,25.74,      .9997  .85 1.15      -9246,50,120
1270,     ,9260,2, ,0.809,27.04,      .9951  .85 1.15      -9260,50,120
1271,     ,9226,1, , T    .17,0.56,0.01,54,126.4
1271,     ,10013,1, ,0.956,0.868,0.011,84,161.6
1275,     ,1222,1, ,3.36,8.21,1.93,76,121.6
1275,     ,1277,1, ,1.3,3.17,0.74,82,131.2
1275,     ,1281,1, ,1.086,12.6,      1.038 .9151.166       1275,75,179.2
1275,     ,1281,2, ,1.086,12.6,      1.038 .9151.164       1275,75,179.2
1275,     ,1284,2, ,1.871,71.446,      1.015 .9441.278      -1284,33,72
1276,     ,1383,1, ,0.839,2.612,0.633,97,225.6
1277,     ,1221,1,D,D   23.65,9.67,5.96,82,131.2
1278,     ,1286,1, , T   1.49,8.2,15.2,290,585.6
1278,     ,1383,1, ,0.318,14.75,       1.03   .9  1.1      -1383,83,160
1278,     ,1383,2, ,0.318,14.75,       1.03   .9  1.1      -1383,83,160
1278,     ,2087,1, ,0.713,17.03,      1.015  .85 1.15      -2087,83,200
1278,     ,2087,2, ,0.705,16.92,      1.015  .85 1.15      -2087,83,200
1278,     ,2087,5, ,0.32,16.37,      1.015  .85 1.15      -2087,83,200
1279,     ,1300,1, ,24.94,37.9,0.65,38,60.8
1280,     ,1237,1, ,3.75,9.59,1.39,134,259.2
1280,     ,9964,1, ,0.99,2.47,0.65,134,259.2
1281,     ,1279,3, ,0.361,16.51,      .9828  .85 1.15      -1279,83,200
1281,     ,1279,11, ,0.261,16.49,      .9828  .85 1.15      -1279,83,185.6
1281,     ,1291,1, ,1.553,5.912,10.266,179,408
1282,     ,9261,1, ,13.83,40.15,0.68,48,113.6
1283,     ,1046,1, ,0.955,4.772,8.553,329,616
1283,     ,1046,2, ,0.804,4.3825,8.443,359,574.4
1283,     ,1282,1, ,0.368,16.58,      .9647  .85 1.15      -1282,83,132.8
1283,     ,1282,5, ,0.372,16.51,      .9647  .85 1.15      -1282,83,200
1286,     ,1289,1, ,0.73,25.74,      1.021  .85 1.15      -1289,50,120
1286,     ,1289,2, ,0.953,26.6,      1.021  .85 1.15      -1289,50,120
1286,     ,1289,6, ,0.681,25.791,      1.021  .85 1.15      -1289,50,120
1287,     ,1163,1, , T    .56,2.14,3.7,183,459.2
1287,     ,9315,1, ,0.22179,18.733,      1.018  .95 1.05      -9308,86,137.6
1287,     ,10150,1, ,0.573,13.145,      1.022  .95 1.05     -10150,86,137.6
1289,     ,9208,3, ,9.286,116.07,       1.01 .8851.028      -9208,9,14.4
1290,     ,2064,1, , T   1.21,3.8,0.88,72,115.2
1290,     ,2094,1, , T   1.44,4.52,1.04,72,115.2
1291,     ,1243,1, , T 1.3524,5.4533,10.194,250,467.2
1291,     ,1292,1, ,0.372,16.66,      .9928  .85 1.05      -1292,83,144
1291,     ,1292,2, ,0.372,16.63,      .9928  .85 1.05      -1292,83,144
1291,     ,1292,3, ,0.411,16.37,      .9928  .85 1.05      -1292,83,144
1292,     ,1305,1, ,13.97,44.18,0.796,85,136
1292,     ,1305,2, ,13.97,44.18,0.796,85,136
1294,     ,1164,1, , T       ,8.35,1.025,600,1040
1294,     ,1165,1, , T       ,5.57,1.025,400,640
1294,     ,1225,1, , T 1.2637,10.269,20.87,441,705.6
1296,     ,1294,1, , T   .085,0.477,0.864,379,606.4
1296,     ,1295,1, ,0.361,16.18,      1.021  .85 1.15      -1295,83,192
1296,     ,1295,2, ,0.354,16.892,      1.021  .85 1.15      -1295,83,192
1296,     ,1295,5, ,0.242,15.82,      1.021  .85 1.15      -1295,83,160
1298,     ,1297,1, ,0.2221,-0.92,1,75,180.8
1298,     ,1304,1,D,D   52.77,56.45,0.71,23,52.8
1298,     ,9210,1, ,         ,62.87,      .9742 .813 .994      -9210,16,25.6
1298,     ,9211,1, ,1.609,37.2,      .9963 .7941.094      -9211,25,59.2
1299,     ,1297,1, ,0.2891,18.2,      .9711 .857 1.09      -1298,75,180.8
1299,     ,1298,1, ,0.411,17.37,      .9704 .8571.095      -1298,75,180.8
1300,    D,1305,1,D,D    6.93,10.53,0.18,30,48
1300,     ,1306,1, ,0.94,1.43,0.024,30,48
1301,     ,1302,1,D,D    17.1,41.8,0.76,44,70.4
1301,     ,1307,1, ,33,45.51,0.496,23,36.8
1301,     ,2061,1, ,0.316,24.6,      1.005  .94 1.12       1301,54,129.6
1301,     ,9660,1, ,         ,40.32,      1.005  .85 1.15      -9660,25,40
1302,     ,9674,1, ,         ,36.92,      1.003  .85 1.15      -9674,25,40
1303,     ,1332,1, ,1.95,5.94,0.001,48,113.6
1307,     ,1333,1, ,         ,28.56,      .9055   .9 1.05      -1333,25,40
1310,     ,2069,1,D,DT   1.21,4.25,1.1,143,275.2
1311,     ,1302,1, , T   15.3,37.4,0.57,44,70.4
1312,     ,1303,1, ,0.22,0.67,0.0001,48,113.6
1313,     ,1330,1, ,1.9509,9.5652,18.207,260,510.4
1313,     ,2082,1, , T .19811,1.1265,1.961,329,526.4
1314,     ,1313,1, ,0.163,12.836,       1.02  .85 1.15       1314,165,276.8
1314,     ,1363,1, ,2.74,9.48,0.16,54,126.4
1314,     ,1364,1, , T   2.14,4.55,0.09,54,126.4
1314,     ,1367,1, ,8.63,21.5,0.35,67,129.6
1315,     ,1231,1, , T   .895,4.451,8.059,270,545.6
1315,     ,1313,1, ,0.4153,2.0659,3.7447,270,545.6
1320,     ,1368,1, ,0.74,33.26,         1.   .9  1.1      -1368,50,80
1320,     ,1372,2, ,0.78,26.74,         1.   .9  1.1      -1372,50,80
1320,     ,1373,3, ,0.78,26.5,         1.   .9  1.1      -1373,50,80
1320,     ,9196,4, ,0.78,26.62,         1.   .9  1.1      -9196,50,80
1320,     ,9807,6, ,0.72,26.9,         1.   .9  1.1      -9807,50,108.8
1320,     ,9808,5, ,0.72,26.9,         1.   .9  1.1      -9808,50,108.8
1320,     ,9895,7, ,0.7,27.3,         1.   .9  1.1      -9895,50,108.8
1321,     ,10123,1, ,         ,16.22,         1.   .9  1.1     -10123,82,131.2
1322,     ,9558,1, ,0.1962,0.0718,                                ,109,196.8
1322,     ,9562,1, ,6.46,12.06,0.18,39,78.4
1322,     ,9911,1, ,6.54,12.18,0.18,39,78.4
1323,     ,1322,1, ,0.435,14.728,      1.021 .7251.117      -1322,83,160
1323,     ,1322,2, ,0.498,14.723,      1.021 .7261.118      -1322,83,160
1325,     ,1281,1, ,1.688,8.864,17,292,467.2
1326,     ,1221,1, ,0.42,1.54,0.4,143,275.2
1326,     ,1325,1, ,         ,6.18,      1.037  .85 1.05       1326,150,312
1326,     ,1325,2, ,0.212,6.016,      1.037  .85 1.05       1326,150,288
1326,     ,1328,1,D,D   7.631,18.693,11.18,82,188.8
1326,     ,9679,1, ,1.6835,6.2589,1.4829,167,324.8
1330,     ,1231,1, ,0.6818,3.2896,6.5142,260,510.4
1330,     ,1331,1, ,0.376,12.386,      1.035 .8641.136      -1331,83,142.4
1330,     ,1331,2, ,0.379,12.434,      1.035 .8641.136      -1331,83,142.4
1330,     ,1331,3, ,0.38,12.506,      1.035 .8641.136      -1331,83,142.4
1331,     ,9182,1, ,0.5721,1.2515,                                ,40,64
1333,     ,9653,1, ,         ,0.01,                                ,999,1598.4
1333,     ,9654,1, ,         ,0.01,                                ,999,1598.4
1334,     ,9716,1, ,0.81,1.31,0.02,30,48
1337,     ,1021,1, , T       ,20,1,40,64
1337,     ,1022,1, , T       ,20,1,40,64
1340,     ,1310,1, ,3.76,13.97,3.31,137,280
1341,     ,1312,1, ,3.074,11.5,0.087,48,113.6
1341,     ,1339,1, , T  3.366,11.5,0.096,48,113.6
1358,     ,2055,1,D,DT   2.24,5.51,1.25,82,172.8
1360,     ,1366,1, ,1.85,6.24,0.11,54,126.4
1361,     ,1365,1, ,0.7,1.24,0.01,54,126.4
1362,     ,1364,1, ,1.56,5.55,0.08,54,126.4
1362,     ,1378,1, ,0.81,2.76,0.05,54,126.4
1366,     ,1362,1,D,D     .74,2.49,0.04,54,126.4
1368,     ,1369,1, ,2.1827,11.523,0.7368,55,88
1372,     ,1370,1, , T 3.3296,14.106,1.0867,55,88
1373,     ,1371,1, , T 7.1235,18.442,0.4524,55,88
1374,     ,1290,1, , T    .25,0.84,0.88,999,1598.4
1378,     ,1363,1, ,0.1,0.15,0.002,54,126.4
1379,     ,1361,1, ,0.15,0.3,0.01,54,126.4
1379,     ,1362,1,D,D     .65,2.19,0.03,54,126.4
1386,     ,1387,1, ,0.154,7.194,      1.014 .7251.117      -1387,165,316.8
1386,     ,1387,2, ,0.155,7.188,      1.014 .7251.117      -1387,165,316.8
1386,     ,9278,1, , T   .084,0.422,0.739,365,683.2
1387,     ,1388,1, ,1.03,5.77,0.08,106,208
1387,     ,1389,1, ,1.07,5.98,0.09,84,161.6
1389,     ,9293,1, ,0.42,1.58,0.03,54,126.4
1393,     ,1792,1, ,2.6185,6.766,1.67,122,195.2
1475,     ,350,1, ,0.17,1.42,22.953,864,1782.4
1475,     ,1479,1, ,         ,4,1,375,840
1478,     ,1474,1, ,2.65,6.49,1.627,180,305.6
1478,     ,1477,1, ,3.19,8.28,2.03,125,256
1478,     ,1479,1, ,         ,-0.27,      1.041   .9  1.1       1478,375,840
1479,     ,1476,1, ,         ,24.8,1,125,200
1480,     ,1482,1, ,1.497,3.883,0.953,71,113.6
1481,     ,1486,1, ,3.321,8.638,2.133,71,113.6
1481,     ,1488,1, ,7.425,19.21,4.729,125,200
1482,     ,1483,1, ,0.785,1.344,0.306,71,113.6
1482,     ,1484,1, ,0.698,1.812,0.445,71,113.6
1484,     ,1485,1, ,5.142,8.801,2.001,94,190.4
1486,     ,4082,1, ,10.146,26.39,6.519,125,200
1487,     ,1492,1, ,5.32,13.7,3.4,125,256
1487,     ,1493,1, ,7.148,18.5,4.543,95,152
1489,     ,1488,1, ,2.92,7.56,1.856,95,152
1489,     ,4035,1, ,1.2973,0.3654,0.8258,125,200
1491,     ,1492,1, ,4.358,11.15,2.797,125,256
1494,     ,1534,1, ,1.78,8.23,14.42,355,568
1495,     ,1496,1, ,         ,30.73,1.025,156,249.6
1503,     ,1504,1, ,         ,5.2,       1.03 .9451.155      -1504,300,590.4
1503,     ,1504,2, ,         ,5.2,       1.03 .9451.155      -1504,300,672
1504,     ,4007,1, ,6.5,16.7,4.113,125,256
1504,     ,4011,1, ,3.07,7.78,1.965,125,200
1504,     ,4335,1, ,1.1403,2.2995,0.54764,94,150.4
1504,     ,4335,2, ,1.1404,2.2991,0.54744,94,150.4
1504,     ,9086,1, ,5.43,9.072,2.16,94,158.4
1507,     ,1517,1, ,         ,7.24,0.975,50,80
1508,     ,1553,1, ,15.09,23.75,4.69,94,150.4
1508,     ,9048,1, ,4.65,11.99,2.945,125,228.8
1509,     ,1519,1, ,5.513,14.272,3.506,125,228.8
1509,     ,1533,1, ,2.812,7.276,1.784,124,198.4
1510,     ,1556,1,D,D    3.69,10.15,2.372,111,238.4
1510,     ,4322,1, ,3.6378,9.4118,0.3136,71,113.6
1512,     ,1523,1, ,0.126,0.58,1.161,143,228.8
1512,     ,1526,1, ,1.26,5.75,1.593,143,228.8
1512,     ,1540,1, , T    1.2,5.52,1.521,150,240
1513,     ,9049,1, ,1.7591,7.7463,2.0862,180,305.6
1514,     ,1572,1, ,0.2,0.53,0.123,125,200
1515,     ,1512,1, ,0.33,1.5,0.42,181,289.6
1515,     ,1567,1, ,0.14,0.55,0.157,216,345.6
1515,     ,1585,1, ,         ,5.628,1.05,200,360
1515,     ,1586,1, ,         ,11.164,1.05,100,160
1515,     ,4036,1, ,0.19,0.88,0.157,216,376
1519,     ,1552,1, ,8.03,21.4,5,124,198.4
1519,     ,1588,1, , T   6.46,17.13,3.95,125,288
1521,     ,1524,1, ,1.09,2.85,0.681,94,150.4
1521,     ,1556,1, , T   3.49,9.12,2.18,111,238.4
1522,     ,1568,1, ,0.8521,2.1953,0.5376,141,225.6
1523,     ,9023,1, ,0.367,1.674,0.472,143,228.8
1524,     ,1527,1, ,1.4,3.62,0.866,124,198.4
1525,     ,343,1, ,         ,5.95,1,999,1598.4
1525,     ,1579,1, ,0.797,3.68,0.999,182,361.6
1525,     ,1581,1, ,0.957,4.42,1.2,182,361.6
1526,     ,1500,1, ,         ,7.52,1.05,156,249.6
1526,     ,9027,1, ,0.8044,3.701,1.025,150,240
1526,     ,9028,1, ,1.55,3.46,0.851,125,228.8
1526,     ,9029,1, ,2.24,5.793,1.423,125,256
1528,     ,4323,1, ,1.7338,4.5258,1.0921,125,238.4
1529,     ,306,1, ,         ,30,1.025,160,256
1529,     ,1530,1, ,0.97,4.84,5.1,305,571.2
1529,     ,1545,1, ,0.34,1.73,3.06,287,459.2
1530,     ,345,1, ,0.06,0.32,0.597,349,764.8
1530,     ,345,2, ,0.06,0.32,0.597,349,764.8
1530,     ,1531,1, ,         ,4.33,      .9678   .9  1.1      -1531,225,504
1530,     ,1535,1, ,         ,4,      1.032   .9  1.1      -1535,225,467.2
1530,     ,1592,1, , T    .84,4.2,7.56,305,571.2
1530,     ,4072,1,D,D    .313,1.452,2.5285,250,400
1530,     ,9010,1, ,         ,24.5,0.975,33,78.4
1530,     ,9030,1, ,0.3,1.51,2.68,250,400
1530,     ,9040,1, ,0.1,0.47,1.015,340,544
1530,     ,9050,2, ,         ,24.5,0.975,33,73.6
1531,     ,1532,1, , T    .32,0.89,0.387,146,299.2
1533,     ,1549,1, , T  3.168,8.196,2.012,125,200
1533,     ,1553,1, , T     6.,15.48,3.8,124,198.4
1534,     ,1497,1, , T   1.38,7.3,13.36,305,571.2
1534,     ,1520,1, ,0.49,2.56,4.443,305,510.4
1534,     ,1545,1, ,0.44,2.24,3.979,287,459.2
1534,     ,1592,1, , T   1.61,8.07,14.55,299,526.4
1534,     ,9024,1, ,0.25,1.38,2.44,305,571.2
1535,     ,1531,1, ,         ,2.07,1,120,192
1535,     ,4061,1, ,5.594,14.748,3.491,96,153.6
1535,     ,4062,1, ,5.52,14.21,3.491,125,200
1536,     ,1555,1, ,4.64,6.8,1.5,94,150.4
1537,     ,1534,1, ,         ,21.4,      1.043   .9  1.1       1537,66,142.4
1537,     ,4328,1, ,20.98,35.44,0.519,36,57.6
1538,     ,1501,1, ,         ,13.5,1.05,110,176
1538,     ,1541,1, , T  3.669,9.522,2.323,119,190.4
1538,     ,1572,1, ,4.35,11.52,2.69,120,192
1539,     ,1550,1, , T  10.14,17.66,3.89,71,113.6
1539,     ,4372,1, ,8.6248,12.59,2.7834,94,192
1541,     ,1543,1, , T   2.67,4.76,1.083,91,190.4
1541,     ,1543,2, , T  1.638,4.237,1.041,125,286.4
1541,     ,4001,1, ,4.343,8.24,1.93,95,152
1541,     ,4003,1, ,5.95,15.36,3.765,125,200
1542,     ,1569,1, , T  14.28,37.88,9.07,95,164.8
1542,     ,4088,1, ,7.5893,12.567,3.0809,53,84.8
1543,     ,4044,1, ,         ,6.923,1,190,304
1544,     ,337,1, , T   1.41,3.35,0.809,125,200
1544,     ,1518,1, ,1.68,4.39,1.05,125,200
1546,     ,1573,1, ,2.301,6.17,1.42,64,102.4
1548,     ,1566,1, ,0.37,0.97,0.231,125,232
1548,     ,4020,1, ,6.65,17.27,4.216,125,228.8
1550,     ,1551,1, , T   5.23,9.103,2,73,116.8
1552,     ,1553,1, , T  13.77,21.68,4.28,94,150.4
1552,     ,1577,1, ,7.55,19.38,4.817,95,152
1557,     ,348,1, ,16.9,34.5,7.88,96,182.4
1558,     ,399,1, ,5.15,9.68,2.28,94,150.4
1558,     ,1569,1, ,0.61,1.59,0.38,143,228.8
1558,     ,1571,1, ,1.848,4.77,0.957,125,220.8
1558,     ,4086,1, ,0.725,1.843,0.472,125,232
1558,     ,4087,1, ,0.48,1.22,0.31,125,209.6
1560,     ,1559,1, ,         ,11.005,1,150,240
1561,     ,1557,1, ,22.2,37,8.93,73,116.8
1564,     ,1578,1, ,5.18,14.26,3.34,125,200
1565,     ,4036,1, , T     .7,1.69,0.408,143,228.8
1569,     ,399,1, ,3.4622,7.9059,1.9701,143,228.8
1570,     ,1502,1, ,         ,8.7,0.993,125,235.2
1570,     ,1532,1, , T   3.95,9.46,4.174,103,200
1571,     ,1480,1, ,13.086,34.03,0.064,125,228.8
1573,     ,1518,1, ,2.924,7.87,1.77,64,102.4
1577,     ,1513,1, ,4.89,12.61,3.096,125,256
1578,     ,1579,1, ,0.73,3.08,0.847,124,198.4
1578,     ,1583,1, ,1.003,2.583,0.633,96,177.6
1578,     ,1584,1, ,7.44,12.77,1.45,52,83.2
1580,     ,1587,1, , T  2.399,6.124,1.552,143,228.8
1581,     ,1583,1, ,3.006,7.747,1.898,125,256
1582,     ,4090,1, ,6.78,17.6,4.31,125,256
1592,     ,1594,1, ,         ,20.8,1.025,130,208
1593,     ,1547,1, ,         ,7.06,1,133,256
1595,     ,1511,1, ,         ,22.8,1.025,66,105.6
1595,     ,1561,1, ,2.5,6.4,1.6,71,113.6
1596,     ,1597,1, ,         ,20.21,1,62,104
1597,     ,1598,1, ,8.46,20.3,2.1,47,75.2
1597,     ,1598,2, ,8.46,20.3,2.1,47,75.2
1598,     ,1599,1, ,         ,9.4,1,90,144
1600,     ,4200,1, ,0.09,0.7,0.846,478,963.2
1601,     ,3957,1, ,1.5204,8.6627,2.4616,249,428.8
1602,     ,3992,1, ,0.88,1.83,0.441,105,200
1604,     ,169,1, ,0.11,0.65,0.184,301,520
1605,     ,169,1, ,0.09,0.63,0.19,301,520
1606,     ,287,1, ,0.2226,1.2683,0.3604,249,428.8
1607,     ,1630,1, ,0.1757,0.7139,0.1914,153,310.4
1607,     ,3958,1, ,0.78,3.2846,0.8894,153,310.4
1608,     ,270,1, ,0.01,0.07,0.019,239,481.6
1610,     ,1608,1, ,0.0769,0.4384,0.1246,194,395.2
1611,     ,1612,1, ,0.105,0.5983,0.17,194,395.2
1612,     ,4105,1, ,0.0458,0.2608,0.0741,194,395.2
1613,     ,1614,1, , T  .3316,0.6888,0.1663,96,192
1613,     ,1675,1, , T  .5045,1.048,0.2531,96,192
1614,     ,260,1, , T  .0251,0.0522,0.0126,96,192
1614,     ,1677,1, , T  .1588,0.3298,0.0796,96,192
1615,     ,4200,1, , T  .2062,1.4683,0.4407,194,396.8
1617,     ,1616,1, , T   .051,0.37,18.421,196,345.6
1618,     ,265,1, ,0.0209,0.1189,0.0338,194,395.2
1619,     ,1780,1, ,0.55,1.4,0.357,175,286.4
1620,     ,182,1, ,1.7427,8.4454,2.3685,153,310.4
1620,     ,1666,1, ,0.1576,0.6401,0.172,153,310.4
1621,     ,281,1, ,0.255,1.056,0.2772,153,310.4
1622,     ,1631,1, ,1.0088,4.3507,1.1856,153,310.4
1622,     ,9638,1, ,0.4909,1.9942,0.5342,153,310.4
1623,     ,285,1, ,0.5284,2.1469,0.5755,153,310.4
1623,     ,9639,1, ,0.4909,1.9942,0.5346,153,310.4
1624,     ,9646,1, ,0.1636,0.6647,0.1782,172,329.6
1627,     ,298,1, ,0.0659,0.137,0.1323,134,214.4
1628,     ,1685,1, ,0.003,0.022,0.848,239,395.2
1629,     ,1632,1, ,0.51,2.24,0.62,153,310.4
1631,     ,1672,1, ,0.7437,3.1368,0.8497,153,310.4
1632,     ,3958,1, ,0.56,2.27,0.61,183,358.4
1633,     ,1634,1, ,0.1618,0.6574,0.1762,173,342.4
1634,     ,275,1, ,0.2285,0.9282,0.2488,193,374.4
1635,     ,282,1, ,0.0065,0.0047,0.0014,239,481.6
1636,     ,3958,1, ,0.2073,0.842,0.2257,163,326.4
1637,     ,278,1, ,0.1854,1.3335,0.3695,347,731.2
1640,     ,4112,1, , T  .0622,0.664,0.4034,359,726.4
1642,     ,275,1,D,D    .149,0.8495,0.2414,194,395.2
1643,     ,178,1, ,0.1176,0.67,0.1904,194,395.2
1643,     ,275,1,D,DT  .2667,1.5196,0.4318,218,422.4
1644,     ,283,1, , T    .51,2.9,0.82,194,395.2
1644,     ,1645,1, ,0.09,0.69,0.21,194,395.2
1645,     ,4118,1, ,0.4363,1.7726,0.4752,153,310.4
1646,     ,1647,1, , T  .5302,2.4669,0.6853,153,310.4
1646,     ,9645,1, ,0.42,2.41,0.685,194,395.2
1648,     ,9648,1, ,0.0258,0.03625,0.9335,120,192
1649,     ,284,1, ,0.3276,1.866,0.5304,194,395.2
1650,     ,284,1, , T    .16,0.89,0.25,194,395.2
1651,     ,284,1, ,0.168,0.9572,0.272,194,395.2
1651,     ,1665,1, ,0.4396,0.9131,0.22,96,192
1652,     ,284,1, ,0.168,0.9572,0.272,194,395.2
1652,     ,1665,1, ,0.4396,0.9131,0.22,96,192
1653,     ,284,1, ,0.2478,1.4119,0.4012,194,395.2
1655,     ,284,1, ,0.34,1.93,0.55,194,395.2
1656,     ,1658,1, ,0.0733,0.1191,3.567,106,193.6
1656,     ,1660,1, ,0.0819,0.1332,3.987,111,201.6
1657,     ,1658,1, ,0.0733,0.1191,3.567,106,193.6
1657,     ,1660,1, , T   .108,0.149,3.987,111,201.6
1659,     ,1662,1, , T   .087,0.4207,20.062,160,294.4
1661,     ,1688,1, ,0.09,0.14,4.201,163,264
1662,     ,1663,1, ,0.07,0.1,2.518,123,212.8
1666,     ,273,1, , T   .255,1.034,0.28,153,310.4
1666,     ,1667,1, ,0.1758,0.3653,0.088,96,192
1669,     ,272,1, ,0.1428,0.8136,0.2312,194,395.2
1670,     ,1653,1, ,0.07,0.4,0.11,194,395.2
1671,     ,1636,1, ,0.8644,3.8477,1.0572,153,310.4
1672,     ,3958,1, ,0.0182,0.0739,0.0198,163,326.4
1674,     ,1699,1, ,0.152,0.616,0.165,153,310.4
1676,     ,1674,1, ,0.394,1.6003,0.4292,153,310.4
1679,     ,1680,1, ,0.38,0.91,14.92,125,248
1680,     ,1681,1, ,0.26,0.35,10.493,120,206.4
1681,     ,1682,1, ,0.023,0.24,10.452,105,184
1682,     ,1683,1, ,0.41,0.71,24.981,120,206.4
1683,     ,1679,1, , T    .19,0.22,6.925,125,248
1683,     ,4107,1, ,0.0762,0.221,3.3622,120,206.4
1684,     ,1690,1, ,0.08,0.23,3.888,109,201.6
1684,     ,1690,2, ,0.08,0.23,3.888,109,201.6
1685,     ,284,1, ,0.03,0.03,12.698,239,395.2
1686,     ,290,1, , T    .02,0.25,10.774,186,324.8
1692,     ,1679,1, ,0.11,0.27,15.469,125,268.8
1692,     ,1679,2, ,0.11,0.27,15.459,125,268.8
1692,     ,1683,1, ,0.1138,0.6573,8.533,210,400
1693,     ,270,1, ,0.09,0.5,0.14,194,395.2
1695,     ,4108,1, ,         ,0.01,0.017,478,963.2
1696,     ,1694,1, ,0.0126,0.0261,0.0063,153,310.4
1697,     ,4120,1, ,0.277,1.814,1.048,359,726.4
1697,     ,9635,1, ,0.205,1.34,0.773,359,726.4
1699,     ,274,1, ,0.394,1.6,0.43,153,310.4
1700,     ,1707,1, ,         ,41.333,1,22,35.2
1701,     ,1708,1, ,         ,113.33,1,6,9.6
1702,     ,1709,1, ,         ,60,1,12,19.2
1703,     ,1750,1, ,         ,63.33,1,11,17.6
1704,     ,1750,1, ,         ,62.5,1,15,24
1705,     ,1791,1, ,9.19,0.371,23.44,61,97.6
1707,     ,1709,1, ,1.46,3.6,0.244,61,104
1708,     ,1709,1, ,0.56,0.46,0.03,30,52.8
1709,     ,1712,1, ,16.7,26.04,0.454,30,52.8
1709,     ,1713,1, ,13.92,25.29,0.466,30,52.8
1709,     ,1715,1, ,20.91,32.6,0.568,30,52.8
1709,     ,1715,2, ,18.13,31.85,0.58,30,52.8
1710,     ,1705,1, ,11.991,30.078,0.494,61,97.6
1711,     ,1710,1, ,         ,62.5,1,14,22.4
1711,     ,1710,2, ,         ,62.5,1,14,22.4
1712,     ,1715,1, ,4.21,6.56,0.114,30,52.8
1713,     ,1715,1, ,4.21,6.56,0.114,30,52.8
1714,     ,1716,1, ,         ,50,1,12,19.2
1714,     ,1716,2, ,         ,50,1,12,19.2
1715,     ,1756,1, ,4.208,6.56,0.115,61,104
1717,     ,1718,1, ,         ,11.74,      .9443  .921.052      -1718,83,132.8
1717,     ,1718,2, ,         ,11.74,      .9443  .921.052      -1718,83,132.8
1717,     ,1736,1,D,D     .93,5.31,1.158,212,339.2
1717,     ,1796,1,D,D     .65,3.74,1.07,212,339.2
1718,     ,1715,1, ,13.41,20.79,0.363,30,51.2
1718,     ,1715,2, ,13.41,20.79,0.363,30,51.2
1718,     ,1715,3, ,13.41,20.79,0.363,30,51.2
1718,     ,1715,4, ,13.41,20.79,0.363,30,51.2
1718,     ,1719,1, ,11.09,17.18,0.3,30,51.2
1719,     ,1723,1, ,7.3,10.17,0.173,30,51.2
1720,     ,1718,1, ,11.54,17.37,0.293,30,51.2
1720,     ,1718,2, ,11.54,17.37,0.293,30,51.2
1720,     ,1723,1, ,7.65,10.33,0.178,30,51.2
1720,     ,1723,2, ,7.65,10.33,0.178,30,51.2
1721,     ,1718,1, ,15.3,23.18,0.401,30,51.2
1721,     ,1723,1, ,3.09,4.17,0.072,30,51.2
1723,     ,1724,1, ,4.38,14.21,0.28,72,115.2
1723,     ,1725,1, ,5.9,19.16,0.378,72,115.2
1723,     ,1726,1, ,1.72,9.78,0.175,72,115.2
1724,     ,1725,1, ,1.52,4.95,0.098,72,115.2
1725,     ,1726,1, ,0.91,5.07,0.095,72,115.2
1725,     ,1726,2, , T    .91,5.07,0.095,72,115.2
1726,     ,1727,1, ,1.76,4.12,0.077,72,115.2
1728,     ,175,1, ,5.73,24.18,6.57,125,251.2
1728,     ,1393,1, ,0.12992,0.3357,0.0829,122,195.2
1728,     ,1792,2, ,2.7,1.759,6.81,122,195.2
1728,     ,1793,1, ,1.5,1.017,3.65,111,206.4
1730,     ,1723,1, ,         ,11.81,      .8964  .86 1.05      -1723,83,132.8
1730,     ,1723,2, ,         ,11.86,      .8964  .86 1.05      -1723,83,132.8
1730,     ,1731,1, , T    .16,0.96,0.276,146,331.2
1730,     ,1732,1, , T     .4,1.019,0.26,146,331.2
1730,     ,1733,1, ,0.21,1.21,0.343,143,228.8
1730,     ,1733,2, ,0.21,1.21,0.343,143,228.8
1730,     ,1734,1, ,0.42,2.42,0.686,191,305.6
1730,     ,1742,1, ,2.02,11.48,3.281,146,331.2
1733,     ,1734,1, , T    .21,1.21,0.343,143,228.8
1733,     ,1734,2, ,0.21,1.21,0.343,143,228.8
1734,     ,1735,1, , T    .28,1.53,0.459,191,305.6
1734,     ,1737,1, ,0.444,2.518,0.727,191,305.6
1735,     ,1737,1, , T    .17,0.94,0.282,191,305.6
1736,     ,1739,1, ,0.66,3.76,1.076,213,340.8
1736,     ,1790,1, ,0.66,3.76,1.076,213,340.8
1736,     ,1796,1, , T    .27,1.57,0.448,212,374.4
1736,     ,8719,1, ,0.2773,1.452,0.00466,212,339.2
1736,     ,8719,2, ,0.2773,1.452,0.00466,212,339.2
1737,     ,1738,1, ,0.353,1.225,0.337,139,243.2
1737,     ,1738,2, ,0.353,1.225,0.337,139,243.2
1739,     ,1737,1, ,0.36,2.03,0.58,213,340.8
1743,     ,1746,1, ,0.61,1.56,0.39,110,193.6
1744,     ,1748,1, ,0.61,1.56,0.39,122,214.4
1746,     ,1747,1, ,0.16,0.43,0.1,110,193.6
1750,     ,1763,1, ,78.09,103.15,1.576,24,52.8
1750,     ,1763,2, ,78.09,103.15,1.576,24,52.8
1750,     ,1769,1, ,3.017,6.125,0.097,48,88
1750,     ,1798,1, ,13.99,35.72,0.5651,63,100.8
1751,     ,1745,1, ,3.2,8.18,2.059,108,172.8
1751,     ,1745,2, ,3.2,8.18,2.059,108,172.8
1751,     ,1750,1, ,         ,18.3,      .9843  .85 1.05      -1750,26,41.6
1751,     ,1750,2, ,         ,18.3,      .9843  .85 1.05      -1750,26,41.6
1751,     ,3342,1, ,3.64,9.4,2.3,87,182.4
1751,     ,3343,1, ,6.05,15.65,3.889,70,161.6
1752,     ,1753,1, ,         ,14.44,       .938  .86 1.05      -1753,999,1598.4
1752,     ,1753,2, ,         ,14.6,       .938  .86 1.05      -1753,999,1598.4
1752,     ,1754,1, , T   4.86,12.55,3.103,70,161.6
1752,     ,3342,1, ,2.14,5.52,1.366,87,182.4
1753,     ,3340,1, ,0.05,0.05,                                ,999,1598.4
1754,     ,1755,1, , T   2.52,6.52,1.612,122,206.4
1754,     ,1755,2, ,2.52,6.52,1.612,122,206.4
1755,     ,169,1, , T 1.6033,9.3333,2.668,301,520
1755,     ,1756,1, ,         ,29.72,      .9775  .86 1.05      -1756,25,40
1755,     ,1756,2, ,         ,29.72,      .9775  .86 1.05      -1756,25,40
1757,     ,1751,1, ,3.42,8.76,2.203,121,251.2
1758,     ,1751,1, ,3.42,8.76,2.203,122,214.4
1759,     ,1751,1, ,9.952,24.96,6.555,87,153.6
1759,     ,1751,2, ,9.952,24.96,6.555,87,153.6
1759,     ,1762,1, ,0.68,1.735,0.439,122,206.4
1759,     ,1762,2, ,0.68,1.735,0.439,122,206.4
1760,     ,175,1, , T    .06,0.25,0.07,170,419.2
1760,     ,175,2, , T    .06,0.25,0.07,170,380.8
1760,     ,1759,1, ,0.1598,0.401,0.1052,122,206.4
1760,     ,1759,2, ,0.1598,0.401,0.1052,122,206.4
1760,     ,1761,1, ,         ,9.1239,      1.008 .8661.051      -1761,67,116.8
1760,     ,1765,1, ,6.305,15.82,4.153,88,184
1760,     ,1765,2,D,D   6.305,15.82,4.153,88,184
1761,     ,1764,1, ,6.57,9.59,0.14,41,76.8
1761,     ,8717,1, ,9.737,14.28,0.206,29,60.8
1763,     ,1761,1, , T   9.44,11.74,0.163,36,62.4
1763,     ,1761,2, , T   9.44,11.74,0.163,36,62.4
1764,     ,1778,1, ,4.27,8.75,0.135,48,88
1765,     ,175,1, ,6.305,15.82,4.153,88,184
1765,     ,1766,1, ,         ,10.36,      .9715  .85 1.05      -1766,73,116.8
1765,     ,1766,2, ,         ,10.5,      .9715  .85 1.05      -1766,73,116.8
1766,     ,1789,1, ,6.939,13.391,0.2351,48,88
1768,     ,1767,1, ,         ,30.03,1,33,52.8
1769,     ,1768,1, ,2.398,6.015,0.098,48,88
1769,     ,1774,1, ,13.83,28.07,0.444,48,88
1773,     ,1770,1, ,2.95,9.49,2.225,97,198.4
1774,     ,1014,1, ,20.874,32.14,0.419,24,38.4
1774,     ,1714,1, ,9.99,23.61,0.438,56,104
1776,     ,1730,1, ,2.02,11.48,3.281,146,331.2
1778,     ,1722,1, ,9.05,18.53,0.286,999,1598.4
1778,     ,1779,1, ,13.07,26.97,0.441,999,1598.4
1781,     ,1782,1, ,         ,2.5,1,400,832
1781,     ,1784,1, ,         ,2.5,1,400,832
1781,     ,3966,1, , T   .337,3.76,65.17,853,1720
1789,     ,1705,1, ,8.347,16.108,0.2828,48,88
1790,     ,1737,1, ,0.36,2.03,0.58,213,340.8
1796,     ,1794,1, ,0.67,2.37,0.63,105,184
1798,     ,1774,1, ,13.99,35.72,0.5651,63,100.8
1800,     ,1130,1, ,         ,29.41,      .9894 .7861.102       1800,41,65.6
1800,     ,1130,2, ,         ,28.13,      .9894   .9  1.1       1800,45,72
1802,     ,1129,1, ,         ,40,      1.004 .9231.128       1802,25,40
1802,     ,1129,2, ,         ,50.56,      1.004 .9231.128       1802,20,32
1803,     ,1819,1, ,33.998,50.006,0.7216,40,68.8
1804,     ,1132,1, ,         ,40,      1.015   .9  1.1       1804,45,72
1804,     ,1132,2, ,         ,40,      1.015   .9  1.1       1804,45,72
1807,     ,1135,1, ,         ,40.55,      .9661   .9  1.1       1807,25,40
1808,     ,1884,1, ,         ,57.8,      1.012  .85 1.15       1808,24,38.4
1809,     ,1883,1, ,         ,57.52,      1.025  .85 1.15       1809,20,32
1810,     ,1854,1, ,         ,77.9,      1.039   .9  1.1       1810,12,19.2
1810,     ,1854,2, ,         ,81.4,      1.039   .9  1.1       1810,12,19.2
1811,     ,1855,1, ,         ,41.25,      1.049   .9  1.1       1811,25,40
1812,     ,1856,1, ,         ,80.5,      1.053   .9  1.1       1812,50,80
1812,     ,1856,2, ,         ,80.36,      1.053   .9  1.1       1812,50,80
1813,     ,1857,1, ,         ,40.25,      .9882   .9  1.1       1813,100,320
1813,     ,10155,1, , T  23.77,93.75,0.2132,35,56
1814,     ,1133,1, ,         ,47.72,      1.041   .9  1.1       1814,41,65.6
1814,     ,1133,2, ,         ,48,      1.041   .9  1.1       1814,41,65.6
1815,     ,1134,1, ,         ,40.46,      1.028 .8721.179       1815,45,72
1815,     ,1134,2, ,         ,53.07,      1.028 .8721.179       1815,20,32
1815,     ,1134,3, ,         ,39,      1.028 .8721.179       1815,45,72
1816,     ,1136,1, ,         ,48.24,      1.027  .94 1.15       1816,41,65.6
1816,     ,1136,2, ,         ,47.72,      1.027 .9451.155       1816,41,65.6
1818,     ,1137,1, ,         ,38.63,      1.034   .9  1.1       1818,45,72
1818,     ,1137,2, ,         ,39.26,      1.034 .895 1.21       1818,45,72
1819,     ,1850,1, ,50.995,75.009,1.0824,40,68.8
1820,     ,1139,1, ,         ,47,      1.026   .9  1.1       1820,41,65.6
1820,     ,1139,2, ,         ,38.63,      1.026   .9  1.1       1820,45,72
1821,     ,1140,1, ,         ,40.65,      1.008 .9231.127       1821,25,40
1822,     ,1887,1, ,         ,77.41,      1.009   .9  1.1       1822,12,19.2
1825,     ,1838,1, ,40.95,59.15,0.853,12,19.2
1825,     ,1839,1, ,8.45,12.44,0.179,29,46.4
1825,     ,1842,1, ,27.82,40.91,0.59,24,38.4
1826,     ,1128,1, ,         ,38.73,      1.015   .9  1.1       1826,45,72
1827,     ,1141,1, ,         ,42.35,      1.063   .9  1.1       1827,28,44.8
1828,     ,1127,1, ,         ,41.5,       .999   .9  1.1       1828,25,40
1829,     ,1145,1, ,         ,40.95,      1.013   .9  1.1       1829,25,40
1830,     ,1146,1, ,         ,59.4,      .9976  .85 1.15       1830,20,32
1831,     ,1147,1, ,         ,41.1,      1.027   .9  1.1       1831,25,40
1833,     ,1893,1, ,         ,57.75,      .9968   .9  1.1       1833,20,32
1834,     ,1852,1, ,         ,210.2,1,37,59.2
1835,     ,1844,1, ,27.02,39.77,0.574,24,38.4
1836,     ,1835,1, ,         ,-1.81,1,30,48
1836,     ,1837,1, ,         ,28.43,1,10,16
1839,     ,1841,1, ,24.73,36.37,0.5248,29,46.4
1840,     ,1882,1, ,         ,40.65,      .9885   .9  1.1       1840,25,40
1841,    D,1846,1,D,D    8.49,12.5,0.18,29,46.4
1843,     ,1859,1, ,13.05,34.12,8.35,96,198.4
1844,     ,1845,1, ,11.59,17.04,0.246,12,19.2
1845,    D,1842,1,D,D   26.27,38.64,0.558,29,46.4
1847,     ,1141,1, ,8.12,21.27,5.132,97,198.4
1848,     ,1847,1, ,         ,48,      1.069   .9  1.1       1848,41,65.6
1849,     ,1144,1, ,         ,49.55,      .9662   .9  1.1       1849,30,48
1851,     ,1880,1, ,         ,40.91,      1.025   .9  1.1       1851,25,40
1853,     ,1854,1, ,4.79,12.37,3.05,97,184
1853,     ,1914,1,D,D     .01,0.03,0.01,999,1598.4
1853,     ,1938,1, ,0.01,0.03,0.01,999,1598.4
1854,     ,1855,1, ,4.78,12.34,3.844,97,184
1856,     ,1099,1, ,9.95,21.226,4.957,73,140.8
1856,     ,1855,1, , T  11.07,23.18,5.533,73,160
1857,     ,1099,1, ,1.72,6.982,1.897,187,424
1857,     ,1858,1, ,8.08,16.74,4.049,73,150.4
1857,     ,1859,1, ,5.24,13.64,3.321,97,155.2
1857,     ,1871,1, , T   3.49,9.08,2.209,97,198.4
1858,     ,1860,1, ,         ,34.32,1,50,80
1859,     ,1863,1, , T   5.37,14.11,3.386,97,179.2
1859,     ,1867,1, , T   2.99,7.9,1.867,96,198.4
1860,     ,9695,1, , T       ,40,1,22,35.2
1861,     ,1138,1, ,         ,78.8,      1.016   .9  1.1       1861,12,19.2
1862,     ,1138,1, ,         ,40.39,       .973   .9  1.1       1862,25,40
1864,     ,1135,1, ,2.7848,13.101,3.5277,156,249.6
1866,     ,1864,1, ,         ,19.796,1.025,54,86.4
1869,     ,9852,1, ,         ,33.33,1,57,91.2
1869,     ,9852,2, ,         ,33.33,1,57,91.2
1870,     ,1863,1, ,2.2,5.71,1.388,96,198.4
1871,     ,1865,1, ,2.2,5.71,1.388,97,198.4
1872,     ,1142,1, ,0.7,2.48,0.662,146,297.6
1872,     ,1875,1, ,         ,11.11,1,90,179.2
1872,     ,1894,1, ,3.99,10.19,2.575,97,198.4
1876,     ,1879,1, ,         ,30,1,40,72
1878,     ,1888,1, ,         ,40,1,25,49.6
1878,     ,1888,2, ,         ,40,1,25,49.6
1881,     ,1146,1, ,6.69,14.18,3.337,88,171.2
1882,     ,1878,1, , T 1.6973,4.412,1.072,97,155.2
1884,     ,1886,1, ,7.64,20.02,4.829,97,184
1886,     ,1846,1, ,         ,23.87,      .9772   .9  1.1      -1846,30,48
1887,     ,1140,1, ,3.13,8.15,1.981,96,184
1887,     ,1882,1, ,3.48,9.05,2.201,96,184
1889,     ,1025,1, , T  .3864,3.329,12.321,645,1268.8
1889,     ,1085,1, , T   .407,2.827,10.964,558,1096
1890,     ,923,1, , T       ,32.25,1,50,80
1890,     ,924,1, , T       ,32.25,1,50,80
1890,     ,927,1, , T       ,32.625,1,50,80
1890,     ,928,1, , T       ,32.625,1,50,80
1890,     ,929,1, , T       ,32.25,1,50,80
1890,     ,1129,1, ,1.08,2.87,0.679,97,198.4
1890,     ,1130,1, ,1.63,4.32,1.022,97,184
1890,     ,1131,1, ,11.77,31.26,7.396,97,184
1890,     ,1131,2, ,11.77,31.26,7.396,97,184
1890,     ,1889,1, , T     .5,6.753,      1.028   .9  1.1       1890,150,312
1890,     ,1889,2, , T     .5,6.827,      1.028   .9  1.1       1890,150,312
1890,     ,1889,3, , T   .229,7.011,      1.028   .9  1.1       1890,150,312
1890,     ,1891,1, ,0.86,2.07,0.483,147,284.8
1890,     ,1892,1, ,2.38,5.61,1.312,147,284.8
1891,     ,1801,1, ,         ,61,      .9553   .9  1.1      -1801,30,48
1891,     ,1892,1, ,1.54,3.66,0.865,147,284.8
1892,     ,1133,1, ,0.79,1.66,0.512,147,284.8
1892,     ,1805,1, ,         ,46.76,        .97 .9221.127      -1805,41,65.6
1893,     ,1883,1, ,5.01,12.87,3.216,97,184
1894,     ,1873,1, ,         ,54.866,1,34,54.4
1894,     ,1873,2, ,         ,54.866,1,34,54.4
1894,     ,10144,3, ,         ,41.266,1,34,54.4
1896,     ,1895,1, ,11.32,29.64,7.386,97,198.4
1897,     ,1852,1, ,43.27,56.7,0.066,37,72
1902,D    ,1916,1,D,D   21.03,12.52,0.15,33,64
1903,     ,4302,1, ,1.4346,3.3784,0.89,139,260.8
1904,     ,1902,1, ,         ,34.2,      1.011 .8971.103      -1902,999,1598.4
1904,     ,3885,1, ,         ,0.01,                                ,999,1598.4
1905,     ,4303,1,D,D    .309,0.7982,0.21,80,128
1912,     ,1940,1, ,2.814,6.7345,1.79,139,260.8
1912,     ,4192,1, ,0.2,0.52,0.13,139,260.8
1912,     ,4302,1, ,2.2718,5.4521,1.46,139,260.8
1914,     ,1912,1, ,3.6208,8.6194,2.3,139,260.8
1916,     ,9132,1, ,19.37,12.61,0.16,12,22.4
1916,     ,9134,1, ,1.924,3.286,0.037,33,57.6
1923,     ,3155,1, ,         ,0.01,                                ,999,1598.4
1923,     ,16586,1, ,2.0465,5.192,1.38,80,172.8
1924,     ,1927,1, ,33.04,19.67,0.23,33,64
1924,     ,3911,1, ,12.37,19.19,0.28,33,64
1927,     ,3907,1,D,D        ,0.01,                                ,999,1598.4
1928,     ,3878,1, ,15.16,38.544,0.6178,72,131.2
1928,    D,3878,2,D,D   15.16,38.544,0.6178,72,131.2
1928,     ,3879,1, ,25.07,38.9,0.56,33,64
1929,     ,3940,1, , T  18.39,31.41,0.35784,33,64
1930,     ,1935,1, ,1.04,1.63,0.02,30,64
1930,     ,3946,1, ,         ,0.01,                                ,999,1598.4
1930,     ,3947,1, ,27.38,43.04,0.6,33,64
1930,     ,3948,1, ,33.51,52.67,0.73,33,64
1938,     ,1912,1, ,3.6208,8.6194,2.3,139,260.8
1945,     ,4303,1,D,DT   .309,0.7982,0.21,80,128
1952,     ,639,3, ,         ,13.35,      1.022 .8951.105       1952,40,76.8
1952,     ,639,4,D,D        ,20.75,         1. .8951.105       1952,25,40
1952,     ,3876,1, ,5.19,8.15,0.11,33,64
1957,     ,11680,1, ,1.859,4.3649,1.16,139,260.8
1967,     ,3935,1, ,0.128,0.33,0.082,139,260.8
1967,     ,3982,1, ,0.129,0.334,0.083,139,260.8
1968,     ,3136,1, ,0.09,0.23,0.06,999,1598.4
1991,     ,550,1, ,2.7625,6.4849,1.73,139,260.8
1991,     ,3969,1, ,         ,0.01,                                ,999,1598.4
1991,     ,11911,1, ,4.9194,11.548,3.07,139,260.8
2035,     ,412,1, ,0.9292,5.247,17.34,319,510.4
2035,     ,2037,2, ,         ,8.12,      .9767   .9  1.1      -2037,150,288
2035,     ,2037,4, ,         ,8.09,      .9767   .9  1.1      -2037,150,288
2037,     ,12042,1, ,0.0476,0.1199,0.03,108,172.8
2037,     ,14238,1, ,0.0658,0.2781,0.09,206,387.2
2037,     ,22042,2, ,0.0476,0.1199,0.03,108,172.8
2037,     ,24238,2, ,0.0658,0.2781,0.09,206,387.2
2038,     ,4135,1, ,         ,0.01,                                ,999,1598.4
2039,     ,4156,1, ,         ,0.01,                                ,999,1598.4
2039,     ,11973,1, ,1.9371,4.9963,1.32,80,128
2040,     ,626,1, ,         ,50.06,      1.032  .921.171       2040,24,38.4
2040,     ,626,2, ,         ,50.06,      1.032  .921.171       2040,24,38.4
2040,     ,13921,1, ,21.01,31.87,1.27,38,83.2
2040,     ,23921,2, ,21.01,31.87,1.27,38,83.2
2046,     ,2031,1, ,         ,36.486,                                ,54,86.4
2046,     ,22043,2, ,2.4583,5.79,0.25,89,166.4
2048,     ,3198,1, ,2.92,4.58,0.17,999,1598.4
2048,     ,9112,1, ,2.4583,5.79,0.25,89,166.4
2051,     ,2060,1, ,         ,63.9,1,25,40
2051,     ,2062,1, ,         ,14.82,1,30,48
2055,     ,9250,1, ,         ,39.88,      .9724  .85 1.15      -9250,25,40
2056,     ,2073,1, ,3.317,14.746,2.3944,137,280
2058,     ,2050,1, , T       ,67.55,0.993,14,22.4
2059,     ,1240,1, , T  2.708,10.322,0.6528,108,252.8
2059,     ,2056,1, ,3.229,14.355,0.1457,137,280
2061,     ,9675,1, ,         ,41.92,      1.014  .85 1.15      -9675,25,40
2063,     ,2058,1, ,2.52,7.36,0.12,14,22.4
2063,     ,2060,1, ,         ,85.9,1,10,16
2063,     ,2062,1, ,         ,-0.68,1,20,32
2064,     ,2060,1, ,         ,-2.85,1.061,35,56
2064,     ,2062,1, ,         ,24.4,1.061,50,80
2064,     ,2065,1, ,0.012,0.044,0.0106,108,252.8
2065,     ,9557,1, ,         ,11.54,      .9972 .7751.075      -9557,50,80
2067,     ,1332,1, ,2.19,6.66,0.0011,48,113.6
2068,     ,2067,1, ,         ,32.93,       .977.90651.078      -2067,35,56
2068,     ,2067,2,D,D        ,32.93,       .972.90651.078      -2067,35,56
2068,     ,2094,1, , T   3.58,10.9,2.69,97,155.2
2068,     ,2098,1, ,0.59,2.19,0.52,108,252.8
2070,     ,1233,1, ,         ,42.45,      .9854   .9   1.      -1233,20,32
2073,     ,2072,1, ,3.678,13.11,2.4855,97,225.6
2074,     ,1380,1, ,         ,40.55,      1.016 .8611.052      -1380,31,49.6
2076,     ,1280,1, ,2.52,6.33,1.72,134,259.2
2077,     ,1334,1, ,2.172,8.144,0.13,54,126.4
2077,     ,1339,1, ,0.905,3.091,0.025,54,126.4
2077,     ,9692,1, , T  4.984,12.422,0.017,62,118.4
2078,     ,1254,1, , T   1.92,9.63,17.27,340,636.8
2079,     ,2078,1, , T   .685,26.44,       .973.77511.075       2079,50,83.2
2079,     ,2078,2, , T   .628,26.62,       .973.77511.075       2079,50,83.2
2079,     ,2078,3, , T   .628,26.62,       .973.77511.075       2079,50,83.2
2079,     ,9219,1, ,8.42,31.19,0.5739,80,140.8
2079,     ,9219,2, ,8.42,31.19,0.5739,80,140.8
2081,     ,2083,4, ,         ,37.52,      .9875  .85 1.15      -2083,25,59.2
2081,     ,2083,5, ,         ,37.52,      .9875  .85 1.15      -2083,25,59.2
2081,     ,9715,1, ,0.46,0.83,0.01,30,48
2084,     ,2090,1, ,0.82,2.79,0.81,108,172.8
2089,     ,2093,1, ,         ,9.52,1,20,32
2090,     ,2076,1, ,1.08,2.65,0.75,134,259.2
2090,     ,2093,1, ,         ,16.01,0.996,60,96
2090,     ,3001,1, ,0.592,2.046,0.55,167,324.8
2090,     ,9215,1, ,0.54,1.87,0.501,167,324.8
2091,     ,2093,1, ,         ,-0.53,      1.003 .8611.052       2091,60,96
2094,     ,2055,1, ,3.97,9.09,2.17,82,131.2
2094,     ,2092,1, ,0.86,2.17,0.25,999,1598.4
2094,     ,9677,1, ,2.61,6.51,1.7,134,259.2
2098,     ,3000,1, ,0.63,1.62,0.2,108,172.8
2098,    D,9199,1,D,D     .17,0.61,0.13,108,252.8
2099,     ,2090,1, ,0.56,1.88,0.55,108,172.8
2100,     ,4255,1, ,1.115,3.97,1.069,128,259.2
2101,     ,2111,1, , T  15.34,20.22,0.307,30,56
2101,     ,2303,1, ,20.42,28.91,0.45,29,46.4
2102,     ,2248,1, ,25.37,38.03,0.55,22,43.2
2102,     ,2253,1, ,13.86,18.73,0.27,22,43.2
2103,     ,2179,1, , T   6.36,9.99,1.99,69,155.2
2103,     ,2276,1, ,0.69,1.06,0.22,69,155.2
2104,     ,2211,1, ,18.02,23.11,0.3,29,56
2104,     ,2242,1, ,7.53,17.29,0.25,24,38.4
2105,     ,2275,1, ,12.01,18.89,0.234,34,57.6
2105,     ,2279,1, ,6.34,9.55,0.13,34,76.8
2106,     ,2156,1, , T   2.73,9.25,2.61,101,230.4
2107,     ,2119,1, ,3.5767,9.0433,2.2033,103,187.2
2107,     ,2132,1, ,0.73,2.55,0.69,128,228.8
2107,     ,6589,1, ,1.15,3.17,0.82,101,230.4
2108,     ,2166,1, , T    .59,2.01,0.57,128,259.2
2110,     ,9650,1, ,0.2,0.627,0.174,179,336
2112,     ,2114,1, ,12.16,17.22,0.27,29,46.4
2112,     ,2303,1, ,5.73,8.12,0.126,29,46.4
2114,     ,2126,1, , T   6.15,10.01,0.142,29,46.4
2115,     ,2135,1, , T    .27,0.93,0.26,125,228.8
2115,     ,9625,1, ,2.409,7.664,2.157,125,228.8
2116,     ,2129,1, ,13.94,20.99,0.29,17,27.2
2117,     ,560,1, ,3.141,10.648,3.007,125,286.4
2117,     ,2128,1, ,1.615,5.64,1.546,125,286.4
2118,     ,2125,1, ,0.45,1.57,0.42,76,121.6
2119,     ,6587,1, ,4.174,10.553,2.571,103,206.4
2120,     ,2101,1, ,         ,20.67,0.98,45,72
2120,     ,2128,1, ,5.94,15.41,3.74,103,187.2
2123,     ,2175,1, ,6.79,10.23,0.14,22,40
2124,     ,2128,1, ,0.53,1.41,0.33,103,206.4
2124,     ,2306,1, ,4.27,11.3,2.64,103,206.4
2125,     ,2126,1, ,         ,27.84,      .9122 .9091.111      -2126,49,78.4
2125,     ,4267,1, ,2.423,6.13,1.543,76,121.6
2125,     ,11650,1, , T    .14,0.35,0.09,139,260.8
2125,     ,22650,1,D,D     .14,0.35,0.09,139,260.8
2126,     ,6581,1, ,4.604,11.567,0.182,38,88
2127,     ,2179,1, ,1.86,5.97,1.56,128,259.2
2127,     ,2344,1, , T   1.09,3.54,0.92,128,259.2
2128,     ,2129,1, ,         ,20.67,0.98,45,72
2128,     ,2137,1, ,3.04,7.38,1.83,103,187.2
2128,     ,2140,1, ,2.39,6.33,1.48,103,206.4
2128,     ,4253,1, ,0.953,3.052,0.812,103,206.4
2128,     ,9625,1, ,1.579,5.152,1.459,128,228.8
2129,     ,2101,1, ,46.37,64.4,0.997,33,65.6
2130,     ,2131,1, ,         ,21.24,       .956 .9091.111      -2131,42,67.2
2130,     ,2306,1, ,3.336,8.457,2.128,103,206.4
2130,     ,3100,1, ,2.86,7.03,1.75,101,230.4
2130,     ,3101,1, ,0.953,2.218,0.558,101,230.4
2131,     ,2308,1, ,41.51,33.04,0.48,22,43.2
2131,     ,4264,1, ,0.945,2.199,0.035,34,76.8
2132,     ,2135,1, , T   1.92,6.56,1.86,125,228.8
2132,     ,4258,1, ,4.133,7.448,1.724,69,155.2
2134,     ,2230,1, ,0.03,0.074,0.02,103,206.4
2134,     ,4241,1, ,0.025,0.062,0.017,103,206.4
2136,     ,560,1, ,2.073,8.819,2.484,101,228.8
2136,     ,2268,1, ,3.06,11.18,2.75,101,228.8
2137,     ,2256,1, ,1.25,3.11,0.83,103,187.2
2139,     ,2200,1, , T    .74,1.95,0.45,103,206.4
2140,     ,2306,1, ,2.41,6.38,1.49,103,206.4
2141,     ,2281,1, ,0.802,1.974,0.528,96,153.6
2141,     ,2296,1,D,D     .01,0.05,0.01,96,153.6
2141,     ,11630,1, ,0.31,0.77,0.21,139,260.8
2143,     ,22143,1,D,D    .173,0.584,0.165,128,204.8
2146,     ,2149,1, ,1.589,3.792,1.013,103,206.4
2146,     ,4261,1,D,D    .511,1.257,0.336,103,206.4
2147,     ,2148,1, ,         ,20,      1.019 .9091.111      -2148,42,81.6
2147,     ,2149,1, ,4.34,11.12,2.78,103,206.4
2147,     ,2159,1, , T   2.06,5.24,1.33,103,206.4
2148,     ,2167,1,D,DT  33.76,48.19,0.65,29,52.8
2149,     ,2174,1, ,1.75,4.53,1.11,103,206.4
2150,     ,2154,1, ,1.603,4.105,1.012,103,206.4
2150,     ,2172,1, , T  2.061,5.436,1.327,103,206.4
2151,     ,2157,1, ,7.49,11.44,0.159,29,52.8
2151,     ,2163,1, , T  19.03,28.04,0.381,29,52.8
2152,     ,2155,1, ,7.7,10.16,0.154,22,38.4
2152,     ,2167,1,D,D   94.38,101.5,1.4048,22,38.4
2153,     ,2174,1, ,3.7,9.66,2.31,103,206.4
2153,     ,2177,1, ,4.78,12.57,2.96,103,206.4
2155,     ,2163,1, ,11.53,17.35,0.237,22,38.4
2156,     ,2268,1, ,1.62,5.48,1.55,101,230.4
2157,     ,2169,1, ,12.61,17.84,0.237,29,52.8
2158,     ,2129,1,D,D   10.49,15.8,0.22,34,76.8
2160,     ,2166,1, ,1.13,3.03,0.71,103,206.4
2160,     ,2177,1, ,3.88,10.21,2.41,103,206.4
2161,     ,2178,1,D,D    .318,0.812,0.201,101,230.4
2161,     ,2298,1, ,0.78,2.025,0.485,103,206.4
2162,     ,2163,1, ,         ,23,      .9486 .9091.111      -2163,42,67.2
2162,     ,3106,1, ,2.35,8.34,2.16,125,286.4
2162,     ,3106,2, ,1.549,5.21,1.415,125,286.4
2162,     ,4222,1, ,0.456,0.353,0.102,129,206.4
2162,     ,14252,1, ,0.229,0.779,0.219,128,259.2
2162,     ,24252,1, ,0.229,0.779,0.219,128,259.2
2164,     ,2197,1, , T   .118,0.369,0.104,179,336
2164,     ,2216,1, ,0.141,0.439,0.123,179,336
2167,     ,2169,1, ,10.57,14.85,0.198,29,52.8
2168,     ,2165,1,D,DT  20.71,18.19,0.25,36,57.6
2170,     ,2134,1, ,0.329,0.809,0.216,103,206.4
2170,     ,2241,1, ,1.18,2.91,0.779,103,206.4
2173,     ,2190,1, ,0.321,1.163,0.287,125,286.4
2174,     ,4261,1, ,1.83,4.427,1.423,103,206.4
2175,     ,2165,1, ,9.84,8.02,0.11,22,40
2178,     ,4220,1, ,0.3694,1.3101,0.33664,125,228.8
2179,     ,2213,1, ,0.36,1.31,0.32,128,259.2
2179,     ,2239,1, ,1.29,3.4,0.8,103,206.4
2180,     ,4244,1, ,0.248,1.282,0.395,188,305.6
2180,     ,4287,1, , T    .26,1.34,0.404,188,305.6
2181,     ,4246,1, ,0.263,0.648,0.173,103,206.4
2181,     ,4247,1, ,0.26,1.394,0.429,188,305.6
2181,     ,4287,1, , T    .75,3.98,1.197,188,305.6
2183,     ,4240,1, ,0.412,1.042,0.264,103,206.4
2184,     ,2241,1, ,0.341,1.993,0.623,276,520
2185,     ,577,1, , T 3.8133,12.579,4.381,101,230.4
2186,     ,2225,1, ,2.54,3.58,0.06,26,41.6
2187,     ,2194,1, ,0.103,0.255,0.067,103,206.4
2188,     ,2222,1, ,0.17,0.91,0.24,188,360
2188,     ,6610,1, ,1.029,5.554,1.483,188,360
2189,     ,4248,1, ,0.299,0.73,0.198,103,206.4
2190,     ,6583,2, ,0.83,2.836,0.698,125,286.4
2191,     ,2203,1, ,0.09,0.23,0.06,103,206.4
2191,     ,2207,1, ,0.434,1.073,0.285,103,206.4
2191,     ,2212,1, ,0.24,0.61,0.17,121,209.6
2191,     ,2245,1, ,0.13,0.32,0.09,103,206.4
2191,     ,4276,1, ,         ,0.001,                                ,999,1598.4
2192,     ,2102,1, ,3.953,9.297,0.171,47,75.2
2192,     ,2235,1,D,DT   6.77,9.54,0.15,30,56
2193,     ,2209,1, ,1.5395,5,1.5317,103,206.4
2193,     ,2234,1,D,D  1.4101,2.111,1.1193,103,206.4
2194,     ,2219,1, ,0.545,1.845,0.643,103,206.4
2195,     ,6595,1, ,0.344,0.83,0.199,103,187.2
2196,     ,2187,1, ,0.406,0.994,0.268,103,206.4
2196,     ,2247,1, , T   .361,0.881,0.238,103,174.4
2197,     ,2219,1, ,0.18,0.56,0.158,179,336
2198,     ,2223,1,D,D    .695,1.711,0.457,103,206.4
2199,     ,4243,1, ,0.497,1.283,0.31,103,187.2
2199,     ,6595,1, , T   .341,0.843,0.2,144,268.8
2201,     ,577,1, ,0.244,1.199,0.369,249,468.8
2202,     ,2210,1, ,0.22,0.53,0.14,103,206.4
2202,     ,4248,1, ,1.232,3.009,0.814,103,206.4
2204,     ,2248,1,D,D    .651,3.303,0.059,50,91.2
2205,     ,2229,1, ,0.339,1.053,0.298,179,336
2206,     ,2240,1, , T    .44,1.13,0.29,103,206.4
2206,     ,4287,1, , T    .82,2.27,0.61,103,206.4
2207,     ,2198,1, ,1.161,2.857,0.764,103,206.4
2209,     ,577,1, ,1.122,2.77,0.74,101,230.4
2210,     ,4287,1, , T    .36,1.12,0.32,103,206.4
2213,     ,2238,1, ,1.47,3.85,0.92,103,206.4
2214,     ,2251,1, ,0.13,0.33,0.09,103,206.4
2215,     ,4250,2, ,0.612,2.209,0.545,125,286.4
2216,     ,2226,1,D,D    .748,1.848,0.493,103,206.4
2217,     ,2241,1, ,1.51,3.74,1,103,206.4
2217,     ,4263,1, ,0.178,0.439,0.121,103,206.4
2218,     ,577,1, ,0.694,2.857,0.814,101,204.8
2218,     ,626,1, ,8.29,21.38,5.2,96,184
2219,     ,2229,1, ,0.198,0.789,0.234,179,336
2219,     ,2307,1, , T    .42,2.33,0.67,191,366.4
2219,     ,4263,1,D,D    .647,1.591,0.462,103,206.4
2219,     ,4287,1, ,         ,3.957,                                ,119,230.4
2219,     ,6590,1, ,1.626,4.309,1.159,179,336
2221,     ,2241,1, , T   1.39,3.44,0.92,103,206.4
2221,     ,2250,1, ,1.203,2.961,0.791,103,206.4
2222,     ,2241,1, ,1.04,4.43,1.14,101,230.4
2222,     ,2241,2, ,1.04,4.43,1.14,188,360
2222,     ,2280,1, , T    .19,0.99,0.29,188,360
2224,     ,568,1,D,D   3.611,8.404,2.115,103,230.4
2224,     ,577,1, ,0.201,0.992,0.305,249,468.8
2224,     ,2225,1, ,         ,21.24,      1.008 .9091.111      -2225,42,86.4
2225,     ,2235,1, , T  22.16,28.81,0.46,30,56
2226,     ,2284,1, ,0.048,0.118,0.032,103,206.4
2227,     ,2234,1,D,DT  .6401,2.164,0.6129,103,206.4
2227,     ,2294,1, ,0.2373,0.584,0.1561,103,206.4
2228,     ,2252,1, ,0.08,0.18,0.049,103,206.4
2228,     ,4242,1, ,1.647,4.054,1.083,103,206.4
2231,     ,2223,1, ,0.74,1.821,0.487,103,206.4
2231,     ,2241,1, ,1.16,2.86,0.765,103,206.4
2232,     ,2234,2, ,0.592,2.141,0.528,125,286.4
2236,     ,2268,1, , T    .32,1.61,0.5,188,360
2237,     ,2195,1, ,3.006,6.844,1.863,103,187.2
2238,     ,2246,1, ,1.68,4.44,1.05,103,206.4
2240,     ,4257,1, ,0.334,0.816,0.221,103,206.4
2241,     ,171,1, ,0.01,0.04,0.01,150,300.8
2241,     ,171,2, ,0.01,0.04,0.01,149,300.8
2241,     ,171,3, ,0.01,0.04,0.01,149,300.8
2241,     ,171,4, ,0.01,0.04,0.01,150,300.8
2241,     ,2242,1, ,         ,21.24,      .9878 .9091.111      -2242,47,75.2
2241,     ,2243,1, ,0.49,2.86,0.897,276,520
2241,     ,6588,1, ,0.797,1.961,0.5239,103,206.4
2242,     ,2204,1, ,8.727,24.09,0.451,48,94.4
2245,     ,2189,1, ,0.299,0.73,0.198,103,206.4
2247,     ,2205,1, ,1.037,2.538,0.684,103,174.4
2247,     ,2248,1, ,         ,23,      1.049 .9091.111      -2248,42,81.6
2247,     ,2251,1,D,D     .71,1.77,0.47,103,206.4
2247,     ,2251,2,D,D     .71,1.77,0.47,103,206.4
2247,     ,2280,1, , T    .32,1.66,0.48,188,360
2248,     ,2253,1, , T  11.51,19.3,0.28,22,43.2
2249,     ,568,1, , T 1.7379,2.7558,0.7805,103,206.4
2249,     ,2294,1, ,0.2574,0.6333,0.1693,101,196.8
2250,     ,6610,1, ,0.361,1.777,0.546,249,468.8
2251,     ,2233,1, ,0.741,1.823,0.487,103,206.4
2254,     ,2259,1, ,39.3,43.4,0.645,34,76.8
2255,     ,2282,1, , T   1.52,5.36,1.43,86,152
2255,     ,4294,1, ,1.3,4.18,1.11,125,286.4
2256,     ,2285,1, ,2.47,6.7,1.56,103,187.2
2257,     ,187,1, ,6.2398,20.999,5.939,128,204.8
2257,     ,2260,1, , T    .94,3.22,0.91,128,204.8
2257,     ,4279,1, ,         ,24.27,      .9427 .9091.111  .32 -4279,42,67.2
2259,     ,2279,1, , T  13.49,20.31,0.277,34,76.8
2260,     ,2273,1, ,0.577,1.952,0.5521,128,204.8
2261,     ,2262,1, ,         ,24.27,      .9337 .9091.111      -2262,42,67.2
2261,     ,2262,2, ,         ,24.27,      .9337 .9091.111      -2262,42,67.2
2261,     ,6598,1, ,1.36,4.49,1.17,179,286.4
2262,     ,2272,1, ,3.18,4.79,0.07,19,30.4
2262,     ,2283,1, , T   7.99,24.77,0.411,34,76.8
2262,     ,3105,1, ,24.06,33.59,0.514,23,36.8
2263,     ,2292,1, ,3.71,9.24,2.36,103,206.4
2264,     ,2286,1, ,1.212,2.964,0.797,144,268.8
2264,     ,6599,1, , T    4.2,10.4,2.78,144,268.8
2265,     ,2262,1, , T  11.64,17.53,0.239,34,76.8
2266,     ,2290,1, , T    .62,1.63,0.38,103,206.4
2266,     ,2329,1, ,1.264,6.221,1.918,249,468.8
2266,     ,4299,1, ,0.375,1.843,0.568,249,468.8
2268,     ,2266,2, ,2.876,6.927,1.81,103,206.4
2268,     ,2285,1, , T   2.64,6.28,1.56,103,187.2
2268,     ,4227,1, ,2.042,5.288,1.264,103,206.4
2268,     ,4286,1, ,0.37,0.82,0.22,103,206.4
2269,     ,2277,1, ,1.24,3.2,0.8,103,206.4
2269,     ,2293,1, , T    .55,1.45,0.35,103,206.4
2270,     ,2349,1, ,0.91,2.39,0.57,103,206.4
2270,     ,4259,1, ,0.879,2.266,0.551,103,206.4
2271,     ,2282,1, ,1.86,4.61,1.233,103,206.4
2273,     ,2277,1, ,1.242,4.2,1.188,128,204.8
2274,     ,2277,1, , T     .1,0.55,0.17,129,228.8
2275,     ,2283,1, ,8.21,12.84,0.161,34,57.6
2277,     ,2278,1, ,         ,19.84,0.98,45,72
2277,     ,2287,1, ,0.015,0.083,0.024,103,206.4
2277,     ,6596,1, , T 4.3587,14.744,4.1662,128,204.8
2278,     ,2258,1, , T  12.59,13.69,0.222,13,20.8
2278,     ,3104,1, ,13.38,18.61,0.29,34,60.8
2282,     ,2264,3, ,5.548,13.386,3.578,101,230.4
2282,     ,2264,4, ,5.548,13.386,3.578,101,230.4
2282,     ,2283,1, ,         ,21.24,      1.044 .9091.111      -2283,45,72
2282,     ,2286,1, ,4.2,10.4,2.78,103,206.4
2282,     ,6597,1, ,0.3664,1.177,0.311,179,286.4
2282,     ,6599,1, ,0.4,0.99,0.26,103,206.4
2282,     ,8105,1, ,4.053,9.976,7.038,103,206.4
2283,     ,2265,1, ,8.03,12.09,0.165,34,76.8
2284,     ,2214,1, ,0.54,1.329,0.355,103,206.4
2284,     ,6604,1, ,0.44,0.95,0.27,103,206.4
2287,     ,564,1, ,0.668,3.611,1.115,188,307.2
2288,     ,2333,1, ,0.35,1.2,0.34,128,204.8
2292,     ,2343,1, ,2.48,6.26,1.6,103,206.4
2295,     ,2321,1, ,29.46,34.95,0.54,29,46.4
2296,     ,2297,1, ,         ,21.24,      .9691 .9091.111      -2297,42,67.2
2296,     ,4293,1, ,         ,0.24,      .9761 .9091.111      -4293,42,67.2
2296,     ,22630,2, ,0.32,0.83,0.22,139,260.8
2297,     ,2299,1, ,12.16,18.23,0.251,32,51.2
2300,     ,2163,1,D,D   42.36,56.47,0.852,30,59.2
2301,     ,2310,1, ,         ,0.001,                                ,477,763.2
2301,     ,2315,1, , T   5.03,12.69,3.271,103,206.4
2301,     ,2316,1, ,2.222,5.3,1.4166,125,216
2301,     ,2322,1, ,0.45,1.11,0.295,103,206.4
2302,     ,2309,1, ,8.91,12.94,0.19,29,57.6
2302,     ,2321,1, ,40.07,50.4,0.73,29,57.6
2304,     ,2299,1,D,D   11.42,15.95,0.2439,32,51.2
2304,     ,2305,1, , T   10.5,15.81,0.216,32,51.2
2306,     ,2130,2, ,3.336,8.457,2.128,103,206.4
2306,     ,2313,1, , T   2.93,7.74,1.81,144,268.8
2306,     ,2340,1, ,2.5,6.62,1.54,144,268.8
2306,     ,3111,1, ,1.311,8.024,2.08,249,468.8
2306,     ,4251,1, ,4.016,7.915,1.826,103,206.4
2308,     ,2321,1,D,D   15.29,23.01,0.32,22,43.2
2310,     ,2302,1, ,         ,22.52,      .9452 .9091.111      -2302,42,67.2
2310,     ,2313,1, , T   2.42,6.39,1.5,144,244.8
2310,     ,2320,1, , T  4.303,10.96,2.733,103,206.4
2310,     ,2340,1, , T   2.85,7.51,1.76,144,244.8
2311,     ,11653,1,D,D     .49,1.2,0.32,54,184
2311,     ,22653,1, ,0.49,1.2,0.32,54,184
2312,     ,6585,1, ,0.2549,0.6274,0.1676,101,230.4
2315,     ,8105,1, ,2.41,6.02,1.557,103,206.4
2317,     ,2327,1, , T  31.84,48.06,0.65,34,60.8
2318,     ,2295,1,D,D   22.33,24.62,0.44,29,46.4
2320,     ,4223,1, , T  2.394,6.177,1.515,103,206.4
2322,     ,3102,1, ,1.76,4.32,1.16,103,206.4
2323,     ,2319,1,D,D  24.542,34.18,0.525,29,46.4
2323,     ,2326,1, ,28.26,39.46,0.603,29,46.4
2324,     ,2334,1, , T  13.84,20.84,0.28,29,46.4
2325,     ,6598,1, ,0.51,1.77,0.45,179,286.4
2326,     ,2318,1, , T  19.49,27.21,0.416,29,46.4
2328,     ,2323,1, ,         ,21.24,      .9852 .9091.111      -2323,49,78.4
2328,     ,4292,2, ,         ,24.12,      .9551 .9091.111      -4292,45,72
2331,     ,2332,2, , T    .74,1.81,4.84,101,230.4
2333,     ,187,1, ,2.97,10.14,2.86,128,228.8
2336,     ,2246,1,D,D   1.333,3.445,0.821,100,230.4
2337,     ,11631,1, , T    .03,0.07,0.02,80,128
2337,     ,22631,1,D,D     .03,0.07,0.02,80,128
2342,     ,11646,1, ,0.08,0.2,0.05,101,230.4
2342,     ,22646,2,D,D     .08,0.2,0.05,101,230.4
2343,     ,689,1, ,         ,0.01,                                ,80,128
2343,     ,4249,1, ,0.284,0.719,0.182,103,206.4
2351,     ,2354,1, ,1.01,3.03,0.77,106,232
2351,     ,2413,1, ,0.33,1.47,0.556,154,246.4
2351,     ,9397,1, ,0.16,0.52,0.162,105,220.8
2353,     ,822,1, ,0.38,1.88,3.6298,299,478.4
2353,     ,2354,1, ,         ,10.867,      1.026.86961.043      -2354,75,180.8
2353,     ,2354,2, ,0.333,10.4,      1.026.86961.043      -2354,75,180.8
2353,     ,9332,1, ,         ,40.211,       1.02.86961.043      -9332,50,96
2353,     ,9700,2, ,         ,40.184,      1.013 .8691.043      -9700,50,96
2354,     ,2413,1, ,1.27,4.11,1.268,104,230.4
2354,     ,9708,1, ,0.03,0.16,0.059,137,308.8
2355,     ,2402,1, ,1.86,8.65,0.157,84,187.2
2355,     ,2406,1, , T   1.86,8.65,0.157,84,187.2
2355,     ,2427,1, ,1.53,3.25,0.063,35,83.2
2356,     ,2387,1, ,2.84,8.77,0.134,80,128
2356,     ,2478,1, ,2.22,6.05,0.147,64,102.4
2356,     ,2478,2, ,1.39,5.53,0.152,96,153.6
2356,     ,9402,1, ,1.24,4.35,0.089,67,107.2
2357,     ,2387,1, ,1.74,4.97,0.103,78,124.8
2357,     ,2387,2, ,1.83,4.96,0.114,78,124.8
2358,     ,2363,1, , T   2.03,6.26,0.095,80,128
2358,     ,2422,2, , T   1.46,4.23,0.073,80,128
2359,     ,2364,1, ,0.38,1.11,0.314,94,214.4
2359,     ,2375,1, ,1.12,2.54,0.726,71,168
2359,     ,2378,1, ,3.64,10.78,2.867,94,214.4
2359,     ,2391,1, ,0.62,1.91,0.546,94,214.4
2360,     ,2397,1, , T    .63,3.04,0.076,125,216
2360,     ,2397,2, , T    .76,3.8,0.094,124,198.4
2361,     ,2401,1, ,2.18,6.37,0.107,79,126.4
2361,     ,2401,2, ,3.72,10.79,0.185,79,126.4
2362,     ,2368,1, ,0.34,0.99,0.016,80,128
2362,     ,2370,1, ,0.45,1.33,0.0218,80,128
2363,     ,2366,1, ,3.7,12.47,0.239,67,107.2
2363,     ,2381,1, ,3.22,11.03,0.211,72,115.2
2363,     ,2393,1, ,15.15,34.57,0.605,37,84.8
2363,     ,2422,2, ,0.58,1.67,0.029,80,128
2363,     ,9400,1, , T   1.12,5.46,0.132,124,198.4
2364,     ,2391,1, ,0.4,1.27,0.37,102,214.4
2365,     ,2401,1, , T   2.04,6.96,0.275,48,105.6
2365,     ,2401,2, , T   2.04,6.96,0.275,48,105.6
2365,     ,2408,1, ,0.44,2.13,0.053,135,216
2366,     ,2387,1, ,1.97,6.54,0.139,67,107.2
2367,     ,2350,1, , T       ,43.5,1.072,20,32
2367,     ,2403,1, ,0.54,1.17,0.017,29,84.8
2368,     ,2358,1, ,1.87,5.41,0.093,79,126.4
2368,     ,2358,2, ,1.87,5.41,0.093,79,126.4
2368,     ,2411,1, ,0.27,0.83,0.013,80,128
2368,     ,2415,1, ,1.14,5.49,0.137,134,214.4
2368,     ,9401,1, ,2.5,12.3,0.286,107,171.2
2370,     ,2412,1, ,1.99,5.98,0.1202,80,128
2371,     ,2402,1, , T   1.36,5.2,0.083,37,73.6
2371,     ,2406,1, , T    2.4,5.31,0.083,37,86.4
2373,     ,2384,1, ,5.15,14.97,4.074,103,228.8
2374,     ,2352,1, , T       ,16.66,1.097,40,64
2374,     ,2376,1, ,10.92,22.82,0.341,36,84.8
2374,     ,2403,1, ,6.03,12.66,0.188,36,84.8
2378,     ,2389,1, ,4.7,14.39,3.542,107,233.6
2379,     ,2383,1, ,3.12,9.18,2.519,100,225.6
2379,     ,2410,1, ,0.67,2.34,0.742,100,211.2
2380,     ,2385,1, ,1.23,6.57,0.163,94,198.4
2380,     ,9320,1, ,1.08,5.21,0.13,107,171.2
2381,     ,2387,1, ,1.72,6.22,0.141,63,107.2
2383,     ,2384,1, ,0.39,1.13,0.309,101,227.2
2383,     ,2390,1, ,2.08,6.06,1.658,87,161.6
2383,     ,2390,2, ,2.11,6.16,1.662,101,227.2
2383,     ,2410,1, ,3.7,11.07,3.084,101,212.8
2383,     ,2416,1, ,0.35,1.54,0.5838,93,212.8
2384,     ,2416,1, ,0.28,0.85,0.263,87,139.2
2385,     ,2407,1, , T   1.24,3.38,0.084,66,105.6
2386,     ,2397,1, ,1.15,5.27,0.128,107,193.6
2386,     ,9436,1, ,0.54,2.57,0.064,124,198.4
2387,     ,2419,1, ,2.5,8.06,0.16,52,83.2
2387,     ,2419,2, ,2.57,8.38,0.168,52,83.2
2388,     ,2374,1, , T  26.86,45.15,0.679,27,43.2
2388,     ,2374,2, , T  26.86,45.15,0.679,27,43.2
2388,     ,2402,1, ,2.48,7.01,0.128,63,126.4
2388,     ,2402,2, ,4.27,12.21,0.217,79,126.4
2389,     ,9431,1, ,0.03,0.07,0.02,107,233.6
2392,     ,2430,1, ,3.07,10.13,0.2196,71,144
2397,     ,2415,1, ,0.84,4.04,0.101,123,196.8
2397,     ,9400,1, , T    .58,2.91,0.083,135,216
2398,     ,2401,1, ,3.62,10.9,0.174,51,113.6
2398,     ,2409,1, ,7.04,6.28,0.088,23,49.6
2398,     ,9320,1, ,2.85,11.44,0.311,107,171.2
2400,     ,2356,1, , T   2.34,6.77,0.117,67,107.2
2400,     ,2401,1, ,1.7,4.94,0.086,67,107.2
2401,     ,9402,1, ,3.66,11.17,0.213,67,107.2
2401,     ,9419,1, ,2.27,7.81,0.148,79,126.4
2402,     ,2406,1, ,         ,0.01,                                ,190,304
2402,     ,9439,1, ,3.22,8.72,0.177,79,126.4
2406,     ,2412,1, ,1.8,5.41,0.099,79,126.4
2411,     ,9360,1, ,0.07,0.2,0.003,79,126.4
2414,     ,2478,1, ,1.33,5.29,0.146,69,110.4
2417,     ,2437,1, ,0.76,2.47,0.694,108,172.8
2417,     ,2479,1, ,0.64,2.4,0.769,105,168
2418,     ,2423,1, ,6.64,19.24,5.28,104,230.4
2420,     ,2446,1, ,6.89,13.2,0.234,37,86.4
2421,     ,2423,1, , T   1.74,5.26,1.334,118,220.8
2423,     ,2426,1, ,0.16,0.49,0.122,135,216
2423,     ,2428,1, ,2.46,7.98,2.037,109,235.2
2423,     ,2435,1, ,         ,84.8,      .9834.8261   1.      -2435,20,32
2423,     ,2440,1, ,0.56,1.7,0.425,103,228.8
2423,     ,2444,1, ,1.55,4.56,1.226,109,235.2
2423,     ,9323,1, ,         ,82.957,      .9443  .85 1.05      -9323,20,32
2427,     ,2358,1, ,3.02,8.72,0.163,35,83.2
2429,     ,2489,1, , T   4.46,13.01,3.556,96,222.4
2431,     ,2432,1, ,         ,53.52,      .9771.8261   1.      -2432,41,65.6
2431,     ,2432,2, ,         ,53.26,      .9771.8261   1.      -2432,41,65.6
2431,     ,2432,3, ,         ,53.68,      .9771.8261   1.      -2432,41,65.6
2431,     ,2485,1, , T   7.78,16.45,3.821,106,206.4
2433,     ,2373,1, ,2.22,6.79,1.672,87,212.8
2433,     ,2383,1, ,2.57,7.57,2.007,87,212.8
2436,     ,2437,1, ,2.53,7.45,2.02,96,153.6
2437,     ,9710,1, ,0.11,0.34,0.087,107,171.2
2439,     ,10040,1, ,2.1,6.3,1.6025,90,216
2442,     ,2443,1, ,3.28,10.04,2.473,93,148.8
2442,     ,9422,1, ,1.91,5.56,1.51,105,232
2443,     ,9184,1, ,         ,0.1,                                ,999,1598.4
2445,     ,9407,1, ,6,13.59,3.277,67,164.8
2446,     ,2449,1, , T   5.88,11.27,0.1998,39,86.4
2447,     ,843,1, ,0.17,6.53,      .9541   .9  1.1       2447,150,312
2447,     ,843,2, ,0.167,6.427,      .9541   .9  1.1       2447,150,312
2448,     ,2452,1, ,4.93,15.04,3.722,103,228.8
2448,     ,9759,1, ,2.12,6.17,1.682,99,225.6
2450,     ,858,1, , T    .32,1.69,0.669,186,392
2450,     ,2447,1, , T    .11,0.62,0.211,186,392
2451,     ,2456,1, ,75.37,76.95,1.04,23,54.4
2454,     ,2476,1, ,0.54,2.65,0.644,180,358.4
2454,     ,9759,1, ,3.19,9.28,2.525,104,230.4
2455,     ,1061,1, ,17.97,42.21,0.76,33,52.8
2456,     ,2469,1, , T  64.38,65.73,0.89,23,54.4
2458,     ,843,1, ,1.887,10.6,21.03,284,454.4
2458,     ,896,1, ,0.0139,1.2704,      1.026   .9  1.1       2458,600,1193.6
2458,     ,896,2, ,0.0101,1.2229,      1.026   .9  1.1       2458,600,1193.6
2458,     ,896,3, ,0.0143,1.2729,      1.026   .9  1.1       2458,600,1152
2458,     ,977,1, , T       ,0.01,                                ,350,604.8
2459,     ,2383,1, ,0.11,6.4032,      1.042.86961.043      -2383,150,312
2459,     ,2383,2, ,0.14,6.54,      1.042 .8691.043      -2383,150,312
2460,     ,2468,1, ,1.06,3.09,0.842,99,219.2
2460,     ,2484,1, ,3.87,11.26,3.059,99,219.2
2460,     ,9423,1, ,0.83,1.76,0.407,78,176
2460,     ,9424,1, ,2.92,8.49,2.304,99,225.6
2461,     ,2471,1, ,2.66,6.59,0.082,38,86.4
2464,     ,2485,1, ,         ,-0.19,1,150,312
2464,     ,9334,1,D,D        ,43.43,1,60,96
2467,     ,2471,1, , T   3.17,6.43,0.102,32,68.8
2468,     ,9355,1, ,1.87,5.71,1.405,99,224
2469,     ,2471,1, ,37.15,37.93,0.512,21,35.2
2470,     ,2484,1, , T   3.15,9.6,2.371,79,204.8
2472,     ,2473,1, ,0.85,2.08,0.536,123,211.2
2476,     ,807,1, ,0.56,2.77,0.672,182,360
2476,     ,2475,1, , T       ,8.955,1.05,134,214.4
2477,     ,2478,1, ,0.336,17.846,      1.021.86961.043      -2478,150,312
2477,     ,2478,2, ,0.356,17.593,      1.021.86961.043      -2478,150,312
2478,     ,2385,1, ,3.66,11.96,2.784,71,144
2478,     ,2392,1, , T   2.75,8.24,0.138,64,102.4
2478,     ,2392,2, ,0.19,6.41,1.549,72,145.6
2482,     ,860,1, ,3.21,9.33,2.538,129,246.4
2482,     ,888,1, ,3.58,10.68,2.786,129,246.4
2485,     ,2481,1, , T       ,70.24,1.055,46,73.6
2485,     ,9425,1, ,5.88,17.12,4.653,104,230.4
2486,     ,9426,1, , T    .23,1.02,0.386,128,204.8
2490,     ,9426,1, ,0.22,0.95,0.361,128,204.8
2494,     ,2359,1, , T   2.39,7,1.958,142,252.8
2497,     ,9539,1, ,0.51,2.33,0.78,120,192
2498,     ,2499,1, ,         ,13.67,      1.008 .8051.123      -2499,60,96
2501,     ,237,1, ,1.6,6.05,1.628,160,281.6
2501,     ,2513,1, , T    1.1,3.88,1.036,160,281.6
2502,     ,236,1, ,0.437,1.545,0.408,160,281.6
2502,     ,236,2, ,0.437,1.545,0.408,160,281.6
2502,     ,2503,1, ,2.946,7.559,1.888,127,224
2502,     ,2506,1, ,1.338,3.432,0.858,96,168
2502,     ,2511,1, ,0.64,1.65,0.414,125,220.8
2502,     ,2554,1, ,         ,29.9,       .983 .8661.047      -2554,40,76.8
2502,     ,2554,2, ,         ,29.9,       .983 .8661.047      -2554,40,76.8
2505,     ,2504,1,D,D   1.169,2.996,0.749,96,168
2505,     ,2507,1, ,0.02,0.051,0.013,96,168
2505,     ,2511,1, ,0.71,1.82,0.455,125,220.8
2506,     ,2504,1, ,1.169,2.996,0.749,96,168
2506,     ,2507,1, ,0.02,0.051,0.013,96,168
2508,     ,236,1, ,0.315,1.121,0.297,160,281.6
2508,     ,236,2, ,0.315,1.121,0.297,160,281.6
2508,     ,2531,1, ,         ,26.7,0.975,50,96
2510,     ,237,1, ,1.26,6.1,1.872,186,328
2510,     ,2527,1, ,0.38,1.45,1.104,160,281.6
2510,     ,3612,1, ,         ,50,      1.011   .9  1.1      -3612,32,68.8
2510,     ,3612,2, ,         ,50,      1.011   .9  1.1      -3612,32,68.8
2513,     ,236,1, ,1.42,5.01,1.324,160,281.6
2513,     ,236,2, ,1.416,5.009,1.324,160,281.6
2513,     ,236,3, ,1.42,5.01,1.324,160,281.6
2513,     ,2514,1, ,1.05,3.714,0.981,160,281.6
2513,     ,2515,1, ,0.34,1.19,0.33,160,281.6
2513,     ,2518,1, ,1.62,5.73,1.515,160,281.6
2513,     ,2519,1, ,1.26,4.46,1.179,160,281.6
2513,     ,2570,1, ,         ,20.6,      .9912  .87 1.04      -2572,66,115.2
2513,     ,2592,1, ,         ,20.87,      1.008  .871.044      -2572,67,115.2
2513,     ,2593,1, ,         ,21.11,      1.008  .871.044      -2572,67,115.2
2513,     ,2594,1, ,         ,19.85,      1.009  .871.044      -2572,67,115.2
2514,     ,2521,1, ,0.1527,0.627,7.1581,186,328
2514,     ,2573,1, ,         ,29.87,0.957,40,80
2514,     ,3625,1, ,         ,57.75,      1.049   .9  1.1      -3625,32,56
2514,     ,3625,2, ,         ,59,      1.049   .9  1.1      -3625,32,56
2514,     ,3625,3, ,         ,59,      1.049   .9  1.1      -3625,32,56
2515,     ,2514,1, ,0.71,2.52,0.667,160,281.6
2515,     ,3645,1, ,         ,0.59,      1.005   .9  1.1      -3645,32,68.8
2515,     ,3645,2, ,         ,0.59,      1.005   .9  1.1      -3645,32,68.8
2518,     ,2535,1, ,         ,26.7,0.95,50,96
2518,     ,2535,2, ,         ,26.7,0.95,50,96
2519,     ,2517,1, ,0.35,1.25,0.329,160,281.6
2520,     ,2566,1, ,0.5,2.01,0.631,186,328
2522,     ,3611,1, ,         ,59,      .9499   .9  1.1      -3611,32,68.8
2523,     ,237,1, ,1.02,3.61,0.955,160,281.6
2523,     ,2558,1, ,0.73,2.7,0.761,160,297.6
2524,     ,2525,1, ,1.92,7.38,2.01,160,281.6
2524,     ,2559,1, ,0.001,0.001,0.001,160,297.6
2525,     ,2514,1, ,1.26,4.82,4.207,160,281.6
2526,     ,2524,1, ,1.2,5.77,5.23,440,774.4
2526,     ,3641,1, ,         ,9.025,1.025,140,224
2527,     ,2521,1, ,0.58,2.13,2.73,160,281.6
2528,     ,2525,1, ,3.474,18.14,9.867,325,572.8
2528,     ,3642,1, ,         ,23.08,1.025,102,163.2
2529,     ,2530,1, ,2.79,5.84,0.154,63,112
2529,     ,3634,1, ,         ,80,                                ,25,52.8
2529,     ,3634,2, ,         ,80,                                ,25,52.8
2530,     ,2537,1, ,11.703,24.46,0.645,63,112
2530,     ,2538,1, ,14.9,31.15,0.821,63,112
2531,     ,2532,1, ,2.79,5.84,0.153,88,140.8
2532,     ,2533,1, ,4.19,8.76,0.231,88,140.8
2535,     ,2529,1, ,7.45,15.57,0.411,63,112
2535,     ,2536,1, ,7.137,12.22,0.208,29,46.4
2535,     ,2536,2, ,7.137,12.22,0.208,29,46.4
2538,     ,3631,1, ,         ,80,      1.029  .95  1.1      -3631,13,24
2541,     ,221,1, , T   6.95,14.57,0.029,23,36.8
2541,     ,221,2, , T   6.95,14.57,0.029,23,36.8
2541,     ,221,3, , T   6.95,14.57,0.029,23,36.8
2541,     ,2543,1, ,2.62,5.93,0.57,24,41.6
2541,     ,3613,1, ,         ,30.65,1,25,46.4
2541,     ,3613,2, ,         ,29.05,1,25,46.4
2541,     ,3613,3, ,         ,32.25,1,25,46.4
2542,     ,221,1, ,8.13,19.11,0.352,23,36.8
2542,     ,221,2, ,8.13,19.11,0.352,23,36.8
2542,     ,221,3, ,8.13,19.11,0.352,23,36.8
2542,     ,2543,1,D,D    4.71,7.53,0.319,12,22.4
2542,     ,2561,1,D,D    4.71,7.53,0.319,12,22.4
2542,     ,3614,1, ,         ,32.25,1,25,46.4
2542,     ,3614,2, ,         ,32.05,1,25,46.4
2542,     ,3614,3, ,         ,29.95,1,25,46.4
2543,     ,2561,1,D,D        ,0.01,                                ,999,1598.4
2543,     ,3617,1, ,         ,30.65,1,25,49.6
2544,     ,221,1, ,7.83,16.36,0.024,32,56
2544,     ,2546,1, ,0.21,0.43,0.001,32,56
2545,     ,221,1, ,7.83,16.36,0.024,32,56
2545,     ,2562,1, ,0.21,0.43,0.001,32,56
2546,     ,2562,1,D,D        ,0.01,                                ,999,1598.4
2546,     ,3605,1, ,         ,30.65,1,25,46.4
2554,     ,2544,1,D,D    9.75,20.36,0.031,32,56
2554,     ,2545,1,D,D    9.75,20.36,0.031,32,56
2554,     ,2557,1, ,86.69,123.84,0.049,20,35.2
2554,     ,2557,2, ,86.69,123.84,0.049,20,35.2
2556,     ,2520,1, ,0.1,0.42,4.731,160,281.6
2556,     ,2560,1, ,0.09,0.35,3.992,160,281.6
2558,     ,3647,1, ,         ,59,      .9849  .95  1.1      -3647,32,68.8
2558,     ,3647,2, ,         ,59,      .9849  .95  1.1      -3647,32,68.8
2559,     ,2558,1, , T     .5,1.91,0.519,160,297.6
2560,     ,2514,1, ,0.04,0.18,2.07,160,281.6
2561,     ,3661,1, ,         ,28.7,1,25,49.6
2562,     ,3662,1, ,         ,30.35,0.95,25,46.4
2563,     ,221,1, ,1.57,4,0.084,34,57.6
2563,     ,2572,1,D,D    12.7,24.04,0.034,27,43.2
2563,     ,3663,1, ,         ,30.05,0.95,25,46.4
2566,     ,2513,1, ,0.17,0.59,0.155,186,328
2566,     ,3666,1, ,         ,59,      .9982   .9  1.1      -3666,32,68.8
2566,     ,3666,2, ,         ,59,      .9982   .9  1.1      -3666,32,68.8
2570,     ,2572,1, ,         ,-1.4,1,66,115.2
2572,     ,2574,1, ,11.665,24.367,0.036,25,43.2
2572,     ,2574,2, ,11.665,24.367,0.036,25,43.2
2572,     ,2574,3, ,11.665,24.367,0.036,25,43.2
2572,     ,2575,1, ,7.031,14.687,0.022,25,43.2
2572,     ,2575,2, ,7.031,14.687,0.022,25,43.2
2572,     ,2575,3, ,7.031,14.687,0.022,25,43.2
2572,     ,2580,1,D,D    12.7,24.04,0.034,27,43.2
2572,     ,2584,1, ,18.793,33.204,0.047,27,48
2572,     ,2585,1, ,18.793,33.204,0.047,27,48
2573,     ,2576,1, ,0.818,3.151,0.224,23,40
2573,     ,2576,2, ,0.82,3.15,0.224,23,40
2574,     ,2576,1, ,3.071,6.584,0.329,18,32
2574,     ,3615,1, ,         ,30.2,1,25,46.4
2574,     ,3615,2, ,         ,28.7,1,25,46.4
2574,     ,3615,3, ,         ,30,1,25,46.4
2575,     ,2576,1, ,3.626,13.955,0.994,24,41.6
2575,     ,3616,1, ,         ,30.15,1,25,52.8
2575,     ,3616,2, ,         ,30.55,1,25,52.8
2575,     ,3616,3, ,         ,29.35,1,25,52.8
2576,     ,2543,1,D,D    7.29,11.68,0.495,12,22.4
2576,     ,2561,1, , T   7.29,11.68,0.495,12,22.4
2576,     ,3618,1, ,         ,29.55,1,25,46.4
2576,     ,3618,2, ,         ,29.35,1,25,46.4
2577,     ,2579,1, ,1.245,0.941,0.193,20,35.2
2577,     ,2595,1,D,DT  16.94,35.39,0.052,30,48
2578,     ,2579,1, ,1.245,0.941,0.193,20,35.2
2578,     ,2596,1,D,DT  16.94,35.39,0.052,30,48
2579,     ,3619,1, ,         ,64,0.957,13,22.4
2579,     ,3619,2, ,         ,64,0.957,13,22.4
2580,     ,221,1, , T   1.57,4,0.084,34,57.6
2580,     ,2563,1, ,         ,0.01,                                ,999,1598.4
2580,     ,3620,1, ,         ,28.75,1,25,46.4
2581,     ,2595,1, ,0.32,0.668,0.001,32,56
2581,     ,2596,1, ,0.32,0.668,0.001,32,56
2581,     ,3621,1, ,         ,29.95,0.957,25,52.8
2581,     ,3621,2, ,         ,29.95,0.957,25,52.8
2582,     ,3622,1, ,         ,31,0.913,20,40
2582,     ,3622,2, ,         ,30,0.913,20,40
2583,     ,2588,1,D,D  21.906,37.509,0.053,30,48
2583,     ,3628,1, ,         ,30.5,0.913,25,52.8
2583,     ,3628,2, ,         ,30.5,0.913,25,48
2584,     ,2583,1, ,22.71,38.887,0.055,27,48
2584,     ,2586,1, ,1.608,2.753,0.004,19,30.4
2585,     ,2583,1, ,22.71,38.887,0.055,27,48
2585,     ,2586,1,D,D   1.608,2.753,0.004,19,30.4
2587,     ,2572,1, ,15.021,31.377,0.046,32,56
2587,     ,2577,1, ,10.249,17.55,0.024,27,48
2587,     ,2584,1,D,D    .799,1.669,0.002,32,56
2588,     ,2572,1, ,15.021,31.377,0.046,32,56
2588,     ,2578,1, ,10.249,17.55,0.024,27,48
2588,     ,2585,1,D,D    .799,1.669,0.002,32,56
2590,     ,8910,1, ,         ,10.71,1,112,179.2
2590,     ,8911,1, ,         ,10.71,1,112,179.2
2591,     ,2573,1, , T  22.92,21.49,0.897,27,46.4
2591,     ,2573,2, , T  22.92,21.49,0.897,27,46.4
2591,     ,2582,1, ,21.94,45.73,0.068,32,56
2591,     ,2595,1,D,DT  3.196,6.677,0.01,32,56
2591,     ,2596,1, , T  3.196,6.677,0.01,32,56
2591,     ,3623,1, ,         ,88.74,1,11,17.6
2591,     ,3623,2, ,         ,88.51,1,8,16
2591,     ,3623,3, ,         ,87.47,1,8,16
2592,     ,2572,1, ,         ,-1.47,1,67,107.2
2593,     ,2572,1, ,         ,-1.49,1,67,107.2
2594,     ,2572,1, ,         ,-1.27,1,67,107.2
2598,     ,3640,1, ,         ,29.7,0.94,20,40
2599,     ,2525,1, ,         ,29.9,      .9239   .9  1.1       2599,40,76.8
2599,     ,2582,1, ,10.87,22.7,0.033,32,56
2599,     ,2595,1, ,24,50,0.57,27,46.4
2599,     ,2598,1, ,7.19,15.02,0.022,32,56
2603,     ,2691,1, ,         ,17.25,1,14,22.4
2605,     ,2604,1, ,0.037,0.095,0.023,140,224
2605,    D,3041,1,D,D    .006,0.016,0.004,140,224
2606,     ,2607,1, ,         ,38,0.975,36,57.6
2606,     ,2645,1, ,2.26,8.05,2.092,143,228.8
2606,     ,2655,1, , T   2.48,8.83,2.294,143,228.8
2607,     ,2627,1,D,D    6.32,8.19,0.104,22,35.2
2607,     ,2627,2, ,6.34,8.88,0.142,41,65.6
2609,     ,2620,1, ,2.1,5.42,1.333,142,227.2
2609,     ,2622,1, ,0.3,1.25,0.344,137,219.2
2609,     ,2626,1, ,0.8,1.8,0.465,95,152
2610,     ,2609,1, ,         ,19.39,       1.01   .9  1.1       2610,83,132.8
2611,     ,2609,1, ,         ,40.03,      .9691   .9  1.1       2611,37,59.2
2612,     ,8900,1, ,         ,41.16,1,33,52.8
2612,     ,8900,2, ,         ,53.96,0.98,33,52.8
2612,     ,8901,1, ,         ,41.04,1,43,68.8
2612,     ,8901,2, ,         ,53.2,1,33,52.8
2612,     ,8903,1, ,         ,35.6,1,50,80
2612,     ,8903,2, ,         ,35.7,1,50,80
2613,     ,2638,1, , T    .62,2.27,0.755,95,152
2613,     ,2638,2, ,0.62,2.27,0.755,95,152
2614,     ,2635,1, ,4.25,17.38,4.628,95,152
2614,     ,2635,2, ,4.25,17.38,4.628,95,152
2614,     ,2639,1, ,2.42,5.15,1.178,120,192
2614,     ,2663,1, ,0.5,1.291,0.318,65,104
2614,     ,2697,1, ,         ,30.87,      1.044   .9  1.1      -2616,40,64
2614,     ,2915,1, ,0.503,1.345,0.305,65,104
2615,     ,2614,1, ,         ,29.8,1.025,50,80
2615,     ,2614,2, ,         ,29.94,1.025,50,80
2615,     ,2686,1, ,10.36,12.06,0.166,44,70.4
2615,     ,2688,1, ,6.98,6.51,0.115,50,80
2616,     ,2697,1, ,         ,-2.43,1.004,40,64
2617,     ,2697,1, ,         ,17.03,1,14,22.4
2619,     ,2608,1, ,         ,-0.298,      1.012   .9  1.1       2619,225,486.4
2619,     ,2609,1, ,0.681,2.696,0.714,137,219.2
2619,     ,2618,1, ,         ,-0.298,      1.012 .8961.095       2619,225,486.4
2619,     ,2622,1, ,0.371,1.52,0.405,191,305.6
2619,     ,2628,1, ,         ,-0.31,      1.012   .9  1.1       2619,225,486.4
2619,     ,2635,1, ,1.78,7.3,1.945,132,211.2
2619,     ,2685,1, ,0.34,1.37,0.364,132,211.2
2619,     ,3009,1, ,0.74,6.21,0.664,137,219.2
2619,     ,3016,1, ,0.74,6.21,0.664,137,219.2
2620,     ,2624,1, ,0.63,2.24,0.583,154,246.4
2620,     ,2666,1, , T    .15,0.87,0.244,236,377.6
2620,     ,2666,2, , T    .15,0.87,0.244,236,377.6
2620,     ,2666,3, , T     .2,0.76,0.361,284,454.4
2620,     ,2666,4, , T     .2,0.76,0.361,284,454.4
2620,     ,2682,1, ,0.7,1.81,0.445,142,227.2
2620,     ,2683,1, ,0.7,1.81,0.445,142,227.2
2620,     ,2691,1, ,         ,31.22,1.025,40,64
2620,     ,2692,1, ,         ,32.13,1.025,40,64
2620,     ,2907,1, ,0.5,1.29,0.317,142,227.2
2620,     ,2912,1, ,0.8,2.86,0.51,154,246.4
2620,     ,3043,1, ,0.29,1.11,0.53,253,404.8
2620,     ,3044,1, ,0.29,1.11,0.53,253,404.8
2621,     ,2691,1, ,-2.68,-2.68,1.052,40,64
2622,     ,2680,1, ,2.62,9.11,2.562,137,219.2
2623,     ,2631,1, , T    1.6,4.39,0.956,97,155.2
2623,     ,2904,1, ,6.73,26.62,1.046,120,192
2624,D    ,2637,1,D,D    .026,0.092,0.024,193,308.8
2625,     ,2666,1, ,1.48,6.03,1.612,138,220.8
2626,     ,2680,1, ,4.11,8.45,2.174,107,171.2
2627,     ,2646,1, ,27.9,41.15,0.59,22,35.2
2629,     ,8905,1, ,         ,14.5,1.038,80,128
2629,     ,8905,2, ,         ,10.5,1.038,80,128
2629,     ,8909,1, ,         ,3.33,1.038,115,184
2629,     ,8909,2, ,         ,3.33,1.038,115,184
2630,     ,2609,1, , T     .1,0.42,0.115,137,219.2
2630,     ,2662,1, ,0.22,0.89,0.239,137,219.2
2633,     ,2632,1, ,0.02,0.03,0.001,17,27.2
2633,     ,2679,1, ,22.43,29.09,0.369,22,35.2
2634,     ,2637,1, ,0.234,0.828,0.216,193,308.8
2635,     ,2656,1, ,2.93,6.26,1.433,120,192
2635,     ,2674,1, ,2.26,4.73,1.122,120,192
2635,     ,2685,1, ,1.52,6.25,1.667,132,211.2
2635,     ,2908,1, ,2.76,6.06,1.45,120,192
2637,     ,2636,1, ,0.488,1.984,0.53,193,308.8
2639,     ,2640,1, ,2.76,5.88,1.345,47,75.2
2639,     ,2665,1, ,2.42,6.22,1.506,120,192
2642,     ,2652,1, ,         ,29.7,      1.091 .9231.128       2642,50,80
2642,     ,2652,2, ,         ,29.32,      1.091 .9231.128       2642,50,80
2642,     ,2677,1, ,14.34,18.58,0.236,22,35.2
2643,     ,2644,1, ,1.92,4.93,1.226,100,160
2645,     ,2634,1, ,3.78,13.49,3.507,143,228.8
2645,     ,2655,1, , T   4.73,16.88,4.386,143,228.8
2645,     ,2693,1, ,         ,33.87,      1.055   .9  1.1      -2646,50,80
2645,     ,2694,1, ,         ,31.61,      .9745   .9  1.1      -2647,20,32
2645,     ,2922,1, ,4.113,10.603,2.685,99,158.4
2645,     ,3040,1, ,3.7,8.78,2.158,140,224
2645,     ,3065,1, ,1.496,3.832,0.942,135,216
2646,     ,2633,1, ,20.56,26.62,0.338,22,35.2
2646,     ,2693,1, ,         ,-4.17,1,50,80
2646,     ,2694,1,D,D        ,-2.93,1,24,38.4
2647,     ,2693,1,D,D        ,25.88,1,16,25.6
2647,     ,2694,1, ,         ,65.07,1,12,19.2
2648,     ,2644,1, ,         ,29.8,1.025,50,80
2648,     ,2673,1, ,13.98,35.96,0.56,50,80
2648,     ,2929,1, ,12.36,17.29,0.278,37,59.2
2649,     ,2645,1, ,0.953,3.401,0.884,154,246.4
2651,     ,2692,1, ,         ,-2.9,1.052,40,64
2652,     ,2680,1, ,2.93,11.21,2.575,80,128
2653,     ,2645,1, ,5.48,14.13,3.4999,99,158.4
2653,     ,2920,1, ,1.131,2.92,0.722,141,225.6
2653,     ,2922,1, ,1.467,3.783,0.937,99,158.4
2653,     ,3028,1, ,5.55,14.51,2.42,69,110.4
2653,     ,9025,1, ,2.17,13.48,3.93,260,416
2654,     ,2655,1, ,         ,6.55,       .975           .001      ,300,608
2654,     ,2910,1, ,2.1651,9.8232,18.85,235,473.6
2654,     ,4043,2, , T   .228,1.09,2.0534,339,620.8
2655,     ,2600,1, ,         ,5.872,1.045,203,324.8
2655,     ,2676,1, ,6.94,19.12,4.13,96,153.6
2655,     ,2925,1, ,0.07,0.168,0.062,143,228.8
2655,     ,3015,1, ,2.88,7.85,0.468,125,200
2655,     ,3015,2, ,2.88,7.85,0.468,125,200
2656,     ,2665,1, ,2.15,5.64,1.373,120,192
2656,     ,2902,1, ,1.6,4.39,0.956,118,188.8
2657,     ,2692,1, ,         ,17.87,1,14,22.4
2658,     ,2643,1, , T   2.65,6.81,1.692,69,110.4
2658,     ,2661,1, ,         ,49.18,      .9567 .8561.047      -2661,41,65.6
2658,     ,2676,1, ,4.34,11.97,2.585,97,155.2
2658,     ,2695,1, ,         ,15.72,      1.023   .9  1.1      -2659,40,64
2658,     ,2914,1, ,4.494,12.38,2.675,71,113.6
2659,     ,2695,1, ,         ,-1.45,1,40,64
2659,     ,2913,1, ,22.41,33.12,0.473,26,41.6
2660,     ,2635,1, ,         ,39.44,      1.001   .9  1.1       2660,33,52.8
2660,     ,2635,2, ,         ,39.6,      1.001   .9  1.1       2660,33,52.8
2660,     ,2635,3, ,         ,63.6,      1.001   .9  1.1       2660,20,32
2660,     ,2671,1, ,7.46,19.63,0.003,24,38.4
2663,     ,2641,1, ,0.24,0.62,1.153,65,104
2663,     ,2670,1, ,0.35,1.41,0.377,69,110.4
2666,     ,2629,1, ,0.71,2.78,0.774,194,374.4
2666,     ,2630,1, ,1.26,5.14,1.373,137,219.2
2666,     ,2634,1, ,0.3,1.24,0.331,150,240
2666,     ,2667,1, ,1.19,3.36,0.848,142,227.2
2666,     ,2669,1, ,1.015,3.114,0.722,137,219.2
2666,     ,2911,1, ,0.71,2.78,0.774,173,276.8
2668,     ,2667,1, ,         ,10.68,      .9868   .9  1.1       2668,120,192
2669,     ,2667,1, ,0.23,0.674,0.152,142,227.2
2672,     ,2602,1, ,         ,52.125,1.052,24,38.4
2672,     ,2679,1, ,14.16,18.34,0.233,27,43.2
2672,    D,2681,1,D,DT   3.21,9.83,0.15,35,56
2673,     ,2929,1, ,20.09,28.09,0.451,37,59.2
2675,     ,2679,1, ,17.27,22.38,0.284,18,28.8
2677,     ,2678,1, ,7.49,11.85,0.146,22,35.2
2677,     ,2679,1, ,16.33,21.15,0.269,22,35.2
2680,     ,2601,1, ,         ,24.49,1.052,37,59.2
2681,     ,2680,1, ,         ,20.31,      1.005   .9  1.1       2681,29,46.4
2685,     ,2900,1, ,2,5.16,1.269,142,227.2
2686,     ,2687,1, ,38.69,50.08,0.637,44,70.4
2688,     ,2689,1, ,26.35,39.04,0.553,50,80
2690,     ,2687,1, ,12.96,34.22,0.464,66,105.6
2690,     ,2689,1, ,16.32,43.08,0.757,66,105.6
2690,     ,2696,1, ,         ,25,1.05,60,96
2700,     ,2821,2, ,3.32,8.14,2.21,127,203.2
2700,     ,2889,1, ,12.2,27.35,7.18,117,187.2
2700,     ,9597,1, , T   1.02,2.62,0.65,127,203.2
2701,     ,2729,1, ,3.09,7.63,2.07,143,228.8
2701,     ,2730,1, ,2.45,8.38,2.37,160,256
2701,     ,2760,1, ,5.24,12.94,3.5,143,228.8
2701,     ,2896,1, ,4.83,11.97,3.23,127,203.2
2701,     ,2896,2, ,4.8,11.85,3.2,127,203.2
2701,     ,9598,1, ,0.95,3.27,0.9,143,228.8
2701,     ,9599,1, ,3.19,10.97,3.04,143,228.8
2702,     ,2855,1, ,9.11,21.83,0.39,48,76.8
2703,     ,2897,1, ,6.86,13.35,0.26,55,88
2704,     ,10124,1, ,         ,0.01,                                ,999,1598.4
2705,     ,2862,1, ,7.1,13.39,0.25,30,48
2706,     ,945,1, ,0.36,5.83,      .9814   .9  1.1       2706,150,241.6
2706,     ,945,2, ,0.527,5.94,      .9814   .9  1.1       2706,150,288
2706,     ,2768,1, , T     .1,0.42,0.12,160,256
2706,     ,2872,1, , T     .7,2.63,0.64,151,241.6
2707,     ,2745,1, ,4.3,15.24,0.25,72,115.2
2707,     ,2749,1, ,8.12,29.94,0.52,75,120
2707,     ,2813,1, ,8.64,12.72,0.18,51,81.6
2707,     ,9595,1, ,         ,4.5,      .9704   .9  1.1      -9595,33,52.8
2710,     ,2711,1, ,         ,30.24,      1.002 .8571.048      -2711,33,52.8
2710,     ,2711,2, ,         ,31.2,      1.002 .8571.048      -2711,31,49.6
2710,     ,2711,3, ,         ,31.36,      1.002 .8571.048      -2711,33,52.8
2710,     ,2714,1, ,0.63,2.06,0.64,93,148.8
2710,     ,2717,1, ,2.72,7.21,1.69,127,275.2
2710,     ,9534,1, ,1.207,3.634,1.01,127,297.6
2710,     ,9534,2, ,1.207,3.634,1.01,127,297.6
2711,     ,2851,1,D,D    5.12,9.66,0.18,55,88
2712,     ,2713,4, ,0.45,9.68,      1.019   .9  1.1      -2713,66,105.6
2712,     ,2713,5, ,0.45,9.68,      1.019   .9  1.1      -2713,66,105.6
2712,     ,2784,1, , T   1.59,7.18,2.07,143,228.8
2712,     ,2811,1, ,1.69,7.61,2.21,143,228.8
2713,     ,2851,1, ,4.5,10.85,0.19,63,100.8
2713,     ,2851,2, ,4.5,10.85,0.19,63,100.8
2715,     ,2780,1, ,2.78,9.56,2.7,160,294.4
2715,     ,9534,1, ,0.44,1.52,0.43,160,294.4
2716,     ,2780,1, ,2.03,5.47,1.24,36,57.6
2717,     ,2718,1, ,1.1,3.35,0.81,127,275.2
2718,     ,992,1, , T   1.14,3.96,1.09,143,275.2
2719,     ,2859,1, ,6.33,15.63,4.23,127,203.2
2719,     ,2889,1, ,0.93,2.29,0.62,127,203.2
2720,     ,2722,1, ,0.82,2.08,0.77,72,115.2
2720,     ,2756,1, ,0.37,1.31,0.35,36,57.6
2720,     ,2793,1, ,0.0003,0.01,                                ,36,57.6
2721,     ,2726,1,D,D     .23,0.78,0.22,160,256
2721,     ,2727,1, ,0.23,0.78,0.22,160,256
2722,     ,2825,1, ,3.27,8.12,2.17,127,203.2
2723,     ,992,1, ,1.84,7.14,1.82,119,241.6
2723,     ,2870,1, , T   2.24,8.42,2.28,119,228.8
2724,     ,1020,1, , T   .484,6.127,      1.018   .9  1.1       2724,150,254.4
2724,     ,1020,2, , T   .477,6.193,      1.018   .9  1.1       2724,150,254.4
2724,     ,1020,3, , T    .52,6.15,      1.018   .9  1.1       2724,150,288
2724,     ,1020,4, ,0.519,5.967,      1.018   .9  1.1       2724,150,288
2724,     ,2796,1, , T    .18,0.84,0.25,201,321.6
2725,     ,943,1, , T   .479,6.153,      .9932   .9  1.1       2725,150,254.4
2725,     ,943,2, , T   .482,6.107,      .9932   .9  1.1       2725,150,254.4
2725,     ,943,3, , T  1.039,12.16,      .9932   .9  1.1       2725,75,120
2725,     ,2741,1, ,0.87,1.85,0.46,86,137.6
2725,     ,2808,1, ,6.05,14.95,4.04,127,203.2
2725,     ,2808,2, ,6.05,14.95,4.04,127,203.2
2725,     ,2829,1, ,2.83,9.85,2.67,160,256
2725,     ,9839,1, ,         ,58.85,       1.01   .9  1.1      -9839,26,51.2
2726,     ,9721,1, ,0.95,3.68,1.01,119,241.6
2727,     ,2830,1, , T   1.84,7.29,1.98,119,228.8
2729,     ,2760,1, ,2.6,6.42,1.73,143,228.8
2729,     ,9165,1, ,         ,0.1,                                ,999,1598.4
2730,     ,2732,1, ,         ,35.16,      1.012 .8611.052      -2732,33,52.8
2731,     ,2848,1, ,0.23,0.49,0.12,48,76.8
2731,     ,2896,1, ,3.8,9.77,2.43,127,203.2
2733,D   D,2774,1,D,D     .05,0.14,0.03,127,203.2
2734,     ,2855,1, ,11.6,27.78,0.5,48,76.8
2734,     ,2855,2, ,11.6,27.78,0.5,48,76.8
2736,     ,2744,1, ,0.62,0.9,0.21,81,129.6
2737,     ,2747,1, ,3.28,8.96,0.17,71,113.6
2737,     ,2747,2, ,3.28,8.96,0.17,71,113.6
2740,     ,2748,1, ,0.08,0.26,0.08,151,241.6
2740,     ,2796,1, ,0.14,0.63,0.19,201,321.6
2741,     ,2816,1, ,0.54,1.13,0.3,110,176
2742,     ,2875,3, ,12.68,18.7,0.26,47,75.2
2743,     ,9595,1, ,10.09,14.85,0.21,36,57.6
2744,     ,2837,1, ,0.65,1.88,0.42,127,203.2
2744,     ,2870,1, ,1.28,3.29,0.82,127,203.2
2745,     ,2749,1, ,6.54,22.05,0.39,80,128
2746,     ,2739,1, ,0.06,0.15,0.04,96,153.6
2746,     ,2748,1, ,0.08,0.26,0.08,151,241.6
2746,     ,2789,1, , T    .09,0.32,0.09,115,184
2747,     ,2749,1, ,2.3,10.41,0.2,86,137.6
2747,     ,2813,1, ,10.99,16.21,0.23,63,100.8
2749,     ,2877,1, ,16.41,42.88,0.99,40,64
2749,     ,9843,1, , T   4.72,14.87,0.286,72,115.2
2749,     ,9937,1, , T   2.61,8.23,0.158,72,115.2
2750,     ,2760,1, ,3.19,7.88,2.13,121,193.6
2750,     ,2774,1, ,0.9,2.22,0.6,121,193.6
2751,     ,2760,2, ,3.19,7.88,2.13,121,193.6
2752,     ,985,1, , T   1.07,2.67,0.72,119,241.6
2754,     ,2784,1, ,0.78,3.46,1.02,186,297.6
2754,     ,2894,1, ,0.2,0.51,0.13,127,203.2
2754,     ,2898,1, ,1.26,3.2,0.81,127,203.2
2755,     ,2724,1, , T   1.44,6.37,1.88,186,297.6
2755,     ,2782,1, , T   2.57,8.25,2.65,72,115.2
2759,     ,2799,1, ,0.19,0.72,0.2,119,241.6
2760,     ,2761,2, ,         ,31,      .9837   .9  1.1      -2761,33,52.8
2760,     ,2828,1, ,1.77,6.19,1.7,143,228.8
2760,     ,2892,1, ,4.21,10.48,2.79,127,203.2
2760,     ,9719,2, ,2.64,6.57,1.75,127,203.2
2765,     ,2842,1, ,15.38,22.15,0.34,41,68.8
2765,     ,2869,1, ,27.92,39.6,0.62,41,75.2
2765,     ,2871,1, ,35.31,53.82,0.87,36,57.6
2767,     ,2770,1, ,0.41,1.45,0.38,134,214.4
2770,     ,2872,1, , T   1.08,4.81,1.4,172,275.2
2770,     ,2872,2, , T   1.04,4.62,1.38,88,140.8
2771,     ,1007,1, , T   2.78,11.29,3.06,119,228.8
2771,     ,2804,1, ,6.07,9.43,1.93,38,60.8
2771,     ,2831,1, ,3.723,12.523,3.406,119,228.8
2771,     ,9722,1, ,0.33,0.83,0.21,72,115.2
2773,     ,2789,1, ,0.31,1.42,0.3,172,275.2
2773,     ,9755,1, ,0.18,0.81,0.25,172,275.2
2774,     ,9872,1, ,7.28,18.04,4.86,121,193.6
2775,     ,992,1, , T   1.25,4.62,1.22,119,241.6
2777,     ,2815,1, ,0.59,2.03,0.54,151,241.6
2778,     ,2718,1, , T    1.5,5.59,1.56,143,275.2
2778,     ,2777,1, , T     .6,2.03,0.58,143,228.8
2778,     ,9983,1, ,1.23,4.92,1.72,160,256
2779,     ,2733,2, ,0.05,0.14,0.03,127,203.2
2779,     ,2751,2, ,0.9,2.22,0.6,121,193.6
2779,     ,2889,2, ,9.89,24.45,6.61,121,193.6
2782,     ,2819,1, ,1.07,2.82,0.87,36,57.6
2783,     ,2811,1, ,0.55,2.47,0.72,186,297.6
2783,     ,2894,1, ,0.27,0.69,0.17,127,203.2
2785,     ,2799,1, ,0.43,1.95,0.56,72,115.2
2786,     ,2788,1, ,3.39,8.21,0.15,66,105.6
2786,     ,2883,1,D,D    4.95,17.73,0.24,65,104
2787,     ,2856,1, ,5.02,17.95,0.25,65,104
2788,     ,2876,1, ,1.77,4.29,0.08,62,99.2
2789,     ,2724,1, , T    .38,1.63,0.52,186,297.6
2789,     ,2791,1, ,         ,10.4,0.957,66,105.6
2789,     ,2791,2, ,         ,10.71,0.957,66,105.6
2789,     ,2791,3, ,         ,11.12,0.957,66,105.6
2790,     ,2791,1, ,         ,-0.48,1.004,66,105.6
2790,     ,2791,2, ,         ,-0.75,1.004,66,105.6
2790,     ,2791,3, ,         ,-1.18,1.004,66,105.6
2790,     ,2876,1, ,2.49,6.23,0.1,63,100.8
2790,     ,2876,2, ,2.49,6.23,0.1,63,100.8
2792,     ,2805,1, ,4.66,15.82,4.51,160,256
2792,     ,2818,1, ,0.38,1.27,0.36,43,68.8
2794,     ,2791,1, ,         ,31.74,0.957,26,41.6
2794,     ,2791,2, ,         ,31.43,0.957,26,41.6
2794,     ,2791,3, ,         ,31.48,0.957,26,41.6
2799,     ,2727,1, ,2.05,8.07,2.2,119,228.8
2799,     ,2798,3, ,         ,17.34,      .9684   .9  1.1      -2798,66,105.6
2799,     ,9721,1, , T   1.16,4.46,1.22,119,241.6
2800,     ,2851,1, ,4.73,7.66,0.09,39,62.4
2800,     ,2885,1, ,21.6,33.53,0.44,41,68.8
2802,     ,2889,1, ,1.89,6.19,1.93,96,153.6
2802,     ,9869,1, ,0.004,0.01,0.004,72,115.2
2803,     ,2880,1, , T    .13,0.36,0.05,57,91.2
2803,     ,2889,1, ,0.53,1.88,0.49,72,115.2
2805,     ,950,1, , T    .49,6.02,       1.05   .9  1.1       2805,150,240
2805,     ,950,2, , T    .49,6.01,       1.05   .9  1.1       2805,150,240
2805,     ,950,3, , T    .49,5.92,       1.05   .9  1.1       2805,150,240
2805,     ,2889,1, , T    .16,1.12,0.36,265,424
2805,     ,2889,2, , T    .16,1.12,0.36,265,424
2808,     ,2844,1, ,3.45,8.52,2.3,115,184
2808,     ,2852,1, ,4.4,10.87,2.94,115,184
2809,     ,2811,1, ,0.01,0.03,0.01,186,297.6
2812,     ,2769,1, , T    .14,0.56,5.86,150,344
2812,     ,2872,1, ,0.21,0.85,8.99,150,344
2814,     ,2832,1, ,0.91,3.13,0.88,160,256
2814,     ,2861,1, ,2.48,8.47,2.4,160,256
2815,     ,2781,1, ,0.23,0.87,2.58,143,228.8
2816,     ,2840,1, ,0.62,1.31,0.3,72,115.2
2818,     ,9871,1, ,1.36,4.84,1.26,38,60.8
2821,     ,2700,1, ,3.63,8.22,2.18,117,187.2
2821,     ,2854,1, ,1.14,4.03,1.06,86,137.6
2822,     ,2823,1, ,         ,24.02,      .9787 .8571.048      -2823,33,52.8
2822,     ,2824,1, ,         ,23.97,       .964 .8571.048      -2824,33,52.8
2822,     ,2850,1, ,0.19,0.492,0.12,22,35.2
2822,     ,2889,1, ,7.42,12.04,2.26,76,121.6
2825,     ,2892,1, ,0.19,0.49,0.12,133,212.8
2827,     ,2832,1, , T   3.22,8.23,2.08,48,76.8
2827,     ,9846,1, ,2.96,7.56,1.91,48,76.8
2832,     ,2838,1, , T   3.65,13.4,3.562,151,241.6
2832,     ,2838,2, , T   3.65,13.4,3.562,151,241.6
2832,     ,2839,1, ,2.55,8.75,2.47,143,228.8
2832,     ,2860,1, ,5.41,13.83,3.5,48,76.8
2832,     ,2861,1, ,3.39,11.61,3.28,143,228.8
2832,     ,2896,1, ,4.56,15.65,4.42,160,256
2833,     ,2712,1, ,0.53,1.88,0.49,143,228.8
2834,     ,2724,1, , T    .15,0.69,0.21,186,297.6
2834,     ,2852,1, ,5.4,13.33,3.6,115,184
2834,     ,2867,1, ,0.45,1.11,0.3,127,203.2
2835,     ,2847,1, ,1.4,5.01,1.27,72,115.2
2838,     ,2836,1, , T   .378,13.555,1.025,135,216
2839,     ,2896,1, ,2.86,9.79,2.77,143,228.8
2841,     ,2842,1, ,0.57,16.53,         1.   .9  1.1      -2842,66,105.6
2841,     ,2842,2, ,0.56,17.34,         1.   .9  1.1      -2842,66,105.6
2841,     ,2847,1, ,0.34,1.21,0.32,155,248
2841,     ,2847,2, ,0.52,1.81,0.48,143,228.8
2841,     ,2873,1, ,1.62,5.64,1.53,62,99.2
2844,     ,2852,1, ,0.95,2.35,0.64,115,184
2846,     ,967,1, ,         ,0.001,                                ,999,1598.4
2846,     ,2845,4, ,         ,52.25,      1.013   .9  1.1      -2845,40,64
2846,     ,2845,5, ,1.28,38.35,      1.013 .8631.138      -2845,40,64
2846,     ,2845,6, ,1.35,39.03,      1.013 .8631.138      -2845,40,64
2846,     ,2845,10, ,         ,57.4,      1.013   .9  1.1      -2845,30,48
2847,     ,949,1, , T    .49,5.94,      1.019   .9  1.1       2847,150,240
2847,     ,949,2, , T    .49,5.95,      1.019   .9  1.1       2847,150,240
2847,     ,949,3, , T    .49,6.1,      1.019   .9  1.1       2847,150,240
2851,     ,2869,1, ,15.08,21.62,0.33,41,75.2
2852,     ,2853,1, ,0.6,1.48,0.4,115,184
2854,     ,9923,1, ,         ,0.01,0.004,72,115.2
2854,     ,10016,1, ,         ,0.01,0.004,72,115.2
2859,     ,2700,1, ,3.72,9.13,2.47,127,203.2
2861,     ,2862,1, ,         ,31.16,      .9774 .8571.048      -2862,33,52.8
2861,     ,2862,2, ,         ,32.8,      .9774 .8611.052      -2862,33,52.8
2864,     ,2780,1, ,3.22,11.17,3.09,160,294.4
2864,     ,2847,1, , T   1.81,6.46,1.68,160,294.4
2864,     ,2863,1, , T       ,5.925,1.025,202,323.2
2864,     ,2866,1, , T   3.23,11.21,3.1,160,275.2
2866,     ,2871,1, ,         ,15.48,      1.023 .8611.052      -2871,66,105.6
2866,     ,9534,1, ,2.25,7.682,2.176,160,275.2
2870,     ,948,1, ,2.24,8.49,2.29,119,241.6
2871,     ,2885,1, ,10.37,26.34,0.42,48,76.8
2880,     ,902,1, ,         ,24.29,1,999,1598.4
2881,     ,2882,1, ,0.21,0.63,0.24,48,76.8
2882,     ,2847,1, ,3.21,9.97,3.39,143,228.8
2883,     ,2787,1, , T   5.09,18.25,0.25,65,104
2883,     ,2798,1, , T   1.24,4.09,0.08,72,115.2
2889,     ,2890,1, ,         ,31.04,       .996   .9  1.1      -2890,33,52.8
2889,     ,9872,1, ,2.81,6.97,1.87,121,193.6
2891,     ,1074,1, , T    .17,6.54,      1.016   .9  1.1       2891,150,312
2891,     ,1074,2, , T    .17,6.54,      1.016   .9  1.1       2891,150,312
2891,     ,1074,3, , T    .17,6.54,      1.016   .9  1.1       2891,150,288
2891,     ,2722,1, , T   2.58,6.65,1.79,127,203.2
2891,     ,2892,1, , T   1.05,2.56,0.62,127,203.2
2892,     ,2893,3, ,         ,31,      .9735 .8781.073      -2893,33,52.8
2892,     ,2893,4, ,         ,30.76,      .9735 .8781.073      -2893,33,52.8
2892,     ,9719,2, ,1.64,4.08,1.09,127,203.2
2894,     ,2895,1, ,0.06,0.15,0.04,72,115.2
2896,     ,1069,1, , T   .483,6.107,      1.011   .9  1.1       2896,150,240
2896,     ,1069,2, , T     .5,6.073,      1.011   .9  1.1       2896,150,254.4
2896,     ,1069,3, , T   .477,6.153,      1.011   .9  1.1       2896,150,254.4
2896,     ,1069,4, , T   .396,6.16,      1.011   .9  1.1       2896,150,254.4
2896,     ,2897,1, ,0.48,15.73,      .9687   .9  1.1      -2897,66,105.6
2896,     ,2897,2, ,0.54,15.67,      .9687   .9  1.1      -2897,66,105.6
2896,     ,2897,5, ,         ,17.64,      .9687 .9061.108      -2897,66,105.6
2897,     ,2702,1, , T   6.16,14.76,0.27,48,76.8
2897,     ,2855,1, , T  13.43,32.17,0.58,48,76.8
2897,     ,9688,1, ,13.57,32.81,0.58,63,100.8
2897,     ,9689,1, ,9.5,19.55,0.3,48,76.8
2899,     ,2748,1, ,0.05,0.26,0.06,186,297.6
2901,     ,2900,1, ,         ,31.25,1,30,48
2903,     ,2902,1, ,         ,36.36,1,27,43.2
2904,     ,2919,1, ,0.73,2.15,0.54,35,56
2905,     ,2904,1, ,         ,28,1,35,56
2907,     ,2609,1, ,1.6,4.13,1.015,142,227.2
2908,     ,2674,1, ,0.68,1.69,0.412,120,192
2909,     ,2658,1, ,0.2,0.74,0.199,143,228.8
2909,     ,2664,1, ,4.19,10.35,2.93,99,158.4
2910,     ,2909,1, ,         ,9.97,         1.           .001      ,150,360
2911,     ,2629,1, ,0.045,4.289,0.038,150,240
2911,     ,2629,2, ,0.045,4.289,0.038,150,240
2911,     ,8904,1, ,         ,13.7,1.05,72,115.2
2911,     ,8904,2, ,         ,13.7,1.05,72,115.2
2911,     ,8907,1, ,         ,21.7,1,50,80
2912,     ,2649,1, ,2.28,8.13,1.44,154,246.4
2913,     ,2673,1, ,21.76,32.27,0.462,26,41.6
2915,     ,2631,1, ,1.227,3.281,0.744,65,104
2915,     ,2670,1,D,D     .35,1.41,0.377,69,110.4
2916,     ,2689,1, ,7.75,18.15,0.267,40,88
2916,     ,2917,1, ,         ,10,1,23,36.8
2919,     ,2918,1, ,         ,35,1,35,56
2920,     ,2906,1, ,8.071,20.83,5.158,135,216
2920,     ,2921,1, ,0.25,0.646,0.0159,142,227.2
2925,     ,2652,1, ,2.85,10.86,2.468,143,228.8
2929,     ,2650,1, ,11.82,16.53,0.265,51,99.2
2936,     ,3736,1, ,0.46,1.33,0.42,103,192
2938,     ,784,1, ,0.85,2.47,0.662,103,192
2942,     ,3724,1, ,         ,3.04,      .9214 .8131.065      -3724,225,502.4
2943,     ,238,1, ,0.56,1.63,0.436,103,192
2943,     ,3706,1, ,6.21,18.054,4.838,103,192
2944,     ,795,1, ,1.786,5.194,1.392,103,192
2944,     ,9464,1, ,3.35,12.58,3.167,139,222.4
2945,     ,2946,1, ,5.4,15.7,4.205,103,192
2946,     ,2947,1, ,5.6,16.3,4.372,103,192
2947,     ,2948,1, ,         ,24.1,0.975,50,96
2953,     ,2939,1, ,         ,22.738,1,45,72
2968,     ,2969,1, ,         ,18.04,       .875 .875 1.07      -2969,50,96
2968,     ,3773,1, ,7.26,21.52,5.47,103,192
2978,     ,2950,1, ,         ,19.87,      .9667  .85 1.05      -2950,50,120
2978,     ,2950,2, ,         ,20.13,      .9667  .85 1.05      -2950,50,110.4
2982,     ,2955,1, ,         ,0.01,                                ,999,1598.4
2985,     ,2945,1, ,7.7,22.4,5.99,103,192
2987,     ,2974,1, ,         ,20.26,      .9504  .85 1.05      -2974,50,120
2987,     ,2974,2, ,         ,20,      .9504  .85 1.05      -2974,50,120
2988,     ,2989,1, ,         ,20,      .9144  .85 1.05      -2989,50,120
2988,     ,2989,2, ,         ,20.23,      .9144  .85 1.05      -2989,50,113.6
2990,     ,2991,1, ,         ,20.03,      .8504  .85 1.05      -2991,50,104
2990,     ,2991,2, ,         ,20,      .8504  .85 1.05      -2991,50,104
2990,     ,2992,1, ,1.036,4.48,8.14,219,408
2992,     ,780,1, ,         ,4.37,      .8186 .8121.065       -780,150,336
2994,     ,779,1, ,1.7,4.99,1.31,103,192
2994,     ,2995,1, ,1.72,3.27,0.94,103,192
2995,     ,2996,1, ,         ,38.8,      .9667  .85 1.05      -2996,33,64
2997,     ,2978,1, ,         ,0.001,                                ,999,1598.4
2998,     ,239,1, ,3.4,9.89,2.65,103,192
2998,     ,792,1, ,0.48,1.38,0.38,103,192
2998,     ,2999,1, ,         ,38.8,      .9805  .85 1.05      -2999,25,48
3002,     ,2988,1, ,1.781,8.3745,15.398,214,342.4
3005,     ,3006,1, ,0.204,3.274,483.54,2598,4156.8
3006,     ,3007,1, ,         ,-0.985,                                ,1602,3460.8
3007,     ,233,1, ,0.046,0.72,103.57,2598,4156.8
3007,     ,3008,1, ,0.076,1.185,170.9,2598,4156.8
3007,     ,3025,1, , T       ,5.33,      1.029   .8  1.2      -3025,225,432
3007,     ,3025,2, ,         ,5.33,      1.029   .8  1.2      -3025,225,432
3007,     ,3050,1, ,         ,-0.8847,                                ,2078,4489.6
3007,     ,3699,1,D,D     .06,0.97,73.49,800,2560
3007,     ,3699,2,D,D     .06,0.97,73.49,800,2560
3007,     ,4049,1, ,0.2215,3.5879,540.76,3343,6360
3008,     ,4049,1, ,0.231,3.356,296,2533,4052.8
3009,     ,2638,1, ,0.03,0.13,0.026,137,219.2
3009,     ,2699,1, ,0.25,1.1,0.23,71,113.6
3010,     ,3011,1, ,0.109,1.636,141.9,1992,3824
3010,     ,3012,1, ,         ,1.33,      .9331   .9  1.1      -3012,900,1440
3010,     ,3012,2, ,         ,1.33,      .9331   .9  1.1      -3012,900,1440
3011,     ,102,1, ,0.125,1.888,163.74,1992,3824
3011,     ,3110,1, ,0.0601,1.2618,59.96,1992,3824
3012,     ,136,1, , T   .318,3.5,59.31,853,1720
3013,     ,784,1, ,1.698,8.006,2.256,120,256
3013,     ,784,2, ,1.698,8.006,2.256,120,256
3013,     ,3014,1, ,         ,10.42,0.95,230,368
3016,     ,2638,1, ,0.03,0.13,0.026,137,219.2
3016,    D,2699,1,D,D     .25,1.1,0.23,71,113.6
3018,     ,2944,1, ,         ,4.37,1,150,288
3018,     ,2990,1, ,0.89,5.46,10.823,322,633.6
3019,     ,90,1, ,0.029,0.3083,5.33,956,1931.2
3019,     ,90,2, ,0.029,0.3083,5.33,956,1931.2
3021,     ,3019,1, ,         ,1.195,1.05,900,2016
3023,     ,3017,1, ,         ,0.067,1,180,288
3028,     ,2643,1, ,1.07,2.79,0.47,69,110.4
3039,     ,2612,1, ,0.024,0.062,0.0152,140,224
3039,     ,2927,1, ,0.005,0.013,0.003,135,216
3039,     ,3041,1, ,0.195,0.499,0.123,140,224
3039,     ,3052,1, ,0.005,0.012,0.003,135,216
3040,     ,2605,1, ,0.182,0.465,0.114,140,224
3040,     ,2612,1, ,0.024,0.062,0.0152,140,224
3040,     ,2927,1, ,0.005,0.013,0.003,140,224
3040,     ,3052,1, ,0.005,0.012,0.003,135,216
3041,     ,3067,1, ,0.35,0.847,0.238,135,216
3043,     ,2684,1, ,0.11,0.41,0.19,253,404.8
3043,     ,3049,1,D,D     .01,0.04,0.02,253,404.8
3044,     ,2684,1,D,D     .11,0.41,0.19,253,404.8
3044,     ,3049,1, ,0.01,0.04,0.02,253,404.8
3065,     ,3039,1, ,1.904,4.878,1.2,135,216
3078,     ,730,1, ,         ,0.01,                                ,127,203.2
3087,     ,734,1, ,         ,0.01,                                ,999,1598.4
3102,     ,2271,1, ,4.28,11.283,2.814,103,206.4
3103,     ,2130,1, ,1.756,4.204,0.999,144,268.8
3104,     ,2289,1, ,2.35,3.29,0.05,34,60.8
3105,     ,2267,1, ,1.99,2.69,0.044,23,36.8
3106,     ,2108,1, ,2.814,10.085,2.523,125,286.4
3106,     ,2166,1, ,4.671,16.138,4.298,125,286.4
3107,     ,4143,1, ,         ,0.01,                                ,999,1598.4
3107,     ,12002,1, ,1.8821,4.4383,1.16,120,224
3110,     ,3111,1, ,         ,3.32,      1.049   .9  1.1      -3111,400,768
3110,     ,3111,2, ,         ,3.32,      1.049   .9  1.1      -3111,400,768
3111,     ,9623,1, ,1.545,7.603,2.345,249,468.8
3113,     ,3115,1, ,1.2204,6.3943,0.2868,159,254.4
3114,     ,3116,1, ,1.2204,6.3943,0.2868,159,254.4
3115,     ,3117,1, ,1.7485,4.1951,0.1642,92,171.2
3115,     ,3123,1, ,1.187,6.222,0.279,159,254.4
3116,     ,3118,1, ,1.7485,4.1951,0.1642,92,171.2
3116,     ,3122,1, ,1.187,6.222,0.279,159,254.4
3119,     ,3121,1, ,1.0438,2.5378,0.0966,92,147.2
3119,     ,3481,1,D,D   .0024,0.0127,0.0006,159,254.4
3120,     ,3121,1,D,D  1.0438,2.5378,0.0966,92,147.2
3120,     ,3481,1, ,0.0024,0.0127,0.0006,159,254.4
3122,     ,3120,1, ,0.162,0.846,0.038,159,254.4
3123,     ,3119,1, ,0.162,0.846,0.038,159,254.4
3126,     ,742,1, , T   1.05,2.78,0.12,51,97.6
3133,     ,12003,1, ,         ,0.01,                                ,999,1598.4
3133,     ,22003,1,D,D        ,0.01,                                ,999,1598.4
3140,     ,3141,1, ,         ,56.885,1,35,70.4
3140,     ,3141,2, ,         ,56.885,1,35,70.4
3141,     ,3143,1, ,13.095,20.08,0.2995,24,48
3143,     ,3144,1, ,4.197,6.436,0.096,24,48
3144,     ,3145,1, ,21.916,33.608,0.50123,24,48
3145,     ,3142,1, ,16.37,22.89,0.3,24,48
3146,     ,3142,1, ,         ,11.2,1,30,48
3146,     ,3142,2, ,         ,11.2,1,41,65.6
3155,     ,3162,1, ,1.63,4.35,1.1,80,172.8
3162,     ,3163,1, ,0.48,1.27,0.324,80,172.8
3172,     ,11915,1,D,D     .24,0.62,0.16,80,172.8
3172,     ,21915,2, ,0.24,0.62,0.16,80,172.8
3176,     ,11913,1, ,         ,0.01,                                ,999,1598.4
3176,     ,21913,1,D,D        ,0.01,                                ,999,1598.4
3178,     ,3171,1,D,D        ,0.01,                                ,999,1598.4
3178,     ,11975,1, ,0.92,2.4,0.6,105,200
3178,     ,21975,2,D,D     .92,2.4,0.6,105,200
3185,     ,9521,1, ,         ,35.7,      1.013   .9  1.1      -9521,35,56
3185,     ,12006,1, ,7.2981,16.085,0.66,44,96
3300,     ,3301,1, ,5.19,11.09,2.515,95,152
3300,     ,3305,1, ,6.96,14.76,3.376,95,152
3300,     ,3324,1, ,5.22,41.49,1,15,24
3300,     ,9619,1, , T  .6123,1.2719,0.3071,96,153.6
3300,     ,9620,1, , T  .6123,1.2719,0.3071,96,153.6
3301,     ,3302,1, ,0.73,17.36,0.975,37,59.2
3301,     ,3303,1, ,2.52,5.41,1.276,95,152
3303,     ,3304,1, ,0.73,16.9,0.975,37,59.2
3303,     ,3305,1, ,2.81,5.95,1.37,95,152
3303,     ,3333,1, ,2.99,6.5,1.507,105,168
3304,     ,3331,1, ,26.63,27.4,0.344,19,30.4
3304,     ,3334,1, ,19.6,20.17,0.253,23,36.8
3305,     ,3306,1, ,0.79,15.31,0.95,37,59.2
3305,     ,3337,1, ,2.62,6.86,1.64,105,168
3307,     ,3308,1, ,8.51,15.99,0.95,37,59.2
3308,     ,3327,1, ,1.86,4.69,0.076,60,96
3309,     ,3308,1, ,11.68,12.02,0.151,23,36.8
3310,     ,3311,1, ,0.81,15.58,0.975,37,59.2
3310,     ,3313,1, ,1.79,4.68,1.119,57,91.2
3310,     ,3317,1, ,0.91,2.39,0.572,95,152
3312,     ,3311,1, ,1.44,3.62,0.059,28,44.8
3312,     ,3336,1, ,4.36,4.49,0.056,32,51.2
3313,     ,3314,1, ,0.81,15.56,0.975,37,59.2
3313,     ,3329,1, ,4.43,11.59,2.773,47,75.2
3314,     ,3328,1, ,17.35,17.85,0.224,8,12.8
3315,     ,3314,1, ,0.92,0.95,0.012,28,44.8
3317,     ,3332,1, ,2.49,6.52,1.56,95,152
3318,     ,3306,1, ,5.84,6.01,0.075,19,30.4
3320,     ,3322,1, ,25.51,26.25,0.329,28,44.8
3321,     ,3322,1, ,1.44,24.8,1,25,40
3321,     ,3323,1, ,0.56,1.46,0.35,105,168
3325,     ,3309,1, ,31.2,32.1,0.403,14,22.4
3326,     ,3328,1, ,14.81,15.24,0.191,11,17.6
3329,     ,3338,1, ,6.63,17.36,4.152,110,176
3330,     ,3332,1, ,3.64,9.52,2.275,114,182.4
3332,     ,3316,1, ,1.42,22.66,1,25,40
3333,     ,3339,1, ,2.95,6.48,1.508,95,152
3334,     ,3335,1, ,9.23,9.49,0.119,23,36.8
3337,     ,3307,1, ,2.62,6.86,1.64,105,168
3338,     ,3321,1, ,0.61,1.59,0.381,110,176
3339,     ,3310,1, ,1.1,2.63,0.619,95,152
3341,     ,3338,1, ,0.9984,2.6126,0.625,110,176
3343,     ,1754,1, , T   4.05,10.46,2.567,70,161.6
3344,     ,149,1, ,0.617,7.048,114.65,853,1720
3344,     ,3345,1, ,         ,6.7,      1.095   .9  1.1      -3345,150,336
3345,     ,3338,1, ,         ,0.98,         1.             6.      ,150,336
3348,     ,3306,1, ,14.6,15,0.189,23,36.8
3348,     ,3325,1, ,9.2,9.5,0.119,23,36.8
3349,     ,3341,1, ,3.7642,9.8493,2.356,110,176
3411,     ,411,1, ,         ,0.01,                                ,999,1598.4
3412,     ,411,1, ,         ,0.01,                                ,999,1598.4
3415,     ,415,1, ,         ,0.01,                                ,999,1598.4
3417,     ,481,6, ,0.192,0.938,0.049,137,252.8
3420,     ,11604,1, ,0.01,0.2,0.005,159,305.6
3422,     ,422,1, ,         ,0.01,                                ,999,1598.4
3428,     ,428,1, ,         ,0.01,                                ,999,1598.4
3429,     ,429,1, ,         ,0.01,                                ,999,1598.4
3435,     ,437,1, ,         ,0.01,                                ,999,1598.4
3436,     ,436,1, ,         ,0.01,                                ,999,1598.4
3437,     ,437,1, ,         ,0.01,                                ,999,1598.4
3443,     ,443,1, ,         ,0.01,                                ,999,1598.4
3444,     ,443,1, ,         ,0.01,                                ,999,1598.4
3445,     ,444,1, ,         ,0.01,                                ,999,1598.4
3447,     ,447,1, ,         ,0.01,                                ,999,1598.4
3455,     ,455,1, ,         ,0.01,                                ,999,1598.4
3456,     ,601,1, ,         ,0.01,                                ,999,1598.4
3459,     ,459,1, ,         ,0.01,                                ,999,1598.4
3462,     ,462,1, ,         ,0.01,                                ,999,1598.4
3465,     ,465,1, ,         ,0.01,                                ,999,1598.4
3467,     ,467,1, ,         ,0.01,                                ,999,1598.4
3471,     ,471,1, ,         ,0.01,                                ,999,1598.4
3474,     ,473,1, ,         ,0.01,                                ,999,1598.4
3475,     ,475,1, ,         ,0.01,                                ,999,1598.4
3476,     ,476,1, ,         ,0.01,                                ,999,1598.4
3477,     ,482,4, , T    .41,1.53,0.088,137,252.8
3484,     ,3488,1, ,1.093,2.756,                                ,81,129.6
3484,     ,3490,1, ,0.55,3.039,                                ,137,219.2
3485,     ,485,1, ,         ,0.01,                                ,999,1598.4
3486,     ,486,1, ,         ,0.001,                                ,999,1598.4
3487,     ,3489,1, ,1.093,2.756,                                ,81,129.6
3487,     ,3491,1, ,0.55,3.039,                                ,137,219.2
3490,     ,3492,1, ,0.659,1.661,                                ,81,129.6
3491,     ,3492,1,D,D    .659,1.661,                                ,81,129.6
3493,     ,493,1, ,         ,0.01,                                ,999,1598.4
3494,     ,494,1, ,         ,0.01,                                ,999,1598.4
3495,     ,485,1, ,0.026,0.162,                                ,234,374.4
3496,     ,496,1, ,         ,0.01,                                ,999,1598.4
3497,     ,3487,1, ,1.116,6.171,                                ,137,219.2
3497,     ,3499,1, ,0.059,0.149,                                ,81,129.6
3498,     ,3484,1, ,1.116,6.171,                                ,137,219.2
3498,     ,3499,1,D,D    .059,0.149,                                ,81,129.6
3583,     ,583,1, ,         ,0.01,                                ,999,1598.4
3601,     ,2502,1, ,         ,58.5,      .9308   .9  1.1       3601,32,62.4
3601,     ,2502,2, ,         ,57.8,      .9308   .9  1.1       3601,32,62.4
3602,     ,2507,1, ,         ,58.8,      .9274   .9  1.1       3602,32,64
3602,     ,2507,2, ,         ,58.55,      .9274   .9  1.1       3602,32,64
3603,     ,2508,1, ,         ,76.2,      .9283   .9  1.1       3603,32,67.2
3603,     ,2508,2, ,         ,77,      .9283   .9  1.1       3603,32,67.2
3603,     ,2508,3, ,         ,77,      .9283   .9  1.1       3603,32,67.2
3604,     ,2501,1, ,         ,59,      1.021   .9  1.1       3604,32,68.8
3604,     ,2501,2, ,         ,59,      1.021   .9  1.1       3604,32,68.8
3604,     ,2501,3, ,         ,59,      1.021   .9  1.1       3604,32,68.8
3607,     ,2557,1, ,         ,64,      1.066 .9861.205       3607,13,24
3607,     ,2557,2, ,         ,124.2,      1.066 .9861.205       3607,6,12.8
3608,     ,2533,1, ,         ,80,         .9   .9  1.1       3608,13,24
3608,     ,2533,2, ,         ,80,         .9   .9  1.1       3608,13,24
3608,     ,2533,3, ,         ,80,         .9   .9  1.1       3608,13,24
3609,     ,2511,1, ,         ,0.58,      .9924  .95  1.1       3609,32,68.8
3609,     ,2511,2, ,         ,0.58,      .9924  .95  1.1       3609,32,68.8
3624,     ,2592,1, ,         ,14.13,      .9841   .9  1.1       3624,33,64
3624,     ,2593,1, ,         ,14.09,      .9841   .9  1.1       3624,33,64
3624,     ,2594,1,D,D        ,13.35,1,33,64
3626,     ,2520,1, ,         ,58,      .9988   .9  1.1       3626,32,56
3626,     ,2520,2, ,         ,58,      .9988   .9  1.1       3626,32,56
3627,     ,2519,1, ,         ,58,      .9583   .9  1.1       3627,32,68.8
3629,     ,2536,1, ,         ,30,      .9784   .9  1.1       3629,25,52.8
3629,     ,2536,2, ,         ,30,      .9784   .9  1.1       3629,25,52.8
3630,     ,2537,1, ,         ,123.6,      .9943 .941 1.15       3630,6,12.8
3630,     ,2537,2, ,         ,123.6,      .9943 .941 1.15       3630,6,12.8
3630,     ,2537,3, ,         ,123.6,      .9943 .941 1.15       3630,6,12.8
3632,     ,2521,1, ,         ,59,      .9352   .9  1.1       3632,32,67.2
3632,     ,2521,2, ,         ,59,      .9352   .9  1.1       3632,32,67.2
3638,     ,2523,1, ,         ,59,      1.009   .9  1.1       3638,32,68.8
3638,     ,2523,2, ,         ,59,      1.009   .9  1.1       3638,32,68.8
3639,     ,2524,1, ,         ,58,      1.007   .9  1.1       3639,32,68.8
3639,     ,2524,2, ,         ,58,      1.007   .9  1.1       3639,32,68.8
3643,     ,2527,1, ,         ,59,      1.004   .9  1.1       3643,32,68.8
3643,     ,2527,2, ,         ,59,      1.004   .9  1.1       3643,32,68.8
3644,     ,2525,1, ,         ,58,      .9775   .9  1.1       3644,32,68.8
3659,     ,2556,1, ,         ,59,      .9946   .9  1.1       3659,32,68.8
3659,     ,2556,2, ,         ,59,      .9946   .9  1.1       3659,32,68.8
3660,     ,2560,1, ,         ,50,       .989   .9  1.1       3660,32,68.8
3660,     ,2560,2, ,         ,50,       .989   .9  1.1       3660,32,68.8
3699,     ,3698,1,D,D        ,2.6,       1.05   .9  1.1      -3698,540,1036.8
3699,     ,3698,2,D,D        ,2.6,       1.05   .9  1.1      -3698,540,1036.8
3700,     ,248,1, ,         ,0.01,                                ,999,1598.4
3701,     ,249,1, ,         ,0.01,                                ,999,1598.4
3701,     ,7086,1, ,         ,19.8,      .9063  .85 1.05      -7086,50,96
3702,     ,3759,1, ,8.336,24.238,6.495,103,192
3703,     ,238,1, ,0.49,1.44,0.38,103,192
3703,     ,3704,1, ,0.89,2.58,0.69,999,1598.4
3703,     ,3705,1, ,0.97,2.82,0.76,999,1598.4
3706,     ,3775,1, ,         ,19.28,      1.005  .85 1.05      -3775,50,96
3708,     ,3744,1, ,         ,49.5,1.025,24,38.4
3708,     ,3744,2, ,         ,49.5,1.025,24,38.4
3710,     ,3711,1, ,         ,39.4,      .9345  .85 1.05      -3711,33,57.6
3710,     ,3711,2, ,         ,39.35,      .9345  .85 1.05      -3711,33,64
3714,     ,2990,1, ,1.43,6.551,11.851,219,408
3714,     ,3715,1, ,         ,3.02,      .9422  .85 1.05      -3715,225,504
3714,     ,3715,2, ,         ,3.2,      .9422  .85 1.05      -3715,225,467.2
3715,     ,786,1, ,0.62,2.07,0.57,103,192
3715,     ,3710,1, , T  1.236,4.029,1.043,103,192
3715,     ,3716,1, ,         ,39.2,      .9851  .85 1.05      -3716,33,64
3715,     ,3776,1, ,         ,33.1,      .9908 .8841.029      -3776,25,48
3715,     ,3780,1, ,         ,39.2,       1.03  .98 1.05      -3780,33,64
3723,     ,2942,1, ,         ,0.01,1,225,502.4
3723,     ,3726,2, ,         ,0.02,1,225,504
3724,     ,776,1, ,1.06,3.77,1.06,103,192
3724,     ,777,1, ,1,3.6,1.02,103,192
3724,     ,2986,1, ,1.199,3.487,0.934,103,192
3725,     ,2990,1, ,0.01,0.045,0.066,219,350.4
3725,     ,3740,1, ,         ,6.25,1,200,320
3726,     ,3724,2, ,         ,3.04,      .9214 .8131.065      -3724,225,467.2
3727,     ,237,1, ,3.57,10.4,2.79,103,206.4
3727,    D,797,1,D,DT  1.029,2.753,0.721,80,147.2
3727,     ,3025,1, ,0.844,2.455,0.658,200,384
3727,     ,3728,1, ,         ,40,      .9799  .85 1.05      -3728,33,57.6
3727,     ,3728,2, ,         ,39.95,      .9799  .85 1.05      -3728,33,64
3727,     ,3729,1, ,6.249,13.631,3.331,80,147.2
3729,     ,3730,1, ,6.36,12.94,3.191,80,148.8
3735,     ,775,1,D,D    3.95,11.46,2.77,103,192
3735,     ,2936,1, ,0.36,1.05,0.281,103,192
3736,     ,3738,1, ,0.14,0.41,0.11,103,192
3738,     ,3737,1, ,         ,38.88,0.975,25,48
3745,     ,3970,1, ,2.07,5.98,1.6,103,192
3748,     ,3749,1, ,         ,9,1.025,18,33.6
3748,     ,3749,2, ,         ,9,1.025,18,33.6
3757,     ,3752,1, ,         ,25,1.025,62,99.2
3758,     ,755,1, ,0.16,1.05,0.233,155,288
3758,     ,3020,1, ,1.62,4.7,1.259,103,192
3758,     ,3757,1, ,1.7,4.95,1.325,103,192
3759,     ,3708,1, ,1.404,4.082,1.093,103,192
3762,     ,3763,1, ,5.54,10.51,0.189,40,73.6
3762,     ,3763,2, ,5.54,10.51,0.189,40,73.6
3770,     ,3745,1, ,2.07,5.97,1.6,103,192
3770,     ,3970,1, ,         ,0.01,                                ,103,192
3775,     ,3785,1, ,7.561,14.33,0.257,40,73.6
3778,     ,3779,1, ,         ,29.6,      .9644   .9 1.05      -3779,34,64
3782,     ,3778,1, ,0.374,1.257,0.339,120,224
3782,     ,3783,1, ,         ,50,1,20,38.4
3787,     ,7073,1, ,1.871,5.441,1.458,103,192
3794,     ,3959,1, ,0.0381,0.3696,15.819,239,395.2
3795,     ,1611,1, ,0.0685,0.3901,0.1108,194,395.2
3796,     ,1609,1, ,0.4071,0.6656,10.773,96,192
3796,     ,1669,1, ,0.113,0.6437,0.1829,194,395.2
3810,     ,692,1, ,         ,0.1,                                ,999,1598.4
3811,     ,11976,1,D,DT    .16,0.43,0.11,95,222.4
3811,     ,21976,1, , T    .16,0.43,0.11,95,222.4
3812,     ,11977,1,D,D     .24,0.64,0.16,95,222.4
3812,     ,21977,1, , T    .24,0.64,0.16,95,222.4
3818,     ,11985,1, , T    .34,1.23,0.33,95,222.4
3818,     ,21985,1,D,DT    .34,1.23,0.33,95,222.4
3819,     ,696,1, ,         ,0.1,                                ,999,1598.4
3822,     ,699,1, ,         ,0.1,                                ,999,1598.4
3823,     ,11997,1,D,DT  .3951,1.0198,0.2533,95,222.4
3823,     ,21997,1, ,0.3951,1.0198,0.2533,95,222.4
3824,     ,701,1, ,         ,0.1,                                ,999,1598.4
3826,     ,12000,1, ,0.41,1.09,0.28,95,222.4
3826,     ,22000,1,D,DT    .41,1.09,0.28,95,222.4
3829,     ,12004,1,D,DT    .29,0.76,0.2,95,222.4
3829,     ,22004,1, ,0.29,0.76,0.2,95,222.4
3831,     ,12004,1, , T    .28,0.75,0.2,95,222.4
3831,     ,22004,1,D,D     .28,0.75,0.2,95,222.4
3835,     ,11998,1, , T    .31,1.13,0.3,174,315.2
3835,     ,21998,1,D,DT    .31,1.13,0.3,174,315.2
3839,     ,648,1, , T     2.,5.16,1.28,144,260.8
3840,     ,1905,1, ,         ,0.01,                                ,999,1598.4
3840,     ,1945,1,D,D        ,0.01,                                ,999,1598.4
3844,     ,12011,1, ,0.048,0.127,0.03,95,222.4
3844,     ,22011,2,D,DT   .048,0.127,0.03,95,222.4
3845,     ,709,1, ,         ,0.1,                                ,999,1598.4
3848,     ,591,1, ,         ,0.1,                                ,999,1598.4
3849,     ,3865,1, ,0.74,1.94,0.26,127,238.4
3853,     ,12014,1,D,DT  .0193,0.0507,0.01,95,222.4
3853,     ,22014,1, , T  .0193,0.0507,0.01,95,222.4
3854,     ,12015,1, , T  .0097,0.0254,0.01,95,222.4
3854,     ,22015,1,D,DT  .0097,0.0254,0.01,95,222.4
3855,     ,12016,1,D,DT  .3188,0.837,0.21,95,222.4
3855,     ,22016,1, , T  .3188,0.837,0.21,95,222.4
3857,     ,730,1, , T       ,0.1,                                ,999,1598.4
3861,     ,694,1, ,         ,0.1,                                ,999,1598.4
3865,     ,3849,2, ,0.74,1.94,0.26,127,238.4
3866,     ,2018,1, ,         ,0.01,                                ,999,1598.4
3869,     ,12013,1, , T  .0097,0.0254,0.01,95,222.4
3869,     ,22013,1,D,DT  .0097,0.0254,0.01,95,222.4
3871,     ,17612,1, ,0.034,0.0878,0.0218,139,260.8
3871,     ,27612,2,D,D    .034,0.0878,0.0218,139,260.8
3873,     ,14177,1, ,0.11,0.2839,0.0705,139,260.8
3873,     ,24177,2,D,D     .11,0.2839,0.0705,139,260.8
3875,D    ,1952,1,D,DT   25.1,39.3,0.55,999,1598.4
3876,     ,4196,1, ,17.33,26.9,0.39,33,64
3877,     ,4196,1, ,4.88,7.57,0.11,33,64
3879,     ,3880,1, ,19.37,30.09,0.43,33,64
3881,     ,537,1, ,         ,0.1,                                ,999,1598.4
3882,     ,11943,1, ,         ,0.01,                                ,95,222.4
3882,     ,21943,2,D,D        ,0.01,                                ,95,222.4
3883,     ,652,1, ,         ,0.1,                                ,999,1598.4
3884,     ,550,1, ,         ,0.1,                                ,999,1598.4
3886,     ,1907,1, ,0.04,0.1,0.03,999,1598.4
3886,     ,1944,1,D,D     .04,0.1,0.03,999,1598.4
3887,     ,639,1, ,         ,0.1,                                ,999,1598.4
3889,     ,640,1, ,         ,0.1,                                ,999,1598.4
3890,     ,647,1, ,         ,0.01,                                ,999,1598.4
3891,     ,649,1, ,         ,0.1,                                ,999,1598.4
3892,     ,541,1, ,         ,0.1,                                ,999,1598.4
3893,     ,11908,1,D,D     .48,1.26,0.33,95,222.4
3893,     ,21908,2, ,0.48,1.26,0.33,95,222.4
3897,     ,658,1, ,         ,0.1,                                ,999,1598.4
3898,     ,546,1, ,         ,0.1,                                ,999,1598.4
3899,     ,548,1, ,         ,0.1,                                ,999,1598.4
3900,     ,543,1, ,         ,0.1,                                ,999,1598.4
3901,     ,1903,1,D,DT       ,0.01,                                ,999,1598.4
3901,     ,1940,1, , T       ,0.01,                                ,999,1598.4
3905,     ,9137,1,D,DT    .07,0.18,0.045,98,169.6
3905,     ,9138,2, , T    .07,0.18,0.045,98,169.6
3906,     ,9139,1,D,DT   .013,0.034,0.008,98,169.6
3906,     ,9140,2, , T   .013,0.034,0.008,98,169.6
3907,     ,3979,1, ,26.09,40.52,0.58,36,70.4
3908,     ,3909,1, ,21.13,32.79,0.47,33,64
3916,     ,4132,1, ,2.3,5.936,1.474,139,260.8
3918,     ,624,1, ,         ,0.1,                                ,999,1598.4
3919,     ,3929,1,D,D   10.95,15.6,0.54,31,49.6
3924,     ,622,1, ,         ,0.1,                                ,999,1598.4
3926,     ,12032,1, ,0.05,0.01,0.02,212,385.6
3926,     ,22032,2,D,D     .05,0.01,0.02,212,385.6
3931,     ,748,1, ,         ,0.1,                                ,999,1598.4
3932,     ,747,1, ,         ,0.1,                                ,999,1598.4
3933,     ,12042,1, , T    .36,0.94,0.24,95,222.4
3933,     ,22042,2,D,DT    .36,0.94,0.24,95,222.4
3934,     ,12041,1,D,D     .21,0.55,0.14,95,222.4
3934,     ,22041,2, ,0.21,0.55,0.14,95,222.4
3939,     ,7602,1, , T    3.3,8.52,2.12,98,169.6
3940,     ,3941,1, ,16.85,42.846,0.68672,72,131.2
3940,D    ,3941,2,D,D   16.85,42.846,0.68672,72,131.2
3943,     ,3945,1, ,5.12,13.5,3.45,139,260.8
3945,     ,3944,1, ,0.02,0.05,0.01,139,260.8
3951,     ,280,1, ,0.6,3.14,0.895,172,329.6
3952,     ,9633,1, ,0.5151,2.0927,0.561,223,422.4
3954,     ,277,1, ,0.0315,0.233,0.0705,269,518.4
3955,     ,275,1, ,0.5502,3.4131,0.9922,218,422.4
3956,     ,3796,1, ,0.08,0.56,0.169,239,481.6
3957,     ,258,1, ,0.042,0.2393,0.068,249,428.8
3959,     ,9642,1, ,0.0505,0.2915,3.7835,210,400
3961,     ,3960,2, ,         ,17.02,1,33,52.8
3965,     ,230,1, , T   .649,5.28,10.717,392,796.8
3965,     ,230,2, , T   .649,5.28,10.717,392,796.8
3965,     ,3964,1, ,0.175,7.123,1,510,816
3966,     ,3962,1, ,         ,1.558,1,1065,1800
3966,     ,3963,1, ,         ,3.249,1,1065,1800
3966,     ,3977,1, ,         ,1.6529,1,1793,2868.8
3966,     ,3978,1, ,         ,2.2727,1,1793,2868.8
3967,     ,3965,1, , T     .9,6.97,13.7,392,796.8
3967,     ,3968,1, ,         ,8.71,1,272,435.2
3970,     ,220,1, ,         ,16,      1.014  .95 1.15       3970,75,120
3970,     ,220,2, ,         ,16,      1.014  .95 1.15       3970,75,120
3972,     ,269,1, ,         ,6.3775,1.054,999,1598.4
3972,     ,1673,1, ,0.01,0.01,0.01,999,1598.4
3973,     ,3971,3, ,         ,16.866,1,33,52.8
3974,     ,3975,1, ,         ,2.9761,1,999,1598.4
3975,     ,286,1, ,0.6611,2.686,0.7201,153,310.4
3975,     ,1622,1, ,0.5469,2.222,0.5957,153,310.4
3975,     ,1623,1, ,0.5342,2.1703,0.5818,153,310.4
3975,     ,1629,1, ,1.18,4.9341,1.265,153,310.4
3975,     ,9616,1, , T  .7272,2.9544,0.792,153,310.4
3975,     ,9617,1, , T  .7272,2.9544,0.792,153,310.4
3975,     ,9618,1, , T  .6242,2.5359,0.6798,153,310.4
3979,    D,3902,1,D,DT   11.2,19.12,0.22,36,70.4
3979,     ,3990,1, ,23.11,35.89,0.51,36,70.4
3980,     ,3991,1, ,0.0021,0.0119,0.0034,105,200
3980,     ,3992,1, ,0.0021,0.0119,0.0034,105,200
3980,     ,3994,1, ,1.8839,3.9134,0.9449,105,200
3980,     ,3996,1, ,3.2278,6.705,1.619,105,200
3983,     ,1903,1, ,2.7314,6.4398,1.69,139,260.8
3983,     ,1940,1, , T 2.7314,6.4398,1.69,139,260.8
3983,     ,4147,1, ,         ,0.01,                                ,999,1598.4
3987,     ,1987,1, ,         ,0.01,                                ,999,1598.4
3990,     ,3915,1, ,14.7,23.11,0.32,36,70.4
3991,     ,1755,1, ,2.98,10.59,2.854,105,200
3993,     ,3994,1, ,         ,39.56,1,999,1598.4
3995,     ,3996,1, ,         ,44.64,1,999,1598.4
3997,     ,3998,1, ,         ,44.64,1,999,1598.4
3998,     ,3996,1, ,0.8164,1.6958,0.4094,105,200
4000,     ,1627,1, ,1.017,2.113,2.041,134,214.4
4001,     ,4002,1, ,6.85,12.56,2.91,95,152
4002,     ,4003,1, ,3.168,5.438,1.229,95,152
4003,     ,4004,1, ,1.836,3.49,0.879,95,152
4004,     ,4005,1, ,2.5,4.58,1.15,34,54.4
4005,     ,4010,1, ,2.41,3.94,0.983,94,150.4
4006,     ,4010,1, ,2.86,5.08,1.16,95,152
4007,     ,4008,1, , T    2.4,5.65,1.387,125,256
4008,     ,4006,1, ,7.61,11.98,2.497,95,152
4009,     ,4008,1, , T   4.68,12.24,2.898,125,200
4011,     ,3161,1, ,3.18,8.18,2.011,125,200
4013,     ,4012,1, ,         ,9.85,1,50,80
4017,     ,4016,1, ,         ,18.5,1,57,91.2
4017,     ,4018,1, , T   3.29,6.93,1.645,96,153.6
4018,     ,332,1, , T     .9,2.37,0.535,71,113.6
4020,     ,1560,1, ,1.86,8.33,1.128,190,304
4021,     ,1474,1, ,1.6,4.12,1.017,125,262.4
4021,     ,4033,1, ,1.03,2.43,1.14,146,233.6
4022,     ,4023,1, ,1.7,3.99,0.873,143,228.8
4022,     ,4030,1, , T   1.29,3.04,0.66,96,200
4023,     ,4029,1, ,0.19,0.47,0.116,143,228.8
4024,     ,9096,1, ,0.69,1.52,0.523,150,256
4025,     ,4027,1, , T    .87,1.9,0.487,150,240
4025,     ,9096,1, ,0.53,1.17,0.419,150,256
4026,     ,9096,1, ,1.82,3.97,1.155,150,240
4027,     ,4026,1, , T   1.55,3.39,0.873,143,228.8
4027,     ,4029,2, , T   1.02,2.39,0.529,143,228.8
4027,     ,4092,1, ,2.544,6.601,1.619,125,200
4028,     ,4027,1, ,         ,4.76,      .9846 .9451.155      -4027,300,624
4028,     ,4027,2, ,         ,4.78,      .9846 .9451.155      -4027,300,624
4029,     ,4027,1, , T    .89,2.32,0.56,143,228.8
4031,     ,1478,1, , T    .84,1.9,0.487,180,320
4031,     ,1478,2, , T    .84,1.9,0.486,180,320
4031,     ,4030,1, ,2.84,6.3,1.564,150,256
4031,     ,4032,1, ,0.91,2.32,0.592,125,256
4032,     ,4033,1, ,0.38,1.32,0.49,143,228.8
4034,     ,1489,1, ,2.361,6.107,1.499,95,152
4034,     ,1493,1, ,1.716,2.895,0.681,94,192
4037,     ,4038,1, ,3.67,9.5,2.33,125,256
4038,     ,4041,1, ,5.59,14.49,3.56,125,256
4040,     ,3344,1, ,0.297,3.36,53.82,853,1720
4041,     ,4039,1, ,         ,24.324,1.025,112,179.2
4043,     ,2654,1, , T    .15,0.8,1.356,334,624
4043,     ,4042,1, ,         ,7.74,1.025,348,556.8
4049,     ,4051,1, ,         ,1.14,1.05,1050,2184
4049,     ,4051,2, ,         ,1.14,1.05,1050,2350.4
4050,     ,325,1, ,0.214,3.214,267.2,2442,4156.8
4050,     ,325,2, ,0.214,3.22,268,2442,4156.8
4050,     ,349,1, ,0.122,1.814,149.2,2442,4156.8
4050,     ,349,2, ,0.122,1.816,149.05,2442,4156.8
4050,     ,378,1, ,0.056,0.821,70.264,2442,4156.8
4050,     ,384,1, ,0.17,2.56,209.6,2447,4932.8
4050,     ,1490,1, ,         ,0.001,                                ,400,768
4051,     ,341,1, ,0.43,4.56,76,1123,2142.4
4051,     ,1569,1, ,         ,4.7,      .9991   .9  1.1      -1569,300,624
4051,     ,1569,2, ,         ,4.7,      .9991   .9  1.1      -1569,300,624
4053,     ,321,1, ,2.65,12.94,3.16,180,382.4
4053,     ,321,2, ,2.65,12.94,3.16,180,382.4
4053,     ,4052,1, ,         ,4.68,1,513,820.8
4055,     ,321,1, ,6.14,16.86,4.16,125,256
4055,     ,392,1, ,2.91,8.54,2.15,150,256
4055,     ,1506,1, ,1.94,6.14,1.55,125,256
4055,     ,1587,1, ,3.54,10.38,2.55,125,256
4055,     ,4054,1, ,         ,5.39,1.025,225,360
4056,     ,4057,1, ,1.14,2.9,0.742,125,228.8
4061,     ,4062,1, ,2.59,6.67,1.636,125,200
4061,     ,4063,1, ,7.39,19.5,4.62,72,132.8
4065,     ,4064,1, ,         ,8.34,1,420,672
4065,     ,4071,1, ,         ,5.3,1,225,500.8
4065,     ,4071,2, ,         ,4.97,1,225,504
4065,     ,9041,1, ,         ,8.34,1,999,1598.4
4066,     ,1551,1, ,4.6,14.2,3.5,125,256
4066,     ,1588,1, ,13.63,35.35,8.668,125,200
4066,     ,3008,1, ,         ,4.68,      .9778   .9  1.1       4066,300,672
4066,     ,3008,2, ,         ,4.68,      .9778   .9  1.1       4066,300,672
4066,     ,4037,1, ,7.1,18.3,4.5,125,256
4066,     ,4067,1, ,3.24,8.41,2.065,125,200
4067,     ,1551,1, , T    .73,1.86,0.476,125,200
4069,     ,4068,1, ,         ,7.545,1,106,211.2
4070,     ,4071,1, ,0.99,6.03,11.57,400,640
4073,     ,4069,1, ,5.29,13.72,3.37,95,152
4074,     ,4073,1, ,4.26,11.22,2.66,96,153.6
4080,     ,1557,1, ,16.8,24.55,5.512,94,152
4080,     ,4077,1, ,9.44,16.22,3.67,71,113.6
4081,     ,4070,1, ,         ,5.3,       .987   .9  1.1       4081,225,500.8
4081,     ,4070,2, ,         ,5.3,       .987   .9  1.1       4081,225,500.8
4081,     ,4077,1, ,7.78,20.19,4.95,125,262.4
4081,     ,4080,1, ,11.76,17.12,3.888,94,190.4
4081,     ,4082,1, ,4.982,21.283,5.7113,180,288
4081,     ,4364,1, ,1.09,1.64,3.777,94,152
4085,     ,1540,1, ,0.37,1.73,0.471,150,267.2
4085,     ,1546,1, ,0.71,3.74,0.787,153,291.2
4085,     ,1567,1, ,1.57,3.54,0.842,150,240
4085,     ,4365,1, ,0.72374,3.0082,0.82261,150,240
4085,     ,4378,1, ,0.55098,1.5886,4.0251,220,352
4086,     ,1569,1, ,0.385,1.748,0.5,125,232
4087,     ,1569,1, ,0.582,2.356,0.659,182,291.2
4090,     ,1578,1, ,3.39,8.8,2.159,125,256
4090,     ,4091,1, ,1.49,3.88,0.952,71,113.6
4092,     ,9075,1, ,1.197,3.106,0.762,150,240
4095,     ,1554,1, ,1.7559,4.5561,1.118,125,200
4095,     ,1563,1, ,2.87,6.77,1.664,125,225.6
4095,     ,1568,1, ,0.58858,1.4831,0.37478,143,228.8
4095,     ,1568,2, ,0.51412,1.2621,0.3003,191,305.6
4095,     ,4097,1, ,         ,-0.44,      1.093   .9  1.1       4095,375,600
4096,     ,4097,1, ,         ,61.4,1,125,240
4098,     ,308,1, ,0.144,1.49,23.64,1100,1760
4098,     ,331,1, ,0.137,1.42,24.87,1123,1796.8
4098,     ,4093,1, ,         ,0.001,                                ,105,168
4098,     ,4097,1, ,         ,4.2,1,375,600
4099,     ,1557,1, ,8.9792,23.298,5.7172,94,190.4
4101,     ,3330,1, ,2.25,6.5,1.581,114,182.4
4101,     ,4100,1, ,         ,24,1.025,50,80
4101,     ,4180,1,D,D        ,24,1.025,50,80
4102,     ,98,1, ,0.917,5.312,1.528,194,395.2
4105,     ,272,1, ,0.0185,0.1053,0.0299,194,395.2
4109,     ,279,1, ,0.302,1.976,1.14,359,726.4
4109,     ,1638,1, ,0.4324,1.7566,0.4709,153,310.4
4110,     ,170,1, ,         ,0.01,                                ,196,336
4111,     ,170,1, ,0.128,0.523,0.144,166,265.6
4111,     ,170,2, ,0.128,0.523,0.144,166,265.6
4112,     ,3953,1, , T  .2121,0.8617,0.231,172,329.6
4112,     ,4109,1, , T  .0308,0.3319,0.2016,359,726.4
4113,     ,272,1, ,0.0546,0.3111,0.0884,218,422.4
4114,     ,3999,1, ,         ,10,0.95,23,44.8
4114,     ,4000,1, , T  .4019,0.8349,0.2016,96,192
4120,     ,277,1, ,0.204,1.396,0.688,359,726.4
4120,     ,277,2, ,0.204,1.396,0.688,359,726.4
4120,     ,9601,1, ,         ,1.33,      .9833 .9451.155       4120,900,2016
4129,     ,591,1, ,3.9217,9.3646,2.4,139,260.8
4129,     ,4199,1, ,         ,0.1,                                ,999,1598.4
4129,     ,11981,1, ,0.0637,0.1523,0.04,139,260.8
4130,     ,11970,1,D,DT    .21,0.542,0.1346,139,260.8
4130,     ,21970,1, ,0.21,0.542,0.1346,139,260.8
4132,     ,3139,1, ,0.077,0.204,0.048,110,176
4132,     ,4280,1, ,1.24,3.2,0.7948,139,260.8
4142,     ,3108,1, ,0.0483,0.1269,0.03,999,1598.4
4145,     ,3983,1, ,0.63,1.626,0.4038,139,260.8
4153,     ,548,1, ,1.9,4.9039,1.2179,80,172.8
4155,     ,4159,1, ,0.04,0.1032,0.0256,80,172.8
4155,     ,4159,2, ,0.04,0.1032,0.0256,80,172.8
4157,     ,674,1, ,3.8,9.8078,2.436,80,172.8
4157,     ,4158,1, ,0.04,0.1032,0.0256,80,172.8
4172,     ,14172,1,D,D    .051,0.1316,0.0327,139,260.8
4172,     ,24172,2, ,0.051,0.1316,0.0327,139,260.8
4174,     ,3834,1, ,0.1,0.26,0.06,999,1598.4
4174,     ,4161,1, ,0.22,0.57,0.14,999,1598.4
4174,     ,11976,1,D,DT   .445,1.1485,0.2852,95,222.4
4174,     ,21976,1, , T   .445,1.1485,0.2852,95,222.4
4176,     ,4150,1, ,0.01,0.03,0.01,999,1598.4
4176,     ,4163,1, ,0.21,0.54,0.13,999,1598.4
4178,     ,3916,1, ,0.1,0.2581,0.0641,139,260.8
4178,     ,4165,1, ,0.42,1.08,0.27,139,260.8
4178,     ,4195,1, ,2.2,5.678,1.41,139,260.8
4181,     ,3930,1, ,0.01,0.01,                                ,999,1598.4
4181,     ,4167,1, ,0.06,0.15,0.04,999,1598.4
4182,     ,1563,1, ,0.4492,1.3063,                                ,95,152
4182,     ,4100,1,D,D        ,11.22,1.025,50,80
4182,     ,4180,1, ,         ,24,1.025,50,80
4183,     ,3804,1, ,0.01,0.01,                                ,999,1598.4
4183,     ,4169,1, ,0.27,0.7,0.17,999,1598.4
4183,     ,11933,1,D,DT    .34,0.8775,0.2179,95,222.4
4183,     ,21933,1, , T    .34,0.8775,0.2179,95,222.4
4188,     ,4187,1, ,         ,26.66,1,30,59.2
4189,     ,4188,1, ,         ,0.01,                                ,999,1598.4
4195,     ,741,1, ,1.05,2.71,0.6731,139,260.8
4196,     ,4137,1, ,2.192,5.57,0.089,72,131.2
4197,     ,4198,1, ,         ,0.1,                                ,999,1598.4
4200,     ,108,11, ,         ,2.641,      .9274 .8571.048        169,600,960
4200,     ,108,12, ,         ,2.6618,      .9274 .8571.048        169,600,1056
4200,     ,3955,1, , T  .0252,0.1864,0.0564,324,545.6
4201,     ,4200,1, ,0.12,1.51,2.13,999,1598.4
4201,     ,4203,1, ,         ,8,1,999,1664
4201,     ,4204,1, ,         ,6.56,1,999,1664
4201,     ,4205,1, ,         ,8,1,999,1664
4201,     ,4210,1, ,0.13,0.69,9.15,80,160
4202,     ,4206,1, ,         ,4,1,999,1598.4
4202,     ,4207,1, ,         ,4,1,999,1598.4
4202,     ,4208,1, ,         ,8,1,999,1598.4
4202,     ,4213,2, ,0.13,0.69,9.15,80,160
4218,     ,712,2, ,0.6964,1.8261,0.47,96,203.2
4218,     ,3059,2,D,D        ,0.01,                                ,127,203.2
4220,     ,2172,1, ,2.142,7.464,1.964,125,228.8
4221,     ,712,1, ,0.6964,1.8261,0.47,96,203.2
4221,     ,730,1, , T 1.4025,3.6775,0.94,96,172.8
4221,     ,3059,1, ,         ,0.01,                                ,127,203.2
4223,     ,2331,1,D,D   2.954,7.49,1.885,103,206.4
4223,     ,4224,1, ,0.594,1.506,0.379,103,206.4
4225,     ,4299,1, ,0.156,0.396,0.1,101,230.4
4227,     ,2290,1, ,0.138,0.366,0.086,103,206.4
4228,     ,4227,1, ,0.138,0.362,0.086,103,206.4
4229,     ,2255,1, ,1.54,4.03,0.996,86,152
4230,     ,602,1, ,6.4773,15.232,4.04,139,260.8
4230,     ,12330,1, ,0.515,1.354,0.316,103,206.4
4230,     ,22330,2, ,0.515,1.354,0.316,103,206.4
4231,     ,2328,1, ,0.3353,0.8252,0.2205,216,404.8
4232,     ,2331,1, ,1.93,4.72,5.62,103,206.4
4232,     ,4231,1, ,0.4816,1.1854,0.3168,216,404.8
4236,     ,652,4, ,         ,84,      .9747 .8261.058       4236,12,19.2
4236,     ,4237,1, ,         ,0.01,                                ,999,1598.4
4239,     ,4275,1, ,         ,0.01,                                ,999,1598.4
4239,     ,11654,1, ,1.4026,6.5082,1.9,115,254.4
4240,     ,2251,1, ,0.132,0.325,0.087,103,206.4
4241,     ,2244,1, ,0.233,0.574,0.153,103,206.4
4242,     ,2230,1,D,D    .285,0.707,0.186,103,206.4
4243,     ,2224,1, ,0.192,0.495,0.12,103,187.2
4244,     ,4245,1, ,0.247,1.324,0.408,188,305.6
4245,     ,2145,1, ,0.178,0.952,0.293,188,305.6
4245,     ,2220,1, ,0.741,1.824,0.487,103,206.4
4247,     ,2122,1, ,0.082,0.439,0.135,188,305.6
4250,     ,2234,1, ,2.592,9.381,2.313,125,286.4
4254,     ,577,1, ,0.703,1.731,0.463,101,230.4
4256,     ,2107,1, ,0.928,2.283,1.61,101,228.8
4256,     ,2142,1, ,0.244,0.601,0.161,101,228.8
4257,     ,2208,1, ,0.627,1.531,0.414,103,206.4
4258,     ,2120,1, ,2.651,4.783,1.082,69,155.2
4259,     ,2277,1,D,D   1.601,3.992,1.004,103,206.4
4259,     ,2293,1, ,1.601,3.992,1.004,101,230.4
4260,     ,2331,2, ,0.336,1.353,0.402,216,404.8
4261,     ,2298,1, ,3.739,9.715,2.318,103,206.4
4262,     ,2251,1, ,0.741,1.823,0.487,103,206.4
4264,     ,2138,1, ,16.76,25.24,0.348,34,76.8
4264,     ,2158,1, ,18.412,27.72,0.37,34,76.8
4265,     ,2282,1, ,0.6443,2.1783,0.6168,86,152
4265,     ,4295,1, ,1.18,4.05,1.01,125,286.4
4266,     ,2268,1, ,0.4314,2.309,0.7106,188,305.6
4269,     ,575,1,D,D    .004,0.026,0.015,432,809.6
4270,     ,575,2,D,D    .164,1.046,0.596,432,809.6
4271,     ,4269,1, ,0.574,2.892,1.119,216,345.6
4272,     ,4270,2, ,0.414,1.871,0.537,216,345.6
4273,     ,4271,1, ,0.257,1.38,0.409,216,345.6
4273,     ,6610,1, ,0.847,4.714,1.407,249,468.8
4274,     ,4272,2, ,0.257,1.38,0.409,216,345.6
4274,     ,6610,2, ,0.847,4.714,1.407,249,468.8
4276,     ,2192,1, ,         ,21.84,       .983 .9091.111      -2192,42,86.4
4276,     ,2208,1, , T    .68,1.68,0.46,103,206.4
4276,     ,2252,1, ,0.44,1.09,0.289,103,206.4
4278,     ,2200,1, ,0.584,1.445,0.386,103,238.4
4279,     ,2259,1, ,23.35,25.76,0.3833,34,76.8
4280,     ,4195,1, ,1.24,3.2,0.7948,139,260.8
4280,     ,4281,1, ,1.2,3.1,0.77,139,260.8
4284,     ,4285,1, ,0.001,0.001,0.001,80,172.8
4284,     ,22678,2, ,0.2233,0.529,0.14,139,260.8
4286,     ,2349,1, ,0.54,1.57,0.35,103,206.4
4289,     ,568,1,D,D     1.5,3.712,0.993,101,230.4
4289,     ,4254,1, ,0.888,2.165,0.578,103,206.4
4291,     ,602,1, , T       ,0.01,                                ,139,260.8
4292,     ,2323,1,D,D        ,0.001,                                ,72,115.2
4292,     ,2324,1, ,12.78,19.29,0.26,29,46.4
4293,     ,2297,1,D,D        ,0.001,                                ,72,115.2
4293,     ,2317,1, ,4.81,7.17,0.1,34,60.8
4294,     ,3111,1, ,2.17,6.728,1.905,125,286.4
4295,     ,3111,1, ,3.095,9.612,2.722,125,286.4
4296,     ,3111,1, ,0.562,2.765,0.853,249,468.8
4296,     ,4298,1, ,1.077,5.299,1.634,249,468.8
4297,     ,2306,1, ,0.796,3.917,1.208,249,468.8
4297,     ,2335,1, ,0.109,0.247,0.066,101,230.4
4297,     ,3111,1, ,0.515,2.534,0.781,249,468.8
4298,     ,4226,1, ,0.875,1.978,0.529,101,230.4
4298,     ,4299,1, ,0.14,0.691,0.213,249,468.8
4300,     ,4302,1, ,         ,4.165,                                ,999,1598.4
4301,     ,4303,1, ,         ,4.165,                                ,999,1598.4
4302,     ,541,1, , T    .37,1.67,0.68,206,387.2
4302,     ,541,2, , T    .37,1.67,0.68,206,387.2
4303,     ,4302,1, ,         ,0.01,                                ,999,1598.4
4304,     ,530,1, ,         ,4.5,      .9382  .861.188       4304,300,576
4304,     ,530,2, ,         ,4.5,      .9382  .861.188       4304,300,576
4304,     ,19127,1, ,0.1473,1.002,0.5304,390,739.2
4304,     ,29127,2, ,0.1473,1.002,0.5304,390,739.2
4305,     ,105,1,D,DT     .1,1.56,131.2,1855,3739.2
4305,     ,108,1,D,D    .019,0.319,32.48,1855,3739.2
4320,     ,4321,1, ,1.3846,3.5922,0.8767,125,238.4
4321,     ,1510,1, ,0.3365,0.8732,0.2131,125,238.4
4322,     ,4324,1, ,0.6225,1.6153,0.3964,47,75.2
4323,     ,1510,1, ,0.5539,1.4456,0.3488,125,238.4
4328,     ,4330,1, ,6.28,10.42,0.158,36,57.6
4340,     ,1512,1, ,0.569,2.591,0.734,180,288
4344,     ,9050,2, ,         ,24.4,      1.008   .9  1.1       4344,33,73.6
4345,    D,9072,1,D,D   .0462,0.24207,8.68,286,457.6
4345,     ,9073,1, ,0.04568,0.23471,8.48,286,457.6
4347,     ,381,3, ,         ,27.9,1.005,40,86.4
4365,     ,9027,1, ,0.94387,3.9216,1.0724,150,240
4367,     ,9073,1, ,0.581,1.488,0.371,125,200
4367,D    ,9076,1,D,D   2.286,5.855,1.452,95,152
4367,     ,9077,1, ,0.413,1.482,0.376,143,228.8
4372,     ,382,1, ,14.825,21.929,4.827,94,192
4372,     ,4371,1, ,2.5041,6.3689,1.6265,125,200
4373,     ,332,1, ,         ,72.5,        1.1   .9  1.1       4373,33,68.8
4374,     ,332,1, ,         ,71.3,      1.071   .9  1.1       4374,33,68.8
4378,     ,1546,1, ,0.89933,2.4879,4.2554,220,352
4379,     ,1549,1, ,0.12376,0.29337,0.07448,125,256
4400,     ,4401,1, ,1.04,2.536,0.648,75,120
4401,     ,4402,1, ,         ,50,1,30,57.6
4402,     ,4403,1, ,9.26,19.14,0.028,20,40
4402,     ,4404,1, ,0.33,0.66,0.001,20,40
4402,     ,4405,1, ,14.37,29.7,0.045,20,40
4416,     ,4417,1, ,         ,22.5,1,30,52.8
4417,     ,4425,1, ,0.33,1.11,0.299,120,240
4417,     ,4870,1, ,0.063,0.243,0.068,120,240
4424,     ,4425,1, ,         ,22.5,1,30,52.8
4425,     ,4830,1, , T    .72,2.8,0.78,120,240
4430,     ,4431,1, ,         ,31.3,1,20,40
4433,     ,4435,1, ,0.37,1.44,0.4,136,272
4433,     ,4437,1, ,0.79,3.04,0.8,136,272
4434,     ,4435,1, ,         ,33.75,1,20,40
4435,     ,4431,1, ,1.0894,3.1983,0.7643,999,1598.4
4436,     ,4437,1, ,         ,62,1,10,19.2
4438,     ,4439,1, ,         ,25.04,1,10,19.2
4439,     ,4441,1, ,0.4,1.56,0.04,136,272
4439,     ,4441,2, ,0.4,1.56,0.04,136,272
4440,     ,4441,1, ,         ,31.3,1,25,48
4441,     ,4874,1, ,0.86,3.31,0.9,136,272
4441,     ,4874,2, ,0.86,3.31,0.9,136,272
4442,     ,4443,1, ,         ,31.3,1,50,88
4443,     ,4435,1, ,0.8489,5.9238,1.6569,999,1598.4
4443,     ,4874,1, , T  .0096,0.0671,0.0188,136,272
4444,     ,4445,1, ,         ,45.5,1,25,43.2
4445,     ,4447,1, ,0.6109,1.7934,0.4286,136,272
4446,     ,4447,1, ,         ,22.5,1,60,100.8
4448,     ,4868,1, , T  1.645,9.697,19.3,279,556.8
4448,     ,4868,2, , T  1.645,9.697,19.3,279,556.8
4448,     ,4874,1, ,         ,12,      .9971   .9  1.1      -4874,100,160
4448,     ,4874,2, ,         ,12,      .9971   .9  1.1      -4874,100,160
4448,     ,4874,3, ,         ,12,      .9971   .9  1.1      -4874,100,160
4460,     ,4461,1, ,         ,22.5,1,30,52.8
4461,     ,4845,1, ,4.67,11.91,3.111,86,160
4462,     ,4465,1, ,         ,2.58,1,350,560
4465,D   D,4495,1,D,D    .042,0.693,99.5,2036,4073.6
4472,     ,4473,1, ,1.17,35.3,1,34,54.4
4473,     ,4477,1, ,0.315,0.81,0.398,98,195.2
4474,     ,4475,1, ,0.77,23.5,1,51,81.6
4475,     ,4477,1, ,0.157,0.4,0.194,98,195.2
4476,     ,4477,1, ,1.3,40,1,30,48
4477,     ,4469,1, ,3.239,13.89,3.3166,120,240
4492,     ,4493,1, ,         ,0.98,0.9524,2500,4000
4494,     ,4493,1, ,0.005,0.084,11.2,2036,4073.6
4494,     ,4493,2, ,0.005,0.084,11.2,2036,4073.6
4495,     ,4494,1, ,0.191,3.281,453,2716,5432
4495,     ,4494,2, ,0.191,3.281,453,2716,5432
4495,     ,4674,1, ,0.05289,0.87426,117.14,2716,5432
4497,     ,4495,1, , T   .227,3.796,529.99,2716,5432
4498,     ,4499,1, ,         ,29.54,                                ,16,25.6
4500,     ,4501,1, ,         ,26.6,                                ,16,25.6
4502,     ,4499,1, ,         ,18.285,1.025,50,96
4502,     ,4501,1, ,         ,15.74,1.025,50,96
4502,     ,4509,1, ,         ,18.285,1.025,50,96
4502,     ,4540,2, ,         ,-6.125,                                ,438,945.6
4502,     ,4541,1, ,         ,-5.96,                                ,233,470.4
4503,     ,4499,1, ,         ,-1.505,      1.013   .9  1.1       4503,50,96
4503,     ,4501,1, ,         ,0.74,      1.012   .9 1.11       4503,50,96
4503,     ,4509,1, ,         ,-1.505,      1.013   .9  1.1       4503,50,96
4503,     ,4653,1, ,9.8186,23.597,5.9469,86,137.6
4503,     ,4653,2, ,9.8186,23.597,5.9469,86,160
4504,     ,4507,1, ,4.1,19.76,36.08,210,424
4505,     ,231,2, ,1.27,13.62,49.47,478,764.8
4506,     ,4509,1, ,         ,29.54,1,16,25.6
4508,     ,4502,1, ,         ,-6.5,                                ,210,424
4508,     ,4510,1, , T   4.51,21.69,42.63,210,424
4511,     ,4502,2, ,1.5,16.1,59.01,478,764.8
4512,     ,4522,1, , T  3.063,16.05,31.81,210,424
4513,     ,791,1, ,7.6,19.73,4.99,93,188.8
4513,     ,4516,1, ,         ,83.3,        .94 .9061.094      -4516,15,24
4513,     ,4619,1, ,9.1723,22.485,5.7722,94,150.4
4514,     ,4515,1, ,         ,1.73,1,750,1560
4515,     ,4524,1, ,1.3692,9.4722,49.276,558,1124.8
4517,     ,4514,1, ,0.31,4.86,445.2,2460,3936
4517,     ,4514,2, , T    .23,4.01,536.8,1260,5147.2
4517,     ,4518,1, ,         ,3.2,      1.086   .9  1.1      -4518,450,720
4517,     ,4578,1, , T   .219,3.793,530.8,2716,5432
4517,     ,4579,1, , T   .219,3.793,530.8,2716,5432
4518,     ,4502,1, ,0.02,0.17,0.86,558,892.8
4518,     ,4502,2, ,0.02,0.17,0.86,558,892.8
4521,     ,4522,1, ,1.57,7.81,14.25,173,276.8
4521,     ,4523,1, ,         ,41.42,1.03,68,108.8
4521,     ,4525,1, ,         ,13.235,1.03,106,169.6
4522,     ,4524,1, ,         ,-5.726,                                ,398,860.8
4522,     ,4528,1, ,         ,7.82,1,100,192
4522,     ,4529,1, ,         ,8.56,1,100,192
4522,     ,4532,1, ,3.6635,17.689,32.885,233,470.4
4522,     ,4532,2, ,3.6635,17.689,32.885,233,470.4
4522,     ,4539,1, ,         ,8.015,1,100,224
4522,     ,4541,1, ,4.1,19.86,37.07,233,470.4
4522,     ,4629,1, ,         ,7.82,1,100,224
4526,     ,4529,1, ,         ,14.2,1,33,52.8
4527,     ,4528,1, ,         ,14.403,1,33,52.8
4531,     ,4588,1, ,         ,-1.36,                                ,2460,5126.4
4531,     ,4591,1, ,         ,-1.69,                                ,1665,3936
4531,     ,4595,1, ,         ,-1.36,                                ,2460,5126.4
4531,     ,4677,1,D,D        ,0.001,                                ,300,480
4532,     ,4515,1, ,0.137,1.141,4.2229,558,1124.8
4532,     ,4515,2, ,0.137,1.141,4.2229,558,1124.8
4532,     ,4530,1, ,         ,0.001,                                ,70,112
4532,     ,4542,1, ,1.7902,10.585,19.856,387,692.8
4532,     ,4545,1, ,         ,8.58,1,100,192
4532,     ,4546,1, ,         ,8.53,1,100,192
4532,     ,4547,1, ,         ,8.56,1,100,192
4532,     ,4548,1, ,         ,9.02,1,100,192
4532,     ,4549,1, ,         ,8.68,1,100,192
4532,     ,4711,2, ,0.2322,1.9316,7.147,532,1072
4533,     ,4545,1, , T       ,-0.334,1,100,192
4533,     ,4546,1, , T       ,-0.29,1,100,192
4533,     ,4547,1, , T       ,-0.3,1,100,192
4533,     ,4548,1, , T       ,-0.85,1,100,192
4533,     ,4549,1, , T       ,-0.415,1,100,192
4533,     ,4701,1, ,0.346,1.339,0.371,136,270.4
4533,     ,4703,1, , T  1.178,2.322,0.572,70,134.4
4533,     ,4703,2, , T  1.178,2.322,0.572,70,134.4
4533,     ,4733,1, ,0.331,1.278,1.418,272,540.8
4533,     ,4796,1, ,         ,50.35,      .9497  .85 1.05      -4796,25,48
4533,     ,4797,1, ,         ,49.95,      .9606   .9  1.1      -4797,25,40
4534,     ,4545,1, ,         ,14.21,1,33,52.8
4535,     ,4546,1, ,         ,14.11,1,33,52.8
4536,     ,4547,1, ,         ,14.23,1,33,52.8
4537,     ,4548,1, ,         ,15.72,1,33,52.8
4538,     ,4549,1, ,         ,15.515,1,33,52.8
4540,     ,4522,2, ,1.69,12.25,62.499,438,945.6
4542,     ,4515,1, ,0.9531,7.1165,35.632,557,1115.2
4542,     ,4550,1, ,         ,13.575,       .943   .9  1.1      -4544,100,224
4542,     ,4551,1, ,         ,13.575,       .943   .9  1.1      -4544,100,224
4542,     ,4552,1, ,1.6669,9.8508,18.466,239,382.4
4542,     ,4552,2, ,1.6078,9.5274,19.136,278,556.8
4543,     ,4539,1, ,         ,14.825,1,2,3.2
4544,     ,4550,1, ,         ,-1.425,1,100,224
4544,     ,4551,1, ,         ,-1.425,1,100,224
4544,     ,4803,2, ,0.3,1.22,0.323,120,224
4550,     ,4560,1, ,         ,23.425,1,2,3.2
4551,     ,4561,1, ,         ,23.425,1,2,3.2
4552,     ,4553,1, ,         ,41.58,         1.   .9  1.1      -4554,30,57.6
4552,     ,4559,1, ,         ,30.48,         1.   .9  1.1      -4554,30,57.6
4552,     ,4562,1, ,2.253,13.34,26.27,279,556.8
4552,     ,4572,1, ,1.497,8.841,16.559,239,382.4
4552,     ,4671,1, ,         ,36.712,1,33,54.4
4552,     ,4868,1, ,2.1062,17.401,70.096,558,1115.2
4552,     ,4868,2, ,2.1062,17.401,70.096,558,1115.2
4553,     ,4554,1, ,         ,-1.08,1,30,57.6
4554,     ,4671,1, ,         ,-0.682,         1.   .9  1.1       4554,33,54.4
4554,     ,4904,1, ,         ,0.01,                                ,70,112
4555,     ,4553,1, ,         ,107.91,1,10,16
4556,     ,4559,1, ,         ,110.9,1,10,49.6
4559,     ,4554,1, ,         ,9.72,1,30,57.6
4562,     ,4568,1, ,         ,39.5,      1.002   .9  1.1      -4564,30,57.6
4562,     ,4569,1, ,         ,30.48,      1.002   .9  1.1      -4564,30,57.6
4562,     ,4582,1, ,1.1956,7.0546,13.196,239,382.4
4562,     ,4582,2, ,1.196,7.084,13.95,279,556.8
4563,     ,4495,1, ,0.219,3.793,530.8,2716,5432
4564,     ,4568,1, ,         ,-1.9,1,30,57.6
4564,     ,4569,1, ,         ,9.72,1,30,57.6
4564,     ,4710,1, ,2.1415,8.0563,0.15,60,96
4564,     ,4914,1, ,2.9336,5.6378,0.09,37,59.2
4565,     ,4497,1, , T       ,-1.629,                                ,2716,5432
4565,     ,4563,1, , T       ,-1.629,                                ,2716,5432
4565,     ,4665,1,D,D        ,0.001,                                ,300,480
4566,     ,4569,1, ,         ,110.9,1,10,16
4567,     ,4568,1, ,         ,113.6,1,10,16
4570,     ,2939,1, ,         ,3.6402,      .9918   .9  1.1      -4571,400,768
4570,     ,4531,1, ,0.166,2.512,227.4,2468,4849.6
4570,     ,4531,2, ,0.166,2.512,227.4,2468,4849.6
4570,     ,4571,2, ,         ,3.293,      .9918   .9  1.1      -4571,400,768
4570,     ,4571,3, ,         ,3.308,      .9918   .9  1.1      -4571,400,768
4570,     ,4571,4, ,         ,3.308,      .9918   .9  1.1      -4571,400,768
4571,     ,766,1, ,0.24,2.378,9.55,637,1294.4
4571,     ,766,2, ,0.24,2.378,9.55,637,1294.4
4571,     ,2939,1, ,         ,-0.338,1,400,768
4571,     ,3714,1, ,0.1889,1.886,7.356,637,1294.4
4572,     ,4519,1, ,         ,13.178,1,75,168
4572,     ,4562,1, , T  .8407,4.957,9.261,239,382.4
4572,     ,4576,1, ,         ,31.12,      .9775   .9  1.1      -4576,33,52.8
4572,     ,4590,1, ,         ,40.33,       .975 .975  1.1      -4590,33,52.8
4575,     ,4519,1, ,         ,-0.8383,      1.043   .9  1.1       4575,75,168
4575,     ,4640,1, ,9.03,23.08,5.54,100,192
4577,     ,4519,1, ,         ,21.105,1,15,24
4578,     ,4565,1, , T       ,-2.064,                                ,2716,5432
4579,     ,4565,1, , T       ,-2.064,                                ,2716,5432
4581,     ,4580,1, ,         ,15.17,1,33,52.8
4582,     ,4580,1, ,         ,8.33,1,100,192
4582,     ,4584,1, ,         ,8.5614,1,100,192
4582,     ,4589,1, ,         ,8.85,1,100,192
4582,     ,4675,1, ,         ,3.2,0.95,430,832
4583,     ,4580,1, ,         ,-0.62,      1.014   .9  1.1       4583,100,192
4583,     ,4584,1, ,         ,-0.7114,      1.014   .9  1.1       4583,100,192
4583,     ,4589,1, ,         ,-0.55,      1.027   .9  1.1       4583,100,192
4583,     ,4922,1, ,0.71,2.45,0.64,120,224
4583,     ,4933,1, ,1.11,4.42,1.25,128,256
4583,     ,4933,2, ,1.11,4.42,1.25,128,256
4586,     ,4589,1, ,         ,14.55,                                ,33,52.8
4587,     ,4584,1, ,         ,15.105,1,33,52.8
4588,     ,4517,1, ,0.16,2.58,379.2,2460,5126.4
4591,     ,4517,1, ,0.22,3.38,286.74,1665,3936
4592,     ,21,1, ,         ,9.6,1.025,240,384
4592,     ,4542,1, ,1,6.16,11.73,239,382.4
4593,     ,4533,1, ,0.133,1.122,0.669,386,617.6
4593,     ,4596,1, ,         ,7.527,1,320,576
4593,     ,4597,1, ,         ,6.481,1,186,297.6
4593,     ,4713,1, ,0.36,2.207,1.279,294,470.4
4593,     ,4733,1, ,0.527,3.225,1.869,294,470.4
4594,     ,4520,1, ,         ,5.9333,1,185,296
4594,     ,4522,1, , T   2.62,12.58,23.22,233,372.8
4595,     ,4517,1, ,0.162,2.719,353.2,2460,5126.4
4598,     ,101,1, , T  .1798,2.761,236.41,1855,3803.2
4598,     ,101,2, , T  .1801,2.7657,236.83,1855,3803.2
4598,     ,4531,1, , T   .216,3.742,523,2716,5432
4598,     ,4531,2, , T    .22,3.74,523,2716,5432
4600,     ,4606,1, ,0.211,0.583,0.194,160,256
4601,     ,4638,1, ,         ,45.45,1,22,35.2
4601,     ,4642,1, , T  1.144,2.839,0.709,94,195.2
4602,     ,4605,1, ,         ,35,1,999,1598.4
4602,     ,4643,1, ,2.576,7.346,1.778,100,192
4603,     ,4600,1, ,0.06,0.13,0.04,127,203.2
4606,     ,4623,1, ,1.478,4.08,1.357,160,256
4607,     ,4645,1, ,15.07,42.2,0.07,25,48
4607,     ,4647,1, ,4.15,8.58,0.013,25,48
4607,     ,4649,1, ,         ,116,1,20,40
4607,     ,4697,1, ,         ,138.46,1,5,8
4607,     ,4698,1, ,         ,138.46,1,5,8
4610,     ,4602,1, ,1.233,3.517,0.85,20,40
4610,     ,4609,1, ,         ,46,1,20,40
4611,     ,4513,1, ,3,7.75,1.86,80,160
4612,     ,4611,1, , T   .072,0.276,0.07,80,153.6
4612,     ,4617,1, ,         ,26.67,1,30,64
4613,     ,4615,1, ,         ,51.45,      .9709   .9  1.1      -4615,20,40
4613,     ,4619,1, ,0.5,1.27,0.324,80,160
4616,     ,4611,1, ,7.57,22.094,5.342,100,160
4619,     ,4623,1, ,9.1723,22.485,5.7722,94,195.2
4620,     ,4631,1, ,         ,40,1,25,48
4620,     ,4637,1, ,6.534,12.89,3.179,60,118.4
4623,     ,4400,1, ,7.43,18.16,4.643,94,188.8
4623,     ,4528,1, ,         ,-0.58,       1.04   .9  1.1       4623,100,192
4623,     ,4529,1, ,         ,-0.33,      1.085   .9  1.1       4623,100,192
4623,     ,4539,1, ,         ,-0.585,       1.04   .9  1.1       4623,100,224
4623,     ,4624,1, ,1.25,3.2,0.77,86,160
4623,     ,4625,1, ,         ,48,      1.009   .9  1.1      -4625,26,48
4623,     ,4626,1, ,         ,46.8,      1.024   .9  1.1      -4626,20,40
4623,     ,4627,1, ,         ,43,      .9874 .8751.075      -4627,20,40
4623,     ,4628,1, ,3.26,6.28,1.7,100,203.2
4623,     ,4629,1, ,         ,-0.58,       1.04   .9  1.1       4623,100,224
4623,     ,4633,1, ,1.26,2.6,0.63,60,118.4
4623,     ,4634,1, ,0.58,2.32,0.61,120,224
4623,     ,4637,1, ,12.44,23.92,6.47,60,118.4
4623,     ,4661,1, ,         ,48,         1.   .9  1.1       4623,25,48
4623,     ,4773,1, ,6.86,26.65,7.44,100,192
4630,     ,4629,1, ,         ,14.2,1,33,52.8
4633,     ,4634,1, , T    .57,1.46,0.351,86,160
4633,     ,4635,1, ,         ,45,1,30,56
4633,     ,4636,1, ,         ,43,      .9962 .8751.075      -4636,30,56
4641,     ,4601,1, , T  1.144,2.839,0.709,94,160
4642,     ,4533,1, , T   3.83,10.22,2.46,94,195.2
4643,     ,4400,1, ,0.54,1.319,0.337,94,188.8
4643,     ,4641,1, ,6.6,17.59,4.21,94,195.2
4643,     ,4645,1, ,         ,50,1,20,40
4643,     ,4646,1, ,         ,43.2,      .9802   .9  1.1      -4646,10,19.2
4645,     ,4689,1, ,182.95,119.92,0.17,11,20.8
4646,     ,4687,1, ,         ,85.733,1,7,14.4
4647,     ,4650,1, ,         ,87.5,1,30,52.8
4648,     ,4604,1, ,         ,87.5,1,10,20.8
4648,     ,4687,1, ,122.6,130.6,0.24,20,40
4648,     ,4688,1, ,6.67,366.67,1,3,4.8
4653,     ,4656,1, ,         ,48,      1.051   .9  1.1      -4656,20,40
4653,     ,4657,1, ,         ,40,      .9981   .9  1.1      -4657,30,48
4653,     ,4663,1, ,14.455,37.026,9.3289,86,147.2
4653,     ,4663,2, ,14.455,37.026,9.3289,86,147.2
4654,     ,4832,1, ,64.19,164.1,0.154,20,40
4654,     ,4832,2, ,64.19,164.1,0.154,20,40
4658,     ,4840,1, ,0.19,0.25,0.063,40,80
4663,     ,4666,1, ,         ,94.1,      1.016   .9  1.1      -4666,10,20.8
4663,     ,4673,1, ,7.4931,19.123,4.7987,86,160
4672,     ,4671,1, ,         ,13.076,1,3,4.8
4673,     ,4676,1, ,         ,94.1,      .9632   .9  1.1      -4676,20,36.8
4673,     ,4683,1, ,6.4883,16.659,4.1635,80,160
4674,     ,4497,1, ,0.17833,3.0067,414.74,2716,5432
4674,     ,4675,1, ,0.01757,0.29048,38.157,2716,5432
4683,     ,4686,1, ,         ,82.6,1,10,20.8
4683,     ,4693,1, ,12.168,29.428,7.2564,86,160
4687,     ,4645,1, ,0.1,0.1,0.1,999,1598.4
4689,     ,4691,1, ,         ,238.36,1,3,4.8
4689,     ,4692,1, ,         ,178.7,1,5,8
4690,     ,4683,1, , T  15.37,37.172,9.166,80,160
4693,     ,4694,1, ,12.149,46.652,12.474,100,192
4694,     ,4695,1, ,8.8531,33.996,9.09,100,192
4695,     ,4696,1, ,6.6107,25.386,6.7876,100,192
4699,     ,4651,1, ,1.7757,7.0331,0.0149,42,83.2
4699,     ,4651,2, ,1.7757,7.0331,0.0149,42,83.2
4699,     ,4977,1, ,1.7757,7.0331,0.0149,42,83.2
4699,     ,4977,2, ,1.7757,7.0331,0.0149,42,83.2
4699,     ,4979,1, ,0.8523,3.3759,0.00718,42,83.2
4700,     ,4514,1, ,0.3202,4.6214,431.61,1131,2153.6
4700,     ,4862,1, ,         ,1.8304,      1.003.83861.025      -4862,750,1200
4700,     ,4862,2, ,         ,1.8304,      1.003.83861.025      -4862,750,1200
4701,     ,4702,1, ,0.122,0.436,0.134,136,270.4
4701,     ,4713,1, ,0.944,3.651,1.012,136,270.4
4703,     ,4706,1, ,         ,44.95,      .9404   .9  1.1      -4706,30,56
4703,     ,4707,1, ,         ,44.95,      .9418   .9  1.1      -4707,30,56
4703,     ,4708,1, ,         ,44.95,      .9191   .9  1.1      -4708,50,88
4703,     ,4709,1, ,         ,48,      .9495   .9  1.1      -4709,30,56
4703,     ,4753,1, ,10.95,21.64,5.343,60,118.4
4711,     ,4532,1, ,0.2322,1.9316,7.147,532,1072
4711,     ,4714,1, ,         ,6.67,1,150,288
4711,     ,4715,1, ,         ,6.67,1,150,288
4711,     ,4862,1, ,2.548,21.905,84.93,532,1072
4713,     ,4712,1, , T   .252,1.315,0.813,245,489.6
4713,     ,4716,1, ,         ,48,      .9499   .9  1.1      -4716,50,88
4713,     ,4717,1, ,         ,48,      .9304   .9  1.1      -4717,50,88
4713,     ,4718,1, ,         ,48,      .9689   .9  1.1      -4718,30,56
4713,     ,4783,1, ,1.08,2.636,0.673,86,160
4713,     ,4793,2, , T   .617,2.386,0.661,136,270.4
4713,     ,4893,1, , T 11.254,22.187,5.465,60,118.4
4714,     ,4712,1, ,         ,0.98,1,150,288
4715,     ,4712,1, ,         ,0.98,1,150,288
4723,     ,4726,1, ,         ,43.1,      .9551   .9  1.1      -4726,20,40
4723,     ,4727,1, ,         ,47.6,      .9356   .9  1.1      -4727,30,56
4723,     ,4728,1, ,         ,47.6,      .9488   .9  1.1      -4728,20,40
4723,     ,4729,1, ,         ,47.6,      .9367   .9  1.1      -4729,30,56
4723,     ,4730,1, ,4.616,9.105,2.244,70,134.4
4723,     ,4733,2, ,1.14,5.04,1.417,100,192
4723,     ,4781,1, ,0.31,1.21,0.33,120,192
4723,     ,4793,1, ,0.63,2.434,0.675,136,270.4
4723,     ,4793,2, ,0.63,2.434,0.675,136,270.4
4725,     ,4793,1, ,6.7945,13.408,3.31,84,168
4733,     ,4736,1, ,         ,51.3,1,50,88
4733,     ,4737,1, ,         ,45,1,20,40
4733,     ,4749,2, ,0.28,1.16,0.31,136,270.4
4743,     ,4746,1, ,         ,48,      .9327   .9  1.1      -4746,30,56
4743,     ,4747,1, ,         ,48,      .9209   .9  1.1      -4747,50,88
4749,     ,4723,2, ,1.18,4.81,1.3,136,270.4
4749,     ,4743,1, , T   .467,1.14,0.291,136,270.4
4753,     ,4757,1, ,         ,41.5,1,16,32
4753,     ,4763,1, ,5.2,10.8,2.9,60,118.4
4754,     ,4758,1, ,         ,146.4,1,10,16
4755,     ,4754,1, ,6.2,7.9,0.1,8,16
4755,     ,4757,1, ,         ,143,1,7,14.4
4763,     ,4765,1, ,         ,39,1,20,40
4763,     ,4766,1, ,         ,48.1,      .9284   .9  1.1      -4766,20,40
4763,     ,4773,1, ,12.56,26.05,6.32,60,118.4
4773,     ,4775,1, ,         ,50,       .963   .9  1.1      -4775,20,40
4773,     ,4776,1, ,         ,48,      .9581   .9  1.1      -4776,30,56
4773,     ,4778,1, ,5.32,13.59,3.26,100,192
4778,     ,4407,1, ,4.668,11.399,2.91,86,137.6
4778,     ,4777,1, ,9.06,21.73,5.73,100,192
4783,     ,4786,1, ,         ,43.1,      .9734   .9  1.1      -4786,20,40
4783,     ,4787,1, ,         ,43.1,      .9503   .9  1.1      -4787,20,40
4793,     ,4713,1, ,0.617,2.386,0.661,136,270.4
4793,     ,4794,2, ,         ,33.33,      .9596   .9  1.1      -4794,30,72
4793,     ,4795,1, ,         ,33.33,      .9283   .9  1.1      -4795,40,88
4800,     ,4802,1, ,1.96,3.87,0.956,60,118.4
4802,     ,4807,1, ,2.75,5.42,1.335,60,118.4
4803,     ,4725,1, ,6.5339,12.893,3.1786,84,168
4803,     ,4801,1, ,1.88,3.85,0.97,60,118.4
4803,     ,4806,1, ,         ,47.3,       1.03   .9  1.1      -4806,40,67.2
4803,     ,4813,1, ,5.47,11.17,2.59,60,118.4
4803,     ,4823,1, ,11.06,23.39,5.44,67,128
4805,     ,4804,1, ,         ,13.333,1,138,220.8
4805,     ,4807,1, ,3.089,8.134,2.085,86,160
4805,     ,4807,2, ,3.089,8.134,2.085,86,160
4807,     ,4860,1, ,         ,-0.367,      .9537   .9  1.1       4807,300,576
4807,     ,4864,1, ,         ,-0.5785,       .954   .9  1.1       4807,300,576
4807,     ,4873,1, ,6.21,15.37,3.796,86,160
4808,     ,4807,1, ,3,7.83,1.888,100,192
4808,     ,4807,2, ,3,7.83,1.888,100,192
4808,     ,4809,1, ,         ,13.589,1,160,256
4810,     ,4807,1, , T   1.91,4.87,1.17,80,160
4810,     ,4811,1, ,1.08,2.35,0.608,80,160
4811,     ,4867,1, ,1.32,2.87,0.734,80,160
4813,     ,4818,1, ,         ,46.8,      1.002   .9  1.1      -4818,20,40
4817,     ,4818,1, ,5.22,130.25,0.254,31,60.8
4820,     ,4828,1, ,         ,92.5,      .9258   .9  1.1      -4828,20,36.8
4821,     ,4827,1, ,         ,120,      .9924   .9  1.1      -4827,10,20.8
4823,     ,4829,1, ,         ,17.04,       .957   .9  1.1      -4824,20,40
4823,     ,4833,1, ,8.02,8.9,4.5,60,118.4
4824,     ,4820,1, ,20.1,38.67,0.68,37,59.2
4824,     ,4821,1, ,12.36,17.82,0.27,37,59.2
4824,     ,4829,1, ,         ,-1.95,                                ,20,40
4826,     ,4829,1, ,         ,29.1,                                ,6,11.2
4830,     ,4831,1, ,         ,26.667,1,100,160
4830,     ,4843,1, , T   4.07,14.13,3.73,90,172.8
4833,     ,4832,1, ,         ,60,      .9797   .9  1.1      -4832,10,19.2
4833,     ,4836,1, ,         ,48,      .9506   .9  1.1      -4836,25,40
4833,     ,4837,2, ,         ,48,       .933   .9  1.1      -4837,30,56
4834,     ,4835,1, ,         ,22.5,1,33,52.8
4835,     ,4839,1, ,1.97,4.82,1.23,80,160
4839,     ,4871,1, ,2.29,5.57,1.43,86,160
4840,     ,4902,1, ,1.03,2.1,0.54,80,176
4841,     ,4830,1, , T   .462,21.55,0.419,90,172.8
4841,     ,4843,1, ,0.024,0.098,0.026,140,256
4841,     ,4846,1, ,         ,26.667,1,100,160
4841,     ,4853,1, ,7.62,26.44,6.97,90,172.8
4842,     ,4839,1, ,7.75,19.92,4.8,86,160
4843,     ,4833,1, ,8.84,18.45,4.959,86,160
4843,     ,4842,1, ,7.5,19.24,4.959,86,160
4843,     ,4844,1, ,         ,72.14,      .9809   .9  1.1      -4844,20,40
4845,     ,4847,1, ,8.22,21.03,5.05,80,160
4845,     ,4880,1, ,14.3,36.7,8.8,80,160
4847,D    ,4848,1,D,DT    6.5,15.12,4.64,86,160
4848,     ,4849,1, ,11.49,29.5,4.64,80,160
4848,     ,4851,1, ,9.1,23.36,5.82,80,160
4851,     ,4895,1, ,0.63,1.55,0.394,80,160
4853,     ,4855,1, ,         ,46.8,      .9303   .9  1.1      -4855,20,40
4853,     ,4857,1, ,         ,1.523,1,25,48
4853,     ,4863,1,D,D    3.01,7.63,1.982,86,160
4861,     ,4860,1, ,         ,20.4,1,15,24
4862,     ,4711,2, ,2.548,21.905,84.93,532,1072
4862,     ,4860,1, ,         ,3,1,300,576
4862,     ,4864,1, ,         ,3.21,1,300,576
4862,     ,4869,1, ,0.7444,8.198,33.51,589,1177.6
4862,     ,4869,2, ,0.7444,8.198,33.51,589,1177.6
4863,     ,4807,1, , T   5.96,15.2,3.972,86,160
4863,     ,4865,1, ,         ,46.8,      .9713   .9  1.1      -4865,20,40
4866,     ,4864,1, ,         ,20.387,1,30,48
4868,     ,4869,1, , T  1.806,15.02,59.55,558,1115.2
4868,     ,4869,2, , T  1.806,15.02,59.55,558,1115.2
4868,     ,4871,1, ,         ,7,      1.012   .9  1.1      -4871,100,160
4870,     ,4869,1, ,         ,6.1,      .9787   .9  1.1       4870,150,240
4870,     ,4869,2, ,         ,6.1,      .9787   .9  1.1       4870,150,240
4871,     ,4845,1, ,0.83,2.02,0.52,86,160
4873,     ,4875,1, ,1.59,4.05,1.06,100,203.2
4873,     ,4876,1, ,         ,48,      .9694   .9  1.1      -4876,20,40
4873,     ,4878,1, ,5.84,22.61,5.6,86,160
4873,     ,4885,1, ,         ,48,      .9795   .9  1.1      -4885,30,48
4874,     ,4445,1, ,1.7936,5.2633,1.2578,999,1598.4
4878,     ,4877,1, ,1.58,3.91,1,999,1598.4
4880,     ,4879,1, ,14.04,35.9,8.62,100,192
4880,     ,4881,1, ,         ,48.75,1,20,40
4883,     ,4853,1, , T  10.18,21.53,5.01,60,118.4
4883,     ,4886,1, ,         ,44,      .8871  .851.125      -4886,30,56
4883,     ,4887,2, ,         ,48,1,20,40
4890,     ,4892,1, ,         ,4.2437,1,268,512
4891,     ,4892,1, ,         ,34.109,1,33,64
4892,     ,4894,1, , T    1.4,11.29,45.646,558,1115.2
4892,     ,4894,2, , T    1.4,11.29,45.646,558,1115.2
4892,     ,4977,1, ,         ,25,1,65,112
4893,     ,4883,1, ,18.582,36.635,9.024,60,118.4
4893,     ,4896,1, ,         ,94,       .875 .8751.125      -4896,30,51.2
4894,     ,4868,1, ,1.674,13.924,55.2,558,1115.2
4894,     ,4868,2, ,1.674,13.924,55.2,558,1115.2
4894,     ,4895,1, ,         ,12,       .977   .9  1.1      -4895,100,160
4900,     ,4901,1, ,11.93,30.41,7.08,80,160
4900,     ,4902,1, ,0.36,0.91,0.24,80,160
4901,     ,4903,1, ,9.3,22.76,5.83,86,160
4902,     ,4842,1, ,5.78,11.82,3.01,80,160
4903,     ,4904,1, ,         ,18.53,      .9597   .9  1.1       4903,45,96
4903,     ,4908,1, ,9.82,24.03,6.48,86,160
4904,     ,4705,1, ,         ,59.07,         1.   .9  1.1       4904,15,32
4904,     ,4905,1, ,         ,40,1,20,32
4904,     ,4906,1, ,         ,59.07,1,25,48
4908,     ,4918,1, ,8.28,20.25,5.18,70,160
4909,     ,4920,1, ,182.5,99.46,0.328,24,48
4915,     ,4914,1, ,10.2,40.5,0.88,50,96
4915,     ,4917,1, ,         ,33.333,1,50,80
4918,     ,4909,1, ,         ,50,1,20,40
4918,     ,4913,1, ,7.1514,16.974,4.3792,86,137.6
4920,     ,4919,1, ,         ,142.85,1,7,11.2
4932,     ,4544,1, ,         ,-1.02,1,76,152
4932,     ,4989,1, ,26.26,53.95,0.06,55,112
4933,     ,4934,1, ,         ,15,1,20,40
4933,     ,4936,1, ,         ,48,1,20,40
4933,     ,4943,1, ,1,2.544,0.649,80,160
4933,     ,4959,1, ,2.33,1.31,2.13,90,172.8
4933,     ,4959,2, ,2.33,1.31,2.13,90,172.8
4937,     ,4933,1, ,5.64,21.86,6.08,80,153.6
4943,     ,4946,1, ,         ,48,1,50,88
4943,     ,4947,2, ,         ,48,      .9668   .9  1.1      -4947,20,40
4953,     ,4955,1, ,         ,100,1,20,36.8
4953,     ,4956,2, ,         ,100,1,10,19.2
4959,     ,4953,1, ,8.3,17.23,4.145,60,118.4
4959,     ,4963,1, ,8.12,28.15,7.418,90,172.8
4959,     ,4963,2, ,8.12,28.15,7.418,90,172.8
4963,     ,4966,1, ,         ,46.8,1,30,56
4963,     ,4973,1, , T    9.1,31.58,8.32,90,172.8
4963,     ,4983,1, ,10.5,25.65,6.2,80,160
4965,     ,4967,1, ,193.2,258.8,0.26,16,32
4966,     ,4965,1, ,         ,93.3,0.95,17,30.4
4967,     ,4985,1,D,D   148.6,199.1,0.2,16,32
4969,     ,4990,1, ,         ,50,1,20,40
4970,     ,4971,1, ,1.07,2.605,0.634,86,160
4970,     ,4990,1, ,13.37,32.56,7.93,86,160
4970,     ,4991,1, ,         ,33.33,1,30,48
4971,     ,4992,1, ,5.68,13.83,3.37,86,160
4973,     ,4406,1, ,         ,33.33,      .9853   .9  1.1      -4406,30,72
4973,     ,4469,1, ,10.93,27.95,6.709,114,204.8
4973,     ,4976,1, ,         ,43.1,0.98,20,40
4973,     ,4978,1, ,6.27,12.82,3.27,88,176
4973,     ,4981,1, ,9.05,22.04,5.37,86,160
4980,     ,4990,1, ,3.48,8.47,2.06,86,160
4981,     ,4980,1, ,3.11,7.58,1.85,86,160
4983,     ,4985,1, ,         ,48.75,1,20,40
4983,     ,4997,1, ,5.94,14.51,3.71,86,160
4984,     ,4989,1, ,         ,66,1,60,99.2
4985,     ,4987,1, ,74.3,99.5,0.1,16,32
4987,     ,4988,1, ,89.2,119.4,0.12,16,32
4989,     ,4985,1, ,156,209.4,0.21,26,48
4990,     ,4997,1, ,1.038,2.534,0.647,86,160
4992,     ,4994,1, ,15.75,38.37,9.35,86,160
4993,     ,4469,1, ,5.118,13.08,3.141,114,204.8
4993,     ,4995,1, ,14.04,35.9,8.62,86,160
4996,     ,4999,1, ,27.98,54.3,0.0016,15,24
4997,     ,4931,1, ,         ,25.35,1,55,112
4998,     ,4931,1, ,         ,12.02,1,15,32
4999,     ,4971,1, ,         ,25,1,40,80
5001,     ,5022,1, ,         ,1.3355,1.025,1350,2592
5001,     ,5050,1, ,0.04,0.47,46.42,2165,3464
5001,     ,5060,1, ,0.05,0.68,67.4,2165,3464
5001,     ,5100,1, , T    .22,2.79,284.68,1299,2078.4
5001,     ,5740,1, , T    .21,2.68,272.76,2165,3464
5003,     ,5001,1, ,         ,1.414,0.933,600,1152
5003,     ,5011,1, ,         ,19.91,0.98,75,144
5003,     ,5013,1, ,         ,15.78,0.98,90,172.8
5003,     ,5014,1, ,         ,15.52,0.98,90,172.8
5003,     ,5015,1, ,         ,5.55,1.027,240,460.8
5003,     ,5029,1, ,0.11,0.58,1.011,999,1598.4
5003,     ,5091,2, ,3.77,19.81,36.54,174,278.4
5003,     ,5101,1, , T   3.98,21.85,36.78,348,764.8
5003,     ,5378,1, ,0.9162,4.8183,8.7234,999,1598.4
5003,     ,5401,2, , T   2.19,9.77,51.14,400,640
5003,     ,5701,1, , T   2.45,13.1,22.68,239,382.4
5003,     ,5711,1, , T   2.96,15.23,28.9,251,507.2
5003,     ,6200,1, ,         ,6.24,1.025,999,1598.4
5003,     ,6201,1, ,         ,5.33,1.025,999,1598.4
5003,     ,6202,1, ,         ,4.35,1.025,999,1598.4
5003,     ,6203,1, ,         ,12.56,      1.017 .7271.117      -6203,100,192
5004,     ,5001,1, ,         ,1.414,0.933,600,1152
5004,     ,5005,1, ,         ,21.185,0.98,999,1598.4
5004,     ,5006,1, ,         ,21.124,0.98,67,128
5004,     ,5016,1, ,         ,6.017,1.027,240,460.8
5004,     ,5028,1, ,0.11,0.58,1.011,999,1598.4
5004,     ,5091,1, ,3.77,19.81,36.54,174,278.4
5004,     ,5091,3, ,1.8,15.41,46.95,348,556.8
5004,     ,5701,1, , T   2.46,13.15,22.74,174,278.4
5004,     ,5711,1, , T   2.96,15.23,28.9,251,507.2
5004,     ,6262,1, ,0.1,0.51,0.96,251,505.6
5028,     ,5032,1, ,         ,11.77,1.027,120,230.4
5028,     ,5033,1, ,         ,11.75,1.027,999,1598.4
5029,     ,5030,1, ,         ,11.77,1.027,120,230.4
5029,     ,5031,1, ,         ,11.75,1.027,999,1598.4
5050,     ,5051,1, ,         ,4.11,1.025,375,688
5050,     ,5054,1, ,         ,4.11,1.025,375,688
5050,     ,5090,1, ,0.28,2.787,291.87,1306,2966.4
5050,     ,5090,2, ,0.147,2.362,348.19,2678,5396.8
5050,     ,5408,1, ,0.22,2.6,348.09,1299,2078.4
5050,     ,5740,1, , T    .31,3.1,324.34,1306,2964.8
5050,     ,6300,1, , T    .27,3.64,372.48,2165,3464
5050,     ,6300,2, ,0.29,3.99,411.44,2165,3464
5060,     ,5061,1, ,         ,2.5,1.025,1110,2131.2
5060,     ,5100,1, ,0.202,2.524,261.96,1000,2400
5060,     ,5300,1, , T    .21,2.78,279.86,2165,3464
5060,     ,5720,1, , T    .15,2.03,204.54,1429,2286.4
5069,     ,5068,1, ,         ,28.7,1,1,1.6
5069,     ,5073,1, ,         ,-0.773,1,150,288
5071,     ,5069,1, ,         ,9.413,      .9872 .7261.117      -5073,150,288
5071,     ,5073,2, ,         ,8.8,      .9871 .7261.117      -5073,150,288
5071,     ,5073,3, ,         ,8.45,      .9871 .7261.117      -5073,150,288
5071,     ,5254,1, , T   1.23,6.527,12.04,299,478.4
5071,     ,5254,2, ,0.48,3.55,23.4,554,1115.2
5071,     ,5461,1, , T   1.36,7.23,13.34,299,478.4
5073,     ,5075,1, ,0.73875,16.622,8.203,999,1598.4
5073,     ,5079,1, ,0.8325,16.308,5.9428,999,1598.4
5073,     ,6108,1, ,3.308,41.415,1.6714,999,1598.4
5090,     ,5100,1, ,0.016,0.152,15.599,1306,2966.4
5090,     ,5180,1, ,0.155,2.486,367.21,2678,5396.8
5090,     ,5200,1, ,0.13,2.11,310.28,2678,5396.8
5091,     ,5090,1, ,         ,1.15,      .9355   .9  1.1       5091,600,1152
5091,     ,5098,1, ,0.9613,4.5934,8.0427,999,1598.4
5091,     ,5101,1, ,0.1177,0.82159,2.9603,478,1012.8
5091,     ,5101,2, ,0.1068,0.582,3.982,348,764.8
5091,     ,5101,3, ,0.10546,0.90563,2.6872,348,764.8
5091,     ,5155,1, ,0.883,4.5528,8.224,239,382.4
5091,     ,6067,1, ,0.8897,4.2513,7.444,999,1598.4
5094,     ,5095,1, ,         ,27.465,1,1,1.6
5094,     ,5393,1, ,         ,13.535,1,100,160
5096,     ,5097,1, ,         ,11.078,1,75,120
5096,     ,5430,1, ,         ,-0.425,1,300,480
5098,     ,5149,1, ,         ,11.666,1,999,1598.4
5098,     ,5149,2, ,         ,11.666,1,999,1598.4
5100,     ,5140,2, ,0.17,2.15,218.68,2165,3464
5100,     ,5180,1, ,0.314,3.044,320.02,1306,2966.4
5101,     ,5100,1, ,         ,1.7772,      .9094 .8671.038       5101,600,1200
5101,     ,5100,2, ,         ,1.7772,      .9094 .8671.038       5101,600,1200
5101,     ,5102,1, ,         ,13.56,      .9795 .7261.117      -5103,100,192
5101,     ,5103,3, ,         ,13.25,      .9796 .7261.117      -5103,100,192
5101,     ,5107,1, ,         ,14.195,      .9794 .7261.117      -5103,100,192
5101,     ,5121,1, ,1.14,5.97,10.64,251,401.6
5101,     ,5121,2, ,1.15,6.14,10.64,251,401.6
5101,     ,5121,3, ,1.19,6.11,11.42,251,507.2
5101,     ,5141,1, ,3.12,16.34,29.48,174,278.4
5101,     ,5142,1, ,3.13,16.33,29.9,174,278.4
5101,     ,5222,1, ,1.749,12.367,45.618,250,640
5101,     ,5281,1, ,2.12,11.55,19.1,174,395.2
5101,     ,5301,1, ,1.44,7.35,13.74,174,376
5101,     ,5301,2, ,1.46,7.7,13.42,174,376
5102,     ,5103,1, ,         ,-0.51,1,100,192
5102,     ,5104,1, ,         ,27,1,30,57.6
5103,     ,5106,1, ,         ,135,1,5,9.6
5103,     ,5106,2, ,         ,143,1,5,9.6
5107,     ,5103,1, ,         ,-1.205,1,100,192
5107,     ,5105,1, ,         ,7.165,1,30,57.6
5110,     ,5111,1, ,0.42,2.26,3.86,252,403.2
5110,     ,5115,1, ,         ,22.652,      .9575 .6961.043      -5115,112,179.2
5110,     ,5116,1, ,         ,22.652,      .9575 .6961.043      -5116,112,179.2
5110,     ,5117,1, ,         ,17.857,      .9659 .6961.043      -5117,130,208
5111,     ,5113,1, ,         ,12.75,      .9929 .7861.117      -5113,100,192
5111,     ,5113,2, ,         ,13.02,      .9929 .7261.177      -5113,100,192
5111,     ,5113,3, ,         ,12.73,      .9929 .7861.117      -5113,100,192
5111,     ,5301,1, ,0.21,1.09,2.02,174,395.2
5111,     ,5302,1, , T    .21,1.09,2.02,251,507.2
5111,     ,6081,1, ,2.25,11.88,21.58,239,382.4
5115,     ,5118,1, ,         ,75,1,999,1598.4
5116,     ,5119,1, ,         ,75,1,999,1598.4
5117,     ,5120,1, ,         ,22.475,1,999,1598.4
5121,     ,5123,1, ,         ,13.5,      .9599 .7271.117      -5123,100,192
5121,     ,5123,2, ,         ,12.87,      .9599 .7271.117      -5123,100,192
5121,     ,5123,3, ,         ,13.22,      .9599 .7271.117      -5123,100,192
5121,     ,5210,1, ,2.26,11.85,21.3,251,417.6
5121,     ,5210,2, ,2.25,12.04,20.8,251,401.6
5131,     ,5133,1, ,         ,12.71,      .9583 .8041.118      -5133,100,192
5131,     ,5133,2, ,         ,13.43,      .9583 .8041.118      -5133,100,192
5131,     ,5133,3, ,         ,12.89,      .9583 .8041.118      -5133,100,192
5131,     ,5133,4, ,         ,12.63,      .9583 .8041.118      -5133,100,192
5131,     ,5141,1, ,0.51,2.59,4.84,360,576
5131,     ,5142,1, ,0.51,2.59,4.86,360,576
5131,     ,5361,1, ,0.19,1.37,5.08,540,993.6
5131,     ,5361,2, ,0.19,1.37,5.08,540,993.6
5133,     ,5134,1, ,         ,19,1,63,100.8
5135,     ,5136,1, ,         ,30.987,1,2,3.2
5135,     ,5343,1, ,         ,2.5,1,150,288
5137,     ,5138,1, ,         ,30.217,1,2,3.2
5137,     ,5343,1, ,         ,2.543,1,150,288
5139,     ,5143,1, ,         ,29.935,1,2,3.2
5139,     ,5314,1, ,         ,2.49,1,200,384
5140,     ,5360,1, , T    .05,0.58,61.04,2165,3464
5141,     ,5140,1, ,         ,1.404,      .9845 .7741.169       5141,600,1152
5141,     ,5140,2, ,         ,1.404,      .9845 .7741.169       5141,600,1152
5141,     ,5144,1, ,         ,-0.03,1.022,300,480
5141,     ,5181,1, ,0.39,2.8,10.42,478,764.8
5141,     ,5191,1, ,0.58,3.1,5.34,251,507.2
5141,     ,5201,1, ,1.31,6.79,12.27,251,507.2
5141,     ,5281,1, , T   1.04,5.68,9.36,174,400
5141,     ,5331,1, ,0.13,0.72,1.19,351,561.6
5141,     ,5331,2, ,0.13,0.72,1.27,351,561.6
5142,     ,5140,1, ,         ,1.404,      .9827 .7741.169       5142,600,1152
5142,     ,5140,2, ,         ,1.3,      .9827 .7741.169       5142,600,1152
5142,     ,5162,1, ,0.52,2.75,4.74,251,507.2
5142,     ,5181,1, ,0.39,2.8,10.42,478,764.8
5142,     ,5191,1, ,0.58,3.09,5.3,251,401.6
5142,     ,5201,1, ,1.31,6.79,12.27,251,507.2
5142,     ,5331,1, ,0.13,0.7,1.27,351,561.6
5144,     ,5145,1, ,         ,8.28,1,150,240
5144,     ,5147,1, ,         ,8.28,1,150,240
5146,     ,5148,1, ,         ,29.865,1,2,3.2
5146,     ,5314,1, ,         ,2.44,1,200,384
5149,     ,6629,1, ,0.81454,3.5327,0.4395,999,1598.4
5150,     ,5151,1, ,         ,3.074,0.996,540,864
5150,     ,5154,1, ,         ,4.4,0.996,290,464
5152,     ,5156,1, ,         ,13.2,      .9552 .8671.048      -5156,100,192
5152,     ,5156,2, ,         ,13.2,      .9552 .8671.048      -5156,100,192
5152,     ,5156,4, ,         ,12.7,      .9552 .8641.038      -5156,100,192
5152,     ,5157,1, ,         ,25.425,      .9787 .8561.056      -5158,40,76.8
5152,     ,5159,1, ,         ,27.07,      .9773 .8561.056      -5160,40,76.8
5152,     ,5164,1, ,         ,15.255,      .9554 .8671.048      -5156,100,192
5152,     ,6688,1, ,         ,28.8,      .9784   .8 1.16      -5166,40,76.8
5155,     ,5167,1, ,         ,11.67,      .9993   .9  1.1       5155,120,192
5156,     ,5163,1, ,         ,130.4,1,5,9.6
5156,     ,5163,2, ,         ,124.8,1,5,9.6
5156,     ,5164,1, ,         ,-0.545,1,100,192
5157,     ,5158,1, ,         ,16.28,                                ,40,76.8
5159,     ,5160,1, ,         ,16.28,                                ,40,76.8
5162,     ,5191,1, ,0.06,0.34,0.6,251,507.2
5165,     ,5164,1, ,         ,6.215,1,30,57.6
5167,     ,6654,1, ,0.62,23.18,0.154,999,1598.4
5168,     ,5124,1, ,0.557,12.138,4.432,999,1598.4
5168,     ,6052,1, ,2.538,34.253,4.212,999,1598.4
5168,     ,6129,1, ,2.1594,21.117,15.471,999,1598.4
5168,     ,6140,3, ,         ,2.89,      .9547.86011.196       5168,450,936
5168,     ,6140,4, ,         ,2.89,      .9547.86011.196       5168,450,936
5168,     ,6166,1, ,1.3835,18.909,3.3016,999,1598.4
5180,     ,5140,1, ,0.139,1.327,136.79,1306,2966.4
5181,     ,5180,1, ,         ,1.8,      .9576  .95  1.1       5181,750,1200
5181,     ,5180,2, ,         ,1.8,      .9576  .95  1.1       5181,750,1200
5181,     ,5183,1, ,         ,12.44,      .9869 .7271.117      -5183,100,192
5181,     ,5183,2, ,         ,12.47,      .9869 .7271.117      -5183,100,192
5181,     ,5183,3, ,         ,13.25,      .9869 .7271.117      -5183,100,192
5181,     ,5184,1, ,0.0094,0.0248,0.084,250,400
5181,     ,5186,1, ,0.1,0.2,                                ,999,1598.4
5181,     ,5222,1, ,1.16,8.38,31.24,478,764.8
5184,     ,5178,1, ,         ,8.71,1,132,211.2
5184,     ,5179,1, ,         ,8.77,1,132,211.2
5186,     ,5187,1, ,         ,12,1,100,192
5186,     ,5188,1, ,         ,13.33,1,72,144
5186,     ,5188,2, ,         ,13.33,1,72,144
5191,     ,5193,4, ,         ,13.2,      .9868 .8481.029      -5193,100,192
5191,     ,5197,1, ,         ,15.16,      .9869 .8481.029      -5193,100,192
5191,     ,5198,1, ,         ,15.245,      .9868 .8481.029      -5193,100,192
5191,     ,5199,1, ,         ,15.065,      .9868 .8481.029      -5193,100,192
5193,     ,5197,1, ,         ,-0.58,1,100,192
5193,     ,5198,1, ,         ,-0.745,1,100,192
5193,     ,5199,1, ,         ,-0.715,1,100,192
5194,     ,5197,1, ,         ,6.31,1,30,57.6
5195,     ,5198,1, ,         ,6.555,1,30,57.6
5196,     ,5199,1, ,         ,6.335,1,30,57.6
5200,     ,6130,1, ,0.134,2.135,313.43,2678,5396.8
5200,     ,6130,2, ,0.13,2.1915,294.28,2678,5396.8
5201,     ,5203,3, ,         ,12.85,      .9533 .7261.118      -5203,100,192
5201,     ,5207,1, ,         ,13.77,      .9533 .7261.118      -5203,100,192
5201,     ,5208,1, ,         ,13.95,       .953 .7261.118      -5203,100,192
5201,     ,5211,2, ,0.94,4.75,8.9,251,497.6
5201,     ,5222,1, , T   1.81,9.7,16.68,251,438.4
5201,     ,5271,1, ,1.08,5.53,10.34,239,382.4
5202,     ,5200,1, ,         ,1.66,      .9336   .9  1.1       5202,600,1152
5202,     ,5200,2, ,         ,1.66,      .9336   .9  1.1       5202,600,1152
5202,     ,5210,2, , T    .08,0.59,2.219,503,1012.8
5202,     ,5222,1, , T    .08,0.59,2.219,503,1012.8
5202,     ,5245,1, ,1.6,11.58,43.5,503,993.6
5202,     ,6131,1, , T   1.74,12.68,47.64,503,993.6
5203,     ,5207,1, ,         ,-0.62,1,100,192
5204,     ,5205,1, ,         ,26.25,                                ,999,1598.4
5204,     ,5207,1, ,         ,13.46,1,30,57.6
5206,     ,5209,1, ,         ,26.25,                                ,999,1598.4
5208,     ,5203,1, ,         ,-0.65,1,100,192
5208,     ,5206,1, ,         ,13.45,1,30,57.6
5210,     ,5202,3, ,0.1,0.73,2.72,503,993.6
5210,     ,5216,1, ,0.03,0.22,0.82,478,764.8
5210,     ,5220,1, ,         ,6.67,1,180,288
5210,     ,5222,1, , T       ,0.01,                                ,573,916.8
5210,     ,5264,1, ,         ,15.06,       .955 .8481.048      -5226,100,192
5211,     ,5212,3, ,0.037,0.19,0.349,200,400
5211,     ,5213,2, ,         ,13.26,      .9544 .7261.117      -5213,100,192
5211,     ,5213,3, ,         ,13.03,      .9544 .7261.118      -5213,100,192
5211,     ,5213,4, ,         ,12.53,      .9544 .7261.117      -5213,100,192
5211,     ,5214,1, ,         ,13.795,       .954 .7261.117      -5213,100,192
5211,     ,5217,1, ,0.01,0.02,0.06,478,764.8
5212,     ,5201,3, ,0.923,4.75,8.731,200,400
5214,     ,5213,1, ,         ,-0.605,1,100,192
5214,     ,5215,1, ,         ,13.405,1,30,57.6
5216,     ,5181,1, ,1.13,8.19,30.56,478,764.8
5217,     ,5218,1, ,         ,8.08,1,200,320
5217,     ,5219,1, ,         ,8.08,1,200,320
5222,     ,5226,2, ,         ,13.3,      .9836 .8481.048      -5226,100,192
5222,     ,5236,1, ,         ,16.47,0.975,55,105.6
5222,     ,5237,1, ,         ,16.1,0.975,55,105.6
5222,     ,5239,1, ,         ,0.001,                                ,200,320
5222,     ,5247,1, ,         ,15.125,      .9831 .8481.048      -5226,100,192
5222,     ,5254,1, ,2.17,11.11,20.9,269,507.2
5222,     ,5254,2, ,2.17,11.11,20.9,269,497.6
5226,     ,5247,1, ,         ,-0.785,1,100,192
5226,     ,5264,1, ,         ,-0.61,1,100,192
5232,     ,5238,1, ,         ,16.28,                                ,999,1598.4
5235,     ,5249,1, ,7.08,20.53,5.2,81,129.6
5235,     ,5252,1, ,10.32,29.58,7.76,81,129.6
5236,     ,5231,1, ,         ,8.64,1,22,43.2
5236,     ,5235,1, ,         ,12.69,1,50,96
5237,     ,5235,1, ,         ,12.93,1,50,96
5237,     ,5238,1, ,         ,8.4,1,22,43.2
5241,     ,5243,2, ,         ,12.78,1,100,192
5241,     ,5243,3, ,         ,13.02,1,100,192
5241,     ,5243,4, ,         ,12.54,1,100,192
5241,     ,5276,1, ,         ,13.875,1,100,192
5243,     ,5257,1,D,D    4.16,10.13,0.175,59,113.6
5243,     ,5257,2,D,D    2.33,10.23,0.192,89,169.6
5243,     ,5276,1, ,         ,-0.985,1,100,192
5243,     ,5395,1, ,         ,0.01,                                ,999,1598.4
5245,     ,5241,1, ,0.11,0.77,2.86,503,1012.8
5245,     ,5241,2, ,0.11,0.77,2.86,503,1012.8
5245,     ,6694,1, ,         ,9.323,      1.007 .7261.117      -5246,150,288
5245,     ,6697,1, ,         ,9.82,      1.007 .7261.117      -5246,150,288
5246,     ,5257,1, ,1.419,6.225,0.117,999,1598.4
5246,     ,5258,1, ,0.214,0.939,0.018,999,1598.4
5248,     ,5247,1, ,         ,6.375,1,30,57.6
5249,     ,5255,1, ,9.44,27.53,6.98,81,129.6
5252,     ,5253,1, ,         ,24.2,      1.003 .9451.129      -5253,45,86.4
5252,     ,5253,4, ,         ,29.08,      1.003 .8821.117      -5253,35,56
5252,     ,5262,1, , T   4.47,14.54,3.44,81,163.2
5253,     ,5256,1, ,         ,79.8,1,10,19.2
5254,     ,5241,1, ,1.8,9.19,17.26,251,507.2
5254,     ,5241,2, ,1.8,9.19,17.26,251,497.6
5254,     ,5255,1, ,         ,9.3,      .9763 .7261.117      -5255,100,192
5254,     ,5255,2, ,         ,9.19,      .9763 .7261.117      -5255,100,192
5254,     ,5461,2, ,2.42,12.51,23.22,299,569.6
5255,     ,5252,1, ,0.59,2.16,0.54,81,129.6
5257,     ,5258,1, ,1.41,6.2,0.116,999,1598.4
5258,     ,5240,1, ,         ,35.2,1,62,99.2
5258,     ,5242,1, ,         ,35.2,1,93,148.8
5259,     ,5264,1, ,         ,6.84,1,30,57.6
5262,     ,5268,1, ,         ,40.646,1,38,73.6
5262,     ,5269,1, ,         ,27.05,      .9501 .8611.114      -5263,50,96
5262,     ,5474,1, , T   3.13,10.19,2.4,81,129.6
5263,     ,5266,1, ,         ,126.4,0.975,5,8
5263,     ,5266,2, ,         ,124.8,0.975,5,8
5263,     ,5266,3, ,         ,125.2,0.975,5,8
5263,     ,5268,1, ,         ,9.042,1.069,33,62.4
5268,     ,5265,1, ,         ,0.206,1,20,38.4
5269,     ,5263,1, ,         ,-2.85,1,50,96
5269,     ,5267,1, ,         ,58.77,1,20,38.4
5271,     ,5211,1, ,0.32,1.61,3,239,382.4
5271,     ,5272,1, ,         ,-2.01,      .9609 .7261.117      -5273,150,288
5271,     ,5273,2, ,         ,9.26,      .9578 .7261.117      -5273,150,288
5271,     ,5273,3, ,         ,8.67,      .9578 .7261.117      -5273,150,288
5273,     ,5272,1, ,         ,11.257,1,150,288
5274,     ,5272,1, ,         ,20.057,1,999,1598.4
5277,     ,5276,1, ,         ,7.745,1,30,57.6
5281,     ,5283,1, ,         ,12.88,      .9785 .7261.118      -5283,100,192
5281,     ,5283,2, ,         ,13.1,      .9785 .7261.118      -5283,100,192
5281,     ,5283,3, ,         ,12.59,      .9785 .7271.118      -5283,100,192
5281,     ,5283,4, ,         ,13.26,      .9785 .7261.116      -5283,100,192
5285,     ,5286,1, ,         ,20.367,1,1,1.6
5286,     ,5383,1, ,         ,11.633,1,150,264
5287,     ,5288,1, ,         ,25.412,1,1,1.6
5287,     ,6013,1, ,         ,-0.962,1,100,192
5291,     ,5293,1, ,         ,13.03,      .9651 .7261.117      -5293,100,192
5291,     ,5293,2, ,         ,12.48,      .9651 .7261.117      -5293,100,192
5291,     ,5293,3, ,         ,13,      .9651 .7271.117      -5293,100,192
5293,     ,6083,1, ,21.19,51.01,0.904,54,108.8
5294,     ,5941,1, ,         ,15.556,1,999,1598.4
5296,     ,6640,3, ,         ,2.2499,         1.  .86 1.18       5296,600,1152
5300,     ,5360,1, ,0.18,2.17,234.56,2165,3464
5301,     ,5111,2, ,0.21,1.09,2.02,174,395.2
5301,     ,5300,1, ,         ,1.2608,      1.002 .8371.153       5301,600,1152
5301,     ,5311,1, ,0.231,1.63,5.85,425,764.8
5302,     ,5101,1, , T   1.46,7.7,13.42,251,507.2
5302,     ,5300,2, ,         ,1.2608,      .9993 .8371.153       5302,600,1152
5302,     ,5311,1, ,0.231,1.63,5.85,425,764.8
5303,     ,5307,1, ,         ,11.667,      .9937   .9  1.1       5303,120,192
5303,     ,5530,1, ,         ,11.667,      .9964   .9  1.1       5303,120,192
5305,     ,5309,1, ,         ,11.667,       .995   .9  1.1       5305,120,192
5305,     ,5620,1, ,         ,11.667,      .9951   .9  1.1       5305,120,192
5307,     ,6630,1, ,0.8124,8.7021,0.2798,999,1598.4
5309,     ,6638,1, ,0.9295,7.3442,0.3834,999,1598.4
5311,     ,5313,1, ,         ,13.33,      .9709 .7261.117      -5313,100,192
5311,     ,5313,2, ,         ,13.32,      .9709 .7261.117      -5313,100,192
5311,     ,5313,4, ,         ,13.25,      .9709 .7261.117      -5313,100,192
5311,     ,5316,1, ,         ,14.082,      .9711 .7271.117      -5313,100,192
5312,     ,5139,1, ,         ,4.325,      1.013 .7261.117      -5314,200,384
5312,     ,5146,1, ,         ,4.365,      1.013 .7261.117      -5314,200,384
5312,     ,5301,1, ,0.18,1.32,4.9,615,1153.6
5312,     ,5302,1, ,0.18,1.33,4.9,615,1153.6
5316,     ,5313,1, ,         ,-1.242,1,100,192
5317,     ,5316,1, ,         ,7.2495,1,30,57.6
5321,     ,6651,1,D,D        ,0.505,      1.105 .7261.117      -5323,200,384
5321,     ,6677,1,D,D        ,0.488,1,200,384
5331,     ,5152,1, , T    .11,0.62,1.03,251,401.6
5331,     ,5152,2, , T    .11,0.57,1.04,251,401.6
5331,     ,5152,3, , T    .11,0.57,1.05,251,401.6
5331,     ,5333,1, ,         ,8.906,      .9922 .7261.117      -5333,150,288
5331,     ,5333,2, ,         ,8.886,      .9922 .7261.117      -5333,150,288
5331,     ,5333,3, ,         ,8.73,      .9922 .7261.117      -5333,150,288
5337,     ,5441,1, ,0.93,4.92,8.5,251,507.2
5341,     ,5135,1, ,         ,6.013,       .993 .7261.118      -5343,150,288
5341,     ,5137,1, ,         ,5.903,       .993 .7261.118      -5343,150,288
5341,     ,5181,1, , T    .21,1.51,5.6,478,764.8
5341,     ,5201,1, ,0.81,4.4,9.64,251,507.2
5342,     ,5425,1, ,         ,15,1,25,49.6
5342,     ,5427,1, ,         ,16.28,                                ,999,1598.4
5350,     ,6140,1, ,0.093,1.403,199.32,2123,4110.4
5352,     ,5353,1, ,         ,24,      .9857   .9  1.1      -5353,50,80
5352,     ,5353,2, ,         ,14.73,      .9857   .9  1.1      -5353,80,128
5352,     ,6059,1, ,0.1928,1.0392,2.514,239,382.4
5353,     ,6653,1, ,1.9017,4.0051,7.50E-07,999,1598.4
5354,     ,5357,1, ,         ,23.72,1,20,38.4
5354,     ,5363,1, ,         ,15.082,1,100,192
5355,     ,5358,1, ,         ,23.85,1,20,38.4
5355,     ,5363,1, ,         ,15.21,1,100,192
5361,     ,5360,1, ,         ,2.768,      .9183  .811.037       5361,600,1152
5361,     ,5360,2, ,         ,2.733,      .9183  .811.037       5361,600,1152
5361,     ,5362,1, ,0.03,0.25,0.92,540,993.6
5361,     ,5362,2, ,0.03,0.25,0.92,540,993.6
5361,     ,5364,1, ,0.092,0.459,0.8932,999,1598.4
5361,     ,5364,2, ,0.092,0.459,0.8932,999,1598.4
5361,     ,5372,1, ,0.0675,0.294,0.5528,240,444.8
5361,     ,5372,2, ,0.0675,0.294,0.5528,240,444.8
5362,     ,5150,1, ,0.05,0.37,1.38,540,1032
5362,     ,5150,2, ,0.05,0.37,1.38,540,1032
5362,     ,5354,1, ,         ,-1.838,      .9715 .833  1.1      -5363,100,192
5362,     ,5355,1, ,         ,-1.872,      .9715 .833  1.1      -5363,100,192
5362,     ,5363,3, ,         ,13.17,      .9681 .883  1.1      -5363,100,192
5364,     ,6027,1, ,         ,-3.63,1,999,1598.4
5364,     ,6028,1, ,         ,-3.63,1,999,1598.4
5364,     ,6029,1, ,         ,-3.63,1,999,1598.4
5370,     ,5371,1, ,         ,0.834,      1.058  .861.121      -5371,1200,2112
5370,     ,5371,2, ,         ,0.833,      1.058  .861.121      -5371,1200,2112
5370,     ,5371,3, ,         ,0.832,      1.058  .861.121      -5371,1200,2112
5370,     ,5480,1, ,0.12,1.86,275.08,2560,4156.8
5370,     ,5480,2, ,0.12,1.86,272.4,2559,4156.8
5371,     ,5656,1, , T   .097,0.4816,0.2906,497,1019.2
5371,     ,5656,2, ,0.0385,0.3578,0.2166,690,1137.6
5371,     ,5656,3, ,0.0385,0.3578,0.2166,690,1137.6
5371,     ,6759,1, ,1.1906,5.7126,10.459,999,1598.4
5371,     ,6764,1, ,0.1832,0.8544,1.5641,999,1598.4
5373,     ,5374,1, ,4.7114,12.988,1.3006,999,1598.4
5378,     ,5878,1, ,         ,9.52,1,105,168
5381,     ,5286,1, ,         ,-2.367,      .9904 .7261.117       5383,150,264
5381,     ,5383,1, ,         ,9.29,      .9805 .7261.117      -5383,150,264
5381,     ,5383,2, ,         ,9.29,      .9805 .7261.117      -5383,150,264
5381,     ,5452,3, , T    .56,2.74,6.52,307,491.2
5388,     ,5387,1, ,         ,7.215,1,30,57.6
5390,     ,5392,1, ,         ,29.465,1,1,1.6
5390,     ,5393,1, ,         ,-0.465,1,100,164.8
5391,     ,5094,1, ,         ,-1.465,      1.018   .9  1.1      -5393,100,160
5391,     ,5390,1, ,         ,12.535,      1.018   .9  1.1      -5393,100,164.8
5394,     ,6030,1, ,1.4136,16.232,7.2368,999,1598.4
5398,     ,5404,1, ,         ,15.12,1,25,48
5399,     ,5405,1, ,         ,14.97,1,25,48
5401,     ,5378,1, ,2.5331,13.321,24.117,999,1598.4
5401,     ,5402,1, ,         ,9.14,      1.001 .8521.098      -5402,100,192
5401,     ,5402,2, ,         ,9.9,      1.001 .7261.117      -5402,100,192
5401,     ,5402,3, ,         ,9.5,      1.001 .7261.117      -5402,100,192
5401,     ,5404,1, ,         ,36.69,      .9994 .9221.122      -5403,39,75.2
5401,     ,5405,1, ,         ,36.72,      .9994 .9221.122      -5403,39,75.2
5401,     ,5411,1, ,1.61,8.07,14.56,174,278.4
5401,     ,5411,2, ,1.16,4.57,26.19,400,640
5401,     ,5411,3, ,1.16,4.57,26.19,400,640
5403,     ,5404,1, ,         ,-2.15,1,33,62.4
5403,     ,5405,1, ,         ,-2.09,1,33,62.4
5403,     ,5406,1, ,         ,126.4,0.975,5,8
5403,     ,5406,2, ,         ,140.4,0.975,5,8
5407,     ,5429,1, ,         ,13.167,1,25,49.6
5411,     ,5408,1, ,         ,1.27,      .9721 .7741.169      -5408,600,1152
5411,     ,5408,2, ,         ,1.3,      .9721 .7741.169      -5408,600,1152
5411,     ,5408,3, ,         ,1.32,      .9721 .7741.169      -5408,600,1152
5411,     ,5410,1, ,         ,0.001,                                ,100,160
5411,     ,5413,3, ,         ,12.83,      .9629 .7261.117      -5413,100,192
5411,     ,5418,1, ,         ,13.915,      .9627 .7261.117      -5413,100,192
5411,     ,5419,1, ,         ,13.865,      .9624 .7261.117      -5413,100,192
5411,     ,5421,1, ,4.04,21.81,38.24,174,278.4
5411,     ,5421,2, ,3.59,14.93,56.46,323,516.8
5411,     ,5611,1, ,3.75,20.08,35.36,239,382.4
5411,     ,5621,1, ,2.18,11.68,20.24,287,459.2
5411,     ,5621,2, ,2.2,11.64,20.3,291,465.6
5411,     ,5631,1, , T   1.72,7.31,25.34,317,507.2
5412,     ,5409,1, ,         ,26.25,                                ,999,1598.4
5413,     ,5417,1, ,         ,140.4,0.975,5,9.6
5413,     ,5417,2, ,         ,79.71,0.975,12,824
5413,     ,5417,3, ,         ,134.8,0.975,5,9.6
5414,     ,5415,1, ,         ,26.25,                                ,999,1598.4
5416,     ,5417,1, ,         ,2.37,      1.003   .9  1.1       5416,999,1598.4
5418,     ,5412,1, ,         ,11.115,1,30,57.6
5418,     ,5413,1, ,         ,-0.645,1,100,192
5419,     ,5413,1, ,         ,-0.635,1,100,208
5419,     ,5414,1, ,         ,11.035,1,30,57.6
5420,     ,5004,1, ,1.02,4.48,23.26,400,640
5420,     ,5401,1, ,1.2,5.33,27.66,400,640
5421,     ,5381,3, ,3.04,13.24,42.74,307,491.2
5421,     ,5422,1, ,         ,29.925,1,999,1598.4
5421,     ,5423,3, ,         ,26,1,50,96
5421,     ,5431,1, ,2.03,10.8,18.72,174,278.4
5421,     ,5441,1, ,3.21,16.54,31.38,239,382.4
5421,     ,5441,2, ,3.21,16.54,31.38,251,507.2
5421,     ,5452,1, ,3.23,17.26,30.42,238,380.8
5421,     ,5452,2, ,2.84,12.41,42.5,307,491.2
5423,     ,5421,1, ,         ,36.61,1.007,33,62.4
5423,     ,5421,2, ,         ,36.84,1.007,33,62.4
5423,     ,5424,1, ,         ,346.5,1,40,76.8
5423,     ,5424,2, ,         ,260,1,40,76.8
5424,     ,5426,1, ,         ,2.33,      1.004   .9  1.1      -5426,2,4.8
5425,     ,5463,1, ,         ,-2.03,1,33,64
5428,     ,5408,1, ,0.27,2.99,407.34,1299,2078.4
5429,     ,5463,1, ,         ,-0.803,1,33,64
5430,     ,5391,1, ,1.516,8.72,17.103,247,497.6
5430,     ,6098,1, ,         ,-2.37,      1.008   .9  1.1      -5432,50,83.2
5431,     ,5337,1, ,0.47,2.5,4.32,251,507.2
5431,     ,5433,1, ,         ,12.42,      .9532 .7261.117      -5433,100,192
5431,     ,5433,2, ,         ,13.04,      .9532 .7261.117      -5433,100,192
5431,     ,5433,3, ,         ,13.02,      .9532 .7261.117      -5433,100,192
5431,     ,5434,1, ,0.694,5.274,9.052,200,320
5434,     ,5438,1, ,         ,20,1,80,128
5434,     ,5438,2, ,         ,20,1,80,128
5435,     ,5436,1, , T       ,-1.749,                                ,1559,3187.2
5436,     ,5096,1, , T       ,3.8017,      1.094   .9  1.1       5430,300,480
5436,     ,5437,1, ,         ,-1.901,                                ,1559,3187.2
5436,     ,5465,1, , T       ,3.8446,      1.094   .9  1.1       5430,300,494.4
5436,     ,5576,1, ,         ,-1.75,                                ,1559,3366.4
5437,     ,7300,1, ,0.257,3.794,578.3,1992,3187.2
5439,     ,5438,1, ,0.7353,3.9418,7.9939,999,1598.4
5441,     ,5352,1, ,0.5397,3.4338,12.961,400,640
5441,     ,5442,1, ,         ,13.99,0.941,100,192
5441,     ,5443,3, ,         ,13.28,0.941,100,192
5441,     ,5443,4, ,         ,12.72,0.96,100,192
5441,     ,5444,1, ,         ,13.975,0.941,100,192
5441,     ,5461,1, , T   1.31,6.95,12.08,300,480
5441,     ,6040,1, ,1.8236,5.7798,9.7931,999,1598.4
5441,     ,6091,1, ,0.537,3.725,7.159,355,662.4
5442,     ,5443,1, ,         ,-1.02,1,100,192
5442,     ,5445,1, ,         ,27.55,1,30,57.6
5444,     ,5443,1, ,         ,-1.025,1,100,192
5444,     ,5447,1,D,D        ,27.585,1,30,57.6
5446,     ,5451,2, ,         ,1.27,      1.014 .7741.169      -5451,600,1152
5446,     ,5451,4, ,         ,1.29,      1.014 .7741.169      -5451,600,1152
5446,     ,5452,1, ,0.01,0.02,0.06,478,764.8
5446,     ,5471,1, , T    .07,0.5,2.46,200,502.4
5446,     ,5641,1, ,0.41,1.96,6.52,363,731.2
5446,     ,5651,2, ,0.54,3.88,14.38,430,688
5448,     ,5449,1, ,         ,12,1,100,160
5451,     ,5370,1, ,0.05,0.79,114.94,2560,4156.8
5451,     ,5370,2, ,0.05,0.79,114.82,2559,4156.8
5451,     ,5428,1, ,0.14,1.54,203.1,1299,2078.4
5452,     ,5386,1, ,         ,14.231,      .9871 .7261.117      -5453,100,192
5452,     ,5387,1, ,         ,14.164,       .988 .7261.117      -5453,100,192
5452,     ,5450,1, ,         ,0.001,                                ,200,320
5452,     ,5453,1, ,         ,13.27,      .9887 .8631.117      -5453,100,192
5452,     ,5453,3, ,         ,12.93,      .9887 .7261.117      -5453,100,192
5453,     ,5386,1, ,         ,-1.262,1,100,192
5453,     ,5387,1, ,         ,-1.259,1,100,192
5453,     ,5460,1, ,         ,7.06,1,170,272
5453,     ,5473,1, , T   1.32,4.81,0.103,79,144
5453,     ,5473,2, , T   1.46,5.34,0.114,79,144
5456,     ,5386,1, ,         ,7.195,1,30,57.6
5456,     ,5457,1, ,         ,33.08,                                ,999,1598.4
5458,     ,5446,1,D,D        ,0.01,                                ,999,1598.4
5458,     ,5451,1, ,         ,1.27,      1.014 .7741.169      -5451,600,1152
5458,     ,5451,3, ,         ,1.29,      1.014 .7741.169      -5451,600,1152
5458,     ,5452,2, ,0.01,0.02,0.06,478,764.8
5458,     ,5452,3, ,0.01,0.03,0.06,478,764.8
5458,     ,5471,2, , T    .07,0.5,2.46,200,502.4
5458,     ,5641,2, ,0.41,1.96,6.52,363,731.2
5458,     ,5651,1, ,0.54,3.88,14.38,430,688
5458,     ,5651,3, ,1.08,5.73,9.98,238,480
5461,     ,5425,1, ,         ,36.848,      .9428 .8781.078      -5463,39,75.2
5461,     ,5429,1, ,         ,38.136,      .9438 .8781.078      -5463,39,75.2
5461,     ,5463,3, ,         ,26.18,      .9443 .8781.078      -5463,50,96
5461,     ,5463,4, ,         ,26.18,      .9443 .7271.117      -5463,50,96
5461,     ,5468,1, ,         ,9.27,      .9696 .7261.117      -5468,100,192
5461,     ,5468,2, ,         ,9.35,      .9696 .7261.174      -5468,100,192
5461,     ,5470,1, ,1.4876,7.1133,13.188,260,520
5461,     ,5518,1, ,1.7766,8.6004,15.058,999,1598.4
5462,     ,5461,1, ,0.2888,2.0386,7.3605,500,800
5462,     ,5461,2, ,0.2888,2.0386,7.3605,500,800
5462,     ,5466,1, ,         ,4.2685,1,428,684.8
5462,     ,5467,1, ,         ,8.54,1,428,684.8
5465,     ,5430,1, ,         ,-0.473,1,300,494.4
5465,     ,5464,1, ,         ,15.026,1,2,12.8
5468,     ,5394,1, ,7.848,19.541,5.1797,999,1598.4
5468,     ,5394,2, ,7.96,19.82,5.253,999,1598.4
5468,     ,5474,1, , T   4.03,13.09,3.11,81,153.6
5470,     ,5477,1, ,         ,16.026,1.025,78,124.8
5470,     ,6032,1, ,0.7951,3.7978,7.0298,260,520
5471,     ,5473,1, ,         ,12.49,      .9977 .7261.174      -5473,100,192
5471,     ,5473,2, ,         ,12.52,      .9977 .7261.174      -5473,100,192
5471,     ,5473,3, ,         ,12.47,      .9977 .7261.174      -5473,100,192
5471,     ,5473,4, ,         ,12.83,      .9977 .7261.117      -5473,100,192
5474,     ,5478,1, ,         ,28.45,      .9853  .861.114      -5475,50,96
5475,     ,5478,1, ,         ,-2.23,1,50,96
5476,     ,5478,1, ,         ,56.35,1,15,36.8
5477,     ,6031,1, ,0.82575,7.8987,2.2981,999,1598.4
5481,     ,5482,1, ,         ,19,         1. .7261.117      -5483,100,192
5481,     ,5483,3, ,         ,13.18,      1.005 .7261.117      -5483,100,192
5481,     ,5483,4, ,         ,13.09,      1.005 .7261.117      -5483,100,192
5481,     ,5484,1, ,         ,18.88,      1.002 .7261.117      -5483,100,192
5481,     ,5651,1, , T   3.26,17.55,30.6,238,382.4
5482,     ,5483,1, ,         ,-6.63,1,100,192
5482,     ,5485,1, ,         ,23.9,1,30,57.6
5484,     ,5483,1, ,         ,-6.59,1,100,192
5484,     ,5487,1, ,         ,24.02,1,30,57.6
5486,     ,5488,1, ,1.405,8.409,16.36,251,510.4
5486,     ,5488,2, ,1.36,10.07,16.12,251,510.4
5486,     ,5489,1, ,         ,14.46,1,75,120
5486,     ,5639,1, ,         ,13.8,         1. .7261.117      -6112,100,192
5486,     ,6112,2,D,D        ,12.94,      1.045 .7261.117      -6112,100,192
5486,     ,6112,4, ,         ,12.94,      .9958 .7261.117      -6112,100,192
5486,     ,6649,1, ,0.39962,2.4023,4.6402,343,548.8
5488,     ,5480,1, ,         ,1.29,      .9975 .7741.169       5488,600,1152
5488,     ,5480,2, ,         ,1.345,      .9975 .7741.169       5488,600,1152
5488,     ,5481,1, ,0.09,0.91,3.5,589,993.6
5488,     ,5481,2, ,0.09,0.91,3.5,589,993.6
5488,     ,5527,1, ,0.205,1.056,1.9137,304,486.4
5488,     ,6766,1, ,2.1169,9.8735,18.074,999,1598.4
5489,     ,5472,1, ,2.9817,37.737,3.1654,999,1598.4
5491,     ,5492,1, ,         ,11.07,      .9226  .85  1.1      -5492,55,105.6
5491,     ,5492,2, ,         ,11.29,      .9226  .85  1.1      -5492,55,105.6
5491,     ,5492,3, ,         ,11.76,      .9226  .85  1.1      -5492,55,105.6
5491,     ,5493,2, ,         ,26.4,       .914 .7261.117      -5493,50,96
5491,     ,5493,3, ,         ,25.56,       .914 .7261.117      -5493,50,96
5491,     ,5499,1, ,         ,27.877,      .9134 .7261.117      -5493,50,96
5491,     ,5501,1, , T   2.81,15.08,26.08,199,401.6
5493,     ,5496,1, ,         ,132.8,1,25,41.6
5493,     ,5496,2, ,         ,138,1,25,41.6
5493,     ,5496,3, ,         ,126.6,1,25,41.6
5493,     ,5499,1, ,         ,-1.657,1,50,96
5494,     ,5497,1, ,         ,33.08,                                ,999,1598.4
5499,     ,5494,1, ,         ,55.19,1,15,28.8
5500,     ,5480,1, ,0.22,3.49,534.64,1299,2078.4
5500,     ,5480,2, ,0.22,3.49,534.64,1992,3187.2
5501,     ,5503,4, ,         ,13.45,      .9143 .7451.117      -5503,120,224
5501,     ,5503,5, ,         ,13.3,      .9143 .8241.098      -5503,120,224
5501,     ,5503,6, ,         ,13.25,      .9143 .7261.117      -5503,120,224
5501,     ,5507,1, , T       ,0.001,                                ,999,1632
5501,     ,5511,1, ,3.59,19.24,33.76,199,347.2
5502,     ,5321,1,D,D     .29,1.54,5.56,420,848
5502,     ,5500,1, ,         ,3.5,      1.033 .859 1.17       5502,300,576
5502,     ,5500,3, ,         ,3.67,      1.033 .859 1.17       5502,300,576
5502,     ,5501,1, ,0.46,2.35,4.4,329,598.4
5502,     ,5508,1,D,DT       ,0.001,                                ,999,1598.4
5502,     ,5509,1, ,         ,8.25,0.989,150,288
5507,     ,5503,3, ,         ,12.93,      .9143 .7261.117      -5503,130,240
5507,     ,5503,7, ,         ,12.95,      .9143 .7261.117      -5503,130,240
5507,     ,5505,1, ,         ,21,      .9744 .7261.117      -5505,50,96
5507,     ,5506,1, ,         ,37.07,0.957,60,108.8
5507,     ,5511,2, ,3.61,19.2,34.12,199,401.6
5507,     ,5525,1, ,2.539,12.152,22.313,233,382.4
5508,     ,5321,2,D,D     .29,1.54,5.56,420,848
5508,     ,5500,2, ,         ,3.57,      1.053 .859 1.17       5508,300,576
5508,     ,5507,2, ,0.46,2.35,4.4,329,598.4
5510,     ,5574,1, ,0.22,2.97,301.54,1559,2494.4
5510,     ,5580,1, , T     .2,2.61,263.28,1299,2078.4
5511,     ,5510,1, ,         ,3.44,      .9574 .8851.144       5511,300,576
5511,     ,5513,1, ,         ,19.04,0.994,70,134.4
5511,     ,5513,3, ,         ,24.56,1,50,96
5511,     ,5514,1, ,         ,31.883,1.019,33,64
5511,     ,5520,1, ,         ,9.52,1,60,115.2
5511,     ,5521,1, ,         ,20.08,1,70,134.4
5511,     ,5522,1, , T       ,19.04,1,70,134.4
5511,     ,5523,1, ,         ,19.04,1,70,134.4
5513,     ,5516,1, ,         ,135,1,5,9.6
5514,     ,5513,1, ,         ,-2.429,1,33,62.4
5514,     ,5517,1, ,         ,14.277,1,11,22.4
5519,     ,5459,1, ,0.47068,3.4373,9.4442,999,1598.4
5519,     ,5518,1, ,         ,20,1.012,999,1598.4
5519,     ,5518,2, ,         ,20,1.012,999,1598.4
5526,     ,5525,1, ,         ,21.85,       1.07   .9  1.1       5526,40,64
5526,     ,5525,2, ,         ,21.95,       1.07   .9  1.1       5526,40,64
5527,     ,5449,1, ,2.05,10.57,19.138,304,486.4
5527,     ,5537,1, ,1.58,8.18,14.81,304,486.4
5528,     ,5525,1, ,1.951,9.343,17.171,233,382.4
5530,     ,5600,1, ,1.4399,12.225,0.2524,999,1598.4
5531,     ,5528,1, ,2.389,11.465,21.139,233,382.4
5531,     ,5534,1, ,         ,13.995,      .9574 .7261.117      -5533,100,192
5531,     ,5538,1, ,         ,14.2,       .958 .7261.117      -5533,100,192
5531,     ,5615,1, ,         ,14.58,      .9579 .7261.117      -5533,100,164.8
5532,     ,5534,1, ,         ,14.135,1,60,96
5533,     ,5534,1, ,         ,-1.005,1,80,153.6
5533,     ,5538,1, , T       ,-0.94,                                ,80,153.6
5533,     ,5615,1, ,         ,-0.92,                                ,100,164.8
5535,     ,5538,1, ,         ,13.5,                                ,60,96
5536,     ,5537,1, ,         ,24,1,60,96
5537,     ,6616,1, ,0.1384,0.8198,1.6213,999,1598.4
5539,     ,5544,1, ,         ,14.665,1,33,52.8
5540,     ,5552,1, ,         ,2.805,1,450,720
5540,     ,5645,1, ,0.1492,1.8445,183.44,2030,4091.2
5541,     ,5531,1, ,1.81,9.28,15.934,233,382.4
5541,     ,5544,1, ,         ,8.085,1,100,164.8
5541,     ,5547,1, ,         ,14.09,      .9765  .73 1.12      -5543,100,160
5541,     ,5548,1, ,         ,14.24,      .9764  .73 1.12      -5543,100,160
5541,     ,5549,1, ,         ,7.946,                                ,100,164.8
5541,     ,5552,1, ,         ,-0.2422,      .9516   .9  1.1       5541,450,720
5541,     ,5554,1, ,         ,8.3,1,100,164.8
5541,     ,6001,1, ,3.36,19.97,40.2,255,540.8
5542,     ,5544,1, ,         ,-0.605,      1.023   .9  1.1       5542,100,164.8
5542,     ,5549,1, ,         ,-0.496,      1.023   .9  1.1       5542,100,164.8
5542,     ,5554,1, ,         ,-0.865,      1.023   .9  1.1       5542,100,164.8
5543,     ,5547,1, ,         ,-1.04,1,100,160
5543,     ,5548,1, , T       ,-0.98,                                ,100,160
5545,     ,5547,1, ,         ,9.055,1,30,48
5546,     ,5549,1, ,         ,14.43,                                ,33,52.8
5550,     ,5540,1, , T    .11,1.37,135,2598,5238.4
5550,     ,5540,2, ,0.075,1.12,161.8,2598,5238.4
5550,     ,6076,1, ,         ,1.5313,1.1,615,1027.2
5550,     ,6077,1, ,         ,1.5631,1.1,615,1027.2
5550,     ,6078,1, ,         ,1.5733,1.1,615,1027.2
5550,     ,6079,1, ,         ,1.1658,1.1,615,1152
5551,     ,5541,1, ,1.97,10.51,18.019,233,382.4
5551,     ,5561,1, ,0.2097,1.2619,5.2198,428,766.4
5551,     ,5561,2, ,0.2097,1.2619,5.2198,428,766.4
5551,     ,5610,1, ,0.113,1.014,3.97,425,680
5551,     ,5691,1, ,0.3036,2.1381,10,440,977.6
5551,     ,5691,2,D,D     .29,2.06,10.3,440,977.6
5551,     ,6076,1, ,         ,-0.439,      1.052.85221.052       5551,600,1027.2
5551,     ,6077,1, ,         ,-0.479,      1.052.85221.052       5551,600,1027.2
5551,     ,6078,1, ,         ,-0.477,      1.052.85221.052       5551,600,1027.2
5551,     ,6079,1, ,         ,-0.126,      1.052.85221.052       5551,600,1152
5553,     ,5552,1, ,         ,19,1,160,256
5555,     ,5554,1, ,         ,14.855,1,33,52.8
5556,     ,5541,1, ,0.02,0.21,6.1931,999,1598.4
5556,     ,5557,1, ,         ,12.32,1,110,176
5556,     ,5558,1, ,         ,12.32,1,110,176
5556,     ,6447,1, ,         ,12.32,1,110,176
5556,     ,6448,1, ,         ,12.32,1,110,176
5559,     ,5548,1, , T       ,7.66,1,30,48
5561,     ,5562,3, ,         ,12.85,      .9551  .73 1.12      -5562,100,172.8
5561,     ,5562,4, ,         ,12.85,      .9551  .73 1.12      -5562,100,172.8
5561,     ,5563,1, ,         ,13.27,      .9381  .73 1.12      -5563,100,172.8
5561,     ,5563,2, ,         ,13.4,      .9381  .73 1.12      -5563,100,172.8
5565,     ,5564,1, ,         ,13.95,1,30,48
5568,     ,5566,1, ,         ,7.655,1,30,48
5568,     ,5593,1, ,         ,-0.905,1,100,164.8
5569,     ,5567,1, ,         ,8.1,1,30,48
5569,     ,5593,1, ,         ,-1.51,1,100,164.8
5570,     ,5435,1, ,0.242,3.553,537.6,1992,3187.2
5570,     ,5572,1, ,         ,-1.88,                                ,1516,3273.6
5570,     ,5577,1, , T       ,-1.539,                                ,1590,3187.2
5570,     ,6640,1, ,0.1363,1.9373,278.33,1992,3187.2
5571,     ,5570,1, ,         ,3.48,      .9547 .8591.118       5571,300,576
5571,     ,5573,1, ,         ,70.65,      .9796 .9271.133      -5573,33,64
5571,     ,5573,2, ,         ,69.69,      .9796 .9271.133      -5573,33,64
5571,     ,5573,3, ,         ,25.94,      .9796 .7261.113      -5573,50,96
5571,     ,5671,1, , T   3.02,16.15,28.24,199,382.4
5571,     ,5681,1, ,3.14,16.73,29.38,199,318.4
5572,     ,6300,1, , T     .2,2.68,271.94,1732,3464
5574,     ,5570,1, , T       ,-2.08,                                ,1515,3273.6
5575,     ,5436,1, ,         ,-1.92,                                ,1559,3366.4
5576,     ,5570,1, ,0.248,3.651,540.8,1992,3187.2
5577,     ,6300,1, ,0.156,2.245,329.6,1992,3187.2
5580,     ,5500,1, ,0.14,2.23,327.48,1299,2078.4
5580,     ,5500,2, ,0.14,2.23,327.58,1299,2078.4
5580,     ,5540,2, ,0.138,2.07,302.5,2598,4156.8
5580,     ,5588,1, ,         ,2.43,1.1,300,494.4
5580,     ,5645,1, ,0.0546,0.675,67.16,2030,4091.2
5581,     ,5531,1, ,1.6815,9.938,18.63,266,536
5581,     ,5582,1, ,         ,0.0875,1.022,200,320
5581,     ,5587,1, ,         ,28.71,       .973   .9  1.1      -5583,50,80
5581,     ,5588,1, ,         ,0.43,1.033,300,480
5581,     ,5589,1, ,         ,31.86,       .977   .9  1.1      -5583,50,83.2
5581,     ,5617,1, ,         ,28.95,      .9729   .9  1.1      -5583,50,80
5582,     ,5586,1, ,         ,6.7125,                                ,200,320
5583,     ,5589,1, ,         ,15.26,1,50,83.2
5583,     ,5617,1, ,         ,-2.25,                                ,50,80
5584,     ,5589,1, ,         ,-1.36,1,5,8
5585,     ,5588,1, , T       ,11.23,                                ,14,22.4
5587,     ,5579,1, ,         ,30.69,1,5,8
5587,     ,5583,1, ,         ,-1.29,1,50,80
5590,     ,5594,1, ,0.0931,1.7203,188.35,1992,3880
5590,     ,5597,1, ,         ,1.5607,1.1,450,864
5590,     ,5598,1, ,         ,1.1946,1.1,600,988.8
5590,     ,6400,1, ,0.185,2.354,231.8,1992,3187.2
5590,     ,6400,2, ,0.122,1.921,278.41,2598,4156.8
5590,     ,6513,1, ,         ,-1.37,                                ,1689,2702.4
5590,     ,6515,1, , T       ,-1.136,                                ,1992,4156.8
5591,     ,5564,1, ,         ,14.18,      .9425 .7261.117      -5593,100,164.8
5591,     ,5568,1, ,         ,13.925,      .9425 .7261.117      -5593,100,164.8
5591,     ,5569,1, ,         ,14.255,      .9415 .7261.117      -5593,100,164.8
5591,     ,5596,1, ,         ,2.72,1.022,400,640
5591,     ,5597,1, ,         ,-0.096,      1.008  .85 1.05       5591,450,864
5591,     ,5598,1, ,         ,-0.0546,      1.009  .85 1.05       5591,600,988.8
5591,     ,5601,1, ,1.94,10.88,18.76,233,382.4
5591,     ,5696,1, ,0.09,0.65,2.49,150,240
5592,     ,5597,1, ,         ,26.519,                                ,73,116.8
5593,     ,5564,1, ,         ,-0.85,1,100,164.8
5594,     ,5595,1, ,         ,1.4747,1.05,1656,3179.2
5599,     ,5598,1, ,         ,1.0521,1,135,216
5601,     ,5603,1, ,         ,36.7,      .9566   .9  1.1      -5603,33,52.8
5601,     ,5603,2, ,         ,36.7,      .9566   .9  1.1      -5603,33,52.8
5601,     ,5603,3, ,         ,36.7,      .9566   .9  1.1      -5603,33,52.8
5601,     ,5604,1, ,         ,8.425,1,100,164.8
5601,     ,5606,1, ,         ,7.924,1,100,164.8
5601,     ,5608,1, ,         ,8.07,1,100,164.8
5602,     ,5604,1, ,         ,-0.835,      1.017   .9  1.1       5602,100,164.8
5602,     ,5606,1, ,         ,-0.49,      1.017   .9  1.1       5602,100,164.8
5602,     ,5608,1, ,         ,-0.6,      1.017   .9  1.1       5602,100,164.8
5605,     ,5608,1, ,         ,14.87,1,33,52.8
5607,     ,5606,1, ,         ,14.43,1,30,48
5610,     ,5609,1, ,         ,3.058,1,425,680
5611,     ,5613,1, ,         ,12.63,      .9985 .7261.117      -5613,100,192
5611,     ,5613,2, ,         ,13.01,      .9985 .7261.117      -5613,100,192
5616,     ,5615,1, ,         ,13.92,                                ,30,48
5618,     ,5617,1, ,         ,31.05,                                ,30,48
5620,     ,5622,1, ,1.0152,7.2189,0.2936,999,1598.4
5621,     ,5623,3, ,         ,13.19,      .9588 .7261.117      -5623,100,192
5621,     ,5624,1, ,         ,13.955,      .9589 .7261.117      -5623,100,192
5621,     ,5626,1, ,         ,13.615,      .9588 .7261.117      -5623,100,192
5623,     ,5624,1, ,         ,-1.035,1,100,192
5623,     ,5626,1, ,         ,-0.585,1,100,192
5625,     ,5624,1, ,         ,27.555,1,30,57.6
5627,     ,5626,1, ,         ,7.585,1,30,57.6
5630,     ,5632,1, ,         ,11.2,1,125,200
5631,     ,5421,1, ,2.02,8.63,30.04,323,516.8
5631,     ,5633,1, ,         ,12.8,      .9913 .7261.117      -5633,100,192
5631,     ,5633,2, ,         ,12.94,      .9913 .7261.117      -5633,100,192
5632,     ,6019,1, ,2.1361,21.229,4.7617,999,1598.4
5636,     ,5433,1, ,         ,33,                                ,30,48
5639,     ,5640,1, ,         ,25.49,1,1,1.6
5639,     ,6112,1, ,         ,-0.91,1,100,192
5641,     ,5643,1, ,         ,13.26,      .9831 .7261.117      -5643,100,192
5641,     ,5643,2, ,         ,13.19,      .9831 .7261.117      -5643,100,192
5641,     ,5643,3, ,         ,13.25,      .9831 .7261.117      -5643,100,192
5641,     ,5643,4, ,         ,13.09,      .9831 .7261.117      -5643,100,192
5641,     ,5643,5, ,         ,12.91,      .9831 .7261.117      -5643,100,192
5645,     ,5649,1, ,         ,0.001,                                ,1999,3198.4
5645,     ,5649,2, ,         ,0.001,                                ,1999,3198.4
5649,     ,5642,1, ,         ,21.4,                                ,71,113.6
5649,     ,5646,1, ,         ,2.5933,1,640,1024
5649,     ,5647,1, ,         ,3.89,1,416,665.6
5649,     ,5648,1, ,         ,3.89,1,416,665.6
5649,     ,5650,1, ,         ,7.78,1,208,332.8
5650,     ,5644,1, ,         ,81.545,1,11,17.6
5651,     ,5652,1, ,0.014,0.157,0.342,438,700.8
5651,     ,5652,2, ,0.014,0.157,0.342,438,700.8
5651,     ,5653,1, ,         ,13.26,      1.009 .7261.117      -5653,100,192
5651,     ,5653,2, ,         ,12.72,      1.009 .7261.117      -5653,100,192
5651,     ,5660,1, ,         ,5.975,1,175,356.8
5652,     ,5654,1, ,         ,4.2855,1,330,528
5652,     ,5655,1, ,         ,8.163,1,147,235.2
5656,     ,5659,1, ,         ,3.058,1,425,680
5658,     ,5656,1, ,         ,1.529,1,950,1520
5669,     ,5670,1, ,         ,9.3333,1,125,200
5670,     ,5672,1, ,1.129,7.4656,5.4033,999,1598.4
5671,     ,5611,1, ,3.19,17.1,31.76,250,476.8
5671,     ,5673,3, ,         ,25.5,0.973,50,96
5671,     ,5673,4, ,         ,26.1,0.973,50,96
5671,     ,5674,1, ,         ,37.86,0.972,39,75.2
5671,     ,6631,1, ,1.7386,8.3072,14.545,315,654.4
5673,     ,5671,1, ,         ,44.375,1.033,33,64
5674,     ,5673,1, ,         ,-1.41,1,33,64
5674,     ,5675,1, ,         ,13.95,1,26,49.6
5681,     ,5683,1, ,         ,26.38,      .9915 .7261.117      -5683,50,96
5681,     ,5683,2, ,         ,25.86,      .9915 .7261.117      -5683,50,96
5691,     ,5693,1, ,         ,5.053,      .9883   .9 1.15      -5693,150,288
5691,     ,5693,2, ,         ,5.05,      .9883   .9  1.1      -5693,150,240
5695,     ,5540,1, ,0.18,2.96,320,999,1598.4
5695,     ,6712,1, ,         ,3.61,      1.061   .9  1.1      -6712,360,576
5696,     ,5697,1, ,         ,10.83,1,120,240
5697,     ,5698,1, ,         ,4.47,1.023,292,560
5701,     ,5703,1, ,         ,26.12,      1.001 .7271.117      -5703,50,80
5701,     ,5703,2, ,         ,26.18,      1.001 .7271.117      -5703,50,80
5701,     ,5730,1, ,1.44,7.65,13.18,174,278.4
5701,     ,5731,1, ,3.15,16.86,29.3,174,278.4
5711,     ,5718,1, ,         ,15.1,      .9726   .9  1.1      -5713,100,192
5711,     ,5719,1, ,         ,15.29,      .9715   .9  1.1      -5713,100,192
5711,     ,5721,1, ,0.79,4.04,7.58,251,507.2
5711,     ,5721,2, ,0.79,4.04,7.58,251,507.2
5711,     ,5961,1, ,1.42,7.71,12.74,174,395.2
5713,     ,5716,1, ,         ,136.6,1,5,9.6
5713,     ,5716,2, ,         ,134,1,5,9.6
5713,     ,5716,3, ,         ,65.7,1,12,24
5718,     ,5713,1, ,         ,-0.61,                                ,100,192
5718,     ,5715,1, ,         ,6.29,                                ,30,57.6
5719,     ,5713,1, ,         ,-0.78,1,100,192
5719,     ,5717,1, ,         ,6.44,1,30,57.6
5720,     ,5752,1, ,0.23,3.15,322.9,2186,4156.8
5721,     ,5291,1, ,1.94,10.37,19,250,504
5721,     ,5720,1, ,         ,1.27,      .9473 .7741.169       5721,600,1152
5721,     ,5720,2, ,         ,1.275,      .9473 .7741.169       5721,600,1152
5721,     ,5722,1, ,0.22,1.22,2.12,232,371.2
5721,     ,5723,1, ,         ,13.95,      1.028 .8241.118      -5723,100,192
5721,     ,5723,2, ,         ,12.992,      1.028 .8241.118      -5723,100,192
5721,     ,5723,3, ,         ,12.81,      1.028 .8241.118      -5723,100,192
5721,     ,5723,4, ,         ,13.25,      1.028 .7261.117      -5723,100,192
5721,     ,5724,1, ,0.14,0.74,1.26,999,1598.4
5730,     ,5735,1, ,         ,55,0.961,40,76.8
5730,     ,5782,1, ,2.23,11.94,20.62,174,278.4
5731,     ,5736,1, ,         ,64,1,12,19.2
5731,     ,5782,1, ,0.5,2.65,4.58,174,278.4
5739,     ,5742,1, ,         ,7.2055,1,180,288
5740,     ,5750,1, ,0.2,1.88,195,1306,2966.4
5740,     ,5750,2, ,0.15,1.9,192.54,2165,3464
5742,     ,5744,1, ,3.6245,20.135,0.1951,999,1598.4
5750,     ,6369,1, ,0.107,1.33,135.45,1299,2078.4
5751,     ,5750,1, ,         ,1.39,       .972 .7741.169       5751,600,1152
5751,     ,5750,2, ,         ,1.39,       .972 .7741.169       5751,600,1152
5751,     ,5750,3, ,         ,1.38,       .972 .7741.169       5751,600,1152
5751,     ,5750,4, ,         ,1.22,       .972 .7741.169       5751,600,1152
5751,     ,5753,1, ,0.11,0.57,1.04,100,192
5751,     ,5753,2, , T    .11,0.57,1.04,100,192
5751,     ,5754,1, ,0.13,0.68,1.18,312,499.2
5751,     ,5757,1, ,         ,12.92,      1.011 .7261.117      -5757,100,192
5751,     ,5757,2, ,         ,12.81,      1.011 .7261.117      -5757,100,192
5751,     ,5770,1, ,         ,14.375,1,80,128
5751,     ,5771,1, ,         ,16.9,1.025,62,99.2
5751,     ,5778,1, ,         ,4.114,1.022,300,480
5751,     ,5802,1, ,0.21,1.64,4.92,478,764.8
5751,     ,5842,2, ,0.36,2.64,9.48,478,764.8
5751,     ,5852,1, ,0.87,4.71,7.78,251,473.6
5751,     ,5881,1, ,1.54,7.85,14.74,251,507.2
5751,     ,5881,2, ,1.54,7.86,14.74,251,507.2
5752,     ,5750,1, ,0.002,0.026,0.34,2186,4156.8
5752,     ,5756,1, ,         ,1.343,      1.012 .8261.169      -5756,1200,2112
5752,     ,5756,2, ,         ,1.343,      1.012 .8261.169      -5756,1200,2112
5755,     ,5761,1, ,0.019,0.092,0.173,250,504
5755,     ,5761,2, ,0.019,0.092,0.173,250,504
5756,     ,5782,1, , T    .46,2.43,4.2,251,401.6
5756,     ,5782,2, , T    .46,2.47,4.1,251,401.6
5756,     ,5802,1, ,0.43,2.21,5.58,350,560
5756,     ,5822,1, ,0.35,1.81,3.38,350,560
5756,     ,5822,2, ,0.35,1.81,3.38,350,560
5756,     ,5842,1, ,0.38,2.65,11.88,478,764.8
5761,     ,5756,1, ,0.23,1.12,2.154,250,548.8
5761,     ,5756,2, ,0.23,1.12,2.154,250,548.8
5761,     ,5762,1, ,         ,5.78,                                ,192,307.2
5761,     ,5763,1, ,         ,12.79,      .9813 .7261.117      -5763,100,192
5761,     ,5764,1, ,         ,7.5,                                ,160,256
5782,     ,5786,1, ,         ,13.2,      .9558 .7271.117      -5786,100,192
5782,     ,5788,1, ,         ,13.635,      .9551 .7271.117      -5786,100,192
5782,     ,5789,1, ,         ,14.025,      .9566 .7261.117      -5786,100,192
5782,     ,5881,1, ,1.42,7.57,13.04,174,395.2
5782,     ,5961,1, ,2.61,14.31,23.74,174,278.4
5786,     ,5803,1, , T   15.8,47.47,0.82,40,91.2
5788,     ,5786,1, ,         ,-0.605,1,100,192
5788,     ,5791,1, ,         ,7.635,1,30,57.6
5789,     ,5786,1, ,         ,-1.135,1,100,192
5789,     ,5792,1, ,         ,27.535,1,30,52.8
5791,     ,5793,1, ,         ,26.25,                                ,999,1598.4
5792,     ,5794,1, ,         ,26.25,                                ,999,1598.4
5802,     ,5803,3, ,         ,12.88,      .9904 .7261.117      -5803,100,192
5802,     ,5804,1, ,0.2,1.64,4.91,251,507.2
5802,     ,5807,1, ,         ,14.93,      .9127 .8481.048      -5803,100,192
5802,     ,5808,1, ,         ,14.14,      .9128 .8481.048      -5803,100,192
5802,     ,5822,1, , T    .28,1.47,2.54,251,401.6
5803,     ,5786,2, ,15.8,47.47,0.82,40,91.2
5803,D    ,5817,1,D,D    3.42,10.28,0.18,72,115.2
5803,D    ,5817,2,D,D    3.42,10.28,0.18,72,115.2
5804,     ,5842,1, , T    .01,0.04,0.07,251,507.2
5804,     ,5852,1, ,0.07,0.6,1.79,251,507.2
5807,     ,5803,1, ,         ,-0.57,1,100,192
5807,     ,5809,1, ,         ,6.34,1,30,57.6
5808,     ,5803,1, ,         ,-0.7,1,100,192
5808,     ,5812,1, ,         ,6.61,1,30,57.6
5819,     ,5820,1, ,0.24,11.76,1,200,320
5819,     ,5823,1, ,0.24,11.76,1,200,320
5821,     ,5827,1, ,         ,4.848,1,300,576
5822,     ,5819,1, ,0.1066,0.7831,0.9,999,1598.4
5822,     ,5821,1, ,0.0103,0.8332,3.1259,999,1598.4
5822,     ,5821,2, ,0.0103,0.8332,3.1259,999,1598.4
5822,     ,5824,1, ,0.15,0.79,1.36,145,232
5822,     ,5824,2, ,0.15,0.79,1.36,145,232
5822,     ,5825,1, ,         ,14.243,      1.005 .7261.117      -5826,100,192
5822,     ,5826,3, ,         ,13.22,      1.005 .7261.117      -5826,100,160
5822,     ,5829,1, ,         ,14.139,      1.005 .7261.117      -5826,100,192
5825,     ,5830,1, ,         ,7.208,1,30,57.6
5826,     ,5825,1, ,         ,-1.234,1,100,192
5826,     ,5829,1, ,         ,-1.211,1,100,192
5831,     ,5829,1, ,         ,7.179,1,30,57.6
5842,     ,5843,1, ,         ,12.92,       .966 .7261.118      -5843,100,192
5842,     ,5844,1, ,         ,14.135,       .966 .7261.118      -5843,100,192
5842,     ,5846,1, ,         ,13.905,       .966 .7261.118      -5843,100,192
5842,     ,5848,1, ,         ,14.01,      .9661 .7261.118      -5843,100,192
5842,     ,5981,1, ,0.03,0.25,0.88,251,507.2
5842,     ,5981,2, ,0.03,0.25,0.88,251,507.2
5843,     ,5817,1, ,3.42,10.28,0.18,72,115.2
5843,     ,5817,2, ,3.42,10.28,0.18,72,115.2
5843,     ,5856,1, ,1.21,3.77,0.24,67,140.8
5843,     ,5983,1,D,D     .57,1.77,0.12,67,140.8
5844,     ,5843,1, ,         ,-1.095,1,100,192
5844,     ,5845,1, ,         ,7.905,1,30,57.6
5846,     ,5843,1, ,         ,-0.695,1,100,192
5846,     ,5847,1, ,         ,11.165,1,30,57.6
5848,     ,5843,1, ,         ,-1.13,1,100,192
5848,     ,5849,1, ,         ,7.77,1,30,57.6
5852,     ,5856,1, ,         ,13.03,      .9851 .8481.048      -5856,100,192
5852,     ,5856,2, ,         ,13.2,      .9851 .8481.048      -5856,100,192
5852,     ,5856,3, ,         ,12.94,      .9851 .8481.048      -5856,100,192
5852,     ,5863,1, ,         ,61.75,1,40,76.8
5852,     ,5864,1, ,         ,61.525,0.9681,40,76.8
5856,     ,5987,1,D,D     .71,2.2,0.14,67,140.8
5871,     ,5873,1, ,         ,12.95,      .9723 .8831.117      -5873,100,180.8
5871,     ,5873,2, ,         ,12.95,      .9723 .8831.117      -5873,100,180.8
5871,     ,5873,3, ,         ,12.65,      .9723 .8831.117      -5873,100,180.8
5871,     ,5873,4, ,         ,12.65,      .9723 .8831.117      -5873,100,180.8
5872,     ,5871,1, , T    .56,2.74,5.06,250,504
5872,     ,5881,1, , T    .21,1.05,1.92,250,504
5873,     ,5875,1, ,         ,37.92,      .9923 .8611.052      -5875,26,41.6
5873,     ,5875,2, ,         ,38.87,      .9923 .8611.052      -5875,26,41.6
5878,     ,6678,1, ,1.2269,9.3167,2.7038,999,1598.4
5881,     ,5871,1, ,0.77,3.79,6.98,250,504
5881,     ,5882,1, ,0.074,0.389,0.676,235,376
5881,     ,5884,1, ,         ,14.138,      1.026 .7271.117      -5883,100,192
5881,     ,5885,1, ,         ,13.61,      1.027 .7271.117      -5883,100,192
5881,     ,6368,1, , T    .43,2.31,3.96,251,430.4
5881,     ,6368,2, , T    .42,2.11,3.96,251,507.2
5881,     ,6368,3, , T    .42,2.12,3.98,251,507.2
5882,     ,5888,1, ,         ,8,1,84,161.6
5882,     ,5889,1, ,         ,14.28,1,84,134.4
5883,     ,5884,1, ,         ,-1.21,1,100,192
5883,     ,5885,1, ,         ,-0.94,1,100,192
5885,     ,5880,1, ,         ,27.54,1,30,57.6
5887,     ,5884,1, ,         ,7.178,1,30,57.6
5887,     ,5886,1, ,         ,16.28,                                ,999,1598.4
5891,     ,5893,1, ,         ,12.8,      .9948 .7261.117      -5893,100,192
5891,     ,5893,2, ,         ,13.17,      .9948 .7261.117      -5893,100,192
5891,     ,5893,3, ,         ,12.99,      .9948 .7261.117      -5893,100,192
5891,     ,5902,1, ,2.97,15.21,28.76,251,507.2
5891,     ,5902,2, ,2.97,15.21,28.76,251,507.2
5902,     ,5904,1, ,         ,11.8,      1.005   .8  1.1      -5904,100,192
5902,     ,5904,2, ,         ,11.98,      1.005   .8  1.1      -5904,100,192
5902,     ,5904,3, ,         ,11.24,      1.005   .8  1.1      -5904,100,192
5902,     ,5904,6, ,         ,11.8,      1.005   .8  1.1      -5904,100,192
5902,     ,5912,1, ,0.557,2.74,5.17,250,504
5902,     ,5970,1, ,3.48,18.7,34.66,251,497.6
5902,     ,5970,2, ,3.58,18.42,35.06,251,497.6
5904,     ,5906,1, ,2.54,13.17,3.499,110,176
5904,     ,5911,1, ,         ,35.618,1.03,36,68.8
5904,     ,5915,1, ,         ,8.78,1,50,96
5906,     ,5907,1, ,6.38,16.98,4.06,90,144
5907,     ,5908,1, ,6.9,18.37,4.391,90,144
5908,     ,5909,1, ,5.52,15.91,3.775,75,120
5912,     ,5941,1, ,4.47,22,41.45,250,504
5915,     ,5920,1, ,         ,62.77,1.045,999,1598.4
5915,     ,5921,1, ,         ,62.64,1.045,14,48
5915,     ,5922,1, ,         ,62.45,1.045,14,48
5941,     ,5944,1, ,         ,13.02,      .9589  .85  1.1      -5944,100,192
5941,     ,5944,2, ,         ,12.81,      .9589  .85  1.1      -5944,100,192
5941,     ,5947,1, ,         ,9.02,      .9949   .9  1.1      -5947,100,160
5961,     ,5963,1, ,         ,13.77,      .9998 .7261.174      -5963,100,192
5961,     ,5963,3, ,         ,12.87,      .9998 .7261.174      -5963,100,192
5961,     ,5964,1, ,         ,37.318,      .9989   .9  1.1      -5963,39,75.2
5964,     ,5963,1, ,         ,-1.561,1,33,64
5964,     ,5965,1, ,         ,13.833,1,26,49.6
5970,     ,5971,1, ,0.11,0.61,7.36,180,288
5970,     ,5972,1, ,0.87,4.41,8.26,251,502.4
5970,     ,5972,2, ,0.87,4.41,8.28,251,502.4
5970,     ,5975,1, ,         ,8.156,1,460,787.2
5971,     ,5973,1, ,         ,12.73,      1.014   .81.167      -5973,140,224
5971,     ,5979,1, ,         ,26.08,      .9916   .81.167      -5979,46,74.08
5972,     ,5974,1, ,         ,9.21,      .9701 .7261.117      -5974,100,192
5972,     ,5974,2, ,         ,9.45,      .9701 .7261.117      -5974,100,192
5972,     ,5974,3, ,         ,9.32,      .9701 .7261.117      -5974,100,192
5972,     ,5974,4, ,         ,9.27,      .9701 .7261.117      -5974,100,192
5974,     ,5909,1, ,4.27,12.22,2.938,95,217.6
5978,     ,5973,1, ,         ,12.54,1,140,224
5981,     ,5983,1, ,         ,12.03,      1.014   .9  1.1      -5983,100,160
5981,     ,5987,1, ,         ,11.95,      1.005   .9  1.1      -5987,100,160
5981,     ,5987,2, ,         ,11.95,      1.005   .9  1.1      -5987,100,160
5983,     ,5987,1, , T       ,0.1,                                ,999,1598.4
6001,     ,6004,1, ,         ,14.75,1,100,224
6001,     ,6008,1, ,         ,14.27,1,100,192
6004,     ,6003,1, ,         ,-1.25,      1.037   .9  1.1      -6003,100,224
6004,     ,6005,1, ,         ,30.25,1,5,8
6008,     ,6003,1, ,         ,-1.14,      1.046   .9  1.1      -6003,100,192
6009,     ,6020,1, ,1.5407,8.8222,0.5791,999,1598.4
6009,     ,6067,1, ,         ,14,      1.001   .9  1.1       6009,120,230.4
6011,     ,5287,1, ,         ,13.698,      .9942 .7261.117      -6013,100,192
6011,     ,5481,1, ,1.87,9.95,17.28,199,379.2
6011,     ,5491,1, ,1.57,8.38,14.56,199,379.2
6011,     ,6013,2, ,         ,12.94,      .9942 .7261.117      -6013,100,192
6012,     ,6014,1, ,1.03,7.2312,0.3417,999,1598.4
6012,     ,6067,1, ,         ,14,      1.002   .9  1.1       6012,120,230.4
6013,     ,6016,1, ,6.4816,85.011,0.222,999,1598.4
6013,     ,6051,1, ,1.384,17.915,0.3803,999,1598.4
6017,     ,6018,1, ,         ,6.2222,      1.002   .9  1.1       6017,225,360
6017,     ,6018,2, ,         ,6.2222,      1.002   .9  1.1       6017,225,360
6018,     ,5630,1, ,0.1355,0.6283,0.1771,999,1598.4
6018,     ,5669,1, ,0.1797,1.0627,0.6655,999,1598.4
6027,     ,6021,1, ,         ,19.31,1,999,1598.4
6027,     ,6022,1, ,         ,23.24,1,999,1598.4
6028,     ,6023,1, ,         ,19.31,1,999,1598.4
6028,     ,6024,1, ,         ,23.24,1,999,1598.4
6029,     ,6025,1, ,         ,19.31,1,999,1598.4
6029,     ,6026,1, ,         ,23.24,1,999,1598.4
6032,     ,6033,1, ,         ,18.797,1.025,67,107.2
6032,     ,6034,1, ,         ,18.797,1.025,67,107.2
6033,     ,6035,1, ,1.0408,9.6532,3.4469,999,1598.4
6034,     ,6036,1, ,0.79615,8.6307,2.1851,999,1598.4
6037,     ,5448,1, ,0.40987,6.431,2.5207,999,1598.4
6038,     ,5536,1, ,0.47587,12.007,0.8389,999,1598.4
6040,     ,6041,1, ,         ,20,1,60,96
6041,     ,6042,1, ,1.1195,17.6,0.93916,999,1598.4
6041,     ,6043,1, ,2.5524,25.06,0.67083,999,1598.4
6058,     ,6057,1, ,0.5397,7.34,2.763,999,1598.4
6059,     ,6058,1, ,         ,8.67,1,150,240
6059,     ,6576,1, ,         ,8.72,      .9918   .9  1.1      -6576,150,240
6062,     ,6063,1, ,         ,11.29,1,120,192
6062,     ,6063,2, ,         ,11.29,1,120,192
6062,     ,6361,1, ,2.13,11.31,19.74,199,318.4
6063,     ,6686,1, ,0.12382,4.5222,4.6468,999,1598.4
6065,     ,5073,1, ,         ,16.667,1,999,1598.4
6081,     ,5291,1, ,1.63,8.52,15.52,239,382.4
6081,     ,6083,2, ,         ,12.79,       1.01 .7261.117      -6083,100,192
6081,     ,6086,1, ,         ,13.895,       1.01 .7261.117      -6083,100,192
6083,     ,6086,1, ,         ,-1.045,1,100,192
6085,     ,6086,1, ,         ,27.665,1,999,1598.4
6091,     ,6093,1, ,         ,10,       .991  .95 1.05      -6093,100,192
6098,     ,5432,1, ,         ,26.63,1,50,83.2
6098,     ,6099,1, ,         ,59.37,1,1,1.6
6100,     ,6577,1, ,0.6131,4.8774,1.9882,999,1598.4
6101,     ,6682,1, ,         ,9.273,       1.06 .7261.117      -6103,150,288
6101,     ,6689,1,D,D        ,9.273,       1.02 .7261.117      -6103,150,288
6103,     ,6105,1, ,1.9386,16.875,0.6184,999,1598.4
6107,     ,6228,1, ,         ,11.67,      .9393   .9  1.1       6107,120,192
6107,     ,6240,1, ,         ,11.67,      .9391   .9  1.1       6107,120,192
6107,     ,6341,1, , T   2.93,15.49,26.92,251,481.6
6112,     ,6114,1, ,0.40987,6.431,2.5207,182,364.8
6114,     ,6128,1, ,3.46,7.776,0.138,182,364.8
6124,     ,6276,1,D,D   1.724,18.389,0.0722,999,1598.4
6124,     ,6277,1,D,D  1.9147,20.534,0.012,999,1598.4
6127,     ,6769,1, ,5.5213,34.111,0.4884,999,1598.4
6130,     ,6140,1, ,0.04,0.68,98.42,2678,5396.8
6130,     ,6140,2, ,0.042,0.648,91.828,2678,5396.8
6131,     ,5245,1, , T    .15,1.11,4.12,741,1185.6
6131,     ,6133,1, ,         ,8.81,      1.021   .9  1.1      -6133,150,240
6131,     ,6133,2, ,         ,8.81,      1.021   .9  1.1      -6133,150,240
6131,     ,6146,1, ,0.5866,2.572,5.379,999,1598.4
6131,     ,6687,1, ,0.15,1.59,6.22,550,1108.8
6132,     ,6130,1, ,         ,2.98,      1.052  .86 1.18      -6130,450,864
6132,     ,6130,2, ,         ,2.98,      1.052  .86 1.18      -6130,450,864
6132,     ,6131,1, ,0.123,1.243,4.874,680,1108.8
6132,     ,6141,2, ,0.423,4.291,16.252,549,1076.8
6133,     ,5244,1, ,         ,0.1,                                ,999,1598.4
6141,     ,6132,1, ,0.486,4.797,18.934,550,1108.8
6141,     ,6143,2, ,         ,7.59,      .9968 .7261.117      -6143,180,345.6
6141,     ,6210,1, ,0.4901,2.4435,4.54,289,540.8
6141,     ,6246,1, ,         ,-1.725,      .9973 .7261.117      -6143,180,345.6
6142,     ,6140,1, ,         ,2.96,      .9715  .861.196       6142,450,864
6142,     ,6140,2, ,         ,2.96,      .9715  .861.196       6142,450,864
6142,     ,6164,1, ,1.0613,17.673,0.583,999,1598.4
6142,     ,6165,1, ,1.4868,14.677,1.289,999,1598.4
6142,     ,6167,1, ,1.036,23.115,2.7823,999,1598.4
6142,     ,6763,1, ,0.53838,33.017,2.326,999,1598.4
6142,     ,6776,1, ,0.46204,9.7875,9.5311,999,1598.4
6143,     ,6145,1, ,1.0212,13.563,6.447,999,1598.4
6143,     ,6160,1, ,1.6483,15.751,2.2667,999,1598.4
6143,     ,6215,1, ,3.364,36.688,2.4874,999,1598.4
6146,     ,6149,1, ,         ,18.667,1,75,120
6146,     ,6149,2, ,         ,18.667,1,75,120
6149,     ,6150,1, ,0.48146,4.8412,6.1386,999,1598.4
6168,     ,6142,1, ,0.0263,0.1785,0.0924,999,1598.4
6168,     ,6769,1, ,         ,10,1,999,1598.4
6171,     ,6173,3, ,         ,8.56,      1.004 .7261.117      -6173,150,288
6171,     ,6221,1, ,0.03,0.37,1.3,637,1211.2
6171,     ,6221,2, ,0.03,0.37,1.3,637,1211.2
6171,     ,6234,1, ,         ,8.987,      1.003 .7261.117      -6173,150,288
6171,     ,6235,1, ,         ,8.96,      1.003 .7261.117      -6173,150,288
6171,     ,6371,1, ,0.1841,0.8796,1.5401,999,1598.4
6171,     ,6380,1, ,0.3068,1.466,2.5668,999,1598.4
6171,     ,6621,1, ,0.4231,2.1811,3.949,223,449.6
6173,     ,6135,1, ,3.3639,37.252,11.204,999,1598.4
6173,     ,6387,1, ,0.9556,7.9864,1.9449,999,1598.4
6195,     ,6205,1, ,0.30506,11.444,3.7798,999,1598.4
6200,     ,5009,1, ,         ,13.48,0.956,75,144
6201,     ,5010,1, ,         ,14.22,0.956,75,144
6201,     ,6250,1, , T    .49,1.59,0.38,52,83.2
6202,     ,5012,1, ,         ,12.4,0.956,90,172.8
6203,     ,6233,1, ,17.39,25.54,0.38,32,51.2
6203,     ,6253,1, ,4,6.111,0.08,27,62.4
6203,     ,6259,1, ,4.82,7.35,0.1,26,41.6
6203,     ,6264,1, ,0.48,1.02,0.02,45,72
6204,     ,6171,1, ,0.434,2.219,4.103,179,401.6
6204,     ,6205,1, ,         ,12.5,1,100,160
6208,     ,6278,1,D,D  4.0969,30.419,0.0507,999,1598.4
6208,     ,6279,1,D,D  3.0714,14.248,0.3554,999,1598.4
6210,     ,6211,1, ,         ,18.25,      1.006   .9  1.1      -6211,75,120
6210,     ,6211,2, ,         ,18.25,      1.006   .9  1.1      -6211,75,120
6210,     ,6212,1, ,         ,27.8,1,50,80
6213,     ,6212,1, ,0.78637,13.483,1.637,999,1598.4
6214,     ,6211,1, ,1.7557,18.218,6.235,999,1598.4
6220,     ,6221,1, ,         ,1.761,      1.149   .9 1.16      -6221,750,1440
6220,     ,6221,2, ,         ,1.752,      1.149   .9 1.16      -6221,750,1440
6220,     ,6349,1, ,0.085,1.388,198.87,1992,3187.2
6220,     ,6359,1, ,0.116,1.886,271.82,1992,3187.2
6221,     ,6225,1, ,0.34,3.3,12.5,637,1209.6
6221,     ,6282,1,D,D     .45,2.1501,3.7647,274,542.4
6225,     ,6272,1, ,         ,9.297,      1.034 .7261.117      -6226,150,288
6225,     ,6274,1, ,         ,9.207,      1.033 .7261.117      -6226,150,288
6225,     ,6280,1, ,0.2168,1.036,1.8139,274,542.4
6225,     ,6281,1, ,0.2168,1.036,1.8139,274,542.4
6226,     ,6144,1, ,1.4557,13.932,0.6656,999,1598.4
6226,     ,6227,1, ,1.6147,18.675,0.4754,999,1598.4
6228,     ,6229,1, ,1.52,13.59,1.78,999,1598.4
6230,     ,6209,1, ,1.4609,17.956,0.1628,999,1598.4
6230,     ,6231,1,D,D  1.4974,0.01,2.1549,999,1598.4
6231,     ,6242,1, ,1.0452,17.598,0.1298,999,1598.4
6233,     ,6265,2, ,7.776,25.438,0.453,66,132.8
6234,     ,6173,1, ,         ,-0.247,1,150,288
6234,     ,6236,1, ,         ,29.473,1,1,1.6
6235,     ,6173,1, ,         ,-0.273,1,150,288
6235,     ,6237,1, ,         ,29.5,1,1,1.6
6240,     ,6637,1, ,1.61,12.66,1.35,999,1598.4
6243,     ,6245,1, ,         ,272.8,1,999,1598.4
6243,     ,6251,1, , T  27.56,66.32,1.117,999,1598.4
6246,     ,6143,1, ,         ,9.275,1,180,345.6
6246,     ,6247,1, ,         ,27.725,1,1,1.6
6248,     ,6244,1, ,2.1204,19.863,0.5481,999,1598.4
6249,     ,6248,1, ,         ,24.1,1,62,99.2
6249,     ,6248,2, ,         ,24.1,1,62,99.2
6250,     ,6253,1, ,         ,99.8,0.95,16,32
6250,     ,6253,2, ,         ,95,0.95,16,32
6251,     ,6265,1, , T  40.37,131.78,1.96,999,1598.4
6251,     ,6270,1, ,20.32,66.08,0.98,999,1598.4
6253,     ,6254,1, ,         ,129.8,1,5,9.6
6253,     ,6255,1, ,3.49,7.03,0.12,33,73.6
6253,     ,6257,1, ,20.02,30.53,0.44,38,60.8
6253,     ,6283,1, ,41.82,63.93,0.92,39,62.4
6255,     ,6256,1, ,         ,65.8,0.975,999,1598.4
6255,     ,6256,2, ,         ,65.8,0.975,999,1598.4
6255,     ,6264,1, , T   2.08,4.37,0.06,45,72
6257,     ,6258,1, ,         ,126,1,5,9.6
6257,     ,6258,2, ,         ,125.2,1,5,9.6
6257,     ,6268,1, ,20.02,30.53,0.44,999,1598.4
6257,     ,6286,1, ,10.05,14.7,0.21,999,1598.4
6259,     ,6260,1, ,         ,135.2,0.975,999,1598.4
6259,     ,6260,2, ,         ,133.2,0.975,999,1598.4
6261,     ,6263,1, ,         ,65.8,0.975,10,19.2
6261,     ,6264,1, , T    .24,0.43,0.01,999,1598.4
6262,     ,5003,1, , T     .1,0.52,0.98,251,505.6
6262,     ,6265,1, ,         ,12.99,      1.011 .7261.117      -6265,100,192
6262,     ,6265,2,D,D        ,12.96,      1.033 .7261.117      -6265,100,192
6262,     ,96265,2, ,         ,12.96,       .968 .7261.117     -96265,100,192
6265,     ,6233,1, , T  9.802,23.947,0.389,52,104
6270,     ,6271,1, ,         ,619,1,999,1598.4
6272,     ,6226,1, ,         ,-1.017,1,150,288
6272,     ,6273,1, ,         ,27.557,1,2,3.2
6274,     ,6226,1, ,         ,-0.733,1,150,288
6274,     ,6275,1, ,         ,27.227,1,2,3.2
6280,     ,6124,1, ,         ,14,      1.003   .9  1.1      -6124,100,160
6281,     ,6208,1, ,         ,14,      1.005   .9  1.1      -6208,100,160
6282,     ,6284,1,D,D        ,14,      .9572   .9  1.1       6282,100,160
6283,     ,6285,1, ,         ,68.2,1,12,24
6284,     ,6625,1,D,D  1.5173,12.365,0.118,999,1598.4
6286,     ,6287,1, ,         ,227.27,1,999,1598.4
6288,     ,6289,1, ,         ,28.64,1,1,1.6
6288,     ,6293,1, ,         ,-0.827,1,150,288
6290,     ,6291,1,D,D        ,1.11,         1.   .9 1.15      -6291,900,1728
6290,     ,6291,2, ,         ,1.11,         1.   .9 1.15      -6291,900,1728
6290,     ,6369,1, ,0.182,2.942,438.95,2123,4281.6
6291,     ,6288,1, ,         ,9.573,      1.012 .7261.117      -6293,150,288
6291,     ,6341,1,D,D    1.18,6.08,11.14,251,507.2
6291,     ,6623,1,D,D   .3675,1.728,3.2623,150,336
6293,     ,6292,1, ,1.4286,14.234,3.7768,999,1598.4
6300,     ,6294,1, ,         ,2.85,1.025,800,1536
6300,     ,6295,1, ,         ,5.7,1.025,800,1536
6300,     ,6500,1,D,D     .04,0.48,48.24,2165,3464
6301,     ,5739,1, ,1.241,6.339,11.697,240,384
6301,     ,6300,1, ,         ,3.55,      .9629 .859 1.08       6301,300,576
6301,     ,6300,2, ,         ,3.523,      .9629 .859 1.08       6301,300,576
6301,     ,6300,3, ,         ,3.613,      .9629 .859 1.08       6301,300,576
6301,     ,6302,1, ,1.04,5.38,10.23,300,572.8
6301,     ,6311,1, ,0.8,3.93,7.36,251,560
6301,     ,6311,2, ,0.8,3.93,7.36,251,560
6302,     ,6303,1, ,         ,14.32,        1.1   .9  1.1      -6303,126,256
6302,     ,6305,1, ,         ,18.79,      1.063  .73 1.12      -6305,180,288
6303,     ,6304,1, ,         ,26.67,1,30,57.6
6303,     ,6307,1, ,         ,69.23,1,12,22.4
6303,     ,6307,2, ,         ,44.44,1,18,35.2
6303,     ,6309,1, ,         ,46.15,1,48,83.2
6303,     ,6309,2, ,         ,66.67,1,48,83.2
6303,     ,6310,1, ,2.854,26.714,                                ,999,1598.4
6305,     ,6308,1, ,0.8453,7.495,                                ,999,1598.4
6311,     ,6313,1, ,         ,12.87,      .9548 .7261.117      -6313,100,192
6311,     ,6313,2, ,         ,12.66,      .9548 .7261.117      -6313,100,192
6311,     ,6313,3, ,         ,12.43,      .9548 .7261.117      -6313,100,160
6311,     ,6313,4, ,         ,12.91,      .9548 .7261.117      -6313,100,192
6311,     ,6321,1, , T    1.6,8.17,15.36,251,507.2
6311,     ,6331,1, , T    2.7,13.9,26.26,251,507.2
6311,     ,6501,1, ,0.007,0.065,0.254,817,1529.6
6313,     ,6314,1, ,3.72,9.01,0.157,56,105.6
6313,     ,6314,2, ,3.72,9.01,0.157,56,105.6
6315,     ,6316,1, ,2.212,10.45,19.536,233,472
6316,     ,6317,1, ,         ,10.06,      1.002  .95 1.05      -6317,100,192
6321,     ,6331,1, , T   1.48,7.57,14.2,251,497.6
6331,     ,6107,1, , T   1.21,6.36,11,251,481.6
6331,     ,6332,1, ,         ,9.2,      .9653 .7261.117      -6332,100,192
6331,     ,6332,2, ,         ,9.21,      .9653 .7261.117      -6332,100,192
6331,     ,6333,1, ,         ,13.23,0.961,100,192
6331,     ,6333,3, ,         ,13.11,0.961,100,192
6333,     ,6331,2, ,         ,61.3,1.039,33,64
6334,     ,6336,1, ,         ,22,1.06,100,192
6334,     ,6351,1, ,3.84,19.73,35.08,239,382.4
6338,     ,6337,1, ,         ,13.333,1,11,22.4
6340,     ,6339,1, ,         ,1.9,1,22,41.6
6341,     ,6334,1, ,2.54,13.1,23.22,239,382.4
6341,     ,6337,1, ,         ,34.103,1.019,39,73.6
6341,     ,6340,1, ,         ,31.8,1,39,75.2
6341,     ,6342,1, ,         ,11.291,      1.004  .85  1.1      -6342,55,105.6
6341,     ,6342,2, ,         ,11.29,      1.004  .85  1.1      -6342,55,105.6
6341,     ,6344,1, ,         ,31.075,1,39,75.2
6341,     ,6347,1, ,         ,26.75,1.022,40,76.8
6341,     ,6620,1, ,1.04,7.27,27.46,408,968
6343,     ,6337,1, ,         ,-1.282,1,39,73.6
6343,     ,6340,1, ,         ,27.5,1.1,33,64
6343,     ,6344,1, ,         ,26.755,1.1,33,64
6344,     ,6346,1, ,         ,2.925,1,22,41.6
6346,     ,6348,1, ,         ,16.28,                                ,999,1598.4
6351,     ,6062,1, ,2.25,11.59,20.62,199,318.4
6351,     ,6100,1, ,         ,13.89,1,90,144
6351,     ,6350,1, ,         ,15.25,1.025,80,153.6
6351,     ,6352,1, ,         ,30.975,1,39,75.2
6351,     ,6353,1, ,         ,25.72,0.98,50,96
6351,     ,6354,1, ,         ,35.333,0.98,39,73.6
6352,     ,6355,1, ,         ,2.475,1,22,41.6
6353,     ,6090,1, ,1.3899,25.205,1.3972,999,1598.4
6353,     ,6351,4, ,         ,58.03,0.994,33,64
6353,     ,6352,1, ,         ,26.855,0.994,33,64
6353,     ,6354,1, ,         ,-2.256,1,39,73.6
6354,     ,6356,1, ,         ,14.231,1,11,22.4
6355,     ,6374,1, ,         ,26.25,                                ,999,1598.4
6358,     ,6171,1, ,0.86,8.46,28.9,671,1204.8
6358,     ,6349,1, ,         ,2.702,      .9619 .7921.195       6358,300,576
6358,     ,6349,2, ,         ,2.702,      .9619 .7921.195       6358,300,576
6358,     ,6351,1, , T       ,0.001,                                ,797,1275.2
6358,     ,6351,2, , T       ,0.001,                                ,797,1275.2
6359,     ,6369,1, ,0.193,2.802,399.03,2728,4364.8
6360,     ,6315,1, ,         ,3.41,      1.087  .85 1.15      -6315,300,576
6360,     ,6443,1, , T       ,-0.578,                                ,1734,3745.6
6361,     ,6316,1, ,2.189,10.34,19.33,233,472
6361,     ,6363,1, ,         ,12.81,      .9846 .7261.117      -6363,100,192
6361,     ,6363,2, ,         ,13.22,      .9846 .7261.117      -6363,100,192
6361,     ,6365,1, ,         ,9.28,       1.01 .7261.174      -6365,100,192
6361,     ,6365,2, ,         ,9.42,       1.01 .7261.117      -6365,100,192
6362,     ,5941,1, ,1.4,9.19,16.34,300,505.6
6362,     ,6359,1, ,         ,4.92,      .9762 .8591.178       6362,300,576
6362,     ,6364,1, ,         ,14.62,      1.006   .9  1.1      -6364,55,105.6
6362,     ,6364,2, ,         ,14.82,      1.006   .9  1.1      -6364,55,105.6
6367,     ,6266,1, ,0.79131,9.9678,0.2702,999,1598.4
6368,     ,5891,1, ,0.59,2.99,5.6,350,560
6368,     ,5891,2, , T    .59,2.99,5.6,350,560
6368,     ,5902,1, ,3.53,19.03,33.08,251,401.6
6368,     ,6369,1, ,         ,1.35,      1.016 .7921.195      -6369,600,1152
6368,     ,6369,2, ,         ,1.35,      1.016 .7921.195      -6369,600,1152
6368,     ,6369,3, ,         ,1.35,      1.016 .7921.195      -6369,600,1152
6370,     ,6336,1, , T 1.3907,5.9607,6.7975,100,192
6371,     ,6373,1, ,         ,22.4,1,999,1598.4
6371,     ,6373,2, ,         ,22.4,1,999,1598.4
6373,     ,6379,1, ,0.84833,4.4639,0.7538,999,1598.4
6380,     ,6381,1, ,         ,22.4,1,999,1598.4
6380,     ,6381,2, ,         ,22.4,1,999,1598.4
6381,     ,6382,1, ,1.1176,6.2388,0.4232,999,1598.4
6388,     ,6394,1, ,         ,22.318,1,33,52.8
6392,     ,6397,1, ,         ,-1.14,      1.006   .9  1.1      -6397,100,224
6393,     ,6391,1, ,         ,23.43,1,100,160
6393,     ,6397,1, ,         ,-1.14,      1.003   .9  1.1      -6397,100,160
6396,     ,6399,1, ,         ,12.621,1,6,9.6
6400,     ,6408,1, ,         ,4.07,1.1,300,480
6400,     ,6440,1, ,0.023,0.362,52.6,2598,4156.8
6400,     ,6440,2, ,0.023,0.362,52.6,2598,4156.8
6400,     ,6508,2, ,         ,2.431,1.1,450,720
6400,     ,6701,1, ,0.17,2.63,387.1,2685,4296
6400,     ,6703,1, , T   .171,2.56,356.1,1992,4296
6401,     ,6394,1, ,         ,37.076,1,33,52.8
6401,     ,6399,1, ,         ,36.379,1,33,62.4
6401,     ,6402,1, ,         ,37.12,1,33,62.4
6401,     ,6405,1, ,         ,6.18,1.05,160,256
6401,     ,6407,1, ,2.554,13.82,25.86,166,334.4
6401,     ,6408,1, ,         ,-0.77,1.073,300,480
6401,     ,6508,2, ,         ,-0.193,1.073,450,720
6402,     ,6403,1, ,         ,-0.76,                                ,33,52.8
6402,     ,6404,1, ,         ,9.85,                                ,3,4.8
6403,     ,6394,1, ,         ,-2.015,1,33,52.8
6403,     ,6399,1, ,         ,-1.136,1,33,52.8
6406,     ,6408,1, ,         ,5.93,1.073,25,40
6407,     ,6392,1, ,         ,13.24,1,100,224
6407,     ,6393,1, ,         ,13.24,1,100,160
6407,     ,6409,1, ,0.541,2.92,5.47,226,361.6
6407,     ,6561,1, ,1.5,7.11,12.7,219,441.6
6407,     ,6561,2, ,1.1227,7.6554,15.848,276,555.2
6407,     ,6561,3, , T 1.1262,7.6508,15.849,276,555.2
6410,     ,6418,1, ,         ,11.92,1.024,100,160
6410,     ,6419,1, ,         ,0.86,1.05,2025,3888
6410,     ,6420,1, ,         ,1.72,1.05,1505,2537.6
6410,     ,6421,1, ,         ,3.44,1.05,1215,2332.8
6410,     ,6422,1, ,         ,1.72,1.05,1620,3110.4
6410,     ,6423,1, ,         ,3.44,1.05,378,604.8
6410,     ,6430,1, ,         ,0.01,                                ,3000,4800
6410,     ,6449,1, ,         ,2.888,1.1,450,720
6410,     ,6458,1, ,         ,2.86,1.1,450,720
6410,     ,6460,2, ,0.21,3.4,507.5,1992,3920
6410,     ,6510,1, ,0.23,2.87,284.81,1992,3880
6410,     ,6511,1, ,0.148,2.344,342.06,1992,4156.8
6413,     ,6411,1, , T       ,24.35,1.025,999,1918.4
6413,     ,6412,1, , T       ,24.35,1.025,999,1918.4
6413,     ,6414,1, ,         ,28.2,      .9924  .85 1.05      -6414,33,52.8
6413,     ,6417,1, ,         ,28.2,      .9924  .85 1.05      -6417,33,52.8
6413,     ,6453,1, ,1.999,4.837,0.092,47,75.2
6416,     ,6413,1, ,         ,12.85,      .9727   .9  1.1      -6413,100,192
6416,     ,6449,1, ,         ,-0.426,      1.003   .9  1.1       6416,450,720
6416,     ,6458,1, ,         ,-0.451,      1.003   .9  1.1       6416,450,734.4
6416,     ,8106,1, ,2.05,14.94,76.95,319,510.4
6416,     ,8505,1, ,0.273,13.625,      .9821   .9  1.1      -6450,100,192
6416,     ,8507,1, ,0.279,13.63,      .9821   .9  1.1      -6450,100,192
6418,     ,6413,1, ,         ,-0.11,1,100,160
6418,     ,6415,1, ,         ,5.38,1,33,52.8
6430,     ,6424,1, ,         ,2.355,1.05,4000,64000
6430,     ,6425,1, ,         ,2.355,1.05,2025,3888
6430,     ,6460,1, ,0.32,4.16,422.6,2030,4091.2
6430,     ,6460,3, ,0.237,3.135,560.6,2425,3880
6430,     ,6507,1, ,0.161,2.41,335.3,2685,4296
6430,     ,6509,1, ,0.15,2.3,335,1992,3920
6430,     ,8101,1, ,0.19355,2.796,417.73,2715,5430.4
6430,     ,8102,2, ,0.19355,2.796,417.73,2715,5430.4
6440,     ,6441,1, ,         ,2.22,      1.022   .9  1.1      -6441,450,720
6440,     ,6441,2, ,         ,2.22,      1.022   .9  1.1      -6441,450,720
6440,     ,6441,3, ,         ,2.22,      1.022   .9  1.1      -6441,450,720
6440,     ,7306,1, ,         ,-1.58,                                ,1646,3553.6
6441,     ,6407,1, ,0.69,7.102,27.3,780,1248
6441,     ,6407,2, ,0.69,7.102,27.3,780,1248
6441,     ,6407,3, ,0.69,7.1,27.3,649,1249.6
6442,     ,3050,1, , T  .1899,2.7184,812.44,4140,8340.8
6443,     ,6445,1, , T   .131,1.836,530.3,4140,8340.8
6444,     ,6349,1, ,0.2406,3.488,496.85,2728,4364.8
6444,     ,6442,1, ,         ,-0.8847,                                ,2078,4489.6
6444,     ,6445,1, ,         ,-0.578,                                ,1734,3745.6
6449,     ,6429,1, ,         ,6.91,1,94,150.4
6450,     ,8505,1, ,0.513,-1.535,1,100,192
6450,     ,8507,1, ,0.501,-1.52,1,100,192
6451,     ,6457,1, ,         ,51.4,      .9994   .9  1.1       6451,25,40
6453,     ,6459,1, ,         ,34,1,30,48
6453,     ,6528,1, ,         ,20.04,      1.003   .9  1.1      -6528,30,48
6454,     ,6453,1, ,         ,68.95,      1.014   .9  1.1       6454,20,32
6454,     ,6453,2, ,         ,69.5,      1.014   .9  1.1       6454,13,20.8
6455,     ,6458,1, ,         ,7.412,                                ,94,150.4
6456,     ,6459,1, , T       ,40.34,                                ,999,1598.4
6459,     ,6452,1, ,         ,-3.67,1,30,48
6460,     ,6476,1, ,         ,1.76,1.1,750,1440
6460,     ,6477,1, ,         ,1.76,1.1,750,1440
6460,     ,6478,1, ,         ,1.65,1.1,750,1440
6460,     ,6479,1, ,         ,1.72,1.1,750,1200
6461,     ,6463,1, ,         ,5.319,      .9645   .9  1.1      -6463,200,384
6461,     ,6463,2, ,         ,5.319,      .9645   .9  1.1      -6463,200,384
6461,     ,6465,1, ,         ,3.05,1.05,320,512
6461,     ,6471,1, ,0.475,3.33,12.12,610,1123.2
6461,     ,6471,2, ,0.475,3.33,12.12,610,1123.2
6461,     ,6476,1, ,         ,-0.194,      1.081  .971.128       6461,750,1200
6461,     ,6477,1, ,         ,-0.194,      1.081  .971.128       6461,750,1200
6461,     ,6478,1, ,         ,-0.158,      1.081  .971.128       6461,750,1200
6461,     ,6479,1, ,         ,-0.18,      1.081  .971.128       6461,750,1200
6461,     ,6487,1, ,1.08,8.41,34.917,558,1097.6
6471,     ,6472,1, ,         ,9.62,      .9473  .85 1.05      -6472,150,288
6471,     ,6472,2, ,         ,9.313,      .9473  .85 1.05      -6472,150,288
6471,     ,6472,3, ,         ,9.31,      .9473  .85 1.05      -6472,150,288
6471,     ,6481,1, ,0.184,1.29,4.71,467,940.8
6471,     ,6481,2, ,0.184,1.29,4.71,467,940.8
6481,     ,6482,1, ,         ,9.313,      .9371  .85 1.05      -6482,150,288
6481,     ,6482,2, ,         ,9.313,      .9371  .85 1.05      -6482,150,288
6481,     ,6482,3, , T       ,9.31,      .9371  .85 1.05      -6482,150,288
6481,     ,6482,4, ,         ,9.31,      .9371  .85 1.05      -6482,150,240
6481,     ,6489,1, ,1.3265,6.5669,12.059,233,470.4
6481,     ,6710,1, ,0.1683,1.057,3.89,610,1123.2
6481,     ,6710,2, ,0.1683,1.057,3.89,610,1123.2
6489,     ,6487,1, ,         ,-5.53,                                ,558,1097.6
6489,     ,6491,1, ,0.406,2.221,4.55,279,548.8
6489,     ,6491,2, ,0.4748,2.3476,4.3039,233,470.4
6490,     ,6488,1, ,         ,18.33,1,30,48
6491,     ,6490,1, ,         ,9.44,      .9657   .9  1.1      -6493,150,240
6491,     ,6494,1, ,         ,9.373,      .9661   .9  1.1      -6493,150,288
6491,     ,6496,1, ,         ,8.32,1,100,192
6491,     ,6497,1, ,         ,7.925,1,100,192
6491,     ,6696,1, ,         ,8.015,1,100,192
6492,     ,6496,1, ,         ,-0.79,      1.026   .9  1.1       6492,100,192
6492,     ,6497,1, ,         ,-0.475,      1.026   .9  1.1       6492,100,192
6492,     ,6696,1, ,         ,-0.585,      1.026   .9  1.1       6492,100,192
6493,     ,6490,1, ,         ,-0.94,1,150,240
6493,     ,6494,1, ,         ,-0.887,                                ,150,240
6494,     ,6495,1, ,         ,18.4,                                ,30,48
6496,     ,6499,1, ,         ,14.86,                                ,999,1598.4
6497,     ,6498,1, ,         ,14.335,                                ,15,24
6500,     ,5050,1,D,D     .25,3.2,327.78,2165,3464
6501,     ,6500,1, ,         ,2.85,      .9548   .9  1.1       6501,300,528
6501,     ,6500,2, ,         ,2.85,       1.06   .9  1.1       6501,300,576
6506,     ,6508,2, ,         ,14.871,1.051,45,72
6507,     ,6400,1, ,         ,-0.704,                                ,1992,4296
6509,     ,6400,1, ,         ,-0.69,                                ,1992,4296
6510,     ,6400,1, , T       ,-0.876,                                ,1992,4296
6511,     ,6400,1, , T       ,-0.71,                                ,1992,4296
6512,     ,5580,1, ,         ,-1.37,                                ,1689,2702.4
6512,     ,6513,1, ,0.37,4.78,510.29,1732,2771.2
6514,     ,5580,1, , T       ,-1.14,                                ,1992,4156.8
6514,     ,6515,1, ,0.25,3.96,602.32,2598,4156.8
6517,     ,5580,1, , T       ,-1.096,                                ,1992,4296
6521,     ,6522,1, ,         ,20.7,1,60,115.2
6521,     ,6531,1, ,1.4098,10.494,53.357,239,382.4
6521,     ,6554,1, ,0.4783,3.9713,15.49,259,712
6521,     ,6557,1, ,         ,20.633,1,60,115.2
6521,     ,6578,1, ,         ,20.55,1,60,134.4
6522,     ,6523,1, ,         ,-1.22,      .9717   .9  1.1      -6523,60,115.2
6523,     ,20700,1, ,1.7221,7.3113,0.1368,93,148.8
6523,     ,20700,2, ,1.7221,7.3113,0.1368,93,148.8
6525,     ,6522,1, , T       ,14.12,1,20,32
6526,     ,6457,1, ,11.43,23.53,5.867,126,201.6
6528,     ,6526,1, ,15.14,31.14,7.764,126,201.6
6531,     ,6534,1, ,         ,44.13,      .9816  .85 1.15      -6534,30,57.6
6531,     ,6534,2, ,         ,46.3,      .9816  .85 1.15      -6534,30,57.6
6531,     ,6541,1, ,1.1131,8.2543,41.475,239,382.4
6541,     ,6547,1, ,         ,7.792,1,100,160
6541,     ,6548,1, , T       ,7.945,1,100,160
6541,     ,6549,1, , T       ,7.915,1,90,144
6542,     ,6547,1, ,         ,-0.392,      1.063   .9  1.1       6542,100,160
6542,     ,6548,1, ,         ,-0.485,      1.063   .9  1.1       6542,100,160
6542,     ,6549,1, ,         ,-0.5785,      1.063   .9  1.1       6542,100,160
6542,     ,95150,1, ,21.073,51.248,13.689,126,201.6
6542,     ,95150,2, ,21.073,51.248,13.689,126,201.6
6542,     ,95200,1, ,9.989,24.293,6.489,126,201.6
6543,     ,6548,1, , T       ,14.315,1,30,48
6545,     ,6549,1, , T       ,14.534,1,30,48
6546,     ,6547,1, ,         ,16.063,1,33,52.8
6554,     ,6555,1, ,         ,6.11,1,180,345.6
6554,     ,6556,1, ,         ,6.11,1,180,345.6
6554,     ,6559,1, ,         ,6.11,1,180,345.6
6557,     ,6523,1, ,         ,-1.067,      .9717   .9  1.1      -6523,60,115.2
6557,     ,6558,1, ,         ,14.217,1,20,32
6561,     ,6564,1, ,0.13,0.63,1.13,166,336
6561,     ,6565,1, ,2.23,15.87,33.82,284,611.2
6561,     ,6565,2,D,D    2.23,15.87,33.82,284,611.2
6561,     ,6566,1, ,0.64,3.09,5.42,300,480
6561,     ,6571,1, ,1.389,6.65,12.212,166,336
6571,     ,6572,1,D,D        ,11.95,      .9566   .9  1.1      -6572,150,240
6571,     ,6574,1, ,         ,13.275,1,150,240
6574,     ,6572,1, ,         ,-1.325,      .9611   .9  1.1      -6572,150,240
6574,     ,6575,1, ,         ,32.675,1,150,240
6576,     ,6642,1, ,0.492,6.991,1.984,999,1598.4
6578,     ,6523,1, ,         ,-1.5,      .9528   .9  1.1       6578,60,134.4
6580,     ,16580,1, , T       ,0.01,                                ,999,1598.4
6580,     ,26580,1,D,DT       ,0.01,                                ,999,1598.4
6581,     ,2168,1, ,4.981,12.514,0.199,38,88
6582,     ,16586,1,D,DT   2.19,5.09,1.281,144,268.8
6582,     ,26586,1, ,2.19,5.09,1.281,144,268.8
6583,     ,2232,2, ,1.461,5.118,1.261,125,286.4
6584,     ,11653,1, ,0.5,1.2,0.3,103,206.4
6584,     ,22653,1,D,D      .5,1.2,0.3,103,206.4
6585,     ,2332,1, ,0.193,0.4751,0.1269,101,230.4
6587,     ,2237,1, ,4.174,10.553,2.571,103,206.4
6588,     ,6607,1, ,0.599,1.475,0.394,103,206.4
6589,     ,2106,1, ,0.455,1.48,0.37,101,230.4
6590,     ,2183,1,D,D     .45,1.135,0.289,103,206.4
6590,     ,3419,1, ,3.033,7.018,1.881,103,206.4
6591,     ,2261,1, ,3.922,12.64,3.3197,136,259.2
6594,     ,2301,1, ,2.879,6.867,1.836,125,216
6596,     ,2288,1, ,1.3345,4.5126,1.2724,128,204.8
6597,     ,2325,1, ,0.2753,0.8857,0.2334,179,286.4
6605,     ,5604,1, ,         ,15.87,1,30,48
6606,     ,568,1,D,DT  2.388,5.877,1.571,103,206.4
6607,     ,2219,1,D,D    .955,2.348,0.628,103,206.4
6608,     ,2241,1, ,1.023,2.794,0.765,103,206.4
6608,     ,4278,1, ,0.584,1.445,0.386,103,238.4
6610,     ,2222,2, ,0.859,4.644,1.243,249,468.8
6610,     ,2233,1, ,1.635,4.912,1.384,103,206.4
6610,     ,4262,1, ,1.635,4.912,1.384,103,206.4
6610,     ,6608,1, ,0.108,0.531,0.163,249,468.8
6610,     ,6609,1, ,         ,3.32,      .9217  .861.188       6610,400,894.4
6610,     ,6609,2, ,         ,3.32,      .9217  .861.188       6610,400,894.4
6610,     ,6609,3, ,         ,3.32,      .9217  .861.188       6610,400,894.4
6616,     ,6692,1, ,         ,22.5,1,999,1598.4
6620,     ,6249,1, ,         ,5.71,      1.035   .9  1.1      -6249,175,280
6621,     ,6367,1, ,         ,17.5,      1.037   .9  1.1      -6367,80,128
6623,     ,6230,1, ,         ,11.494,       1.15  .85 1.15       6623,87,139.2
6623,     ,6231,1, ,         ,11.494,       1.15  .85 1.15       6623,87,139.2
6626,     ,6226,1, ,         ,140,1,999,1598.4
6628,     ,6132,1,D,D        ,10.606,1,999,1598.4
6631,     ,6632,1, ,         ,11.667,1,120,268.8
6631,     ,6639,1, ,         ,11.667,1,120,268.8
6632,     ,6647,1, ,1.426,7.8392,0.3955,999,1598.4
6634,     ,5167,1, , T    .67,8.36,0.463,999,1598.4
6639,     ,6648,1, ,0.7829,8.4398,0.1501,999,1598.4
6640,     ,5408,1, ,0.1748,2.4847,356.98,1992,3187.2
6641,     ,5303,1, ,1.084,5.1797,9.0694,284,568
6641,     ,5305,1, ,1.5749,7.5253,13.176,284,568
6641,     ,6017,1, ,0.5518,5.5546,23.303,999,1598.4
6641,     ,6017,2, ,0.5518,5.5546,23.303,999,1598.4
6641,     ,6640,1, ,         ,2.667,      .9173  .86 1.18       6641,600,960
6641,     ,6640,2, ,         ,2.667,      .9173  .86 1.18       6641,600,960
6641,     ,6665,1, ,0.3271,2.2951,8.4445,380,768
6649,     ,6650,1, ,         ,11.667,      .9845   .9  1.1      -6650,240,460.8
6649,     ,6655,1, ,         ,11.667,      .9693   .9  1.1      -6655,120,230.4
6650,     ,6636,1, ,0.826,6.137,15.3,999,1598.4
6651,     ,5323,1,D,D        ,6.475,1,200,384
6651,     ,6652,1,D,D        ,34.445,1,2,3.2
6655,     ,6066,1, ,0.602,6.723,7.28,999,1598.4
6665,     ,6670,1, ,         ,1.35,1,999,1598.4
6665,     ,6671,1, ,         ,1.35,1,999,1598.4
6666,     ,6672,1, ,1.211,9.877,0.323,999,1598.4
6667,     ,6673,1, ,2.108,11.469,0.518,999,1598.4
6668,     ,6674,1, ,1.396,10.622,0.331,999,1598.4
6669,     ,6675,1, ,0.969,8.819,0.183,999,1598.4
6670,     ,6666,1, ,         ,10.75,1,999,1598.4
6670,     ,6667,1, ,         ,10.95,1,999,1598.4
6671,     ,6668,1, ,         ,10.75,1,999,1598.4
6671,     ,6669,1, ,         ,10.95,1,999,1598.4
6677,     ,5323,1,D,D        ,6.488,1,200,384
6677,     ,6679,1,D,D        ,34.513,1,2,3.2
6682,     ,6103,1, ,         ,-0.76,1,150,288
6682,     ,6683,1, ,         ,27.387,1,2,3.2
6687,     ,6101,1, ,0.35,3.59,14.1,386,617.6
6687,     ,6132,1, ,0.04,0.44,1.7,550,1108.8
6688,     ,5166,1, ,         ,16.28,                                ,40,76.8
6689,     ,6103,1,D,D        ,-0.76,1,150,288
6689,     ,6690,1,D,D        ,27.387,1,2,3.2
6692,     ,6693,1, ,0.77489,19.997,1.1526,999,1598.4
6694,     ,5246,1, ,         ,-0.677,1,150,288
6694,     ,6695,1, ,         ,18.677,1,1,1.6
6696,     ,6699,1, ,         ,14.82,                                ,2,3.2
6697,     ,5246,1, ,         ,-1.18,1,150,288
6697,     ,6698,1, ,         ,18.18,1,1,1.6
6700,     ,5540,1, ,0.1836,3.104,704.81,3936,7488
6700,     ,5590,1, ,0.04,0.61,87.19,1992,4296
6700,     ,6702,1, ,         ,-1.096,                                ,1992,4296
6701,     ,6700,1, ,         ,-0.79,                                ,1992,4296
6702,     ,6517,1, ,0.26,4.07,622.01,1992,4296
6703,     ,6700,1, ,         ,-0.792,                                ,1992,4296
6705,     ,5296,1, ,0.06441,0.3439,0.17883,277,544
6705,     ,6706,1, ,         ,11.414,1,120,230.4
6705,     ,6707,1, ,         ,11.414,1,120,230.4
6708,     ,6706,1, ,2.8298,13.061,3.296,999,1598.4
6709,     ,6707,1, ,2.1211,9.7916,4.3921,999,1598.4
6710,     ,6713,1, ,         ,8.607,      .9788   .9  1.1      -6713,150,288
6710,     ,6713,2, ,         ,8.633,      .9788   .9  1.1      -6713,150,288
6710,     ,6713,3, ,         ,8.64,      .9788   .9  1.1      -6713,150,288
6711,     ,6712,1, ,1.2943,12.2,8.0739,999,1598.4
6714,     ,6342,1, ,12.15,52.128,7.2032,999,1598.4
6730,     ,6728,1, ,         ,1.027,1.05,2100,4032
6730,     ,6729,1, ,0.0145,3.081,1.05,700,1344
6730,     ,8100,1, ,0.01163,0.21058,22.412,2500,4800
6730,     ,8100,2, ,0.01163,0.21058,22.412,2500,4800
6730,     ,8100,3,D,D  .01163,0.21058,22.412,2500,4800
6759,     ,5373,1, ,         ,16.33,      .9861   .9  1.1      -5373,75,120
6759,     ,6760,1, ,         ,-1.429,1,175,280
6760,     ,6761,1, ,         ,15.143,1,88,140.8
6760,     ,6762,1, ,         ,15.143,1,88,140.8
6761,     ,6762,1, ,         ,0.1,                                ,999,1598.4
6761,     ,6781,1, ,0.47727,6.3926,2.8097,999,1598.4
6762,     ,6782,1, ,3.2065,9.8962,2.4138,999,1598.4
6764,     ,6765,1, ,         ,21.538,1,65,104
6765,     ,6777,1, ,0.65421,9.411,2.078,999,1598.4
6766,     ,6767,1, ,         ,18.667,1,75,120
6766,     ,6792,1, ,         ,16,1,999,1598.4
6767,     ,6768,1, ,0.64509,8.2839,1.8269,999,1598.4
6769,     ,6136,1, ,0.59898,42.543,0.16148,999,1598.4
6769,     ,6138,1, ,0.15009,8.6084,0.64592,999,1598.4
6770,     ,5371,1, ,1.456,6.987,12.793,255,515.2
6770,     ,6779,1, ,         ,11.8,      .9438   .9   1.      -6779,120,249.6
6770,     ,6780,1, ,         ,17.875,        .98   .9  1.1      -6780,80,128
6770,     ,6780,2, ,         ,17.875,        .98   .9  1.1      -6780,80,128
6775,     ,6142,1, ,4.5043,37.811,5.8304,999,1598.4
6779,     ,5612,1, ,0.9438,8.0145,2.3161,999,1598.4
6780,     ,6386,1, ,2.257,8.978,3.249,999,1598.4
6792,     ,6793,1, ,2.3937,12.583,2.3345,999,1598.4
6800,     ,4862,1, ,2.42,19.08,100.37,494,995.2
6800,     ,4862,2, ,2.419,19.08,100.37,494,995.2
6800,     ,4862,3, ,2.507,19.26,101.22,558,1115.2
6800,     ,6803,1, ,         ,20.192,1,60,115.2
6800,     ,6804,1, ,         ,20.033,1,60,115.2
6801,     ,6802,1, ,10.37,13.24,0.2387,33,65.6
6801,     ,6803,1, ,         ,-0.8583,      .9678   .9  1.1       6801,60,115.2
6801,     ,6804,1, ,         ,-0.8667,      .9677   .9  1.1       6801,60,115.2
6801,     ,6811,1, ,37.13,84.84,1.6735,51,100.8
6806,     ,6803,1, ,         ,57.558,1,20,32
6807,     ,6804,1, ,         ,56.167,1,20,32
6812,     ,6801,1, ,39.88,50.93,0.9181,33,65.6
6813,     ,6817,1, ,         ,35.9,      .9809   .9  1.1      -6817,20,41.6
6813,     ,6817,2, ,         ,35.9,      .9809   .9  1.1      -6817,20,41.6
6820,     ,6800,1, ,1.267,9.1125,46.076,478,764.8
6820,     ,6800,2, ,1.2235,9.2395,45.561,494,995.2
6820,     ,6800,3, ,1.23,9.196,46.48,558,1115.2
6820,     ,6823,1, ,         ,13.009,1,55,105.6
6820,     ,6824,1, ,         ,12.94,1,55,105.6
6821,     ,6822,1, ,1.6,3.71,0.991,101,203.2
6821,     ,6823,1, ,         ,-1.209,      .9914   .9  1.1       6821,55,105.6
6821,     ,6824,1, ,         ,-1.17,      .9914   .9  1.1       6821,55,105.6
6822,     ,6829,1, ,6.89,15.95,4.2658,101,203.2
6826,     ,6823,1, ,         ,25.664,1,18,28.8
6827,     ,6824,1, ,         ,25.55,1,18,28.8
6831,     ,6829,1, ,         ,23.258,1,82,131.2
6832,     ,6831,1, ,         ,33.33,1,20,38.4
6838,     ,6843,1, ,3.41,7.8,0.1539,51,100.8
6840,     ,6820,1, ,0.9372,6.72,33.81,478,764.8
6840,     ,6820,2, ,0.90023,6.7984,33.523,494,995.2
6840,     ,6820,3, ,0.916,6.819,34.3,558,1115.2
6840,     ,6844,1, ,         ,16.15,      .9992   .9  1.1      -6842,60,115.2
6840,     ,6845,1, ,         ,16.15,      .9992   .9  1.1      -6842,60,115.2
6840,     ,6846,1, ,         ,8.355,1,100,192
6840,     ,6847,1, ,         ,8.025,1,100,192
6840,     ,6848,1, ,         ,19.725,      1.027   .9  1.1      -6842,60,115.2
6841,     ,6846,1, ,         ,-0.645,      .9933   .9  1.1       6841,100,192
6841,     ,6847,1, ,         ,-0.615,      .9928   .9  1.1       6841,100,192
6841,     ,6856,1, ,11.74,27.18,7.267,101,203.2
6841,     ,6857,1, ,8.0174,27.033,7.3411,111,222.4
6842,     ,6838,1, ,0.001,0.001,0.0001,51,100.8
6842,     ,6843,1, ,3.41,7.8,0.1539,51,100.8
6842,     ,6844,1, ,         ,3.6,1,60,115.2
6842,     ,6845,1, ,         ,3.6,1,60,115.2
6842,     ,6848,1, ,         ,-0.792,1,60,115.2
6849,     ,6844,1, ,         ,56.4,1,20,32
6851,     ,6845,1, , T       ,56.4,1,20,32
6852,     ,6846,1, ,         ,15.095,1,33,52.8
6853,     ,6847,1, ,         ,14.865,1,33,52.8
6854,     ,6848,1, ,         ,11.842,1,20,32
6858,     ,6875,1, ,         ,80,1,10,19.2
6859,     ,6857,1, ,         ,36.67,      1.002   .9  1.1       6859,40,64
6859,     ,6857,2, ,         ,36.67,      1.002   .9  1.1       6859,40,64
6859,     ,6875,1, ,6.22,10.69,0.0006,10,19.2
6861,     ,6859,1, ,         ,96.96,1,999,1598.4
6861,     ,6859,2, ,         ,96.96,1,999,1598.4
6862,     ,6863,1, ,         ,44.36,1,33,52.8
6862,     ,6863,2, ,         ,37.33,1,30,48
6863,     ,6860,1, ,         ,40,1,15,32
6866,     ,6865,1,D,D        ,40.08,1,10,16
6870,     ,6840,1, ,1.29,7.63,14.24,247,497.6
6870,     ,6865,1,D,DT       ,41.75,      .9638   .9  1.1      -6871,30,57.6
6870,     ,6873,1, ,         ,39.3,      1.014   .9  1.1      -6871,30,51.2
6870,     ,6874,1, ,         ,38.967,      .9496   .9  1.1      -6871,30,51.2
6871,     ,6865,1,D,D        ,-2.25,1,30,57.6
6871,     ,6872,1, ,1.28,2.93,0.0577,51,100.8
6871,     ,6873,1, ,         ,-1.8,1,30,51.2
6871,     ,6874,1, ,         ,-1.633,1,30,51.2
6876,     ,6873,1, ,         ,23.4,1,10,16
6877,     ,6874,1, ,         ,23.633,1,10,16
6880,     ,6840,2, ,2.4989,14.893,29.677,247,497.6
6880,     ,6840,3, ,1.259,9.421,47.64,558,1115.2
6880,     ,6870,1, ,1.336,7.87,14.689,247,497.6
6880,     ,6883,1, ,         ,15.93,      .9918   .9  1.1      -6881,60,115.2
6880,     ,6884,1, ,         ,15.88,      .9919   .9  1.1      -6881,60,115.2
6881,     ,6882,1, ,0.85,1.95,0.0385,51,100.8
6881,     ,6883,1, ,         ,3.67,1,60,115.2
6881,     ,6884,1, ,         ,3.725,1,60,115.2
6886,     ,6883,1, ,         ,56.25,1,20,32
6887,     ,6884,1, ,         ,56.225,1,20,32
6889,     ,6888,1, ,         ,5.6,1,250,480
6889,     ,6892,1, ,         ,5.6,1,250,480
6889,     ,6900,1, ,0.26,1.837,3.629,450,768
6889,     ,6900,2, ,0.26,1.837,3.629,450,768
6890,     ,6880,1, ,2.43,14.32,26.72,247,497.6
6890,     ,6880,2, ,2.3396,13.943,27.784,247,497.6
6890,     ,6880,3, ,1.178,8.801,44.44,558,1115.2
6890,     ,6891,1, ,         ,7.42,1.025,236,377.6
6890,     ,6900,1, ,0.5512,3.82,7.3365,239,382.4
6890,     ,6900,2, ,0.5512,3.82,7.3365,239,382.4
6900,     ,6862,1, ,0.78775,5.6739,28.16,478,764.8
6900,     ,6890,3, ,0.325,2.414,12.09,558,1115.2
6900,     ,6902,1, ,         ,14.04,1,100,192
6900,     ,6903,1, ,         ,14.04,1,100,192
6900,     ,6904,1, ,         ,13.905,1,100,192
6900,     ,6905,1, ,         ,13.9,1,100,192
6900,     ,6911,1, ,         ,20.512,1.025,62,99.2
6900,     ,6912,1, ,         ,3.8117,1.043,214,342.4
6900,     ,6913,1, ,         ,8.52,1.043,142,227.2
6900,     ,6930,2, ,1.43,10.712,54.35,558,1115.2
6901,     ,6902,1, ,         ,-0.23,      .9999   .9  1.1       6901,100,192
6901,     ,6903,1, ,         ,-0.52,      .9999   .9  1.1       6901,100,192
6901,     ,6904,1, ,         ,-0.26,      .9998   .9  1.1       6901,100,192
6901,     ,6905,1, ,         ,-0.26,      .9998   .9  1.1       6901,100,192
6901,     ,6917,1, ,1.614,5.28,0.1,61,121.6
6901,     ,6917,2, ,1.614,5.28,0.1,61,121.6
6906,     ,6902,1, ,         ,9.42,1,33,52.8
6907,     ,6903,1, ,         ,9.34,1,33,52.8
6908,     ,6904,1, ,         ,9.45,1,33,52.8
6909,     ,6901,1, ,         ,64.06,      .9915   .9  1.1       6909,26,41.6
6909,     ,6901,2, ,         ,63.76,      .9915   .9  1.1       6909,26,41.6
6909,     ,6901,3, ,         ,65.15,      .9915   .9  1.1       6909,26,41.6
6910,     ,6905,1, ,         ,9.45,                                ,33,52.8
6914,     ,6813,1, ,0.5871,1.92,0.0342,61,121.6
6914,     ,6901,1, , T   3.64,11.91,0.2121,69,110.4
6914,     ,6901,2, , T   3.64,11.91,0.2121,69,110.4
6914,     ,6916,1, ,         ,63.87,      .9734   .9  1.1      -6916,20,41.6
6915,     ,6914,1, ,         ,65.602,      .9973   .9  1.1       6915,26,51.2
6915,     ,6914,2, ,         ,65.489,      .9973   .9  1.1       6915,26,51.2
6915,     ,6914,3, ,         ,64.323,      .9973   .9  1.1       6915,26,51.2
6917,     ,6919,1, ,2.4659,8.0646,0.14369,55,112
6917,     ,6921,1, ,2.4659,8.0646,0.14369,55,112
6918,     ,6917,1, ,         ,63.684,      .9917   .9  1.1       6918,26,41.6
6918,     ,6917,2, ,         ,64.023,      .9917   .9  1.1       6918,26,41.6
6918,     ,6917,3, ,         ,64.211,      .9917   .9  1.1       6918,26,41.6
6919,     ,6922,1, ,         ,0.01,                                ,64,112
6921,     ,6922,1, ,         ,0.01,                                ,64,112
6923,     ,6922,1, ,         ,65.47,      .9859   .9  1.1       6923,26,41.6
6923,     ,6922,2, ,         ,65.6,      .9859   .9  1.1       6923,26,41.6
6923,     ,6922,3, ,         ,65.133,      .9859   .9  1.1       6923,26,41.6
6924,     ,6919,1, , T  4.638,15.17,0.2703,69,110.4
6924,     ,6921,1, , T  4.638,15.17,0.2703,69,110.4
6930,     ,6862,1, ,0.69234,4.9861,24.74,478,764.8
6930,     ,6932,1, ,         ,15.136,1,55,88
6930,     ,6933,1, ,         ,15.209,1,55,88
6930,     ,6950,1, ,2.305,16.89,89.93,478,764.8
6930,     ,6950,2, ,2.207,16.788,87.1,558,1115.2
6931,     ,6932,1, ,         ,-1.209,         1.   .9  1.1       6931,55,88
6931,     ,6933,1, ,         ,-1.281,      1.001   .9  1.1       6931,55,88
6931,     ,6939,1, ,13.397,32.694,8.3504,97,195.2
6935,     ,6932,1, ,         ,27.827,1,18,28.8
6936,     ,6933,1, ,         ,27.609,1,18,28.8
6937,     ,6935,1, ,         ,140,      .9961   .9  1.1       6937,6,9.6
6941,     ,6939,1, ,         ,52.331,         1.   .9  1.1       6941,26,41.6
6941,     ,6942,1, ,         ,147.8,      .9788   .9  1.1      -6942,7,1145.6
6943,     ,6944,1, ,         ,25.16,1,18,28.8
6950,     ,6944,1, ,         ,13.11,1,55,105.6
6950,     ,6953,1, ,         ,13.995,1,100,192
6950,     ,6954,1, ,         ,13.93,1,100,192
6950,     ,6956,1, ,         ,12.355,1,55,105.6
6950,     ,6963,1, ,         ,14.75,1,100,192
6951,     ,6944,1, ,         ,-1.51,      1.018   .9  1.1       6951,55,105.6
6951,     ,6956,1, ,         ,-0.7545,      1.018   .9  1.1       6951,55,105.6
6951,     ,6982,1, ,15.15,51.58,14.18,110,222.4
6952,     ,6953,1, ,         ,-0.255,      1.061   .9  1.1       6952,100,192
6952,     ,6954,1, ,         ,-0.26,      1.061   .9  1.1       6952,100,192
6952,     ,6963,1, ,         ,-1.25,      1.059   .9  1.1       6952,100,192
6952,     ,6965,1, ,2.8974,17.337,0.36513,91,182.4
6952,     ,6965,2, ,2.8974,17.337,0.36513,91,182.4
6952,     ,6967,1, ,1.2993,7.7747,0.16374,91,182.4
6952,     ,6967,2, ,1.2993,7.7747,0.16374,91,182.4
6952,     ,6969,1, ,43.154,142.07,2.6817,55,112
6952,     ,6975,1, ,0.746,4.419,0.1,94,187.2
6957,     ,6953,1, ,         ,9.475,1,33,52.8
6958,     ,6954,1, ,         ,9.49,1,33,52.8
6959,     ,6956,1, ,         ,25.627,1,18,28.8
6964,     ,6963,1, ,         ,10.75,1,33,52.8
6965,     ,7001,1, ,         ,30,1,20,36.8
6967,     ,7003,1, ,         ,30,1,20,36.8
7053,     ,7050,1, ,         ,2.2712,1.025,660,1056
7053,     ,7055,1, ,0.012,0.172,14.97,1980,3657.6
7054,     ,6900,1, ,0.128,1.397,6.23,450,1216
7054,     ,6900,2, ,0.128,1.397,6.23,450,1216
7054,     ,7059,1,D,D        ,2.845,1,465,744
7055,     ,7059,1, ,         ,0.001,                                ,999,1598.4
7056,     ,7051,1, ,         ,1.9068,1.025,2100,3360
7056,     ,7055,1, ,0.0663,1.0915,131.97,2700,5280
7056,     ,7055,2,D,D   .0665,1.0908,132.01,2700,5280
7057,     ,101,1, ,0.01,0.193,19.124,1900,5126.4
7057,     ,101,2, ,0.01,0.193,19.124,1900,5126.4
7058,     ,559,1, ,0.013,0.25,14.81,2200,5120
7058,     ,559,2, ,0.013,0.25,14.81,2100,4960
7058,     ,7057,1, ,         ,0.96,0.965,1580,3328
7058,     ,7057,2, ,         ,0.96,0.965,1580,3328
7058,     ,7057,3, ,         ,0.96,0.965,1580,3328
7060,     ,7055,3, ,0.0669,1.1008,133.1,2700,5280
7060,     ,7056,1, ,0.00209,0.02912,2.7859,2700,5280
7060,     ,7061,1, ,         ,1.9068,1.025,1900,3040
7063,     ,7053,1, ,0.0001,0.011,0.958,990,3168
7063,     ,7055,2, ,0.012,0.18,16.19,990,3168
7063,     ,7062,1, ,         ,1.6518,1.025,999,1598.4
7065,     ,7055,3, ,0.013,0.194,16.52,990,3168
7065,     ,7055,4, ,0.013,0.194,16.52,990,3168
7065,     ,7064,1, ,         ,1.5142,1.025,1750,2800
7075,     ,775,1, ,4.08,11.862,3.178,103,192
7084,     ,3753,1, ,         ,40.2,         1.  .85 1.05       7084,33,62.4
7086,     ,7087,1, ,29.28,55.51,0.996,40,73.6
7086,     ,7088,1, ,15,28.5,0.511,40,73.6
7088,     ,7089,1, ,3.569,6.766,0.2,40,73.6
7088,     ,7098,1, ,144.5,146,1.999,24,44.8
7089,     ,7090,1, ,2.52,4.78,0.086,40,73.6
7090,     ,7091,1, ,41.34,78.36,1.41,40,73.6
7090,     ,7092,1, ,2.52,4.78,0.086,40,73.6
7090,     ,7096,1, ,2.52,4.78,0.086,40,73.6
7091,     ,7094,1, ,18.88,35.79,0.642,40,73.6
7092,     ,7093,1, ,         ,36.67,1.025,33,64
7094,     ,7095,1, ,         ,36.67,1.025,33,64
7096,     ,7097,1, ,         ,36.67,1.025,33,64
7098,     ,7099,1, ,27.37,60.26,1.0065,40,73.6
7099,     ,7120,1, ,         ,56.25,1.025,16,25.6
7100,     ,7102,1, ,         ,-0.96,                                ,1299,3118.4
7100,     ,7104,1, ,         ,-0.952,                                ,1299,3118.4
7100,     ,7235,1, ,         ,-0.536,                                ,1640,3366.4
7101,     ,7100,1, ,         ,-0.96,                                ,1299,3118.4
7102,     ,7201,1, ,0.1674,2.666,391.43,1732,2771.2
7103,     ,7100,1, ,         ,-0.952,                                ,1299,3118.4
7104,     ,7203,1, , T   .183,2.681,403.5,2598,4156.8
7105,     ,7100,1, ,         ,-0.952,                                ,1444,3118.4
7111,     ,7110,1, ,         ,3.4285,1,500,800
7112,     ,7111,1, ,         ,2.286,1.025,525,840
7113,     ,7112,1, ,0.014,0.213,30.43,2851,4561.6
7113,     ,7238,1, ,         ,-1.412,                                ,1559,3366.4
7121,     ,7091,1, ,4.033,7.645,0.1,40,73.6
7200,     ,7208,1, ,         ,6.7639,1.1,180,294.4
7200,     ,7209,1, ,         ,-0.952,                                ,1444,3118.4
7200,     ,7210,1, ,         ,6.7348,1.1,180,288
7200,     ,7301,1, ,0.1164,1.8363,265.83,2598,4156.8
7201,     ,7200,1, ,         ,-0.95,                                ,1299,3118.4
7202,     ,7208,1, ,         ,-0.3861,      1.034 .9161.178       7202,180,294.4
7202,     ,7210,1, ,         ,-0.3293,      1.025 .9161.178       7202,180,288
7203,     ,7200,1, ,         ,-0.952,                                ,1299,3118.4
7204,     ,7200,1, ,0.023,0.396,38.695,1732,2771.2
7204,     ,7207,1, ,         ,1.284,1.05,960,1536
7205,     ,7208,1, ,         ,4.2028,1.058,999,1598.4
7207,     ,7206,1, ,         ,3.16,1,950,1520
7209,     ,7105,1, , T  .1788,2.6549,401.42,2598,4156.8
7211,     ,7210,1, ,         ,10.611,1,999,1598.4
7235,     ,7113,1, ,0.0512,0.7474,110.23,2851,4561.6
7236,     ,7101,1, ,0.1692,2.6963,396.12,1732,2771.2
7237,     ,7103,1, , T   .185,2.756,407.4,2598,4156.8
7238,     ,299,1, , T  .1394,2.0543,307.2,2598,4156.8
7300,     ,5575,1, ,0.256,3.786,563,1992,3187.2
7300,     ,7301,1, ,         ,-0.952,                                ,1299,3118.4
7300,     ,7303,1, ,         ,-0.952,                                ,1299,3118.4
7300,     ,7305,1, ,         ,-0.952,                                ,1444,3118.4
7302,     ,7300,1, , T       ,-0.95,                                ,1299,3118.4
7303,     ,7200,1, ,0.126,1.851,270.44,2598,4156.8
7304,     ,7300,1, ,         ,-0.952,                                ,1429,3118.4
7305,     ,7200,1, ,0.1245,1.8304,272.81,2598,4656
7306,     ,7300,1, ,0.19,3.04,454.1,2598,4156.8
7591,     ,7302,1, , T    .22,3.53,529.69,2598,4156.8
7592,     ,7591,1, ,         ,-0.95,                                ,1299,3118.4
7593,     ,7304,1, ,0.236,3.562,539.69,2598,4156.8
7594,     ,7593,2, ,         ,-0.952,                                ,1299,3118.4
7602,     ,9139,1, , T    .01,0.026,0.006,98,169.6
7602,     ,9140,2,D,DT    .01,0.026,0.006,98,169.6
7603,     ,17603,1, ,0.038,0.0981,0.0244,139,260.8
7603,     ,27603,2,D,D    .038,0.0981,0.0244,139,260.8
7606,     ,17606,1, ,0.117,0.302,0.075,109,185.6
7606,     ,27606,2,D,D    .117,0.302,0.075,109,185.6
7607,     ,9137,1, , T   .008,0.0206,0.0051,98,169.6
7607,     ,9138,2,D,DT   .008,0.0206,0.0051,98,169.6
7608,     ,14175,1,D,D    .077,0.1987,0.0494,95,222.4
7608,     ,24175,2, ,0.077,0.1987,0.0494,95,222.4
7609,     ,4163,1, ,0.039,0.1007,0.025,95,222.4
7612,     ,17612,1, ,0.057,0.1471,0.0365,139,260.8
7612,     ,27612,2,D,D    .057,0.1471,0.0365,139,260.8
7613,     ,17613,1, ,0.02,0.0516,0.0128,139,260.8
7613,     ,27613,2,D,D     .02,0.0516,0.0128,139,260.8
8100,     ,8103,1, ,         ,-0.9037,                                ,999,1598.4
8100,     ,8104,2, ,         ,-0.9037,                                ,999,1598.4
8100,     ,8106,1, ,         ,3.945,      1.079   .9  1.1      -8106,336,697.6
8101,     ,8100,1, ,         ,-1.957,                                ,2050,3280
8102,     ,8100,2, ,         ,-1.957,                                ,2050,3280
8103,     ,8201,1, ,0.17931,2.5821,384.04,2715,5430.4
8104,     ,8202,2, ,0.17931,2.5821,384.05,2715,5430.4
8106,     ,6521,1, ,0.48,3.41,17.1,319,510.4
8200,     ,8203,1, ,         ,-1.273,                                ,999,1598.4
8200,     ,8204,2, ,         ,-1.273,                                ,999,1598.4
8200,     ,8252,1, ,         ,2.778,1.1,450,864
8200,     ,8254,1, ,         ,2.778,1.1,450,864
8200,     ,8265,1, ,         ,0.001,                                ,200,320
8201,     ,8200,1, ,         ,-0.9037,                                ,999,1598.4
8202,     ,8200,2, ,         ,-0.9037,                                ,999,1598.4
8203,     ,8301,1, ,0.2484,3.6388,555.85,2715,5430.4
8204,     ,8302,2, ,0.2484,3.6388,555.85,2715,5430.4
8221,     ,8231,1, ,         ,43.962,1,13,20.8
8222,     ,8230,1, ,         ,16.138,1,20,32
8223,     ,8233,1, ,         ,43.972,1,13,20.8
8250,     ,8252,1, ,         ,-0.637,      1.013   .9  1.1       8250,450,864
8250,     ,8254,1, ,         ,-0.637,      1.013   .9  1.1       8250,450,864
8250,     ,8270,1, ,0.88735,6.1026,30.569,557,1115.2
8250,     ,8270,2, ,0.88735,6.1026,30.568,557,1115.2
8251,     ,8221,1, ,         ,-2.655,      1.017   .9  1.1      -8274,40,64
8251,     ,8222,1,D,D        ,-0.862,1,20,32
8251,     ,8223,1, ,         ,-2.588,      1.017   .9  1.1      -8274,40,64
8251,     ,8235,1, ,         ,29.244,1.025,40,96
8251,     ,8236,1, ,         ,32,1.025,36,57.6
8251,     ,8237,1, ,         ,18.393,1.025,56,89.6
8251,     ,8238,1, ,         ,32.666,1.025,30,48
8251,     ,8258,1,D,D  5.5799,18.249,0.32515,55,112
8251,     ,8259,1, ,2.1237,13.175,0.25401,82,166.4
8253,     ,8252,1, ,         ,3.886,1,94,150.4
8256,     ,8254,1, ,         ,3.886,1,94,150.4
8257,     ,8251,1,D,D  2.1907,13.591,0.26343,82,166.4
8257,     ,8259,1, ,0.75997,4.7148,0.09138,82,166.4
8268,     ,8269,1, ,         ,4.425,1,560,1075.2
8268,     ,8270,1, ,0.1576,1.3103,4.8677,557,1115.2
8270,     ,8271,1, ,         ,20,      .9901  .95  1.1      -8271,100,192
8270,     ,8271,2, ,         ,20,      .9901  .95  1.1      -8271,100,192
8270,     ,8280,1, ,1.8867,13.133,66.932,557,1115.2
8270,     ,8280,2, ,1.8867,13.133,66.933,557,1115.2
8272,     ,8224,1, ,         ,17.367,1.025,60,96
8272,     ,8225,1, ,         ,23.5,1.025,34,54.4
8272,     ,8274,1, ,14.042,27.796,6.943,76,153.6
8272,     ,8274,2, ,11.261,27.586,7.0764,90,180.8
8274,     ,8221,1, ,         ,17.729,1,40,64
8274,     ,8222,1, ,         ,43.3,      1.045   .9  1.1       8274,40,64
8274,     ,8223,1, ,         ,17.413,1,40,64
8277,     ,8276,1, ,         ,9.535,1,999,1598.4
8278,     ,8277,1, ,0.07,0.49,0.457,557,1115.2
8278,     ,8279,1, ,         ,7.05,1,280,537.6
8278,     ,8280,1, ,0.56,6.71,21.799,876,1648
8280,     ,8282,1, ,         ,9,1,150,288
8280,     ,8284,1, ,         ,9,1,150,288
8280,     ,8285,1, ,         ,0.001,                                ,100,160
8280,     ,8288,1, ,         ,9,1,150,288
8281,     ,8251,1, , T   1.23,7.634,0.592,112,211.2
8281,     ,8257,1, ,0.858,5.321,0.413,112,211.2
8281,     ,8258,1, ,0.485,3.007,0.233,71,113.6
8282,     ,8281,1, ,         ,-1,       .977   .9  1.1      -8281,150,288
8283,     ,8282,1, ,         ,10.67,1,30,48
8284,     ,8281,1, ,         ,-1,       .977   .9  1.1      -8281,150,288
8286,     ,8284,1, ,         ,10.67,1,30,48
8288,     ,8281,1, ,         ,-1,       .977   .9  1.1      -8281,150,288
8289,     ,8288,1, ,         ,10.67,1,30,48
8300,     ,8303,1, , T       ,-1.208,                                ,999,1598.4
8300,     ,8304,2, ,         ,-1.208,                                ,999,1598.4
8300,     ,8352,1, ,         ,10.67,1,150,1598.4
8300,     ,8365,1, ,         ,0.001,                                ,300,480
8301,     ,8300,1, ,         ,-1.273,                                ,999,1598.4
8302,     ,8300,2, ,         ,-1.333,                                ,999,1598.4
8303,     ,8401,1, ,0.24145,3.4509,534.21,2715,5430.4
8304,     ,8402,2, ,0.24145,3.4509,534.21,2715,5430.4
8351,     ,8352,1, ,         ,-6,      .9533  .95  1.1       8351,150,1598.4
8353,     ,8352,1, ,         ,16,1,150,1598.4
8400,     ,8403,1, ,         ,-0.8217,                                ,999,1598.4
8400,     ,8404,2, ,         ,-0.8217,                                ,999,1598.4
8400,     ,8452,1, ,         ,10.67,1,150,1598.4
8400,     ,8465,1, ,         ,0.001,                                ,300,480
8401,     ,8400,1, ,         ,-1.208,                                ,999,1598.4
8402,     ,8400,2, ,         ,-1.208,                                ,999,1598.4
8403,     ,8405,1, ,0.16726,2.3478,354.09,2715,5430.4
8404,     ,8406,2, ,0.16726,2.3478,354.09,2715,5430.4
8405,     ,8500,1, ,         ,-0.8217,                                ,999,1598.4
8406,     ,8500,2, ,         ,-0.8217,                                ,999,1598.4
8451,     ,8452,1, ,         ,-6,      .9866  .95  1.1       8451,150,1598.4
8453,     ,8452,1, ,         ,16,1,150,1598.4
8495,     ,8494,1, ,         ,47.306,1,2,3.2
8497,     ,8496,1, ,         ,47.104,1,2,3.2
8499,     ,8498,1, ,         ,47.228,1,2,3.2
8500,     ,8752,1, ,         ,1.165,1.1,600,1152
8500,     ,8754,1, ,         ,1.165,1.1,600,1152
8500,     ,8758,1, ,         ,1.165,1.1,600,1152
8501,     ,8597,1, ,         ,10.375,1.025,310,496
8501,     ,8700,1, ,1.54,10.85,39.46,438,883.2
8506,     ,8505,1, ,3.387,23.7,1,2,3.2
8508,     ,8507,1, ,3.301,23.7,1,2,3.2
8511,     ,8512,1, ,         ,6.27,        .95  .95 1.05      -8512,150,288
8511,     ,8512,2, ,         ,6.27,        .95  .95 1.05      -8512,150,288
8512,     ,8513,1, ,0.1587,1.2046,0.7039,335,672
8512,     ,8513,2, ,0.1587,1.2046,0.7039,335,672
8513,     ,8514,1, ,0.1606,1.2216,0.7139,335,672
8513,     ,8514,2, ,0.1606,1.2216,0.7139,335,672
8514,     ,8515,1, ,0.2201,1.7476,1.021,335,672
8514,     ,8515,2, ,0.2201,1.7476,1.021,335,672
8521,     ,8523,1, ,         ,8.85,      .9757  .95 1.05      -8523,150,240
8521,     ,8523,2, ,         ,8.85,      .9757  .95 1.05      -8523,150,240
8521,     ,8523,3, ,         ,8.85,      .9757  .95 1.05      -8523,150,240
8522,     ,8523,1,D,D        ,0.01,                                ,999,1598.4
8522,     ,8527,1, , T 2.7878,9.1176,0.1625,69,137.6
8522,     ,8547,1, ,2.1908,7.1649,0.1277,120,217.6
8522,     ,8550,1, ,2.1538,7.044,0.1255,69,137.6
8522,     ,8561,1, ,3.5,11.46,0.204,69,137.6
8522,     ,8562,1,D,D    1.33,4.35,0.094,69,128
8522,     ,8562,2, ,1.33,4.35,0.094,69,128
8523,     ,8525,1, ,1.29,4.23,0.075,69,137.6
8523,     ,8526,1, ,2.0731,6.7799,0.1208,69,137.6
8523,     ,8528,1, ,1.78,5.66,0.116,69,137.6
8523,     ,8529,1, ,0.3,1.02,0.013,69,137.6
8523,     ,8529,2, ,0.3,1.02,0.013,69,137.6
8524,     ,8523,1, ,1.2916,4.2243,0.0753,69,137.6
8524,     ,8523,2, ,1.2916,4.2243,0.0753,69,137.6
8524,     ,8523,3, ,0.72,4.48,0.087,91,182.4
8524,     ,8563,1, ,0.05,0.15,0.003,69,156.8
8524,     ,8564,1, ,0.4403,1.4401,0.0257,69,137.6
8525,     ,8526,1, ,0.59,1.94,0.034,69,137.6
8527,     ,8523,1,D,D    2.79,9.12,0.162,69,137.6
8527,     ,8569,1, ,0.8502,5.2747,0.1022,82,166.4
8527,     ,8570,1, ,1.5635,5.1133,0.0911,69,137.6
8528,     ,8526,1, ,1.18,3.85,0.07,69,137.6
8528,     ,8539,1,D,D        ,0.01,                                ,150,240
8528,     ,8567,1, , T    .59,3.66,0.07,91,182.4
8531,     ,8511,1, ,0.0846,0.7926,3.2941,625,1249.6
8531,     ,8511,2, ,0.0846,0.7926,3.2941,625,1249.6
8531,     ,8532,1, ,         ,6.23,      .9672  .95 1.05      -8532,150,288
8531,     ,8532,2, ,         ,6.23,      .9672  .95 1.05      -8532,150,288
8531,     ,8532,3, ,         ,6.23,      .9672  .95 1.05      -8532,150,288
8531,     ,8532,4, ,         ,6.23,      .9672  .95 1.05      -8532,150,288
8531,     ,8535,1, ,         ,5.65,                                ,460,736
8531,     ,8538,1, ,         ,5.65,                                ,230,368
8532,     ,8537,1, ,         ,8.25,      .9856  .95 1.05      -8537,150,288
8532,     ,8537,2, ,         ,8.25,      .9856  .95 1.05      -8537,150,288
8532,     ,8537,3, ,         ,8.25,      .9856  .95 1.05      -8537,150,288
8537,     ,8581,1, ,0.09,0.62,0.12,91,182.4
8537,     ,8582,1, ,0.07,0.45,0.1,101,198.4
8537,     ,8583,1, ,         ,0.01,                                ,86,137.6
8537,     ,8584,1, ,1.14,7.87,0.11,83,166.4
8537,     ,8587,1, ,0.67,4.1,0.08,83,166.4
8539,     ,8542,1, ,2.18,7.13,0.127,69,137.6
8539,     ,8542,2, ,1.1,6.87,0.13,91,182.4
8539,     ,8560,1, ,0.42,2.59,0.005,91,176
8541,     ,8501,1, ,0.59,4.13,15,438,883.2
8541,     ,8544,1, ,         ,83.4,1,15,24
8542,     ,8543,1, ,0.4773,2.963,0.0574,102,198.4
8543,     ,8615,1, ,         ,12.94,1.05,70,112
8543,     ,8617,1, ,         ,12.94,1.05,100,160
8546,     ,8610,1, ,         ,4.12,1.025,100,160
8547,     ,8549,1, ,0.6811,4.22,0.0819,91,182.4
8547,     ,8584,1, ,1.24,7.65,0.149,83,166.4
8548,     ,8609,1, ,         ,12.15,1.025,100,160
8549,     ,8548,1, ,1.3623,8.45,0.1638,91,182.4
8551,     ,8541,1, ,0.9,6.34,23.04,438,883.2
8551,     ,8611,1, ,         ,11.73,1,150,240
8551,     ,8700,1, ,0.05,0.36,1.32,438,883.2
8560,     ,8591,1, ,0.746,4.627,0.0898,91,182.4
8561,     ,8560,1, ,0.84,5.2,0.1,91,182.4
8561,     ,8562,1, ,1.865,6.024,0.118,69,137.6
8561,     ,8581,1,D,D        ,0.01,                                ,300,480
8561,     ,8595,1, ,         ,9.49,1.025,150,240
8562,     ,8540,2, ,0.23,0.8,0.018,69,137.6
8562,     ,8593,1, ,0.77,5.37,0.11,91,176
8566,     ,8524,1, ,1.7869,5.8439,0.1041,69,137.6
8566,     ,8546,1, ,0.2983,1.8509,0.0359,82,166.4
8566,     ,8564,1, ,1.3465,4.4038,0.0785,69,137.6
8567,     ,8526,1, ,1.1,3.61,0.06,69,137.6
8567,     ,8566,1, ,2.52,8.26,0.15,69,137.6
8567,     ,8568,1, ,0.75,4.63,0.09,91,182.4
8567,     ,8646,1, ,         ,8.92,1.025,230,368
8567,     ,8653,1, ,         ,16.55,1.025,100,160
8568,     ,8566,1, ,0.6,3.71,0.072,91,182.4
8568,     ,8580,1, ,5.08,16.61,0.3,53,105.6
8569,     ,8612,1, ,         ,12.94,1.025,70,112
8569,     ,8616,1, ,         ,12.94,1.025,80,128
8580,     ,8545,1, ,10.75,63.89,1.242,91,182.4
8580,     ,8545,2,D,D   10.75,63.89,1.242,91,182.4
8581,     ,8542,1, , T   1.21,3.9574,0.0705,69,137.6
8581,     ,8542,2, ,1.16,3.66,0.07,69,137.6
8581,     ,8582,1, ,0.04,0.19,0.08,91,182.4
8582,     ,8596,1, ,0.05,0.37,0.007,91,176
8587,     ,8550,1, ,0.877,4.152,0.079,83,166.4
8593,     ,8592,1, ,         ,9.45,1.025,126,240
8593,     ,8596,1,D,D        ,0.01,                                ,150,240
8596,     ,8594,1, ,         ,9.45,1.025,126,201.6
8700,     ,8494,1, ,         ,9.0127,      1.077   .9  1.1       8700,150,288
8700,     ,8496,1, ,         ,9.0179,      1.077   .9  1.1       8700,150,288
8700,     ,8498,1, ,         ,8.9378,      1.077   .9  1.1       8700,150,288
8700,     ,8511,1, ,0.1974,1.9737,7.5872,775,1475.2
8700,     ,8511,2, ,0.1974,1.9737,7.5872,775,1475.2
8700,     ,8511,3,D,D   .2036,1.91,7.731,775,1475.2
8700,     ,8521,1, ,0.18,1.31,4.77,438,883.2
8700,     ,8521,2, ,0.18,1.31,4.77,438,883.2
8700,     ,8752,1, ,         ,-0.017,      1.077   .9  1.1       8700,600,1152
8700,     ,8754,1, ,         ,-0.017,      1.077   .9  1.1       8700,600,1152
8700,     ,8758,1, ,         ,-0.017,      1.077   .9  1.1       8700,600,1152
8701,     ,8702,1, ,         ,28.5,1,30,48
8702,     ,1779,1, ,1.628,4.894,0.085,999,1598.4
8703,     ,1749,1, ,5.9961,4.379,0.241,61,97.6
8703,     ,8709,1, ,4.4001,0.487,0.191,61,97.6
8717,     ,8703,1, ,5.0401,2.013,0.218,61,97.6
8719,     ,1782,1, ,         ,-0.26,1,400,832
8719,     ,1784,1, ,         ,-0.26,1,400,832
8751,     ,8494,1, ,         ,-1.511,1,150,288
8751,     ,8496,1, ,         ,-1.527,1,150,288
8751,     ,8498,1, ,         ,-1.433,1,150,288
8751,     ,8512,1, ,0.5653,5.3059,2.783,334,534.4
8753,     ,8752,1, ,         ,1.115,1,120,192
8756,     ,8754,1, ,         ,1.115,1,120,192
8759,     ,8758,1, ,         ,1.115,1,120,192
8903,     ,8902,1, ,         ,13,1.058,104,166.4
8906,     ,8909,1, ,         ,1.665,1,115,184
8906,     ,8909,2, ,         ,3.33,1,115,184
8908,     ,8909,1, ,         ,9.45,1,36,57.6
9001,     ,3319,1, ,1.37,15.94,1,37,59.2
9001,     ,4063,1, , T       ,0.1,                                ,37,59.2
9002,     ,309,1, ,2.228,5.781,1.411,125,200
9002,     ,1572,1, ,3.234,8.499,2.022,125,228.8
9003,     ,353,1, , T   1.62,3.56,0.9,150,256
9003,     ,9096,1, ,1.46,3.2,0.95,150,256
9004,     ,1520,1, ,0.668,3.337,5.943,305,571.2
9005,     ,394,1, ,         ,49,      1.013 .9231.128       9005,33,65.6
9007,     ,394,1, ,         ,48.6,      1.014 .9231.128       9007,33,65.6
9009,     ,9008,1, ,         ,25,      .9926   .9  1.1       9009,33,60.8
9011,     ,4344,1,D,DT .00071,0.00071,0.0001,999,1598.4
9011,     ,9010,1, ,         ,24.4,      .9988   .9  1.1       9011,33,78.4
9012,     ,1562,1, ,         ,7.24,0.975,50,80
9013,     ,9017,1, ,0.146,1.475,22.9,771,1233.6
9015,     ,385,1, ,0.088,0.823,13.676,866,1787.2
9016,     ,384,1, ,0.01,0.153,12.576,2442,4156.8
9016,     ,9017,1, ,         ,1.8,1.025,560,1254.4
9016,     ,9017,2,D,D        ,1.8,      1.042   .9  1.1      -9017,560,1075.2
9017,     ,385,1, ,0.029,0.295,4.58,771,1233.6
9020,     ,1534,1, ,         ,50.1,      1.043   .9  1.1       9020,33,75.2
9024,     ,9021,1, ,0.121,0.661,1.166,303,484.8
9025,     ,9026,1, ,         ,7.92,1,260,416
9028,     ,1536,1, ,2.9566,7.786,1.845,125,228.8
9029,     ,1536,1, ,1.81,4.27,1.055,125,256
9030,     ,1596,1, ,0.007,0.035,0.062,250,400
9030,     ,4072,1,D,D    .021,0.097,0.1686,250,400
9030,     ,9032,1, ,         ,24.3,0.975,33,62.4
9030,     ,9033,1, ,         ,24.3,0.975,33,64
9031,     ,9032,1, ,         ,24.3,      .9986   .9  1.1       9031,33,62.4
9036,     ,9033,1, ,         ,24.3,      .9974   .9  1.1       9036,33,64
9040,     ,9045,1, ,         ,0.01,                                ,340,544
9042,     ,342,1, ,0.335,0.76,0.7,125,224
9042,     ,1542,1, ,0.335,0.76,0.7,125,224
9046,     ,9043,1, ,5.1197,13.491,3.192,125,200
9048,     ,1513,1, ,4.9664,11.131,2.7356,150,256
9049,     ,4019,1, ,0.443,1.964,0.577,182,305.6
9056,     ,9057,1,D,D    .872,6.694,0.491,159,254.4
9057,     ,415,1, ,0.928,7.742,0.591,352,563.2
9057,     ,9058,1,D,D    .799,6.291,4.499,176,331.2
9058,     ,9054,1, ,6.085,12.758,0.656,92,147.2
9059,     ,528,1,D,D    .936,6.975,0.506,159,254.4
9060,     ,9059,1, ,0.786,6.561,0.501,352,563.2
9066,     ,376,1, , T  1.044,2.685,0.671,119,190.4
9066,D    ,9069,1,D,D    3.02,7.72,1.938,95,152
9067,D    ,9068,1,D,D    .298,0.766,0.195,150,256
9067,     ,9069,1, ,3.77,8.41,2.08,143,228.8
9068,     ,376,1, , T   1.16,2.55,0.59,143,228.8
9069,     ,4027,1, ,1.051,2.628,0.694,125,200
9070,     ,353,1, , T  1.722,4.426,1.105,143,228.8
9070,     ,353,2, , T  1.722,4.426,1.105,143,228.8
9070,     ,9071,1, ,0.06,0.54,13.85,286,457.6
9072,     ,9071,1, , T    .01,0.06,1.634,286,457.6
9072,     ,9078,1,D,D   .1503,0.338,14.387,300,480
9074,     ,4367,1,D,D        ,0.001,                                ,999,1598.4
9074,     ,9073,2, ,0.581,1.488,0.371,125,200
9074,     ,9077,2, ,0.413,1.482,0.376,143,228.8
9075,     ,9076,1, ,1.34,3.47,0.857,125,200
9078,     ,9077,1, ,0.17,0.198,11.394,75,160
9078,     ,9077,2, ,0.17,0.198,11.394,75,160
9078,D    ,9079,1,D,D    .139,0.313,13.321,150,251.2
9079,     ,376,1, ,0.791,2.031,0.508,125,200
9079,     ,376,2, ,0.791,2.031,0.508,125,200
9081,     ,364,1, ,3.915,10.313,2.44,116,185.6
9081,     ,9082,1, ,4.187,10.835,2.66,125,256
9083,     ,9082,1, ,2.28,5.898,1.447,124,198.4
9083,     ,9091,1, ,3.215,8.317,2.041,125,248
9084,     ,9091,1,D,D    .001,0.001,                                ,125,200
9085,     ,9084,1, ,1.123,2.854,0.728,125,228.8
9085,     ,9086,1, ,4.141,6.913,1.648,94,158.4
9085,    D,9092,1,D,D    .001,0.001,                                ,125,200
9087,     ,1504,1, ,2.664,4.423,1.053,94,158.4
9087,     ,9084,1, ,4.157,10.757,2.64,125,256
9088,     ,9095,1, ,4,10.29,2.55,125,256
9089,     ,9088,1, ,0.83,1.94,0.494,125,228.8
9089,D    ,9090,1,D,D   4.239,6.924,1.726,90,144
9090,     ,4003,1, ,5.289,8.642,2.155,90,144
9092,     ,9080,1, ,4.853,12.791,3.028,125,200
9092,     ,9091,1, ,0.001,2.854,0.728,125,200
9094,     ,9093,1, ,3.468,9.069,2.182,125,256
9094,     ,9095,1, ,6.4,16.3,4.13,125,256
9097,     ,4089,1, ,         ,14.29,1,50,80
9098,     ,9049,1, ,         ,1.51,         1.            .11      ,300,672
9099,     ,9014,1, ,12.92,33.48,0.515,63,100.8
9102,     ,593,1, ,0.0382,0.4723,28.63,1524,2438.4
9102,     ,9103,1, ,         ,11.667,0.96,120,192
9102,     ,9103,2, ,         ,11.667,0.96,120,192
9104,     ,472,1, ,0.0301,0.2678,0.92,608,1019.2
9105,     ,9100,1, ,         ,7.1022,1.025,180,344
9105,     ,9101,1, ,         ,4.8756,1.025,70,112
9105,     ,9104,1, , T       ,0.01,                                ,999,1598.4
9107,     ,413,1,D,D        ,7.8125,      .9733   .9   1.       9107,160,320
9107,     ,413,2,D,D        ,7.8125,      .9733   .9   1.       9107,160,320
9108,     ,9109,1, ,         ,46.641,1,35,56
9110,     ,9108,1, ,4.885,10.232,0.397,61,121.6
9110,     ,9111,1, ,         ,46.641,1,35,56
9112,     ,9113,1, ,0.5668,1.1457,0.0521,89,166.4
9112,     ,12049,1, ,1.656,4.8661,0.21,89,166.4
9113,     ,9114,1, ,         ,29.412,      1.002  .95 1.05      -9114,42,67.2
9116,     ,9115,1, ,         ,26.66,1,45,89.6
9116,     ,9115,2, ,         ,26.66,1,45,89.6
9117,     ,9116,1, ,         ,0.01,                                ,999,1598.4
9117,     ,22036,2, ,6.3981,14.395,0.69,89,150.4
9122,     ,4289,1, ,0.4,1.0324,0.2564,139,260.8
9126,     ,460,1, , T       ,0.01,                                ,999,1598.4
9128,     ,11469,1, , T   .005,0.0129,0.0032,139,260.8
9128,     ,22469,1,D,DT   .005,0.0129,0.0032,139,260.8
9130,     ,14172,1,D,D     .13,0.3355,0.0833,139,260.8
9130,     ,24172,2, ,0.13,0.3355,0.0833,139,260.8
9132,     ,4140,1, ,         ,0.1,                                ,33,57.6
9132,     ,9133,1, ,3.478,5.941,0.068,33,57.6
9133,     ,3908,1, ,12.06,20.6,0.235,33,57.6
9134,     ,1924,1, ,15.64,10.19,0.129,22,38.4
9137,     ,747,1, , T   3.91,10.09,2.5,72,115.2
9138,     ,747,2, , T   3.91,10.09,2.5,72,115.2
9139,     ,9137,1, , T    .25,0.645,0.16,98,169.6
9140,     ,9138,2, , T    .25,0.645,0.16,98,169.6
9176,     ,9177,1, ,0.207,1.296,0.65,275,440
9177,     ,9178,1, ,0.453,12.888,         1.   .9  1.1      -9178,105,209.6
9177,     ,9179,1, ,0.474,2.165,0.612,52,83.2
9177,     ,9197,1, ,0.718,3.304,0.918,68,108.8
9178,     ,10017,1, ,3.5943,19.244,2.0018,999,1598.4
9179,     ,9180,1, ,1.156,26.917,         1.   .9  1.1      -9180,52,104
9180,     ,10018,1, ,3.0762,2.6646,0.9278,999,1598.4
9182,     ,10111,1, ,1.685,39.286,         1.   .9  1.1     -10111,33,52.8
9187,     ,131,1, ,         ,2.5301,      .9834  .95 1.05       9187,400,640
9187,     ,2264,1, ,4.74,12.6,2.94,103,206.4
9187,     ,2264,2, ,4.74,12.6,2.94,103,206.4
9188,     ,1262,1, ,0.523,16.49,      .9963  .85 1.15      -1262,83,192
9188,     ,9189,3, ,0.409,16.42,      1.025  .85 1.15      -9189,83,132.8
9189,     ,9272,1, ,0.7508,3.988,0.0466,99,179.2
9197,     ,9198,1, ,0.943,18.905,         1.   .9  1.1      -9198,70,139.2
9198,     ,10019,1, ,2.8695,9.6727,0.9557,999,1598.4
9199,     ,3001,1, ,0.28,0.96,0.19,108,252.8
9203,     ,9202,1, ,         ,16.4,1,17,27.2
9204,     ,9202,1, ,         ,-0.74,1,50,120
9212,     ,9284,1, ,         ,0.01,                                ,999,1598.4
9213,     ,9203,1,D,D    1.94,16.4,1,17,27.2
9213,     ,9204,1, ,0.01,-0.74,1,50,120
9214,     ,2068,1, , T   .578,2.031,0.515,108,172.8
9219,     ,9218,1, , T       ,13.73,1.025,88,140.8
9219,     ,9917,1, ,         ,0.001,                                ,999,1598.4
9221,     ,9220,1, , T       ,21.64,1,56,89.6
9222,     ,9223,1, ,         ,53.27,1,15,24
9223,     ,9225,1, , T  .9805,1.5327,0.3072,91,145.6
9224,     ,9225,1, ,         ,34.52,1,23,36.8
9232,     ,9985,1, ,1.89,7.73,0.099,54,126.4
9235,     ,9234,1,D,DT       ,0.001,                                ,99,158.4
9235,     ,9277,1, ,0.421,1.436,0.026,84,161.6
9239,     ,9559,1, ,         ,70.82,1,20,32
9248,     ,9247,1,D,D    .478,1.376,0.0807,84,161.6
9249,     ,9247,1, ,0.478,1.376,0.0807,84,161.6
9259,     ,1267,1, ,0.0382,0.1784,0.3664,270,545.6
9259,     ,1324,1, ,0.725,26.66,      .9972  .85 1.15      -1324,50,120
9259,     ,9593,2, ,0.3882,5.617,      1.009  .85 1.15      -9593,50,120
9261,     ,9221,1, ,3.088,13.085,0.246,58,136
9263,     ,1263,1, , T   .151,0.832,1.57,340,636.8
9263,     ,9264,1, ,0.19,15.79,         1.  .85 1.15      -9264,83,160
9263,     ,9264,2, ,0.19,15.9,         1.  .85 1.15      -9264,83,160
9263,     ,9264,3, ,0.19,15.75,         1.  .85 1.15      -9264,83,160
9263,     ,9865,1, , T   .917,4.224,7.824,407,756.8
9264,     ,9966,1, ,0.703,2.865,0.0373,54,126.4
9272,     ,9276,1, ,0.812,3.308,0.043,54,126.4
9273,     ,1271,1, ,1.877,5.354,0.1,48,113.6
9273,     ,9274,1, ,0.2525,0.8374,0.0389,75,144
9275,     ,9227,1, ,0.566,0.984,0.009,69,140.8
9276,     ,9268,1, ,1.608,6.554,0.085,54,126.4
9278,     ,1200,1, ,0.034,0.17,0.3,365,683.2
9290,     ,9248,1, ,0.169,0.619,0.0315,54,126.4
9293,     ,9292,1, ,6.55,14.56,0.292,52,105.6
9293,     ,9294,1, ,0.013,0.042,0.01,54,126.4
9295,     ,1388,1,D,D     .06,0.19,0.01,80,152
9295,     ,9296,1, ,0.19,0.679,0.01,54,126.4
9297,     ,9295,1, ,0.96,3.33,0.06,80,152
9297,     ,9298,1, ,0.01,0.32,0.01,54,126.4
9308,     ,10151,1, ,3.384,12.334,0.208,62,120
9309,     ,9310,1, , T       ,21,1,33,52.8
9311,     ,9312,1, , T       ,31.5,1,22,35.2
9314,     ,9313,1, ,         ,9.09,1,35,56
9315,     ,1288,1, , T .00233,11.721,1,86,137.6
9315,     ,9308,1, ,0.03115,-0.903,1,33,52.8
9316,     ,870,1, , T   1.84,5.38,1.461,53,164.8
9317,     ,9316,1, ,         ,14,1,37,59.2
9320,     ,2430,1, ,3.24,11.73,0.2892,50,113.6
9321,     ,9703,1,D,D        ,0.001,                                ,999,1598.4
9322,     ,9701,1,D,D        ,0.001,                                ,999,1598.4
9324,     ,9325,1,D,D        ,0.01,                                ,999,1598.4
9332,     ,9700,1,D,D        ,0.001,                                ,999,1598.4
9333,     ,2485,1, ,         ,-0.8222,1,150,312
9333,     ,9334,1, ,         ,42.611,1,60,96
9335,     ,823,1, , T       ,0.6692,1,150,240
9335,     ,9336,1, ,         ,38.102,1,60,96
9337,     ,2373,1, ,         ,0.5562,1,150,305.6
9337,     ,9338,1, ,         ,38.338,1,60,96
9339,     ,864,1, ,1.03,2.47,0.726,107,171.2
9339,     ,869,1, ,0.43,1.4,0.937,146,246.4
9342,     ,9702,1,D,D        ,0.001,                                ,999,1598.4
9343,     ,9324,1, ,         ,-8.45,1,50,80
9343,     ,9326,1, ,         ,39.117,1,25,40
9344,     ,9328,1, ,         ,-8.55,1,50,80
9344,     ,9329,1, ,         ,38.917,1,25,40
9345,     ,9330,1, ,         ,-8.02,1,31,49.6
9345,     ,9346,1, ,         ,45.14,1,15,24
9347,     ,9331,1, ,         ,45.44,1,15,24
9347,     ,9348,1, ,         ,-3.84,1,31,49.6
9349,     ,821,1, , T    .02,0.09,0.1832,220,443.2
9349,     ,2399,1, ,0.22,1.33,2.6568,119,190.4
9350,     ,9349,1, ,0.08,0.47,0.9382,220,352
9351,     ,9350,1, ,0.01,0.02,0.0417,220,352
9353,     ,2497,1, ,0.44,1.47,0.454,91,217.6
9357,     ,9363,1, ,         ,10.37,      1.015   .9  1.1      -9363,100,160
9357,     ,9363,2, ,         ,10.37,      1.015   .9  1.1      -9363,100,160
9357,     ,9988,1, , T  .3134,2.3124,5.6378,327,667.2
9358,     ,9362,1, , T   1.65,40.48,      .9344 .8691.043      -9362,30,57.6
9359,     ,9361,1,D,D        ,0.001,                                ,999,1598.4
9360,     ,9439,1, ,0.45,1.33,0.022,79,126.4
9363,     ,9364,1, ,0.376,2.772,0.055,132,211.2
9363,     ,9364,2, ,0.376,2.772,0.055,132,211.2
9366,     ,2387,1, ,0.76,3.66,0.091,123,196.8
9366,     ,2408,1, , T    .79,3.8,0.095,123,196.8
9367,     ,9368,1, ,8.17,16.42,0.261,37,84.8
9390,     ,867,1, , T   4.47,12.98,3.53,95,220.8
9394,     ,9364,1, ,         ,23.33,1,65,104
9396,     ,830,1, ,0.32,0.93,0.254,29,91.2
9399,     ,818,1, , T    .46,2.79,5.5634,316,590.4
9401,     ,2386,1, ,0.64,3.05,0.076,122,195.2
9403,     ,867,1, ,2.08,4.97,1.198,68,164.8
9403,     ,2472,1, ,1.09,2.79,0.685,68,164.8
9404,     ,2483,1, ,0.96,2.97,0.803,96,201.6
9404,     ,2488,1, ,0.87,2.64,0.768,96,201.6
9405,     ,823,1, ,3.42,16.54,4.004,114,182.4
9405,     ,836,1, ,0.71,2.22,0.601,108,235.2
9406,     ,2429,1, ,3.73,11.4,2.815,105,222.4
9406,     ,2485,1, ,2.55,7.79,1.929,105,222.4
9408,     ,837,1, ,5.91,17.16,4.695,95,230.4
9418,     ,2365,1, , T   1.15,4.59,0.121,122,195.2
9418,     ,2401,1, , T    .78,3.11,0.086,60,96
9419,     ,2398,1, ,1.14,3.55,0.06,79,126.4
9425,     ,2431,1, ,0.63,1.83,0.502,104,230.4
9427,     ,2373,1, ,         ,0.42,1,150,305.6
9427,     ,9338,1,D,D        ,38.22,1,60,96
9433,     ,2489,1, , T   2.68,8.18,2.018,87,212.8
9434,     ,9531,1, , T   3.17,9.23,2.509,54,168
9435,     ,61,1, ,         ,0.01,0.952,2000,3200
9435,     ,896,1, , T    .07,1.29,169.22,3455,6582.4
9437,     ,9710,1, ,0.1,0.2,0.052,84,134.4
9440,     ,370,1, ,0.021,0.2938,24.542,2286,4820.8
9441,     ,9440,1, ,         ,1.6,      .9725   .9  1.1       9441,675,1080
9441,     ,9444,1, ,0.3035,2.974,11.651,800,1280
9442,     ,9460,1, , T   .045,8.8885,1,135,216
9443,     ,9459,1, , T       ,8.8885,1,135,216
9444,     ,9456,1, , T   .151,0.9775,1.7322,140,345.6
9445,     ,1551,1, ,7.53,19.54,4.79,999,1598.4
9445,     ,9446,1, ,         ,15.217,1.05,60,96
9447,     ,9457,1, , T       ,15.789,1,76,121.6
9448,     ,9458,1, , T       ,6.875,1,80,128
9449,     ,9444,1, , T       ,5.238,1,105,168
9450,     ,9444,1, ,0.782,4.762,9.438,322,633.6
9451,     ,9456,1, ,         ,13.884,1,112,179.2
9452,     ,9462,1, ,         ,24,1,50,80
9453,     ,9463,1, ,         ,33.333,1,56,89.6
9454,     ,3020,1, ,         ,0.01,                                ,999,1598.4
9457,     ,9441,1, ,0.2527,1.3622,2.672,176,281.6
9458,     ,9444,1, ,0.4247,2.7485,4.8708,213,544
9459,     ,9441,1, ,0.173,1.04,1.987,176,281.6
9460,     ,9444,1, ,0.3409,2.2065,3.9104,225,576
9461,     ,9450,1, ,         ,7.72,      .9876   .9  1.1       9461,225,360
9462,     ,9461,1, ,1.98,9.15,2.5939,50,80
9463,     ,9461,1, ,0.65,4.23,1.1991,212,339.2
9464,     ,9455,1, ,         ,0.01,1,76,121.6
9500,     ,9501,1, ,         ,10.587,                                ,999,1598.4
9501,     ,1745,1, ,2.14,20.1,11.95,341,688
9501,     ,1745,2, ,2.14,20.1,11.95,341,688
9502,     ,9501,1, ,4.597,7.888,1.752,67,134.4
9513,     ,9515,1, ,         ,39.24,1,25,59.2
9513,     ,9517,1, ,         ,21.33,1,37,80
9519,     ,9520,1, ,         ,61.25,1,25,59.2
9519,     ,9520,2, ,         ,61.25,1,25,59.2
9531,     ,9368,1, , T   3.23,9.39,2.552,100,227.2
9531,     ,9743,1, ,6.44,13,3.31,71,168
9534,     ,9533,1, ,0.547,6.678,       .992   .9  1.1       9534,150,288
9534,     ,9533,2, ,0.548,6.631,       .992   .9  1.1       9534,150,288
9534,     ,9533,3, ,0.56,6.71,       .992   .9  1.1       9534,150,288
9535,     ,9536,1,D,D        ,0.001,                                ,999,1598.4
9537,     ,821,1, ,0.47,2.4,4.73,276,441.6
9537,     ,2397,1, ,0.23,13.6,      1.041.86951.043      -2397,150,288
9537,     ,2397,2, ,0.23,13.5,      1.041.86951.043      -2397,150,288
9537,     ,9535,1, ,1.08,39.83,      1.018.86951.043      -9535,50,96
9537,     ,9536,1, ,0.9,39.63,      1.012.86951.043      -9536,50,96
9538,     ,2458,1, ,0.41,2.44,4.77,319,595.2
9538,     ,2458,2, ,0.56,3.35,6.67,319,595.2
9538,     ,9539,1, ,0.22,6.37,      1.011  .871.043      -9539,150,288
9538,     ,9539,2, ,0.23,6.3,      1.011  .871.043      -9539,150,288
9538,     ,9725,1, ,2.02,11.96,23.22,319,595.2
9539,     ,854,1, , T    .58,1.78,0.44,134,240
9539,     ,2463,1, , T   2.61,7.98,1.967,134,240
9543,     ,818,1, , T    .14,0.8,1.63,343,630.4
9543,     ,820,1, ,0.34,1.81,3.456,315,571.2
9543,     ,2459,1, , T   1.19,5.82,10.711,166,350.4
9543,     ,2477,1, ,0.4,2.36,4.85,343,630.4
9543,     ,9542,1, ,0.0107,1.2921,      .9886   .9  1.1       9543,672,1289.6
9547,     ,1249,1, ,0.6979,3.9008,7.2004,365,683.2
9547,     ,9548,1, ,0.494,14.759,      1.022 .7261.118      -9548,83,160
9548,     ,9573,1, ,4.2,15.62,0.23,95,172.8
9550,     ,9551,1, ,2.256,8.385,0.124,84,161.6
9553,     ,9228,1, ,0.1139,0.289,0.004,67,129.6
9553,     ,9275,1, ,0.496,0.863,0.008,69,140.8
9554,     ,9234,1, ,1.01,3.0151,0.0578,84,161.6
9554,     ,9236,1, , T   .145,0.445,0.0082,84,161.6
9554,     ,9555,1, , T   .196,0.645,0.012,54,126.4
9555,     ,9229,1, , T     .1,0.33,0.006,54,126.4
9555,     ,9230,1, , T    .14,0.46,0.009,54,126.4
9556,     ,9231,1, , T   .005,0.017,0.0003,54,126.4
9556,     ,9236,1, , T    .45,1.49,0.028,54,126.4
9557,     ,9551,1, ,5.84,13.15,0.22,41,94.4
9559,     ,2053,1, , T       ,0.001,                                ,999,1598.4
9563,     ,9564,1, ,0.9842,8.184,4.4289,184,379.2
9564,     ,9566,1, ,2.0663,7.7497,1.9537,139,273.6
9564,     ,9769,1, ,         ,28,1,62,99.2
9565,     ,9768,1, ,         ,28,1,62,99.2
9566,     ,9760,1, ,         ,28,1,62,99.2
9567,     ,9767,1, ,0.427,30,1,70,112
9567,     ,9767,2, ,0.427,30,1,70,112
9569,     ,980,1, ,1.185,8.278,30.034,550,1108.8
9569,     ,9570,1, ,         ,15.66,      1.014  .85 1.15      -9570,83,160
9569,     ,9570,2, ,         ,15.66,      1.014  .85 1.15      -9570,83,160
9569,     ,9819,1, ,1.436,10.03,36.38,550,1108.8
9578,     ,10120,1, ,1.6407,6.4795,1.5373,999,1598.4
9579,     ,9561,1, ,0.849,15.008,1,125,200
9580,     ,9582,1, ,1.573,40.587,1,37,59.2
9580,     ,9582,2, ,1.573,40.427,1,37,59.2
9580,     ,9582,3, ,0.944,24.32,1,62,99.2
9581,     ,9579,1, ,2.574,9.57,2.464,138,272
9581,     ,9580,1, ,1.976,9.475,2.542,167,328
9583,     ,9765,1, , T   2.17,44.7,1,23,36.8
9584,     ,9583,1, ,1.9256,2.81,0.7262,66,148.8
9584,     ,9764,1, , T   3.46,67.8,1,15,24
9586,     ,9762,1, ,         ,28,1,62,99.2
9589,     ,9761,1, ,0.169,11.9,1,131,209.6
9594,     ,1328,1, ,5.076,18.87,4.47,162,300.8
9597,     ,2704,1, ,         ,34.44,      1.021.86251.137      -2704,50,80
9597,     ,2704,2, ,         ,34.44,      1.021.86251.137      -2704,50,80
9598,     ,9599,1, ,2.24,7.7,2.14,143,228.8
9599,     ,9578,1, , T       ,35.06,         1..86251.137      -9578,50,80
9599,     ,9578,2, , T       ,35.06,         1..86251.137      -9578,50,80
9599,     ,9578,3, , T       ,35.06,         1..86251.137      -9578,50,80
9601,     ,9602,1, ,         ,3.529,1.05,1234,2614.4
9601,     ,9608,1, , T   .048,0.771,71.26,1855,3739.2
9601,     ,9637,2, ,         ,3.529,1.05,340,544
9602,     ,9600,1, ,         ,10,1,999,1598.4
9602,     ,9637,1,D,D        ,0.001,                                ,999,1598.4
9608,     ,107,1, ,0.031,0.548,64.14,1855,3739.2
9608,     ,4305,1,D,D        ,0.001,                                ,999,1598.4
9612,     ,260,1, ,2.2168,4.6049,1.112,96,192
9612,     ,262,1, , T  .0502,0.1044,0.0252,96,192
9613,     ,262,1, , T   .044,0.0913,0.0221,96,192
9613,     ,1613,1, , T 1.7571,3.65,0.8814,96,192
9623,     ,2329,1, ,0.468,2.304,0.71,249,468.8
9626,     ,9627,1, ,         ,3.0435,1.05,540,864
9626,     ,9628,1, ,0.04322,6.2168,1.05,230,368
9633,     ,9634,1, ,0.063,0.256,0.0686,233,438.4
9634,     ,1625,1, ,0.0976,0.3964,0.1063,153,310.4
9634,     ,1626,1,D,D   .2303,0.9356,0.2508,153,310.4
9635,     ,9636,1, ,0.063,0.256,0.0686,313,566.4
9636,     ,1625,1,D,D   .0976,0.3964,0.1063,233,438.4
9636,     ,1626,1, ,0.2303,0.9356,0.2508,153,310.4
9637,     ,9603,1, ,         ,4.52,1,999,1598.4
9637,     ,9615,1, ,         ,10,1,999,1598.4
9638,     ,294,1, ,0.5002,2.0324,0.5448,153,310.4
9638,     ,1624,1, ,0.2182,0.8863,0.2376,153,310.4
9639,     ,1624,1,D,D   .2182,0.8863,0.2376,153,310.4
9639,     ,3952,1, ,0.0427,0.1736,0.0465,193,374.4
9645,     ,1648,1, ,0.1878,0.7632,0.2046,153,310.4
9646,     ,9647,1, ,0.0879,0.1826,0.0441,105,200
9649,     ,1601,1, ,3.007,17.185,4.882,249,428.8
9650,     ,635,1, ,0.615,1.914,0.539,179,336
9651,     ,1322,1, ,16,34.87,0.66,40,104
9651,     ,9652,1, ,         ,28.56,      .9682   .9 1.05      -9652,25,40
9674,     ,9657,1, ,         ,0.01,                                ,999,1598.4
9674,     ,9659,1, ,         ,0.01,                                ,999,1598.4
9675,     ,9655,1, ,         ,0.01,                                ,999,1598.4
9679,     ,1340,1, ,2.2464,7.8711,2.097,167,324.8
9679,     ,9678,1, ,1.495,5.557,1.317,167,324.8
9680,     ,2418,1, ,2.21,6.4,1.755,95,230.4
9680,     ,2423,1, , T   5.01,14.53,3.982,95,230.4
9685,     ,4220,1, ,2.1472,4.9972,1.2574,103,206.4
9697,     ,819,1, ,0.34,1.658,2.981,158,336
9697,     ,2377,1, ,0.09,0.448,0.857,158,286.4
9697,     ,9698,1, ,0.222,6.585,      1.037 .8691.043      -9698,150,288
9697,     ,9698,2, ,0.219,6.594,      1.037 .8691.043      -9698,150,288
9698,     ,2494,1,D,D     .89,2.67,0.757,102,228.8
9698,     ,9367,1, ,1.48,4.31,1.1789,102,228.8
9705,     ,2401,1, , T    .57,2.73,0.0682,122,195.2
9705,     ,9436,1, ,1.93,5.37,0.0265,122,195.2
9709,     ,9320,1, , T    .17,0.69,0.018,58,171.2
9711,     ,890,1, ,0.17,0.77,0.294,131,302.4
9714,     ,9573,1,D,D   16.87,25.64,0.43,30,68.8
9716,     ,1384,1, ,2.19,3.54,0.05,30,48
9721,     ,9910,1, , T    .22,0.73,0.21,72,115.2
9725,     ,978,1, ,1.6,9.56,19,319,595.2
9725,     ,9726,1, ,0.18,6.65,      1.018 .8691.043      -9726,150,288
9725,     ,9726,2, ,0.18,6.64,      1.018 .8691.043      -9726,150,288
9726,     ,874,1, , T    .08,0.41,0.136,243,388.8
9726,     ,874,2, , T    .08,0.41,0.142,243,388.8
9727,     ,10122,1, ,2.2387,11.386,1.0434,999,1598.4
9728,     ,1234,1, ,6.3849,13.352,2.1858,103,209.6
9728,     ,9751,1, ,0.92332,2.172,1.9733,124,244.8
9729,     ,9751,1, ,0.92332,2.172,1.9733,124,244.8
9730,     ,9729,1, ,0.89127,1.8638,0.30512,103,209.6
9731,     ,1230,1, ,0.2383,1.1597,8.734,382,611.2
9731,     ,9794,7, ,0.99,28.286,       1.02   .9  1.1      -9794,35,56
9731,     ,9855,4, ,         ,27.69,         1.   .9  1.1      -9855,35,56
9731,     ,9958,5, ,         ,27.98,       1.02   .9  1.1      -9958,35,56
9731,     ,9959,6, ,         ,27.69,         1.   .9  1.1      -9959,40,72
9731,     ,10115,1, ,         ,27.26,         1.   .9  1.1     -10115,35,56
9731,     ,10116,2, ,         ,27.57,         1.   .9  1.1     -10116,35,56
9731,     ,10117,3, ,         ,27.89,         1.   .9  1.1     -10117,35,56
9737,     ,9735,1, , T       ,5.927,1,222,355.2
9737,     ,9739,1, ,0.236,1.177,2.019,243,388.8
9738,     ,946,1, ,0.1501,2.501,362.03,2655,4248
9739,     ,950,1, ,1.0601,8.0134,16.623,350,745.6
9739,     ,950,2, ,1.0601,8.0134,16.623,350,745.6
9739,     ,9738,1, ,0.027,1.374,      1.033   .9  1.1       9739,672,1291.2
9739,     ,9738,2, ,0.027,1.374,      1.033   .9  1.1       9739,672,1291.2
9742,     ,9743,1, ,         ,38.64,1,30,48
9745,     ,9746,1, ,0.0018,0.0054,0.1245,201,321.6
9746,     ,9747,1, ,         ,0.5195,1,22,35.2
9751,     ,9727,1, ,0.848,24.424,       .995   .9  1.1      -9727,45,72
9752,     ,9800,1, ,0.38,13.38,       1.01   .9  1.1      -9800,95,158.4
9753,     ,1309,6, ,         ,13.127,                                ,999,1598.4
9754,     ,1343,7, ,         ,13.127,                                ,999,1598.4
9756,     ,2070,1, ,0.836,3.185,0.2014,108,252.8
9756,     ,2071,1, ,0.389,1.482,0.0937,108,252.8
9763,     ,9750,1, ,4.33,45,      1.003  .85 1.05       9763,18,28.8
9770,     ,9771,1, ,2.795,4.249,0.0597,48,113.6
9770,     ,9772,1, ,9.026,30.668,0.543,54,126.4
9772,     ,9775,1, ,1.386,4.711,0.0834,54,126.4
9773,     ,9774,1, ,4.679,4.971,0.0643,23,52.8
9773,     ,9777,1, ,0.657,1.99,0.035,48,113.6
9775,     ,9776,1, ,         ,0.001,                                ,999,1598.4
9777,     ,9778,1, ,0.843,1.205,0.0183,30,68.8
9777,     ,9779,1, ,0.235,0.354,0.0066,29,65.6
9780,     ,2090,1, ,0.16,8.08,      .9692   .9  1.1      -2090,150,312
9780,     ,2090,2, ,0.16,8.08,      .9692   .9  1.1      -2090,150,312
9780,     ,2090,3, ,0.16,8.08,      .9692   .9  1.1      -2090,150,312
9780,     ,9209,5, ,0.724,28,      .9902  .85 1.15      -9209,50,120
9780,     ,9592,4, ,0.724,27.46,      .9916  .85 1.15      -9592,50,96
9785,     ,9786,1, ,0.042,1.173,       1.04   .9  1.1       9787,672,1075.2
9786,     ,9787,1, ,0.13,1.524,170.4,1364,2182.4
9800,     ,9998,1, ,1.4,29.34,1,40,67.2
9800,     ,9999,1, ,0.2,6.499,1,260,436.8
9803,     ,10119,1, ,1.6349,1.9621,0.7577,999,1598.4
9806,     ,9803,1, ,0.159,8.75,      1.018   .9  1.1      -9803,140,224
9807,     ,10109,1, ,9.7856,22.228,1.0818,999,1598.4
9808,     ,10108,1, ,3.5123,12.531,2.1281,999,1598.4
9813,     ,9814,1, ,0.898,28.786,         1.   .9  1.1      -9814,40,78.4
9813,     ,9814,2, ,0.908,28.786,         1.   .9  1.1      -9814,40,78.4
9814,     ,10114,1, ,2.2286,15.761,2.2342,999,1598.4
9818,     ,979,1, ,0.16,2.994,390.4,3305,6664
9819,     ,1246,1, , T   .198,1.379,5.011,550,1108.8
9819,     ,9818,1, ,0.0287,1.3288,      .9919   .9  1.1       9819,672,1291.2
9820,     ,9176,1, ,0.045,4.493,         1.   .9  1.1      -9176,275,548.8
9820,     ,9818,1, , T   .102,1.719,220.15,3305,6664
9820,     ,9824,1, , T   .074,4.329,1,210,403.2
9822,     ,9820,1, ,0.032,0.542,69.56,3305,6664
9822,     ,9873,3, ,0.045,2.689,      1.016   .9  1.1      -9873,495,792
9823,     ,1274,1, ,1.042,3.832,0.67,97,225.6
9823,     ,1285,1, ,3.878,14.26,2.492,97,225.6
9823,     ,9822,1, ,0.4069,11.933,      .9846   .9  1.1       9823,75,144
9850,     ,1874,1, ,         ,18.89,1,84,134.4
9851,     ,1127,1, , T  10.65,22.64,5.286,73,140.8
9851,     ,1145,1, , T   4.67,9.94,2.32,73,140.8
9851,     ,9850,1, , T    2.5,6.49,1.577,97,198.4
9855,     ,10118,1, ,6.8407,26.945,0.2011,999,1598.4
9859,     ,9860,1, ,0.035,12.64,       .999   .9  1.1      -9860,127,264
9860,     ,10121,1, ,1.2192,6.0108,4.6119,999,1598.4
9865,     ,9866,1, ,0.779,26.61,      1.015   .9  1.1      -9866,68,129.6
9866,     ,9867,1, ,10.234,47.4,0.2502,999,1598.4
9866,     ,9868,1, ,2.5675,16.215,1.3083,999,1598.4
9873,     ,9874,1, ,0.187,1.993,1.11,418,870.4
9873,     ,9877,1, ,0.7471,5.8354,1.6794,209,435.2
9874,     ,9875,1, ,0.195,9.0934,         1.   .9  1.1       9874,270,432
9874,     ,9876,1, ,0.195,9.0934,         1.   .9  1.1       9874,150,240
9875,     ,10112,1, ,1.9788,7.8498,8.6693,999,1598.4
9876,     ,10113,1, ,1.4256,7.2296,6.6624,999,1598.4
9877,     ,9878,1, ,0.1354,7.3474,         1.   .9  1.1      -9878,190,304
9878,     ,9900,1, , T 9.6103,30.223,1.0072,999,1598.4
9878,     ,10012,1, ,1.5427,6.7574,8.2605,999,1598.4
9890,     ,898,1, ,0.8,4.78,9.425,319,595.2
9890,     ,10132,1, ,0.2188,6.5965,      1.043 .8691.043     -10132,150,288
9894,     ,9822,4, ,0.045,2.689,      .9841   .9  1.1       9894,495,792
9894,     ,9963,1, ,0.277,2.881,1.46,412,659.2
9895,     ,10110,1, ,10.776,24.386,0.9314,999,1598.4
9898,     ,2474,1, ,3.25,9.79,0.248,103,228.8
9905,     ,2443,1, ,         ,0.001,                                ,999,1598.4
9911,     ,9912,2, ,         ,36.92,      1.004  .85 1.15      -9912,25,40
9912,     ,9913,1, ,         ,0.01,                                ,999,1598.4
9912,     ,9914,1, ,         ,0.01,                                ,999,1598.4
9915,     ,1892,1, ,0.72,1.74,0.3972,147,284.8
9915,     ,9916,1, ,         ,57.2,      1.004   .9  1.1      -9916,24,38.4
9915,     ,9916,2, ,         ,40.26,      1.004   .9  1.1      -9916,45,72
9918,     ,1276,1, ,5.8,13.99,3.11,82,131.2
9949,     ,9794,1, ,7.5835,34.265,7.337,999,1598.4
9958,     ,9854,1, , T 6.9239,31.861,0.1492,999,1598.4
9958,     ,9948,1, , T 23.598,104.32,2.7362,999,1598.4
9959,     ,9853,1, ,10.193,32.832,0.1736,999,1598.4
9959,     ,9950,1, , T 23.921,120.09,1.3539,999,1598.4
9960,     ,9257,1, ,1.394,4.671,1.951,69,140.8
9960,     ,9290,1, ,0.785,2.585,0.049,54,126.4
9963,     ,9969,1, , T   .138,7.48,         1.   .9  1.1      -9969,310,496
9966,     ,9553,1, ,16.704,29.071,0.273,38,76.8
9967,     ,9269,1, ,1.061,3.961,0.051,84,161.6
9968,     ,9233,1, ,0.459,1.87,0.024,54,126.4
9969,     ,10011,1, ,1.28,3.5112,16.078,999,1598.4
9984,     ,9269,1,D,D    .001,0.001,                                ,999,1598.4
9985,     ,9984,1, ,1.061,3.961,0.051,84,161.6
9988,     ,9989,1, ,0.26,11.09,       1.05  .85 1.05      -9989,125,240
9988,     ,9989,2, ,0.26,11.15,       1.05  .85 1.05      -9989,125,240
9989,     ,9986,1, , T  .0077,3.35,1.05,420,840
10013,     ,9277,1, ,0.031,0.107,0.006,84,161.6
10013,     ,9306,1, ,1.155,1.518,0.016,35,70.4
10025,     ,1880,1, ,         ,49.8,      .9967   .9  1.1      10025,999,1598.4
10026,     ,1147,1, ,         ,49.55,      .9807   .9  1.1      10026,999,1598.4
10027,     ,1882,1, ,         ,81.1,      .9983   .9  1.1      10027,999,1598.4
10040,     ,9395,1, ,1.29,3.76,1.0203,90,216
10111,     ,9183,1, ,3.2415,27.598,0.3003,999,1598.4
10115,     ,9732,1, ,4.9238,19.582,1.1142,999,1598.4
10116,     ,9733,1, ,5.888,20.068,1.298,999,1598.4
10117,     ,9734,1, ,3.886,19.042,1.0343,999,1598.4
10123,     ,1347,1, ,2.0233,9.3951,2.5027,999,1598.4
10150,     ,9311,1, ,3.04,6.62,0.13,31,67.2
10151,     ,9309,1, ,1.083,3.947,0.067,62,120
10151,     ,10152,1, ,         ,21,1,33,52.8
11469,     ,11949,1, ,0.5942,1.533,0.4118,80,172.8
11470,     ,9129,1, ,0.03,0.0774,0.0192,139,260.8
11470,     ,14185,1, ,0.0966,0.2538,0.07,80,172.8
11558,     ,3837,1,D,DT    .55,1.419,0.3526,98,169.6
11558,     ,14186,1, ,0.309,0.798,0.21,80,172.8
11592,     ,4290,1, ,0.01,0.2,0.005,97,212.8
11592,     ,11998,1, ,0.3261,1.1723,0.33,97,212.8
11604,     ,11733,1, ,0.4276,1.9437,0.55,159,307.2
11628,     ,622,1, ,0.3051,1.2885,0.38,191,366.4
11628,     ,3922,1, ,0.0168,0.0758,0.0221,212,385.6
11630,     ,11646,1, ,0.4994,1.1723,0.31,139,260.8
11631,     ,626,1, ,0.6663,1.721,0.46,80,172.8
11637,     ,3912,1, ,0.16,0.41,0.1,80,172.8
11637,     ,11909,1, ,1.9454,4.6413,1.19,139,260.8
11644,     ,2341,1,D,D     .89,3.08,0.85,128,259.2
11644,     ,16580,1, ,4.3351,11.199,2.97,139,260.8
11646,     ,11653,1, ,0.9562,2.2448,0.6,139,260.8
11650,     ,635,1, ,2.5813,6.061,1.61,139,260.8
11653,     ,652,1, ,4.0799,9.5778,2.54,139,260.8
11654,     ,654,1, ,         ,0.01,                                ,999,1598.4
11654,     ,11656,1, ,0.5035,2.3363,0.68,115,254.4
11656,     ,661,1, ,1.6646,7.724,2.25,115,228.8
11656,     ,2345,1,D,D     .23,0.6,0.14,80,128
11671,     ,671,1,D,DT  .9607,4.458,1.3,115,254.4
11671,     ,13157,1, ,2.4108,11.286,3.24,115,254.4
11675,     ,638,1, ,2.8099,7.2582,1.93,80,172.8
11675,     ,665,1, ,1.9505,5.0383,1.34,80,172.8
11675,     ,2348,1, ,0.32,0.84,0.21,25,40
11676,     ,3046,1, ,0.01,0.03,0.01,127,203.2
11676,     ,13042,1, ,0.2511,0.6598,0.17,139,260.8
11677,     ,3045,1, ,0.96,2.54,0.66,127,203.2
11677,     ,11934,1, ,1.391,3.655,0.94,139,260.8
11678,     ,673,1, ,1.6784,3.9408,1.05,139,260.8
11678,     ,2291,1, ,0.14,0.37,0.1,25,145.6
11679,     ,2182,1,D,D   .0096,0.0251,0.01,80,172.8
11679,     ,12009,1, ,3.0515,7.8817,2.09,80,172.8
11680,     ,2336,1, ,0.05,0.13,0.04,139,260.8
11680,     ,11679,1, ,0.0744,0.1746,0.05,80,172.8
11684,     ,6603,1, ,0.149,0.379,0.096,144,268.8
11684,     ,11941,1, ,0.1159,0.2993,0.08,80,288
11685,     ,699,1, ,1.4,3.6166,0.96,80,153.6
11685,     ,2339,1, ,0.01,0.02,0.01,103,206.4
11686,     ,2338,1, ,0.08,0.22,0.05,25,40
11686,     ,11939,1, ,3.0109,7.78,2.06,80,128
11700,     ,705,1, ,1.9656,4.6143,1.23,139,260.8
11700,     ,2314,1, , T    .01,0.01,0.01,80,128
11702,     ,2346,1,D,D     .01,0.01,0.01,103,206.4
11702,     ,11685,1, ,3.0317,7.8319,2.08,80,172.8
11704,     ,2121,1, ,0.31,0.76,0.2,102,206.4
11704,     ,11707,1, ,0.1834,0.4739,0.13,80,172.8
11707,     ,2550,1, ,0.09,0.22,0.065,80,128
11707,     ,11702,1, ,0.1641,0.424,0.11,80,172.8
11708,     ,3048,1,D,D        ,0.01,                                ,127,203.2
11708,     ,11710,1, ,0.541,1.4203,0.36,108,208
11710,     ,725,1, ,4.9367,12.96,3.33,96,153.6
11710,     ,3051,1, ,         ,0.01,                                ,127,203.2
11711,     ,3054,1, ,0.01,0.03,0.01,127,203.2
11711,     ,14235,1, ,0.4739,1.2428,0.32,108,208
11716,     ,718,1, ,0.8067,4.1425,1.26,96,203.2
11716,     ,3060,1, ,         ,0.01,                                ,51,81.6
11716,     ,11717,1, , T  .7384,3.7914,1.15,237,444.8
11717,     ,3063,1,D,D        ,0.01,                                ,51,81.6
11723,     ,3066,1, ,         ,0.01,                                ,999,1598.4
11723,     ,11604,1, ,0.1604,0.7289,0.21,159,307.2
11726,     ,595,1, ,1.7505,4.5906,1.18,108,208
11726,     ,3072,1, ,         ,0.01,                                ,127,203.2
11729,     ,3075,1, ,0.02,0.06,                                ,999,1598.4
11729,     ,12022,1, ,3.0314,8.043,0.34,50,108.8
11731,     ,720,1, , T  .0592,0.1571,0.01,50,108.8
11731,     ,3081,1, ,0.01,0.03,                                ,999,1598.4
11733,     ,734,1, ,0.2352,1.069,0.3,159,305.6
11733,     ,3472,1,D,D    .347,0.896,0.237,80,172.8
11737,     ,3423,1,D,D  1.0991,2.546,0.6409,144,268.8
11737,     ,11738,1, ,0.3959,1.0226,0.27,108,172.8
11738,     ,2034,1, ,0.04,0.09,0.02,103,206.4
11738,     ,12044,1, ,0.5504,1.4217,0.38,108,172.8
11739,     ,583,1, ,0.2022,1.194,0.7,411,750.4
11739,     ,3739,1, ,0.19,0.51,0.13,999,1598.4
11740,     ,3937,1,D,D     .02,0.05,0.01,144,260.8
11740,     ,12029,1, ,1.2867,3.2738,0.83,108,206.4
11744,     ,744,1,D,D        ,0.02,                                ,999,1598.4
11744,     ,11739,1, ,2.9046,7.3537,1.87,108,208
11901,     ,674,1, ,1.6668,7.0389,2.05,143,240
11901,     ,1904,1,D,D     .98,4.67,1.32,115,184
11906,     ,3888,1, ,0.03,0.09,0.02,999,1598.4
11906,     ,11979,1, ,2.7038,6.9838,1.85,80,172.8
11908,     ,498,1, ,1.6362,3.8411,1.02,139,260.8
11908,     ,11943,1, ,4.0162,9.4282,2.5,139,260.8
11909,     ,648,1, ,1.0631,2.5362,0.65,139,260.8
11909,     ,3895,1,D,D     .12,0.31,0.08,999,1598.4
11910,     ,649,1, ,3.0297,7.2283,1.86,139,228.8
11910,     ,3894,1, ,0.01,0.02,0.01,999,1598.4
11911,     ,659,1, , T 1.1687,2.7436,0.73,139,260.8
11911,     ,3896,1,D,D     1.2,3.0972,0.7692,95,222.4
11913,     ,639,1, ,6.8403,16.138,4.29,80,172.8
11915,     ,11919,1, ,2.4816,6.4102,1.7,80,172.8
11917,     ,3903,1,D,D     .83,2.17,0.56,999,1598.4
11917,     ,14179,1, ,0.765,1.796,0.48,139,260.8
11918,     ,640,1, ,2.9258,7.5575,2.01,80,153.6
11918,     ,3180,1, ,0.04,0.1,0.03,999,1598.4
11919,     ,3175,1, ,0.14,0.37,0.1,999,1598.4
11919,     ,11918,1, ,0.6856,1.7709,0.47,80,172.8
11920,     ,669,1, ,2.0374,5.2628,1.4,80,172.8
11920,     ,3190,1,D,D        ,0.01,                                ,999,1598.4
11920,     ,11925,1, ,1.9119,4.9386,1.31,80,172.8
11921,     ,3173,1, ,         ,0.1,                                ,999,1598.4
11921,     ,11922,1, ,8.2308,17.642,0.71,44,96
11922,     ,3196,1,D,D        ,0.1,                                ,999,1598.4
11922,     ,12007,1, ,7.3063,15.661,0.63,44,96
11925,     ,640,1, ,3.5341,9.1289,2.42,80,172.8
11925,     ,3174,1,D,D        ,0.01,                                ,999,1598.4
11926,     ,705,1, ,1.0049,3.6145,1,97,212.8
11926,     ,3801,1,D,D   1.505,3.88,0.965,95,222.4
11931,     ,3802,1, ,0.005,0.0129,0.0032,95,222.4
11931,     ,11974,1, ,1.2648,3.2674,0.87,80,172.8
11932,     ,11931,1, ,0.2266,0.9578,0.28,206,387.2
11932,     ,14173,1, ,0.4,1.03,0.26,139,260.8
11933,     ,11985,1, ,2.1251,7.6442,2.12,97,212.8
11934,     ,3841,1,D,D     .17,0.46,0.12,999,1598.4
11934,     ,11676,1, ,0.3478,0.914,0.23,139,260.8
11936,     ,11937,1, ,0.493,1.2724,0.31,95,222.4
11936,     ,11970,1, ,0.1834,0.4739,0.13,80,172.8
11937,     ,3842,1,D,D    1.09,2.86,0.74,95,222.4
11937,     ,3847,1, ,1.09,2.86,0.74,95,222.4
11939,     ,703,1, ,3.1282,8.0813,2.15,90,144
11939,     ,2113,1,D,D    .006,0.015,0.004,80,128
11939,     ,12000,1, ,5.2053,13.46,3.58,80,172.8
11941,     ,3132,1,D,D        ,0.01,                                ,80,128
11941,     ,12001,1, ,2.211,5.7118,1.52,80,172.8
11947,     ,3805,1,D,D     .69,1.8,0.47,999,1598.4
11947,     ,11962,1, ,0.8787,2.2697,0.6,80,172.8
11948,     ,3806,1, ,0.14,0.37,0.1,95,222.4
11948,     ,11963,1, ,0.5504,1.4217,0.38,80,172.8
11949,     ,3836,1, ,0.46,1.22,0.31,95,222.4
11949,     ,11989,1, , T 1.0041,2.594,0.69,80,128
11950,     ,698,1, ,1.0068,2.427,0.64,80,172.8
11950,     ,3870,1, ,0.95,2.48,0.64,139,260.8
11950,     ,4194,1,D,D     .95,2.48,0.64,139,260.8
11951,     ,746,1, ,4.4795,11.447,2.86,96,153.6
11951,     ,3936,1, ,         ,0.01,                                ,999,1598.4
11953,     ,3418,1,D,D        ,0.01,                                ,999,1598.4
11953,     ,11972,1, ,1.3457,6.0115,1.75,159,307.2
11954,     ,11977,1, , T  .2352,1.0688,0.3,159,307.2
11954,     ,14175,1, ,0.14,0.3613,0.0897,95,222.4
11955,     ,3815,1, ,0.2485,0.641,0.159,95,222.4
11955,     ,11926,1, ,1.419,5.1043,1.42,97,212.8
11956,     ,1957,1, ,1.4872,3.4919,0.93,139,260.8
11956,     ,3950,1,D,D    .122,0.3149,0.782,139,260.8
11958,     ,3135,1,D,D  1.1489,2.9681,0.79,80,172.8
11958,     ,11992,1, ,0.5697,1.4716,0.39,80,172.8
11958,     ,11993,1, ,0.1738,0.449,0.12,80,172.8
11959,     ,719,1, ,0.7436,1.746,0.46,139,260.8
11959,     ,3807,1,D,D     .02,0.07,0.02,95,222.4
11960,     ,694,1, ,1.9025,4.543,1.17,80,172.8
11960,     ,14177,1, ,0.74,1.19,0.47,999,1598.4
11961,     ,3852,1, ,         ,0.01,                                ,999,1598.4
11961,     ,11960,1, ,0.1063,0.254,0.07,139,260.8
11962,     ,692,1, ,2.2983,5.9363,1.68,80,172.8
11962,     ,3833,1, ,0.52,1.37,0.35,999,1598.4
11962,     ,3910,1, ,         ,0.01,                                ,999,1598.4
11963,     ,3808,1,D,D    1.05,2.75,0.71,95,222.4
11963,     ,17615,1, ,0.3284,0.848,0.22,80,172.8
11964,     ,3904,1,D,D    .005,0.0129,0.0032,95,222.4
11964,     ,3981,1,D,D     .03,0.0774,0.0192,95,222.4
11964,     ,11948,1, ,0.4993,1.1723,0.31,139,260.8
11965,     ,694,1, ,1.1779,3.043,0.81,80,172.8
11965,     ,3843,1, , T   .015,0.0387,0.0096,95,222.4
11965,     ,11970,1, , T 1.2648,3.2674,0.87,80,172.8
11971,     ,681,1, ,1.0253,4.5802,1.34,143,228.8
11971,     ,4144,1,D,D     .01,0.0258,0.0064,139,260.8
11972,     ,11971,1, ,0.0908,0.4055,0.12,159,307.2
11972,     ,17617,1, ,0.59,1.5228,0.3782,139,260.8
11973,     ,3809,1,D,DT   .005,0.0129,0.0032,95,222.4
11974,     ,3838,1,D,DT   1.73,4.54,1.17,144,260.8
11974,     ,11973,1, ,0.4924,1.2721,0.34,80,128
11975,     ,659,1, ,0.5189,2.4078,0.7,115,254.4
11975,     ,4189,1, ,5.9119,27.327,7.98,115,254.4
11976,     ,11933,1, ,1.1814,4.2495,1.18,97,212.8
11977,     ,568,1, , T  .9675,4.3967,1.24,159,307.2
11978,     ,3813,1, ,0.03,0.13,0.04,212,385.6
11978,     ,11954,1, , T  .1069,0.4858,0.14,159,307.2
11979,     ,674,1, ,1.3905,3.5917,0.95,80,172.8
11979,     ,4133,1,D,D     .48,1.2389,0.3077,139,260.8
11980,     ,3860,1,D,D      .2,0.53,0.13,80,128
11980,     ,3862,1, ,0.01,0.03,0.01,80,128
11981,     ,11961,1, ,0.3083,0.736,0.19,139,260.8
11981,     ,11980,1, ,0.36,0.94,0.24,80,128
11982,     ,695,1, ,0.3862,0.9977,0.26,80,172.8
11982,     ,3817,1,D,D    .006,0.0155,0.0038,95,222.4
11984,     ,4193,1,D,D        ,0.01,                                ,999,1598.4
11984,     ,11964,1, ,0.1169,0.2744,0.07,139,260.8
11985,     ,696,1, ,0.1086,0.3908,0.11,97,212.8
11986,     ,687,1, ,1.4099,3.6416,0.97,80,128
11986,     ,3130,1, ,         ,0.01,                                ,999,1598.4
11989,     ,2039,1, , T  .1799,0.4568,0.12,80,128
11989,     ,3820,1, ,0.01,0.02,0.01,95,222.4
11990,     ,1987,1, ,0.1526,0.375,0.1,80,145.6
11990,     ,3821,1,D,DT    .98,2.56,0.66,95,222.4
11992,     ,3138,1, ,0.13,0.33,0.09,80,172.8
11992,     ,11999,1, ,0.8594,2.2199,0.59,80,172.8
11993,    D,1968,1,D,D   .0193,0.0499,0.01,80,172.8
11993,     ,3137,1, ,0.19,0.51,0.13,80,128
11994,     ,4277,1, ,0.21,0.535,0.135,144,268.8
11996,     ,587,1, ,0.5666,2.396,0.69,206,376
11996,     ,3825,1,D,D     .04,0.1,0.02,95,222.4
11996,     ,4176,1, ,0.048,0.1239,0.0308,95,222.4
11997,     ,11700,1, ,2.0662,5.3376,1.42,80,172.8
11997,     ,11982,1, ,0.2414,0.6236,0.17,80,172.8
11998,     ,11976,1, ,0.1222,0.4396,0.12,97,212.8
11999,D   D,1957,1,D,DT  .3959,1.0226,0.27,80,172.8
11999,     ,3830,1,D,D   .0097,0.0249,0.01,80,172.8
12000,     ,11558,1, ,0.3379,0.873,0.23,80,172.8
12001,     ,1987,1, ,1.0602,2.7195,0.71,80,145.6
12001,     ,3828,1, ,0.07,0.19,0.05,95,222.4
12002,     ,3827,1, ,0.01,0.03,0.01,95,222.4
12002,     ,11959,1, ,0.1062,0.2494,0.07,139,260.8
12003,     ,683,1, ,3.01,7.9,2.04,80,172.8
12004,     ,699,1, , T 1.4168,3.578,0.92,108,208
12006,     ,666,1, ,0.2982,0.6392,0.03,44,96
12006,     ,3194,1, ,0.14,0.35,0.02,999,1598.4
12006,     ,9513,1,D,D   10.41,15.8,1.003,44,70.4
12007,     ,3185,1, ,2.1688,5.091,0.22,78,124.8
12007,     ,3195,1,D,D    3.01,4.57,0.18,38,60.8
12008,     ,554,1, ,0.2527,1.1725,0.06,73,161.6
12008,     ,3193,1,D,D    1.62,4.2,0.182,999,1598.4
12009,     ,681,1, ,0.4249,1.0975,0.29,80,172.8
12009,     ,3159,1,D,D     .24,0.64,0.16,80,172.8
12010,     ,3107,1, ,1.1746,3.083,0.82,120,224
12010,     ,3832,1,D,D     .47,1.24,0.32,95,222.4
12011,     ,709,1, ,1.1568,2.9167,0.75,108,208
12012,     ,3864,1,D,D     .01,0.03,0.01,999,1598.4
12012,     ,14233,1, ,0.9188,2.4094,0.62,108,208
12013,     ,12014,1, ,0.1307,0.3299,0.08,108,208
12013,     ,17603,1, ,         ,0.01,                                ,108,208
12014,     ,12016,1, ,0.0603,0.1523,0.04,108,208
12016,     ,12015,1, ,0.5528,1.3958,0.36,108,208
12017,     ,3859,1, ,0.04,0.11,                                ,999,1598.4
12017,     ,12021,1, ,2.3209,6.1579,0.26,50,108.8
12019,     ,2018,1, ,1.51,3.96,1.02,108,208
12019,     ,3867,1,D,D    .005,0.013,0.003,95,222.4
12020,     ,555,2, ,7.1918,16.939,0.74,73,161.6
12020,     ,3197,1, ,0.17,0.41,0.02,999,1598.4
12020,     ,22047,2, ,2.066,4.8661,0.21,73,161.6
12021,     ,11731,1, ,3.7419,9.928,0.42,50,108.8
12021,     ,17618,1, ,1.7213,4.443,0.182,89,166.4
12022,     ,3856,1,D,D     .49,1.28,0.05,999,1598.4
12022,     ,14151,1, ,0.4026,1.0682,0.04,50,108.8
12023,     ,1967,1,D,D    .412,1.062,0.264,139,260.8
12023,     ,11994,1, ,2.6942,6.9589,1.85,108,172.8
12024,     ,624,1, ,3.06,8.06,2.06,139,260.8
12024,     ,3917,1, ,0.05,0.13,0.03,999,1598.4
12025,     ,3090,1,D,D        ,0.01,                                ,127,203.2
12025,     ,12019,1, ,1.5,3.94,1.01,108,208
12026,     ,624,1, ,4.7479,12.478,3.2,80,172.8
12026,     ,3127,1, ,1.32,2.11,0.45,999,1598.4
12027,     ,3938,1, ,         ,0.02,                                ,999,1598.4
12027,     ,11744,1, ,1.2716,3.2353,0.82,108,206.4
12028,     ,3147,1,D,D     .01,0.03,0.01,54,86.4
12028,     ,12024,1, ,6.92,18.27,4.67,139,260.8
12029,     ,3923,1, ,         ,0.02,                                ,999,1598.4
12029,     ,12027,1, ,0.8679,2.2083,0.56,108,206.4
12030,     ,3925,1,D,D     .14,0.38,0.1,999,1598.4
12030,     ,11951,1, ,1.9096,4.8218,1.24,108,206.4
12032,     ,626,1, ,3.1956,14.828,4.33,143,305.6
12033,     ,3920,1, ,1.89,4.96,1.28,84,168
12033,     ,11737,1, ,0.414,1.7499,0.51,206,387.2
12036,     ,2040,1, ,50.237,69.788,3.04,38,83.2
12036,     ,3146,1, ,0.02,0.03,                                ,30,48
12041,     ,12032,1, ,0.2158,1.0013,0.29,159,305.6
12042,     ,3874,1,D,D   .3698,0.9545,0.237,95,222.4
12043,     ,616,1, ,8.1126,16.403,0.75,61,97.6
12043,     ,3140,1,D,D     .03,0.06,                                ,88,140.8
12044,     ,4181,1, ,0.3,0.76,0.19,999,1598.4
12044,     ,12023,1, ,0.8208,2.1201,0.56,108,172.8
12045,     ,3148,1, ,0.81,1.63,0.08,48,76.8
12045,     ,12043,1, ,1.0984,2.587,0.11,89,166.4
12047,     ,3192,1, ,3.25,6.26,0.28,44,70.4
12047,     ,13198,1, ,4.2104,9.917,0.43,89,166.4
12049,     ,557,1, ,9.4409,22.246,0.98,89,166.4
12049,     ,3199,1, ,0.22,0.35,0.01,999,1598.4
12143,     ,2143,1, ,0.173,0.584,0.165,128,204.8
12171,     ,2171,1,D,D    .173,0.584,0.165,128,204.8
12171,     ,12143,1, ,0.81,2.8,0.797,128,259.2
12330,     ,596,1, ,0.788,2.863,0.719,103,206.4
12330,     ,2330,1, ,0.515,1.354,0.316,103,206.4
13042,     ,595,1, ,1.5937,4.1872,1.07,139,228.8
13042,     ,3047,1,D,D     .01,0.25,0.07,999,1598.4
13109,     ,9125,1, ,0.344,1.554,0.4531,212,387.2
13109,     ,11958,1, ,1.3043,5.5133,1.6,206,387.2
13128,     ,11994,1, ,0.6179,1.5963,0.43,108,172.8
13198,     ,2048,1, ,0.6015,1.4167,0.06,89,166.4
13198,     ,3184,1, ,         ,0.01,                                ,89,166.4
13921,    D,3919,1,D,D   15.21,23.05,0.92,38,83.2
13921,     ,3921,1, ,0.05,0.07,                                ,999,1598.4
14151,     ,4131,1, ,0.799,2.063,0.084,46,73.6
14151,     ,12017,1, ,0.971,2.5763,0.11,50,108.8
14172,     ,17613,1, ,0.15,0.3872,0.0962,139,260.8
14173,     ,3803,1, ,0.31,0.8,0.2,95,222.4
14173,     ,4160,1,D,D     .31,0.8,0.2,95,222.4
14175,     ,3814,1, ,0.33,0.8517,0.2115,95,222.4
14175,     ,4162,1,D,DT   .232,0.5988,0.1487,95,222.4
14177,     ,3851,1,D,D        ,0.01,                                ,999,1598.4
14177,     ,4164,1, ,         ,0.01,                                ,999,1598.4
14179,     ,602,1, ,4.5048,10.597,2.81,139,260.8
14179,     ,4166,1, ,0.29,0.0748,0.02,999,1598.4
14184,     ,4170,1, ,0.04,0.1032,0.0256,139,260.8
14184,     ,12012,1, ,0.4546,1.192,0.31,108,208
14185,     ,4171,1, ,0.04,0.1032,0.0256,139,260.8
14185,     ,11996,1, ,2.7633,7.2581,1.86,80,172.8
14186,     ,701,1, ,0.2028,0.524,0.14,80,172.8
14233,     ,3846,1,D,D     .01,0.03,0.01,999,1598.4
14233,     ,14234,1, ,1.0155,2.663,0.68,108,208
14234,     ,3056,1,D,D     .01,0.03,0.01,127,203.2
14234,     ,11711,1, ,1.7312,4.5399,1.17,108,208
14235,     ,730,1, ,1.7118,4.4891,1.15,96,172.8
14235,     ,3055,1, ,0.01,0.03,0.01,127,203.2
14238,     ,4148,1, ,         ,0.01,                                ,999,1598.4
14238,     ,12033,1, ,0.2779,1.1746,0.34,206,387.2
14252,     ,4252,1,D,D    .061,0.141,0.038,128,204.8
14252,     ,12143,1, ,0.21,0.711,0.201,128,259.2
16580,     ,633,1, ,0.6565,1.6961,0.45,139,260.8
16600,     ,6601,1,D,D      .4,0.1,0.03,103,206.4
16600,     ,11986,1, ,0.2897,0.7483,0.2,80,128
17606,     ,17603,1, ,0.1668,0.421,0.11,108,208
17612,     ,591,1, ,0.56,1.445,0.359,139,260.8
17613,     ,14186,1, , T   .053,0.1368,0.034,139,260.8
17615,     ,692,1, ,0.0386,0.0998,0.03,80,172.8
17615,     ,7615,1, ,0.005,0.0129,0.0032,139,260.8
17617,     ,3858,1, ,0.04,0.1032,0.0256,139,260.8
17617,     ,7617,1,D,D      .1,0.2581,0.0641,139,260.8
17618,     ,3868,1, ,0.3688,0.952,0.039,89,166.4
17618,     ,7618,1, ,0.4918,1.27,0.052,89,166.4
19127,     ,4302,1, ,0.0402,0.2732,0.1446,390,739.2
19127,     ,9127,1, ,0.1,0.2581,0.0641,139,260.8
19518,     ,9519,1, ,4.05,10.11,0.98,44,96
19518,     ,12008,1, ,5.9431,14.693,0.63,44,96
20700,     ,20701,1, ,22.671,55.441,0.902,47,94.4
20700,     ,20724,1, ,         ,84.47,      .9597  .85 1.05     -20724,9,14.4
20700,     ,20725,1, ,         ,51.07,      .9523  .85 1.05     -20725,15,24
20700,     ,20725,2, ,         ,49.87,      .9523  .85 1.05     -20725,15,24
20701,     ,20704,1, ,         ,33.34,      .9985   .9  1.1     -20704,30,48
20701,     ,20704,2, ,         ,33.34,      .9985   .9  1.1     -20704,30,48
21637,     ,3912,1,D,D     .16,0.41,0.1,80,172.8
21637,     ,21909,2, ,1.9454,4.6413,1.19,139,260.8
21671,     ,497,2, ,2.4506,11.252,3.29,115,254.4
21671,     ,671,1, ,         ,0.01,                                ,999,1598.4
21679,     ,2182,2, ,0.0096,0.0251,0.01,80,172.8
21679,     ,22009,2, ,3.0515,7.8817,2.09,80,172.8
21680,     ,2336,2,D,D     .05,0.13,0.04,139,260.8
21680,     ,21679,2, ,0.0744,0.1746,0.05,80,172.8
21731,     ,720,2, , T  .0592,0.1571,0.01,50,108.8
21731,     ,3081,1,D,D     .01,0.03,                                ,999,1598.4
21901,     ,674,2, ,1.6668,7.0389,2.05,143,240
21901,     ,1904,1, ,0.98,4.67,1.32,115,184
21906,     ,3888,1,D,D     .03,0.09,0.02,999,1598.4
21906,     ,21979,2, ,2.7038,6.9838,1.85,80,172.8
21908,     ,21943,2, ,4.0162,9.4282,2.5,139,260.8
21909,     ,3895,1, ,0.12,0.31,0.08,999,1598.4
21909,     ,21910,2, ,4.1885,9.9927,2.56,139,260.8
21910,     ,649,2, ,3.0297,7.2283,1.86,139,228.8
21910,     ,3894,1,D,D     .01,0.02,0.01,999,1598.4
21911,     ,659,1, , T 1.1687,2.7436,0.73,139,260.8
21911,     ,3896,1, ,1.2,3.0972,0.7692,95,222.4
21913,     ,639,1, ,6.8403,16.138,4.29,80,172.8
21915,     ,21919,2, ,2.4816,6.4102,1.7,80,172.8
21917,     ,3903,1, ,0.83,2.17,0.56,999,1598.4
21917,     ,24179,2, ,0.765,1.796,0.48,139,260.8
21918,     ,640,2, ,2.9258,7.5575,2.01,80,172.8
21918,     ,3180,2,D,D     .04,0.1,0.03,999,1598.4
21919,     ,3175,2,D,D     .14,0.37,0.1,999,1598.4
21919,     ,21918,2, ,0.6856,1.7709,0.47,80,172.8
21920,     ,669,2,D,D  2.0374,5.2628,1.4,80,172.8
21920,     ,3190,1, ,         ,0.01,                                ,999,1598.4
21921,     ,3173,1,D,D        ,0.1,                                ,999,1598.4
21921,     ,21922,1, ,8.2308,17.642,0.71,44,96
21922,     ,3196,1, ,         ,0.1,                                ,999,1598.4
21922,     ,22007,1, ,7.3063,15.661,0.63,44,96
21925,     ,3174,1, ,         ,0.01,                                ,999,1598.4
21925,     ,21920,2, ,1.9119,4.9386,1.31,80,172.8
21926,     ,705,2, ,1.0049,3.6145,1,97,212.8
21926,     ,3801,1, ,1.505,3.88,0.965,95,222.4
21931,     ,3802,1,D,D    .005,0.0129,0.0032,95,222.4
21931,     ,21974,2, ,1.2648,3.2674,0.87,80,172.8
21932,     ,21931,2, ,0.2266,0.9578,0.28,206,376
21932,     ,24173,1, ,0.4,1.03,0.26,139,260.8
21933,     ,21985,2, ,2.1251,7.6442,2.12,97,212.8
21934,     ,3841,1, ,0.17,0.46,0.12,999,1598.4
21934,     ,22676,2, ,0.3478,0.914,0.23,139,260.8
21936,     ,21970,2, ,0.1834,0.4739,0.13,80,172.8
21936,     ,22937,2, ,0.493,1.2724,0.31,95,222.4
21939,     ,2113,1, , T   .006,0.015,0.004,80,128
21939,     ,22000,2, ,5.2053,13.46,3.58,80,172.8
21941,     ,3132,1, ,         ,0.01,                                ,80,128
21941,     ,22001,2, ,2.211,5.7118,1.52,80,172.8
21947,     ,3805,1, ,0.69,1.8,0.47,999,1598.4
21947,     ,21962,2, ,0.8787,2.2697,0.6,80,172.8
21948,     ,3806,1,D,D     .14,0.37,0.1,95,222.4
21948,     ,21963,2, ,0.5504,1.4217,0.38,80,172.8
21949,     ,3836,1,D,DT    .46,1.22,0.31,95,222.4
21949,     ,21989,2, , T 1.0041,2.594,0.69,80,128
21951,     ,746,2, ,4.4795,11.447,2.86,96,153.6
21951,     ,3936,1,D,D        ,0.01,                                ,999,1598.4
21953,     ,3418,1, ,         ,0.01,                                ,999,1598.4
21953,     ,21972,2, ,1.3457,6.0115,1.75,159,307.2
21954,     ,21977,2, , T  .2352,1.0688,0.3,159,307.2
21954,     ,24175,2, ,0.14,0.3613,0.0897,95,222.4
21955,     ,3815,1,D,D   .2485,0.641,0.159,95,222.4
21955,     ,21926,2, ,1.419,5.1043,1.42,97,212.8
21956,     ,682,2, ,1.4872,3.4919,0.93,139,260.8
21956,     ,3950,2, ,0.122,0.3149,0.782,139,260.8
21958,     ,3135,1, ,1.1489,2.9681,0.79,80,172.8
21958,     ,21992,2, ,0.5697,1.4716,0.39,80,172.8
21958,     ,21993,2, ,0.1738,0.449,0.12,80,172.8
21959,     ,719,2, ,0.7436,1.746,0.46,139,241.6
21959,     ,3807,1, ,0.02,0.07,0.02,95,222.4
21960,     ,694,2, ,1.9025,4.543,1.17,80,172.8
21960,     ,24177,1, ,0.74,1.19,0.47,999,1598.4
21961,     ,3852,1,D,D        ,0.01,                                ,999,1598.4
21961,     ,21960,2, ,0.1063,0.254,0.07,139,260.8
21962,     ,692,2, ,2.2983,5.9363,1.68,80,172.8
21962,     ,3833,1,D,D     .52,1.37,0.35,999,1598.4
21962,     ,3910,1,D,D        ,0.01,                                ,999,1598.4
21963,     ,3808,1, ,1.05,2.75,0.71,95,222.4
21963,     ,27615,2, ,0.3284,0.848,0.22,80,172.8
21964,     ,3904,1, ,0.005,0.0129,0.0032,95,222.4
21964,     ,3981,1, ,0.03,0.0774,0.0192,95,222.4
21964,     ,21948,2, ,0.4993,1.1723,0.31,139,260.8
21965,     ,694,2, ,1.1779,3.043,0.81,80,172.8
21965,     ,3843,1,D,DT   .015,0.0387,0.0096,95,222.4
21965,     ,21970,2, , T 1.2648,3.2674,0.87,80,172.8
21971,     ,681,2, ,1.0253,4.5802,1.34,143,228.8
21971,     ,4144,1, ,0.01,0.0258,0.0064,139,260.8
21972,     ,21971,2, ,0.0908,0.4055,0.12,159,307.2
21972,     ,27617,2, ,0.59,1.5228,0.3782,139,260.8
21973,     ,3809,1, ,0.005,0.0129,0.0032,95,222.4
21974,     ,3838,1, ,1.73,4.54,1.17,144,260.8
21974,     ,21973,2, ,0.4924,1.2721,0.34,80,128
21975,     ,546,2, ,8.066,37.428,10.93,96,198.4
21975,     ,659,2, ,0.5189,2.4078,0.7,115,254.4
21976,     ,21933,2, ,1.1814,4.2495,1.18,97,212.8
21977,     ,568,2, , T  .9675,4.3967,1.24,159,307.2
21978,     ,3813,1,D,D     .03,0.13,0.04,212,385.6
21978,     ,21954,2, , T  .1069,0.4858,0.14,159,307.2
21979,     ,674,2, ,1.3905,3.5917,0.95,80,172.8
21979,     ,4133,1, ,0.48,1.2389,0.3077,139,260.8
21980,     ,3860,1, ,0.2,0.53,0.13,80,128
21980,     ,3862,1,D,D     .01,0.03,0.01,80,128
21981,     ,21961,2, ,0.3083,0.736,0.19,139,260.8
21981,     ,21980,2, ,0.36,0.94,0.24,80,128
21982,     ,695,2, ,0.3862,0.9977,0.26,80,172.8
21982,     ,3817,1, ,0.006,0.0155,0.0038,95,222.4
21983,     ,21981,2, ,3.826,9.1361,2.34,139,260.8
21984,     ,4193,1, ,         ,0.01,                                ,999,1598.4
21984,     ,21964,2, ,0.1169,0.2744,0.07,139,260.8
21985,     ,696,2, ,0.1086,0.3908,0.11,97,212.8
21986,     ,687,2, ,1.4099,3.6416,0.97,80,128
21986,     ,3130,1,D,D        ,0.01,                                ,999,1598.4
21989,     ,3820,1,D,D     .01,0.02,0.01,95,222.4
21989,     ,21973,2, ,2.0468,5.2877,1.4,80,128
21990,     ,2038,2, , T 1.4004,3.625,0.96,80,172.8
21990,     ,3821,1, ,0.98,2.56,0.66,95,222.4
21992,     ,3138,1,D,D     .13,0.33,0.09,80,172.8
21992,     ,21999,2, ,0.8594,2.2199,0.59,80,172.8
21993,     ,1968,2, ,0.0193,0.0499,0.01,80,172.8
21993,     ,3137,1,D,D     .19,0.51,0.13,80,128
21994,     ,4277,1,D,D     .21,0.535,0.135,144,268.8
21996,     ,587,2, ,0.5666,2.396,0.69,206,376
21996,     ,3825,1, , T    .04,0.1,0.02,95,222.4
21996,     ,4176,1,D,D    .048,0.1239,0.0308,95,222.4
21997,     ,21982,2, ,0.2414,0.6236,0.17,80,172.8
21997,     ,22700,2, ,2.0662,5.3376,1.42,80,172.8
21998,     ,21976,2, ,0.1222,0.4396,0.12,97,212.8
21999,D   D,682,1,D,DT  .3959,1.0226,0.27,80,172.8
21999,     ,3830,1, ,0.0097,0.0249,0.01,80,172.8
22000,     ,22558,2, ,0.3379,0.873,0.23,80,172.8
22001,     ,2038,2, ,1.188,1.2729,0.81,80,172.8
22001,     ,3828,1,D,D     .07,0.19,0.05,95,222.4
22002,     ,3827,1,D,D     .01,0.03,0.01,95,222.4
22002,     ,21959,2, ,0.1062,0.2494,0.07,139,260.8
22002,     ,22010,2, ,1.8287,3.5033,0.88,120,224
22003,     ,683,2, ,3.01,7.9,2.04,80,172.8
22004,     ,699,2, , T 1.4168,3.578,0.92,108,208
22006,     ,666,1, ,0.2982,0.6392,0.03,44,96
22006,     ,3194,1,D,D     .14,0.35,0.02,999,1598.4
22006,     ,9513,1, ,10.41,15.8,1.003,44,70.4
22007,     ,3195,1, ,3.01,4.57,0.18,38,60.8
22007,     ,22006,1, ,5.1293,10.994,0.44,44,96
22008,     ,554,1, ,0.2527,1.1725,0.06,73,161.6
22008,     ,3193,1, ,1.62,4.2,0.182,999,1598.4
22009,     ,681,2, ,0.4249,1.0975,0.29,80,172.8
22009,     ,3159,2, ,0.24,0.64,0.16,80,172.8
22010,     ,3832,1, ,0.47,1.24,0.32,95,222.4
22011,     ,709,2, ,1.1568,2.9167,0.75,108,208
22012,     ,3864,1, ,0.01,0.03,0.01,999,1598.4
22012,     ,24233,2, ,0.9188,2.4094,0.62,108,208
22013,     ,22014,2, ,0.1307,0.3299,0.08,108,208
22013,     ,27603,1, ,         ,0.01,                                ,108,208
22014,     ,22016,2, ,0.0603,0.1523,0.04,108,208
22016,     ,22015,2, ,0.5528,1.3958,0.36,108,208
22017,     ,3859,1,D,D     .04,0.11,                                ,999,1598.4
22017,     ,22021,2, ,2.3209,6.1579,0.26,50,108.8
22019,    D,2018,1,D,D    1.51,3.96,1.02,108,208
22019,     ,3867,1, ,0.005,0.013,0.003,95,222.4
22020,     ,555,2, ,7.1918,16.939,0.74,73,161.6
22020,     ,3197,1,D,D     .17,0.41,0.02,999,1598.4
22021,     ,21731,2, ,3.7419,9.928,0.42,50,108.8
22021,     ,27618,2, ,1.7213,4.443,0.182,89,166.4
22022,     ,3856,1, ,0.49,1.28,0.05,999,1598.4
22022,     ,24151,2, ,0.4026,1.0682,0.04,50,108.8
22023,     ,1967,1, ,0.412,1.062,0.264,139,260.8
22023,     ,21994,2, ,2.6942,6.9589,1.85,108,172.8
22024,     ,624,2, ,3.06,8.06,2.06,139,260.8
22024,     ,3917,1,D,D     .05,0.13,0.03,999,1598.4
22025,     ,3090,1, ,         ,0.01,                                ,127,203.2
22025,     ,22019,2, ,1.5,3.94,1.01,108,208
22026,     ,624,2, ,4.7479,12.478,3.2,80,172.8
22026,     ,3127,1,D,D    1.32,2.11,0.45,999,1598.4
22027,     ,3938,1,D,D        ,0.02,                                ,999,1598.4
22027,     ,22744,2, ,1.2716,3.2353,0.82,108,206.4
22028,     ,3147,1, ,0.01,0.03,0.01,54,86.4
22028,     ,22024,2, ,6.92,18.27,4.67,139,260.8
22029,     ,3923,1,D,D        ,0.02,                                ,999,1598.4
22029,     ,22027,2, ,0.8679,2.2083,0.56,108,206.4
22030,     ,3925,1, ,0.14,0.38,0.1,999,1598.4
22030,     ,21951,2, ,1.9096,4.8218,1.24,108,206.4
22032,     ,626,2, ,3.1956,14.828,4.33,143,305.6
22033,     ,3920,1,D,D    1.89,4.96,1.28,84,168
22033,     ,22737,2, ,0.414,1.7499,0.51,206,387.2
22036,     ,2040,2, ,50.237,69.788,3.04,38,83.2
22036,     ,3146,1,D,D     .02,0.03,                                ,30,60.8
22041,     ,22032,2, ,0.2158,1.0013,0.29,159,305.6
22042,     ,3874,2, ,0.3698,0.9545,0.237,95,222.4
22043,     ,616,2, ,8.1126,16.403,0.75,61,97.6
22043,     ,3140,1, ,0.03,0.06,                                ,88,140.8
22044,     ,4181,1,D,D      .3,0.76,0.19,999,1598.4
22044,     ,22023,2, ,0.8208,2.1201,0.56,108,172.8
22045,     ,2046,2, ,3.5567,8.377,0.36,89,166.4
22045,     ,3148,1,D,D     .81,1.63,0.08,48,76.8
22047,     ,3192,1,D,D    3.25,6.26,0.28,44,70.4
22047,     ,23198,2, ,4.2104,9.917,0.43,89,166.4
22049,     ,613,2, ,3.5044,8.2539,0.36,121,193.6
22049,     ,3199,1,D,D     .22,0.35,0.01,999,1598.4
22171,     ,2171,1, ,0.173,0.584,0.165,128,204.8
22171,     ,22143,1, ,0.81,2.8,0.797,128,259.2
22330,     ,596,2, ,0.788,2.863,0.719,103,206.4
22330,     ,2330,1,D,D    .515,1.354,0.316,103,206.4
22469,     ,21949,2, ,0.5942,1.533,0.4118,80,172.8
22470,     ,9129,1,D,D     .03,0.0774,0.0192,139,260.8
22470,     ,24185,2, ,0.0966,0.2538,0.07,80,172.8
22558,     ,3837,1, , T    .55,1.419,0.3526,98,169.6
22558,     ,24186,2, ,0.309,0.798,0.21,80,172.8
22592,     ,4290,1,D,D     .01,0.2,0.005,97,212.8
22592,     ,21998,2, ,0.3261,1.1723,0.33,97,212.8
22604,     ,3420,1,D,DT    .01,0.2,0.005,159,305.6
22604,     ,22733,2, ,0.4276,1.9437,0.55,159,307.2
22628,     ,622,2, ,0.3051,1.2885,0.38,191,366.4
22628,     ,3922,1,D,D   .0168,0.0758,0.0221,212,385.6
22630,     ,22646,2, ,0.4994,1.1723,0.31,139,260.8
22631,     ,626,2, ,0.6663,1.721,0.46,80,172.8
22644,     ,2341,1, ,0.89,3.08,0.85,128,259.2
22644,     ,26580,2, ,4.3351,11.199,2.97,139,260.8
22646,     ,22653,2, ,0.9562,2.2448,0.6,139,260.8
22650,     ,635,2, ,2.5813,6.061,1.61,139,260.8
22653,     ,652,2, ,4.0799,9.5778,2.54,139,260.8
22654,     ,654,2,D,D        ,0.01,                                ,999,1598.4
22654,     ,22656,2, ,0.5035,2.3363,0.68,115,254.4
22656,     ,661,2, ,1.6646,7.724,2.25,115,228.8
22656,     ,2345,2, ,0.23,0.6,0.14,80,128
22675,     ,638,2, ,2.8099,7.2582,1.93,80,172.8
22675,     ,665,2, ,1.9505,5.0383,1.34,80,172.8
22675,     ,2348,1,D,D     .32,0.84,0.21,25,40
22676,     ,3046,1,D,D     .01,0.03,0.01,127,203.2
22676,     ,23042,2, ,0.2511,0.6598,0.17,139,260.8
22677,     ,3045,1,D,D     .96,2.54,0.66,127,203.2
22677,     ,21934,2, ,1.391,3.655,0.94,139,260.8
22678,     ,2291,1,D,D     .14,0.37,0.1,25,145.6
22684,     ,6603,1,D,D    .149,0.379,0.096,144,268.8
22684,     ,21941,2, ,0.1159,0.2993,0.08,80,172.8
22685,     ,699,1, ,1.4,3.6166,0.96,80,153.6
22685,     ,2339,1,D,D     .01,0.02,0.01,103,206.4
22686,     ,2338,1,D,D     .08,0.22,0.05,25,40
22686,     ,21939,2, ,3.0109,7.78,2.06,80,128
22700,     ,705,2, ,1.9656,4.6143,1.23,139,260.8
22700,     ,2314,1,D,DT    .01,0.01,0.01,80,128
22702,     ,2346,1, ,0.01,0.01,0.01,103,206.4
22702,     ,22685,2, ,3.0317,7.8319,2.08,80,172.8
22704,     ,2121,1,D,D     .31,0.76,0.2,102,206.4
22704,     ,22707,2, ,0.1834,0.4739,0.13,80,172.8
22707,     ,2550,1,D,D     .09,0.22,0.065,80,128
22707,     ,22702,2, ,0.1641,0.424,0.11,80,172.8
22708,     ,3048,1, ,         ,0.01,                                ,127,203.2
22708,     ,22710,2, ,0.541,1.4203,0.36,108,208
22710,     ,725,2, ,4.9367,12.96,3.33,96,153.6
22710,     ,3051,1,D,D        ,0.01,                                ,127,203.2
22711,     ,3054,1,D,D     .01,0.03,0.01,127,203.2
22711,     ,24235,2, ,0.4739,1.2428,0.32,108,208
22716,     ,718,2, ,0.8067,4.1425,1.26,96,203.2
22716,     ,3060,1,D,D        ,0.01,                                ,51,81.6
22716,     ,22717,2, , T  .7384,3.7914,1.15,237,444.8
22717,     ,3063,1, ,         ,0.01,                                ,51,81.6
22723,     ,3066,1,D,D        ,0.01,                                ,999,1598.4
22723,     ,22604,2, ,0.1604,0.7289,0.21,159,307.2
22726,     ,595,2, ,1.7505,4.5906,1.18,108,208
22726,     ,3072,1,D,D        ,0.01,                                ,127,203.2
22729,     ,3075,1,D,D     .02,0.06,                                ,999,1598.4
22729,     ,22022,2, ,3.0314,8.043,0.34,50,108.8
22733,     ,734,2, ,0.2352,1.069,0.3,159,305.6
22733,     ,3472,1, ,0.347,0.896,0.237,80,172.8
22737,     ,3423,1, ,1.0991,2.546,0.6409,144,268.8
22737,     ,22738,2, ,0.3959,1.0226,0.27,108,172.8
22738,     ,2034,1,D,D     .04,0.09,0.02,103,206.4
22738,     ,22044,2, ,0.5504,1.4217,0.38,108,172.8
22739,     ,583,2, ,0.2022,1.194,0.7,411,750.4
22739,     ,3739,1,D,D     .19,0.51,0.13,999,1598.4
22740,     ,3937,1, ,0.02,0.05,0.01,144,260.8
22740,     ,22029,2, ,1.2867,3.2738,0.83,108,206.4
22744,     ,744,1, ,         ,0.02,                                ,999,1598.4
22744,     ,22739,2, ,2.9046,7.3537,1.87,108,208
22937,     ,3842,1, ,0.3,0.79,0.2,95,222.4
22937,     ,3847,1,D,D      .3,0.79,0.2,95,222.4
22950,     ,698,2, ,1.0068,2.427,0.64,80,172.8
22950,     ,3870,2,D,D     .95,2.48,0.64,139,260.8
22950,     ,4194,2, ,0.95,2.48,0.64,139,260.8
23042,     ,595,2, ,1.5937,4.1872,1.07,139,228.8
23042,     ,3047,1, ,0.01,0.25,0.07,999,1598.4
23109,     ,9125,1,D,D    .344,1.554,0.4531,212,387.2
23109,     ,21958,2, ,1.3043,5.5133,1.6,206,387.2
23128,     ,21994,2, ,0.6179,1.5963,0.43,108,172.8
23157,     ,497,2, , T  .5251,2.4186,0.65,115,254.4
23198,     ,3184,1,D,D        ,0.01,                                ,89,166.4
23198,     ,22049,2, ,4.132,9.4622,0.42,89,166.4
23921,     ,3919,2, ,15.21,23.05,0.92,38,83.2
23921,     ,3921,1,D,D     .05,0.07,                                ,999,1598.4
24151,     ,4131,1,D,D    .799,2.063,0.084,46,73.6
24151,     ,22017,2, ,0.971,2.5763,0.11,50,108.8
24172,     ,27613,2, ,0.15,0.3872,0.0962,139,260.8
24173,     ,3803,1,D,D     .31,0.8,0.2,95,222.4
24173,     ,4160,1, ,0.31,0.8,0.2,95,222.4
24175,     ,3814,1,D,D     .33,0.8517,0.2115,95,222.4
24175,     ,4162,1, , T   .232,0.5988,0.1487,95,222.4
24177,     ,3851,1, ,         ,0.01,                                ,999,1598.4
24177,     ,4164,1,D,D        ,0.01,                                ,999,1598.4
24179,     ,4166,1,D,D     .29,0.0748,0.02,999,1598.4
24179,     ,4230,2, ,7.0285,16.507,4.39,139,260.8
24184,     ,4170,1,D,D     .04,0.1032,0.0256,139,260.8
24184,     ,22012,2, ,0.4546,1.192,0.31,108,208
24185,     ,4171,1,D,D     .04,0.1032,0.0256,139,260.8
24185,     ,21996,2, ,2.7633,7.2581,1.86,80,172.8
24186,     ,701,2, ,0.2028,0.524,0.14,80,172.8
24233,     ,3846,1, ,0.01,0.03,0.01,999,1598.4
24233,     ,24234,2, ,1.0155,2.663,0.68,108,208
24234,     ,3056,1, ,0.01,0.03,0.01,127,203.2
24234,     ,22711,2, ,1.7312,4.5399,1.17,108,208
24235,     ,730,2, ,1.7118,4.4891,1.15,96,172.8
24235,     ,3055,1,D,D     .01,0.03,0.01,127,203.2
24238,     ,4148,2,D,D        ,0.01,                                ,999,1598.4
24238,     ,22033,2, ,0.2779,1.1746,0.34,206,387.2
24252,     ,4252,1, ,0.061,0.141,0.038,128,204.8
24252,     ,22143,1, ,0.21,0.711,0.201,128,259.2
26580,     ,633,2, ,0.6565,1.6961,0.45,139,260.8
26586,     ,638,2, ,6.8365,17.659,4.69,80,172.8
26600,     ,6601,1, ,0.4,0.1,0.03,103,206.4
26600,     ,21986,2, ,0.2897,0.7483,0.2,80,128
27606,     ,27603,2, ,0.1668,0.421,0.11,108,208
27612,     ,21983,2, ,0.252,0.6504,0.1615,139,260.8
27613,     ,24186,2, , T   .053,0.1368,0.034,139,260.8
27615,     ,692,2, ,0.0386,0.0998,0.03,80,172.8
27615,     ,7615,2,D,D    .005,0.0129,0.0032,139,260.8
27617,     ,3858,2,D,D     .04,0.1032,0.0256,139,260.8
27617,     ,7617,2, ,0.1,0.2581,0.0641,139,260.8
27618,     ,3868,2,D,D   .3688,0.952,0.039,89,166.4
27618,     ,7618,2,D,D   .4918,1.27,0.052,89,166.4
29127,     ,4302,2, ,0.0402,0.2732,0.1446,390,739.2
29127,     ,9127,2,D,D      .1,0.2581,0.0641,139,260.8
29518,     ,9519,1,D,D    4.05,10.11,0.98,44,96
29518,     ,22008,1, ,5.9431,14.693,0.63,44,96
92300,     ,99805,1, ,         ,205.12,1,3,4.8
92300,     ,99805,2, ,         ,208.75,1,3,4.8
95150,     ,6579,1, ,         ,48.25,1,28,44.8
95150,     ,95155,1, ,0.812,1.976,0.509,99,158.4
95150,     ,95165,1, , T 1.0338,2.0381,0.502,88,176
95150,     ,99755,1, ,         ,89.92,      .9374  .85 1.05     -99755,22,35.2
95150,     ,99755,2, ,         ,89.92,      .9374  .85 1.05     -99755,22,35.2
95155,     ,95160,1, ,0.935,2.371,0.561,99,158.4
95160,     ,99760,1, ,         ,32.73,0.925,30,48
95160,     ,99760,2, ,         ,32.4,0.925,30,48
95165,     ,95170,1, , T 7.9823,15.737,3.8766,88,176
95170,     ,99751,1, ,         ,89.6,1,14,22.4
95170,     ,99752,1, ,         ,89.6,1,14,22.4
95170,     ,99753,1, ,         ,89.6,1,14,22.4
95200,     ,92305,1, ,         ,101.65,      1.004   .9  1.1     -92305,9,14.4
95200,     ,95205,1, ,4.959,12.06,3.221,126,201.6
95205,     ,95210,1, ,2.7187,6.8191,1.675,126,201.6
95205,     ,99805,1, ,         ,91.5,      1.007   .9  1.1     -99805,14,22.4
95205,     ,99805,2, ,         ,85,      1.007   .9  1.1     -99805,14,22.4
96265,     ,6253,1, ,         ,0.001,                                ,999,1598.4
7055,     ,7057,1,,         ,0.001,                                ,1760,3456
7055,     ,7057,2,,         ,0.001,                                ,1760,3456
7055,     ,7057,3,,         ,0.001,                                ,1760,3456
7055,     ,7057,4,,         ,0.001,                                ,1760,3456
7059,     ,7054,3,,         ,0.001,                                ,390,960
7059,     ,7054,2,,         ,0.001,                                ,390,960
85,     ,86,1,,         ,0.001,                                ,3000,7200
85,     ,86,2,,         ,0.001,                                ,3000,7200
8100,     ,3010,1,,         ,0.001,                                ,1730,3568
8100,     ,3010,2,,         ,0.001,                                ,1730,3572.8
