46.53328323364258,46.53328323364258,44.35261154174805,44.35261154174805,37.58098602294922,37.58098602294922,47.72193908691406,47.72193908691406,56.49829864501953,56.49829864501953,51.23274612426758,51.23274612426758,32.64179992675781,32.64179992675781,21.524242401123047,21.524242401123047,12.907917976379395,12.907917976379395,19.265377044677734,19.265377044677734,30.20699691772461,30.20699691772461,23.54669952392578,23.54669952392578,16.55109405517578,16.55109405517578,29.34453582763672,29.34453582763672,44.175018310546875,44.175018310546875,30.913068771362305,30.913068771362305,15.150217056274414,15.150217056274414,1.706697940826416,1.706697940826416,1.5864239931106567,1.5864239931106567,5.682366847991943,5.682366847991943,5.602183818817139,5.602183818817139,6.68928861618042,6.68928861618042,2.038693904876709,2.038693904876709,0.07024266570806503,0.07024266570806503
46.53328323364258,46.53328323364258,44.35261154174805,44.35261154174805,37.58098602294922,37.58098602294922,47.72193908691406,47.72193908691406,56.49829864501953,56.49829864501953,51.23274612426758,51.23274612426758,32.64179992675781,32.64179992675781,21.524242401123047,21.524242401123047,12.907917976379395,12.907917976379395,19.265377044677734,19.265377044677734,30.20699691772461,30.20699691772461,23.54669952392578,23.54669952392578,16.55109405517578,16.55109405517578,29.34453582763672,29.34453582763672,44.175018310546875,44.175018310546875,30.913068771362305,30.913068771362305,15.150217056274414,15.150217056274414,1.706697940826416,1.706697940826416,1.5864239931106567,1.5864239931106567,5.682366847991943,5.682366847991943,5.602183818817139,5.602183818817139,6.68928861618042,6.68928861618042,2.038693904876709,2.038693904876709,0.07024266570806503,0.07024266570806503
46.53328323364258,46.53328323364258,44.35261154174805,44.35261154174805,37.58098602294922,37.58098602294922,47.72193908691406,47.72193908691406,56.49829864501953,56.49829864501953,51.23274612426758,51.23274612426758,32.64179992675781,32.64179992675781,21.524242401123047,21.524242401123047,12.907917976379395,12.907917976379395,19.265377044677734,19.265377044677734,30.20699691772461,30.20699691772461,23.54669952392578,23.54669952392578,16.55109405517578,16.55109405517578,29.34453582763672,29.34453582763672,44.175018310546875,44.175018310546875,30.913068771362305,30.913068771362305,15.150217056274414,15.150217056274414,1.706697940826416,1.706697940826416,1.5864239931106567,1.5864239931106567,5.682366847991943,5.682366847991943,5.602183818817139,5.602183818817139,6.68928861618042,6.68928861618042,2.038693904876709,2.038693904876709,0.07024266570806503,0.07024266570806503
46.53328323364258,46.53328323364258,44.35261154174805,44.35261154174805,37.58098602294922,37.58098602294922,47.72193908691406,47.72193908691406,56.49829864501953,56.49829864501953,51.23274612426758,51.23274612426758,32.64179992675781,32.64179992675781,21.524242401123047,21.524242401123047,12.907917976379395,12.907917976379395,19.265377044677734,19.265377044677734,30.20699691772461,30.20699691772461,23.54669952392578,23.54669952392578,16.55109405517578,16.55109405517578,29.34453582763672,29.34453582763672,44.175018310546875,44.175018310546875,30.913068771362305,30.913068771362305,15.150217056274414,15.150217056274414,1.706697940826416,1.706697940826416,1.5864239931106567,1.5864239931106567,5.682366847991943,5.682366847991943,5.602183818817139,5.602183818817139,6.68928861618042,6.68928861618042,2.038693904876709,2.038693904876709,0.07024266570806503,0.07024266570806503
46.53328323364258,46.53328323364258,44.35261154174805,44.35261154174805,37.58098602294922,37.58098602294922,47.72193908691406,47.72193908691406,56.49829864501953,56.49829864501953,51.23274612426758,51.23274612426758,32.64179992675781,32.64179992675781,21.524242401123047,21.524242401123047,12.907917976379395,12.907917976379395,19.265377044677734,19.265377044677734,30.20699691772461,30.20699691772461,23.54669952392578,23.54669952392578,16.55109405517578,16.55109405517578,29.34453582763672,29.34453582763672,44.175018310546875,44.175018310546875,30.913068771362305,30.913068771362305,15.150217056274414,15.150217056274414,1.706697940826416,1.706697940826416,1.5864239931106567,1.5864239931106567,5.682366847991943,5.682366847991943,5.602183818817139,5.602183818817139,6.68928861618042,6.68928861618042,2.038693904876709,2.038693904876709,0.07024266570806503,0.07024266570806503
46.53328323364258,46.53328323364258,44.35261154174805,44.35261154174805,37.58098602294922,37.58098602294922,47.72193908691406,47.72193908691406,56.49829864501953,56.49829864501953,51.23274612426758,51.23274612426758,32.64179992675781,32.64179992675781,21.524242401123047,21.524242401123047,12.907917976379395,12.907917976379395,19.265377044677734,19.265377044677734,30.20699691772461,30.20699691772461,23.54669952392578,23.54669952392578,16.55109405517578,16.55109405517578,29.34453582763672,29.34453582763672,44.175018310546875,44.175018310546875,30.913068771362305,30.913068771362305,15.150217056274414,15.150217056274414,1.706697940826416,1.706697940826416,1.5864239931106567,1.5864239931106567,5.682366847991943,5.682366847991943,5.602183818817139,5.602183818817139,6.68928861618042,6.68928861618042,2.038693904876709,2.038693904876709,0.07024266570806503,0.07024266570806503
46.53328323364258,46.53328323364258,44.35261154174805,44.35261154174805,37.58098602294922,37.58098602294922,47.72193908691406,47.72193908691406,56.49829864501953,56.49829864501953,51.23274612426758,51.23274612426758,32.64179992675781,32.64179992675781,21.524242401123047,21.524242401123047,12.907917976379395,12.907917976379395,19.265377044677734,19.265377044677734,30.20699691772461,30.20699691772461,23.54669952392578,23.54669952392578,16.55109405517578,16.55109405517578,29.34453582763672,29.34453582763672,44.175018310546875,44.175018310546875,30.913068771362305,30.913068771362305,15.150217056274414,15.150217056274414,1.706697940826416,1.706697940826416,1.5864239931106567,1.5864239931106567,5.682366847991943,5.682366847991943,5.602183818817139,5.602183818817139,6.68928861618042,6.68928861618042,2.038693904876709,2.038693904876709,0.07024266570806503,0.07024266570806503
46.53328323364258,46.53328323364258,44.35261154174805,44.35261154174805,37.58098602294922,37.58098602294922,47.72193908691406,47.72193908691406,56.49829864501953,56.49829864501953,51.23274612426758,51.23274612426758,32.64179992675781,32.64179992675781,21.524242401123047,21.524242401123047,12.907917976379395,12.907917976379395,19.265377044677734,19.265377044677734,30.20699691772461,30.20699691772461,23.54669952392578,23.54669952392578,16.55109405517578,16.55109405517578,29.34453582763672,29.34453582763672,44.175018310546875,44.175018310546875,30.913068771362305,30.913068771362305,15.150217056274414,15.150217056274414,1.706697940826416,1.706697940826416,1.5864239931106567,1.5864239931106567,5.682366847991943,5.682366847991943,5.602183818817139,5.602183818817139,6.68928861618042,6.68928861618042,2.038693904876709,2.038693904876709,0.07024266570806503,0.07024266570806503
46.53328323364258,46.53328323364258,44.35261154174805,44.35261154174805,37.58098602294922,37.58098602294922,47.72193908691406,47.72193908691406,56.49829864501953,56.49829864501953,51.23274612426758,51.23274612426758,32.64179992675781,32.64179992675781,21.524242401123047,21.524242401123047,12.907917976379395,12.907917976379395,19.265377044677734,19.265377044677734,30.20699691772461,30.20699691772461,23.54669952392578,23.54669952392578,16.55109405517578,16.55109405517578,29.34453582763672,29.34453582763672,44.175018310546875,44.175018310546875,30.913068771362305,30.913068771362305,15.150217056274414,15.150217056274414,1.706697940826416,1.706697940826416,1.5864239931106567,1.5864239931106567,5.682366847991943,5.682366847991943,5.602183818817139,5.602183818817139,6.68928861618042,6.68928861618042,2.038693904876709,2.038693904876709,0.07024266570806503,0.07024266570806503
46.53328323364258,46.53328323364258,44.35261154174805,44.35261154174805,37.58098602294922,37.58098602294922,47.72193908691406,47.72193908691406,56.49829864501953,56.49829864501953,51.23274612426758,51.23274612426758,32.64179992675781,32.64179992675781,21.524242401123047,21.524242401123047,12.907917976379395,12.907917976379395,19.265377044677734,19.265377044677734,30.20699691772461,30.20699691772461,23.54669952392578,23.54669952392578,16.55109405517578,16.55109405517578,29.34453582763672,29.34453582763672,44.175018310546875,44.175018310546875,30.913068771362305,30.913068771362305,15.150217056274414,15.150217056274414,1.706697940826416,1.706697940826416,1.5864239931106567,1.5864239931106567,5.682366847991943,5.682366847991943,5.602183818817139,5.602183818817139,6.68928861618042,6.68928861618042,2.038693904876709,2.038693904876709,0.07024266570806503,0.07024266570806503
46.53328323364258,46.53328323364258,44.35261154174805,44.35261154174805,37.58098602294922,37.58098602294922,47.72193908691406,47.72193908691406,56.49829864501953,56.49829864501953,51.23274612426758,51.23274612426758,32.64179992675781,32.64179992675781,21.524242401123047,21.524242401123047,12.907917976379395,12.907917976379395,19.265377044677734,19.265377044677734,30.20699691772461,30.20699691772461,23.54669952392578,23.54669952392578,16.55109405517578,16.55109405517578,29.34453582763672,29.34453582763672,44.175018310546875,44.175018310546875,30.913068771362305,30.913068771362305,15.150217056274414,15.150217056274414,1.706697940826416,1.706697940826416,1.5864239931106567,1.5864239931106567,5.682366847991943,5.682366847991943,5.602183818817139,5.602183818817139,6.68928861618042,6.68928861618042,2.038693904876709,2.038693904876709,0.07024266570806503,0.07024266570806503
46.53328323364258,46.53328323364258,44.35261154174805,44.35261154174805,37.58098602294922,37.58098602294922,47.72193908691406,47.72193908691406,56.49829864501953,56.49829864501953,51.23274612426758,51.23274612426758,32.64179992675781,32.64179992675781,21.524242401123047,21.524242401123047,12.907917976379395,12.907917976379395,19.265377044677734,19.265377044677734,30.20699691772461,30.20699691772461,23.54669952392578,23.54669952392578,16.55109405517578,16.55109405517578,29.34453582763672,29.34453582763672,44.175018310546875,44.175018310546875,30.913068771362305,30.913068771362305,15.150217056274414,15.150217056274414,1.706697940826416,1.706697940826416,1.5864239931106567,1.5864239931106567,5.682366847991943,5.682366847991943,5.602183818817139,5.602183818817139,6.68928861618042,6.68928861618042,2.038693904876709,2.038693904876709,0.07024266570806503,0.07024266570806503
11.719260215759277,11.719260215759277,12.25767707824707,12.25767707824707,12.663973808288574,12.663973808288574,12.703899383544922,12.703899383544922,12.770249366760254,12.770249366760254,12.531689643859863,12.531689643859863,11.774261474609375,11.774261474609375,10.841516494750977,10.841516494750977,10.472494125366211,10.472494125366211,8.667182922363281,8.667182922363281,7.782108783721924,7.782108783721924,7.634830951690674,7.634830951690674,7.969685077667236,7.969685077667236,7.812260150909424,7.812260150909424,6.553856372833252,6.553856372833252,5.118768692016602,5.118768692016602,5.179444313049316,5.179444313049316,4.819657325744629,4.819657325744629,2.9526355266571045,2.9526355266571045,2.380215883255005,2.380215883255005,1.705248475074768,1.705248475074768,1.337427020072937,1.337427020072937,1.2291638851165771,1.2291638851165771,0.8764180541038513,0.8764180541038513
11.719260215759277,11.719260215759277,12.25767707824707,12.25767707824707,12.663973808288574,12.663973808288574,12.703899383544922,12.703899383544922,12.770249366760254,12.770249366760254,12.531689643859863,12.531689643859863,11.774261474609375,11.774261474609375,10.841516494750977,10.841516494750977,10.472494125366211,10.472494125366211,8.667182922363281,8.667182922363281,7.782108783721924,7.782108783721924,7.634830951690674,7.634830951690674,7.969685077667236,7.969685077667236,7.812260150909424,7.812260150909424,6.553856372833252,6.553856372833252,5.118768692016602,5.118768692016602,5.179444313049316,5.179444313049316,4.819657325744629,4.819657325744629,2.9526355266571045,2.9526355266571045,2.380215883255005,2.380215883255005,1.705248475074768,1.705248475074768,1.337427020072937,1.337427020072937,1.2291638851165771,1.2291638851165771,0.8764180541038513,0.8764180541038513
11.719260215759277,11.719260215759277,12.25767707824707,12.25767707824707,12.663973808288574,12.663973808288574,12.703899383544922,12.703899383544922,12.770249366760254,12.770249366760254,12.531689643859863,12.531689643859863,11.774261474609375,11.774261474609375,10.841516494750977,10.841516494750977,10.472494125366211,10.472494125366211,8.667182922363281,8.667182922363281,7.782108783721924,7.782108783721924,7.634830951690674,7.634830951690674,7.969685077667236,7.969685077667236,7.812260150909424,7.812260150909424,6.553856372833252,6.553856372833252,5.118768692016602,5.118768692016602,5.179444313049316,5.179444313049316,4.819657325744629,4.819657325744629,2.9526355266571045,2.9526355266571045,2.380215883255005,2.380215883255005,1.705248475074768,1.705248475074768,1.337427020072937,1.337427020072937,1.2291638851165771,1.2291638851165771,0.8764180541038513,0.8764180541038513
11.719260215759277,11.719260215759277,12.25767707824707,12.25767707824707,12.663973808288574,12.663973808288574,12.703899383544922,12.703899383544922,12.770249366760254,12.770249366760254,12.531689643859863,12.531689643859863,11.774261474609375,11.774261474609375,10.841516494750977,10.841516494750977,10.472494125366211,10.472494125366211,8.667182922363281,8.667182922363281,7.782108783721924,7.782108783721924,7.634830951690674,7.634830951690674,7.969685077667236,7.969685077667236,7.812260150909424,7.812260150909424,6.553856372833252,6.553856372833252,5.118768692016602,5.118768692016602,5.179444313049316,5.179444313049316,4.819657325744629,4.819657325744629,2.9526355266571045,2.9526355266571045,2.380215883255005,2.380215883255005,1.705248475074768,1.705248475074768,1.337427020072937,1.337427020072937,1.2291638851165771,1.2291638851165771,0.8764180541038513,0.8764180541038513
11.719260215759277,11.719260215759277,12.25767707824707,12.25767707824707,12.663973808288574,12.663973808288574,12.703899383544922,12.703899383544922,12.770249366760254,12.770249366760254,12.531689643859863,12.531689643859863,11.774261474609375,11.774261474609375,10.841516494750977,10.841516494750977,10.472494125366211,10.472494125366211,8.667182922363281,8.667182922363281,7.782108783721924,7.782108783721924,7.634830951690674,7.634830951690674,7.969685077667236,7.969685077667236,7.812260150909424,7.812260150909424,6.553856372833252,6.553856372833252,5.118768692016602,5.118768692016602,5.179444313049316,5.179444313049316,4.819657325744629,4.819657325744629,2.9526355266571045,2.9526355266571045,2.380215883255005,2.380215883255005,1.705248475074768,1.705248475074768,1.337427020072937,1.337427020072937,1.2291638851165771,1.2291638851165771,0.8764180541038513,0.8764180541038513
11.719260215759277,11.719260215759277,12.25767707824707,12.25767707824707,12.663973808288574,12.663973808288574,12.703899383544922,12.703899383544922,12.770249366760254,12.770249366760254,12.531689643859863,12.531689643859863,11.774261474609375,11.774261474609375,10.841516494750977,10.841516494750977,10.472494125366211,10.472494125366211,8.667182922363281,8.667182922363281,7.782108783721924,7.782108783721924,7.634830951690674,7.634830951690674,7.969685077667236,7.969685077667236,7.812260150909424,7.812260150909424,6.553856372833252,6.553856372833252,5.118768692016602,5.118768692016602,5.179444313049316,5.179444313049316,4.819657325744629,4.819657325744629,2.9526355266571045,2.9526355266571045,2.380215883255005,2.380215883255005,1.705248475074768,1.705248475074768,1.337427020072937,1.337427020072937,1.2291638851165771,1.2291638851165771,0.8764180541038513,0.8764180541038513
11.719260215759277,11.719260215759277,12.25767707824707,12.25767707824707,12.663973808288574,12.663973808288574,12.703899383544922,12.703899383544922,12.770249366760254,12.770249366760254,12.531689643859863,12.531689643859863,11.774261474609375,11.774261474609375,10.841516494750977,10.841516494750977,10.472494125366211,10.472494125366211,8.667182922363281,8.667182922363281,7.782108783721924,7.782108783721924,7.634830951690674,7.634830951690674,7.969685077667236,7.969685077667236,7.812260150909424,7.812260150909424,6.553856372833252,6.553856372833252,5.118768692016602,5.118768692016602,5.179444313049316,5.179444313049316,4.819657325744629,4.819657325744629,2.9526355266571045,2.9526355266571045,2.380215883255005,2.380215883255005,1.705248475074768,1.705248475074768,1.337427020072937,1.337427020072937,1.2291638851165771,1.2291638851165771,0.8764180541038513,0.8764180541038513
11.719260215759277,11.719260215759277,12.25767707824707,12.25767707824707,12.663973808288574,12.663973808288574,12.703899383544922,12.703899383544922,12.770249366760254,12.770249366760254,12.531689643859863,12.531689643859863,11.774261474609375,11.774261474609375,10.841516494750977,10.841516494750977,10.472494125366211,10.472494125366211,8.667182922363281,8.667182922363281,7.782108783721924,7.782108783721924,7.634830951690674,7.634830951690674,7.969685077667236,7.969685077667236,7.812260150909424,7.812260150909424,6.553856372833252,6.553856372833252,5.118768692016602,5.118768692016602,5.179444313049316,5.179444313049316,4.819657325744629,4.819657325744629,2.9526355266571045,2.9526355266571045,2.380215883255005,2.380215883255005,1.705248475074768,1.705248475074768,1.337427020072937,1.337427020072937,1.2291638851165771,1.2291638851165771,0.8764180541038513,0.8764180541038513
11.719260215759277,11.719260215759277,12.25767707824707,12.25767707824707,12.663973808288574,12.663973808288574,12.703899383544922,12.703899383544922,12.770249366760254,12.770249366760254,12.531689643859863,12.531689643859863,11.774261474609375,11.774261474609375,10.841516494750977,10.841516494750977,10.472494125366211,10.472494125366211,8.667182922363281,8.667182922363281,7.782108783721924,7.782108783721924,7.634830951690674,7.634830951690674,7.969685077667236,7.969685077667236,7.812260150909424,7.812260150909424,6.553856372833252,6.553856372833252,5.118768692016602,5.118768692016602,5.179444313049316,5.179444313049316,4.819657325744629,4.819657325744629,2.9526355266571045,2.9526355266571045,2.380215883255005,2.380215883255005,1.705248475074768,1.705248475074768,1.337427020072937,1.337427020072937,1.2291638851165771,1.2291638851165771,0.8764180541038513,0.8764180541038513
11.719260215759277,11.719260215759277,12.25767707824707,12.25767707824707,12.663973808288574,12.663973808288574,12.703899383544922,12.703899383544922,12.770249366760254,12.770249366760254,12.531689643859863,12.531689643859863,11.774261474609375,11.774261474609375,10.841516494750977,10.841516494750977,10.472494125366211,10.472494125366211,8.667182922363281,8.667182922363281,7.782108783721924,7.782108783721924,7.634830951690674,7.634830951690674,7.969685077667236,7.969685077667236,7.812260150909424,7.812260150909424,6.553856372833252,6.553856372833252,5.118768692016602,5.118768692016602,5.179444313049316,5.179444313049316,4.819657325744629,4.819657325744629,2.9526355266571045,2.9526355266571045,2.380215883255005,2.380215883255005,1.705248475074768,1.705248475074768,1.337427020072937,1.337427020072937,1.2291638851165771,1.2291638851165771,0.8764180541038513,0.8764180541038513
11.719260215759277,11.719260215759277,12.25767707824707,12.25767707824707,12.663973808288574,12.663973808288574,12.703899383544922,12.703899383544922,12.770249366760254,12.770249366760254,12.531689643859863,12.531689643859863,11.774261474609375,11.774261474609375,10.841516494750977,10.841516494750977,10.472494125366211,10.472494125366211,8.667182922363281,8.667182922363281,7.782108783721924,7.782108783721924,7.634830951690674,7.634830951690674,7.969685077667236,7.969685077667236,7.812260150909424,7.812260150909424,6.553856372833252,6.553856372833252,5.118768692016602,5.118768692016602,5.179444313049316,5.179444313049316,4.819657325744629,4.819657325744629,2.9526355266571045,2.9526355266571045,2.380215883255005,2.380215883255005,1.705248475074768,1.705248475074768,1.337427020072937,1.337427020072937,1.2291638851165771,1.2291638851165771,0.8764180541038513,0.8764180541038513
11.719260215759277,11.719260215759277,12.25767707824707,12.25767707824707,12.663973808288574,12.663973808288574,12.703899383544922,12.703899383544922,12.770249366760254,12.770249366760254,12.531689643859863,12.531689643859863,11.774261474609375,11.774261474609375,10.841516494750977,10.841516494750977,10.472494125366211,10.472494125366211,8.667182922363281,8.667182922363281,7.782108783721924,7.782108783721924,7.634830951690674,7.634830951690674,7.969685077667236,7.969685077667236,7.812260150909424,7.812260150909424,6.553856372833252,6.553856372833252,5.118768692016602,5.118768692016602,5.179444313049316,5.179444313049316,4.819657325744629,4.819657325744629,2.9526355266571045,2.9526355266571045,2.380215883255005,2.380215883255005,1.705248475074768,1.705248475074768,1.337427020072937,1.337427020072937,1.2291638851165771,1.2291638851165771,0.8764180541038513,0.8764180541038513
11.719260215759277,11.719260215759277,12.25767707824707,12.25767707824707,12.663973808288574,12.663973808288574,12.703899383544922,12.703899383544922,12.770249366760254,12.770249366760254,12.531689643859863,12.531689643859863,11.774261474609375,11.774261474609375,10.841516494750977,10.841516494750977,10.472494125366211,10.472494125366211,8.667182922363281,8.667182922363281,7.782108783721924,7.782108783721924,7.634830951690674,7.634830951690674,7.969685077667236,7.969685077667236,7.812260150909424,7.812260150909424,6.553856372833252,6.553856372833252,5.118768692016602,5.118768692016602,5.179444313049316,5.179444313049316,4.819657325744629,4.819657325744629,2.9526355266571045,2.9526355266571045,2.380215883255005,2.380215883255005,1.705248475074768,1.705248475074768,1.337427020072937,1.337427020072937,1.2291638851165771,1.2291638851165771,0.8764180541038513,0.8764180541038513
11.719260215759277,11.719260215759277,12.25767707824707,12.25767707824707,12.663973808288574,12.663973808288574,12.703899383544922,12.703899383544922,12.770249366760254,12.770249366760254,12.531689643859863,12.531689643859863,11.774261474609375,11.774261474609375,10.841516494750977,10.841516494750977,10.472494125366211,10.472494125366211,8.667182922363281,8.667182922363281,7.782108783721924,7.782108783721924,7.634830951690674,7.634830951690674,7.969685077667236,7.969685077667236,7.812260150909424,7.812260150909424,6.553856372833252,6.553856372833252,5.118768692016602,5.118768692016602,5.179444313049316,5.179444313049316,4.819657325744629,4.819657325744629,2.9526355266571045,2.9526355266571045,2.380215883255005,2.380215883255005,1.705248475074768,1.705248475074768,1.337427020072937,1.337427020072937,1.2291638851165771,1.2291638851165771,0.8764180541038513,0.8764180541038513
11.719260215759277,11.719260215759277,12.25767707824707,12.25767707824707,12.663973808288574,12.663973808288574,12.703899383544922,12.703899383544922,12.770249366760254,12.770249366760254,12.531689643859863,12.531689643859863,11.774261474609375,11.774261474609375,10.841516494750977,10.841516494750977,10.472494125366211,10.472494125366211,8.667182922363281,8.667182922363281,7.782108783721924,7.782108783721924,7.634830951690674,7.634830951690674,7.969685077667236,7.969685077667236,7.812260150909424,7.812260150909424,6.553856372833252,6.553856372833252,5.118768692016602,5.118768692016602,5.179444313049316,5.179444313049316,4.819657325744629,4.819657325744629,2.9526355266571045,2.9526355266571045,2.380215883255005,2.380215883255005,1.705248475074768,1.705248475074768,1.337427020072937,1.337427020072937,1.2291638851165771,1.2291638851165771,0.8764180541038513,0.8764180541038513
11.719260215759277,11.719260215759277,12.25767707824707,12.25767707824707,12.663973808288574,12.663973808288574,12.703899383544922,12.703899383544922,12.770249366760254,12.770249366760254,12.531689643859863,12.531689643859863,11.774261474609375,11.774261474609375,10.841516494750977,10.841516494750977,10.472494125366211,10.472494125366211,8.667182922363281,8.667182922363281,7.782108783721924,7.782108783721924,7.634830951690674,7.634830951690674,7.969685077667236,7.969685077667236,7.812260150909424,7.812260150909424,6.553856372833252,6.553856372833252,5.118768692016602,5.118768692016602,5.179444313049316,5.179444313049316,4.819657325744629,4.819657325744629,2.9526355266571045,2.9526355266571045,2.380215883255005,2.380215883255005,1.705248475074768,1.705248475074768,1.337427020072937,1.337427020072937,1.2291638851165771,1.2291638851165771,0.8764180541038513,0.8764180541038513
11.719260215759277,11.719260215759277,12.25767707824707,12.25767707824707,12.663973808288574,12.663973808288574,12.703899383544922,12.703899383544922,12.770249366760254,12.770249366760254,12.531689643859863,12.531689643859863,11.774261474609375,11.774261474609375,10.841516494750977,10.841516494750977,10.472494125366211,10.472494125366211,8.667182922363281,8.667182922363281,7.782108783721924,7.782108783721924,7.634830951690674,7.634830951690674,7.969685077667236,7.969685077667236,7.812260150909424,7.812260150909424,6.553856372833252,6.553856372833252,5.118768692016602,5.118768692016602,5.179444313049316,5.179444313049316,4.819657325744629,4.819657325744629,2.9526355266571045,2.9526355266571045,2.380215883255005,2.380215883255005,1.705248475074768,1.705248475074768,1.337427020072937,1.337427020072937,1.2291638851165771,1.2291638851165771,0.8764180541038513,0.8764180541038513
11.719260215759277,11.719260215759277,12.25767707824707,12.25767707824707,12.663973808288574,12.663973808288574,12.703899383544922,12.703899383544922,12.770249366760254,12.770249366760254,12.531689643859863,12.531689643859863,11.774261474609375,11.774261474609375,10.841516494750977,10.841516494750977,10.472494125366211,10.472494125366211,8.667182922363281,8.667182922363281,7.782108783721924,7.782108783721924,7.634830951690674,7.634830951690674,7.969685077667236,7.969685077667236,7.812260150909424,7.812260150909424,6.553856372833252,6.553856372833252,5.118768692016602,5.118768692016602,5.179444313049316,5.179444313049316,4.819657325744629,4.819657325744629,2.9526355266571045,2.9526355266571045,2.380215883255005,2.380215883255005,1.705248475074768,1.705248475074768,1.337427020072937,1.337427020072937,1.2291638851165771,1.2291638851165771,0.8764180541038513,0.8764180541038513
11.719260215759277,11.719260215759277,12.25767707824707,12.25767707824707,12.663973808288574,12.663973808288574,12.703899383544922,12.703899383544922,12.770249366760254,12.770249366760254,12.531689643859863,12.531689643859863,11.774261474609375,11.774261474609375,10.841516494750977,10.841516494750977,10.472494125366211,10.472494125366211,8.667182922363281,8.667182922363281,7.782108783721924,7.782108783721924,7.634830951690674,7.634830951690674,7.969685077667236,7.969685077667236,7.812260150909424,7.812260150909424,6.553856372833252,6.553856372833252,5.118768692016602,5.118768692016602,5.179444313049316,5.179444313049316,4.819657325744629,4.819657325744629,2.9526355266571045,2.9526355266571045,2.380215883255005,2.380215883255005,1.705248475074768,1.705248475074768,1.337427020072937,1.337427020072937,1.2291638851165771,1.2291638851165771,0.8764180541038513,0.8764180541038513
11.719260215759277,11.719260215759277,12.25767707824707,12.25767707824707,12.663973808288574,12.663973808288574,12.703899383544922,12.703899383544922,12.770249366760254,12.770249366760254,12.531689643859863,12.531689643859863,11.774261474609375,11.774261474609375,10.841516494750977,10.841516494750977,10.472494125366211,10.472494125366211,8.667182922363281,8.667182922363281,7.782108783721924,7.782108783721924,7.634830951690674,7.634830951690674,7.969685077667236,7.969685077667236,7.812260150909424,7.812260150909424,6.553856372833252,6.553856372833252,5.118768692016602,5.118768692016602,5.179444313049316,5.179444313049316,4.819657325744629,4.819657325744629,2.9526355266571045,2.9526355266571045,2.380215883255005,2.380215883255005,1.705248475074768,1.705248475074768,1.337427020072937,1.337427020072937,1.2291638851165771,1.2291638851165771,0.8764180541038513,0.8764180541038513
11.719260215759277,11.719260215759277,12.25767707824707,12.25767707824707,12.663973808288574,12.663973808288574,12.703899383544922,12.703899383544922,12.770249366760254,12.770249366760254,12.531689643859863,12.531689643859863,11.774261474609375,11.774261474609375,10.841516494750977,10.841516494750977,10.472494125366211,10.472494125366211,8.667182922363281,8.667182922363281,7.782108783721924,7.782108783721924,7.634830951690674,7.634830951690674,7.969685077667236,7.969685077667236,7.812260150909424,7.812260150909424,6.553856372833252,6.553856372833252,5.118768692016602,5.118768692016602,5.179444313049316,5.179444313049316,4.819657325744629,4.819657325744629,2.9526355266571045,2.9526355266571045,2.380215883255005,2.380215883255005,1.705248475074768,1.705248475074768,1.337427020072937,1.337427020072937,1.2291638851165771,1.2291638851165771,0.8764180541038513,0.8764180541038513
11.719260215759277,11.719260215759277,12.25767707824707,12.25767707824707,12.663973808288574,12.663973808288574,12.703899383544922,12.703899383544922,12.770249366760254,12.770249366760254,12.531689643859863,12.531689643859863,11.774261474609375,11.774261474609375,10.841516494750977,10.841516494750977,10.472494125366211,10.472494125366211,8.667182922363281,8.667182922363281,7.782108783721924,7.782108783721924,7.634830951690674,7.634830951690674,7.969685077667236,7.969685077667236,7.812260150909424,7.812260150909424,6.553856372833252,6.553856372833252,5.118768692016602,5.118768692016602,5.179444313049316,5.179444313049316,4.819657325744629,4.819657325744629,2.9526355266571045,2.9526355266571045,2.380215883255005,2.380215883255005,1.705248475074768,1.705248475074768,1.337427020072937,1.337427020072937,1.2291638851165771,1.2291638851165771,0.8764180541038513,0.8764180541038513
11.719260215759277,11.719260215759277,12.25767707824707,12.25767707824707,12.663973808288574,12.663973808288574,12.703899383544922,12.703899383544922,12.770249366760254,12.770249366760254,12.531689643859863,12.531689643859863,11.774261474609375,11.774261474609375,10.841516494750977,10.841516494750977,10.472494125366211,10.472494125366211,8.667182922363281,8.667182922363281,7.782108783721924,7.782108783721924,7.634830951690674,7.634830951690674,7.969685077667236,7.969685077667236,7.812260150909424,7.812260150909424,6.553856372833252,6.553856372833252,5.118768692016602,5.118768692016602,5.179444313049316,5.179444313049316,4.819657325744629,4.819657325744629,2.9526355266571045,2.9526355266571045,2.380215883255005,2.380215883255005,1.705248475074768,1.705248475074768,1.337427020072937,1.337427020072937,1.2291638851165771,1.2291638851165771,0.8764180541038513,0.8764180541038513
11.719260215759277,11.719260215759277,12.25767707824707,12.25767707824707,12.663973808288574,12.663973808288574,12.703899383544922,12.703899383544922,12.770249366760254,12.770249366760254,12.531689643859863,12.531689643859863,11.774261474609375,11.774261474609375,10.841516494750977,10.841516494750977,10.472494125366211,10.472494125366211,8.667182922363281,8.667182922363281,7.782108783721924,7.782108783721924,7.634830951690674,7.634830951690674,7.969685077667236,7.969685077667236,7.812260150909424,7.812260150909424,6.553856372833252,6.553856372833252,5.118768692016602,5.118768692016602,5.179444313049316,5.179444313049316,4.819657325744629,4.819657325744629,2.9526355266571045,2.9526355266571045,2.380215883255005,2.380215883255005,1.705248475074768,1.705248475074768,1.337427020072937,1.337427020072937,1.2291638851165771,1.2291638851165771,0.8764180541038513,0.8764180541038513
11.719260215759277,11.719260215759277,12.25767707824707,12.25767707824707,12.663973808288574,12.663973808288574,12.703899383544922,12.703899383544922,12.770249366760254,12.770249366760254,12.531689643859863,12.531689643859863,11.774261474609375,11.774261474609375,10.841516494750977,10.841516494750977,10.472494125366211,10.472494125366211,8.667182922363281,8.667182922363281,7.782108783721924,7.782108783721924,7.634830951690674,7.634830951690674,7.969685077667236,7.969685077667236,7.812260150909424,7.812260150909424,6.553856372833252,6.553856372833252,5.118768692016602,5.118768692016602,5.179444313049316,5.179444313049316,4.819657325744629,4.819657325744629,2.9526355266571045,2.9526355266571045,2.380215883255005,2.380215883255005,1.705248475074768,1.705248475074768,1.337427020072937,1.337427020072937,1.2291638851165771,1.2291638851165771,0.8764180541038513,0.8764180541038513
11.719260215759277,11.719260215759277,12.25767707824707,12.25767707824707,12.663973808288574,12.663973808288574,12.703899383544922,12.703899383544922,12.770249366760254,12.770249366760254,12.531689643859863,12.531689643859863,11.774261474609375,11.774261474609375,10.841516494750977,10.841516494750977,10.472494125366211,10.472494125366211,8.667182922363281,8.667182922363281,7.782108783721924,7.782108783721924,7.634830951690674,7.634830951690674,7.969685077667236,7.969685077667236,7.812260150909424,7.812260150909424,6.553856372833252,6.553856372833252,5.118768692016602,5.118768692016602,5.179444313049316,5.179444313049316,4.819657325744629,4.819657325744629,2.9526355266571045,2.9526355266571045,2.380215883255005,2.380215883255005,1.705248475074768,1.705248475074768,1.337427020072937,1.337427020072937,1.2291638851165771,1.2291638851165771,0.8764180541038513,0.8764180541038513
11.719260215759277,11.719260215759277,12.25767707824707,12.25767707824707,12.663973808288574,12.663973808288574,12.703899383544922,12.703899383544922,12.770249366760254,12.770249366760254,12.531689643859863,12.531689643859863,11.774261474609375,11.774261474609375,10.841516494750977,10.841516494750977,10.472494125366211,10.472494125366211,8.667182922363281,8.667182922363281,7.782108783721924,7.782108783721924,7.634830951690674,7.634830951690674,7.969685077667236,7.969685077667236,7.812260150909424,7.812260150909424,6.553856372833252,6.553856372833252,5.118768692016602,5.118768692016602,5.179444313049316,5.179444313049316,4.819657325744629,4.819657325744629,2.9526355266571045,2.9526355266571045,2.380215883255005,2.380215883255005,1.705248475074768,1.705248475074768,1.337427020072937,1.337427020072937,1.2291638851165771,1.2291638851165771,0.8764180541038513,0.8764180541038513
11.719260215759277,11.719260215759277,12.25767707824707,12.25767707824707,12.663973808288574,12.663973808288574,12.703899383544922,12.703899383544922,12.770249366760254,12.770249366760254,12.531689643859863,12.531689643859863,11.774261474609375,11.774261474609375,10.841516494750977,10.841516494750977,10.472494125366211,10.472494125366211,8.667182922363281,8.667182922363281,7.782108783721924,7.782108783721924,7.634830951690674,7.634830951690674,7.969685077667236,7.969685077667236,7.812260150909424,7.812260150909424,6.553856372833252,6.553856372833252,5.118768692016602,5.118768692016602,5.179444313049316,5.179444313049316,4.819657325744629,4.819657325744629,2.9526355266571045,2.9526355266571045,2.380215883255005,2.380215883255005,1.705248475074768,1.705248475074768,1.337427020072937,1.337427020072937,1.2291638851165771,1.2291638851165771,0.8764180541038513,0.8764180541038513
11.719260215759277,11.719260215759277,12.25767707824707,12.25767707824707,12.663973808288574,12.663973808288574,12.703899383544922,12.703899383544922,12.770249366760254,12.770249366760254,12.531689643859863,12.531689643859863,11.774261474609375,11.774261474609375,10.841516494750977,10.841516494750977,10.472494125366211,10.472494125366211,8.667182922363281,8.667182922363281,7.782108783721924,7.782108783721924,7.634830951690674,7.634830951690674,7.969685077667236,7.969685077667236,7.812260150909424,7.812260150909424,6.553856372833252,6.553856372833252,5.118768692016602,5.118768692016602,5.179444313049316,5.179444313049316,4.819657325744629,4.819657325744629,2.9526355266571045,2.9526355266571045,2.380215883255005,2.380215883255005,1.705248475074768,1.705248475074768,1.337427020072937,1.337427020072937,1.2291638851165771,1.2291638851165771,0.8764180541038513,0.8764180541038513
11.719260215759277,11.719260215759277,12.25767707824707,12.25767707824707,12.663973808288574,12.663973808288574,12.703899383544922,12.703899383544922,12.770249366760254,12.770249366760254,12.531689643859863,12.531689643859863,11.774261474609375,11.774261474609375,10.841516494750977,10.841516494750977,10.472494125366211,10.472494125366211,8.667182922363281,8.667182922363281,7.782108783721924,7.782108783721924,7.634830951690674,7.634830951690674,7.969685077667236,7.969685077667236,7.812260150909424,7.812260150909424,6.553856372833252,6.553856372833252,5.118768692016602,5.118768692016602,5.179444313049316,5.179444313049316,4.819657325744629,4.819657325744629,2.9526355266571045,2.9526355266571045,2.380215883255005,2.380215883255005,1.705248475074768,1.705248475074768,1.337427020072937,1.337427020072937,1.2291638851165771,1.2291638851165771,0.8764180541038513,0.8764180541038513
11.719260215759277,11.719260215759277,12.25767707824707,12.25767707824707,12.663973808288574,12.663973808288574,12.703899383544922,12.703899383544922,12.770249366760254,12.770249366760254,12.531689643859863,12.531689643859863,11.774261474609375,11.774261474609375,10.841516494750977,10.841516494750977,10.472494125366211,10.472494125366211,8.667182922363281,8.667182922363281,7.782108783721924,7.782108783721924,7.634830951690674,7.634830951690674,7.969685077667236,7.969685077667236,7.812260150909424,7.812260150909424,6.553856372833252,6.553856372833252,5.118768692016602,5.118768692016602,5.179444313049316,5.179444313049316,4.819657325744629,4.819657325744629,2.9526355266571045,2.9526355266571045,2.380215883255005,2.380215883255005,1.705248475074768,1.705248475074768,1.337427020072937,1.337427020072937,1.2291638851165771,1.2291638851165771,0.8764180541038513,0.8764180541038513
11.719260215759277,11.719260215759277,12.25767707824707,12.25767707824707,12.663973808288574,12.663973808288574,12.703899383544922,12.703899383544922,12.770249366760254,12.770249366760254,12.531689643859863,12.531689643859863,11.774261474609375,11.774261474609375,10.841516494750977,10.841516494750977,10.472494125366211,10.472494125366211,8.667182922363281,8.667182922363281,7.782108783721924,7.782108783721924,7.634830951690674,7.634830951690674,7.969685077667236,7.969685077667236,7.812260150909424,7.812260150909424,6.553856372833252,6.553856372833252,5.118768692016602,5.118768692016602,5.179444313049316,5.179444313049316,4.819657325744629,4.819657325744629,2.9526355266571045,2.9526355266571045,2.380215883255005,2.380215883255005,1.705248475074768,1.705248475074768,1.337427020072937,1.337427020072937,1.2291638851165771,1.2291638851165771,0.8764180541038513,0.8764180541038513
11.719260215759277,11.719260215759277,12.25767707824707,12.25767707824707,12.663973808288574,12.663973808288574,12.703899383544922,12.703899383544922,12.770249366760254,12.770249366760254,12.531689643859863,12.531689643859863,11.774261474609375,11.774261474609375,10.841516494750977,10.841516494750977,10.472494125366211,10.472494125366211,8.667182922363281,8.667182922363281,7.782108783721924,7.782108783721924,7.634830951690674,7.634830951690674,7.969685077667236,7.969685077667236,7.812260150909424,7.812260150909424,6.553856372833252,6.553856372833252,5.118768692016602,5.118768692016602,5.179444313049316,5.179444313049316,4.819657325744629,4.819657325744629,2.9526355266571045,2.9526355266571045,2.380215883255005,2.380215883255005,1.705248475074768,1.705248475074768,1.337427020072937,1.337427020072937,1.2291638851165771,1.2291638851165771,0.8764180541038513,0.8764180541038513
11.719260215759277,11.719260215759277,12.25767707824707,12.25767707824707,12.663973808288574,12.663973808288574,12.703899383544922,12.703899383544922,12.770249366760254,12.770249366760254,12.531689643859863,12.531689643859863,11.774261474609375,11.774261474609375,10.841516494750977,10.841516494750977,10.472494125366211,10.472494125366211,8.667182922363281,8.667182922363281,7.782108783721924,7.782108783721924,7.634830951690674,7.634830951690674,7.969685077667236,7.969685077667236,7.812260150909424,7.812260150909424,6.553856372833252,6.553856372833252,5.118768692016602,5.118768692016602,5.179444313049316,5.179444313049316,4.819657325744629,4.819657325744629,2.9526355266571045,2.9526355266571045,2.380215883255005,2.380215883255005,1.705248475074768,1.705248475074768,1.337427020072937,1.337427020072937,1.2291638851165771,1.2291638851165771,0.8764180541038513,0.8764180541038513
11.719260215759277,11.719260215759277,12.25767707824707,12.25767707824707,12.663973808288574,12.663973808288574,12.703899383544922,12.703899383544922,12.770249366760254,12.770249366760254,12.531689643859863,12.531689643859863,11.774261474609375,11.774261474609375,10.841516494750977,10.841516494750977,10.472494125366211,10.472494125366211,8.667182922363281,8.667182922363281,7.782108783721924,7.782108783721924,7.634830951690674,7.634830951690674,7.969685077667236,7.969685077667236,7.812260150909424,7.812260150909424,6.553856372833252,6.553856372833252,5.118768692016602,5.118768692016602,5.179444313049316,5.179444313049316,4.819657325744629,4.819657325744629,2.9526355266571045,2.9526355266571045,2.380215883255005,2.380215883255005,1.705248475074768,1.705248475074768,1.337427020072937,1.337427020072937,1.2291638851165771,1.2291638851165771,0.8764180541038513,0.8764180541038513
11.719260215759277,11.719260215759277,12.25767707824707,12.25767707824707,12.663973808288574,12.663973808288574,12.703899383544922,12.703899383544922,12.770249366760254,12.770249366760254,12.531689643859863,12.531689643859863,11.774261474609375,11.774261474609375,10.841516494750977,10.841516494750977,10.472494125366211,10.472494125366211,8.667182922363281,8.667182922363281,7.782108783721924,7.782108783721924,7.634830951690674,7.634830951690674,7.969685077667236,7.969685077667236,7.812260150909424,7.812260150909424,6.553856372833252,6.553856372833252,5.118768692016602,5.118768692016602,5.179444313049316,5.179444313049316,4.819657325744629,4.819657325744629,2.9526355266571045,2.9526355266571045,2.380215883255005,2.380215883255005,1.705248475074768,1.705248475074768,1.337427020072937,1.337427020072937,1.2291638851165771,1.2291638851165771,0.8764180541038513,0.8764180541038513
11.719260215759277,11.719260215759277,12.25767707824707,12.25767707824707,12.663973808288574,12.663973808288574,12.703899383544922,12.703899383544922,12.770249366760254,12.770249366760254,12.531689643859863,12.531689643859863,11.774261474609375,11.774261474609375,10.841516494750977,10.841516494750977,10.472494125366211,10.472494125366211,8.667182922363281,8.667182922363281,7.782108783721924,7.782108783721924,7.634830951690674,7.634830951690674,7.969685077667236,7.969685077667236,7.812260150909424,7.812260150909424,6.553856372833252,6.553856372833252,5.118768692016602,5.118768692016602,5.179444313049316,5.179444313049316,4.819657325744629,4.819657325744629,2.9526355266571045,2.9526355266571045,2.380215883255005,2.380215883255005,1.705248475074768,1.705248475074768,1.337427020072937,1.337427020072937,1.2291638851165771,1.2291638851165771,0.8764180541038513,0.8764180541038513
11.719260215759277,11.719260215759277,12.25767707824707,12.25767707824707,12.663973808288574,12.663973808288574,12.703899383544922,12.703899383544922,12.770249366760254,12.770249366760254,12.531689643859863,12.531689643859863,11.774261474609375,11.774261474609375,10.841516494750977,10.841516494750977,10.472494125366211,10.472494125366211,8.667182922363281,8.667182922363281,7.782108783721924,7.782108783721924,7.634830951690674,7.634830951690674,7.969685077667236,7.969685077667236,7.812260150909424,7.812260150909424,6.553856372833252,6.553856372833252,5.118768692016602,5.118768692016602,5.179444313049316,5.179444313049316,4.819657325744629,4.819657325744629,2.9526355266571045,2.9526355266571045,2.380215883255005,2.380215883255005,1.705248475074768,1.705248475074768,1.337427020072937,1.337427020072937,1.2291638851165771,1.2291638851165771,0.8764180541038513,0.8764180541038513
11.719260215759277,11.719260215759277,12.25767707824707,12.25767707824707,12.663973808288574,12.663973808288574,12.703899383544922,12.703899383544922,12.770249366760254,12.770249366760254,12.531689643859863,12.531689643859863,11.774261474609375,11.774261474609375,10.841516494750977,10.841516494750977,10.472494125366211,10.472494125366211,8.667182922363281,8.667182922363281,7.782108783721924,7.782108783721924,7.634830951690674,7.634830951690674,7.969685077667236,7.969685077667236,7.812260150909424,7.812260150909424,6.553856372833252,6.553856372833252,5.118768692016602,5.118768692016602,5.179444313049316,5.179444313049316,4.819657325744629,4.819657325744629,2.9526355266571045,2.9526355266571045,2.380215883255005,2.380215883255005,1.705248475074768,1.705248475074768,1.337427020072937,1.337427020072937,1.2291638851165771,1.2291638851165771,0.8764180541038513,0.8764180541038513
11.719260215759277,11.719260215759277,12.25767707824707,12.25767707824707,12.663973808288574,12.663973808288574,12.703899383544922,12.703899383544922,12.770249366760254,12.770249366760254,12.531689643859863,12.531689643859863,11.774261474609375,11.774261474609375,10.841516494750977,10.841516494750977,10.472494125366211,10.472494125366211,8.667182922363281,8.667182922363281,7.782108783721924,7.782108783721924,7.634830951690674,7.634830951690674,7.969685077667236,7.969685077667236,7.812260150909424,7.812260150909424,6.553856372833252,6.553856372833252,5.118768692016602,5.118768692016602,5.179444313049316,5.179444313049316,4.819657325744629,4.819657325744629,2.9526355266571045,2.9526355266571045,2.380215883255005,2.380215883255005,1.705248475074768,1.705248475074768,1.337427020072937,1.337427020072937,1.2291638851165771,1.2291638851165771,0.8764180541038513,0.8764180541038513
11.719260215759277,11.719260215759277,12.25767707824707,12.25767707824707,12.663973808288574,12.663973808288574,12.703899383544922,12.703899383544922,12.770249366760254,12.770249366760254,12.531689643859863,12.531689643859863,11.774261474609375,11.774261474609375,10.841516494750977,10.841516494750977,10.472494125366211,10.472494125366211,8.667182922363281,8.667182922363281,7.782108783721924,7.782108783721924,7.634830951690674,7.634830951690674,7.969685077667236,7.969685077667236,7.812260150909424,7.812260150909424,6.553856372833252,6.553856372833252,5.118768692016602,5.118768692016602,5.179444313049316,5.179444313049316,4.819657325744629,4.819657325744629,2.9526355266571045,2.9526355266571045,2.380215883255005,2.380215883255005,1.705248475074768,1.705248475074768,1.337427020072937,1.337427020072937,1.2291638851165771,1.2291638851165771,0.8764180541038513,0.8764180541038513
11.719260215759277,11.719260215759277,12.25767707824707,12.25767707824707,12.663973808288574,12.663973808288574,12.703899383544922,12.703899383544922,12.770249366760254,12.770249366760254,12.531689643859863,12.531689643859863,11.774261474609375,11.774261474609375,10.841516494750977,10.841516494750977,10.472494125366211,10.472494125366211,8.667182922363281,8.667182922363281,7.782108783721924,7.782108783721924,7.634830951690674,7.634830951690674,7.969685077667236,7.969685077667236,7.812260150909424,7.812260150909424,6.553856372833252,6.553856372833252,5.118768692016602,5.118768692016602,5.179444313049316,5.179444313049316,4.819657325744629,4.819657325744629,2.9526355266571045,2.9526355266571045,2.380215883255005,2.380215883255005,1.705248475074768,1.705248475074768,1.337427020072937,1.337427020072937,1.2291638851165771,1.2291638851165771,0.8764180541038513,0.8764180541038513
11.719260215759277,11.719260215759277,12.25767707824707,12.25767707824707,12.663973808288574,12.663973808288574,12.703899383544922,12.703899383544922,12.770249366760254,12.770249366760254,12.531689643859863,12.531689643859863,11.774261474609375,11.774261474609375,10.841516494750977,10.841516494750977,10.472494125366211,10.472494125366211,8.667182922363281,8.667182922363281,7.782108783721924,7.782108783721924,7.634830951690674,7.634830951690674,7.969685077667236,7.969685077667236,7.812260150909424,7.812260150909424,6.553856372833252,6.553856372833252,5.118768692016602,5.118768692016602,5.179444313049316,5.179444313049316,4.819657325744629,4.819657325744629,2.9526355266571045,2.9526355266571045,2.380215883255005,2.380215883255005,1.705248475074768,1.705248475074768,1.337427020072937,1.337427020072937,1.2291638851165771,1.2291638851165771,0.8764180541038513,0.8764180541038513
11.719260215759277,11.719260215759277,12.25767707824707,12.25767707824707,12.663973808288574,12.663973808288574,12.703899383544922,12.703899383544922,12.770249366760254,12.770249366760254,12.531689643859863,12.531689643859863,11.774261474609375,11.774261474609375,10.841516494750977,10.841516494750977,10.472494125366211,10.472494125366211,8.667182922363281,8.667182922363281,7.782108783721924,7.782108783721924,7.634830951690674,7.634830951690674,7.969685077667236,7.969685077667236,7.812260150909424,7.812260150909424,6.553856372833252,6.553856372833252,5.118768692016602,5.118768692016602,5.179444313049316,5.179444313049316,4.819657325744629,4.819657325744629,2.9526355266571045,2.9526355266571045,2.380215883255005,2.380215883255005,1.705248475074768,1.705248475074768,1.337427020072937,1.337427020072937,1.2291638851165771,1.2291638851165771,0.8764180541038513,0.8764180541038513
11.719260215759277,11.719260215759277,12.25767707824707,12.25767707824707,12.663973808288574,12.663973808288574,12.703899383544922,12.703899383544922,12.770249366760254,12.770249366760254,12.531689643859863,12.531689643859863,11.774261474609375,11.774261474609375,10.841516494750977,10.841516494750977,10.472494125366211,10.472494125366211,8.667182922363281,8.667182922363281,7.782108783721924,7.782108783721924,7.634830951690674,7.634830951690674,7.969685077667236,7.969685077667236,7.812260150909424,7.812260150909424,6.553856372833252,6.553856372833252,5.118768692016602,5.118768692016602,5.179444313049316,5.179444313049316,4.819657325744629,4.819657325744629,2.9526355266571045,2.9526355266571045,2.380215883255005,2.380215883255005,1.705248475074768,1.705248475074768,1.337427020072937,1.337427020072937,1.2291638851165771,1.2291638851165771,0.8764180541038513,0.8764180541038513
11.719260215759277,11.719260215759277,12.25767707824707,12.25767707824707,12.663973808288574,12.663973808288574,12.703899383544922,12.703899383544922,12.770249366760254,12.770249366760254,12.531689643859863,12.531689643859863,11.774261474609375,11.774261474609375,10.841516494750977,10.841516494750977,10.472494125366211,10.472494125366211,8.667182922363281,8.667182922363281,7.782108783721924,7.782108783721924,7.634830951690674,7.634830951690674,7.969685077667236,7.969685077667236,7.812260150909424,7.812260150909424,6.553856372833252,6.553856372833252,5.118768692016602,5.118768692016602,5.179444313049316,5.179444313049316,4.819657325744629,4.819657325744629,2.9526355266571045,2.9526355266571045,2.380215883255005,2.380215883255005,1.705248475074768,1.705248475074768,1.337427020072937,1.337427020072937,1.2291638851165771,1.2291638851165771,0.8764180541038513,0.8764180541038513
11.719260215759277,11.719260215759277,12.25767707824707,12.25767707824707,12.663973808288574,12.663973808288574,12.703899383544922,12.703899383544922,12.770249366760254,12.770249366760254,12.531689643859863,12.531689643859863,11.774261474609375,11.774261474609375,10.841516494750977,10.841516494750977,10.472494125366211,10.472494125366211,8.667182922363281,8.667182922363281,7.782108783721924,7.782108783721924,7.634830951690674,7.634830951690674,7.969685077667236,7.969685077667236,7.812260150909424,7.812260150909424,6.553856372833252,6.553856372833252,5.118768692016602,5.118768692016602,5.179444313049316,5.179444313049316,4.819657325744629,4.819657325744629,2.9526355266571045,2.9526355266571045,2.380215883255005,2.380215883255005,1.705248475074768,1.705248475074768,1.337427020072937,1.337427020072937,1.2291638851165771,1.2291638851165771,0.8764180541038513,0.8764180541038513
11.719260215759277,11.719260215759277,12.25767707824707,12.25767707824707,12.663973808288574,12.663973808288574,12.703899383544922,12.703899383544922,12.770249366760254,12.770249366760254,12.531689643859863,12.531689643859863,11.774261474609375,11.774261474609375,10.841516494750977,10.841516494750977,10.472494125366211,10.472494125366211,8.667182922363281,8.667182922363281,7.782108783721924,7.782108783721924,7.634830951690674,7.634830951690674,7.969685077667236,7.969685077667236,7.812260150909424,7.812260150909424,6.553856372833252,6.553856372833252,5.118768692016602,5.118768692016602,5.179444313049316,5.179444313049316,4.819657325744629,4.819657325744629,2.9526355266571045,2.9526355266571045,2.380215883255005,2.380215883255005,1.705248475074768,1.705248475074768,1.337427020072937,1.337427020072937,1.2291638851165771,1.2291638851165771,0.8764180541038513,0.8764180541038513
44.72478103637695,44.72478103637695,34.79422378540039,34.79422378540039,30.403228759765625,30.403228759765625,40.8524055480957,40.8524055480957,45.03316879272461,45.03316879272461,47.19139099121094,47.19139099121094,45.08982849121094,45.08982849121094,37.50163269042969,37.50163269042969,29.80881690979004,29.80881690979004,17.600509643554688,17.600509643554688,28.097148895263672,28.097148895263672,28.313344955444336,28.313344955444336,26.116355895996094,26.116355895996094,21.741514205932617,21.741514205932617,30.559288024902344,30.559288024902344,26.729406356811523,26.729406356811523,21.945283889770508,21.945283889770508,12.93864917755127,12.93864917755127,3.4437129497528076,3.4437129497528076,0.490539014339447,0.490539014339447,2.9472100734710693,2.9472100734710693,4.082357883453369,4.082357883453369,3.1293604373931885,3.1293604373931885,0.10362450033426285,0.10362450033426285
44.72478103637695,44.72478103637695,34.79422378540039,34.79422378540039,30.403228759765625,30.403228759765625,40.8524055480957,40.8524055480957,45.03316879272461,45.03316879272461,47.19139099121094,47.19139099121094,45.08982849121094,45.08982849121094,37.50163269042969,37.50163269042969,29.80881690979004,29.80881690979004,17.600509643554688,17.600509643554688,28.097148895263672,28.097148895263672,28.313344955444336,28.313344955444336,26.116355895996094,26.116355895996094,21.741514205932617,21.741514205932617,30.559288024902344,30.559288024902344,26.729406356811523,26.729406356811523,21.945283889770508,21.945283889770508,12.93864917755127,12.93864917755127,3.4437129497528076,3.4437129497528076,0.490539014339447,0.490539014339447,2.9472100734710693,2.9472100734710693,4.082357883453369,4.082357883453369,3.1293604373931885,3.1293604373931885,0.10362450033426285,0.10362450033426285
44.72478103637695,44.72478103637695,34.79422378540039,34.79422378540039,30.403228759765625,30.403228759765625,40.8524055480957,40.8524055480957,45.03316879272461,45.03316879272461,47.19139099121094,47.19139099121094,45.08982849121094,45.08982849121094,37.50163269042969,37.50163269042969,29.80881690979004,29.80881690979004,17.600509643554688,17.600509643554688,28.097148895263672,28.097148895263672,28.313344955444336,28.313344955444336,26.116355895996094,26.116355895996094,21.741514205932617,21.741514205932617,30.559288024902344,30.559288024902344,26.729406356811523,26.729406356811523,21.945283889770508,21.945283889770508,12.93864917755127,12.93864917755127,3.4437129497528076,3.4437129497528076,0.490539014339447,0.490539014339447,2.9472100734710693,2.9472100734710693,4.082357883453369,4.082357883453369,3.1293604373931885,3.1293604373931885,0.10362450033426285,0.10362450033426285
44.72478103637695,44.72478103637695,34.79422378540039,34.79422378540039,30.403228759765625,30.403228759765625,40.8524055480957,40.8524055480957,45.03316879272461,45.03316879272461,47.19139099121094,47.19139099121094,45.08982849121094,45.08982849121094,37.50163269042969,37.50163269042969,29.80881690979004,29.80881690979004,17.600509643554688,17.600509643554688,28.097148895263672,28.097148895263672,28.313344955444336,28.313344955444336,26.116355895996094,26.116355895996094,21.741514205932617,21.741514205932617,30.559288024902344,30.559288024902344,26.729406356811523,26.729406356811523,21.945283889770508,21.945283889770508,12.93864917755127,12.93864917755127,3.4437129497528076,3.4437129497528076,0.490539014339447,0.490539014339447,2.9472100734710693,2.9472100734710693,4.082357883453369,4.082357883453369,3.1293604373931885,3.1293604373931885,0.10362450033426285,0.10362450033426285
44.72478103637695,44.72478103637695,34.79422378540039,34.79422378540039,30.403228759765625,30.403228759765625,40.8524055480957,40.8524055480957,45.03316879272461,45.03316879272461,47.19139099121094,47.19139099121094,45.08982849121094,45.08982849121094,37.50163269042969,37.50163269042969,29.80881690979004,29.80881690979004,17.600509643554688,17.600509643554688,28.097148895263672,28.097148895263672,28.313344955444336,28.313344955444336,26.116355895996094,26.116355895996094,21.741514205932617,21.741514205932617,30.559288024902344,30.559288024902344,26.729406356811523,26.729406356811523,21.945283889770508,21.945283889770508,12.93864917755127,12.93864917755127,3.4437129497528076,3.4437129497528076,0.490539014339447,0.490539014339447,2.9472100734710693,2.9472100734710693,4.082357883453369,4.082357883453369,3.1293604373931885,3.1293604373931885,0.10362450033426285,0.10362450033426285
44.72478103637695,44.72478103637695,34.79422378540039,34.79422378540039,30.403228759765625,30.403228759765625,40.8524055480957,40.8524055480957,45.03316879272461,45.03316879272461,47.19139099121094,47.19139099121094,45.08982849121094,45.08982849121094,37.50163269042969,37.50163269042969,29.80881690979004,29.80881690979004,17.600509643554688,17.600509643554688,28.097148895263672,28.097148895263672,28.313344955444336,28.313344955444336,26.116355895996094,26.116355895996094,21.741514205932617,21.741514205932617,30.559288024902344,30.559288024902344,26.729406356811523,26.729406356811523,21.945283889770508,21.945283889770508,12.93864917755127,12.93864917755127,3.4437129497528076,3.4437129497528076,0.490539014339447,0.490539014339447,2.9472100734710693,2.9472100734710693,4.082357883453369,4.082357883453369,3.1293604373931885,3.1293604373931885,0.10362450033426285,0.10362450033426285
44.72478103637695,44.72478103637695,34.79422378540039,34.79422378540039,30.403228759765625,30.403228759765625,40.8524055480957,40.8524055480957,45.03316879272461,45.03316879272461,47.19139099121094,47.19139099121094,45.08982849121094,45.08982849121094,37.50163269042969,37.50163269042969,29.80881690979004,29.80881690979004,17.600509643554688,17.600509643554688,28.097148895263672,28.097148895263672,28.313344955444336,28.313344955444336,26.116355895996094,26.116355895996094,21.741514205932617,21.741514205932617,30.559288024902344,30.559288024902344,26.729406356811523,26.729406356811523,21.945283889770508,21.945283889770508,12.93864917755127,12.93864917755127,3.4437129497528076,3.4437129497528076,0.490539014339447,0.490539014339447,2.9472100734710693,2.9472100734710693,4.082357883453369,4.082357883453369,3.1293604373931885,3.1293604373931885,0.10362450033426285,0.10362450033426285
44.72478103637695,44.72478103637695,34.79422378540039,34.79422378540039,30.403228759765625,30.403228759765625,40.8524055480957,40.8524055480957,45.03316879272461,45.03316879272461,47.19139099121094,47.19139099121094,45.08982849121094,45.08982849121094,37.50163269042969,37.50163269042969,29.80881690979004,29.80881690979004,17.600509643554688,17.600509643554688,28.097148895263672,28.097148895263672,28.313344955444336,28.313344955444336,26.116355895996094,26.116355895996094,21.741514205932617,21.741514205932617,30.559288024902344,30.559288024902344,26.729406356811523,26.729406356811523,21.945283889770508,21.945283889770508,12.93864917755127,12.93864917755127,3.4437129497528076,3.4437129497528076,0.490539014339447,0.490539014339447,2.9472100734710693,2.9472100734710693,4.082357883453369,4.082357883453369,3.1293604373931885,3.1293604373931885,0.10362450033426285,0.10362450033426285
21.053251266479492,21.053251266479492,20.606613159179688,20.606613159179688,13.921632766723633,13.921632766723633,11.62019157409668,11.62019157409668,10.957193374633789,10.957193374633789,8.364178657531738,8.364178657531738,5.278140068054199,5.278140068054199,2.707324743270874,2.707324743270874,0.8564966917037964,0.8564966917037964,0.2557893395423889,0.2557893395423889,0.01093399990350008,0.01093399990350008,0.004638667218387127,0.004638667218387127,0.0,0.0,0.0,0.0,0.0,0.0,0.2359093278646469,0.2359093278646469,0.5924239754676819,0.5924239754676819,0.2024446725845337,0.2024446725845337,2.42602276802063,2.42602276802063,5.50742244720459,5.50742244720459,3.9395532608032227,3.9395532608032227,5.61411190032959,5.61411190032959,7.644522666931152,7.644522666931152,4.690354824066162,4.690354824066162
21.053251266479492,21.053251266479492,20.606613159179688,20.606613159179688,13.921632766723633,13.921632766723633,11.62019157409668,11.62019157409668,10.957193374633789,10.957193374633789,8.364178657531738,8.364178657531738,5.278140068054199,5.278140068054199,2.707324743270874,2.707324743270874,0.8564966917037964,0.8564966917037964,0.2557893395423889,0.2557893395423889,0.01093399990350008,0.01093399990350008,0.004638667218387127,0.004638667218387127,0.0,0.0,0.0,0.0,0.0,0.0,0.2359093278646469,0.2359093278646469,0.5924239754676819,0.5924239754676819,0.2024446725845337,0.2024446725845337,2.42602276802063,2.42602276802063,5.50742244720459,5.50742244720459,3.9395532608032227,3.9395532608032227,5.61411190032959,5.61411190032959,7.644522666931152,7.644522666931152,4.690354824066162,4.690354824066162
21.053251266479492,21.053251266479492,20.606613159179688,20.606613159179688,13.921632766723633,13.921632766723633,11.62019157409668,11.62019157409668,10.957193374633789,10.957193374633789,8.364178657531738,8.364178657531738,5.278140068054199,5.278140068054199,2.707324743270874,2.707324743270874,0.8564966917037964,0.8564966917037964,0.2557893395423889,0.2557893395423889,0.01093399990350008,0.01093399990350008,0.004638667218387127,0.004638667218387127,0.0,0.0,0.0,0.0,0.0,0.0,0.2359093278646469,0.2359093278646469,0.5924239754676819,0.5924239754676819,0.2024446725845337,0.2024446725845337,2.42602276802063,2.42602276802063,5.50742244720459,5.50742244720459,3.9395532608032227,3.9395532608032227,5.61411190032959,5.61411190032959,7.644522666931152,7.644522666931152,4.690354824066162,4.690354824066162
21.053251266479492,21.053251266479492,20.606613159179688,20.606613159179688,13.921632766723633,13.921632766723633,11.62019157409668,11.62019157409668,10.957193374633789,10.957193374633789,8.364178657531738,8.364178657531738,5.278140068054199,5.278140068054199,2.707324743270874,2.707324743270874,0.8564966917037964,0.8564966917037964,0.2557893395423889,0.2557893395423889,0.01093399990350008,0.01093399990350008,0.004638667218387127,0.004638667218387127,0.0,0.0,0.0,0.0,0.0,0.0,0.2359093278646469,0.2359093278646469,0.5924239754676819,0.5924239754676819,0.2024446725845337,0.2024446725845337,2.42602276802063,2.42602276802063,5.50742244720459,5.50742244720459,3.9395532608032227,3.9395532608032227,5.61411190032959,5.61411190032959,7.644522666931152,7.644522666931152,4.690354824066162,4.690354824066162
21.053251266479492,21.053251266479492,20.606613159179688,20.606613159179688,13.921632766723633,13.921632766723633,11.62019157409668,11.62019157409668,10.957193374633789,10.957193374633789,8.364178657531738,8.364178657531738,5.278140068054199,5.278140068054199,2.707324743270874,2.707324743270874,0.8564966917037964,0.8564966917037964,0.2557893395423889,0.2557893395423889,0.01093399990350008,0.01093399990350008,0.004638667218387127,0.004638667218387127,0.0,0.0,0.0,0.0,0.0,0.0,0.2359093278646469,0.2359093278646469,0.5924239754676819,0.5924239754676819,0.2024446725845337,0.2024446725845337,2.42602276802063,2.42602276802063,5.50742244720459,5.50742244720459,3.9395532608032227,3.9395532608032227,5.61411190032959,5.61411190032959,7.644522666931152,7.644522666931152,4.690354824066162,4.690354824066162
21.053251266479492,21.053251266479492,20.606613159179688,20.606613159179688,13.921632766723633,13.921632766723633,11.62019157409668,11.62019157409668,10.957193374633789,10.957193374633789,8.364178657531738,8.364178657531738,5.278140068054199,5.278140068054199,2.707324743270874,2.707324743270874,0.8564966917037964,0.8564966917037964,0.2557893395423889,0.2557893395423889,0.01093399990350008,0.01093399990350008,0.004638667218387127,0.004638667218387127,0.0,0.0,0.0,0.0,0.0,0.0,0.2359093278646469,0.2359093278646469,0.5924239754676819,0.5924239754676819,0.2024446725845337,0.2024446725845337,2.42602276802063,2.42602276802063,5.50742244720459,5.50742244720459,3.9395532608032227,3.9395532608032227,5.61411190032959,5.61411190032959,7.644522666931152,7.644522666931152,4.690354824066162,4.690354824066162
16.733989715576172,16.733989715576172,14.699272155761719,14.699272155761719,12.597955703735352,12.597955703735352,7.773079872131348,7.773079872131348,8.814791679382324,8.814791679382324,4.966023921966553,4.966023921966553,7.9629340171813965,7.9629340171813965,14.750960350036621,14.750960350036621,8.282008171081543,8.282008171081543,5.91330623626709,5.91330623626709,0.3966059982776642,0.3966059982776642,0.29919400811195374,0.29919400811195374,0.06759200245141983,0.06759200245141983,0.4970000088214874,0.4970000088214874,1.748445987701416,1.748445987701416,0.5397419929504395,0.5397419929504395,0.1809079945087433,0.1809079945087433,0.01888599991798401,0.01888599991798401,0.02286200039088726,0.02286200039088726,0.8150799870491028,0.8150799870491028,0.000994000001810491,0.000994000001810491,0.4035640060901642,0.4035640060901642,0.829990029335022,0.829990029335022,0.7703499794006348,0.7703499794006348
16.733989715576172,16.733989715576172,14.699272155761719,14.699272155761719,12.597955703735352,12.597955703735352,7.773079872131348,7.773079872131348,8.814791679382324,8.814791679382324,4.966023921966553,4.966023921966553,7.9629340171813965,7.9629340171813965,14.750960350036621,14.750960350036621,8.282008171081543,8.282008171081543,5.91330623626709,5.91330623626709,0.3966059982776642,0.3966059982776642,0.29919400811195374,0.29919400811195374,0.06759200245141983,0.06759200245141983,0.4970000088214874,0.4970000088214874,1.748445987701416,1.748445987701416,0.5397419929504395,0.5397419929504395,0.1809079945087433,0.1809079945087433,0.01888599991798401,0.01888599991798401,0.02286200039088726,0.02286200039088726,0.8150799870491028,0.8150799870491028,0.000994000001810491,0.000994000001810491,0.4035640060901642,0.4035640060901642,0.829990029335022,0.829990029335022,0.7703499794006348,0.7703499794006348
95.57210540771484,95.57210540771484,99.3025894165039,99.3025894165039,106.30233764648438,106.30233764648438,111.8210220336914,111.8210220336914,112.93728637695312,112.93728637695312,108.67998504638672,108.67998504638672,98.2658462524414,98.2658462524414,82.98110961914062,82.98110961914062,75.11459350585938,75.11459350585938,68.77485656738281,68.77485656738281,71.4159164428711,71.4159164428711,70.68135070800781,70.68135070800781,76.24874877929688,76.24874877929688,91.87144470214844,91.87144470214844,96.96669006347656,96.96669006347656,98.29666137695312,98.29666137695312,56.79716110229492,56.79716110229492,41.69233703613281,41.69233703613281,41.927913665771484,41.927913665771484,41.5064582824707,41.5064582824707,29.706684112548828,29.706684112548828,32.57337951660156,32.57337951660156,35.543453216552734,35.543453216552734,24.507070541381836,24.507070541381836
95.57210540771484,95.57210540771484,99.3025894165039,99.3025894165039,106.30233764648438,106.30233764648438,111.8210220336914,111.8210220336914,112.93728637695312,112.93728637695312,108.67998504638672,108.67998504638672,98.2658462524414,98.2658462524414,82.98110961914062,82.98110961914062,75.11459350585938,75.11459350585938,68.77485656738281,68.77485656738281,71.4159164428711,71.4159164428711,70.68135070800781,70.68135070800781,76.24874877929688,76.24874877929688,91.87144470214844,91.87144470214844,96.96669006347656,96.96669006347656,98.29666137695312,98.29666137695312,56.79716110229492,56.79716110229492,41.69233703613281,41.69233703613281,41.927913665771484,41.927913665771484,41.5064582824707,41.5064582824707,29.706684112548828,29.706684112548828,32.57337951660156,32.57337951660156,35.543453216552734,35.543453216552734,24.507070541381836,24.507070541381836
69.34342956542969,69.34342956542969,79.8678970336914,79.8678970336914,88.27316284179688,88.27316284179688,98.39407348632812,98.39407348632812,94.79778289794922,94.79778289794922,97.32850646972656,97.32850646972656,96.83448791503906,96.83448791503906,74.87106323242188,74.87106323242188,64.1348648071289,64.1348648071289,71.43480682373047,71.43480682373047,86.67382049560547,86.67382049560547,90.01663970947266,90.01663970947266,91.02157592773438,91.02157592773438,79.32418060302734,79.32418060302734,72.59778594970703,72.59778594970703,55.73258590698242,55.73258590698242,32.384521484375,32.384521484375,41.4855842590332,41.4855842590332,39.87232208251953,39.87232208251953,12.60193157196045,12.60193157196045,2.7593441009521484,2.7593441009521484,7.004717826843262,7.004717826843262,11.397204399108887,11.397204399108887,6.233374118804932,6.233374118804932
69.34342956542969,69.34342956542969,79.8678970336914,79.8678970336914,88.27316284179688,88.27316284179688,98.39407348632812,98.39407348632812,94.79778289794922,94.79778289794922,97.32850646972656,97.32850646972656,96.83448791503906,96.83448791503906,74.87106323242188,74.87106323242188,64.1348648071289,64.1348648071289,71.43480682373047,71.43480682373047,86.67382049560547,86.67382049560547,90.01663970947266,90.01663970947266,91.02157592773438,91.02157592773438,79.32418060302734,79.32418060302734,72.59778594970703,72.59778594970703,55.73258590698242,55.73258590698242,32.384521484375,32.384521484375,41.4855842590332,41.4855842590332,39.87232208251953,39.87232208251953,12.60193157196045,12.60193157196045,2.7593441009521484,2.7593441009521484,7.004717826843262,7.004717826843262,11.397204399108887,11.397204399108887,6.233374118804932,6.233374118804932
13.60587215423584,13.60587215423584,15.488508224487305,15.488508224487305,18.766719818115234,18.766719818115234,17.597776412963867,17.597776412963867,18.430747985839844,18.430747985839844,16.973543167114258,16.973543167114258,14.774815559387207,14.774815559387207,14.313599586486816,14.313599586486816,13.043268203735352,13.043268203735352,9.552339553833008,9.552339553833008,9.842588424682617,9.842588424682617,4.560472011566162,4.560472011566162,5.6200761795043945,5.6200761795043945,4.771200180053711,4.771200180053711,3.355743885040283,3.355743885040283,2.904468059539795,2.904468059539795,3.3935160636901855,3.3935160636901855,4.586316108703613,4.586316108703613,5.9242401123046875,5.9242401123046875,6.971916198730469,6.971916198730469,7.252223968505859,7.252223968505859,5.576340198516846,5.576340198516846,3.34580397605896,3.34580397605896,5.532604217529297,5.532604217529297
35.354591369628906,35.354591369628906,33.407676696777344,33.407676696777344,41.023040771484375,41.023040771484375,41.881858825683594,41.881858825683594,43.627986907958984,43.627986907958984,39.47704315185547,39.47704315185547,35.469234466552734,35.469234466552734,34.15251541137695,34.15251541137695,27.68223762512207,27.68223762512207,28.884977340698242,28.884977340698242,26.7949275970459,26.7949275970459,27.310482025146484,27.310482025146484,30.05855941772461,30.05855941772461,34.037872314453125,34.037872314453125,33.52231979370117,33.52231979370117,27.99766731262207,27.99766731262207,16.28900909423828,16.28900909423828,9.67625904083252,9.67625904083252,8.330382347106934,8.330382347106934,7.500061511993408,7.500061511993408,6.899022579193115,6.899022579193115,8.130257606506348,8.130257606506348,12.682114601135254,12.682114601135254,9.36082935333252,9.36082935333252
35.354591369628906,35.354591369628906,33.407676696777344,33.407676696777344,41.023040771484375,41.023040771484375,41.881858825683594,41.881858825683594,43.627986907958984,43.627986907958984,39.47704315185547,39.47704315185547,35.469234466552734,35.469234466552734,34.15251541137695,34.15251541137695,27.68223762512207,27.68223762512207,28.884977340698242,28.884977340698242,26.7949275970459,26.7949275970459,27.310482025146484,27.310482025146484,30.05855941772461,30.05855941772461,34.037872314453125,34.037872314453125,33.52231979370117,33.52231979370117,27.99766731262207,27.99766731262207,16.28900909423828,16.28900909423828,9.67625904083252,9.67625904083252,8.330382347106934,8.330382347106934,7.500061511993408,7.500061511993408,6.899022579193115,6.899022579193115,8.130257606506348,8.130257606506348,12.682114601135254,12.682114601135254,9.36082935333252,9.36082935333252
35.354591369628906,35.354591369628906,33.407676696777344,33.407676696777344,41.023040771484375,41.023040771484375,41.881858825683594,41.881858825683594,43.627986907958984,43.627986907958984,39.47704315185547,39.47704315185547,35.469234466552734,35.469234466552734,34.15251541137695,34.15251541137695,27.68223762512207,27.68223762512207,28.884977340698242,28.884977340698242,26.7949275970459,26.7949275970459,27.310482025146484,27.310482025146484,30.05855941772461,30.05855941772461,34.037872314453125,34.037872314453125,33.52231979370117,33.52231979370117,27.99766731262207,27.99766731262207,16.28900909423828,16.28900909423828,9.67625904083252,9.67625904083252,8.330382347106934,8.330382347106934,7.500061511993408,7.500061511993408,6.899022579193115,6.899022579193115,8.130257606506348,8.130257606506348,12.682114601135254,12.682114601135254,9.36082935333252,9.36082935333252
58.447200775146484,58.447200775146484,69.77482604980469,69.77482604980469,76.75469207763672,76.75469207763672,107.84701538085938,107.84701538085938,88.05647277832031,88.05647277832031,92.15771484375,92.15771484375,63.20647048950195,63.20647048950195,66.31172943115234,66.31172943115234,59.66783142089844,59.66783142089844,54.43939208984375,54.43939208984375,73.93968200683594,73.93968200683594,89.99675750732422,89.99675750732422,110.10140228271484,110.10140228271484,94.28289031982422,94.28289031982422,86.04461669921875,86.04461669921875,79.26752471923828,79.26752471923828,45.45561981201172,45.45561981201172,33.374542236328125,33.374542236328125,33.40834045410156,33.40834045410156,25.555740356445312,25.555740356445312,9.47878360748291,9.47878360748291,7.854588031768799,7.854588031768799,9.69945240020752,9.69945240020752,2.709644079208374,2.709644079208374
64.46487426757812,64.46487426757812,86.16986083984375,86.16986083984375,95.57707977294922,95.57707977294922,97.59886932373047,97.59886932373047,80.2515869140625,80.2515869140625,47.15337371826172,47.15337371826172,43.18333435058594,43.18333435058594,31.12015151977539,31.12015151977539,39.31071090698242,39.31071090698242,24.32715606689453,24.32715606689453,45.42182540893555,45.42182540893555,48.884918212890625,48.884918212890625,48.44159698486328,48.44159698486328,38.63677978515625,38.63677978515625,30.847795486450195,30.847795486450195,20.04500389099121,20.04500389099121,12.580063819885254,12.580063819885254,10.828636169433594,10.828636169433594,10.214344024658203,10.214344024658203,8.97581958770752,8.97581958770752,0.8508639931678772,0.8508639931678772,1.5665440559387207,1.5665440559387207,0.510915994644165,0.510915994644165,3.4332759380340576,3.4332759380340576
50.137359619140625,50.137359619140625,41.26094055175781,41.26094055175781,45.33236312866211,45.33236312866211,46.67625045776367,46.67625045776367,50.4355583190918,50.4355583190918,53.89269256591797,53.89269256591797,51.63432312011719,51.63432312011719,46.84523010253906,46.84523010253906,53.39569091796875,53.39569091796875,53.93841552734375,53.93841552734375,52.75555419921875,52.75555419921875,47.68217849731445,47.68217849731445,47.88296890258789,47.88296890258789,41.62275695800781,41.62275695800781,36.7064323425293,36.7064323425293,37.39626693725586,37.39626693725586,29.907472610473633,29.907472610473633,12.013484001159668,12.013484001159668,14.369263648986816,14.369263648986816,18.31146812438965,18.31146812438965,18.693164825439453,18.693164825439453,16.214128494262695,16.214128494262695,30.024763107299805,30.024763107299805,31.575403213500977,31.575403213500977
192.42713928222656,192.42713928222656,201.7747039794922,201.7747039794922,181.69789123535156,181.69789123535156,172.79696655273438,172.79696655273438,193.2243194580078,193.2243194580078,210.46823120117188,210.46823120117188,209.2568817138672,209.2568817138672,201.41554260253906,201.41554260253906,147.37705993652344,147.37705993652344,150.84678649902344,150.84678649902344,149.03439331054688,149.03439331054688,99.79693603515625,99.79693603515625,78.47431182861328,78.47431182861328,67.58338165283203,67.58338165283203,56.70902633666992,56.70902633666992,54.27836227416992,54.27836227416992,54.88602828979492,54.88602828979492,58.141048431396484,58.141048431396484,83.0546646118164,83.0546646118164,125.62901306152344,125.62901306152344,153.55511474609375,153.55511474609375,171.28475952148438,171.28475952148438,204.35646057128906,204.35646057128906,202.51954650878906,202.51954650878906
192.42713928222656,192.42713928222656,201.7747039794922,201.7747039794922,181.69789123535156,181.69789123535156,172.79696655273438,172.79696655273438,193.2243194580078,193.2243194580078,210.46823120117188,210.46823120117188,209.2568817138672,209.2568817138672,201.41554260253906,201.41554260253906,147.37705993652344,147.37705993652344,150.84678649902344,150.84678649902344,149.03439331054688,149.03439331054688,99.79693603515625,99.79693603515625,78.47431182861328,78.47431182861328,67.58338165283203,67.58338165283203,56.70902633666992,56.70902633666992,54.27836227416992,54.27836227416992,54.88602828979492,54.88602828979492,58.141048431396484,58.141048431396484,83.0546646118164,83.0546646118164,125.62901306152344,125.62901306152344,153.55511474609375,153.55511474609375,171.28475952148438,171.28475952148438,204.35646057128906,204.35646057128906,202.51954650878906,202.51954650878906
192.42713928222656,192.42713928222656,201.7747039794922,201.7747039794922,181.69789123535156,181.69789123535156,172.79696655273438,172.79696655273438,193.2243194580078,193.2243194580078,210.46823120117188,210.46823120117188,209.2568817138672,209.2568817138672,201.41554260253906,201.41554260253906,147.37705993652344,147.37705993652344,150.84678649902344,150.84678649902344,149.03439331054688,149.03439331054688,99.79693603515625,99.79693603515625,78.47431182861328,78.47431182861328,67.58338165283203,67.58338165283203,56.70902633666992,56.70902633666992,54.27836227416992,54.27836227416992,54.88602828979492,54.88602828979492,58.141048431396484,58.141048431396484,83.0546646118164,83.0546646118164,125.62901306152344,125.62901306152344,153.55511474609375,153.55511474609375,171.28475952148438,171.28475952148438,204.35646057128906,204.35646057128906,202.51954650878906,202.51954650878906
108.39212036132812,108.39212036132812,104.2137451171875,104.2137451171875,102.76727294921875,102.76727294921875,93.64434051513672,93.64434051513672,84.37628936767578,84.37628936767578,85.64144897460938,85.64144897460938,89.7999496459961,89.7999496459961,91.08061981201172,91.08061981201172,68.07548522949219,68.07548522949219,28.730178833007812,28.730178833007812,20.795673370361328,20.795673370361328,36.158935546875,36.158935546875,36.814579010009766,36.814579010009766,38.28211975097656,38.28211975097656,27.562427520751953,27.562427520751953,38.620079040527344,38.620079040527344,34.1303825378418,34.1303825378418,27.96400260925293,27.96400260925293,42.215179443359375,42.215179443359375,66.91290283203125,66.91290283203125,100.1808853149414,100.1808853149414,108.83584594726562,108.83584594726562,115.63003540039062,115.63003540039062,115.76481628417969,115.76481628417969
108.39212036132812,108.39212036132812,104.2137451171875,104.2137451171875,102.76727294921875,102.76727294921875,93.64434051513672,93.64434051513672,84.37628936767578,84.37628936767578,85.64144897460938,85.64144897460938,89.7999496459961,89.7999496459961,91.08061981201172,91.08061981201172,68.07548522949219,68.07548522949219,28.730178833007812,28.730178833007812,20.795673370361328,20.795673370361328,36.158935546875,36.158935546875,36.814579010009766,36.814579010009766,38.28211975097656,38.28211975097656,27.562427520751953,27.562427520751953,38.620079040527344,38.620079040527344,34.1303825378418,34.1303825378418,27.96400260925293,27.96400260925293,42.215179443359375,42.215179443359375,66.91290283203125,66.91290283203125,100.1808853149414,100.1808853149414,108.83584594726562,108.83584594726562,115.63003540039062,115.63003540039062,115.76481628417969,115.76481628417969
108.39212036132812,108.39212036132812,104.2137451171875,104.2137451171875,102.76727294921875,102.76727294921875,93.64434051513672,93.64434051513672,84.37628936767578,84.37628936767578,85.64144897460938,85.64144897460938,89.7999496459961,89.7999496459961,91.08061981201172,91.08061981201172,68.07548522949219,68.07548522949219,28.730178833007812,28.730178833007812,20.795673370361328,20.795673370361328,36.158935546875,36.158935546875,36.814579010009766,36.814579010009766,38.28211975097656,38.28211975097656,27.562427520751953,27.562427520751953,38.620079040527344,38.620079040527344,34.1303825378418,34.1303825378418,27.96400260925293,27.96400260925293,42.215179443359375,42.215179443359375,66.91290283203125,66.91290283203125,100.1808853149414,100.1808853149414,108.83584594726562,108.83584594726562,115.63003540039062,115.63003540039062,115.76481628417969,115.76481628417969
108.39212036132812,108.39212036132812,104.2137451171875,104.2137451171875,102.76727294921875,102.76727294921875,93.64434051513672,93.64434051513672,84.37628936767578,84.37628936767578,85.64144897460938,85.64144897460938,89.7999496459961,89.7999496459961,91.08061981201172,91.08061981201172,68.07548522949219,68.07548522949219,28.730178833007812,28.730178833007812,20.795673370361328,20.795673370361328,36.158935546875,36.158935546875,36.814579010009766,36.814579010009766,38.28211975097656,38.28211975097656,27.562427520751953,27.562427520751953,38.620079040527344,38.620079040527344,34.1303825378418,34.1303825378418,27.96400260925293,27.96400260925293,42.215179443359375,42.215179443359375,66.91290283203125,66.91290283203125,100.1808853149414,100.1808853149414,108.83584594726562,108.83584594726562,115.63003540039062,115.63003540039062,115.76481628417969,115.76481628417969
108.39212036132812,108.39212036132812,104.2137451171875,104.2137451171875,102.76727294921875,102.76727294921875,93.64434051513672,93.64434051513672,84.37628936767578,84.37628936767578,85.64144897460938,85.64144897460938,89.7999496459961,89.7999496459961,91.08061981201172,91.08061981201172,68.07548522949219,68.07548522949219,28.730178833007812,28.730178833007812,20.795673370361328,20.795673370361328,36.158935546875,36.158935546875,36.814579010009766,36.814579010009766,38.28211975097656,38.28211975097656,27.562427520751953,27.562427520751953,38.620079040527344,38.620079040527344,34.1303825378418,34.1303825378418,27.96400260925293,27.96400260925293,42.215179443359375,42.215179443359375,66.91290283203125,66.91290283203125,100.1808853149414,100.1808853149414,108.83584594726562,108.83584594726562,115.63003540039062,115.63003540039062,115.76481628417969,115.76481628417969
55.48110580444336,55.48110580444336,50.8066520690918,50.8066520690918,84.44692993164062,84.44692993164062,98.08460998535156,98.08460998535156,96.91632843017578,96.91632843017578,104.58470153808594,104.58470153808594,96.75861358642578,96.75861358642578,61.64854431152344,61.64854431152344,46.12093734741211,46.12093734741211,23.173452377319336,23.173452377319336,16.71576690673828,16.71576690673828,18.309480667114258,18.309480667114258,25.452363967895508,25.452363967895508,42.845375061035156,42.845375061035156,41.1005744934082,41.1005744934082,41.23310852050781,41.23310852050781,53.05971908569336,53.05971908569336,54.26047134399414,54.26047134399414,51.281124114990234,51.281124114990234,81.01431274414062,81.01431274414062,96.22317504882812,96.22317504882812,109.51097106933594,109.51097106933594,121.7822265625,121.7822265625,124.01673889160156,124.01673889160156
55.48110580444336,55.48110580444336,50.8066520690918,50.8066520690918,84.44692993164062,84.44692993164062,98.08460998535156,98.08460998535156,96.91632843017578,96.91632843017578,104.58470153808594,104.58470153808594,96.75861358642578,96.75861358642578,61.64854431152344,61.64854431152344,46.12093734741211,46.12093734741211,23.173452377319336,23.173452377319336,16.71576690673828,16.71576690673828,18.309480667114258,18.309480667114258,25.452363967895508,25.452363967895508,42.845375061035156,42.845375061035156,41.1005744934082,41.1005744934082,41.23310852050781,41.23310852050781,53.05971908569336,53.05971908569336,54.26047134399414,54.26047134399414,51.281124114990234,51.281124114990234,81.01431274414062,81.01431274414062,96.22317504882812,96.22317504882812,109.51097106933594,109.51097106933594,121.7822265625,121.7822265625,124.01673889160156,124.01673889160156
55.48110580444336,55.48110580444336,50.8066520690918,50.8066520690918,84.44692993164062,84.44692993164062,98.08460998535156,98.08460998535156,96.91632843017578,96.91632843017578,104.58470153808594,104.58470153808594,96.75861358642578,96.75861358642578,61.64854431152344,61.64854431152344,46.12093734741211,46.12093734741211,23.173452377319336,23.173452377319336,16.71576690673828,16.71576690673828,18.309480667114258,18.309480667114258,25.452363967895508,25.452363967895508,42.845375061035156,42.845375061035156,41.1005744934082,41.1005744934082,41.23310852050781,41.23310852050781,53.05971908569336,53.05971908569336,54.26047134399414,54.26047134399414,51.281124114990234,51.281124114990234,81.01431274414062,81.01431274414062,96.22317504882812,96.22317504882812,109.51097106933594,109.51097106933594,121.7822265625,121.7822265625,124.01673889160156,124.01673889160156
112.3219985961914,112.3219985961914,122.06021881103516,122.06021881103516,117.27112579345703,117.27112579345703,120.35749816894531,120.35749816894531,125.52033233642578,125.52033233642578,100.09182739257812,100.09182739257812,91.34860229492188,91.34860229492188,90.65876770019531,90.65876770019531,153.37319946289062,153.37319946289062,158.05892944335938,158.05892944335938,166.154052734375,166.154052734375,173.8545684814453,173.8545684814453,173.5812225341797,173.5812225341797,176.39324951171875,176.39324951171875,174.83665466308594,174.83665466308594,175.0632781982422,175.0632781982422,157.19712829589844,157.19712829589844,161.3311767578125,161.3311767578125,153.14358520507812,153.14358520507812,136.14718627929688,136.14718627929688,143.09326171875,143.09326171875,154.99044799804688,154.99044799804688,129.5450439453125,129.5450439453125,127.55207061767578,127.55207061767578
112.3219985961914,112.3219985961914,122.06021881103516,122.06021881103516,117.27112579345703,117.27112579345703,120.35749816894531,120.35749816894531,125.52033233642578,125.52033233642578,100.09182739257812,100.09182739257812,91.34860229492188,91.34860229492188,90.65876770019531,90.65876770019531,153.37319946289062,153.37319946289062,158.05892944335938,158.05892944335938,166.154052734375,166.154052734375,173.8545684814453,173.8545684814453,173.5812225341797,173.5812225341797,176.39324951171875,176.39324951171875,174.83665466308594,174.83665466308594,175.0632781982422,175.0632781982422,157.19712829589844,157.19712829589844,161.3311767578125,161.3311767578125,153.14358520507812,153.14358520507812,136.14718627929688,136.14718627929688,143.09326171875,143.09326171875,154.99044799804688,154.99044799804688,129.5450439453125,129.5450439453125,127.55207061767578,127.55207061767578
147.25115966796875,147.25115966796875,194.6232147216797,194.6232147216797,161.90072631835938,161.90072631835938,134.9265594482422,134.9265594482422,127.78466033935547,127.78466033935547,136.1859588623047,136.1859588623047,153.59686279296875,153.59686279296875,132.2477264404297,132.2477264404297,104.64832305908203,104.64832305908203,83.69678497314453,83.69678497314453,60.67674255371094,60.67674255371094,42.227108001708984,42.227108001708984,35.566314697265625,35.566314697265625,33.38050842285156,33.38050842285156,35.8575553894043,35.8575553894043,44.90096664428711,44.90096664428711,56.343894958496094,56.343894958496094,74.72295379638672,74.72295379638672,114.83582305908203,114.83582305908203,153.19924926757812,153.19924926757812,176.09207153320312,176.09207153320312,192.3061981201172,192.3061981201172,193.36082458496094,193.36082458496094,217.7506103515625,217.7506103515625
147.25115966796875,147.25115966796875,194.6232147216797,194.6232147216797,161.90072631835938,161.90072631835938,134.9265594482422,134.9265594482422,127.78466033935547,127.78466033935547,136.1859588623047,136.1859588623047,153.59686279296875,153.59686279296875,132.2477264404297,132.2477264404297,104.64832305908203,104.64832305908203,83.69678497314453,83.69678497314453,60.67674255371094,60.67674255371094,42.227108001708984,42.227108001708984,35.566314697265625,35.566314697265625,33.38050842285156,33.38050842285156,35.8575553894043,35.8575553894043,44.90096664428711,44.90096664428711,56.343894958496094,56.343894958496094,74.72295379638672,74.72295379638672,114.83582305908203,114.83582305908203,153.19924926757812,153.19924926757812,176.09207153320312,176.09207153320312,192.3061981201172,192.3061981201172,193.36082458496094,193.36082458496094,217.7506103515625,217.7506103515625
76.88550567626953,76.88550567626953,73.89555358886719,73.89555358886719,70.85868072509766,70.85868072509766,74.80326843261719,74.80326843261719,82.42367553710938,82.42367553710938,75.8708267211914,75.8708267211914,66.00676727294922,66.00676727294922,54.9320182800293,54.9320182800293,62.83153533935547,62.83153533935547,58.536659240722656,58.536659240722656,45.569332122802734,45.569332122802734,39.49559783935547,39.49559783935547,39.24311828613281,39.24311828613281,36.07146453857422,36.07146453857422,39.84707260131836,39.84707260131836,46.70328903198242,46.70328903198242,50.43317413330078,50.43317413330078,62.627567291259766,62.627567291259766,76.72209167480469,76.72209167480469,76.78133392333984,76.78133392333984,77.56261444091797,77.56261444091797,77.60157775878906,77.60157775878906,77.99321746826172,77.99321746826172,76.27359771728516,76.27359771728516
76.88550567626953,76.88550567626953,73.89555358886719,73.89555358886719,70.85868072509766,70.85868072509766,74.80326843261719,74.80326843261719,82.42367553710938,82.42367553710938,75.8708267211914,75.8708267211914,66.00676727294922,66.00676727294922,54.9320182800293,54.9320182800293,62.83153533935547,62.83153533935547,58.536659240722656,58.536659240722656,45.569332122802734,45.569332122802734,39.49559783935547,39.49559783935547,39.24311828613281,39.24311828613281,36.07146453857422,36.07146453857422,39.84707260131836,39.84707260131836,46.70328903198242,46.70328903198242,50.43317413330078,50.43317413330078,62.627567291259766,62.627567291259766,76.72209167480469,76.72209167480469,76.78133392333984,76.78133392333984,77.56261444091797,77.56261444091797,77.60157775878906,77.60157775878906,77.99321746826172,77.99321746826172,76.27359771728516,76.27359771728516
76.88550567626953,76.88550567626953,73.89555358886719,73.89555358886719,70.85868072509766,70.85868072509766,74.80326843261719,74.80326843261719,82.42367553710938,82.42367553710938,75.8708267211914,75.8708267211914,66.00676727294922,66.00676727294922,54.9320182800293,54.9320182800293,62.83153533935547,62.83153533935547,58.536659240722656,58.536659240722656,45.569332122802734,45.569332122802734,39.49559783935547,39.49559783935547,39.24311828613281,39.24311828613281,36.07146453857422,36.07146453857422,39.84707260131836,39.84707260131836,46.70328903198242,46.70328903198242,50.43317413330078,50.43317413330078,62.627567291259766,62.627567291259766,76.72209167480469,76.72209167480469,76.78133392333984,76.78133392333984,77.56261444091797,77.56261444091797,77.60157775878906,77.60157775878906,77.99321746826172,77.99321746826172,76.27359771728516,76.27359771728516
76.88550567626953,76.88550567626953,73.89555358886719,73.89555358886719,70.85868072509766,70.85868072509766,74.80326843261719,74.80326843261719,82.42367553710938,82.42367553710938,75.8708267211914,75.8708267211914,66.00676727294922,66.00676727294922,54.9320182800293,54.9320182800293,62.83153533935547,62.83153533935547,58.536659240722656,58.536659240722656,45.569332122802734,45.569332122802734,39.49559783935547,39.49559783935547,39.24311828613281,39.24311828613281,36.07146453857422,36.07146453857422,39.84707260131836,39.84707260131836,46.70328903198242,46.70328903198242,50.43317413330078,50.43317413330078,62.627567291259766,62.627567291259766,76.72209167480469,76.72209167480469,76.78133392333984,76.78133392333984,77.56261444091797,77.56261444091797,77.60157775878906,77.60157775878906,77.99321746826172,77.99321746826172,76.27359771728516,76.27359771728516
76.88550567626953,76.88550567626953,73.89555358886719,73.89555358886719,70.85868072509766,70.85868072509766,74.80326843261719,74.80326843261719,82.42367553710938,82.42367553710938,75.8708267211914,75.8708267211914,66.00676727294922,66.00676727294922,54.9320182800293,54.9320182800293,62.83153533935547,62.83153533935547,58.536659240722656,58.536659240722656,45.569332122802734,45.569332122802734,39.49559783935547,39.49559783935547,39.24311828613281,39.24311828613281,36.07146453857422,36.07146453857422,39.84707260131836,39.84707260131836,46.70328903198242,46.70328903198242,50.43317413330078,50.43317413330078,62.627567291259766,62.627567291259766,76.72209167480469,76.72209167480469,76.78133392333984,76.78133392333984,77.56261444091797,77.56261444091797,77.60157775878906,77.60157775878906,77.99321746826172,77.99321746826172,76.27359771728516,76.27359771728516
46.13392639160156,46.13392639160156,39.57193374633789,39.57193374633789,38.008968353271484,38.008968353271484,42.59806823730469,42.59806823730469,38.59503173828125,38.59503173828125,36.5561408996582,36.5561408996582,32.688682556152344,32.688682556152344,41.41560745239258,41.41560745239258,52.92811584472656,52.92811584472656,57.66273498535156,57.66273498535156,56.59199905395508,56.59199905395508,46.794734954833984,46.794734954833984,44.95583724975586,44.95583724975586,45.226600646972656,45.226600646972656,50.59937286376953,50.59937286376953,55.11133575439453,55.11133575439453,59.622901916503906,59.622901916503906,48.4439811706543,48.4439811706543,42.18893814086914,42.18893814086914,53.46328353881836,53.46328353881836,69.55335998535156,69.55335998535156,74.335693359375,74.335693359375,74.1253662109375,74.1253662109375,72.49241638183594,72.49241638183594
46.13392639160156,46.13392639160156,39.57193374633789,39.57193374633789,38.008968353271484,38.008968353271484,42.59806823730469,42.59806823730469,38.59503173828125,38.59503173828125,36.5561408996582,36.5561408996582,32.688682556152344,32.688682556152344,41.41560745239258,41.41560745239258,52.92811584472656,52.92811584472656,57.66273498535156,57.66273498535156,56.59199905395508,56.59199905395508,46.794734954833984,46.794734954833984,44.95583724975586,44.95583724975586,45.226600646972656,45.226600646972656,50.59937286376953,50.59937286376953,55.11133575439453,55.11133575439453,59.622901916503906,59.622901916503906,48.4439811706543,48.4439811706543,42.18893814086914,42.18893814086914,53.46328353881836,53.46328353881836,69.55335998535156,69.55335998535156,74.335693359375,74.335693359375,74.1253662109375,74.1253662109375,72.49241638183594,72.49241638183594
46.13392639160156,46.13392639160156,39.57193374633789,39.57193374633789,38.008968353271484,38.008968353271484,42.59806823730469,42.59806823730469,38.59503173828125,38.59503173828125,36.5561408996582,36.5561408996582,32.688682556152344,32.688682556152344,41.41560745239258,41.41560745239258,52.92811584472656,52.92811584472656,57.66273498535156,57.66273498535156,56.59199905395508,56.59199905395508,46.794734954833984,46.794734954833984,44.95583724975586,44.95583724975586,45.226600646972656,45.226600646972656,50.59937286376953,50.59937286376953,55.11133575439453,55.11133575439453,59.622901916503906,59.622901916503906,48.4439811706543,48.4439811706543,42.18893814086914,42.18893814086914,53.46328353881836,53.46328353881836,69.55335998535156,69.55335998535156,74.335693359375,74.335693359375,74.1253662109375,74.1253662109375,72.49241638183594,72.49241638183594
46.13392639160156,46.13392639160156,39.57193374633789,39.57193374633789,38.008968353271484,38.008968353271484,42.59806823730469,42.59806823730469,38.59503173828125,38.59503173828125,36.5561408996582,36.5561408996582,32.688682556152344,32.688682556152344,41.41560745239258,41.41560745239258,52.92811584472656,52.92811584472656,57.66273498535156,57.66273498535156,56.59199905395508,56.59199905395508,46.794734954833984,46.794734954833984,44.95583724975586,44.95583724975586,45.226600646972656,45.226600646972656,50.59937286376953,50.59937286376953,55.11133575439453,55.11133575439453,59.622901916503906,59.622901916503906,48.4439811706543,48.4439811706543,42.18893814086914,42.18893814086914,53.46328353881836,53.46328353881836,69.55335998535156,69.55335998535156,74.335693359375,74.335693359375,74.1253662109375,74.1253662109375,72.49241638183594,72.49241638183594
46.13392639160156,46.13392639160156,39.57193374633789,39.57193374633789,38.008968353271484,38.008968353271484,42.59806823730469,42.59806823730469,38.59503173828125,38.59503173828125,36.5561408996582,36.5561408996582,32.688682556152344,32.688682556152344,41.41560745239258,41.41560745239258,52.92811584472656,52.92811584472656,57.66273498535156,57.66273498535156,56.59199905395508,56.59199905395508,46.794734954833984,46.794734954833984,44.95583724975586,44.95583724975586,45.226600646972656,45.226600646972656,50.59937286376953,50.59937286376953,55.11133575439453,55.11133575439453,59.622901916503906,59.622901916503906,48.4439811706543,48.4439811706543,42.18893814086914,42.18893814086914,53.46328353881836,53.46328353881836,69.55335998535156,69.55335998535156,74.335693359375,74.335693359375,74.1253662109375,74.1253662109375,72.49241638183594,72.49241638183594
66.08177947998047,66.08177947998047,57.196746826171875,57.196746826171875,45.04609298706055,45.04609298706055,48.64371109008789,48.64371109008789,47.84254455566406,47.84254455566406,42.148250579833984,42.148250579833984,38.61888885498047,38.61888885498047,40.22452926635742,40.22452926635742,56.60697555541992,56.60697555541992,71.83041381835938,71.83041381835938,74.62090301513672,74.62090301513672,87.4110336303711,87.4110336303711,108.70185089111328,108.70185089111328,109.5328369140625,109.5328369140625,104.75169372558594,104.75169372558594,109.21343231201172,109.21343231201172,122.76165008544922,122.76165008544922,103.24545288085938,103.24545288085938,84.32234191894531,84.32234191894531,63.910884857177734,63.910884857177734,59.24571228027344,59.24571228027344,60.51008224487305,60.51008224487305,65.30977630615234,65.30977630615234,65.18386840820312,65.18386840820312
66.08177947998047,66.08177947998047,57.196746826171875,57.196746826171875,45.04609298706055,45.04609298706055,48.64371109008789,48.64371109008789,47.84254455566406,47.84254455566406,42.148250579833984,42.148250579833984,38.61888885498047,38.61888885498047,40.22452926635742,40.22452926635742,56.60697555541992,56.60697555541992,71.83041381835938,71.83041381835938,74.62090301513672,74.62090301513672,87.4110336303711,87.4110336303711,108.70185089111328,108.70185089111328,109.5328369140625,109.5328369140625,104.75169372558594,104.75169372558594,109.21343231201172,109.21343231201172,122.76165008544922,122.76165008544922,103.24545288085938,103.24545288085938,84.32234191894531,84.32234191894531,63.910884857177734,63.910884857177734,59.24571228027344,59.24571228027344,60.51008224487305,60.51008224487305,65.30977630615234,65.30977630615234,65.18386840820312,65.18386840820312
66.08177947998047,66.08177947998047,57.196746826171875,57.196746826171875,45.04609298706055,45.04609298706055,48.64371109008789,48.64371109008789,47.84254455566406,47.84254455566406,42.148250579833984,42.148250579833984,38.61888885498047,38.61888885498047,40.22452926635742,40.22452926635742,56.60697555541992,56.60697555541992,71.83041381835938,71.83041381835938,74.62090301513672,74.62090301513672,87.4110336303711,87.4110336303711,108.70185089111328,108.70185089111328,109.5328369140625,109.5328369140625,104.75169372558594,104.75169372558594,109.21343231201172,109.21343231201172,122.76165008544922,122.76165008544922,103.24545288085938,103.24545288085938,84.32234191894531,84.32234191894531,63.910884857177734,63.910884857177734,59.24571228027344,59.24571228027344,60.51008224487305,60.51008224487305,65.30977630615234,65.30977630615234,65.18386840820312,65.18386840820312
124.47762298583984,124.47762298583984,141.11520385742188,141.11520385742188,135.4712677001953,135.4712677001953,133.5488739013672,133.5488739013672,123.85935974121094,123.85935974121094,117.8565902709961,117.8565902709961,124.01641082763672,124.01641082763672,142.37857055664062,142.37857055664062,129.4575653076172,129.4575653076172,89.54747009277344,89.54747009277344,77.73477935791016,77.73477935791016,41.785770416259766,41.785770416259766,34.638912200927734,34.638912200927734,38.10896682739258,38.10896682739258,36.86845397949219,36.86845397949219,64.73822784423828,64.73822784423828,88.89242553710938,88.89242553710938,126.12667083740234,126.12667083740234,126.73201751708984,126.73201751708984,131.42767333984375,131.42767333984375,135.86289978027344,135.86289978027344,125.68533325195312,125.68533325195312,117.01964569091797,117.01964569091797,112.50489807128906,112.50489807128906
124.47762298583984,124.47762298583984,141.11520385742188,141.11520385742188,135.4712677001953,135.4712677001953,133.5488739013672,133.5488739013672,123.85935974121094,123.85935974121094,117.8565902709961,117.8565902709961,124.01641082763672,124.01641082763672,142.37857055664062,142.37857055664062,129.4575653076172,129.4575653076172,89.54747009277344,89.54747009277344,77.73477935791016,77.73477935791016,41.785770416259766,41.785770416259766,34.638912200927734,34.638912200927734,38.10896682739258,38.10896682739258,36.86845397949219,36.86845397949219,64.73822784423828,64.73822784423828,88.89242553710938,88.89242553710938,126.12667083740234,126.12667083740234,126.73201751708984,126.73201751708984,131.42767333984375,131.42767333984375,135.86289978027344,135.86289978027344,125.68533325195312,125.68533325195312,117.01964569091797,117.01964569091797,112.50489807128906,112.50489807128906
83.57353210449219,83.57353210449219,74.25843048095703,74.25843048095703,57.8170051574707,57.8170051574707,54.45794677734375,54.45794677734375,67.71923065185547,67.71923065185547,52.4858512878418,52.4858512878418,44.64385223388672,44.64385223388672,52.82579803466797,52.82579803466797,58.97004318237305,58.97004318237305,81.52655792236328,81.52655792236328,88.96829986572266,88.96829986572266,99.17867279052734,99.17867279052734,102.3230209350586,102.3230209350586,100.68159484863281,100.68159484863281,98.4490737915039,98.4490737915039,100.2349624633789,100.2349624633789,109.96092224121094,109.96092224121094,103.4223861694336,103.4223861694336,89.17240142822266,89.17240142822266,63.67298889160156,63.67298889160156,57.690433502197266,57.690433502197266,68.72582244873047,68.72582244873047,76.88059997558594,76.88059997558594,79.33047485351562,79.33047485351562
83.57353210449219,83.57353210449219,74.25843048095703,74.25843048095703,57.8170051574707,57.8170051574707,54.45794677734375,54.45794677734375,67.71923065185547,67.71923065185547,52.4858512878418,52.4858512878418,44.64385223388672,44.64385223388672,52.82579803466797,52.82579803466797,58.97004318237305,58.97004318237305,81.52655792236328,81.52655792236328,88.96829986572266,88.96829986572266,99.17867279052734,99.17867279052734,102.3230209350586,102.3230209350586,100.68159484863281,100.68159484863281,98.4490737915039,98.4490737915039,100.2349624633789,100.2349624633789,109.96092224121094,109.96092224121094,103.4223861694336,103.4223861694336,89.17240142822266,89.17240142822266,63.67298889160156,63.67298889160156,57.690433502197266,57.690433502197266,68.72582244873047,68.72582244873047,76.88059997558594,76.88059997558594,79.33047485351562,79.33047485351562
83.57353210449219,83.57353210449219,74.25843048095703,74.25843048095703,57.8170051574707,57.8170051574707,54.45794677734375,54.45794677734375,67.71923065185547,67.71923065185547,52.4858512878418,52.4858512878418,44.64385223388672,44.64385223388672,52.82579803466797,52.82579803466797,58.97004318237305,58.97004318237305,81.52655792236328,81.52655792236328,88.96829986572266,88.96829986572266,99.17867279052734,99.17867279052734,102.3230209350586,102.3230209350586,100.68159484863281,100.68159484863281,98.4490737915039,98.4490737915039,100.2349624633789,100.2349624633789,109.96092224121094,109.96092224121094,103.4223861694336,103.4223861694336,89.17240142822266,89.17240142822266,63.67298889160156,63.67298889160156,57.690433502197266,57.690433502197266,68.72582244873047,68.72582244873047,76.88059997558594,76.88059997558594,79.33047485351562,79.33047485351562
111.4486083984375,111.4486083984375,122.91605377197266,122.91605377197266,123.82987213134766,123.82987213134766,100.93937683105469,100.93937683105469,101.08052062988281,101.08052062988281,115.63798522949219,115.63798522949219,129.54736328125,129.54736328125,130.5731658935547,130.5731658935547,115.81359100341797,115.81359100341797,94.95748138427734,94.95748138427734,60.22712326049805,60.22712326049805,42.706878662109375,42.706878662109375,28.99895668029785,28.99895668029785,25.952014923095703,25.952014923095703,25.098499298095703,25.098499298095703,24.20920181274414,24.20920181274414,28.981063842773438,28.981063842773438,35.72502136230469,35.72502136230469,53.68262481689453,53.68262481689453,84.74512481689453,84.74512481689453,99.41921997070312,99.41921997070312,109.52090454101562,109.52090454101562,111.25179290771484,111.25179290771484,126.04119110107422,126.04119110107422
111.4486083984375,111.4486083984375,122.91605377197266,122.91605377197266,123.82987213134766,123.82987213134766,100.93937683105469,100.93937683105469,101.08052062988281,101.08052062988281,115.63798522949219,115.63798522949219,129.54736328125,129.54736328125,130.5731658935547,130.5731658935547,115.81359100341797,115.81359100341797,94.95748138427734,94.95748138427734,60.22712326049805,60.22712326049805,42.706878662109375,42.706878662109375,28.99895668029785,28.99895668029785,25.952014923095703,25.952014923095703,25.098499298095703,25.098499298095703,24.20920181274414,24.20920181274414,28.981063842773438,28.981063842773438,35.72502136230469,35.72502136230469,53.68262481689453,53.68262481689453,84.74512481689453,84.74512481689453,99.41921997070312,99.41921997070312,109.52090454101562,109.52090454101562,111.25179290771484,111.25179290771484,126.04119110107422,126.04119110107422
111.4486083984375,111.4486083984375,122.91605377197266,122.91605377197266,123.82987213134766,123.82987213134766,100.93937683105469,100.93937683105469,101.08052062988281,101.08052062988281,115.63798522949219,115.63798522949219,129.54736328125,129.54736328125,130.5731658935547,130.5731658935547,115.81359100341797,115.81359100341797,94.95748138427734,94.95748138427734,60.22712326049805,60.22712326049805,42.706878662109375,42.706878662109375,28.99895668029785,28.99895668029785,25.952014923095703,25.952014923095703,25.098499298095703,25.098499298095703,24.20920181274414,24.20920181274414,28.981063842773438,28.981063842773438,35.72502136230469,35.72502136230469,53.68262481689453,53.68262481689453,84.74512481689453,84.74512481689453,99.41921997070312,99.41921997070312,109.52090454101562,109.52090454101562,111.25179290771484,111.25179290771484,126.04119110107422,126.04119110107422
320.66241455078125,320.66241455078125,304.52581787109375,304.52581787109375,274.1412353515625,274.1412353515625,225.5624542236328,225.5624542236328,167.25839233398438,167.25839233398438,144.9907989501953,144.9907989501953,126.36324310302734,126.36324310302734,91.18955993652344,91.18955993652344,209.6067657470703,209.6067657470703,257.5473937988281,257.5473937988281,266.56097412109375,266.56097412109375,303.7266540527344,303.7266540527344,315.78387451171875,315.78387451171875,333.2524108886719,333.2524108886719,321.83929443359375,321.83929443359375,303.9910583496094,303.9910583496094,324.6264953613281,324.6264953613281,342.0135192871094,342.0135192871094,289.8484191894531,289.8484191894531,245.35299682617188,245.35299682617188,240.71896362304688,240.71896362304688,250.57945251464844,250.57945251464844,264.0680236816406,264.0680236816406,245.58360290527344,245.58360290527344
93.85795593261719,93.85795593261719,91.16619873046875,91.16619873046875,81.14270782470703,81.14270782470703,88.43965911865234,88.43965911865234,74.27018737792969,74.27018737792969,85.63558197021484,85.63558197021484,84.59884643554688,84.59884643554688,75.82231903076172,75.82231903076172,70.95172119140625,70.95172119140625,57.18879699707031,57.18879699707031,51.887298583984375,51.887298583984375,37.63134765625,37.63134765625,26.58701515197754,26.58701515197754,25.484172821044922,25.484172821044922,18.53959083557129,18.53959083557129,19.595218658447266,19.595218658447266,21.886886596679688,21.886886596679688,18.811946868896484,18.811946868896484,26.81513786315918,26.81513786315918,52.36391830444336,52.36391830444336,67.2893295288086,67.2893295288086,85.77375030517578,85.77375030517578,98.31107330322266,98.31107330322266,92.26258087158203,92.26258087158203
93.85795593261719,93.85795593261719,91.16619873046875,91.16619873046875,81.14270782470703,81.14270782470703,88.43965911865234,88.43965911865234,74.27018737792969,74.27018737792969,85.63558197021484,85.63558197021484,84.59884643554688,84.59884643554688,75.82231903076172,75.82231903076172,70.95172119140625,70.95172119140625,57.18879699707031,57.18879699707031,51.887298583984375,51.887298583984375,37.63134765625,37.63134765625,26.58701515197754,26.58701515197754,25.484172821044922,25.484172821044922,18.53959083557129,18.53959083557129,19.595218658447266,19.595218658447266,21.886886596679688,21.886886596679688,18.811946868896484,18.811946868896484,26.81513786315918,26.81513786315918,52.36391830444336,52.36391830444336,67.2893295288086,67.2893295288086,85.77375030517578,85.77375030517578,98.31107330322266,98.31107330322266,92.26258087158203,92.26258087158203
93.85795593261719,93.85795593261719,91.16619873046875,91.16619873046875,81.14270782470703,81.14270782470703,88.43965911865234,88.43965911865234,74.27018737792969,74.27018737792969,85.63558197021484,85.63558197021484,84.59884643554688,84.59884643554688,75.82231903076172,75.82231903076172,70.95172119140625,70.95172119140625,57.18879699707031,57.18879699707031,51.887298583984375,51.887298583984375,37.63134765625,37.63134765625,26.58701515197754,26.58701515197754,25.484172821044922,25.484172821044922,18.53959083557129,18.53959083557129,19.595218658447266,19.595218658447266,21.886886596679688,21.886886596679688,18.811946868896484,18.811946868896484,26.81513786315918,26.81513786315918,52.36391830444336,52.36391830444336,67.2893295288086,67.2893295288086,85.77375030517578,85.77375030517578,98.31107330322266,98.31107330322266,92.26258087158203,92.26258087158203
93.85795593261719,93.85795593261719,91.16619873046875,91.16619873046875,81.14270782470703,81.14270782470703,88.43965911865234,88.43965911865234,74.27018737792969,74.27018737792969,85.63558197021484,85.63558197021484,84.59884643554688,84.59884643554688,75.82231903076172,75.82231903076172,70.95172119140625,70.95172119140625,57.18879699707031,57.18879699707031,51.887298583984375,51.887298583984375,37.63134765625,37.63134765625,26.58701515197754,26.58701515197754,25.484172821044922,25.484172821044922,18.53959083557129,18.53959083557129,19.595218658447266,19.595218658447266,21.886886596679688,21.886886596679688,18.811946868896484,18.811946868896484,26.81513786315918,26.81513786315918,52.36391830444336,52.36391830444336,67.2893295288086,67.2893295288086,85.77375030517578,85.77375030517578,98.31107330322266,98.31107330322266,92.26258087158203,92.26258087158203
77.21491241455078,77.21491241455078,88.22843170166016,88.22843170166016,86.10624694824219,86.10624694824219,73.57438659667969,73.57438659667969,73.02967834472656,73.02967834472656,85.90943145751953,85.90943145751953,91.95891571044922,91.95891571044922,78.15523529052734,78.15523529052734,65.07171630859375,65.07171630859375,48.715938568115234,48.715938568115234,32.48988342285156,32.48988342285156,23.59109878540039,23.59109878540039,17.196199417114258,17.196199417114258,16.983484268188477,16.983484268188477,16.06005859375,16.06005859375,19.91429328918457,19.91429328918457,22.90871810913086,22.90871810913086,33.74928283691406,33.74928283691406,53.81018829345703,53.81018829345703,71.50040435791016,71.50040435791016,84.44974517822266,84.44974517822266,86.23149108886719,86.23149108886719,89.24728393554688,89.24728393554688,95.15612030029297,95.15612030029297
117.73930358886719,117.73930358886719,131.64039611816406,131.64039611816406,129.85914611816406,129.85914611816406,139.10830688476562,139.10830688476562,98.86324310302734,98.86324310302734,78.83016204833984,78.83016204833984,62.28900909423828,62.28900909423828,37.30680847167969,37.30680847167969,39.28188705444336,39.28188705444336,35.0991325378418,35.0991325378418,32.2662353515625,32.2662353515625,25.4613094329834,25.4613094329834,20.32332420349121,20.32332420349121,20.338233947753906,20.338233947753906,22.487262725830078,22.487262725830078,27.18888282775879,27.18888282775879,38.44195556640625,38.44195556640625,62.08424758911133,62.08424758911133,107.68797302246094,107.68797302246094,144.93911743164062,144.93911743164062,154.0083770751953,154.0083770751953,144.87152099609375,144.87152099609375,150.75997924804688,150.75997924804688,148.13681030273438,148.13681030273438
117.73930358886719,117.73930358886719,131.64039611816406,131.64039611816406,129.85914611816406,129.85914611816406,139.10830688476562,139.10830688476562,98.86324310302734,98.86324310302734,78.83016204833984,78.83016204833984,62.28900909423828,62.28900909423828,37.30680847167969,37.30680847167969,39.28188705444336,39.28188705444336,35.0991325378418,35.0991325378418,32.2662353515625,32.2662353515625,25.4613094329834,25.4613094329834,20.32332420349121,20.32332420349121,20.338233947753906,20.338233947753906,22.487262725830078,22.487262725830078,27.18888282775879,27.18888282775879,38.44195556640625,38.44195556640625,62.08424758911133,62.08424758911133,107.68797302246094,107.68797302246094,144.93911743164062,144.93911743164062,154.0083770751953,154.0083770751953,144.87152099609375,144.87152099609375,150.75997924804688,150.75997924804688,148.13681030273438,148.13681030273438
130.05694580078125,130.05694580078125,133.47630310058594,133.47630310058594,122.10892486572266,122.10892486572266,118.2601547241211,118.2601547241211,132.56381225585938,132.56381225585938,117.27609252929688,117.27609252929688,108.63028717041016,108.63028717041016,119.38138580322266,119.38138580322266,164.7992401123047,164.7992401123047,191.4105987548828,191.4105987548828,170.5167236328125,170.5167236328125,156.12161254882812,156.12161254882812,154.38609313964844,154.38609313964844,146.62892150878906,146.62892150878906,175.36546325683594,175.36546325683594,183.33932495117188,183.33932495117188,180.0054473876953,180.0054473876953,161.87289428710938,161.87289428710938,158.53504943847656,158.53504943847656,167.6679229736328,167.6679229736328,205.1536407470703,205.1536407470703,227.68167114257812,227.68167114257812,220.93638610839844,220.93638610839844,227.34967041015625,227.34967041015625
139.5069122314453,139.5069122314453,154.20419311523438,154.20419311523438,139.9691162109375,139.9691162109375,120.18155670166016,120.18155670166016,122.17453002929688,122.17453002929688,119.88733673095703,119.88733673095703,101.53411865234375,101.53411865234375,104.49822235107422,104.49822235107422,102.58576965332031,102.58576965332031,85.4064712524414,85.4064712524414,64.9847412109375,64.9847412109375,36.591129302978516,36.591129302978516,34.955997467041016,34.955997467041016,33.307945251464844,33.307945251464844,31.03665542602539,31.03665542602539,48.65629959106445,48.65629959106445,65.6238784790039,65.6238784790039,116.8864517211914,116.8864517211914,135.95733642578125,135.95733642578125,138.41250610351562,138.41250610351562,127.97650909423828,127.97650909423828,122.83653259277344,122.83653259277344,112.69673919677734,112.69673919677734,111.38068389892578,111.38068389892578
139.5069122314453,139.5069122314453,154.20419311523438,154.20419311523438,139.9691162109375,139.9691162109375,120.18155670166016,120.18155670166016,122.17453002929688,122.17453002929688,119.88733673095703,119.88733673095703,101.53411865234375,101.53411865234375,104.49822235107422,104.49822235107422,102.58576965332031,102.58576965332031,85.4064712524414,85.4064712524414,64.9847412109375,64.9847412109375,36.591129302978516,36.591129302978516,34.955997467041016,34.955997467041016,33.307945251464844,33.307945251464844,31.03665542602539,31.03665542602539,48.65629959106445,48.65629959106445,65.6238784790039,65.6238784790039,116.8864517211914,116.8864517211914,135.95733642578125,135.95733642578125,138.41250610351562,138.41250610351562,127.97650909423828,127.97650909423828,122.83653259277344,122.83653259277344,112.69673919677734,112.69673919677734,111.38068389892578,111.38068389892578
73.5056381225586,73.5056381225586,75.6593017578125,75.6593017578125,74.9946517944336,74.9946517944336,80.16676330566406,80.16676330566406,78.22713470458984,78.22713470458984,75.36441802978516,75.36441802978516,63.36551284790039,63.36551284790039,58.81895446777344,58.81895446777344,76.0211181640625,76.0211181640625,81.18395233154297,81.18395233154297,73.38900756835938,73.38900756835938,67.65495300292969,67.65495300292969,61.20588302612305,61.20588302612305,71.58390045166016,71.58390045166016,76.73480987548828,76.73480987548828,81.47420501708984,81.47420501708984,83.90685272216797,83.90685272216797,73.8813705444336,73.8813705444336,70.7595443725586,70.7595443725586,70.32019805908203,70.32019805908203,64.80946350097656,64.80946350097656,74.56126403808594,74.56126403808594,77.39151763916016,77.39151763916016,73.18954467773438,73.18954467773438
73.5056381225586,73.5056381225586,75.6593017578125,75.6593017578125,74.9946517944336,74.9946517944336,80.16676330566406,80.16676330566406,78.22713470458984,78.22713470458984,75.36441802978516,75.36441802978516,63.36551284790039,63.36551284790039,58.81895446777344,58.81895446777344,76.0211181640625,76.0211181640625,81.18395233154297,81.18395233154297,73.38900756835938,73.38900756835938,67.65495300292969,67.65495300292969,61.20588302612305,61.20588302612305,71.58390045166016,71.58390045166016,76.73480987548828,76.73480987548828,81.47420501708984,81.47420501708984,83.90685272216797,83.90685272216797,73.8813705444336,73.8813705444336,70.7595443725586,70.7595443725586,70.32019805908203,70.32019805908203,64.80946350097656,64.80946350097656,74.56126403808594,74.56126403808594,77.39151763916016,77.39151763916016,73.18954467773438,73.18954467773438
73.5056381225586,73.5056381225586,75.6593017578125,75.6593017578125,74.9946517944336,74.9946517944336,80.16676330566406,80.16676330566406,78.22713470458984,78.22713470458984,75.36441802978516,75.36441802978516,63.36551284790039,63.36551284790039,58.81895446777344,58.81895446777344,76.0211181640625,76.0211181640625,81.18395233154297,81.18395233154297,73.38900756835938,73.38900756835938,67.65495300292969,67.65495300292969,61.20588302612305,61.20588302612305,71.58390045166016,71.58390045166016,76.73480987548828,76.73480987548828,81.47420501708984,81.47420501708984,83.90685272216797,83.90685272216797,73.8813705444336,73.8813705444336,70.7595443725586,70.7595443725586,70.32019805908203,70.32019805908203,64.80946350097656,64.80946350097656,74.56126403808594,74.56126403808594,77.39151763916016,77.39151763916016,73.18954467773438,73.18954467773438
158.36407470703125,158.36407470703125,144.99378967285156,144.99378967285156,136.0398406982422,136.0398406982422,111.93533325195312,111.93533325195312,96.61083221435547,96.61083221435547,92.42112731933594,92.42112731933594,101.68321990966797,101.68321990966797,76.32329559326172,76.32329559326172,69.6734390258789,69.6734390258789,68.97663879394531,68.97663879394531,54.98609161376953,54.98609161376953,44.791629791259766,44.791629791259766,47.77859878540039,47.77859878540039,72.32244873046875,72.32244873046875,84.75837707519531,84.75837707519531,95.3295669555664,95.3295669555664,103.01915740966797,103.01915740966797,122.46576690673828,122.46576690673828,118.28500366210938,118.28500366210938,135.37782287597656,135.37782287597656,146.74720764160156,146.74720764160156,156.96253967285156,156.96253967285156,166.22164916992188,166.22164916992188,154.9258270263672,154.9258270263672
158.36407470703125,158.36407470703125,144.99378967285156,144.99378967285156,136.0398406982422,136.0398406982422,111.93533325195312,111.93533325195312,96.61083221435547,96.61083221435547,92.42112731933594,92.42112731933594,101.68321990966797,101.68321990966797,76.32329559326172,76.32329559326172,69.6734390258789,69.6734390258789,68.97663879394531,68.97663879394531,54.98609161376953,54.98609161376953,44.791629791259766,44.791629791259766,47.77859878540039,47.77859878540039,72.32244873046875,72.32244873046875,84.75837707519531,84.75837707519531,95.3295669555664,95.3295669555664,103.01915740966797,103.01915740966797,122.46576690673828,122.46576690673828,118.28500366210938,118.28500366210938,135.37782287597656,135.37782287597656,146.74720764160156,146.74720764160156,156.96253967285156,156.96253967285156,166.22164916992188,166.22164916992188,154.9258270263672,154.9258270263672
70.28772735595703,70.28772735595703,90.8250961303711,90.8250961303711,81.5749282836914,81.5749282836914,77.72417449951172,77.72417449951172,77.10391998291016,77.10391998291016,81.61734008789062,81.61734008789062,79.4630126953125,79.4630126953125,63.65907287597656,63.65907287597656,75.45719146728516,75.45719146728516,59.910369873046875,59.910369873046875,44.851932525634766,44.851932525634766,40.661888122558594,40.661888122558594,39.66788864135742,39.66788864135742,61.45305633544922,61.45305633544922,71.9192123413086,71.9192123413086,75.0933837890625,75.0933837890625,78.04026794433594,78.04026794433594,79.42457580566406,79.42457580566406,95.25701141357422,95.25701141357422,104.0625228881836,104.0625228881836,103.29316711425781,103.29316711425781,98.00972747802734,98.00972747802734,98.02496337890625,98.02496337890625,101.90487670898438,101.90487670898438
70.28772735595703,70.28772735595703,90.8250961303711,90.8250961303711,81.5749282836914,81.5749282836914,77.72417449951172,77.72417449951172,77.10391998291016,77.10391998291016,81.61734008789062,81.61734008789062,79.4630126953125,79.4630126953125,63.65907287597656,63.65907287597656,75.45719146728516,75.45719146728516,59.910369873046875,59.910369873046875,44.851932525634766,44.851932525634766,40.661888122558594,40.661888122558594,39.66788864135742,39.66788864135742,61.45305633544922,61.45305633544922,71.9192123413086,71.9192123413086,75.0933837890625,75.0933837890625,78.04026794433594,78.04026794433594,79.42457580566406,79.42457580566406,95.25701141357422,95.25701141357422,104.0625228881836,104.0625228881836,103.29316711425781,103.29316711425781,98.00972747802734,98.00972747802734,98.02496337890625,98.02496337890625,101.90487670898438,101.90487670898438
70.28772735595703,70.28772735595703,90.8250961303711,90.8250961303711,81.5749282836914,81.5749282836914,77.72417449951172,77.72417449951172,77.10391998291016,77.10391998291016,81.61734008789062,81.61734008789062,79.4630126953125,79.4630126953125,63.65907287597656,63.65907287597656,75.45719146728516,75.45719146728516,59.910369873046875,59.910369873046875,44.851932525634766,44.851932525634766,40.661888122558594,40.661888122558594,39.66788864135742,39.66788864135742,61.45305633544922,61.45305633544922,71.9192123413086,71.9192123413086,75.0933837890625,75.0933837890625,78.04026794433594,78.04026794433594,79.42457580566406,79.42457580566406,95.25701141357422,95.25701141357422,104.0625228881836,104.0625228881836,103.29316711425781,103.29316711425781,98.00972747802734,98.00972747802734,98.02496337890625,98.02496337890625,101.90487670898438,101.90487670898438
101.68719482421875,101.68719482421875,95.02242279052734,95.02242279052734,91.1627197265625,91.1627197265625,106.18206024169922,106.18206024169922,122.74607849121094,122.74607849121094,117.43513488769531,117.43513488769531,106.8619613647461,106.8619613647461,96.97364807128906,96.97364807128906,86.38456726074219,86.38456726074219,58.586360931396484,58.586360931396484,44.386077880859375,44.386077880859375,35.209468841552734,35.209468841552734,58.219573974609375,58.219573974609375,65.31673431396484,65.31673431396484,57.285213470458984,57.285213470458984,73.06297302246094,73.06297302246094,93.01752471923828,93.01752471923828,104.11454010009766,104.11454010009766,120.92308044433594,120.92308044433594,142.51971435546875,142.51971435546875,149.3256378173828,149.3256378173828,160.12445068359375,160.12445068359375,159.67218017578125,159.67218017578125,163.6879425048828,163.6879425048828
101.68719482421875,101.68719482421875,95.02242279052734,95.02242279052734,91.1627197265625,91.1627197265625,106.18206024169922,106.18206024169922,122.74607849121094,122.74607849121094,117.43513488769531,117.43513488769531,106.8619613647461,106.8619613647461,96.97364807128906,96.97364807128906,86.38456726074219,86.38456726074219,58.586360931396484,58.586360931396484,44.386077880859375,44.386077880859375,35.209468841552734,35.209468841552734,58.219573974609375,58.219573974609375,65.31673431396484,65.31673431396484,57.285213470458984,57.285213470458984,73.06297302246094,73.06297302246094,93.01752471923828,93.01752471923828,104.11454010009766,104.11454010009766,120.92308044433594,120.92308044433594,142.51971435546875,142.51971435546875,149.3256378173828,149.3256378173828,160.12445068359375,160.12445068359375,159.67218017578125,159.67218017578125,163.6879425048828,163.6879425048828
94.5164794921875,94.5164794921875,86.81098937988281,86.81098937988281,85.45616912841797,85.45616912841797,98.24298095703125,98.24298095703125,96.14067077636719,96.14067077636719,82.03978729248047,82.03978729248047,67.61883544921875,67.61883544921875,57.62019348144531,57.62019348144531,78.9434814453125,78.9434814453125,91.0036849975586,91.0036849975586,89.94805145263672,89.94805145263672,83.96417236328125,83.96417236328125,78.99019622802734,78.99019622802734,84.22559356689453,84.22559356689453,92.77498626708984,92.77498626708984,98.68829345703125,98.68829345703125,92.43504333496094,92.43504333496094,84.26435852050781,84.26435852050781,84.60232543945312,84.60232543945312,99.64551544189453,99.64551544189453,103.76266479492188,103.76266479492188,103.18018341064453,103.18018341064453,94.33755493164062,94.33755493164062,89.13297271728516,89.13297271728516
94.5164794921875,94.5164794921875,86.81098937988281,86.81098937988281,85.45616912841797,85.45616912841797,98.24298095703125,98.24298095703125,96.14067077636719,96.14067077636719,82.03978729248047,82.03978729248047,67.61883544921875,67.61883544921875,57.62019348144531,57.62019348144531,78.9434814453125,78.9434814453125,91.0036849975586,91.0036849975586,89.94805145263672,89.94805145263672,83.96417236328125,83.96417236328125,78.99019622802734,78.99019622802734,84.22559356689453,84.22559356689453,92.77498626708984,92.77498626708984,98.68829345703125,98.68829345703125,92.43504333496094,92.43504333496094,84.26435852050781,84.26435852050781,84.60232543945312,84.60232543945312,99.64551544189453,99.64551544189453,103.76266479492188,103.76266479492188,103.18018341064453,103.18018341064453,94.33755493164062,94.33755493164062,89.13297271728516,89.13297271728516
79.60150909423828,79.60150909423828,66.18251037597656,66.18251037597656,48.68015670776367,48.68015670776367,65.89822387695312,65.89822387695312,76.10660552978516,76.10660552978516,70.82846069335938,70.82846069335938,68.40906524658203,68.40906524658203,50.427608489990234,50.427608489990234,26.187923431396484,26.187923431396484,24.245647430419922,24.245647430419922,13.854372024536133,13.854372024536133,7.874467849731445,7.874467849731445,10.854479789733887,10.854479789733887,16.987459182739258,16.987459182739258,19.62553596496582,19.62553596496582,33.988834381103516,33.988834381103516,58.49689865112305,58.49689865112305,100.43177032470703,100.43177032470703,154.2548828125,154.2548828125,155.56895446777344,155.56895446777344,169.4630889892578,169.4630889892578,164.08554077148438,164.08554077148438,179.39910888671875,179.39910888671875,200.07431030273438,200.07431030273438
59.170833587646484,59.170833587646484,57.36274719238281,57.36274719238281,56.977073669433594,56.977073669433594,62.20849609375,62.20849609375,60.33480453491211,60.33480453491211,59.040618896484375,59.040618896484375,57.011863708496094,57.011863708496094,65.39128112792969,65.39128112792969,89.82380676269531,89.82380676269531,96.6724624633789,96.6724624633789,92.40323638916016,92.40323638916016,79.6671142578125,79.6671142578125,75.32333374023438,75.32333374023438,75.23287963867188,75.23287963867188,84.37271118164062,84.37271118164062,91.42414093017578,91.42414093017578,94.81069946289062,94.81069946289062,74.02417755126953,74.02417755126953,75.02910614013672,75.02910614013672,92.78294372558594,92.78294372558594,107.74761199951172,107.74761199951172,118.24822998046875,118.24822998046875,114.92230224609375,114.92230224609375,106.4096908569336,106.4096908569336
59.170833587646484,59.170833587646484,57.36274719238281,57.36274719238281,56.977073669433594,56.977073669433594,62.20849609375,62.20849609375,60.33480453491211,60.33480453491211,59.040618896484375,59.040618896484375,57.011863708496094,57.011863708496094,65.39128112792969,65.39128112792969,89.82380676269531,89.82380676269531,96.6724624633789,96.6724624633789,92.40323638916016,92.40323638916016,79.6671142578125,79.6671142578125,75.32333374023438,75.32333374023438,75.23287963867188,75.23287963867188,84.37271118164062,84.37271118164062,91.42414093017578,91.42414093017578,94.81069946289062,94.81069946289062,74.02417755126953,74.02417755126953,75.02910614013672,75.02910614013672,92.78294372558594,92.78294372558594,107.74761199951172,107.74761199951172,118.24822998046875,118.24822998046875,114.92230224609375,114.92230224609375,106.4096908569336,106.4096908569336
113.19771575927734,113.19771575927734,115.82684326171875,115.82684326171875,111.58544921875,111.58544921875,116.0127182006836,116.0127182006836,122.93394470214844,122.93394470214844,110.680908203125,110.680908203125,93.7928466796875,93.7928466796875,78.1641845703125,78.1641845703125,106.812255859375,106.812255859375,108.96526336669922,108.96526336669922,111.92042541503906,111.92042541503906,113.74342346191406,113.74342346191406,110.03679656982422,110.03679656982422,114.68374633789062,114.68374633789062,121.47177124023438,121.47177124023438,125.27779388427734,125.27779388427734,120.02848052978516,120.02848052978516,115.1469497680664,115.1469497680664,106.42459869384766,106.42459869384766,121.18052673339844,121.18052673339844,105.67015075683594,105.67015075683594,128.05999755859375,128.05999755859375,117.81782531738281,117.81782531738281,104.80835723876953,104.80835723876953
113.19771575927734,113.19771575927734,115.82684326171875,115.82684326171875,111.58544921875,111.58544921875,116.0127182006836,116.0127182006836,122.93394470214844,122.93394470214844,110.680908203125,110.680908203125,93.7928466796875,93.7928466796875,78.1641845703125,78.1641845703125,106.812255859375,106.812255859375,108.96526336669922,108.96526336669922,111.92042541503906,111.92042541503906,113.74342346191406,113.74342346191406,110.03679656982422,110.03679656982422,114.68374633789062,114.68374633789062,121.47177124023438,121.47177124023438,125.27779388427734,125.27779388427734,120.02848052978516,120.02848052978516,115.1469497680664,115.1469497680664,106.42459869384766,106.42459869384766,121.18052673339844,121.18052673339844,105.67015075683594,105.67015075683594,128.05999755859375,128.05999755859375,117.81782531738281,117.81782531738281,104.80835723876953,104.80835723876953
101.4138412475586,101.4138412475586,107.43549346923828,107.43549346923828,100.78265380859375,100.78265380859375,103.70401763916016,103.70401763916016,106.5130615234375,106.5130615234375,95.61882019042969,95.61882019042969,88.35566711425781,88.35566711425781,76.88192749023438,76.88192749023438,98.7668228149414,98.7668228149414,107.55079650878906,107.55079650878906,101.57984161376953,101.57984161376953,93.85745239257812,93.85745239257812,94.10297393798828,94.10297393798828,94.56816864013672,94.56816864013672,102.42076873779297,102.42076873779297,105.85205078125,105.85205078125,104.6423568725586,104.6423568725586,98.9686050415039,98.9686050415039,98.41395568847656,98.41395568847656,97.21419525146484,97.21419525146484,108.77143096923828,108.77143096923828,123.50946807861328,123.50946807861328,110.60039520263672,110.60039520263672,110.32306671142578,110.32306671142578
101.4138412475586,101.4138412475586,107.43549346923828,107.43549346923828,100.78265380859375,100.78265380859375,103.70401763916016,103.70401763916016,106.5130615234375,106.5130615234375,95.61882019042969,95.61882019042969,88.35566711425781,88.35566711425781,76.88192749023438,76.88192749023438,98.7668228149414,98.7668228149414,107.55079650878906,107.55079650878906,101.57984161376953,101.57984161376953,93.85745239257812,93.85745239257812,94.10297393798828,94.10297393798828,94.56816864013672,94.56816864013672,102.42076873779297,102.42076873779297,105.85205078125,105.85205078125,104.6423568725586,104.6423568725586,98.9686050415039,98.9686050415039,98.41395568847656,98.41395568847656,97.21419525146484,97.21419525146484,108.77143096923828,108.77143096923828,123.50946807861328,123.50946807861328,110.60039520263672,110.60039520263672,110.32306671142578,110.32306671142578
77.59959411621094,77.59959411621094,43.67238235473633,43.67238235473633,39.7739143371582,39.7739143371582,41.1098518371582,41.1098518371582,46.54106903076172,46.54106903076172,53.34201431274414,53.34201431274414,41.533294677734375,41.533294677734375,25.631284713745117,25.631284713745117,64.85054779052734,64.85054779052734,150.89317321777344,150.89317321777344,179.08102416992188,179.08102416992188,202.96287536621094,202.96287536621094,191.97122192382812,191.97122192382812,189.64724731445312,189.64724731445312,194.03079223632812,194.03079223632812,201.3108367919922,201.3108367919922,207.30465698242188,207.30465698242188,189.85598754882812,189.85598754882812,156.42776489257812,156.42776489257812,161.1969757080078,161.1969757080078,149.4021759033203,149.4021759033203,146.7004852294922,146.7004852294922,135.92950439453125,135.92950439453125,122.26398468017578,122.26398468017578
181.017333984375,181.017333984375,197.9769744873047,197.9769744873047,192.3429718017578,192.3429718017578,148.61094665527344,148.61094665527344,152.0998992919922,152.0998992919922,182.4964141845703,182.4964141845703,139.4124755859375,139.4124755859375,149.99658203125,149.99658203125,148.64077758789062,148.64077758789062,120.7372055053711,120.7372055053711,106.78343200683594,106.78343200683594,71.89999389648438,71.89999389648438,67.82658386230469,67.82658386230469,60.997802734375,60.997802734375,53.00604248046875,53.00604248046875,83.09044647216797,83.09044647216797,104.92664337158203,104.92664337158203,156.91085815429688,156.91085815429688,173.9778289794922,173.9778289794922,175.6477508544922,175.6477508544922,158.79547119140625,158.79547119140625,143.5574493408203,143.5574493408203,145.65081787109375,145.65081787109375,128.07093811035156,128.07093811035156
120.60202026367188,120.60202026367188,106.2069091796875,106.2069091796875,124.15656280517578,124.15656280517578,132.6671905517578,132.6671905517578,131.7606658935547,131.7606658935547,118.55636596679688,118.55636596679688,92.630859375,92.630859375,67.20235443115234,67.20235443115234,127.47453308105469,127.47453308105469,152.02633666992188,152.02633666992188,155.4794921875,155.4794921875,190.9772186279297,190.9772186279297,209.60279846191406,209.60279846191406,226.4252471923828,226.4252471923828,208.4517364501953,208.4517364501953,199.8297882080078,199.8297882080078,215.40774536132812,215.40774536132812,206.9329071044922,206.9329071044922,173.61004638671875,173.61004638671875,137.46621704101562,137.46621704101562,149.71429443359375,149.71429443359375,157.64044189453125,157.64044189453125,168.68577575683594,168.68577575683594,162.06771850585938,162.06771850585938
120.60202026367188,120.60202026367188,106.2069091796875,106.2069091796875,124.15656280517578,124.15656280517578,132.6671905517578,132.6671905517578,131.7606658935547,131.7606658935547,118.55636596679688,118.55636596679688,92.630859375,92.630859375,67.20235443115234,67.20235443115234,127.47453308105469,127.47453308105469,152.02633666992188,152.02633666992188,155.4794921875,155.4794921875,190.9772186279297,190.9772186279297,209.60279846191406,209.60279846191406,226.4252471923828,226.4252471923828,208.4517364501953,208.4517364501953,199.8297882080078,199.8297882080078,215.40774536132812,215.40774536132812,206.9329071044922,206.9329071044922,173.61004638671875,173.61004638671875,137.46621704101562,137.46621704101562,149.71429443359375,149.71429443359375,157.64044189453125,157.64044189453125,168.68577575683594,168.68577575683594,162.06771850585938,162.06771850585938
167.7792510986328,167.7792510986328,157.29055786132812,157.29055786132812,159.51513671875,159.51513671875,135.4603271484375,135.4603271484375,91.1219711303711,91.1219711303711,47.35813522338867,47.35813522338867,12.78283977508545,12.78283977508545,12.220235824584961,12.220235824584961,44.288665771484375,44.288665771484375,87.90538024902344,87.90538024902344,71.16046142578125,71.16046142578125,48.54099655151367,48.54099655151367,45.36814880371094,45.36814880371094,104.15132141113281,104.15132141113281,128.7269744873047,128.7269744873047,132.7347869873047,132.7347869873047,147.92311096191406,147.92311096191406,148.22329711914062,148.22329711914062,160.85504150390625,160.85504150390625,167.0695343017578,167.0695343017578,156.97247314453125,156.97247314453125,191.33505249023438,191.33505249023438,193.0785369873047,193.0785369873047,185.17225646972656,185.17225646972656
223.6818084716797,223.6818084716797,227.74925231933594,227.74925231933594,234.79075622558594,234.79075622558594,239.18820190429688,239.18820190429688,242.11056518554688,242.11056518554688,242.73678588867188,242.73678588867188,241.5996551513672,241.5996551513672,230.3913116455078,230.3913116455078,242.09466552734375,242.09466552734375,242.7705841064453,242.7705841064453,226.9123077392578,226.9123077392578,177.3614044189453,177.3614044189453,129.69911193847656,129.69911193847656,113.86866760253906,113.86866760253906,81.70878601074219,81.70878601074219,40.42399215698242,40.42399215698242,31.65094757080078,31.65094757080078,26.436424255371094,26.436424255371094,26.072620391845703,26.072620391845703,38.73816680908203,38.73816680908203,154.76779174804688,154.76779174804688,144.84368896484375,144.84368896484375,195.5814208984375,195.5814208984375,223.936279296875,223.936279296875
137.82803344726562,137.82803344726562,72.57989501953125,72.57989501953125,109.61831665039062,109.61831665039062,119.54440307617188,119.54440307617188,144.3904266357422,144.3904266357422,168.8189697265625,168.8189697265625,176.85646057128906,176.85646057128906,119.97977447509766,119.97977447509766,80.31917572021484,80.31917572021484,54.29426956176758,54.29426956176758,36.046417236328125,36.046417236328125,31.726491928100586,31.726491928100586,40.10193634033203,40.10193634033203,35.320796966552734,35.320796966552734,31.654924392700195,31.654924392700195,61.415283203125,61.415283203125,90.22935485839844,90.22935485839844,99.48747253417969,99.48747253417969,147.33863830566406,147.33863830566406,190.56570434570312,190.56570434570312,197.6827392578125,197.6827392578125,201.01661682128906,201.01661682128906,196.9034423828125,196.9034423828125,199.3705596923828,199.3705596923828
54.87277603149414,54.87277603149414,50.02702713012695,50.02702713012695,35.3565788269043,35.3565788269043,39.14868927001953,39.14868927001953,33.93019104003906,33.93019104003906,31.13009262084961,31.13009262084961,28.816059112548828,28.816059112548828,10.563238143920898,10.563238143920898,2.9054620265960693,2.9054620265960693,1.0804779529571533,1.0804779529571533,0.4135040044784546,0.4135040044784546,0.2803080081939697,0.2803080081939697,1.878659963607788,1.878659963607788,5.244344234466553,5.244344234466553,7.79693603515625,7.79693603515625,11.206356048583984,11.206356048583984,17.429790496826172,17.429790496826172,36.596099853515625,36.596099853515625,65.19546508789062,65.19546508789062,84.78422546386719,84.78422546386719,96.56610870361328,96.56610870361328,98.28075408935547,98.28075408935547,103.35711669921875,103.35711669921875,105.4842758178711,105.4842758178711
54.87277603149414,54.87277603149414,50.02702713012695,50.02702713012695,35.3565788269043,35.3565788269043,39.14868927001953,39.14868927001953,33.93019104003906,33.93019104003906,31.13009262084961,31.13009262084961,28.816059112548828,28.816059112548828,10.563238143920898,10.563238143920898,2.9054620265960693,2.9054620265960693,1.0804779529571533,1.0804779529571533,0.4135040044784546,0.4135040044784546,0.2803080081939697,0.2803080081939697,1.878659963607788,1.878659963607788,5.244344234466553,5.244344234466553,7.79693603515625,7.79693603515625,11.206356048583984,11.206356048583984,17.429790496826172,17.429790496826172,36.596099853515625,36.596099853515625,65.19546508789062,65.19546508789062,84.78422546386719,84.78422546386719,96.56610870361328,96.56610870361328,98.28075408935547,98.28075408935547,103.35711669921875,103.35711669921875,105.4842758178711,105.4842758178711
74.06294250488281,74.06294250488281,77.48429107666016,77.48429107666016,66.3196792602539,66.3196792602539,82.4562759399414,82.4562759399414,79.88380432128906,79.88380432128906,80.9255142211914,80.9255142211914,66.78089904785156,66.78089904785156,47.91676330566406,47.91676330566406,40.1496467590332,40.1496467590332,26.2058162689209,26.2058162689209,29.154020309448242,29.154020309448242,38.79184341430664,38.79184341430664,46.91878890991211,46.91878890991211,52.22475814819336,52.22475814819336,67.7251968383789,67.7251968383789,66.58805847167969,66.58805847167969,61.45504379272461,61.45504379272461,64.19649505615234,64.19649505615234,72.82242584228516,72.82242584228516,87.57935333251953,87.57935333251953,92.56327056884766,92.56327056884766,110.56659698486328,110.56659698486328,113.77323913574219,113.77323913574219,117.27410888671875,117.27410888671875
74.91877746582031,74.91877746582031,76.584716796875,76.584716796875,76.50718688964844,76.50718688964844,76.5986328125,76.5986328125,73.41187286376953,73.41187286376953,71.71411895751953,71.71411895751953,64.47183227539062,64.47183227539062,67.09002685546875,67.09002685546875,74.9992904663086,74.9992904663086,76.08573150634766,76.08573150634766,73.7885971069336,73.7885971069336,69.88714599609375,69.88714599609375,66.28688049316406,66.28688049316406,66.96279907226562,66.96279907226562,70.03425598144531,70.03425598144531,72.94468688964844,72.94468688964844,74.39096069335938,74.39096069335938,73.98739624023438,73.98739624023438,75.62749481201172,75.62749481201172,74.59175109863281,74.59175109863281,73.62757110595703,73.62757110595703,75.21697235107422,75.21697235107422,76.45152282714844,76.45152282714844,76.4664306640625,76.4664306640625
74.91877746582031,74.91877746582031,76.584716796875,76.584716796875,76.50718688964844,76.50718688964844,76.5986328125,76.5986328125,73.41187286376953,73.41187286376953,71.71411895751953,71.71411895751953,64.47183227539062,64.47183227539062,67.09002685546875,67.09002685546875,74.9992904663086,74.9992904663086,76.08573150634766,76.08573150634766,73.7885971069336,73.7885971069336,69.88714599609375,69.88714599609375,66.28688049316406,66.28688049316406,66.96279907226562,66.96279907226562,70.03425598144531,70.03425598144531,72.94468688964844,72.94468688964844,74.39096069335938,74.39096069335938,73.98739624023438,73.98739624023438,75.62749481201172,75.62749481201172,74.59175109863281,74.59175109863281,73.62757110595703,73.62757110595703,75.21697235107422,75.21697235107422,76.45152282714844,76.45152282714844,76.4664306640625,76.4664306640625
97.24600219726562,97.24600219726562,93.83558654785156,93.83558654785156,79.67903900146484,79.67903900146484,88.12903594970703,88.12903594970703,88.74034118652344,88.74034118652344,83.32304382324219,83.32304382324219,88.86956024169922,88.86956024169922,95.34845733642578,95.34845733642578,92.50959014892578,92.50959014892578,84.87368774414062,84.87368774414062,71.73499298095703,71.73499298095703,50.878883361816406,50.878883361816406,43.99543380737305,43.99543380737305,39.15763473510742,39.15763473510742,40.555198669433594,40.555198669433594,44.31450653076172,44.31450653076172,55.06660461425781,55.06660461425781,74.38797760009766,74.38797760009766,88.90037536621094,88.90037536621094,93.2362060546875,93.2362060546875,93.91411590576172,93.91411590576172,96.69631958007812,96.69631958007812,97.2917251586914,97.2917251586914,99.68826293945312,99.68826293945312
97.24600219726562,97.24600219726562,93.83558654785156,93.83558654785156,79.67903900146484,79.67903900146484,88.12903594970703,88.12903594970703,88.74034118652344,88.74034118652344,83.32304382324219,83.32304382324219,88.86956024169922,88.86956024169922,95.34845733642578,95.34845733642578,92.50959014892578,92.50959014892578,84.87368774414062,84.87368774414062,71.73499298095703,71.73499298095703,50.878883361816406,50.878883361816406,43.99543380737305,43.99543380737305,39.15763473510742,39.15763473510742,40.555198669433594,40.555198669433594,44.31450653076172,44.31450653076172,55.06660461425781,55.06660461425781,74.38797760009766,74.38797760009766,88.90037536621094,88.90037536621094,93.2362060546875,93.2362060546875,93.91411590576172,93.91411590576172,96.69631958007812,96.69631958007812,97.2917251586914,97.2917251586914,99.68826293945312,99.68826293945312
75.8123779296875,75.8123779296875,79.00112915039062,79.00112915039062,76.56085968017578,76.56085968017578,83.38566589355469,83.38566589355469,90.3138427734375,90.3138427734375,81.21974182128906,81.21974182128906,58.404457092285156,58.404457092285156,40.97665786743164,40.97665786743164,69.4746322631836,69.4746322631836,80.81021118164062,80.81021118164062,86.87857818603516,86.87857818603516,87.09626770019531,87.09626770019531,86.98693084716797,86.98693084716797,84.90151977539062,84.90151977539062,81.68492889404297,81.68492889404297,78.755615234375,78.755615234375,81.37679290771484,81.37679290771484,84.00293731689453,84.00293731689453,70.61773681640625,70.61773681640625,67.00653076171875,67.00653076171875,61.9788818359375,61.9788818359375,74.07785034179688,74.07785034179688,60.78707504272461,60.78707504272461,53.89269256591797,53.89269256591797
75.8123779296875,75.8123779296875,79.00112915039062,79.00112915039062,76.56085968017578,76.56085968017578,83.38566589355469,83.38566589355469,90.3138427734375,90.3138427734375,81.21974182128906,81.21974182128906,58.404457092285156,58.404457092285156,40.97665786743164,40.97665786743164,69.4746322631836,69.4746322631836,80.81021118164062,80.81021118164062,86.87857818603516,86.87857818603516,87.09626770019531,87.09626770019531,86.98693084716797,86.98693084716797,84.90151977539062,84.90151977539062,81.68492889404297,81.68492889404297,78.755615234375,78.755615234375,81.37679290771484,81.37679290771484,84.00293731689453,84.00293731689453,70.61773681640625,70.61773681640625,67.00653076171875,67.00653076171875,61.9788818359375,61.9788818359375,74.07785034179688,74.07785034179688,60.78707504272461,60.78707504272461,53.89269256591797,53.89269256591797
112.84882354736328,112.84882354736328,115.19863891601562,115.19863891601562,108.1551513671875,108.1551513671875,115.83280944824219,115.83280944824219,114.0754165649414,114.0754165649414,107.96827697753906,107.96827697753906,99.33439636230469,99.33439636230469,96.4080581665039,96.4080581665039,133.1959991455078,133.1959991455078,147.6328582763672,147.6328582763672,141.06053161621094,141.06053161621094,128.2677459716797,128.2677459716797,117.43712615966797,117.43712615966797,121.17655181884766,121.17655181884766,138.4244384765625,138.4244384765625,151.3086700439453,151.3086700439453,151.040283203125,151.040283203125,127.5679702758789,127.5679702758789,132.50418090820312,132.50418090820312,161.31625366210938,161.31625366210938,179.08302307128906,179.08302307128906,174.7710418701172,174.7710418701172,165.2723846435547,165.2723846435547,176.5403594970703,176.5403594970703
26.6511287689209,26.6511287689209,22.388856887817383,22.388856887817383,19.46053123474121,19.46053123474121,28.659008026123047,28.659008026123047,36.551368713378906,36.551368713378906,40.20133590698242,40.20133590698242,37.6666374206543,37.6666374206543,48.644371032714844,48.644371032714844,79.3887939453125,79.3887939453125,72.50235748291016,72.50235748291016,62.96791076660156,62.96791076660156,33.080318450927734,33.080318450927734,67.72122192382812,67.72122192382812,91.43010711669922,91.43010711669922,109.73163604736328,109.73163604736328,116.9242172241211,116.9242172241211,123.31961822509766,123.31961822509766,123.790771484375,123.790771484375,120.28592681884766,120.28592681884766,109.34397888183594,109.34397888183594,62.83272933959961,62.83272933959961,20.597667694091797,20.597667694091797,8.182607650756836,8.182607650756836,0.7196559906005859,0.7196559906005859
55.12922668457031,55.12922668457031,41.674442291259766,41.674442291259766,56.065574645996094,56.065574645996094,63.96588897705078,63.96588897705078,62.1806640625,62.1806640625,49.803375244140625,49.803375244140625,43.415931701660156,43.415931701660156,36.91914749145508,36.91914749145508,41.408050537109375,41.408050537109375,29.293180465698242,29.293180465698242,32.70856475830078,32.70856475830078,28.959196090698242,28.959196090698242,25.442424774169922,25.442424774169922,24.999099731445312,24.999099731445312,22.800371170043945,22.800371170043945,25.4821834564209,25.4821834564209,36.7760124206543,36.7760124206543,58.145023345947266,58.145023345947266,70.99545288085938,70.99545288085938,70.37718963623047,70.37718963623047,74.6653060913086,74.6653060913086,61.99379348754883,61.99379348754883,48.366050720214844,48.366050720214844,56.68384552001953,56.68384552001953
91.61101531982422,91.61101531982422,67.99755096435547,67.99755096435547,57.532718658447266,57.532718658447266,48.785518646240234,48.785518646240234,71.50438690185547,71.50438690185547,100.83930969238281,100.83930969238281,84.65699005126953,84.65699005126953,76.40281677246094,76.40281677246094,51.81523132324219,51.81523132324219,45.1256103515625,45.1256103515625,36.62492370605469,36.62492370605469,25.2734432220459,25.2734432220459,25.682971954345703,25.682971954345703,20.7288761138916,20.7288761138916,19.77662467956543,19.77662467956543,22.160236358642578,22.160236358642578,26.871795654296875,26.871795654296875,40.905086517333984,40.905086517333984,70.20423126220703,70.20423126220703,97.51736450195312,97.51736450195312,106.89078521728516,106.89078521728516,100.12164306640625,100.12164306640625,101.08979797363281,101.08979797363281,92.43405151367188,92.43405151367188
97.0203628540039,97.0203628540039,97.7579116821289,97.7579116821289,96.7837905883789,96.7837905883789,93.674560546875,93.674560546875,92.02849578857422,92.02849578857422,85.90744018554688,85.90744018554688,70.8105697631836,70.8105697631836,59.24836349487305,59.24836349487305,81.53185272216797,81.53185272216797,90.24724578857422,90.24724578857422,84.79019165039062,84.79019165039062,80.40267181396484,80.40267181396484,79.16812133789062,79.16812133789062,82.83001708984375,82.83001708984375,87.45609283447266,87.45609283447266,92.05235290527344,92.05235290527344,83.53575897216797,83.53575897216797,77.53995513916016,77.53995513916016,82.64115905761719,82.64115905761719,70.89804077148438,70.89804077148438,87.11614990234375,87.11614990234375,96.02437591552734,96.02437591552734,86.03865051269531,86.03865051269531,81.4543228149414,81.4543228149414
15.699235916137695,15.699235916137695,10.590076446533203,10.590076446533203,19.951568603515625,19.951568603515625,27.006980895996094,27.006980895996094,27.847904205322266,27.847904205322266,19.339263916015625,19.339263916015625,24.154199600219727,24.154199600219727,28.269359588623047,28.269359588623047,38.45587158203125,38.45587158203125,41.280818939208984,41.280818939208984,38.45587158203125,38.45587158203125,29.128175735473633,29.128175735473633,28.06658363342285,28.06658363342285,34.931148529052734,34.931148529052734,36.996681213378906,36.996681213378906,49.694034576416016,49.694034576416016,48.379966735839844,48.379966735839844,30.90743637084961,30.90743637084961,29.19378089904785,29.19378089904785,39.89717102050781,39.89717102050781,45.155433654785156,45.155433654785156,43.787689208984375,43.787689208984375,39.27095031738281,39.27095031738281,31.076416015625,31.076416015625
17.247888565063477,17.247888565063477,15.1485595703125,15.1485595703125,16.214128494262695,16.214128494262695,22.17812728881836,22.17812728881836,22.728803634643555,22.728803634643555,18.470508575439453,18.470508575439453,17.758804321289062,17.758804321289062,12.138728141784668,12.138728141784668,6.94209623336792,6.94209623336792,5.447120189666748,5.447120189666748,3.4750239849090576,3.4750239849090576,2.252403974533081,2.252403974533081,3.40146803855896,3.40146803855896,3.910396099090576,3.910396099090576,4.753307819366455,4.753307819366455,7.445059776306152,7.445059776306152,11.345516204833984,11.345516204833984,18.69117546081543,18.69117546081543,38.35050964355469,38.35050964355469,38.65467071533203,38.65467071533203,34.740299224853516,34.740299224853516,39.90909957885742,39.90909957885742,41.924930572509766,41.924930572509766,42.26289367675781,42.26289367675781
65.11892700195312,65.11892700195312,61.123046875,61.123046875,66.24214935302734,66.24214935302734,69.68536376953125,69.68536376953125,61.74728012084961,61.74728012084961,58.60822677612305,58.60822677612305,47.46747589111328,47.46747589111328,76.01117706298828,76.01117706298828,111.14510345458984,111.14510345458984,106.54685974121094,106.54685974121094,96.1575698852539,96.1575698852539,82.96917724609375,82.96917724609375,57.9979133605957,57.9979133605957,67.77886962890625,67.77886962890625,76.13841247558594,76.13841247558594,112.66393280029297,112.66393280029297,126.5242691040039,126.5242691040039,125.54816436767578,125.54816436767578,109.8111572265625,109.8111572265625,112.16295623779297,112.16295623779297,134.61741638183594,134.61741638183594,131.9833221435547,131.9833221435547,130.53009033203125,130.53009033203125,105.98226928710938,105.98226928710938
31.85770034790039,31.85770034790039,35.179649353027344,35.179649353027344,32.44416046142578,32.44416046142578,28.12026023864746,28.12026023864746,22.24770736694336,22.24770736694336,6.67769193649292,6.67769193649292,4.385528087615967,4.385528087615967,6.516664028167725,6.516664028167725,13.657560348510742,13.657560348510742,44.320472717285156,44.320472717285156,46.60468292236328,46.60468292236328,41.811614990234375,41.811614990234375,49.55686569213867,49.55686569213867,49.719879150390625,49.719879150390625,50.35405349731445,50.35405349731445,48.64834976196289,48.64834976196289,49.18510818481445,49.18510818481445,49.465415954589844,49.465415954589844,43.83738708496094,43.83738708496094,42.5014533996582,42.5014533996582,41.60884094238281,41.60884094238281,34.57927322387695,34.57927322387695,38.03441619873047,38.03441619873047,41.1933479309082,41.1933479309082
44.11570739746094,44.11570739746094,39.98663330078125,39.98663330078125,21.112560272216797,21.112560272216797,33.54352569580078,33.54352569580078,50.680084228515625,50.680084228515625,46.59275436401367,46.59275436401367,42.632659912109375,42.632659912109375,36.314796447753906,36.314796447753906,20.19609260559082,20.19609260559082,14.669451713562012,14.669451713562012,5.415311813354492,5.415311813354492,1.7196199893951416,1.7196199893951416,1.8090800046920776,1.8090800046920776,6.377503871917725,6.377503871917725,10.530435562133789,10.530435562133789,15.444771766662598,15.444771766662598,25.780384063720703,25.780384063720703,52.17903518676758,52.17903518676758,80.3132095336914,80.3132095336914,83.09442138671875,83.09442138671875,85.98895263671875,85.98895263671875,79.86988830566406,79.86988830566406,88.45208740234375,88.45208740234375,97.03229522705078,97.03229522705078
22.130416870117188,22.130416870117188,15.168439865112305,15.168439865112305,18.263755798339844,18.263755798339844,21.579740524291992,21.579740524291992,18.164356231689453,18.164356231689453,20.066871643066406,20.066871643066406,14.023351669311523,14.023351669311523,29.51384735107422,29.51384735107422,48.86503982543945,48.86503982543945,47.96845245361328,47.96845245361328,43.256893157958984,43.256893157958984,36.91914749145508,36.91914749145508,27.012943267822266,27.012943267822266,32.88947296142578,32.88947296142578,39.56318664550781,39.56318664550781,47.98038101196289,47.98038101196289,60.54454040527344,60.54454040527344,54.39366912841797,54.39366912841797,49.12348175048828,49.12348175048828,50.153263092041016,50.153263092041016,56.399559020996094,56.399559020996094,60.21254348754883,60.21254348754883,49.69602584838867,49.69602584838867,39.98862075805664,39.98862075805664
85.88756561279297,85.88756561279297,86.81794738769531,86.81794738769531,66.12088012695312,66.12088012695312,50.022056579589844,50.022056579589844,61.63396453857422,61.63396453857422,45.63056564331055,45.63056564331055,29.86373519897461,29.86373519897461,29.161972045898438,29.161972045898438,32.69663619995117,32.69663619995117,44.334388732910156,44.334388732910156,58.015804290771484,58.015804290771484,78.54190063476562,78.54190063476562,88.70455932617188,88.70455932617188,82.8041763305664,82.8041763305664,81.28534698486328,81.28534698486328,91.60306549072266,91.60306549072266,75.39092254638672,75.39092254638672,62.63392639160156,62.63392639160156,70.88412475585938,70.88412475585938,76.38690948486328,76.38690948486328,75.0052490234375,75.0052490234375,64.22830200195312,64.22830200195312,60.79304122924805,60.79304122924805,57.115238189697266,57.115238189697266
68.50051879882812,68.50051879882812,63.850582122802734,63.850582122802734,73.60172271728516,73.60172271728516,81.33504486083984,81.33504486083984,75.7427978515625,75.7427978515625,72.79658508300781,72.79658508300781,62.76314926147461,62.76314926147461,30.165912628173828,30.165912628173828,49.940547943115234,49.940547943115234,70.87419128417969,70.87419128417969,79.16812133789062,79.16812133789062,81.93740844726562,81.93740844726562,78.11846160888672,78.11846160888672,79.76651000976562,79.76651000976562,71.3393783569336,71.3393783569336,68.01544189453125,68.01544189453125,75.4446029663086,75.4446029663086,78.86595153808594,78.86595153808594,67.10891723632812,67.10891723632812,57.39753723144531,57.39753723144531,62.20253372192383,62.20253372192383,62.88242721557617,62.88242721557617,69.50445556640625,69.50445556640625,71.89801025390625,71.89801025390625
37.51952362060547,37.51952362060547,28.21767234802246,28.21767234802246,25.4682674407959,25.4682674407959,28.802143096923828,28.802143096923828,23.28146743774414,23.28146743774414,27.09047508239746,27.09047508239746,19.756744384765625,19.756744384765625,42.714168548583984,42.714168548583984,64.01161193847656,64.01161193847656,59.091312408447266,59.091312408447266,54.25649642944336,54.25649642944336,49.29643630981445,49.29643630981445,37.96086120605469,37.96086120605469,27.48012351989746,27.48012351989746,34.37053298950195,34.37053298950195,60.99184036254883,60.99184036254883,85.83985137939453,85.83985137939453,85.6529769897461,85.6529769897461,78.04888153076172,78.04888153076172,70.98949432373047,70.98949432373047,76.5499267578125,76.5499267578125,80.7108154296875,80.7108154296875,75.50225067138672,75.50225067138672,57.226566314697266,57.226566314697266
80.94937133789062,80.94937133789062,93.70636749267578,93.70636749267578,84.10830688476562,84.10830688476562,64.26409149169922,64.26409149169922,73.35918426513672,73.35918426513672,67.1963882446289,67.1963882446289,48.78949737548828,48.78949737548828,21.468412399291992,21.468412399291992,6.146895885467529,6.146895885467529,2.24047589302063,2.24047589302063,2.01583194732666,2.01583194732666,5.512723922729492,5.512723922729492,7.238307952880859,7.238307952880859,3.2722480297088623,3.2722480297088623,4.971988201141357,4.971988201141357,6.466963768005371,6.466963768005371,8.345623970031738,8.345623970031738,27.47614860534668,27.47614860534668,54.40758514404297,54.40758514404297,97.5352554321289,97.5352554321289,111.96415710449219,111.96415710449219,125.293701171875,125.293701171875,136.6332550048828,136.6332550048828,144.1280059814453,144.1280059814453
68.30370330810547,68.30370330810547,47.87700271606445,47.87700271606445,37.08415222167969,37.08415222167969,46.62257766723633,46.62257766723633,40.94882583618164,40.94882583618164,34.00871658325195,34.00871658325195,31.583356857299805,31.583356857299805,13.572075843811035,13.572075843811035,1.6878119707107544,1.6878119707107544,0.461216002702713,0.461216002702713,3.0595319271087646,3.0595319271087646,4.10124397277832,4.10124397277832,3.7135839462280273,3.7135839462280273,4.695655822753906,4.695655822753906,6.952035903930664,6.952035903930664,9.285947799682617,9.285947799682617,19.746803283691406,19.746803283691406,34.668731689453125,34.668731689453125,70.90997314453125,70.90997314453125,98.11773681640625,98.11773681640625,116.14293670654297,116.14293670654297,119.07125854492188,119.07125854492188,127.81448364257812,127.81448364257812,126.54415130615234,126.54415130615234
79.33710479736328,79.33710479736328,74.43270874023438,74.43270874023438,83.09442138671875,83.09442138671875,86.82788848876953,86.82788848876953,71.68529510498047,71.68529510498047,67.93592071533203,67.93592071533203,51.46931838989258,51.46931838989258,41.632694244384766,41.632694244384766,65.44496154785156,65.44496154785156,73.14249420166016,73.14249420166016,66.83656311035156,66.83656311035156,61.19660568237305,61.19660568237305,59.506805419921875,59.506805419921875,65.36344909667969,65.36344909667969,66.9041519165039,66.9041519165039,74.78657531738281,74.78657531738281,79.44843292236328,79.44843292236328,76.9117431640625,76.9117431640625,68.87226867675781,68.87226867675781,67.8086929321289,67.8086929321289,53.95233154296875,53.95233154296875,59.32191848754883,59.32191848754883,51.614444732666016,51.614444732666016,57.1490364074707,57.1490364074707
53.58654022216797,53.58654022216797,51.84505081176758,51.84505081176758,41.10587692260742,41.10587692260742,40.42399215698242,40.42399215698242,40.56116485595703,40.56116485595703,37.066261291503906,37.066261291503906,37.75808334350586,37.75808334350586,33.02664566040039,33.02664566040039,21.48033905029297,21.48033905029297,15.238019943237305,15.238019943237305,12.884227752685547,12.884227752685547,10.945927619934082,10.945927619934082,7.612051963806152,7.612051963806152,4.512760162353516,4.512760162353516,1.7653440237045288,1.7653440237045288,2.8965160846710205,2.8965160846710205,7.6935601234436035,7.6935601234436035,25.1342830657959,25.1342830657959,53.42352294921875,53.42352294921875,67.18048095703125,67.18048095703125,62.93411636352539,62.93411636352539,72.22403717041016,72.22403717041016,76.0290756225586,76.0290756225586,77.61748504638672,77.61748504638672
13.510448455810547,13.510448455810547,11.349492073059082,11.349492073059082,7.930131912231445,7.930131912231445,8.898287773132324,8.898287773132324,11.24213981628418,11.24213981628418,14.456735610961914,14.456735610961914,13.989556312561035,13.989556312561035,10.617907524108887,10.617907524108887,4.387516021728516,4.387516021728516,5.703571796417236,5.703571796417236,8.510627746582031,8.510627746582031,11.876312255859375,11.876312255859375,11.415096282958984,11.415096282958984,12.627776145935059,12.627776145935059,16.72504425048828,16.72504425048828,13.106884002685547,13.106884002685547,22.520063400268555,22.520063400268555,48.58075714111328,48.58075714111328,49.37993240356445,49.37993240356445,51.878849029541016,51.878849029541016,52.82513427734375,52.82513427734375,49.819278717041016,49.819278717041016,60.17278289794922,60.17278289794922,46.58281707763672,46.58281707763672
124.28975677490234,124.28975677490234,101.25480651855469,101.25480651855469,139.16795349121094,139.16795349121094,146.9370574951172,146.9370574951172,151.61878967285156,151.61878967285156,153.05810546875,153.05810546875,158.5648651123047,158.5648651123047,131.06088256835938,131.06088256835938,40.25699996948242,40.25699996948242,69.78277587890625,69.78277587890625,94.09402465820312,94.09402465820312,86.48595428466797,86.48595428466797,59.54457473754883,59.54457473754883,36.83962631225586,36.83962631225586,21.975351333618164,21.975351333618164,18.81641960144043,18.81641960144043,18.57785987854004,18.57785987854004,8.351588249206543,8.351588249206543,5.270187854766846,5.270187854766846,17.603740692138672,17.603740692138672,36.310821533203125,36.310821533203125,43.94871520996094,43.94871520996094,92.70640563964844,92.70640563964844,135.47225952148438,135.47225952148438
23.915639877319336,23.915639877319336,26.93342399597168,26.93342399597168,31.742395401000977,31.742395401000977,33.815879821777344,33.815879821777344,33.330806732177734,33.330806732177734,35.17766189575195,35.17766189575195,37.80778503417969,37.80778503417969,30.18380355834961,30.18380355834961,22.96935272216797,22.96935272216797,31.59329605102539,31.59329605102539,27.04673957824707,27.04673957824707,24.613428115844727,24.613428115844727,17.039148330688477,17.039148330688477,15.307600021362305,15.307600021362305,16.573955535888672,16.573955535888672,9.922107696533203,9.922107696533203,10.631823539733887,10.631823539733887,8.301888465881348,8.301888465881348,6.248283863067627,6.248283863067627,7.2502360343933105,7.2502360343933105,8.357551574707031,8.357551574707031,9.17064380645752,9.17064380645752,24.903675079345703,24.903675079345703,28.311107635498047,28.311107635498047
71.30558776855469,71.30558776855469,64.00167083740234,64.00167083740234,59.717533111572266,59.717533111572266,53.90660858154297,53.90660858154297,55.10139465332031,55.10139465332031,55.90653610229492,55.90653610229492,35.249229431152344,35.249229431152344,26.565643310546875,26.565643310546875,65.39128112792969,65.39128112792969,75.2000732421875,75.2000732421875,81.26347351074219,81.26347351074219,88.52762603759766,88.52762603759766,88.80396270751953,88.80396270751953,90.91720581054688,90.91720581054688,86.08636474609375,86.08636474609375,81.09052276611328,81.09052276611328,82.41850280761719,82.41850280761719,86.39848327636719,86.39848327636719,79.75856018066406,79.75856018066406,69.4885482788086,69.4885482788086,63.98576736450195,63.98576736450195,57.139095306396484,57.139095306396484,66.55426025390625,66.55426025390625,71.65746307373047,71.65746307373047
59.254329681396484,59.254329681396484,56.2862434387207,56.2862434387207,49.037994384765625,49.037994384765625,54.34993362426758,54.34993362426758,73.40491485595703,73.40491485595703,69.73506164550781,69.73506164550781,43.86323165893555,43.86323165893555,38.93299102783203,38.93299102783203,55.70574951171875,55.70574951171875,46.0718994140625,46.0718994140625,31.485944747924805,31.485944747924805,36.058345794677734,36.058345794677734,33.33876037597656,33.33876037597656,33.752262115478516,33.752262115478516,43.996429443359375,43.996429443359375,44.63059997558594,44.63059997558594,41.280818939208984,41.280818939208984,59.548553466796875,59.548553466796875,65.14875030517578,65.14875030517578,57.5108528137207,57.5108528137207,68.58997344970703,68.58997344970703,70.62171173095703,70.62171173095703,71.86222076416016,71.86222076416016,72.03915405273438,72.03915405273438
41.24503707885742,41.24503707885742,50.204952239990234,50.204952239990234,53.05574417114258,53.05574417114258,61.65782165527344,61.65782165527344,57.96809387207031,57.96809387207031,59.158905029296875,59.158905029296875,63.61798858642578,63.61798858642578,34.167755126953125,34.167755126953125,5.783092021942139,5.783092021942139,2.0138440132141113,2.0138440132141113,4.095280170440674,4.095280170440674,5.622064113616943,5.622064113616943,1.3856359720230103,1.3856359720230103,3.830876111984253,3.830876111984253,2.655967950820923,2.655967950820923,3.4213480949401855,3.4213480949401855,13.06116008758545,13.06116008758545,25.806228637695312,25.806228637695312,44.193241119384766,44.193241119384766,61.92023468017578,61.92023468017578,63.56431198120117,63.56431198120117,75.32929229736328,75.32929229736328,81.03883361816406,81.03883361816406,84.44229125976562,84.44229125976562
16.595823287963867,16.595823287963867,9.69945240020752,9.69945240020752,5.828815937042236,5.828815937042236,12.085051536560059,12.085051536560059,20.33724021911621,20.33724021911621,12.472711563110352,12.472711563110352,13.027363777160645,13.027363777160645,15.335432052612305,15.335432052612305,2.6221721172332764,2.6221721172332764,4.220523834228516,4.220523834228516,3.1330881118774414,3.1330881118774414,2.347827911376953,2.347827911376953,6.965951919555664,6.965951919555664,11.432988166809082,11.432988166809082,14.97957992553711,14.97957992553711,15.029279708862305,15.029279708862305,24.959339141845703,24.959339141845703,54.36384963989258,54.36384963989258,82.69881439208984,82.69881439208984,83.45425415039062,83.45425415039062,77.60356903076172,77.60356903076172,79.25161743164062,79.25161743164062,61.18069839477539,61.18069839477539,47.19114303588867,47.19114303588867
20.81038475036621,20.81038475036621,18.21405601501465,18.21405601501465,30.95315933227539,30.95315933227539,35.1200065612793,35.1200065612793,33.662803649902344,33.662803649902344,24.052812576293945,24.052812576293945,31.100271224975586,31.100271224975586,42.05415344238281,42.05415344238281,47.6026611328125,47.6026611328125,50.377906799316406,50.377906799316406,46.03213882446289,46.03213882446289,38.10995864868164,38.10995864868164,35.85954284667969,35.85954284667969,40.304710388183594,40.304710388183594,44.38209915161133,44.38209915161133,54.57258987426758,54.57258987426758,55.85285949707031,55.85285949707031,45.51923751831055,45.51923751831055,33.02664566040039,33.02664566040039,48.83124542236328,48.83124542236328,57.63410949707031,57.63410949707031,62.67169952392578,62.67169952392578,61.97987747192383,61.97987747192383,47.90483474731445,47.90483474731445
42.217166900634766,42.217166900634766,43.64455032348633,43.64455032348633,38.73419189453125,38.73419189453125,35.131935119628906,35.131935119628906,32.90537643432617,32.90537643432617,36.26509475708008,36.26509475708008,32.94911193847656,32.94911193847656,28.012908935546875,28.012908935546875,31.96902847290039,31.96902847290039,32.20560073852539,32.20560073852539,44.72801208496094,44.72801208496094,41.712215423583984,41.712215423583984,43.39008712768555,43.39008712768555,43.020320892333984,43.020320892333984,45.31049728393555,45.31049728393555,41.813602447509766,41.813602447509766,42.489524841308594,42.489524841308594,46.75179672241211,46.75179672241211,43.187313079833984,43.187313079833984,45.238929748535156,45.238929748535156,47.57880401611328,47.57880401611328,46.70209503173828,46.70209503173828,48.10761260986328,48.10761260986328,46.85715866088867,46.85715866088867
43.96263122558594,43.96263122558594,37.72627639770508,37.72627639770508,24.358964920043945,24.358964920043945,36.688541412353516,36.688541412353516,64.79885864257812,64.79885864257812,52.62832260131836,52.62832260131836,49.745723724365234,49.745723724365234,49.395835876464844,49.395835876464844,21.2716007232666,21.2716007232666,14.088955879211426,14.088955879211426,4.15690803527832,4.15690803527832,0.6818839907646179,0.6818839907646179,2.2782480716705322,2.2782480716705322,7.3874077796936035,7.3874077796936035,12.772899627685547,12.772899627685547,17.766756057739258,17.766756057739258,23.64527130126953,23.64527130126953,55.51092529296875,55.51092529296875,99.79163360595703,99.79163360595703,99.71807861328125,99.71807861328125,103.39190673828125,103.39190673828125,97.35633850097656,97.35633850097656,98.95866394042969,98.95866394042969,114.41536712646484,114.41536712646484
113.6022720336914,113.6022720336914,111.00594329833984,111.00594329833984,111.86476135253906,111.86476135253906,108.44539642333984,108.44539642333984,91.74620056152344,91.74620056152344,84.02679443359375,84.02679443359375,63.723350524902344,63.723350524902344,55.13916778564453,55.13916778564453,78.99317932128906,78.99317932128906,94.7520523071289,94.7520523071289,86.5575180053711,86.5575180053711,77.80037689208984,77.80037689208984,78.56178283691406,78.56178283691406,86.70861053466797,86.70861053466797,89.53355407714844,89.53355407714844,100.82539367675781,100.82539367675781,83.53377532958984,83.53377532958984,72.47651672363281,72.47651672363281,70.98153686523438,70.98153686523438,59.298065185546875,59.298065185546875,79.68500518798828,79.68500518798828,75.74478912353516,75.74478912353516,71.93379211425781,71.93379211425781,70.16645812988281,70.16645812988281
146.19354248046875,146.19354248046875,141.70265197753906,141.70265197753906,133.99517822265625,133.99517822265625,137.34893798828125,137.34893798828125,131.5121612548828,131.5121612548828,123.75896453857422,123.75896453857422,137.4542999267578,137.4542999267578,145.3546142578125,145.3546142578125,146.5613250732422,146.5613250732422,145.2691192626953,145.2691192626953,111.29420471191406,111.29420471191406,70.57996368408203,70.57996368408203,53.55870819091797,53.55870819091797,51.6740837097168,51.6740837097168,55.22663879394531,55.22663879394531,64.42909240722656,64.42909240722656,79.8539810180664,79.8539810180664,118.63787841796875,118.63787841796875,150.344482421875,150.344482421875,155.8651580810547,155.8651580810547,157.497314453125,157.497314453125,158.54299926757812,158.54299926757812,159.00421142578125,159.00421142578125,155.075927734375,155.075927734375
114.2980728149414,114.2980728149414,105.21489715576172,105.21489715576172,83.29918670654297,83.29918670654297,129.4366912841797,129.4366912841797,117.69158935546875,117.69158935546875,131.59169006347656,131.59169006347656,93.92107391357422,93.92107391357422,128.89198303222656,128.89198303222656,143.13401794433594,143.13401794433594,112.07548522949219,112.07548522949219,67.26994323730469,67.26994323730469,42.980560302734375,42.980560302734375,36.034488677978516,36.034488677978516,33.21351623535156,33.21351623535156,34.352638244628906,34.352638244628906,38.92504119873047,38.92504119873047,42.511390686035156,42.511390686035156,68.03731536865234,68.03731536865234,105.50117492675781,105.50117492675781,124.20626068115234,124.20626068115234,146.63687133789062,146.63687133789062,151.30270385742188,151.30270385742188,145.7144317626953,145.7144317626953,158.527099609375,158.527099609375
74.06294250488281,74.06294250488281,77.48429107666016,77.48429107666016,66.3196792602539,66.3196792602539,82.4562759399414,82.4562759399414,79.88380432128906,79.88380432128906,80.9255142211914,80.9255142211914,66.78089904785156,66.78089904785156,47.91676330566406,47.91676330566406,40.1496467590332,40.1496467590332,26.2058162689209,26.2058162689209,29.154020309448242,29.154020309448242,38.79184341430664,38.79184341430664,46.91878890991211,46.91878890991211,52.22475814819336,52.22475814819336,67.7251968383789,67.7251968383789,66.58805847167969,66.58805847167969,61.45504379272461,61.45504379272461,64.19649505615234,64.19649505615234,72.82242584228516,72.82242584228516,87.57935333251953,87.57935333251953,92.56327056884766,92.56327056884766,110.56659698486328,110.56659698486328,113.77323913574219,113.77323913574219,117.27410888671875,117.27410888671875
121.40914916992188,121.40914916992188,105.57671356201172,105.57671356201172,116.53656005859375,116.53656005859375,131.68113708496094,131.68113708496094,129.412841796875,129.412841796875,109.68988800048828,109.68988800048828,86.4183578491211,86.4183578491211,64.31179809570312,64.31179809570312,93.17159271240234,93.17159271240234,110.99799346923828,110.99799346923828,103.26268768310547,103.26268768310547,92.87538146972656,92.87538146972656,88.62503814697266,88.62503814697266,96.0462417602539,96.0462417602539,100.42581176757812,100.42581176757812,108.46527862548828,108.46527862548828,100.4854507446289,100.4854507446289,92.23326110839844,92.23326110839844,97.97460174560547,97.97460174560547,91.77800750732422,91.77800750732422,92.35651397705078,92.35651397705078,96.32058715820312,96.32058715820312,88.86360168457031,88.86360168457031,79.78838348388672,79.78838348388672
72.8289566040039,72.8289566040039,57.34101867675781,57.34101867675781,69.80577850341797,69.80577850341797,79.28854370117188,79.28854370117188,92.60813903808594,92.60813903808594,88.44328308105469,88.44328308105469,81.47250366210938,81.47250366210938,74.0458984375,74.0458984375,68.6413803100586,68.6413803100586,46.6668815612793,46.6668815612793,30.370960235595703,30.370960235595703,17.146499633789062,17.146499633789062,24.7193603515625,24.7193603515625,27.793659210205078,27.793659210205078,23.61602020263672,23.61602020263672,37.00661849975586,37.00661849975586,53.979881286621094,53.979881286621094,57.94878005981445,57.94878005981445,76.61467742919922,76.61467742919922,95.47228240966797,95.47228240966797,99.27645874023438,99.27645874023438,100.92933654785156,100.92933654785156,101.47319793701172,101.47319793701172,76.49681854248047,76.49681854248047
79.9653091430664,79.9653091430664,74.04902648925781,74.04902648925781,74.45059967041016,74.45059967041016,91.141845703125,91.141845703125,105.6582260131836,105.6582260131836,95.97865295410156,95.97865295410156,96.51740264892578,96.51740264892578,90.4818344116211,90.4818344116211,71.11274719238281,71.11274719238281,65.44893646240234,65.44893646240234,91.44402313232422,91.44402313232422,84.79019165039062,84.79019165039062,65.9856948852539,65.9856948852539,60.232425689697266,60.232425689697266,65.79882049560547,65.79882049560547,79.5418701171875,79.5418701171875,93.28888702392578,93.28888702392578,105.4971923828125,105.4971923828125,111.3558349609375,111.3558349609375,128.62757873535156,128.62757873535156,144.8397216796875,144.8397216796875,142.80996704101562,142.80996704101562,138.20973205566406,138.20973205566406,135.10646057128906,135.10646057128906
36.046417236328125,36.046417236328125,29.839879989624023,29.839879989624023,18.62159538269043,18.62159538269043,21.86998748779297,21.86998748779297,24.977231979370117,24.977231979370117,29.301132202148438,29.301132202148438,26.072620391845703,26.072620391845703,20.870023727416992,20.870023727416992,13.53629207611084,13.53629207611084,13.888168334960938,13.888168334960938,15.359288215637207,15.359288215637207,13.037303924560547,13.037303924560547,11.615883827209473,11.615883827209473,15.506400108337402,15.506400108337402,13.261947631835938,13.261947631835938,11.343527793884277,11.343527793884277,17.738924026489258,17.738924026489258,39.00257110595703,39.00257110595703,55.40158462524414,55.40158462524414,71.57794189453125,71.57794189453125,74.71500396728516,74.71500396728516,81.82210540771484,81.82210540771484,86.71456909179688,86.71456909179688,68.75299072265625,68.75299072265625
115.05748748779297,115.05748748779297,89.8834457397461,89.8834457397461,84.75639343261719,84.75639343261719,68.11087036132812,68.11087036132812,42.13764953613281,42.13764953613281,45.84328079223633,45.84328079223633,60.26622009277344,60.26622009277344,45.0838623046875,45.0838623046875,11.735163688659668,11.735163688659668,10.448927879333496,10.448927879333496,12.687416076660156,12.687416076660156,14.554147720336914,14.554147720336914,25.066692352294922,25.066692352294922,38.95486068725586,38.95486068725586,54.89464569091797,54.89464569091797,77.76261138916016,77.76261138916016,93.45787048339844,93.45787048339844,110.9105224609375,110.9105224609375,121.44890594482422,121.44890594482422,101.61662292480469,101.61662292480469,124.458740234375,124.458740234375,111.1113052368164,111.1113052368164,109.88670349121094,109.88670349121094,136.4105987548828,136.4105987548828
179.84442138671875,179.84442138671875,178.46871948242188,178.46871948242188,180.22015380859375,180.22015380859375,180.1287078857422,180.1287078857422,180.15255737304688,180.15255737304688,180.23406982421875,180.23406982421875,176.48867797851562,176.48867797851562,165.06761169433594,165.06761169433594,154.35826110839844,154.35826110839844,138.64312744140625,138.64312744140625,95.51544952392578,95.51544952392578,95.5452651977539,95.5452651977539,92.171630859375,92.171630859375,81.74457550048828,81.74457550048828,101.54306030273438,101.54306030273438,114.75928497314453,114.75928497314453,126.31951141357422,126.31951141357422,144.77410888671875,144.77410888671875,171.3795166015625,171.3795166015625,175.66763305664062,175.66763305664062,173.34764099121094,173.34764099121094,173.0037078857422,173.0037078857422,172.12103271484375,172.12103271484375,173.33570861816406,173.33570861816406
80.1541748046875,80.1541748046875,90.20748901367188,90.20748901367188,91.48577117919922,91.48577117919922,89.58524322509766,89.58524322509766,82.98905944824219,82.98905944824219,73.53413391113281,73.53413391113281,56.109310150146484,56.109310150146484,80.11640167236328,80.11640167236328,129.38699340820312,129.38699340820312,126.1763687133789,126.1763687133789,103.26069641113281,103.26069641113281,119.73724365234375,119.73724365234375,141.23745727539062,141.23745727539062,146.67662048339844,146.67662048339844,141.7881317138672,141.7881317138672,147.7600860595703,147.7600860595703,133.68902587890625,133.68902587890625,122.89418029785156,122.89418029785156,136.07064819335938,136.07064819335938,126.39107513427734,126.39107513427734,129.67724609375,129.67724609375,139.9512176513672,139.9512176513672,157.7577362060547,157.7577362060547,159.1513214111328,159.1513214111328
88.84968566894531,88.84968566894531,56.33793258666992,56.33793258666992,44.74391555786133,44.74391555786133,52.2863883972168,52.2863883972168,53.59051513671875,53.59051513671875,61.24630355834961,61.24630355834961,53.33406448364258,53.33406448364258,77.4822998046875,77.4822998046875,63.19255447387695,63.19255447387695,27.859832763671875,27.859832763671875,9.53246021270752,9.53246021270752,9.9121675491333,9.9121675491333,12.27391242980957,12.27391242980957,12.78283977508545,12.78283977508545,18.554004669189453,18.554004669189453,19.80644416809082,19.80644416809082,29.366735458374023,29.366735458374023,114.6320571899414,114.6320571899414,147.52947998046875,147.52947998046875,149.3584442138672,149.3584442138672,154.48548889160156,154.48548889160156,148.82763671875,148.82763671875,155.7677459716797,155.7677459716797,159.43560791015625,159.43560791015625
162.2247772216797,162.2247772216797,143.0147247314453,143.0147247314453,142.98094177246094,142.98094177246094,123.18443298339844,123.18443298339844,146.93307495117188,146.93307495117188,179.9358673095703,179.9358673095703,164.83103942871094,164.83103942871094,156.40589904785156,156.40589904785156,105.10755157470703,105.10755157470703,106.05979919433594,106.05979919433594,72.23596954345703,72.23596954345703,46.78360366821289,46.78360366821289,45.80352020263672,45.80352020263672,37.5970573425293,37.5970573425293,41.535282135009766,41.535282135009766,52.95037841796875,52.95037841796875,58.17683029174805,58.17683029174805,93.45587921142578,93.45587921142578,149.97671508789062,149.97671508789062,175.76702880859375,175.76702880859375,177.84249877929688,177.84249877929688,178.2917938232422,178.2917938232422,169.7095947265625,169.7095947265625,166.51487731933594,166.51487731933594
167.12916564941406,167.12916564941406,169.02572631835938,169.02572631835938,164.4095916748047,164.4095916748047,132.25765991210938,132.25765991210938,121.647705078125,121.647705078125,106.40372467041016,106.40372467041016,79.06475067138672,79.06475067138672,62.08523941040039,62.08523941040039,53.3718376159668,53.3718376159668,68.1148452758789,68.1148452758789,91.66071319580078,91.66071319580078,96.72415161132812,96.72415161132812,106.35004425048828,106.35004425048828,86.6688461303711,86.6688461303711,100.4993667602539,100.4993667602539,96.31263732910156,96.31263732910156,95.0244140625,95.0244140625,110.3399658203125,110.3399658203125,149.86338806152344,149.86338806152344,167.80906677246094,167.80906677246094,175.94992065429688,175.94992065429688,179.5998992919922,179.5998992919922,174.9121856689453,174.9121856689453,167.8627471923828,167.8627471923828
33.99082565307617,33.99082565307617,43.757869720458984,43.757869720458984,50.063804626464844,50.063804626464844,49.92066955566406,49.92066955566406,34.819820404052734,34.819820404052734,33.835758209228516,33.835758209228516,33.388458251953125,33.388458251953125,58.240447998046875,58.240447998046875,94.68645477294922,94.68645477294922,95.42598724365234,95.42598724365234,85.07447052001953,85.07447052001953,75.66129302978516,75.66129302978516,63.598106384277344,63.598106384277344,83.28328704833984,83.28328704833984,104.54692840576172,104.54692840576172,107.26651763916016,107.26651763916016,112.7673110961914,112.7673110961914,104.37993621826172,104.37993621826172,99.86917114257812,99.86917114257812,115.13501739501953,115.13501739501953,118.25418853759766,118.25418853759766,135.69491577148438,135.69491577148438,126.26980590820312,126.26980590820312,105.10356903076172,105.10356903076172
290.3275146484375,290.3275146484375,285.281982421875,285.281982421875,305.09637451171875,305.09637451171875,347.30560302734375,347.30560302734375,358.37677001953125,358.37677001953125,395.908203125,395.908203125,354.15625,354.15625,337.9639892578125,337.9639892578125,387.29022216796875,387.29022216796875,407.8203125,407.8203125,416.84185791015625,416.84185791015625,412.871826171875,412.871826171875,381.8073425292969,381.8073425292969,326.25067138671875,326.25067138671875,275.7574768066406,275.7574768066406,250.39654541015625,250.39654541015625,284.3853759765625,284.3853759765625,232.2282257080078,232.2282257080078,204.77394104003906,204.77394104003906,265.34234619140625,265.34234619140625,222.7931671142578,222.7931671142578,246.5557403564453,246.5557403564453,353.79443359375,353.79443359375,380.2745666503906,380.2745666503906
96.48161315917969,96.48161315917969,97.96466064453125,97.96466064453125,78.9295654296875,78.9295654296875,92.81574249267578,92.81574249267578,96.07209014892578,96.07209014892578,79.44843292236328,79.44843292236328,73.93769836425781,73.93769836425781,54.17101287841797,54.17101287841797,32.10222244262695,32.10222244262695,13.170499801635742,13.170499801635742,7.987783908843994,7.987783908843994,14.130703926086426,14.130703926086426,12.118847846984863,12.118847846984863,8.395323753356934,8.395323753356934,7.4291558265686035,7.4291558265686035,8.615991592407227,8.615991592407227,10.431035995483398,10.431035995483398,33.291046142578125,33.291046142578125,71.45269775390625,71.45269775390625,123.74703979492188,123.74703979492188,136.03883361816406,136.03883361816406,148.84951782226562,148.84951782226562,152.13169860839844,152.13169860839844,153.67041015625,153.67041015625
60.71153259277344,60.71153259277344,66.84451293945312,66.84451293945312,55.926414489746094,55.926414489746094,50.606529235839844,50.606529235839844,53.37779998779297,53.37779998779297,49.32426834106445,49.32426834106445,49.980308532714844,49.980308532714844,42.79169845581055,42.79169845581055,29.831928253173828,29.831928253173828,22.00914764404297,22.00914764404297,15.492484092712402,15.492484092712402,13.611836433410645,13.611836433410645,12.902119636535645,12.902119636535645,6.528592109680176,6.528592109680176,5.973939895629883,5.973939895629883,4.71752405166626,4.71752405166626,9.343600273132324,9.343600273132324,38.91907501220703,38.91907501220703,71.99939727783203,71.99939727783203,88.53160095214844,88.53160095214844,81.48414611816406,81.48414611816406,94.82561492919922,94.82561492919922,102.08777618408203,102.08777618408203,106.29637145996094,106.29637145996094
