4.6,15.600000000000009,12.469740096861557,12.460271798647476,23.45026632167273,29.9,29.9,29.9,26.6,15.6,15.6,15.6,12.368453116436577,15.599999999999994,15.599999999999994,15.6,15.6,15.6,15.6,15.6,26.58663991120042,15.6,15.6,26.555959959236873,26.54573330858235,15.6,15.6,15.6,15.6,15.6,15.6,15.6,15.6,26.508539954118596,15.6,26.596225878925118,15.6,12.193443469819066,18.9,18.9,26.482121106594427,15.6,15.6,15.6,15.6,15.6,15.6,12.155702259070246,12.15192813799537
0.0,26.77857638491387,29.9,29.9,18.9,12.440039671018205,12.429813020363689,12.419586369709172,15.709359719054653,26.69913306840013,26.688906417745606,26.67867976703728,29.9,26.658226465782064,26.64799981512754,26.637773164473018,26.627546513818494,26.617319863163985,26.60709321250946,26.596866561854945,15.6,26.5764132605459,26.566186609891382,15.6,15.6,26.53873292271765,26.534958801642766,26.531184680567883,26.527410559493,26.523636438418116,26.519862317343232,26.51608819626835,26.512314075193473,15.6,26.504765833043713,15.504765833043713,26.497217590893946,29.9,23.189669348744182,23.1858952276693,15.6,26.478346985519543,26.47457286444466,26.470798743369777,26.467024622294893,26.46325050122001,26.459476380145126,29.9,29.9
5.0,14.375,14.375,13.818203476440331,14.375,13.818203476440338,14.375,14.375,14.375,14.375,13.818203476440338,14.375,14.375,13.818203476440331,14.375,14.375,13.818203476440338,14.375,14.375,13.818203476440331,14.375,14.375,14.375,14.375,13.818203476440338,14.375,13.818203476440338,14.375,14.375,14.375,13.818203476440338,14.375,14.375,13.818203476440338,14.375,13.818203476440331,14.375,14.375,14.375,13.818203476440338,14.375,13.818203476440331,14.375,14.375,14.375,14.375,14.375,13.818203476440338,13.818203476440338
5.0,14.375,14.375,14.375,14.375,14.375,13.818203476440331,13.818203476440338,14.375,13.818203476440331,14.375,14.375,13.818203476440338,14.375,13.818203476440338,13.818203476440331,14.375,14.375,14.375,14.375,13.818203476440331,13.818203476440331,14.375,14.375,14.375,14.375,14.375,14.375,13.818203476440331,14.375,14.375,14.375,14.375,14.375,13.818203476440338,14.375,14.375,14.375,14.375,14.375,14.375,14.375,14.375,14.375,13.818203476440338,13.818203476440338,14.375,14.375,14.375
0.0,15.543203476461848,15.543203476520056,16.1,15.54320347644034,16.1,16.1,16.1,16.1,16.1,16.1,15.54320347644034,16.1,16.1,16.1,16.1,16.1,16.1,16.1,16.1,16.1,16.1,16.1,16.1,16.1,15.54320347644034,16.1,16.1,16.1,15.54320347644034,16.1,16.1,16.1,16.1,16.1,16.1,16.1,15.54320347644034,16.1,16.1,15.54320347644034,16.1,16.1,16.1,16.1,16.1,16.1,16.1,16.1
0.0,14.950000000000003,14.950000000000003,14.950000000000003,14.950000000000003,14.950000000000003,14.950000000000003,14.950000000000003,14.393203476440341,14.950000000000003,14.950000000000003,14.950000000000003,14.950000000000003,14.950000000000003,14.950000000000003,14.950000000000003,14.950000000000003,14.393203476440334,14.393203476440334,14.950000000000003,14.950000000000003,14.950000000000003,14.393203476440334,14.393203476440341,14.950000000000003,14.950000000000003,14.950000000000003,14.393203476440334,14.950000000000003,14.950000000000003,14.950000000000003,14.393203476440341,14.393203476440341,14.950000000000003,14.950000000000003,14.950000000000003,14.393203476440334,14.950000000000003,14.393203476440341,14.950000000000003,14.950000000000003,14.950000000000003,14.393203476440341,14.393203476440334,14.950000000000003,14.950000000000003,14.393203476440334,14.950000000000003,14.950000000000003
24.0,0.0,0.0,0.0,0.0,0.0,0.0,0.0,0.0,0.0,0.0,0.0,0.0,0.0,0.0,0.0,0.0,0.0,0.0,0.0,0.0,0.0,0.0,0.0,0.0,69.0,69.0,69.0,69.0,68.5986,68.5986,68.5986,68.5986,68.5986,68.5986,68.5986,68.5986,68.5986,69.0,68.5986,68.5986,68.5986,68.5986,68.5986,68.5986,68.5986,69.0,68.5986,69.0
24.0,0.0,0.0,0.0,0.0,0.0,0.0,0.0,0.0,0.0,0.0,0.0,0.0,0.0,0.0,0.0,0.0,0.0,0.0,0.0,0.0,0.0,0.0,0.0,0.0,69.0,69.0,69.0,69.0,69.0,69.0,69.0,69.0,69.0,69.0,69.0,69.0,69.0,69.00000000000107,69.0,69.0,69.0,69.0,69.0,69.0,69.0,68.5986,69.0,68.5986
0.0,27.899640000000502,27.899640000000502,27.899640000000502,27.899640000000502,27.899640000000502,27.899640000000502,27.899640000000502,27.899640000000502,27.899640000000502,27.899640000000502,27.899640000000502,27.899640000000502,27.899640000000502,27.899640000000502,27.899640000000502,27.899640000000502,27.899640000000502,27.899640000000502,27.899640000000502,27.899640000000502,27.899640000000502,27.899640000000502,27.899640000000502,27.899640000000502,38.8996400000005,49.8996400000005,60.8996400000005,68.5986,69.0,69.0,69.0,69.0,69.0,69.0,69.0,69.0,69.0,68.59859999995503,69.0,69.0,69.0,69.0,69.0,69.0,69.0,69.0,69.0,69.0
150.0,0.0,0.0,0.0,0.0,0.0,0.0,0.0,0.0,0.0,0.0,0.0,0.0,0.0,0.0,0.0,0.0,0.0,0.0,0.0,0.0,0.0,0.0,0.0,0.0,0.0,0.0,0.0,0.0,0.0,0.0,0.0,0.0,0.0,0.0,0.0,0.0,0.0,0.0,0.0,0.0,0.0,0.0,0.0,0.0,0.0,0.0,0.0,0.0
150.0,0.0,0.0,0.0,0.0,0.0,0.0,0.0,0.0,0.0,0.0,0.0,0.0,0.0,0.0,0.0,0.0,0.0,0.0,0.0,0.0,65.6,65.6,65.6,115.6,165.6,115.6,138.6,188.6,138.6,88.6,0.0,0.0,0.0,0.0,0.0,0.0,0.0,0.0,0.0,0.0,0.0,0.0,0.0,0.0,0.0,0.0,0.0,0.0
150.0,100.0,0.0,0.0,0.0,0.0,0.0,0.0,0.0,0.0,0.0,0.0,0.0,0.0,0.0,0.0,0.0,0.0,0.0,0.0,0.0,0.0,0.0,0.0,0.0,0.0,0.0,0.0,0.0,0.0,0.0,0.0,0.0,0.0,0.0,0.0,0.0,0.0,0.0,0.0,0.0,0.0,0.0,0.0,0.0,0.0,0.0,0.0,0.0
0.0,0.0,0.0,0.0,0.0,0.0,0.0,0.0,0.0,0.0,0.0,0.0,0.0,0.0,0.0,0.0,0.0,0.0,0.0,0.0,0.0,0.0,0.0,0.0,0.0,0.0,0.0,0.0,0.0,0.0,0.0,0.0,0.0,0.0,0.0,0.0,0.0,0.0,0.0,0.0,0.0,0.0,0.0,0.0,0.0,0.0,0.0,0.0,0.0
0.0,0.0,0.0,0.0,0.0,0.0,0.0,0.0,0.0,0.0,0.0,0.0,0.0,0.0,0.0,0.0,0.0,0.0,0.0,0.0,0.0,0.0,0.0,0.0,0.0,0.0,0.0,0.0,0.0,0.0,0.0,0.0,0.0,0.0,0.0,0.0,0.0,0.0,0.0,0.0,0.0,0.0,0.0,0.0,0.0,0.0,0.0,0.0,0.0
0.0,0.0,0.0,0.0,0.0,0.0,0.0,0.0,0.0,0.0,0.0,0.0,0.0,0.0,0.0,0.0,0.0,0.0,0.0,0.0,0.0,0.0,0.0,0.0,0.0,0.0,0.0,138.6,188.6,138.6,88.6,65.6,115.6,165.6,115.6,115.6,65.6,0.0,0.0,0.0,0.0,0.0,0.0,0.0,0.0,0.0,0.0,0.0,0.0
0.0,0.0,0.0,0.0,0.0,0.0,0.0,0.0,0.0,0.0,0.0,0.0,0.0,0.0,0.0,0.0,0.0,0.0,0.0,0.0,0.0,0.0,0.0,0.0,0.0,0.0,0.0,0.0,0.0,0.0,0.0,0.0,0.0,0.0,0.0,0.0,0.0,0.0,0.0,0.0,0.0,0.0,0.0,0.0,0.0,0.0,0.0,0.0,0.0
0.0,0.0,0.0,0.0,0.0,0.0,0.0,0.0,0.0,0.0,0.0,0.0,0.0,0.0,0.0,0.0,0.0,0.0,0.0,0.0,0.0,0.0,0.0,0.0,0.0,0.0,0.0,0.0,0.0,0.0,0.0,0.0,0.0,0.0,0.0,0.0,0.0,0.0,0.0,0.0,0.0,0.0,0.0,0.0,0.0,0.0,0.0,0.0,0.0
20.0,0.0,0.0,0.0,0.0,0.0,0.0,0.0,0.0,0.0,0.0,0.0,0.0,0.0,0.0,0.0,0.0,0.0,0.0,0.0,0.0,0.0,0.0,0.0,0.0,0.0,0.0,0.0,0.0,0.0,0.0,0.0,0.0,0.0,0.0,0.0,0.0,0.0,0.0,0.0,0.0,0.0,0.0,0.0,0.0,0.0,0.0,0.0,0.0
20.0,0.0,0.0,0.0,0.0,0.0,0.0,0.0,0.0,0.0,0.0,0.0,0.0,0.0,0.0,0.0,0.0,0.0,0.0,0.0,0.0,0.0,0.0,0.0,0.0,0.0,0.0,0.0,0.0,0.0,0.0,0.0,0.0,0.0,0.0,0.0,0.0,0.0,0.0,0.0,0.0,0.0,0.0,0.0,0.0,0.0,0.0,0.0,0.0
40.0,0.0,0.0,0.0,0.0,0.0,0.0,0.0,0.0,0.0,0.0,0.0,0.0,0.0,0.0,0.0,0.0,0.0,0.0,0.0,0.0,0.0,0.0,0.0,0.0,0.0,0.0,0.0,0.0,0.0,0.0,0.0,0.0,0.0,0.0,0.0,0.0,0.0,0.0,0.0,0.0,0.0,0.0,0.0,0.0,0.0,0.0,0.0,0.0
40.0,0.0,0.0,0.0,0.0,0.0,0.0,0.0,0.0,0.0,0.0,0.0,0.0,0.0,0.0,0.0,0.0,0.0,0.0,0.0,0.0,0.0,0.0,0.0,0.0,0.0,0.0,0.0,0.0,0.0,0.0,0.0,0.0,0.0,0.0,0.0,0.0,0.0,0.0,0.0,0.0,0.0,0.0,0.0,0.0,0.0,0.0,0.0,0.0
50.0,0.0,0.0,0.0,0.0,0.0,0.0,0.0,0.0,0.0,0.0,0.0,0.0,0.0,0.0,0.0,0.0,0.0,0.0,0.0,0.0,0.0,0.0,0.0,0.0,0.0,0.0,0.0,0.0,0.0,0.0,0.0,0.0,0.0,0.0,0.0,0.0,0.0,0.0,0.0,0.0,0.0,0.0,0.0,0.0,0.0,0.0,0.0,0.0
50.0,0.0,0.0,0.0,0.0,0.0,0.0,0.0,0.0,0.0,0.0,0.0,0.0,0.0,0.0,0.0,0.0,0.0,0.0,0.0,0.0,0.0,0.0,0.0,0.0,0.0,0.0,0.0,0.0,0.0,0.0,0.0,0.0,0.0,0.0,0.0,0.0,0.0,0.0,0.0,0.0,0.0,0.0,0.0,0.0,0.0,0.0,0.0,0.0
50.0,0.0,0.0,0.0,0.0,0.0,0.0,0.0,0.0,0.0,0.0,0.0,0.0,0.0,0.0,0.0,0.0,0.0,0.0,0.0,0.0,0.0,0.0,0.0,0.0,0.0,0.0,0.0,0.0,0.0,0.0,0.0,0.0,0.0,0.0,0.0,0.0,0.0,0.0,0.0,0.0,0.0,0.0,0.0,0.0,0.0,0.0,0.0,0.0
50.0,0.0,0.0,0.0,0.0,0.0,0.0,0.0,0.0,0.0,0.0,0.0,0.0,0.0,0.0,0.0,0.0,0.0,0.0,0.0,0.0,0.0,0.0,0.0,0.0,0.0,0.0,0.0,0.0,0.0,0.0,0.0,0.0,0.0,0.0,0.0,0.0,0.0,0.0,0.0,0.0,0.0,0.0,0.0,0.0,0.0,0.0,0.0,0.0
0.0,0.0,0.0,0.0,0.0,0.0,0.0,0.0,0.0,0.0,0.0,0.0,0.0,0.0,0.0,0.0,0.0,0.0,0.0,0.0,0.0,0.0,0.0,0.0,0.0,0.0,0.0,0.0,0.0,0.0,0.0,0.0,0.0,0.0,0.0,0.0,0.0,0.0,0.0,0.0,0.0,0.0,0.0,0.0,0.0,0.0,0.0,0.0,0.0
0.0,0.0,0.0,0.0,0.0,0.0,0.0,0.0,0.0,0.0,0.0,0.0,0.0,0.0,0.0,0.0,0.0,0.0,0.0,0.0,0.0,0.0,0.0,0.0,0.0,0.0,0.0,0.0,0.0,0.0,0.0,0.0,0.0,0.0,0.0,0.0,0.0,0.0,0.0,0.0,0.0,0.0,0.0,0.0,0.0,0.0,0.0,0.0,0.0
150.0,200.00000000000017,211.00078107763503,211.6,161.6,0.0,0.0,0.0,0.0,0.0,0.0,0.0,0.0,0.0,0.0,0.0,0.0,0.0,0.0,0.0,0.0,0.0,0.0,0.0,0.0,0.0,0.0,0.0,0.0,0.0,0.0,0.0,0.0,0.0,0.0,0.0,0.0,0.0,0.0,0.0,0.0,0.0,0.0,0.0,0.0,0.0,0.0,0.0,0.0
150.0,99.99999999999986,73.6,73.6,123.00078107763503,0.0,0.0,0.0,0.0,0.0,0.0,0.0,0.0,0.0,0.0,0.0,0.0,0.0,0.0,0.0,0.0,0.0,0.0,0.0,0.0,0.0,0.0,0.0,0.0,0.0,0.0,0.0,0.0,0.0,0.0,0.0,0.0,0.0,0.0,0.0,0.0,0.0,0.0,0.0,0.0,0.0,0.0,0.0,0.0
150.0,196.20078107763496,211.6,211.00078107763503,211.6,0.0,0.0,0.0,0.0,0.0,0.0,0.0,0.0,0.0,0.0,0.0,0.0,0.0,0.0,0.0,0.0,0.0,0.0,0.0,0.0,0.0,0.0,0.0,0.0,0.0,0.0,0.0,0.0,0.0,0.0,0.0,0.0,0.0,0.0,0.0,0.0,0.0,0.0,0.0,0.0,0.0,0.0,0.0,0.0
0.0,0.0,0.0,0.0,0.0,0.0,0.0,0.0,0.0,0.0,0.0,0.0,0.0,0.0,0.0,0.0,0.0,0.0,0.0,0.0,0.0,0.0,0.0,0.0,0.0,0.0,0.0,0.0,0.0,0.0,0.0,0.0,0.0,0.0,0.0,0.0,0.0,0.0,0.0,0.0,0.0,0.0,0.0,0.0,0.0,0.0,0.0,0.0,0.0
0.0,0.0,0.0,0.0,0.0,0.0,0.0,0.0,0.0,0.0,0.0,0.0,0.0,0.0,0.0,0.0,0.0,0.0,0.0,0.0,0.0,0.0,0.0,0.0,0.0,0.0,0.0,0.0,0.0,0.0,0.0,0.0,0.0,0.0,0.0,0.0,0.0,0.0,0.0,0.0,0.0,0.0,0.0,0.0,0.0,0.0,0.0,0.0,0.0
0.0,0.0,0.0,0.0,0.0,0.0,0.0,0.0,0.0,0.0,0.0,0.0,0.0,0.0,0.0,0.0,0.0,0.0,0.0,0.0,0.0,0.0,0.0,0.0,0.0,0.0,0.0,0.0,0.0,0.0,0.0,0.0,0.0,0.0,0.0,0.0,0.0,0.0,0.0,0.0,0.0,0.0,0.0,0.0,0.0,0.0,0.0,0.0,0.0
100.0,45.508374006341796,121.9,45.50837400631474,45.50837400631474,121.90000000000003,121.9,121.9,121.90000000000003,0.0,0.0,0.0,0.0,0.0,0.0,0.0,0.0,0.0,0.0,0.0,0.0,0.0,0.0,0.0,0.0,0.0,0.0,0.0,0.0,0.0,0.0,0.0,0.0,0.0,0.0,0.0,0.0,0.0,0.0,0.0,0.0,0.0,0.0,0.0,0.0,0.0,0.0,0.0,0.0
100.0,121.9,121.9,121.9,121.9,121.9,121.90000000000003,121.90000000000003,121.9,0.0,0.0,0.0,0.0,0.0,0.0,0.0,0.0,0.0,0.0,0.0,0.0,0.0,0.0,0.0,0.0,0.0,0.0,0.0,0.0,0.0,0.0,0.0,0.0,0.0,0.0,0.0,0.0,0.0,0.0,0.0,0.0,0.0,0.0,0.0,0.0,0.0,0.0,0.0,0.0
100.0,121.9,45.50837400631474,121.9,121.9,121.9,121.9,121.9,121.9,0.0,0.0,0.0,0.0,0.0,0.0,0.0,0.0,0.0,0.0,0.0,0.0,0.0,0.0,0.0,0.0,0.0,0.0,0.0,0.0,0.0,0.0,0.0,0.0,0.0,0.0,0.0,0.0,0.0,0.0,0.0,0.0,0.0,0.0,0.0,0.0,0.0,0.0,0.0,0.0
0.0,0.0,0.0,0.0,0.0,0.0,0.0,0.0,0.0,0.0,0.0,0.0,0.0,0.0,0.0,0.0,0.0,0.0,0.0,0.0,0.0,0.0,0.0,0.0,0.0,0.0,0.0,0.0,0.0,0.0,0.0,0.0,0.0,0.0,0.0,0.0,0.0,0.0,0.0,0.0,0.0,0.0,0.0,0.0,0.0,0.0,0.0,0.0,0.0
38.0,16.8,35.25167868753074,16.8,48.3,48.3,48.3,16.8,48.3,16.8,16.8,16.8,16.8,41.25061152948659,16.8,48.3,16.8,48.3,48.3,0.0,0.0,0.0,0.0,0.0,0.0,0.0,0.0,0.0,0.0,0.0,0.0,0.0,0.0,0.0,0.0,0.0,0.0,0.0,0.0,0.0,0.0,0.0,0.0,0.0,0.0,0.0,0.0,0.0,0.0
38.0,16.8,48.3,35.25167868753074,16.8,16.8,16.8,16.8,35.25167868753074,16.8,16.8,16.8,16.8,16.8,16.8,16.8,48.3,16.8,16.8,0.0,0.0,0.0,0.0,0.0,0.0,0.0,0.0,0.0,0.0,0.0,0.0,0.0,0.0,0.0,0.0,0.0,0.0,0.0,0.0,0.0,0.0,0.0,0.0,0.0,0.0,0.0,0.0,0.0,0.0
38.0,48.3,16.8,48.3,16.8,16.8,16.8,48.3,16.8,16.8,16.8,16.8,41.25061152948659,16.8,41.25061152948659,38.93857996340172,16.8,16.8,16.8,0.0,0.0,0.0,0.0,0.0,0.0,0.0,0.0,0.0,0.0,0.0,0.0,0.0,0.0,0.0,0.0,0.0,0.0,0.0,0.0,0.0,0.0,0.0,0.0,0.0,0.0,0.0,0.0,0.0,0.0
0.0,16.8,16.8,16.8,16.8,16.8,16.8,35.25167868753074,16.8,48.3,35.25167868753074,41.250611529458865,16.8,16.8,16.8,16.8,16.8,16.8,38.93857996340172,0.0,0.0,0.0,0.0,0.0,0.0,0.0,0.0,0.0,0.0,0.0,0.0,0.0,0.0,0.0,0.0,0.0,0.0,0.0,0.0,0.0,0.0,0.0,0.0,0.0,0.0,0.0,0.0,0.0,0.0
0.0,35.251678687541826,16.8,16.8,35.25167868753074,35.25167868753074,35.25167868753074,16.8,16.8,35.25167868753074,48.3,16.8,16.8,16.8,16.8,16.8,38.93857996340172,38.93857996340172,16.8,0.0,0.0,0.0,0.0,0.0,0.0,0.0,0.0,0.0,0.0,0.0,0.0,0.0,0.0,0.0,0.0,0.0,0.0,0.0,0.0,0.0,0.0,0.0,0.0,0.0,0.0,0.0,0.0,0.0,0.0
95.0,42.24992522798544,109.25,38.0,38.0,108.741625831415,108.74162583141282,108.74162583141282,38.0,38.0,108.74162583141282,38.0,38.0,108.74162583141282,38.0,38.0,38.0,67.16911531434573,38.0,38.0,109.25,109.25,109.25,0.0,0.0,0.0,0.0,0.0,0.0,0.0,0.0,0.0,0.0,0.0,0.0,0.0,0.0,0.0,0.0,0.0,0.0,0.0,0.0,0.0,0.0,0.0,0.0,0.0,0.0
95.0,38.0,42.249925227920215,42.249925227920215,38.0,38.0,38.0,38.0,38.0,38.0,38.0,38.0,38.0,38.0,38.0,38.0,67.16911531434573,38.0,38.0,43.50210927966472,38.0,38.0,109.25,0.0,0.0,0.0,0.0,0.0,0.0,0.0,0.0,0.0,0.0,0.0,0.0,0.0,0.0,0.0,0.0,0.0,0.0,0.0,0.0,0.0,0.0,0.0,0.0,0.0,0.0
95.0,38.0,38.0,38.0,42.249925227920215,38.0,38.0,38.0,38.0,108.74162583141282,38.0,38.0,108.74162583141282,38.0,108.74162583141282,38.0,38.0,38.0,67.16911531434573,109.25,38.0,43.50210927966472,0.0,0.0,0.0,0.0,0.0,0.0,0.0,0.0,0.0,0.0,0.0,0.0,0.0,0.0,0.0,0.0,0.0,0.0,0.0,0.0,0.0,0.0,0.0,0.0,0.0,0.0,0.0
0.0,109.25,38.0,109.25,109.25,38.0,38.0,38.0,108.74162583141282,38.0,38.0,108.74162583141282,38.0,38.0,38.0,67.16911531434798,38.0,38.0,38.0,38.0,43.50210927966472,38.0,0.0,0.0,0.0,0.0,0.0,0.0,0.0,0.0,0.0,0.0,0.0,0.0,0.0,0.0,0.0,0.0,0.0,0.0,0.0,0.0,0.0,0.0,0.0,0.0,0.0,0.0,0.0
80.0,42.29300268444446,32.8,42.29300268444446,94.3,32.8,42.29300268444446,94.3,32.8,94.3,32.8,32.8,42.29300268444446,32.8,32.8,32.8,32.8,32.8,32.8,66.34624177046267,32.8,32.8,32.8,32.8,66.34624177511928,66.34624177698193,66.34624177884457,32.8,32.8,32.8,32.8,70.6670218748152,32.8,70.6670218748152,0.0,0.0,0.0,0.0,0.0,0.0,0.0,0.0,0.0,0.0,0.0,0.0,0.0,0.0,0.0
80.0,32.8,42.29300268444446,32.8,32.8,42.29300268444446,94.3,42.29300268444446,42.29300268444446,32.8,32.8,32.8,32.8,32.8,32.8,32.8,32.8,32.8,32.8,32.8,32.8,32.8,32.8,32.8,32.8,32.8,32.8,32.8,32.8,32.8,32.8,32.8,32.8,32.8,41.96702187481522,0.0,0.0,0.0,0.0,0.0,0.0,0.0,0.0,0.0,0.0,0.0,0.0,0.0,0.0
80.0,94.3,94.3,32.8,32.8,94.3,32.8,32.8,94.3,42.29300268444446,42.29300268444446,94.3,94.3,69.76685935312709,32.8,32.8,32.8,66.34624176999857,66.34624177092833,32.8,32.8,66.34624177232531,66.34624177325664,66.34624177325664,32.8,32.8,32.8,36.460846038812505,36.460846038810885,32.8,36.460846038810885,32.8,32.8,32.8,32.8,0.0,0.0,0.0,0.0,0.0,0.0,0.0,0.0,0.0,0.0,0.0,0.0,0.0,0.0
80.0,32.8,32.8,94.3,42.29300268444446,32.8,32.8,32.8,32.8,32.8,94.3,42.29300268444446,32.8,32.8,69.76685935334699,69.76685935334699,69.76685935381265,32.8,32.8,32.8,66.34624177046267,32.8,32.8,32.8,32.8,32.8,32.8,32.8,32.8,36.460846038810885,32.8,32.8,70.6670218748152,32.8,94.3,0.0,0.0,0.0,0.0,0.0,0.0,0.0,0.0,0.0,0.0,0.0,0.0,0.0,0.0
16.48,0.0,0.0,0.0,0.0,0.0,0.0,0.0,0.0,0.0,0.0,0.0,0.0,0.0,0.0,0.0,0.0,0.0,0.0,0.0,0.0,0.0,0.0,0.0,0.0,0.0,0.0,0.0,0.0,0.0,0.0,0.0,0.0,0.0,0.0,0.0,0.0,0.0,0.0,0.0,0.0,0.0,0.0,0.0,0.0,0.0,0.0,0.0,0.0
0.0,0.0,0.0,0.0,0.0,0.0,0.0,0.0,0.0,0.0,0.0,0.0,0.0,0.0,0.0,0.0,0.0,0.0,0.0,0.0,0.0,0.0,0.0,0.0,0.0,0.0,0.0,0.0,0.0,0.0,0.0,0.0,0.0,0.0,0.0,0.0,0.0,0.0,0.0,0.0,0.0,0.0,0.0,0.0,0.0,0.0,0.0,0.0,0.0
10.88,20.002656965297668,20.002656965298364,20.002656965298364,30.00265696529837,30.88265696529767,0.0,0.0,0.0,0.0,0.0,0.0,0.0,0.0,0.0,0.0,10.880000000000003,10.88,10.88,10.880000000000003,10.88,10.88,20.002656965299273,20.002656965299273,20.880000000000003,10.88,0.0,0.0,0.0,0.0,0.0,0.0,0.0,0.0,0.0,0.0,0.0,0.0,0.0,0.0,0.0,0.0,0.0,0.0,0.0,0.0,0.0,0.0,0.0
10.88,10.88,10.88,10.88,0.0,0.0,0.0,0.0,0.0,0.0,0.0,0.0,0.0,0.0,0.0,0.0,0.0,0.0,0.0,0.0,0.0,0.0,0.0,0.0,0.0,0.0,0.0,0.0,0.0,0.0,0.0,0.0,0.0,0.0,0.0,0.0,0.0,21.28,31.28,21.28,11.280000000000001,10.88,10.88,10.88,10.88,10.88,10.88,10.88,10.88
0.0,0.0,0.0,0.0,0.0,0.0,30.88265696529767,30.88265696529767,30.88265696529767,30.88265696529767,30.88265696529767,30.00265696529928,20.002656965299273,10.88,10.880000000000003,20.002656965299273,0.0,0.0,0.0,0.0,0.0,0.0,0.0,0.0,0.0,0.0,0.0,0.0,0.0,0.0,0.0,0.0,0.0,0.0,0.0,0.0,0.0,0.0,0.0,0.0,0.0,0.0,0.0,0.0,0.0,0.0,0.0,0.0,0.0
0.0,0.0,0.0,0.0,0.0,0.0,0.0,0.0,0.0,0.0,0.0,0.0,10.88,20.002656965299273,20.002656965299273,10.88,20.002656965299273,20.002656965299273,20.002656965299273,20.002656965299273,20.002656965299273,20.002656965299273,10.88,10.88,0.0,0.0,0.0,0.0,0.0,0.0,0.0,0.0,0.0,0.0,0.0,0.0,0.0,0.0,0.0,0.0,0.0,0.0,0.0,0.0,0.0,0.0,0.0,0.0,0.0
6.4,11.40230610738294,11.402306107382842,11.402306107382842,11.402306107382842,11.402306107382842,11.402306107382842,0.0,0.0,0.0,0.0,0.0,0.0,0.0,0.0,0.0,0.0,0.0,0.0,0.0,0.0,9.390134441374144,9.390134441374144,9.390134441374144,9.390134441374144,9.390134441374144,9.390134441374144,9.390134441374144,9.390134441374144,9.390134441374144,9.390134441374144,0.0,0.0,0.0,0.0,0.0,0.0,0.0,0.0,0.0,0.0,0.0,0.0,0.0,0.0,0.0,0.0,0.0,0.0
0.0,0.0,0.0,0.0,0.0,0.0,0.0,9.390134441374144,9.390134441374144,9.390134441374144,9.390134441374144,9.390134441374144,9.390134441374144,9.390134441374144,9.390134441374144,9.390134441374144,9.390134441374144,9.390134441374144,9.390134441374144,9.390134441374144,9.390134441374144,0.0,0.0,0.0,0.0,0.0,0.0,0.0,0.0,0.0,0.0,0.0,0.0,0.0,0.0,0.0,0.0,0.0,0.0,0.0,0.0,0.0,0.0,0.0,0.0,0.0,0.0,0.0,0.0
150.0,0.0,0.0,0.0,0.0,0.0,0.0,0.0,0.0,0.0,0.0,0.0,0.0,0.0,0.0,0.0,0.0,0.0,0.0,0.0,0.0,0.0,0.0,0.0,0.0,0.0,0.0,173.9,213.9,173.9,213.9,213.9,173.9,213.9,173.9,213.9,173.9,0.0,0.0,0.0,0.0,0.0,0.0,0.0,0.0,0.0,0.0,0.0,0.0
150.0,110.0,0.0,0.0,0.0,0.0,0.0,0.0,0.0,0.0,0.0,0.0,0.0,0.0,0.0,0.0,0.0,0.0,0.0,0.0,0.0,0.0,0.0,0.0,0.0,0.0,0.0,133.9,173.9,133.9,173.9,213.9,173.9,213.9,173.9,213.9,173.9,0.0,0.0,0.0,0.0,0.0,0.0,0.0,0.0,0.0,0.0,0.0,0.0
150.0,0.0,0.0,0.0,0.0,0.0,0.0,0.0,0.0,0.0,0.0,0.0,0.0,0.0,0.0,0.0,0.0,0.0,0.0,0.0,0.0,0.0,0.0,0.0,0.0,0.0,0.0,173.9,213.9,173.9,213.77439590751018,213.9,173.9,213.9,173.9,213.7740042089149,173.7740042089149,0.0,0.0,0.0,0.0,0.0,0.0,0.0,0.0,0.0,0.0,0.0,0.0
150.0,0.0,0.0,0.0,0.0,0.0,0.0,0.0,0.0,0.0,0.0,0.0,0.0,0.0,0.0,0.0,0.0,0.0,0.0,0.0,0.0,0.0,0.0,0.0,0.0,0.0,0.0,81.69041521441764,121.69041521441764,81.69041521441764,121.69041521441764,114.4,74.4,114.4,74.4,114.4,74.4,0.0,0.0,0.0,0.0,0.0,0.0,0.0,0.0,0.0,0.0,0.0,0.0
150.0,0.0,0.0,0.0,0.0,0.0,0.0,0.0,0.0,0.0,0.0,0.0,0.0,0.0,0.0,0.0,0.0,0.0,0.0,0.0,0.0,0.0,0.0,0.0,0.0,0.0,0.0,173.9,213.9,173.9,213.9,213.9,173.9,213.9,173.9,213.9,173.9,0.0,0.0,0.0,0.0,0.0,0.0,0.0,0.0,0.0,0.0,0.0,0.0
0.0,0.0,0.0,0.0,0.0,0.0,0.0,0.0,0.0,0.0,0.0,0.0,0.0,0.0,0.0,0.0,0.0,0.0,0.0,0.0,0.0,74.4,74.4,114.4,154.4,194.4,213.9,173.9,213.9,173.9,213.9,180.98915743145335,140.98915743145335,180.86316164036816,140.86316164036816,180.86316164036816,140.86316164036816,0.0,0.0,0.0,0.0,0.0,0.0,0.0,0.0,0.0,0.0,0.0,0.0
0.0,0.0,0.0,0.0,0.0,0.0,0.0,0.0,0.0,0.0,0.0,0.0,0.0,0.0,0.0,0.0,0.0,0.0,0.0,0.0,0.0,0.0,0.0,0.0,0.0,0.0,0.0,173.9,213.9,173.9,213.9,173.9,133.9,173.9,133.9,173.9,133.9,0.0,0.0,0.0,0.0,0.0,0.0,0.0,0.0,0.0,0.0,0.0,0.0
0.0,0.0,0.0,0.0,0.0,0.0,0.0,0.0,0.0,0.0,0.0,0.0,0.0,0.0,0.0,0.0,0.0,0.0,0.0,0.0,0.0,0.0,0.0,0.0,0.0,0.0,0.0,133.9,173.9,133.9,173.9,213.9,173.9,213.9,173.9,213.9,173.9,0.0,0.0,0.0,0.0,0.0,0.0,0.0,0.0,0.0,0.0,0.0,0.0
200.0,0.0,0.0,0.0,0.0,0.0,0.0,0.0,0.0,0.0,0.0,0.0,0.0,0.0,0.0,0.0,0.0,0.0,0.0,0.0,0.0,0.0,0.0,0.0,0.0,0.0,0.0,0.0,0.0,0.0,0.0,0.0,0.0,0.0,0.0,0.0,0.0,0.0,0.0,0.0,0.0,0.0,0.0,0.0,0.0,0.0,0.0,0.0,0.0
200.0,0.0,0.0,0.0,0.0,0.0,0.0,0.0,0.0,0.0,0.0,0.0,0.0,0.0,0.0,0.0,0.0,0.0,0.0,0.0,0.0,0.0,0.0,0.0,0.0,0.0,0.0,0.0,0.0,0.0,0.0,0.0,0.0,0.0,0.0,0.0,0.0,0.0,0.0,0.0,0.0,0.0,0.0,0.0,0.0,0.0,0.0,0.0,0.0
200.0,0.0,0.0,0.0,0.0,0.0,0.0,0.0,0.0,0.0,0.0,0.0,0.0,0.0,0.0,0.0,0.0,0.0,0.0,0.0,0.0,0.0,0.0,0.0,0.0,0.0,0.0,0.0,0.0,0.0,0.0,0.0,0.0,0.0,0.0,0.0,0.0,0.0,0.0,0.0,0.0,0.0,0.0,0.0,0.0,0.0,0.0,0.0,0.0
200.0,0.0,0.0,0.0,0.0,0.0,0.0,0.0,0.0,0.0,0.0,0.0,0.0,0.0,0.0,0.0,0.0,0.0,0.0,0.0,0.0,0.0,0.0,0.0,0.0,0.0,0.0,0.0,0.0,0.0,0.0,0.0,0.0,0.0,0.0,0.0,0.0,0.0,0.0,0.0,0.0,0.0,0.0,0.0,0.0,0.0,0.0,0.0,0.0
0.0,0.0,0.0,0.0,0.0,0.0,0.0,0.0,0.0,0.0,0.0,0.0,0.0,0.0,0.0,0.0,0.0,0.0,0.0,0.0,0.0,0.0,0.0,0.0,0.0,0.0,0.0,0.0,0.0,0.0,0.0,0.0,0.0,0.0,0.0,0.0,0.0,0.0,0.0,0.0,0.0,0.0,0.0,0.0,0.0,0.0,0.0,0.0,0.0
0.0,0.0,0.0,0.0,0.0,0.0,0.0,0.0,0.0,0.0,0.0,0.0,0.0,0.0,0.0,0.0,0.0,0.0,0.0,0.0,0.0,0.0,0.0,0.0,0.0,0.0,0.0,0.0,0.0,0.0,0.0,0.0,0.0,0.0,0.0,0.0,0.0,0.0,0.0,0.0,0.0,0.0,0.0,0.0,0.0,0.0,0.0,0.0,0.0
10.52,30.245,0.0,0.0,0.0,0.0,0.0,0.0,0.0,0.0,0.0,0.0,0.0,0.0,0.0,0.0,0.0,0.0,0.0,0.0,0.0,0.0,10.52,30.245,10.52,30.245,27.864992211939704,27.86399994803209,30.245,30.245,27.86102315630924,27.86003089240162,30.245,0.0,0.0,0.0,0.0,0.0,0.0,0.0,0.0,0.0,0.0,0.0,0.0,0.0,0.0,0.0,0.0
0.0,0.0,0.0,0.0,0.0,0.0,0.0,0.0,0.0,0.0,0.0,0.0,0.0,0.0,0.0,0.0,0.0,0.0,0.0,0.0,0.0,0.0,0.0,27.867281900323842,10.52,27.865984475847323,30.245,30.245,27.86300768412448,27.86201542021686,30.245,30.245,27.859038628494,0.0,0.0,0.0,0.0,0.0,0.0,0.0,0.0,0.0,0.0,0.0,0.0,0.0,0.0,0.0,0.0
42.52,42.519999999999996,0.0,0.0,0.0,0.0,0.0,0.0,0.0,0.0,0.0,0.0,0.0,0.0,0.0,0.0,0.0,0.0,0.0,0.0,0.0,0.0,0.0,0.0,0.0,0.0,0.0,0.0,0.0,0.0,0.0,0.0,0.0,0.0,0.0,0.0,0.0,0.0,0.0,0.0,0.0,0.0,0.0,0.0,0.0,0.0,0.0,0.0,0.0
0.0,0.0,0.0,0.0,0.0,0.0,0.0,0.0,0.0,0.0,0.0,0.0,0.0,0.0,0.0,0.0,0.0,0.0,0.0,0.0,0.0,0.0,0.0,0.0,0.0,0.0,0.0,0.0,0.0,0.0,0.0,0.0,0.0,0.0,0.0,0.0,0.0,0.0,0.0,0.0,0.0,0.0,0.0,0.0,0.0,0.0,0.0,0.0,0.0
250.0,0.0,0.0,0.0,0.0,0.0,0.0,0.0,0.0,0.0,0.0,0.0,0.0,0.0,0.0,0.0,0.0,0.0,0.0,0.0,0.0,0.0,0.0,0.0,0.0,0.0,0.0,0.0,0.0,0.0,0.0,0.0,0.0,0.0,0.0,0.0,0.0,0.0,0.0,0.0,0.0,0.0,0.0,0.0,0.0,0.0,0.0,0.0,0.0
250.0,129.99999999999983,0.0,0.0,0.0,0.0,0.0,0.0,0.0,0.0,0.0,0.0,0.0,0.0,0.0,0.0,0.0,0.0,0.0,0.0,0.0,0.0,0.0,0.0,0.0,0.0,0.0,0.0,0.0,0.0,0.0,0.0,0.0,0.0,0.0,0.0,0.0,0.0,0.0,0.0,0.0,0.0,0.0,0.0,0.0,0.0,0.0,0.0,0.0
250.0,0.0,0.0,0.0,0.0,0.0,0.0,0.0,0.0,0.0,0.0,0.0,0.0,0.0,0.0,0.0,0.0,0.0,0.0,0.0,0.0,0.0,0.0,0.0,0.0,0.0,0.0,0.0,0.0,0.0,0.0,0.0,0.0,0.0,0.0,0.0,0.0,0.0,0.0,0.0,0.0,0.0,0.0,0.0,0.0,0.0,0.0,0.0,0.0
0.0,0.0,0.0,0.0,0.0,0.0,0.0,0.0,0.0,0.0,0.0,0.0,0.0,0.0,0.0,0.0,0.0,0.0,0.0,0.0,0.0,0.0,119.2,119.2,134.9445207882959,254.9445207882959,134.9445207882959,222.70000000000005,342.70000000000005,222.70000000000005,119.2,119.2,119.19999999999999,239.2,119.2,122.89257780058605,119.2,0.0,0.0,0.0,0.0,0.0,0.0,0.0,0.0,0.0,0.0,0.0,0.0
150.0,68.0,0.0,0.0,0.0,0.0,0.0,0.0,0.0,0.0,0.0,0.0,0.0,0.0,0.0,0.0,0.0,0.0,0.0,0.0,0.0,0.0,68.0,68.0,75.5,195.5,103.31722676229998,75.5,195.5,75.5,195.5,124.8233158793642,0.0,0.0,0.0,0.0,0.0,0.0,0.0,0.0,0.0,0.0,0.0,0.0,0.0,0.0,0.0,0.0,0.0
150.0,0.0,0.0,0.0,0.0,0.0,0.0,0.0,0.0,0.0,0.0,0.0,0.0,0.0,0.0,0.0,0.0,0.0,0.0,0.0,0.0,0.0,0.0,0.0,0.0,0.0,0.0,0.0,0.0,0.0,0.0,0.0,0.0,0.0,0.0,0.0,0.0,0.0,0.0,0.0,0.0,0.0,0.0,0.0,0.0,0.0,0.0,0.0,0.0
0.0,0.0,0.0,0.0,0.0,0.0,0.0,0.0,0.0,0.0,0.0,0.0,0.0,0.0,0.0,0.0,0.0,0.0,0.0,0.0,0.0,0.0,0.0,0.0,0.0,0.0,0.0,0.0,0.0,0.0,0.0,0.0,0.0,0.0,0.0,0.0,0.0,0.0,0.0,0.0,0.0,0.0,0.0,0.0,0.0,0.0,0.0,0.0,0.0
120.0,54.39999999999999,0.0,0.0,0.0,0.0,0.0,0.0,0.0,0.0,0.0,0.0,0.0,0.0,0.0,0.0,0.0,0.0,0.0,0.0,0.0,0.0,54.39999999999999,54.39999999999999,54.39999999999999,134.39999999999998,54.39999999999999,76.40000000000003,156.3999999999994,76.40000000000009,54.39999999999998,54.39999999999998,54.40000000000006,134.39999999999998,54.40000000000009,54.40000000000002,54.39999999999998,134.4,119.756586111401,0.0,0.0,0.0,0.0,0.0,0.0,0.0,0.0,0.0,0.0
120.0,0.0,0.0,0.0,0.0,0.0,0.0,0.0,0.0,0.0,0.0,0.0,0.0,0.0,0.0,0.0,0.0,0.0,0.0,0.0,0.0,0.0,0.0,0.0,0.0,0.0,0.0,0.0,0.0,54.39999999999998,54.40000000000002,54.39999999999998,54.39999999999998,134.39999999999998,54.39999999999998,54.39999999999998,54.39999999999998,134.4,156.4,0.0,0.0,0.0,0.0,0.0,0.0,0.0,0.0,0.0,0.0
0.0,0.0,0.0,0.0,0.0,0.0,0.0,0.0,0.0,0.0,0.0,0.0,0.0,0.0,0.0,0.0,0.0,0.0,0.0,0.0,0.0,0.0,0.0,0.0,0.0,0.0,0.0,0.0,0.0,54.39999999999998,54.39999999999998,54.40000000000002,54.39999999999998,134.39999999999998,54.39999999999998,54.39999999999998,76.17030165033074,156.17030165033066,156.4,0.0,0.0,0.0,0.0,0.0,0.0,0.0,0.0,0.0,0.0
80.0,0.0,0.0,0.0,0.0,0.0,0.0,0.0,0.0,0.0,0.0,0.0,0.0,0.0,0.0,0.0,0.0,0.0,0.0,0.0,0.0,0.0,0.0,0.0,0.0,0.0,0.0,0.0,0.0,0.0,0.0,92.0,92.0,92.0,92.0,92.0,32.0,92.0,92.0,32.0,32.0,0.0,0.0,0.0,0.0,0.0,0.0,0.0,0.0
80.0,0.0,0.0,0.0,0.0,0.0,0.0,0.0,0.0,0.0,0.0,0.0,0.0,0.0,0.0,0.0,0.0,0.0,0.0,0.0,0.0,0.0,0.0,0.0,0.0,0.0,0.0,0.0,0.0,0.0,0.0,0.0,0.0,0.0,0.0,0.0,0.0,0.0,0.0,0.0,0.0,0.0,0.0,0.0,0.0,0.0,0.0,0.0,0.0
0.0,0.0,0.0,0.0,0.0,0.0,0.0,0.0,0.0,0.0,0.0,0.0,0.0,0.0,0.0,0.0,0.0,0.0,0.0,0.0,0.0,0.0,0.0,0.0,0.0,0.0,0.0,0.0,0.0,0.0,0.0,0.0,0.0,0.0,0.0,0.0,48.803840967181245,39.87600087351467,92.0,77.61944812176738,32.0,32.0,32.0,32.0,32.0,32.0,0.0,0.0,0.0
70.0,80.5,0.0,0.0,0.0,0.0,0.0,0.0,0.0,0.0,0.0,0.0,0.0,0.0,0.0,0.0,0.0,0.0,0.0,0.0,0.0,0.0,28.0,28.0,28.0,28.0,28.0,28.0,76.72638198189406,28.0,28.0,28.0,28.0,75.55202003762219,70.64734375445525,80.5,56.75227091905083,80.5,80.5,80.5,80.5,0.0,0.0,0.0,0.0,0.0,0.0,0.0,0.0
70.0,62.48341636294802,0.0,0.0,0.0,0.0,0.0,0.0,0.0,0.0,0.0,0.0,0.0,0.0,0.0,0.0,0.0,0.0,0.0,0.0,0.0,0.0,0.0,0.0,0.0,0.0,0.0,0.0,0.0,0.0,0.0,0.0,0.0,0.0,0.0,0.0,0.0,0.0,0.0,0.0,0.0,0.0,0.0,0.0,0.0,0.0,0.0,0.0,0.0
0.0,0.0,0.0,0.0,0.0,0.0,0.0,0.0,0.0,0.0,0.0,0.0,0.0,0.0,0.0,0.0,0.0,0.0,0.0,0.0,0.0,0.0,0.0,0.0,0.0,0.0,0.0,0.0,0.0,0.0,0.0,0.0,0.0,0.0,0.0,0.0,0.0,0.0,0.0,0.0,0.0,0.0,0.0,0.0,0.0,0.0,0.0,0.0,0.0
350.0,0.0,0.0,0.0,0.0,0.0,0.0,0.0,0.0,0.0,0.0,0.0,0.0,0.0,0.0,0.0,0.0,0.0,0.0,0.0,0.0,0.0,0.0,0.0,0.0,0.0,0.0,0.0,0.0,0.0,0.0,0.0,0.0,0.0,0.0,0.0,0.0,0.0,0.0,0.0,0.0,0.0,0.0,0.0,0.0,0.0,0.0,0.0,0.0
350.0,0.0,0.0,0.0,0.0,0.0,0.0,0.0,0.0,0.0,0.0,0.0,0.0,0.0,0.0,0.0,0.0,0.0,0.0,0.0,0.0,0.0,0.0,0.0,0.0,0.0,0.0,0.0,0.0,0.0,0.0,0.0,0.0,0.0,0.0,0.0,0.0,0.0,0.0,0.0,0.0,0.0,0.0,0.0,0.0,0.0,0.0,0.0,0.0
350.0,0.0,0.0,0.0,0.0,0.0,0.0,0.0,0.0,0.0,0.0,0.0,0.0,0.0,0.0,0.0,0.0,0.0,0.0,0.0,0.0,0.0,0.0,0.0,0.0,0.0,0.0,0.0,0.0,0.0,0.0,0.0,0.0,0.0,0.0,0.0,0.0,0.0,0.0,0.0,0.0,0.0,0.0,0.0,0.0,0.0,0.0,0.0,0.0
350.0,0.0,0.0,0.0,0.0,0.0,0.0,0.0,0.0,0.0,0.0,0.0,0.0,0.0,0.0,0.0,0.0,0.0,0.0,0.0,0.0,0.0,0.0,0.0,0.0,0.0,0.0,0.0,0.0,0.0,0.0,0.0,0.0,0.0,0.0,0.0,0.0,0.0,0.0,0.0,0.0,0.0,0.0,0.0,0.0,0.0,0.0,0.0,0.0
0.0,0.0,0.0,0.0,0.0,0.0,0.0,0.0,0.0,0.0,0.0,0.0,0.0,0.0,0.0,0.0,0.0,0.0,0.0,0.0,0.0,0.0,0.0,0.0,0.0,0.0,0.0,0.0,0.0,0.0,0.0,0.0,0.0,0.0,0.0,0.0,0.0,0.0,0.0,0.0,0.0,0.0,0.0,0.0,0.0,0.0,0.0,0.0,0.0
0.0,0.0,0.0,0.0,0.0,0.0,0.0,0.0,0.0,0.0,0.0,0.0,0.0,0.0,0.0,0.0,0.0,0.0,0.0,0.0,0.0,0.0,0.0,0.0,0.0,0.0,0.0,0.0,0.0,0.0,0.0,0.0,0.0,0.0,0.0,0.0,0.0,0.0,0.0,0.0,0.0,0.0,0.0,0.0,0.0,0.0,0.0,0.0,0.0
6.8,16.732655092295698,19.550000000000004,19.550000000000004,19.55000000000001,19.550000000000004,19.550000000000004,19.550000000000004,19.550000000000004,6.8,13.31839794768625,6.8,13.318397952400602,13.318397952400602,13.318397952400602,13.318397952400602,6.8,6.8,13.318397952400602,13.318397952400602,6.8,0.0,0.0,0.0,0.0,0.0,0.0,0.0,0.0,0.0,0.0,0.0,19.550000000000004,6.8,13.318397952400598,13.318397952400598,13.318397952400598,6.8,19.550000000000004,13.318397952400598,6.8,13.318397952400598,13.318397952400598,13.318397952400598,13.318397952400598,6.8,13.318397952400598,6.8,13.318397952400598
6.8,6.8,19.550000000000004,19.550000000000004,19.550000000000004,19.550000000000004,19.550000000000004,19.550000000000004,19.550000000000004,13.318397952400602,6.8,13.318397952400602,6.8,6.8,6.8,6.8,13.318397952400602,13.318397952400602,6.8,6.8,6.800000000000001,0.0,0.0,0.0,0.0,0.0,0.0,0.0,0.0,0.0,0.0,0.0,0.0,13.318397952400598,6.8,6.8,6.8,13.318397952400598,19.550000000000004,6.8,13.318397952400598,6.8,6.8,6.8,6.8,13.318397952400598,6.8,13.318397952400598,6.8
0.0,0.0,0.0,0.0,0.0,0.0,0.0,0.0,0.0,0.0,0.0,0.0,0.0,0.0,0.0,0.0,0.0,0.0,0.0,0.0,0.0,21.6,21.6,21.6,21.6,21.6,21.6,21.6,21.6,21.6,21.6,0.0,0.0,0.0,0.0,0.0,0.0,0.0,0.0,0.0,0.0,0.0,0.0,0.0,0.0,0.0,0.0,0.0,0.0
0.0,0.0,0.0,0.0,0.0,0.0,0.0,0.0,0.0,0.0,0.0,0.0,0.0,0.0,0.0,0.0,0.0,0.0,0.0,0.0,21.6,21.6,21.6,21.6,21.6,21.6,21.6,21.6,21.6,21.6,0.0,0.0,0.0,0.0,0.0,0.0,0.0,0.0,0.0,0.0,0.0,0.0,0.0,0.0,0.0,0.0,0.0,0.0,0.0
21.6,21.6,62.1,30.032655092293588,62.1,62.1,62.1,62.1,62.1,0.0,0.0,0.0,0.0,0.0,0.0,0.0,0.0,0.0,0.0,0.0,0.0,0.0,0.0,0.0,0.0,0.0,0.0,0.0,0.0,0.0,0.0,0.0,0.0,0.0,0.0,0.0,0.0,0.0,0.0,0.0,0.0,0.0,0.0,0.0,0.0,0.0,0.0,0.0,0.0
33.6,83.60000000000005,46.599999999999994,96.6,96.6,64.5326550922936,33.6,64.5326550922936,96.6,0.0,0.0,0.0,0.0,0.0,0.0,0.0,0.0,0.0,0.0,0.0,0.0,0.0,0.0,0.0,0.0,0.0,0.0,0.0,0.0,0.0,0.0,0.0,0.0,0.0,0.0,0.0,0.0,0.0,0.0,0.0,0.0,0.0,0.0,0.0,0.0,0.0,0.0,0.0,0.0
33.6,83.60000000000005,96.6,96.6,46.599999999999994,33.6,64.5326550922936,33.6,51.532655092293595,0.0,0.0,0.0,0.0,0.0,0.0,0.0,0.0,0.0,0.0,0.0,0.0,0.0,0.0,0.0,0.0,0.0,0.0,0.0,0.0,0.0,0.0,0.0,0.0,0.0,0.0,0.0,0.0,0.0,0.0,0.0,0.0,0.0,0.0,0.0,0.0,0.0,0.0,0.0,0.0
33.6,83.60000000000005,51.532655092293595,33.6,51.532655092293595,96.6,96.6,96.6,46.599999999999994,0.0,0.0,0.0,0.0,0.0,0.0,0.0,0.0,0.0,0.0,0.0,0.0,0.0,0.0,0.0,0.0,0.0,0.0,0.0,0.0,0.0,0.0,0.0,0.0,0.0,0.0,0.0,0.0,0.0,0.0,0.0,0.0,0.0,0.0,0.0,0.0,0.0,0.0,0.0,0.0
0.0,0.0,0.0,0.0,0.0,0.0,0.0,0.0,0.0,0.0,0.0,0.0,0.0,0.0,0.0,0.0,0.0,0.0,0.0,0.0,0.0,0.0,0.0,0.0,0.0,0.0,0.0,0.0,0.0,0.0,0.0,0.0,0.0,0.0,0.0,0.0,0.0,0.0,0.0,0.0,0.0,0.0,0.0,0.0,0.0,0.0,0.0,0.0,0.0
0.0,0.0,0.0,0.0,0.0,0.0,0.0,0.0,0.0,0.0,0.0,0.0,0.0,0.0,0.0,0.0,0.0,0.0,0.0,0.0,0.0,0.0,0.0,0.0,0.0,0.0,0.0,0.0,0.0,0.0,0.0,0.0,0.0,0.0,0.0,0.0,0.0,0.0,0.0,0.0,0.0,0.0,0.0,0.0,0.0,0.0,0.0,0.0,0.0
270.0,0.0,0.0,0.0,0.0,0.0,0.0,0.0,0.0,0.0,0.0,0.0,0.0,0.0,0.0,0.0,0.0,0.0,0.0,0.0,0.0,0.0,0.0,0.0,0.0,0.0,0.0,0.0,0.0,0.0,0.0,0.0,0.0,0.0,0.0,0.0,0.0,0.0,0.0,0.0,0.0,0.0,0.0,0.0,0.0,0.0,0.0,0.0,0.0
270.0,0.0,0.0,0.0,0.0,0.0,0.0,0.0,0.0,0.0,0.0,0.0,0.0,0.0,0.0,0.0,0.0,0.0,0.0,0.0,0.0,0.0,0.0,0.0,0.0,0.0,0.0,0.0,0.0,0.0,0.0,0.0,0.0,0.0,0.0,0.0,0.0,0.0,0.0,0.0,0.0,0.0,0.0,0.0,0.0,0.0,0.0,0.0,0.0
270.0,0.0,0.0,0.0,0.0,0.0,0.0,0.0,0.0,0.0,0.0,0.0,0.0,0.0,0.0,0.0,0.0,0.0,0.0,0.0,0.0,0.0,0.0,0.0,0.0,0.0,0.0,0.0,0.0,0.0,0.0,0.0,0.0,0.0,0.0,0.0,0.0,0.0,0.0,0.0,0.0,0.0,0.0,0.0,0.0,0.0,0.0,0.0,0.0
270.0,0.0,0.0,0.0,0.0,0.0,0.0,0.0,0.0,0.0,0.0,0.0,0.0,0.0,0.0,0.0,0.0,0.0,0.0,0.0,0.0,0.0,0.0,0.0,0.0,0.0,0.0,0.0,0.0,0.0,0.0,0.0,0.0,0.0,0.0,0.0,0.0,0.0,0.0,0.0,0.0,0.0,0.0,0.0,0.0,0.0,0.0,0.0,0.0
270.0,0.0,0.0,0.0,0.0,0.0,0.0,0.0,0.0,0.0,0.0,0.0,0.0,0.0,0.0,0.0,0.0,0.0,0.0,0.0,0.0,0.0,0.0,0.0,0.0,0.0,0.0,0.0,0.0,0.0,0.0,0.0,0.0,0.0,0.0,0.0,0.0,0.0,0.0,0.0,0.0,0.0,0.0,0.0,0.0,0.0,0.0,0.0,0.0
270.0,0.0,0.0,0.0,0.0,0.0,0.0,0.0,0.0,0.0,0.0,0.0,0.0,0.0,0.0,0.0,0.0,0.0,0.0,0.0,0.0,0.0,0.0,0.0,0.0,0.0,0.0,0.0,0.0,0.0,0.0,0.0,0.0,0.0,0.0,0.0,0.0,0.0,0.0,0.0,0.0,0.0,0.0,0.0,0.0,0.0,0.0,0.0,0.0
170.0,142.4,202.4,202.4,142.4,202.4,202.4,142.4,202.4,202.4,142.4,202.4,202.4,142.4,202.4,202.4,202.4,202.4,202.4,202.4,202.4,202.4,202.4,142.4,202.4,202.4,202.4,202.4,202.4,202.4,202.4,202.4,142.4,202.4,202.4,202.4,202.4,202.4,202.4,142.4,202.4,142.4,202.4,202.4,202.4,202.4,202.4,161.5211933152682,202.4
170.0,135.01006915015478,195.01006915015478,169.00869709661902,168.50732504308326,202.4,142.4,202.4,202.4,142.4,151.29961799019065,91.29961799019065,151.29961799019065,142.4,202.4,202.4,202.4,142.4,202.4,160.95606098395092,100.95606098395092,160.95606098395092,202.4,158.82250845985345,202.4,202.4,142.93338813102446,202.4,142.4,202.4,142.4,202.4,202.4,202.4,202.4,142.4,202.4,202.4,150.82168649448795,202.4,142.4,202.4,202.4,202.4,202.4,202.4,202.4,202.4,202.4
170.0,202.4,202.4,142.4,202.4,142.4,202.4,142.4,202.4,202.4,142.4,202.4,202.4,142.4,202.4,142.4,202.4,202.4,202.4,142.4,202.4,202.4,142.4,202.4,202.4,202.4,202.4,202.4,202.4,202.4,142.4,202.4,202.4,142.4,202.4,142.4,202.4,151.35507462551232,202.4,202.4,202.4,202.4,148.68813397039048,202.4,142.4,202.4,202.4,202.4,202.4
170.0,202.4,202.4,202.4,202.4,202.4,202.4,202.4,142.4,142.4,202.4,202.4,202.4,142.4,202.4,202.4,202.4,202.4,202.4,142.4,82.4,142.4,159.35589659087782,202.4,202.4,202.4,202.4,142.4,202.4,202.4,202.4,202.4,202.4,202.4,202.4,202.4,202.4,142.4,142.4,202.4,202.4,202.4,202.4,142.4,163.12135770834084,202.4,202.4,202.4,202.4
170.0,195.5,195.5,195.5,195.5,195.5,135.5,195.5,195.5,159.10046477540436,188.5013720535353,188.0,128.0,68.0,128.0,75.5,135.5,195.5,195.5,135.5,135.5,195.5,195.5,195.5,195.5,195.5,195.5,195.5,195.5,195.5,195.5,195.5,195.5,195.5,195.5,195.5,195.5,135.5,195.5,135.5,195.5,195.5,195.5,195.5,195.5,195.5,195.5,195.5,195.5
170.0,195.5,135.5,195.5,195.5,135.5,195.5,195.5,135.5,195.5,195.5,195.5,195.5,195.5,195.5,135.5,195.5,195.5,195.5,195.5,195.5,195.5,195.5,195.5,135.5,195.5,135.5,195.5,195.5,135.5,195.5,195.5,195.5,135.5,194.96661186897563,195.5,195.5,195.5,195.5,195.5,135.5,195.5,195.5,195.5,195.5,195.5,195.5,195.5,195.5
170.0,110.0,170.0,195.5,135.5,135.5,195.5,195.5,195.5,135.5,195.5,195.5,195.5,195.5,195.5,135.5,86.15053580003541,146.1505358000354,195.5,135.5,195.5,135.5,195.5,195.5,195.5,195.5,195.5,195.5,195.5,195.5,195.5,135.5,195.5,195.5,135.5,195.5,144.98846275653705,195.5,135.5,143.38829836346395,195.5,195.5,135.5,195.5,195.5,195.5,195.5,195.5,0.0
170.0,195.5,195.5,135.5,135.5,195.5,195.5,135.5,195.5,195.5,195.5,195.5,195.5,135.5,195.5,135.5,195.5,195.5,135.5,195.5,195.5,195.5,135.5,75.5,135.5,195.5,195.5,195.5,195.5,195.5,195.5,195.5,135.5,195.5,135.5,195.5,195.5,195.5,135.5,195.5,142.85491023243912,195.5,195.5,195.5,195.5,155.6879695773173,155.15458144629292,195.5,195.5
170.0,195.5,135.5,195.5,195.5,195.5,195.5,195.5,195.5,195.5,195.5,135.5,195.5,135.5,195.5,135.5,195.5,195.5,195.5,195.5,195.5,194.43322373795127,195.5,195.5,195.5,195.5,195.5,195.5,195.5,195.5,195.5,195.5,195.5,195.5,195.5,195.5,195.5,195.5,195.5,195.5,195.5,142.32152210141476,195.5,195.5,195.5,135.5,195.5,135.5,195.5
170.0,195.5,135.5,135.5,195.5,135.5,195.5,195.5,195.5,195.5,195.5,195.5,195.5,195.5,195.5,135.5,195.5,195.5,195.5,195.5,195.5,195.5,195.5,195.5,195.5,195.5,195.5,135.5,195.5,195.5,195.5,195.5,195.5,195.5,195.5,195.5,195.5,195.5,195.5,195.5,135.5,195.5,135.5,195.5,195.5,195.5,135.5,195.5,195.5
170.0,195.5,195.5,195.5,195.5,195.5,195.5,195.5,195.5,195.5,195.5,195.5,195.5,135.5,195.5,195.5,195.5,195.5,195.5,195.5,195.5,195.5,135.5,135.5,195.5,195.5,195.5,195.5,195.5,135.5,195.5,195.5,195.5,195.5,195.5,195.5,135.5,195.5,195.5,195.5,195.5,195.5,135.5,195.5,195.5,195.5,195.5,195.5,195.5
170.0,135.5,195.5,195.5,135.5,195.5,195.5,195.5,159.60183682894058,195.5,195.5,195.5,195.5,135.5,195.5,135.5,195.5,195.5,195.5,195.5,195.5,195.5,195.5,195.5,136.03338813102437,195.5,195.5,195.5,195.5,195.5,195.5,135.5,195.5,195.5,135.5,195.5,135.5,195.5,195.5,195.5,195.5,195.5,195.5,195.5,195.5,195.5,195.5,195.5,195.5
170.0,164.69764463917318,195.5,195.5,195.5,195.5,195.5,195.5,135.5,195.5,156.69810267814273,96.69810267814273,156.19673062460652,96.19673062460652,87.15031657811096,68.0,128.0,144.4723014459646,195.5,195.5,195.5,195.5,195.5,195.5,195.5,195.5,195.5,195.5,135.5,195.5,158.6887915426828,195.5,195.5,135.5,195.5,195.5,195.5,135.5,195.5,195.5,195.5,195.5,195.5,0.0,0.0,0.0,0.0,0.0,0.0
170.0,195.5,195.5,135.5,195.5,195.5,135.5,195.5,195.5,195.5,195.5,195.5,135.5,135.5,195.5,135.5,195.5,195.5,135.5,195.5,195.5,195.5,195.5,195.5,195.5,135.5,195.5,195.5,195.5,195.5,195.5,195.5,136.03338813102437,195.5,135.5,85.52185088756096,135.5,195.5,195.5,195.5,195.5,195.5,195.5,195.5,195.5,195.5,195.5,195.5,195.5
170.0,195.5,195.5,195.5,195.5,195.5,195.5,195.5,195.5,135.5,195.5,195.5,195.5,135.5,195.5,195.5,195.5,195.5,195.5,195.5,195.5,195.5,135.5,195.5,195.5,195.5,195.5,135.5,195.5,135.5,195.5,195.5,195.5,195.5,195.5,195.5,195.5,195.5,135.5,195.5,135.5,75.5,135.5,195.5,195.5,195.5,195.5,195.5,195.5
170.0,200.1,200.1,200.1,200.1,200.1,140.1,140.1,200.1,200.1,200.1,200.1,140.1,80.1,140.1,200.1,200.1,200.1,200.1,200.1,200.1,200.1,200.1,200.1,200.1,140.1,200.1,140.1,140.1,200.1,200.1,200.1,200.1,200.1,200.1,200.1,200.1,140.1,200.1,200.1,200.1,200.1,200.1,200.1,200.1,200.1,200.1,200.1,200.1
170.0,200.1,140.1,200.1,200.1,165.70595298954777,200.1,200.1,200.1,200.1,140.1,200.1,200.1,140.1,157.10568957698888,97.10568957698888,157.10568957698888,200.1,140.1,200.1,200.1,140.1,200.1,200.1,200.1,140.1,200.1,200.1,140.1,93.32217967370752,69.6,92.25540341165879,151.18862714961006,91.18862714961006,151.18862714961006,200.1,140.1,200.1,200.1,200.1,200.1,140.1,200.1,200.1,200.1,200.1,200.1,200.1,200.1
170.0,200.1,200.1,200.1,200.1,200.1,200.1,200.1,140.1,200.1,200.1,200.1,200.1,140.1,200.1,200.1,200.1,140.1,200.1,200.1,200.1,200.1,200.1,200.1,140.1,200.1,140.1,200.1,153.8555678047319,200.1,200.1,140.1,200.1,200.1,200.1,200.1,200.1,200.1,200.1,140.1,200.1,200.1,200.1,200.1,200.1,200.1,200.1,200.1,200.1
170.0,200.1,200.1,200.1,200.1,200.1,200.1,164.7032088824758,200.1,200.1,200.1,200.1,200.1,140.1,200.1,200.1,200.1,140.1,140.1,200.1,200.1,200.1,200.1,200.1,155.455732197805,95.45573219780499,94.38895593575626,154.38895593575626,200.1,200.1,200.1,200.1,140.1,200.1,200.1,140.1,200.1,200.1,200.1,200.1,200.1,200.1,200.1,200.1,200.1,200.1,200.1,200.1,200.1
0.0,200.1,200.1,200.1,200.1,200.1,165.204580936012,200.1,200.1,200.1,200.1,200.1,200.1,140.1,200.1,200.1,200.1,200.1,159.18944911497556,200.1,199.56661186897554,140.1,200.1,200.1,200.1,200.1,200.1,200.1,200.1,200.1,200.1,200.1,200.1,200.1,200.1,200.1,200.1,200.1,200.1,140.1,200.1,200.1,200.1,161.3547458393664,200.1,200.1,200.1,200.1,200.1
14.0,0.0,0.0,0.0,0.0,0.0,0.0,0.0,0.0,0.0,0.0,0.0,0.0,0.0,0.0,0.0,0.0,0.0,0.0,0.0,0.0,0.0,0.0,0.0,0.0,0.0,0.0,0.0,0.0,0.0,0.0,0.0,0.0,0.0,0.0,0.0,0.0,0.0,0.0,0.0,0.0,0.0,0.0,0.0,0.0,0.0,0.0,0.0,0.0
14.0,0.0,0.0,0.0,0.0,0.0,0.0,0.0,0.0,0.0,0.0,0.0,0.0,0.0,0.0,0.0,0.0,0.0,0.0,0.0,0.0,0.0,0.0,0.0,0.0,0.0,0.0,0.0,0.0,0.0,0.0,0.0,0.0,0.0,0.0,0.0,0.0,0.0,0.0,0.0,0.0,0.0,0.0,0.0,0.0,0.0,0.0,0.0,0.0
14.0,0.0,0.0,0.0,0.0,0.0,0.0,0.0,0.0,0.0,0.0,0.0,0.0,0.0,0.0,0.0,0.0,0.0,0.0,0.0,0.0,0.0,0.0,0.0,0.0,0.0,0.0,0.0,0.0,0.0,0.0,0.0,0.0,0.0,0.0,0.0,0.0,0.0,0.0,0.0,0.0,0.0,0.0,0.0,0.0,0.0,0.0,0.0,0.0
14.0,0.0,0.0,0.0,0.0,0.0,0.0,0.0,0.0,0.0,0.0,0.0,0.0,0.0,0.0,0.0,0.0,0.0,0.0,0.0,0.0,0.0,0.0,0.0,0.0,0.0,0.0,0.0,0.0,0.0,0.0,0.0,0.0,0.0,0.0,0.0,0.0,0.0,0.0,0.0,0.0,0.0,0.0,0.0,0.0,0.0,0.0,0.0,0.0
19.2,19.2,39.2,33.51904341871291,19.2,19.2,39.2,55.2,36.719043418712914,55.2,36.719043418712914,55.2,36.719043418712914,55.2,39.2,36.719043418712914,55.2,52.719043418712914,36.719043418712914,55.2,39.2,36.719043418712914,36.719043418712914,55.2,55.2,0.0,0.0,0.0,0.0,0.0,0.0,0.0,0.0,0.0,0.0,0.0,0.0,0.0,0.0,0.0,0.0,0.0,0.0,0.0,0.0,0.0,0.0,0.0,0.0
19.2,33.519043418732295,33.51904341871291,19.2,39.2,53.51904341871291,52.719043418712914,36.719043418712914,55.2,36.719043418712914,55.2,36.71904341873175,55.2,36.719043418712914,52.719043418712914,55.2,36.71904341873175,39.2,55.2,36.71904341873175,52.719043418712914,55.2,55.2,36.719043418712914,36.719043418712914,0.0,0.0,0.0,0.0,0.0,0.0,0.0,0.0,0.0,0.0,0.0,0.0,0.0,0.0,0.0,0.0,0.0,0.0,0.0,0.0,0.0,0.0,0.0,0.0
19.2,39.20000000000003,19.2,39.2,33.51904341871291,19.2,0.0,0.0,0.0,0.0,0.0,0.0,0.0,0.0,0.0,0.0,0.0,0.0,0.0,0.0,0.0,0.0,0.0,0.0,0.0,0.0,0.0,0.0,0.0,0.0,0.0,0.0,0.0,0.0,0.0,0.0,0.0,0.0,0.0,0.0,0.0,0.0,0.0,0.0,0.0,0.0,0.0,0.0,0.0
17.52,33.9516828570075,17.52,33.9516828570075,33.9516828570075,50.370000000000005,33.9516828570075,50.370000000000005,17.52,50.370000000000005,17.52,33.9516828570075,17.52,50.370000000000005,17.520000000000003,38.10197619904169,50.370000000000005,38.101976199102054,50.370000000000005,50.370000000000005,17.52,17.52,38.10197619904169,38.10197619904169,38.10197619904169,50.370000000000005,38.10197619904169,38.10197619904169,50.370000000000005,50.370000000000005,17.52,17.52,50.370000000000005,50.370000000000005,50.370000000000005,50.370000000000005,17.52,0.0,0.0,0.0,0.0,0.0,0.0,0.0,0.0,0.0,0.0,0.0,21.36202549425762
17.52,17.52,33.9516828570075,50.370000000000005,17.52,33.9516828570075,50.370000000000005,33.9516828570075,50.370000000000005,33.9516828570075,33.9516828570075,50.370000000000005,33.9516828570075,38.10197619910356,50.370000000000005,50.370000000000005,38.101976199102054,50.370000000000005,38.10197619904169,17.520000000000003,50.370000000000005,38.10197619904169,50.370000000000005,50.370000000000005,17.52,38.10197619904169,17.52,50.370000000000005,17.52,38.10197619904169,38.10197619904169,38.10197619904169,38.10197619904169,17.52,38.10197619904169,17.52,38.10197619904169,0.0,0.0,0.0,0.0,0.0,0.0,0.0,0.0,0.0,0.0,0.0,0.0
17.52,50.370000000000005,50.370000000000005,17.52,50.370000000000005,17.52,17.52,17.52,33.9516828570075,17.52,50.370000000000005,17.520000000000003,50.370000000000005,17.52,38.101976199102054,17.52,17.520000000000003,17.520000000000003,17.52,38.10197619904169,38.10197619904169,50.370000000000005,17.52,17.52,50.370000000000005,17.52,50.370000000000005,17.52,38.10197619904169,17.52,50.370000000000005,50.370000000000005,17.52,38.10197619904169,17.52,38.10197619904169,50.370000000000005,21.362025494127796,50.370000000000005,21.36202549425762,21.36202549425762,21.36202549425762,21.36202549425762,21.36202549425762,21.36202549425762,21.36202549425762,21.36202549425762,21.36202549425762,0.0
35.2,0.0,0.0,0.0,0.0,0.0,0.0,0.0,0.0,0.0,0.0,0.0,0.0,0.0,0.0,0.0,0.0,0.0,0.0,0.0,0.0,0.0,0.0,0.0,0.0,0.0,0.0,0.0,0.0,0.0,0.0,0.0,0.0,0.0,0.0,0.0,0.0,0.0,0.0,0.0,0.0,0.0,0.0,0.0,0.0,0.0,0.0,0.0,0.0
35.2,0.0,0.0,0.0,0.0,0.0,0.0,0.0,0.0,0.0,0.0,0.0,0.0,0.0,0.0,0.0,0.0,0.0,0.0,0.0,0.0,0.0,0.0,0.0,0.0,0.0,0.0,0.0,0.0,0.0,0.0,0.0,0.0,0.0,0.0,0.0,0.0,0.0,0.0,0.0,0.0,0.0,0.0,0.0,0.0,0.0,0.0,0.0,0.0
35.2,0.0,0.0,0.0,0.0,0.0,0.0,0.0,0.0,0.0,0.0,0.0,0.0,0.0,0.0,0.0,0.0,0.0,0.0,0.0,0.0,0.0,0.0,0.0,0.0,0.0,0.0,0.0,0.0,0.0,0.0,0.0,0.0,0.0,0.0,0.0,0.0,0.0,0.0,0.0,0.0,0.0,0.0,0.0,0.0,0.0,0.0,0.0,0.0
46.32,121.88387368715495,46.32,121.88387368715495,46.32,121.88387368737347,121.88387368737347,46.32,121.88387368737347,46.32,121.88387368737347,46.32,46.32,0.0,0.0,0.0,0.0,0.0,0.0,0.0,0.0,0.0,0.0,0.0,0.0,0.0,0.0,0.0,0.0,0.0,0.0,0.0,0.0,0.0,0.0,0.0,0.0,0.0,0.0,0.0,0.0,0.0,0.0,0.0,0.0,0.0,0.0,0.0,0.0
46.32,46.32,121.88387368737347,46.32,121.88387368715495,46.32,46.32,46.32,46.32,46.32,46.32,46.32,121.88387368737347,0.0,0.0,0.0,0.0,0.0,0.0,0.0,0.0,0.0,0.0,0.0,0.0,0.0,0.0,0.0,0.0,0.0,0.0,0.0,0.0,0.0,0.0,0.0,0.0,0.0,0.0,0.0,0.0,0.0,0.0,0.0,0.0,0.0,0.0,0.0,0.0
46.32,46.32,46.32,46.32,46.32,46.32,46.32,121.88387368737347,46.32,121.88387368737347,46.32,121.88387368737347,46.32,0.0,0.0,0.0,0.0,0.0,0.0,0.0,0.0,0.0,0.0,0.0,0.0,0.0,0.0,0.0,0.0,0.0,0.0,0.0,0.0,0.0,0.0,0.0,0.0,0.0,0.0,0.0,0.0,0.0,0.0,0.0,0.0,0.0,0.0,0.0,0.0
64.6,185.725,185.725,185.725,185.725,121.66231398655876,185.725,185.725,121.66231398655876,185.725,121.66231398655876,185.725,185.725,121.66231398655876,185.725,185.725,121.66231398655876,185.725,121.66231398655876,121.66231398655876,185.725,185.725,185.725,185.725,185.725,185.725,185.725,185.725,121.66231398655876,185.725,185.725,185.725,185.725,185.725,185.725,185.725,185.725,185.725,185.725,185.725,121.66231398655876,185.725,185.725,185.725,185.725,185.725,121.66231398655876,185.725,136.93312221259103
64.6,185.725,185.725,185.725,185.725,185.725,185.725,121.66231398655876,185.725,185.725,185.725,121.66231398655876,121.66231398655876,185.725,121.66231398655876,185.725,185.725,121.66231398655876,185.725,185.725,185.725,185.725,185.725,185.725,185.725,185.725,185.725,185.725,185.725,121.66231398655876,185.725,121.66231398655876,185.725,185.725,185.725,121.66231398655876,185.725,185.725,185.725,185.725,185.725,185.725,121.66231398655876,185.725,121.66231398655876,185.725,185.725,121.66231398655876,185.725
64.6,185.725,185.725,185.725,185.725,185.725,185.725,185.725,185.725,185.725,185.725,185.725,185.725,185.725,185.725,185.725,185.725,185.725,185.725,185.725,185.725,185.725,185.725,121.66231398655876,121.66231398655876,185.725,121.66231398655876,121.66231398655876,185.725,185.725,185.725,185.725,185.725,185.725,185.725,185.725,121.66231398655876,185.725,185.725,121.66231398655876,185.725,185.725,185.725,185.725,185.725,185.725,185.725,185.725,185.725
0.0,185.725,121.66231398655876,185.725,121.66231398655876,185.725,121.66231398655876,185.725,185.725,185.725,185.725,185.725,185.725,185.725,185.725,121.66231398655876,185.725,185.725,185.725,185.725,121.66231398655876,121.66231398655876,185.725,185.725,185.725,121.66231398655876,185.725,185.725,185.725,185.725,185.725,185.725,121.66231398655876,121.66231398655876,121.66231398655876,185.725,185.725,185.725,185.725,185.725,185.725,185.725,185.725,121.66231398655876,185.725,121.66231398655876,185.725,185.725,185.725
0.0,132.35187974478143,185.725,121.66231398655876,185.725,185.725,185.725,185.725,185.725,121.66231398655876,185.725,185.725,185.725,185.725,185.725,185.725,185.725,185.725,185.725,185.725,185.725,185.725,121.66231398655876,185.725,185.725,185.725,185.725,185.725,185.725,185.725,121.66231398655876,185.725,185.725,185.725,185.725,185.725,185.725,121.66231398655876,121.66231398655876,185.725,185.725,121.66231398655876,185.725,185.725,185.725,185.725,185.725,185.725,185.725
100.0,127.42000000000002,127.42000000000002,127.42000000000002,127.42000000000002,127.42000000000002,127.42000000000002,127.42000000000002,127.42000000000002,127.42000000000002,127.42000000000002,127.42000000000002,127.42000000000002,127.42000000000002,127.42000000000002,127.42000000000002,127.42000000000002,127.42000000000002,127.42000000000002,127.42000000000002,127.42000000000002,127.42000000000002,127.42000000000002,127.42000000000002,87.42000000000002,127.42000000000002,127.42000000000002,127.42000000000002,127.42000000000002,127.42000000000002,127.42000000000002,127.42000000000002,87.42000000000002,127.42000000000002,87.42000000000002,127.42000000000002,127.42000000000002,127.42000000000002,127.41999999999999,127.41999999999999,127.42000000000002,127.42000000000002,127.42000000000002,127.41999999999999,127.41999999999999,127.41999999999999,127.42000000000002,127.42000000000002,127.42000000000002
100.0,87.42000000000002,127.42000000000002,87.42000000000002,47.420000000000016,87.42000000000002,127.42000000000002,127.42000000000002,127.42000000000002,127.42000000000002,127.42000000000002,127.42000000000002,127.42000000000002,127.42000000000002,127.42000000000002,127.42000000000002,127.42000000000002,127.42000000000002,127.42000000000002,127.42000000000002,127.42000000000002,127.42000000000002,127.42000000000002,103.83303570812177,127.42000000000002,87.42000000000002,127.42000000000002,127.42000000000002,127.42000000000002,127.42000000000002,127.42000000000002,127.42000000000002,127.42000000000002,127.42000000000002,127.42000000000002,87.42000000000002,127.42000000000002,127.42000000000002,127.42000000000002,127.42000000000002,127.42000000000002,127.42000000000002,127.42000000000002,127.42000000000002,127.42000000000002,87.42000000000002,127.42000000000002,127.41999999999999,127.41999999999999
100.0,127.42000000000002,127.42000000000002,127.42000000000002,87.42000000000002,47.420000000000016,87.42000000000002,127.42000000000002,127.42000000000002,127.42000000000002,127.42000000000002,127.42000000000002,127.42000000000002,127.42000000000002,127.42000000000002,127.42000000000002,127.42000000000002,127.42000000000002,127.42000000000002,127.42000000000002,127.42000000000002,127.42000000000002,127.42000000000002,127.42000000000002,127.42000000000002,127.42000000000002,127.42000000000002,127.42000000000002,87.42000000000002,127.42000000000002,127.42000000000002,127.42000000000002,127.42000000000002,127.42000000000002,127.42000000000002,127.42000000000002,127.42000000000002,127.42000000000002,127.42000000000002,127.42000000000002,127.42000000000002,127.42000000000002,127.42000000000002,127.42000000000002,127.41999999999999,127.42000000000002,127.41999999999999,127.42000000000002,127.42000000000002
100.0,127.42000000000002,127.42000000000002,127.42000000000002,87.42000000000002,127.42000000000002,127.42000000000002,127.42000000000002,127.42000000000002,127.42000000000002,127.42000000000002,127.42000000000002,127.42000000000002,127.42000000000002,127.42000000000002,127.42000000000002,127.42000000000002,127.42000000000002,127.42000000000002,127.42000000000002,127.42000000000002,87.42000000000002,127.42000000000002,127.42000000000002,127.42000000000002,127.42000000000002,127.42000000000002,127.42000000000002,127.42000000000002,127.42000000000002,127.42000000000002,127.42000000000002,127.42000000000002,127.42000000000002,127.42000000000002,127.42000000000002,87.42000000000002,127.42000000000002,127.42000000000002,127.42000000000002,127.41999999999999,127.41999999999999,127.42000000000002,127.42000000000002,127.42000000000002,127.42000000000002,127.42000000000002,127.42000000000002,127.42000000000002
100.0,127.42000000000002,127.42000000000002,127.42000000000002,127.42000000000002,127.42000000000002,127.42000000000002,103.83303570812177,127.42000000000002,127.42000000000002,87.42000000000002,127.42000000000002,127.42000000000002,127.42000000000002,127.42000000000002,127.42000000000002,127.42000000000002,127.42000000000002,127.42000000000002,127.42000000000002,127.42000000000002,127.42000000000002,127.42000000000002,127.42000000000002,127.42000000000002,127.42000000000002,127.42000000000002,127.42000000000002,87.42000000000002,87.42000000000002,127.42000000000002,127.42000000000002,87.42000000000002,127.42000000000002,127.42000000000002,87.42000000000002,127.42000000000002,127.41999999999999,127.42000000000002,127.42000000000002,127.42000000000002,127.42000000000002,127.42000000000002,87.42000000000002,127.42000000000002,127.42000000000002,127.41999999999999,127.42000000000002,127.41999999999999
100.0,127.42000000000002,127.42000000000002,127.42000000000002,102.6130357081218,127.42000000000002,127.42000000000002,127.42000000000002,87.42000000000002,127.42000000000002,127.42000000000002,127.42000000000002,127.42000000000002,127.42000000000002,127.42000000000002,127.42000000000002,127.42000000000002,127.42000000000002,127.42000000000002,127.42000000000002,127.42000000000002,127.42000000000002,127.42000000000002,127.42000000000002,103.83303570812177,127.42000000000002,127.42000000000002,127.42000000000002,127.42000000000002,127.42000000000002,127.42000000000002,87.42000000000002,127.42000000000002,127.42000000000002,127.42000000000002,127.42000000000002,127.42000000000002,127.41999999999999,127.41999999999999,127.41999999999999,127.42000000000002,127.42000000000002,127.42000000000002,127.4200000000001,127.42000000000002,127.42000000000002,127.42000000000002,87.42,127.42000000000002
100.0,127.42000000000002,127.42000000000002,127.42000000000002,127.42000000000002,127.42000000000002,127.42000000000002,87.42000000000002,127.42000000000002,127.42000000000002,127.42000000000002,127.42000000000002,127.42000000000002,127.42000000000002,127.42000000000002,127.42000000000002,127.42000000000002,127.42000000000002,127.42000000000002,127.42000000000002,127.42000000000002,127.42000000000002,127.42000000000002,127.42000000000002,127.42000000000002,127.42000000000002,96.41303570812175,56.413035708121754,96.41303570812175,56.413035708121754,44.32,62.6130357081218,102.6130357081218,102.6130357081218,127.42000000000002,127.42000000000002,87.42000000000002,127.41999999999999,127.41999999999999,127.42000000000002,127.42000000000002,127.41999999999999,127.42000000000002,127.41999999999999,127.42000000000002,127.42000000000002,127.42000000000002,127.41999999999999,127.41999999999999
100.0,127.42000000000002,127.42000000000002,127.42000000000002,127.42000000000002,127.42000000000002,87.42000000000002,127.42000000000002,127.42000000000002,103.83303570812177,127.42000000000002,127.42000000000002,127.42000000000002,127.42000000000002,127.42000000000002,127.42000000000002,127.42000000000002,127.42000000000002,127.42000000000002,127.42000000000002,127.42000000000002,127.42000000000002,103.83303570812177,127.42000000000002,127.42000000000002,127.42000000000002,127.42000000000002,127.42000000000002,127.42000000000002,87.42000000000002,127.42000000000002,87.42000000000002,127.42000000000002,127.42000000000002,127.42000000000002,87.42000000000002,127.42000000000002,127.41999999999999,127.41999999999999,127.41999999999999,127.42000000000002,127.42000000000002,127.41999999999999,127.41999999999999,127.42000000000002,127.42000000000002,127.41999999999999,127.42000000000002,127.42000000000002
100.0,127.42000000000002,127.42000000000002,102.6130357081218,127.42000000000002,127.42000000000002,87.42000000000002,127.42000000000002,103.83303570812177,127.42000000000002,127.42000000000002,127.42000000000002,127.42000000000002,127.42000000000002,127.42000000000002,127.42000000000002,127.42000000000002,127.42000000000002,127.42000000000002,127.42000000000002,127.42000000000002,127.42000000000002,127.42000000000002,127.42000000000002,127.42000000000002,127.42000000000002,127.42000000000002,87.42000000000002,127.42000000000002,127.42000000000002,99.51303570812183,127.42000000000002,127.42000000000002,127.42000000000002,87.42000000000002,102.61303570812174,99.51303570812178,127.41999999999999,127.42000000000002,127.41999999999999,127.42000000000002,127.42000000000002,127.42000000000002,127.41999999999999,127.42000000000002,127.41999999999999,127.42000000000002,127.42000000000002,127.42000000000002
100.0,127.42000000000002,127.42000000000002,87.42000000000002,127.42000000000002,87.42000000000002,87.42000000000002,127.42000000000002,127.42000000000002,127.42000000000002,127.42000000000002,127.42000000000002,127.42000000000002,127.42000000000002,127.42000000000002,127.42000000000002,127.42000000000002,127.42000000000002,127.42000000000002,127.42000000000002,127.42000000000002,127.42000000000002,127.42000000000002,127.42000000000002,127.42000000000002,127.42000000000002,127.42000000000002,87.42000000000002,87.42000000000002,127.42000000000002,127.42000000000002,127.42000000000002,127.42000000000002,127.42000000000002,102.6130357081218,127.42000000000002,87.42000000000002,127.42000000000002,127.41999999999999,127.42000000000002,127.42000000000002,127.42000000000002,127.42000000000002,127.42000000000002,127.42000000000002,127.42000000000002,127.42000000000002,127.42000000000002,127.42000000000002
100.0,127.42000000000002,127.42000000000002,127.42000000000002,127.42000000000002,127.42000000000002,127.42000000000002,127.42000000000002,127.42000000000002,87.42000000000002,127.42000000000002,127.42000000000002,127.42000000000002,127.42000000000002,127.42000000000002,127.42000000000002,127.42000000000002,127.42000000000002,127.42000000000002,127.42000000000002,127.42000000000002,127.42000000000002,87.42000000000002,87.42000000000002,127.42000000000002,127.42000000000002,127.42000000000002,87.42000000000002,127.42000000000002,127.42000000000002,87.42000000000002,87.42000000000002,127.42000000000002,127.42000000000002,127.42000000000002,127.42000000000002,127.42000000000002,127.41999999999999,127.42000000000002,127.42000000000002,127.42000000000002,127.42000000000002,127.41999999999999,127.42000000000002,87.42000000000002,127.42000000000002,127.41999999999999,127.42000000000002,127.42000000000002
100.0,62.6130357081218,102.6130357081218,127.42000000000002,127.42000000000002,96.41303570812175,127.42000000000002,127.42000000000002,127.42000000000002,127.42000000000002,127.42000000000002,127.42000000000002,127.42000000000002,127.42000000000002,127.42000000000002,127.42000000000002,127.42000000000002,127.42000000000002,127.42000000000002,127.42000000000002,127.42000000000002,127.42000000000002,127.42000000000002,127.42000000000002,127.42000000000002,103.83303570812177,94.84000000000003,127.42000000000002,127.42000000000002,127.42000000000002,127.42000000000002,127.42000000000002,127.42000000000002,127.42000000000002,127.42000000000002,87.42000000000002,127.42000000000002,127.42000000000002,127.42000000000002,127.42000000000002,87.42000000000002,127.42000000000002,127.41999999999999,127.42000000000002,127.42000000000002,127.41999999999999,127.42000000000002,127.42000000000002,127.41999999999999
100.0,84.32,44.32,84.32,124.32,127.42000000000002,96.41303570812175,127.42000000000002,127.42000000000002,127.42000000000002,103.83303570812177,63.833035708122,63.83303570812177,63.83303570812177,63.833035708122,63.83303570812177,63.833035708122,0.0,0.0,0.0,0.0,0.0,0.0,0.0,0.0,0.0,0.0,127.42000000000002,127.42000000000002,87.42000000000002,127.42000000000002,124.32,84.32,44.32,84.32,124.32,127.42000000000002,0.0,0.0,0.0,0.0,0.0,0.0,0.0,0.0,0.0,0.0,0.0,63.833035708121784
100.0,84.32,44.32,84.32,124.32,127.42000000000002,127.42000000000002,0.0,0.0,0.0,0.0,0.0,0.0,0.0,0.0,0.0,0.0,63.833035708122,63.83303570812177,63.833035708122,63.83303570812177,103.83303570812177,127.42000000000002,127.42000000000002,127.42000000000002,127.42000000000002,127.42000000000002,127.42000000000002,87.42000000000002,127.42000000000002,87.42000000000002,124.32,84.32,44.32,84.32,124.32,84.32,63.83303570812201,63.8330357081219,63.833035708121784,103.83303570812178,63.833035708121784,63.833035708121784,103.83303570812178,103.83303570812178,103.83303570812178,63.833035708121784,103.83303570812178,0.0
100.0,60.0,46.5,86.5,126.5,126.5,126.5,86.5,104.56908559787712,64.56908559787712,102.06908559787712,126.5,86.5,126.5,126.5,126.5,86.5,126.5,86.5,126.5,126.5,126.5,86.5,46.5,84.0,44.0,44.0,44.0,84.0,124.0,126.5,124.0,84.0,44.0,44.0,44.0,44.0,84.0,44.0,84.0,124.0,84.0,44.0,84.0,97.06908559787712,126.5,86.5,74.06908559787712,114.06908559787712
100.0,60.0,69.56908559787712,109.56908559787712,69.56908559787712,109.56908559787712,69.56908559787712,109.56908559787712,126.5,126.5,86.5,46.5,84.0,44.0,46.5,86.5,126.5,86.5,46.5,44.0,44.0,84.0,124.0,126.5,126.5,86.5,84.0,124.0,84.0,44.0,67.06908559787712,107.06908559787712,126.5,86.5,126.5,124.0,84.0,44.0,44.0,44.0,44.0,44.0,84.0,44.0,46.5,86.5,126.5,86.5,126.5
100.0,86.5,126.5,86.5,126.5,86.5,126.5,86.5,86.5,126.5,126.5,86.5,46.5,84.0,44.0,44.0,44.0,44.0,84.0,124.0,126.5,86.5,46.5,84.0,124.0,84.0,100.93091440212288,126.5,126.5,86.5,84.0,44.0,46.5,44.0,84.0,124.0,84.0,44.0,44.0,44.0,84.0,124.0,126.5,86.5,126.5,126.5,126.5,86.5,0.0
100.0,126.5,86.5,46.5,44.0,44.0,44.0,44.0,84.0,44.0,84.0,59.56908559787712,86.5,126.5,126.5,126.5,86.5,126.5,126.5,86.5,46.5,44.0,44.0,44.0,44.0,84.0,124.0,126.5,126.5,86.5,46.5,86.5,46.5,86.5,126.5,126.5,86.5,46.5,44.0,84.0,44.0,84.0,44.0,44.0,44.0,0.0,0.0,0.0,0.0
100.0,60.0,84.0,44.0,84.0,124.0,126.5,126.5,86.5,46.5,44.0,44.0,46.5,86.5,126.5,99.56908559787712,126.5,86.5,126.5,86.5,46.5,86.5,126.5,126.5,126.5,124.0,84.0,44.0,84.0,84.0,124.0,86.5,126.5,126.5,86.5,126.5,86.5,126.5,86.5,86.5,126.5,126.5,86.5,126.5,126.5,105.06908559787712,65.06908559787712,77.5,44.0
100.0,60.0,44.0,79.0,44.0,46.5,86.5,126.5,86.5,124.0,84.0,44.0,44.0,46.5,86.5,126.5,86.5,86.5,126.5,126.5,126.5,86.5,46.5,86.5,46.5,86.5,126.5,86.5,126.5,86.5,46.5,44.0,84.0,124.0,84.0,86.5,126.5,126.5,126.5,126.5,86.5,46.5,86.5,86.5,126.5,126.5,126.5,86.5,126.5
100.0,60.0,100.0,84.0,44.0,44.0,44.0,44.0,84.0,124.0,86.5,126.5,126.5,86.5,84.0,44.0,46.5,86.5,126.5,126.5,86.5,46.5,44.0,44.0,44.0,84.0,44.0,84.0,44.0,46.5,86.5,126.5,111.06908559787712,71.06908559787712,71.06908559787712,44.0,46.5,86.5,126.5,108.56908559787712,68.56908559787712,108.56908559787712,68.56908559787712,46.5,86.5,126.5,126.5,86.5,126.5
100.0,124.0,84.0,44.0,44.0,84.0,86.5,126.5,86.5,126.5,126.5,126.5,86.5,126.5,86.5,46.5,84.0,44.0,44.0,62.06908559865383,102.06908559787712,62.06908559787712,44.0,44.0,44.0,84.0,124.0,126.5,86.5,126.5,126.5,126.5,0.0,0.0,0.0,0.0,0.0,0.0,0.0,0.0,0.0,0.0,86.5,126.5,86.5,86.5,126.5,126.5,126.5
100.0,124.0,84.0,44.0,44.0,84.0,121.5,81.5,86.5,126.5,126.5,126.5,126.5,126.5,86.5,46.5,84.0,44.0,44.0,44.0,84.0,124.0,126.5,86.5,64.56908559787712,44.0,46.5,86.5,126.5,126.5,126.5,126.5,86.5,126.5,126.5,126.5,126.5,86.5,108.56908559787712,86.5,126.5,126.5,86.5,102.06908559787712,86.5,126.5,86.5,126.5,126.5
100.0,126.5,126.5,126.5,124.0,84.0,44.0,44.0,44.0,44.0,44.0,44.0,44.0,44.0,44.0,84.0,44.0,46.5,86.5,126.5,126.5,126.5,126.5,126.5,86.5,126.5,126.5,126.5,86.5,126.5,126.5,126.5,126.5,126.5,126.5,86.5,124.0,126.5,126.5,126.5,86.5,126.5,126.5,86.5,46.5,86.5,86.5,126.5,126.5
100.0,65.5,105.5,126.5,126.5,124.0,84.0,44.0,44.0,46.5,86.5,126.5,126.5,86.5,126.5,126.5,86.5,126.5,124.0,84.0,44.0,44.0,62.06908559787712,102.06908559787712,126.5,126.5,86.5,121.5,84.0,44.0,44.0,44.0,84.0,44.0,44.0,68.56908559787712,108.56908559787712,126.5,126.5,86.5,126.5,86.5,77.5,44.0,44.0,46.5,86.5,126.5,86.5
100.0,126.5,86.5,126.5,126.5,126.5,126.5,86.5,126.5,126.5,86.5,126.5,99.56908559787712,59.56908559787712,99.56908559787712,126.5,126.5,99.56908559787712,59.56908559787712,44.0,84.0,86.5,126.5,126.5,86.5,46.5,86.5,46.5,44.0,84.0,44.0,84.0,124.0,126.5,126.5,86.5,126.5,126.5,126.5,126.5,86.5,46.5,86.5,126.5,126.5,86.5,126.5,126.5,126.5
100.0,60.0,86.5,126.5,126.5,86.5,84.0,124.0,84.0,44.0,46.5,86.5,126.5,86.5,46.5,86.5,102.06908559787712,126.5,89.0,49.0,86.5,126.5,126.5,86.5,126.5,109.56908559787712,69.56908559787712,44.0,44.0,84.0,124.0,86.5,126.5,126.5,126.5,126.5,86.5,126.5,126.5,126.5,126.5,126.5,126.5,126.5,126.5,0.0,0.0,0.0,0.0
100.0,117.06908559791782,126.5,126.5,126.5,86.5,86.5,126.5,126.5,86.5,126.5,86.5,126.5,126.5,126.5,86.5,126.5,126.5,86.5,126.5,126.5,126.5,126.5,126.5,126.5,126.5,109.56908559787712,69.56908559787712,109.56908559787712,107.06908559787712,84.0,44.0,84.0,124.0,84.0,86.5,126.5,106.06908559787712,126.5,126.5,126.5,126.5,126.5,126.5,86.5,126.5,86.5,126.5,126.5
20.2,20.199999999999996,0.0,0.0,0.0,0.0,0.0,0.0,0.0,0.0,0.0,0.0,0.0,0.0,0.0,0.0,0.0,0.0,0.0,0.0,0.0,0.0,0.0,58.075,20.2,54.957174561885566,54.957188533853994,58.075,58.075,54.95720716314527,58.075,54.957235107082155,58.075,54.95726305101904,58.075,54.957290994955926,58.075,58.075,56.529927621602226,0.0,0.0,0.0,0.0,0.0,0.0,0.0,0.0,0.0,0.0
0.0,0.0,0.0,0.0,0.0,0.0,0.0,0.0,0.0,0.0,0.0,0.0,0.0,0.0,0.0,0.0,0.0,0.0,0.0,0.0,20.2,20.2,20.2,54.95608147930237,20.89894595412373,58.075,58.075,54.95720250582245,56.529834475145904,58.075,54.9572211351137,58.075,54.957249079050584,58.075,54.95727702298747,58.075,54.95730496692438,56.529936936247836,58.075,0.0,0.0,0.0,0.0,0.0,0.0,0.0,0.0,0.0,0.0
16.0,46.0,46.0,16.138998449880184,0.0,0.0,0.0,0.0,0.0,0.0,0.0,0.0,0.0,0.0,0.0,0.0,0.0,0.0,0.0,0.0,0.0,0.0,0.0,0.0,0.0,37.92773444063009,16.0,37.92773444063009,37.92773444063009,46.0,37.92773444063009,46.0,46.0,46.0,46.0,37.92773444063009,46.0,46.0,46.0,37.92773444063009,37.92773444063009,0.0,0.0,0.0,0.0,0.0,0.0,0.0,0.0
0.0,0.0,0.0,0.0,0.0,0.0,0.0,0.0,0.0,0.0,0.0,0.0,0.0,0.0,0.0,0.0,0.0,0.0,0.0,0.0,0.0,0.0,16.11584884211602,16.114784821025943,16.113720784180327,46.0,16.0,46.0,46.0,37.92773444063009,46.0,37.92773444063009,37.92773444063009,37.92773444063009,37.92773444063009,46.0,37.92773444063009,37.92773444063009,37.92773444063009,46.0,46.0,0.0,0.0,0.0,0.0,0.0,0.0,0.0,0.0
41.4,0.0,0.0,0.0,0.0,0.0,0.0,0.0,0.0,0.0,0.0,0.0,0.0,0.0,0.0,0.0,0.0,0.0,0.0,0.0,0.0,0.0,0.0,0.0,0.0,0.0,0.0,0.0,0.0,0.0,0.0,0.0,0.0,0.0,0.0,0.0,0.0,0.0,0.0,0.0,0.0,0.0,0.0,0.0,0.0,0.0,0.0,0.0,0.0
0.0,0.0,0.0,0.0,0.0,0.0,0.0,0.0,0.0,0.0,0.0,0.0,0.0,0.0,0.0,0.0,0.0,0.0,0.0,0.0,0.0,0.0,0.0,0.0,0.0,0.0,0.0,0.0,0.0,0.0,0.0,0.0,0.0,0.0,0.0,0.0,0.0,0.0,0.0,0.0,0.0,0.0,0.0,0.0,0.0,0.0,0.0,0.0,0.0
0.0,0.0,0.0,0.0,0.0,0.0,0.0,0.0,0.0,0.0,0.0,0.0,0.0,0.0,0.0,0.0,0.0,0.0,0.0,0.0,0.0,0.0,0.0,0.0,0.0,0.0,0.0,0.0,0.0,0.0,0.0,0.0,0.0,0.0,0.0,0.0,0.0,0.0,0.0,0.0,0.0,0.0,0.0,0.0,0.0,0.0,0.0,0.0,0.0
0.0,0.0,0.0,0.0,0.0,0.0,0.0,0.0,0.0,0.0,0.0,0.0,0.0,0.0,0.0,0.0,0.0,0.0,0.0,0.0,0.0,0.0,0.0,0.0,0.0,0.0,0.0,0.0,0.0,0.0,0.0,0.0,0.0,0.0,0.0,0.0,0.0,0.0,0.0,0.0,0.0,0.0,0.0,0.0,0.0,0.0,0.0,0.0,0.0
7.4,21.275,21.275,21.275,21.275,21.275,21.275,21.275,21.275,0.0,0.0,0.0,0.0,0.0,0.0,0.0,0.0,0.0,0.0,0.0,0.0,0.0,0.0,14.506327133464062,14.506327133464062,14.506327133464062,14.506327133464062,14.506327133464062,14.506327133464062,14.506327133464062,14.506327133464062,7.4,21.275,7.399999999999986,0.0,0.0,0.0,0.0,0.0,0.0,0.0,0.0,0.0,0.0,14.506327133464062,14.506327133464062,14.506327133464062,7.4,7.4
7.4,21.275,21.275,21.275,21.275,21.275,21.275,21.275,21.275,0.0,0.0,0.0,0.0,0.0,0.0,0.0,0.0,0.0,0.0,0.0,0.0,0.0,0.0,0.0,0.0,0.0,0.0,0.0,0.0,0.0,0.0,14.396171507855497,21.275,7.4,7.4,7.4,7.4,7.399999999999986,21.275,7.399999999999986,7.4,0.0,0.0,0.0,0.0,0.0,0.0,0.0,0.0
0.0,0.0,0.0,0.0,0.0,0.0,0.0,0.0,0.0,0.0,0.0,0.0,0.0,7.4,7.4,7.4,7.4,7.4,7.4,7.399999999999986,7.4,7.4,7.4,0.0,0.0,0.0,0.0,0.0,0.0,0.0,0.0,0.0,0.0,0.0,7.399999999999986,7.4,7.399999999999986,7.4,21.275,7.4,7.4,14.506327133464062,14.506327133464062,14.506327133464062,0.0,0.0,0.0,0.0,0.0
0.0,21.275,21.275,21.275,21.275,21.275,21.275,21.275,21.275,14.506327132288177,14.506327133464062,14.506327133464062,14.506327133464062,7.4,7.4,7.4,7.4,7.4,7.4,7.4,7.4,7.4,7.399999999999986,0.0,0.0,0.0,0.0,0.0,0.0,0.0,0.0,0.0,0.0,0.0,0.0,0.0,0.0,0.0,0.0,0.0,0.0,0.0,0.0,0.0,0.0,0.0,0.0,7.4,7.4
9.6,27.6,27.6,15.38711012877829,27.6,15.387110128780108,27.6,15.387110128783746,27.6,27.6,27.6,27.6,27.6,13.083238016303206,13.083238017289867,13.083238017289867,13.083238017289867,13.329653020563581,13.329653020563581,13.329653020563581,13.329653020563581,13.329653020563581,13.329653020563581,0.0,0.0,0.0,0.0,0.0,0.0,0.0,0.0,0.0,0.0,0.0,0.0,0.0,0.0,0.0,0.0,0.0,0.0,0.0,0.0,0.0,0.0,0.0,13.083238017289867,13.083238017289867,13.083238017289867
0.0,27.6,27.6,27.6,15.38711012877829,27.6,15.387110128780108,27.6,15.387110128787384,15.387110128787384,15.387110128787384,27.6,15.387110128801936,0.0,0.0,0.0,0.0,0.0,0.0,0.0,0.0,0.0,0.0,0.0,0.0,0.0,0.0,0.0,0.0,0.0,0.0,0.0,0.0,0.0,0.0,9.599999999999993,27.6,13.32965302056357,13.32965302056357,13.329653020563581,13.32965302056357,13.32965302056357,27.6,13.32965302056357,13.329653020563581,0.0,0.0,0.0,0.0
0.0,15.38711012877829,15.38711012877829,27.6,27.6,27.6,27.6,27.6,27.6,27.6,27.6,15.387110128787384,27.6,0.0,0.0,0.0,0.0,0.0,0.0,0.0,0.0,0.0,0.0,13.32965302056357,13.329653020563581,13.329653020563581,13.32965302056357,13.083238017289867,13.083238017289867,13.083238017289867,13.083238017289867,13.083238017289867,13.083238017289867,13.083238017289867,13.083238017289867,9.6,0.0,0.0,0.0,0.0,0.0,0.0,0.0,0.0,0.0,0.0,0.0,0.0,0.0
11.0,31.0,22.97871011126101,22.978710111268285,31.625,31.625,22.978710111290113,22.978710111290113,31.625,31.625,31.625,31.625,31.625,22.97871011149384,22.978710111377424,11.0,12.706244319484554,11.0,12.706244319484554,11.0,11.0,11.0,11.0,13.004400778693775,13.004400778693775,13.00440077869376,13.004400778693775,0.0,0.0,0.0,0.0,0.0,0.0,0.0,0.0,0.0,0.0,0.0,0.0,0.0,0.0,0.0,12.37940077869376,11.0,31.0,13.00440077869376,24.004400778693775,23.706244319484554,23.706244319484554
0.0,23.60371011126101,31.625,31.625,22.97871011127556,22.97871011127556,31.625,31.625,31.625,22.978710111319216,22.978710111319216,22.978710111377424,31.625,31.625,31.625,12.706244318290718,11.0,12.706244319484554,11.0,13.004400778693775,13.004400778693775,13.004400778693775,13.004400778693775,11.0,11.0,11.0,11.0,11.0,11.0,11.0,12.706244319484554,12.706244319484554,12.706244319484554,12.706244319484554,12.706244319484554,12.706244319484554,12.706244319484554,11.0,28.073928683148907,11.0,13.00440077869376,0.0,0.0,0.0,0.0,0.0,0.0,0.0,0.0
0.0,31.625,31.625,31.625,31.625,31.625,31.625,31.625,22.978710111319216,31.625,31.625,31.625,22.978710111377424,31.625,31.625,0.0,0.0,0.0,0.0,0.0,0.0,0.0,0.0,0.0,0.0,0.0,0.0,13.004400778693775,13.00440077869376,12.706244319484554,11.0,11.0,11.0,11.0,11.0,11.0,11.0,20.05874540986746,31.625,13.00440077869376,11.0,24.004400778693775,11.625,13.00440077869376,20.89346946469869,11.0,0.0,0.0,0.0
46.96,0.0,0.0,0.0,0.0,0.0,0.0,0.0,0.0,0.0,0.0,0.0,0.0,0.0,0.0,0.0,0.0,0.0,0.0,0.0,0.0,0.0,0.0,0.0,0.0,0.0,0.0,0.0,0.0,0.0,0.0,0.0,0.0,0.0,0.0,0.0,0.0,0.0,0.0,0.0,0.0,0.0,0.0,0.0,0.0,0.0,0.0,0.0,0.0
0.0,0.0,0.0,0.0,0.0,0.0,0.0,0.0,0.0,0.0,0.0,0.0,0.0,0.0,0.0,0.0,0.0,0.0,0.0,0.0,0.0,0.0,0.0,0.0,0.0,0.0,0.0,0.0,0.0,0.0,0.0,0.0,0.0,0.0,0.0,0.0,0.0,0.0,0.0,0.0,0.0,0.0,0.0,0.0,0.0,0.0,0.0,0.0,0.0
0.0,0.0,0.0,0.0,0.0,0.0,0.0,0.0,0.0,0.0,0.0,0.0,0.0,0.0,0.0,0.0,0.0,0.0,0.0,0.0,0.0,0.0,0.0,0.0,0.0,0.0,0.0,0.0,0.0,0.0,0.0,0.0,0.0,0.0,0.0,0.0,0.0,0.0,0.0,0.0,0.0,0.0,0.0,0.0,0.0,0.0,0.0,0.0,0.0
50.0,168.08435436848077,168.0688804640352,168.05340655959037,189.75,189.75,189.75,189.75,189.75,189.75,167.94508922847666,167.9296153240319,167.91414141958705,167.89866751514222,189.75,167.86771970625261,189.75,189.75,167.82129799291812,167.80582408847334,189.75,167.77487627958368,167.7594023751389,167.74392847069407,167.72845456624924,189.75,189.75,189.75,189.75,189.75,167.63561113958036,189.75,189.75,167.58918942624592,167.57371552180115,167.55824161735632,189.75,189.75,189.75,167.49634599957704,167.48087209513227,167.46539819068744,189.75,167.4344503817979,189.75,167.40350257290822,167.38802866846345,189.75,189.75
0.0,189.75,189.75,189.75,168.03793265514554,168.02245875070076,168.00698484625593,167.9915109418111,167.97603703736632,167.9605631329215,189.75,189.75,189.75,189.75,167.88319361069745,189.75,167.85224580180778,167.83677189736295,189.75,189.75,167.7903501840285,189.75,189.75,189.75,189.75,167.71298066180447,167.69750675735963,167.6820328529148,167.66655894847003,167.6510850440252,189.75,167.6201372351356,167.60466333069076,189.75,189.75,189.75,167.54276771291148,167.5272938084667,167.51181990402188,189.75,189.75,189.75,167.4499242862426,189.75,167.41897647735306,189.75,189.75,167.37255476401856,164.96909179558247
150.0,174.8,174.8,174.79824618194073,174.8,162.1050031866879,112.1050031866879,112.10324936862878,162.09974173251055,112.09974173251055,162.09798791445138,174.8,174.8,174.8,137.50752211236414,174.8,174.8,124.80000000000001,112.08796905616907,124.80000000000001,174.8,124.80000000000001,162.08343260552004,112.08343260552004,162.08180307378012,174.8,162.06814884066245,112.06814884066245,124.80000000000001,174.8,174.8,174.79119490613562,174.8,174.8,174.8,174.8,174.8,174.8,124.80881816365957,174.8,174.8,124.80000000000001,174.8,174.79499402325652,174.8,124.8050059767435,124.80000000000001,174.8,162.92363860764792
150.0,162.11201845892447,112.11201845892447,162.11201845892447,162.10851082280607,124.80175381805907,174.8,174.8,124.80175381805907,174.8,124.80000000000001,174.8,174.8,174.8,174.8,174.8,174.8,174.8,174.8,162.08664333543146,162.0853176146938,174.8,174.8,174.8,124.80000000000001,174.8,174.8,174.791168766545,174.8,124.80000000000001,112.03286311622844,162.03286311622844,174.8,174.8,174.8,174.8,174.8,174.8,161.953604201654,111.953604201654,161.94477296819883,174.8,161.9478663165865,124.80000000000001,174.8,174.8,174.8,174.8,174.8
150.0,174.8,174.8,124.80000000000001,124.80000000000001,174.8,174.8,174.8,174.8,174.8,174.8,124.8015604837849,174.8,174.8,162.09146978749175,112.09146978749175,162.0904616873475,162.08929477690657,174.8,174.8,174.8,162.08424737139006,174.8,174.8,174.8,124.80000000000001,124.80000000000001,174.8,174.8,162.04166821009272,174.8,124.80000000000001,112.01525292849976,112.00644783463542,111.99764274077108,161.9888376469067,174.8,161.9712274591779,174.8,174.8,174.8,161.94286033984304,124.80000000000001,174.8,174.8,174.8,174.8,174.8,174.8
150.0,137.45175381805916,187.45,187.45,187.45,187.45,187.45,187.45,187.45,187.45,187.45,174.74477027974456,124.74477027974456,124.74348598777999,174.74348598778,187.45,137.45,187.45,187.45,187.45,137.45,187.45,137.45,187.44918523413008,187.45,174.72698007411753,187.45,187.45,174.70048637375243,187.45,187.45,187.45,187.45,187.45,187.45,137.45,124.63003255304227,137.45,187.45,187.45,137.45,187.45,187.45,174.60787827007343,124.60787827007343,174.60787827007343,174.61789022356038,124.62322063195879,137.45
80.0,92.0,42.0,42.0,42.0,68.34176100718804,68.34176100718804,118.34176100718804,70.75,120.75,86.17284177555791,120.75,120.75,120.75,120.75,86.17284177091744,120.75,86.17284177091744,120.75,86.17284177091744,120.75,120.75,120.75,120.75,120.75,120.75,120.75,120.75,120.75,120.75,120.75,86.17284177091744,86.17284177091744,120.75,86.17284177091744,120.75,120.75,120.75,120.75,120.75,120.75,120.75,120.75,86.17284177091744,86.17284177091744,120.75,86.17284177091744,120.75,86.17284177091744
80.0,92.00000000000159,42.0,42.0,42.0,42.0,42.0,42.0,92.0,120.75,120.75,120.75,120.75,86.17284177091744,120.75,120.75,120.75,120.75,120.75,120.75,120.75,120.75,120.75,120.75,86.17284177091744,86.17284177091744,86.17284177091744,120.75,120.75,120.75,120.75,120.75,120.75,120.75,120.75,120.75,120.75,120.75,120.75,120.75,120.75,86.17284177091744,120.75,120.75,120.75,86.17284177091744,120.75,120.75,120.75
80.0,47.09176100718804,97.09176100718804,68.34176100718804,97.09176100718804,120.75,120.75,70.75,68.34176100718804,86.17284177183262,120.75,120.75,86.17284177091744,120.75,86.17284177091744,120.75,120.75,120.75,120.75,120.75,120.75,120.75,86.17284177091744,86.17284177091744,120.75,120.75,120.75,120.75,120.75,120.75,86.17284177091744,120.75,120.75,120.75,120.75,86.17284177091744,120.75,120.75,86.17284177091744,86.17284177091744,86.17284177091744,120.75,120.75,120.75,120.75,120.75,120.75,86.17284177091744,120.75
80.0,42.0,92.0,120.75,92.0,42.0,42.0,42.0,92.0,120.75,120.75,86.17284177091744,120.75,120.75,120.75,120.75,86.17284177091744,120.75,120.75,120.75,86.17284177091744,86.17284177091744,120.75,120.75,120.75,120.75,120.75,120.75,86.17284177091744,120.75,120.75,120.75,120.75,86.17284177091744,120.75,120.75,120.75,86.17284177091744,120.75,120.75,120.75,120.75,120.75,120.75,120.75,120.75,120.75,120.75,120.75
80.0,120.75,120.75,120.75,120.75,120.75,120.75,120.75,70.75,120.75,120.75,120.75,120.75,120.75,120.75,120.75,120.75,120.75,86.17284177091744,120.75,120.75,120.75,120.75,120.75,120.75,120.75,120.75,86.17284177091744,120.75,86.17284177091744,120.75,120.75,120.75,120.75,120.75,120.75,86.17284177091744,120.75,120.75,120.75,120.75,120.75,86.17284177091744,120.75,120.75,120.75,120.75,120.75,120.75
80.0,101.775,101.775,101.775,101.775,101.775,101.775,46.775000000000006,46.489668801565216,101.48966880156522,46.775000000000006,101.775,101.775,101.775,101.775,101.775,101.775,101.775,101.775,101.775,101.775,101.775,101.775,101.775,101.775,101.775,101.775,101.775,101.775,101.775,101.775,101.775,101.775,101.775,101.775,101.775,101.775,101.775,101.775,101.775,101.775,101.775,101.775,101.775,101.775,101.775,101.775,101.775,101.775
80.0,46.775000000000006,101.775,101.775,101.775,101.775,101.775,101.775,101.775,46.775000000000006,101.775,101.775,101.775,101.775,101.775,101.775,101.775,101.775,101.775,101.775,101.775,101.775,101.775,101.775,101.775,101.775,101.775,101.775,101.775,101.775,101.775,101.775,101.775,101.775,101.775,101.775,101.775,101.775,101.775,101.775,101.775,101.775,101.775,101.775,101.775,101.775,101.775,101.775,101.775
80.0,101.775,46.775000000000006,43.2765043224002,98.2765043224002,101.775,101.775,101.775,98.56183552083499,101.775,101.4896688015032,46.775000000000006,101.775,101.775,101.775,101.775,101.4896688015032,101.775,101.775,101.775,101.775,101.775,101.775,101.775,101.775,101.775,101.775,101.775,101.775,101.775,101.775,101.775,101.775,101.775,101.775,101.775,101.775,101.775,101.775,101.775,101.775,101.775,101.775,101.775,101.775,101.775,101.775,101.775,101.775
80.0,98.2765043224002,98.2765043224002,101.775,46.775000000000006,43.2765043224002,43.2765043224002,98.2765043224002,101.775,101.775,101.775,101.4896688015032,46.4896688015032,46.4896688015032,46.4896688015032,46.4896688015032,46.77500000000009,101.775,101.775,101.775,101.775,101.77500000000026,101.775,101.775,101.775,101.775,101.775,101.775,101.775,101.775,101.775,101.775,101.775,101.775,101.775,101.775,101.775,101.775,101.775,101.775,101.775,101.775,101.775,101.775,101.775,101.775,101.775,101.775,101.775
700.0,800.0,805.0,805.0,805.0,805.0,805.0,805.0,805.0,805.0,801.081977422933,701.081977422933,601.081977422933,501.08197742293305,401.08197742293305,301.08197742293305,401.08197742293305,501.08197742293305,401.08197742293305,0.0,0.0,0.0,0.0,0.0,0.0,0.0,0.0,0.0,0.0,805.0,805.0,805.0,805.0,805.0,805.0,805.0,805.0,805.0,805.0,805.0,805.0,805.0,805.0,805.0,805.0,805.0,805.0,805.0,0.0
700.0,800.0,805.0,805.0,805.0,805.0,805.0,805.0,805.0,805.0,805.0,0.0,0.0,0.0,0.0,0.0,0.0,0.0,0.0,0.0,0.0,805.0,805.0,805.0,805.0,805.0,805.0,805.0,805.0,805.0,805.0,805.0,805.0,0.0,0.0,0.0,0.0,0.0,0.0,0.0,0.0,0.0,0.0,805.0,805.0,805.0,747.3851257877614,805.0,805.0
700.0,800.0,805.0,805.0,805.0,805.0,805.0,805.0,805.0,805.0,805.0,705.0,605.0,505.0,405.0,405.0,505.0,605.0,705.0,805.0,805.0,805.0,805.0,805.0,805.0,805.0,805.0,805.0,805.0,805.0,805.0,805.0,805.0,805.0,805.0,805.0,805.0,805.0,805.0,805.0,805.0,805.0,805.0,805.0,805.0,805.0,805.0,805.0,0.0
700.0,800.0,805.0,805.0,805.0,805.0,805.0,805.0,0.0,0.0,0.0,0.0,0.0,0.0,0.0,0.0,0.0,0.0,705.0,805.0,805.0,805.0,805.0,805.0,805.0,805.0,805.0,805.0,0.0,0.0,0.0,0.0,0.0,0.0,0.0,0.0,0.0,0.0,805.0,785.9451747834319,805.0,805.0,805.0,805.0,805.0,805.0,805.0,805.0,805.0
700.0,800.0,0.0,0.0,0.0,0.0,0.0,0.0,0.0,0.0,0.0,0.0,777.3257462806721,677.3257462806721,689.8578524119221,589.857852411922,689.857852411922,789.857852411922,705.0,805.0,805.0,805.0,0.0,0.0,0.0,0.0,0.0,0.0,0.0,0.0,0.0,0.0,805.0,805.0,805.0,805.0,805.0,805.0,805.0,805.0,805.0,805.0,805.0,805.0,805.0,705.0,805.0,805.0,805.0
700.0,800.0,805.0,705.0,705.0,805.0,805.0,805.0,805.0,805.0,805.0,705.0,605.0,505.0,405.0000000000018,502.4770362591023,602.4770362591023,702.4770362591023,705.0,805.0,805.0,805.0,805.0,805.0,805.0,805.0,805.0,805.0,805.0,0.0,0.0,0.0,0.0,0.0,0.0,0.0,0.0,0.0,0.0,805.0,805.0,705.0,805.0,805.0,805.0,805.0,705.0,705.0,805.0
700.0,800.0,805.0,805.0,705.0,805.0,805.0,805.0,0.0,0.0,0.0,0.0,0.0,0.0,0.0,0.0,0.0,0.0,705.0,805.0,805.0,805.0,805.0,805.0,805.0,805.0,805.0,805.0,805.0,805.0,805.0,805.0,805.0,805.0,805.0,805.0,805.0,805.0,805.0,705.0,805.0,805.0,705.0,605.0,505.0,605.0,605.0,705.0,805.0
700.0,800.0,805.0,805.0,805.0,805.0,805.0,805.0,805.0,805.0,805.0,705.0,805.0,0.0,0.0,0.0,0.0,0.0,0.0,0.0,0.0,0.0,0.0,0.0,0.0,805.0,805.0,805.0,805.0,805.0,805.0,805.0,805.0,805.0,805.0,805.0,805.0,805.0,805.0,705.0,805.0,705.0,785.5559598978653,780.4262216026755,805.0,805.0,0.0,0.0,0.0
0.0,0.0,0.0,805.0,805.0,805.0,705.0,705.0,805.0,805.0,805.0,705.0,605.0,505.0,405.0,405.0,505.0,605.0,705.0,805.0,805.0,805.0,805.0,805.0,805.0,805.0,805.0,0.0,0.0,0.0,0.0,0.0,0.0,0.0,0.0,0.0,0.0,805.0,805.0,705.0,805.0,705.0,605.0,505.0,605.0,505.0,605.0,705.0,805.0
0.0,705.0,805.0,805.0,805.0,805.0,805.0,705.0,805.0,805.0,805.0,705.0,805.0,0.0,0.0,0.0,0.0,0.0,0.0,0.0,0.0,0.0,0.0,0.0,0.0,0.0,0.0,0.0,0.0,0.0,0.0,0.0,0.0,0.0,0.0,0.0,0.0,805.0,805.0,805.0,805.0,785.6856981930541,805.0,805.0,805.0,805.0,705.0,784.9240697657242,805.0
700.0,800.0,805.0,805.0,705.0,805.0,785.491711575416,805.0,805.0,712.6799077890482,805.0,805.0,805.0,805.0,805.0,705.0,805.0,805.0,805.0,805.0,805.0,805.0,805.0,805.0,805.0,805.0,805.0,805.0,805.0,805.0,805.0,805.0,805.0,805.0,805.0,805.0,805.0,805.0,805.0,805.0,705.0,805.0,805.0,705.0,605.0,705.0,805.0,805.0,805.0
700.0,751.116220671709,805.0,805.0,785.7511881657956,805.0,805.0,805.0,805.0,705.0,805.0,805.0,805.0,795.4656475363629,805.0,705.0,805.0,805.0,805.0,805.0,805.0,805.0,805.0,805.0,805.0,805.0,805.0,805.0,805.0,805.0,805.0,805.0,805.0,805.0,805.0,805.0,805.0,805.0,805.0,805.0,805.0,805.0,805.0,705.0,805.0,780.1667450122973,805.0,805.0,805.0
700.0,800.0,805.0,805.0,805.0,805.0,805.0,705.0,805.0,705.0,805.0,805.0,805.0,705.0,805.0,705.0,805.0,805.0,781.9031091482157,805.0,805.0,805.0,805.0,805.0,805.0,0.0,0.0,0.0,0.0,0.0,0.0,0.0,0.0,0.0,0.0,805.0,805.0,805.0,805.0,805.0,705.0,805.0,805.0,705.0,780.2964833074864,705.0,805.0,805.0,805.0
700.0,800.0,805.0,705.0,805.0,705.0,605.0,705.0,805.0,705.0,805.0,805.0,805.0,805.0,805.0,705.0,735.1688767549767,805.0,805.0,805.0,805.0,805.0,805.0,805.0,805.0,805.0,805.0,805.0,805.0,805.0,805.0,805.0,805.0,805.0,805.0,805.0,805.0,805.0,805.0,805.0,805.0,805.0,805.0,705.0,805.0,805.0,805.0,805.0,805.0
700.0,800.0,805.0,785.8809264609845,805.0,805.0,805.0,705.0,805.0,705.0,805.0,805.0,805.0,705.0,805.0,705.0,805.0,805.0,805.0,805.0,805.0,805.0,805.0,805.0,805.0,805.0,805.0,805.0,805.0,805.0,805.0,805.0,805.0,805.0,805.0,805.0,805.0,805.0,805.0,805.0,805.0,805.0,805.0,705.0,605.0,705.0,805.0,805.0,805.0
700.0,800.0,805.0,805.0,805.0,785.6214498706049,805.0,778.617324244482,805.0,805.0,805.0,805.0,805.0,805.0,805.0,705.0,805.0,805.0,805.0,805.0,805.0,805.0,805.0,805.0,805.0,805.0,805.0,805.0,805.0,805.0,805.0,805.0,805.0,805.0,805.0,805.0,805.0,805.0,805.0,805.0,785.815436488243,805.0,805.0,805.0,805.0,705.0,805.0,805.0,805.0
0.0,705.0,805.0,805.0,805.0,805.0,805.0,705.0,805.0,705.0,805.0,805.0,805.0,805.0,805.0,705.0,805.0,805.0,805.0,805.0,805.0,805.0,805.0,805.0,805.0,0.0,0.0,0.0,0.0,0.0,0.0,0.0,0.0,0.0,0.0,805.0,805.0,805.0,805.0,805.0,705.0,805.0,805.0,705.0,705.0,805.0,805.0,805.0,805.0
0.0,805.0,805.0,705.0,805.0,705.0,805.0,705.0,805.0,705.0,805.0,805.0,805.0,805.0,805.0,705.0,805.0,805.0,705.0,805.0,805.0,805.0,805.0,805.0,805.0,805.0,805.0,805.0,805.0,805.0,805.0,805.0,805.0,805.0,805.0,805.0,805.0,805.0,805.0,805.0,805.0,805.0,805.0,805.0,805.0,805.0,805.0,805.0,805.0
0.0,805.0,805.0,805.0,805.0,805.0,805.0,705.0,805.0,705.0,805.0,782.3912770244879,805.0,805.0,805.0,705.0,805.0,805.0,805.0,805.0,805.0,805.0,805.0,805.0,805.0,805.0,805.0,805.0,805.0,805.0,805.0,805.0,805.0,805.0,805.0,805.0,805.0,805.0,805.0,805.0,805.0,805.0,805.0,805.0,705.0,805.0,805.0,805.0,805.0
0.0,805.0,805.0,805.0,805.0,705.0,805.0,705.0,805.0,705.0,805.0,805.0,805.0,805.0,805.0,705.0,705.0,805.0,805.0,805.0,805.0,805.0,805.0,805.0,805.0,805.0,805.0,805.0,805.0,805.0,805.0,805.0,805.0,805.0,805.0,805.0,805.0,805.0,805.0,805.0,805.0,805.0,805.0,805.0,805.0,705.0,805.0,805.0,805.0
5.52,0.0,0.0,0.0,0.0,0.0,0.0,0.0,0.0,0.0,0.0,0.0,0.0,0.0,0.0,0.0,0.0,0.0,0.0,0.0,0.0,0.0,0.0,0.0,0.0,0.0,0.0,0.0,0.0,0.0,0.0,0.0,0.0,0.0,0.0,0.0,0.0,0.0,0.0,0.0,0.0,0.0,0.0,0.0,0.0,0.0,0.0,0.0,0.0
0.0,0.0,0.0,0.0,0.0,0.0,0.0,0.0,0.0,0.0,0.0,0.0,0.0,0.0,0.0,0.0,0.0,0.0,0.0,0.0,0.0,0.0,0.0,0.0,0.0,0.0,0.0,0.0,0.0,0.0,0.0,0.0,0.0,0.0,0.0,0.0,0.0,0.0,0.0,0.0,0.0,0.0,0.0,0.0,0.0,0.0,0.0,0.0,0.0
17.2,17.2,0.0,0.0,0.0,0.0,0.0,0.0,0.0,0.0,0.0,0.0,0.0,0.0,0.0,0.0,0.0,0.0,0.0,0.0,0.0,0.0,17.2,17.2,29.45,49.45,29.449999999999996,29.450000000000003,49.45,29.450000000000003,17.2,17.2,29.450000000000003,49.45,29.450000000000003,37.2,17.199999999999996,0.0,0.0,0.0,0.0,0.0,0.0,0.0,0.0,0.0,0.0,0.0,0.0
0.0,0.0,0.0,0.0,0.0,0.0,0.0,0.0,0.0,0.0,0.0,0.0,0.0,0.0,0.0,0.0,0.0,0.0,0.0,0.0,0.0,0.0,0.0,0.0,0.0,0.0,0.0,0.0,0.0,0.0,0.0,0.0,0.0,0.0,0.0,0.0,0.0,0.0,0.0,0.0,0.0,0.0,0.0,0.0,0.0,0.0,0.0,0.0,0.0
11.2,0.0,0.0,0.0,0.0,0.0,0.0,0.0,0.0,0.0,0.0,0.0,0.0,0.0,0.0,0.0,0.0,0.0,0.0,0.0,0.0,0.0,0.0,0.0,0.0,0.0,0.0,0.0,0.0,0.0,0.0,0.0,0.0,0.0,0.0,0.0,0.0,0.0,0.0,0.0,0.0,0.0,0.0,0.0,0.0,0.0,0.0,0.0,0.0
0.0,0.0,0.0,0.0,0.0,0.0,0.0,0.0,0.0,0.0,0.0,0.0,0.0,0.0,0.0,0.0,0.0,0.0,0.0,0.0,0.0,0.0,0.0,0.0,0.0,0.0,0.0,0.0,0.0,0.0,0.0,0.0,0.0,0.0,0.0,0.0,0.0,0.0,0.0,0.0,0.0,0.0,0.0,0.0,0.0,0.0,0.0,0.0,0.0
29.6,0.0,0.0,0.0,0.0,0.0,0.0,0.0,0.0,0.0,0.0,0.0,0.0,0.0,0.0,0.0,0.0,0.0,0.0,0.0,0.0,0.0,0.0,0.0,0.0,0.0,0.0,0.0,0.0,0.0,0.0,0.0,0.0,0.0,0.0,0.0,0.0,0.0,0.0,0.0,0.0,0.0,0.0,0.0,0.0,0.0,0.0,0.0,0.0
0.0,0.0,0.0,0.0,0.0,0.0,0.0,0.0,0.0,0.0,0.0,0.0,0.0,0.0,0.0,0.0,0.0,0.0,0.0,0.0,0.0,0.0,0.0,0.0,0.0,0.0,0.0,0.0,0.0,0.0,0.0,0.0,0.0,0.0,0.0,0.0,0.0,0.0,0.0,0.0,0.0,0.0,0.0,0.0,0.0,0.0,0.0,0.0,0.0
0.0,0.0,0.0,0.0,0.0,0.0,0.0,0.0,0.0,0.0,0.0,0.0,0.0,0.0,0.0,0.0,0.0,0.0,0.0,0.0,0.0,0.0,0.0,0.0,0.0,0.0,0.0,0.0,0.0,0.0,0.0,0.0,0.0,0.0,0.0,0.0,0.0,0.0,0.0,0.0,0.0,0.0,0.0,0.0,0.0,0.0,0.0,0.0,0.0
10.0,28.75,0.0,0.0,0.0,0.0,0.0,0.0,0.0,0.0,0.0,0.0,0.0,0.0,0.0,0.0,0.0,0.0,0.0,0.0,0.0,0.0,0.0,0.0,0.0,0.0,0.0,0.0,28.75,20.022888702852782,13.078165380201193,10.0,10.0,20.02078945594458,10.0,10.0,10.0,28.75,28.75,0.0,0.0,0.0,0.0,0.0,0.0,0.0,0.0,0.0,0.0
0.0,0.0,0.0,0.0,28.75,28.75,10.0,10.0,10.0,10.0,10.0,10.0,10.0,10.0,10.0,20.0194993011636,0.0,0.0,0.0,0.0,0.0,0.0,0.0,0.0,0.0,0.0,0.0,0.0,0.0,0.0,0.0,0.0,0.0,0.0,0.0,0.0,0.0,0.0,0.0,0.0,0.0,0.0,0.0,0.0,0.0,0.0,0.0,0.0,0.0
8.0,17.084925000000002,8.0,8.0,0.0,0.0,0.0,0.0,0.0,0.0,0.0,0.0,0.0,0.0,0.0,0.0,0.0,0.0,0.0,0.0,0.0,0.0,0.0,0.0,0.0,0.0,0.0,0.0,0.0,0.0,0.0,0.0,0.0,0.0,0.0,0.0,0.0,0.0,0.0,0.0,0.0,0.0,0.0,0.0,0.0,0.0,0.0,0.0,8.0
0.0,0.0,0.0,0.0,0.0,0.0,0.0,0.0,0.0,0.0,0.0,0.0,0.0,12.43782539999923,23.0,23.0,16.961580465492304,16.96155936891678,16.961538268732944,16.961517164940183,16.961496057537875,16.961474946525403,16.961453831902148,16.961432713667495,16.961411591820827,23.0,0.0,0.0,0.0,0.0,0.0,0.0,0.0,0.0,0.0,0.0,0.0,0.0,0.0,0.0,0.0,0.0,0.0,0.0,0.0,0.0,0.0,23.0,20.263830987409523
0.0,0.0,9.084924999999973,9.084924999999973,17.084924999999973,17.084924999999973,17.084924999999973,17.084924999999973,17.084924999999973,17.084924999999973,17.084924999999973,23.0,12.43782539999923,0.0,0.0,0.0,0.0,0.0,0.0,0.0,0.0,0.0,0.0,0.0,0.0,0.0,0.0,12.43782539999923,23.0,12.43782539999923,12.43782539999923,12.43782539999923,12.43782539999923,23.0,12.43782539999923,13.400393785490685,12.43782539999923,17.084925000000002,23.0,23.0,18.815525859734034,16.960655421670392,16.960634166877426,23.0,16.961624609753578,16.961603520728392,16.96158242809619,0.0,0.0
40.76,0.0,0.0,0.0,0.0,0.0,0.0,0.0,0.0,0.0,0.0,0.0,0.0,0.0,0.0,0.0,0.0,0.0,0.0,0.0,0.0,0.0,0.0,0.0,0.0,0.0,0.0,0.0,0.0,0.0,0.0,0.0,0.0,0.0,0.0,0.0,0.0,0.0,0.0,0.0,0.0,0.0,0.0,0.0,0.0,0.0,0.0,0.0,0.0
0.0,0.0,0.0,0.0,0.0,0.0,0.0,0.0,0.0,0.0,0.0,0.0,0.0,0.0,0.0,0.0,0.0,0.0,0.0,0.0,0.0,0.0,0.0,0.0,0.0,0.0,0.0,0.0,0.0,0.0,0.0,0.0,0.0,0.0,0.0,0.0,0.0,0.0,0.0,0.0,0.0,0.0,0.0,0.0,0.0,0.0,0.0,0.0,0.0
0.0,0.0,0.0,0.0,0.0,0.0,0.0,0.0,0.0,0.0,0.0,0.0,0.0,0.0,0.0,0.0,0.0,0.0,0.0,0.0,0.0,0.0,0.0,0.0,0.0,0.0,0.0,0.0,0.0,0.0,0.0,0.0,0.0,0.0,0.0,0.0,0.0,0.0,0.0,0.0,0.0,0.0,0.0,0.0,0.0,0.0,0.0,0.0,0.0
10.96,13.325240157758426,13.325240157758405,13.325240157758405,13.325240157758405,13.325240157758405,13.325240157758405,0.0,0.0,0.0,0.0,0.0,0.0,0.0,0.0,0.0,0.0,0.0,0.0,0.0,0.0,0.0,0.0,0.0,0.0,0.0,0.0,0.0,0.0,0.0,0.0,0.0,0.0,0.0,0.0,0.0,0.0,0.0,0.0,0.0,0.0,0.0,0.0,0.0,0.0,0.0,0.0,0.0,0.0
0.0,0.0,0.0,0.0,0.0,0.0,0.0,13.325240157758405,13.325240157758405,13.325240157758405,13.325240157758405,13.325240157758405,13.325240157758405,13.325240157758405,13.325240157758405,13.325240157758405,13.325240157758405,0.0,0.0,0.0,0.0,0.0,0.0,0.0,0.0,0.0,0.0,0.0,0.0,0.0,0.0,0.0,0.0,0.0,0.0,0.0,0.0,0.0,0.0,0.0,0.0,0.0,0.0,0.0,0.0,0.0,0.0,0.0,0.0
0.0,0.0,0.0,0.0,0.0,0.0,0.0,0.0,0.0,0.0,0.0,0.0,0.0,0.0,0.0,0.0,0.0,0.0,0.0,0.0,0.0,0.0,0.0,0.0,0.0,0.0,0.0,0.0,0.0,0.0,0.0,0.0,0.0,0.0,0.0,0.0,0.0,0.0,0.0,0.0,0.0,0.0,0.0,0.0,0.0,0.0,0.0,0.0,0.0
0.0,0.0,0.0,0.0,0.0,0.0,0.0,0.0,0.0,0.0,0.0,0.0,0.0,0.0,0.0,0.0,0.0,0.0,0.0,0.0,0.0,0.0,0.0,0.0,0.0,0.0,0.0,0.0,0.0,0.0,0.0,0.0,0.0,0.0,0.0,0.0,0.0,0.0,0.0,0.0,0.0,0.0,0.0,0.0,0.0,0.0,0.0,0.0,0.0
0.0,0.0,0.0,0.0,0.0,0.0,0.0,0.0,0.0,0.0,0.0,0.0,0.0,0.0,0.0,0.0,0.0,0.0,0.0,0.0,0.0,0.0,0.0,0.0,0.0,0.0,0.0,0.0,0.0,0.0,0.0,0.0,0.0,0.0,0.0,0.0,0.0,0.0,0.0,0.0,0.0,0.0,0.0,0.0,0.0,0.0,0.0,0.0,0.0
10.8,15.151133967982389,15.151133967980304,15.151133967980304,0.0,0.0,0.0,0.0,0.0,0.0,0.0,0.0,0.0,0.0,0.0,0.0,0.0,0.0,0.0,0.0,0.0,0.0,15.151133967980304,15.151133967980304,15.151133967980304,15.151133967980304,15.151133967980304,15.151133967980304,15.151133967980304,15.151133967980304,15.151133967980304,15.151133967980304,15.151133967980304,0.0,0.0,0.0,0.0,0.0,0.0,0.0,0.0,0.0,0.0,0.0,0.0,0.0,0.0,0.0,15.151133967980304
0.0,0.0,0.0,0.0,0.0,0.0,0.0,0.0,0.0,0.0,0.0,0.0,0.0,0.0,0.0,0.0,0.0,0.0,0.0,0.0,0.0,0.0,0.0,0.0,0.0,0.0,0.0,0.0,0.0,0.0,0.0,0.0,0.0,0.0,0.0,0.0,0.0,0.0,0.0,0.0,0.0,0.0,0.0,0.0,0.0,0.0,0.0,0.0,0.0
0.0,0.0,0.0,0.0,15.151133967980257,15.151133967980304,15.151133967980304,15.151133967980304,15.151133967980304,15.151133967980304,15.151133967980304,15.151133967980304,15.151133967980304,15.151133967980304,15.151133967980304,0.0,0.0,0.0,0.0,0.0,0.0,0.0,0.0,0.0,0.0,0.0,0.0,0.0,0.0,0.0,0.0,0.0,0.0,0.0,0.0,0.0,0.0,0.0,15.151133967980304,15.151133967980304,15.151133967980304,15.151133967980304,15.151133967980304,15.151133967980304,15.151133967980304,15.151133967980304,15.151133967980304,15.151133967980304,0.0
0.0,0.0,0.0,0.0,0.0,0.0,0.0,0.0,0.0,0.0,0.0,0.0,0.0,0.0,0.0,0.0,0.0,0.0,0.0,0.0,0.0,0.0,0.0,0.0,0.0,0.0,0.0,0.0,0.0,0.0,0.0,0.0,0.0,0.0,0.0,0.0,0.0,0.0,0.0,0.0,0.0,0.0,0.0,0.0,0.0,0.0,0.0,0.0,0.0
22.4,0.0,0.0,0.0,0.0,0.0,0.0,0.0,0.0,0.0,0.0,0.0,0.0,0.0,0.0,0.0,0.0,0.0,0.0,0.0,0.0,0.0,0.0,0.0,0.0,0.0,0.0,0.0,0.0,0.0,0.0,0.0,0.0,0.0,0.0,0.0,0.0,0.0,0.0,0.0,0.0,0.0,0.0,0.0,0.0,0.0,0.0,0.0,0.0
0.0,0.0,0.0,0.0,0.0,0.0,0.0,0.0,0.0,0.0,0.0,0.0,0.0,0.0,0.0,0.0,0.0,0.0,0.0,0.0,0.0,0.0,0.0,0.0,0.0,0.0,0.0,0.0,0.0,0.0,0.0,0.0,0.0,0.0,0.0,0.0,0.0,0.0,0.0,0.0,0.0,0.0,0.0,0.0,0.0,0.0,0.0,0.0,0.0
18.68,0.0,0.0,0.0,0.0,0.0,0.0,0.0,0.0,0.0,0.0,0.0,0.0,0.0,0.0,0.0,0.0,0.0,0.0,0.0,0.0,0.0,0.0,0.0,0.0,0.0,0.0,0.0,0.0,0.0,0.0,0.0,0.0,0.0,0.0,0.0,0.0,0.0,0.0,0.0,0.0,0.0,0.0,0.0,0.0,0.0,0.0,0.0,0.0
0.0,0.0,0.0,0.0,0.0,0.0,0.0,0.0,0.0,0.0,0.0,0.0,0.0,0.0,0.0,0.0,0.0,0.0,0.0,0.0,0.0,0.0,0.0,0.0,0.0,0.0,0.0,0.0,0.0,0.0,0.0,0.0,0.0,0.0,0.0,0.0,0.0,0.0,0.0,0.0,0.0,0.0,0.0,0.0,0.0,0.0,0.0,0.0,0.0
0.0,0.0,0.0,0.0,0.0,0.0,0.0,0.0,0.0,0.0,0.0,0.0,0.0,0.0,0.0,0.0,0.0,0.0,0.0,0.0,0.0,0.0,0.0,0.0,0.0,0.0,0.0,0.0,0.0,0.0,0.0,0.0,0.0,0.0,0.0,0.0,0.0,0.0,0.0,0.0,0.0,0.0,0.0,0.0,0.0,0.0,0.0,0.0,0.0
14.0,14.0,0.0,0.0,0.0,0.0,0.0,0.0,0.0,0.0,0.0,0.0,0.0,0.0,0.0,0.0,0.0,0.0,0.0,0.0,0.0,0.0,0.0,0.0,0.0,0.0,0.0,0.0,0.0,0.0,0.0,0.0,0.0,0.0,0.0,0.0,0.0,0.0,0.0,0.0,0.0,0.0,0.0,0.0,0.0,0.0,0.0,0.0,0.0
0.0,0.0,0.0,0.0,0.0,0.0,0.0,0.0,0.0,0.0,0.0,0.0,0.0,0.0,0.0,0.0,0.0,0.0,0.0,0.0,0.0,0.0,0.0,0.0,0.0,0.0,0.0,0.0,0.0,0.0,0.0,0.0,0.0,0.0,0.0,0.0,0.0,0.0,0.0,0.0,0.0,0.0,0.0,0.0,0.0,0.0,0.0,0.0,0.0
0.0,0.0,0.0,0.0,0.0,0.0,0.0,0.0,0.0,0.0,0.0,0.0,0.0,0.0,0.0,14.0,14.0,14.0,14.0,14.0,14.0,14.0,14.0,14.0,14.0,0.0,0.0,0.0,0.0,0.0,0.0,0.0,0.0,0.0,0.0,0.0,0.0,0.0,0.0,0.0,0.0,0.0,0.0,0.0,0.0,0.0,0.0,0.0,0.0
0.0,0.0,0.0,0.0,0.0,0.0,0.0,0.0,0.0,0.0,0.0,0.0,0.0,0.0,0.0,0.0,0.0,0.0,0.0,0.0,0.0,0.0,0.0,0.0,0.0,0.0,0.0,0.0,0.0,0.0,0.0,0.0,0.0,0.0,0.0,0.0,0.0,0.0,0.0,0.0,0.0,0.0,0.0,0.0,0.0,0.0,0.0,0.0,0.0
44.0,0.0,0.0,0.0,0.0,0.0,0.0,0.0,0.0,0.0,0.0,0.0,0.0,0.0,0.0,0.0,0.0,0.0,0.0,0.0,0.0,0.0,0.0,0.0,0.0,0.0,0.0,0.0,0.0,0.0,0.0,49.61223791809975,49.57833995818556,49.81107052988444,52.57037646515945,72.57037646515943,92.57037646515944,112.57037646515943,126.5,126.5,106.5,86.5,66.49999999999997,46.49999999999999,44.0,64.0,48.84483029721309,0.0,0.0
0.0,0.0,0.0,0.0,0.0,0.0,0.0,0.0,0.0,0.0,0.0,0.0,0.0,0.0,0.0,0.0,0.0,0.0,0.0,0.0,44.0,44.0,44.0,64.0,66.30217519823202,86.30217519823204,106.30217519823205,86.30217519823202,106.30217519823202,86.30217519823205,66.30217519823204,0.0,0.0,0.0,0.0,0.0,0.0,0.0,0.0,0.0,0.0,0.0,0.0,0.0,0.0,0.0,0.0,0.0,0.0
0.0,0.0,0.0,0.0,0.0,0.0,0.0,0.0,0.0,0.0,0.0,0.0,0.0,0.0,0.0,0.0,0.0,0.0,0.0,0.0,0.0,0.0,0.0,0.0,0.0,0.0,0.0,0.0,0.0,0.0,0.0,0.0,0.0,0.0,0.0,0.0,0.0,0.0,0.0,0.0,0.0,0.0,0.0,0.0,0.0,0.0,0.0,0.0,0.0
19.8,0.0,0.0,0.0,0.0,0.0,0.0,0.0,0.0,0.0,0.0,0.0,0.0,0.0,0.0,0.0,0.0,0.0,0.0,0.0,0.0,0.0,0.0,0.0,0.0,30.231178941354674,31.98517558938396,47.01447590456185,42.060981705848306,47.12194486868586,42.17387859287318,22.17387859287318,32.28268614440766,19.799999999627484,19.8,0.0,0.0,0.0,0.0,0.0,0.0,0.0,0.0,0.0,0.0,0.0,0.0,31.14293410951635,19.8
0.0,0.0,0.0,0.0,0.0,0.0,0.0,0.0,0.0,0.0,0.0,0.0,0.0,0.0,0.0,0.0,0.0,0.0,0.0,0.0,0.0,0.0,0.0,0.0,0.0,0.0,0.0,0.0,0.0,0.0,0.0,0.0,0.0,0.0,0.0,0.0,0.0,0.0,0.0,49.627886676228805,56.92500000000001,39.22756191647544,27.649537192804793,32.766456741911504,52.7664567419115,37.791019467545155,35.92910231432973,19.8,19.8
0.0,0.0,0.0,0.0,0.0,0.0,0.0,0.0,0.0,0.0,0.0,0.0,0.0,0.0,0.0,0.0,0.0,0.0,0.0,0.0,0.0,0.0,0.0,0.0,0.0,0.0,0.0,0.0,0.0,0.0,0.0,0.0,19.8,19.8,19.8,39.8,41.89538087263038,56.92500000000001,56.925,36.925,39.1624044359379,56.92500000000001,54.962092100140566,34.96209210014057,0.0,0.0,0.0,0.0,0.0
0.0,0.0,0.0,0.0,0.0,0.0,0.0,0.0,0.0,0.0,0.0,0.0,0.0,0.0,0.0,0.0,0.0,0.0,0.0,0.0,0.0,0.0,34.987881458688705,35.00158660407059,35.01530396945971,19.8,19.8,19.799999999999997,39.8,19.8,39.8,44.86106382581775,0.0,0.0,0.0,0.0,0.0,0.0,0.0,0.0,0.0,0.0,0.0,0.0,0.0,0.0,0.0,0.0,0.0
53.2,0.0,0.0,0.0,0.0,0.0,0.0,0.0,0.0,0.0,0.0,0.0,0.0,0.0,0.0,0.0,0.0,0.0,0.0,0.0,0.0,0.0,0.0,0.0,0.0,0.0,0.0,0.0,0.0,0.0,0.0,0.0,0.0,0.0,0.0,0.0,0.0,0.0,0.0,0.0,0.0,0.0,0.0,0.0,0.0,0.0,0.0,0.0,0.0
0.0,0.0,0.0,0.0,0.0,0.0,0.0,0.0,0.0,0.0,0.0,0.0,0.0,0.0,0.0,0.0,0.0,0.0,0.0,0.0,0.0,0.0,0.0,0.0,0.0,0.0,0.0,0.0,0.0,0.0,0.0,0.0,0.0,0.0,0.0,0.0,0.0,0.0,0.0,0.0,0.0,0.0,0.0,0.0,0.0,0.0,0.0,0.0,0.0
0.0,0.0,0.0,0.0,0.0,0.0,0.0,0.0,0.0,0.0,0.0,0.0,0.0,0.0,0.0,0.0,0.0,0.0,0.0,0.0,0.0,0.0,0.0,0.0,0.0,0.0,0.0,0.0,0.0,0.0,0.0,0.0,0.0,0.0,0.0,0.0,0.0,0.0,0.0,0.0,0.0,0.0,0.0,0.0,0.0,0.0,0.0,0.0,0.0
16.72,0.0,0.0,0.0,0.0,0.0,0.0,0.0,0.0,0.0,0.0,0.0,0.0,0.0,0.0,0.0,0.0,0.0,0.0,0.0,0.0,0.0,0.0,0.0,0.0,0.0,0.0,0.0,0.0,0.0,0.0,0.0,0.0,0.0,0.0,0.0,0.0,0.0,0.0,0.0,0.0,0.0,0.0,0.0,0.0,0.0,0.0,0.0,0.0
16.76,0.0,0.0,0.0,0.0,0.0,0.0,0.0,0.0,0.0,0.0,0.0,0.0,0.0,0.0,0.0,0.0,0.0,0.0,0.0,0.0,0.0,0.0,0.0,0.0,0.0,0.0,0.0,0.0,0.0,0.0,0.0,0.0,0.0,0.0,0.0,0.0,0.0,0.0,0.0,0.0,0.0,0.0,0.0,0.0,0.0,0.0,0.0,0.0
60.0,75.9,75.9,72.64227799306653,75.9,72.63048134466013,26.4,72.6187128331359,75.9,26.4,26.4,75.9,75.9,72.58366053050358,75.9,75.9,26.4,75.9,26.4,75.9,75.9,26.4,26.4,26.4,75.9,75.9,75.9,75.9,75.9,75.9,49.384345673045374,75.9,75.9,75.9,75.9,26.4,26.4,75.9,75.9,72.43176721909694,26.4,26.4,75.9,75.9,75.9,75.9,75.9,75.9,75.9
0.0,75.9,72.64817631726973,75.9,75.9,75.9,75.9,26.4,26.4,72.6070287322585,75.9,75.9,72.58950258094231,75.9,26.4,75.9,26.4,26.4,75.9,72.54860822787131,26.4,75.9,72.53108207655512,72.52524002611639,49.419397975677754,75.9,75.9,75.9,75.9,75.9,75.9,49.3785036226067,49.372661572167914,75.9,26.4,26.4,72.44929337041313,72.4434513199744,75.9,75.9,72.42592516865821,75.9,75.9,75.9,75.9,49.296714916464595,75.9,75.9,75.9
0.0,26.4,26.4,75.9,26.4,26.4,75.9,75.9,75.9,75.9,75.9,26.4,75.9,75.9,26.4,75.9,75.9,72.56029232874872,75.9,75.9,26.4,75.9,75.9,75.9,75.9,75.9,75.9,75.9,75.9,75.9,75.9,75.9,75.9,75.9,75.9,72.4551354208518,75.9,26.4,72.43760926953567,75.9,75.9,75.9,72.41424106778081,72.40839901734208,75.9,75.9,75.9,75.9,75.9
0.0,26.4,75.9,26.4,72.63637966886333,75.9,75.9,75.9,26.4,75.9,26.4,72.59534463138104,26.4,26.4,75.9,72.57197642962618,75.9,75.9,75.9,26.4,72.54276617743258,72.53692412699385,26.4,75.9,75.9,49.41355592523897,49.407713874800294,75.9,49.396029773922834,49.39018772348405,75.9,75.9,75.9,49.36681952172924,75.9,75.9,75.9,75.9,26.4,75.9,75.9,75.9,75.9,26.4,49.30255696690327,75.9,49.29087286602581,75.9,75.9
0.0,72.65407464147299,26.4,26.4,75.9,75.9,72.62458302045692,26.4,72.61287078269717,26.4,75.9,26.4,26.4,26.4,75.9,26.4,75.9,75.9,72.55445027830999,75.9,75.9,75.9,75.9,26.4,75.9,75.9,75.9,49.40187182436151,75.9,75.9,75.9,75.9,75.9,75.9,72.46097747129053,75.9,26.4,75.9,75.9,26.4,75.9,72.42008311821954,26.4,26.4,75.9,75.9,75.9,49.285030815587135,49.27918876514846
0.0,75.9,75.9,75.9,26.4,26.4,26.4,75.9,75.9,75.9,72.60118668181977,75.9,75.9,75.9,72.5778184800649,26.4,72.56613437918745,26.4,26.4,26.4,75.9,26.4,75.9,75.9,0.0,0.0,0.0,0.0,0.0,0.0,0.0,0.0,0.0,0.0,26.4,75.9,75.9,26.4,26.4,26.4,26.4,26.4,26.4,75.9,0.0,0.0,0.0,0.0,0.0
14.0,34.0,39.62320305792069,39.62260857859418,40.25,40.25,39.620825140614684,39.620230661288176,40.25,39.61904170263517,39.61844722330868,39.61785274398217,39.61725826465566,39.616663785329166,39.61606930600267,40.25,40.25,39.614285868023146,39.61369138869665,39.61309690937016,39.61250243004365,39.61190795071714,39.611313471390645,39.61071899206415,40.25,40.25,39.60893555408464,39.608341074758144,40.25,40.25,40.25,40.25,39.60536867812563,39.60477419879912,39.60417971947261,39.60358524014612,39.60299076081962,39.60239628149312,40.25,39.60120732284011,39.600612843513616,39.60001836418711,39.59942388486059,39.598829405534104,39.59823492620761,39.5976404468811,39.59704596755458,39.596451488228084,40.25
0.0,40.25,40.25,40.25,40.25,40.25,40.25,40.25,40.25,40.25,40.25,40.25,40.25,40.25,40.25,39.61547482667616,40.25,40.25,40.25,40.25,40.25,40.25,40.25,40.25,40.25,40.25,40.25,40.25,39.607746595431635,40.25,39.60655763677863,39.60596315745214,40.25,40.25,40.25,40.25,40.25,40.25,39.60180180214412,40.25,40.25,40.25,40.25,40.25,40.25,40.25,40.25,40.25,39.59585700890159
0.0,40.25,40.25,40.25,39.62201409926767,39.62141961994118,40.25,40.25,39.61963618196167,40.25,40.25,40.25,40.25,40.25,40.25,40.25,39.614880347349654,40.25,40.25,40.25,40.25,40.25,40.25,40.25,39.61012451273764,39.60953003341113,40.25,40.25,40.25,39.60715211610513,40.25,40.25,40.25,40.25,40.25,40.25,40.25,40.25,40.25,40.25,40.25,40.25,40.25,40.25,40.25,40.25,40.25,40.25,40.25
5.88,16.905000000000005,16.905000000000005,16.905000000000005,16.905000000000005,0.0,0.0,0.0,0.0,0.0,0.0,0.0,0.0,0.0,0.0,0.0,0.0,0.0,0.0,0.0,0.0,0.0,0.0,0.0,0.0,0.0,0.0,0.0,0.0,0.0,0.0,0.0,0.0,0.0,0.0,0.0,0.0,0.0,0.0,0.0,0.0,0.0,0.0,0.0,0.0,0.0,0.0,0.0,0.0
0.0,0.0,0.0,0.0,0.0,0.0,0.0,0.0,0.0,0.0,0.0,0.0,0.0,0.0,0.0,0.0,0.0,0.0,0.0,0.0,0.0,0.0,0.0,0.0,0.0,0.0,0.0,0.0,0.0,0.0,0.0,0.0,0.0,0.0,0.0,0.0,0.0,0.0,0.0,0.0,0.0,0.0,0.0,0.0,0.0,0.0,0.0,0.0,0.0
0.0,0.0,0.0,0.0,0.0,0.0,0.0,0.0,0.0,0.0,0.0,0.0,0.0,0.0,0.0,0.0,0.0,0.0,0.0,0.0,0.0,0.0,0.0,0.0,0.0,0.0,0.0,0.0,0.0,0.0,0.0,0.0,0.0,0.0,0.0,0.0,0.0,0.0,0.0,0.0,0.0,0.0,0.0,0.0,0.0,0.0,0.0,0.0,0.0
120.0,143.75,0.0,0.0,0.0,0.0,0.0,0.0,0.0,0.0,0.0,0.0,0.0,0.0,0.0,0.0,0.0,0.0,0.0,0.0,0.0,0.0,0.0,131.9199634160284,51.919963416028395,131.9199634160284,143.75,143.75,118.10880270971597,143.75,118.06802890550784,118.0476420034023,143.75,118.00483678560107,117.97944007092337,117.95309637086069,117.92675267079801,0.0,0.0,0.0,0.0,0.0,0.0,0.0,0.0,0.0,0.0,0.0,0.0
120.0,143.75,0.0,0.0,0.0,0.0,0.0,0.0,0.0,0.0,0.0,0.0,0.0,0.0,0.0,0.0,0.0,0.0,0.0,0.0,0.0,0.0,0.0,143.75,63.75,143.75,118.14957651392422,118.1291896118197,143.75,118.08841580761134,143.75,143.75,118.02725510129744,143.75,143.75,143.75,143.75,0.0,0.0,0.0,0.0,0.0,0.0,0.0,0.0,0.0,0.0,0.0,0.0
0.0,0.0,0.0,0.0,0.0,0.0,0.0,0.0,0.0,0.0,0.0,0.0,0.0,0.0,0.0,0.0,0.0,0.0,0.0,0.0,0.0,0.0,50.0,130.0,50.0,130.0,143.75,143.75,143.75,143.75,143.75,143.75,143.75,143.75,143.75,143.75,143.75,0.0,0.0,0.0,0.0,0.0,0.0,0.0,0.0,0.0,0.0,0.0,0.0
14.0,0.0,0.0,0.0,0.0,0.0,0.0,0.0,0.0,0.0,0.0,0.0,0.0,0.0,0.0,0.0,0.0,0.0,0.0,0.0,0.0,0.0,0.0,0.0,0.0,0.0,0.0,0.0,0.0,0.0,0.0,0.0,0.0,0.0,0.0,0.0,0.0,0.0,0.0,0.0,0.0,0.0,0.0,0.0,0.0,0.0,0.0,0.0,0.0
0.0,0.0,0.0,0.0,0.0,0.0,0.0,0.0,0.0,0.0,0.0,0.0,0.0,0.0,0.0,0.0,0.0,0.0,0.0,0.0,0.0,0.0,0.0,0.0,0.0,0.0,0.0,0.0,0.0,0.0,0.0,0.0,0.0,0.0,0.0,0.0,0.0,0.0,0.0,0.0,0.0,0.0,0.0,0.0,0.0,0.0,0.0,0.0,0.0
0.0,0.0,0.0,0.0,0.0,0.0,0.0,0.0,0.0,0.0,0.0,0.0,0.0,0.0,0.0,0.0,0.0,0.0,0.0,0.0,0.0,0.0,0.0,0.0,0.0,0.0,0.0,0.0,0.0,0.0,0.0,0.0,0.0,0.0,0.0,0.0,0.0,0.0,0.0,0.0,0.0,0.0,0.0,0.0,0.0,0.0,0.0,0.0,0.0
0.0,0.0,0.0,0.0,0.0,0.0,0.0,0.0,0.0,0.0,0.0,0.0,0.0,0.0,0.0,0.0,0.0,0.0,0.0,0.0,0.0,0.0,0.0,0.0,0.0,0.0,0.0,0.0,0.0,0.0,0.0,0.0,0.0,0.0,0.0,0.0,0.0,0.0,0.0,0.0,0.0,0.0,0.0,0.0,0.0,0.0,0.0,0.0,0.0
6.0,10.920745000000112,10.920745000000023,10.920745000000023,10.920745000000023,0.0,0.0,0.0,0.0,0.0,0.0,0.0,0.0,0.0,0.0,0.0,0.0,0.0,0.0,0.0,10.92074500000039,10.92074500000039,10.92074500000039,10.92074500000039,10.92074500000039,10.92074500000039,10.92074500000039,10.92074500000039,10.92074500000039,10.92074500000039,0.0,0.0,0.0,0.0,0.0,0.0,0.0,0.0,0.0,0.0,0.0,0.0,0.0,0.0,0.0,0.0,0.0,0.0,0.0
0.0,0.0,0.0,0.0,0.0,10.920745000000023,10.920745000000023,10.920745000000023,10.920745000000023,10.92074500000039,10.92074500000039,10.92074500000039,10.92074500000039,10.92074500000039,10.92074500000039,10.92074500000039,10.92074500000039,0.0,0.0,0.0,0.0,0.0,0.0,0.0,0.0,0.0,0.0,0.0,0.0,0.0,0.0,10.92074500000039,10.92074500000039,10.92074500000039,10.92074500000039,10.92074500000039,10.92074500000039,10.92074500000039,10.92074500000039,10.92074500000039,10.92074500000039,0.0,0.0,0.0,0.0,0.0,0.0,0.0,0.0
0.0,0.0,0.0,0.0,0.0,0.0,0.0,0.0,0.0,0.0,0.0,0.0,0.0,0.0,0.0,0.0,0.0,0.0,0.0,0.0,0.0,0.0,0.0,0.0,0.0,0.0,0.0,0.0,0.0,0.0,0.0,0.0,0.0,0.0,0.0,0.0,0.0,0.0,0.0,0.0,0.0,10.92074500000039,10.92074500000039,10.92074500000039,10.92074500000039,10.92074500000039,10.92074500000039,10.92074500000039,10.92074500000039
0.0,0.0,0.0,0.0,0.0,0.0,0.0,0.0,0.0,0.0,0.0,0.0,0.0,0.0,0.0,0.0,0.0,0.0,0.0,0.0,0.0,0.0,0.0,0.0,0.0,0.0,0.0,0.0,0.0,0.0,0.0,0.0,0.0,0.0,0.0,0.0,0.0,0.0,0.0,0.0,0.0,0.0,0.0,0.0,0.0,0.0,0.0,0.0,0.0
15.72,35.72000000000002,45.19500000000001,45.195,45.195,45.195,0.0,0.0,0.0,0.0,0.0,0.0,0.0,0.0,0.0,0.0,0.0,0.0,0.0,0.0,0.0,0.0,15.719999999999992,15.719999999999992,32.2089075587921,15.719999999999992,15.719999999999992,15.719999999999992,15.719999999999992,32.20890755879142,27.928907558790463,27.928907558790456,0.0,0.0,0.0,0.0,0.0,0.0,0.0,0.0,0.0,0.0,0.0,0.0,0.0,0.0,0.0,0.0,0.0
0.0,0.0,0.0,0.0,0.0,0.0,0.0,0.0,0.0,0.0,0.0,0.0,0.0,0.0,0.0,0.0,0.0,0.0,0.0,0.0,45.195,45.195,32.20890755879127,15.719999999999992,15.719999999999992,32.20890755879211,15.719999999999992,32.20890755879213,32.20890755879237,15.719999999999992,0.0,0.0,0.0,0.0,0.0,0.0,0.0,0.0,0.0,0.0,45.195,45.195,45.195,25.195000000000007,25.994806333040877,15.719999999999992,25.195,45.194999999999936,36.866966549188064
0.0,45.31,45.31000000000001,45.31,45.31,45.31,45.31,45.31,45.31,45.31,45.31,0.0,0.0,0.0,0.0,0.0,0.0,0.0,0.0,0.0,0.0,18.493907558790454,15.759999999999991,32.2489075587921,15.759999999999991,15.759999999999991,32.248907558792126,15.759999999999991,15.759999999999991,15.759999999999991,35.75999999999999,35.76,45.31,45.31,45.31,45.31,45.31,45.31,45.31,45.31,45.31,45.31,45.31,25.310000000000002,15.759999999999991,15.76,25.31000000000001,45.31,0.0
16.0,36.0,16.0,16.0,16.0,16.0,23.977374981743196,23.977374981743196,16.0,23.977374981743196,16.0,19.977374981743196,39.977374981743196,39.97737498170295,36.0,16.0,36.0,16.0,19.97737498170295,19.97737498170295,39.97737498170295,39.97737498170295,23.97737498170295,23.97737498170295,23.97737498170295,23.97737498170295,16.0,16.0,16.0,16.0,16.0,23.97737498170295,23.97737498170295,16.0,16.0,23.97737498170295,16.0,16.0,16.0,23.97737498170295,16.0,0.0,0.0,0.0,0.0,0.0,0.0,0.0,0.0
0.0,0.0,16.0,23.977374981743196,23.977374981743196,23.977374981743196,16.0,16.0,16.0,16.0,16.0,16.0,0.0,0.0,0.0,0.0,0.0,0.0,0.0,0.0,0.0,0.0,16.0,16.0,16.0,16.0,23.97737498170295,23.97737498170295,23.97737498170295,16.0,16.0,16.0,16.0,16.0,23.97737498170295,16.0,16.0,16.0,16.0,16.0,16.0,16.0,19.97737498170295,39.97737498170295,19.97737498170295,16.0,16.0,16.0,29.97737498170295
0.0,19.97737498170295,23.977374981743196,16.0,16.0,16.0,16.0,16.0,23.977374981743196,16.0,23.977374981743196,20.0,16.0,16.0,19.97737498170295,39.97737498170295,19.97737498170295,39.97737498170295,36.0,36.0,16.0,16.0,16.0,16.0,16.0,16.0,16.0,16.0,16.0,23.97737498170295,23.97737498170295,16.0,16.0,23.97737498170295,16.0,16.0,23.97737498170295,23.97737498170295,23.97737498170295,16.0,23.97737498170295,39.97737498170295,36.0,16.0,36.0,39.97737498170295,39.97737498170295,39.97737498170295,26.0
25.4,70.40000000000003,0.0,0.0,0.0,0.0,0.0,0.0,0.0,0.0,0.0,0.0,0.0,0.0,0.0,0.0,0.0,0.0,0.0,0.0,0.0,0.0,25.400000000000002,63.71693896232304,25.400000000000013,63.7152339951129,61.088877826782664,61.0875216584524,61.08616549012217,61.08480932179194,61.083453153461676,61.08209698513144,73.025,61.07938464847098,61.078028480140716,61.07667231181048,61.07531614348025,61.07395997515002,73.025,61.071247638489524,61.06989147015929,73.025,73.025,73.025,73.025,73.025,73.025,0.0,0.0
0.0,0.0,0.0,0.0,0.0,0.0,0.0,0.0,0.0,0.0,0.0,0.0,0.0,0.0,0.0,0.0,0.0,0.0,0.0,0.0,0.0,0.0,0.0,70.4,25.4,70.4,73.025,73.025,73.025,73.025,73.025,73.025,61.08074081680121,73.025,73.025,73.025,73.025,73.025,61.072603806819764,73.025,73.025,61.06853530182903,61.0671791334988,61.065822965168564,61.06446679683833,61.06311062850807,61.06175446017784,0.0,0.0
19.12,19.12,0.0,0.0,0.0,0.0,0.0,0.0,0.0,0.0,0.0,0.0,0.0,0.0,0.0,0.0,0.0,0.0,0.0,0.0,0.0,0.0,0.0,0.0,0.0,0.0,0.0,0.0,0.0,0.0,0.0,0.0,0.0,0.0,0.0,0.0,0.0,0.0,0.0,0.0,0.0,0.0,0.0,0.0,0.0,0.0,0.0,0.0,0.0
0.0,0.0,0.0,0.0,0.0,0.0,0.0,0.0,0.0,0.0,0.0,0.0,0.0,0.0,0.0,0.0,0.0,0.0,0.0,0.0,0.0,0.0,0.0,0.0,0.0,0.0,0.0,0.0,0.0,0.0,0.0,0.0,0.0,0.0,0.0,0.0,0.0,0.0,0.0,0.0,0.0,0.0,0.0,0.0,0.0,0.0,0.0,0.0,0.0
350.0,0.0,0.0,0.0,0.0,0.0,0.0,0.0,0.0,0.0,0.0,0.0,0.0,0.0,0.0,0.0,0.0,0.0,0.0,0.0,0.0,0.0,0.0,0.0,0.0,0.0,0.0,0.0,0.0,0.0,0.0,0.0,0.0,0.0,0.0,0.0,0.0,0.0,0.0,0.0,0.0,0.0,0.0,0.0,0.0,0.0,0.0,0.0,226.85335586927664
350.0,0.0,0.0,0.0,0.0,0.0,0.0,0.0,0.0,0.0,0.0,0.0,0.0,0.0,0.0,0.0,0.0,0.0,0.0,0.0,0.0,0.0,0.0,0.0,0.0,0.0,0.0,0.0,0.0,0.0,0.0,0.0,0.0,0.0,0.0,0.0,0.0,0.0,0.0,0.0,0.0,0.0,0.0,0.0,0.0,0.0,0.0,0.0,0.0
350.0,0.0,0.0,0.0,0.0,0.0,0.0,0.0,0.0,0.0,0.0,0.0,0.0,0.0,0.0,0.0,0.0,0.0,0.0,0.0,0.0,0.0,0.0,0.0,0.0,0.0,0.0,0.0,0.0,0.0,0.0,0.0,0.0,0.0,0.0,0.0,0.0,0.0,226.85335586927664,226.85335586927664,226.85335586927664,226.85335586927664,226.85335586927664,226.85335586927664,226.85335586927664,226.85335586927664,226.85335586927664,226.85335586927664,0.0
350.0,0.0,0.0,0.0,0.0,0.0,0.0,0.0,0.0,0.0,0.0,226.85335586927664,226.85335586927664,226.85335586927664,226.85335586927664,226.85335586927664,226.85335586927664,226.85335586927664,226.85335586927664,226.85335586927664,226.85335586927664,226.85335586927664,226.85335586927664,226.85335586927664,226.85335586927664,226.85335586927664,226.85335586927664,0.0,0.0,0.0,0.0,0.0,0.0,0.0,0.0,0.0,0.0,0.0,0.0,0.0,0.0,0.0,0.0,0.0,0.0,0.0,0.0,0.0,0.0
350.0,0.0,0.0,0.0,0.0,0.0,0.0,0.0,0.0,0.0,0.0,0.0,0.0,0.0,0.0,0.0,0.0,0.0,0.0,0.0,0.0,0.0,0.0,0.0,0.0,0.0,0.0,226.85335586927664,226.85335586927664,226.85335586927664,226.85335586927664,226.85335586927664,226.85335586927664,226.85335586927664,226.85335586927664,226.85335586927664,226.85335586927664,226.85335586927664,0.0,0.0,0.0,0.0,0.0,0.0,0.0,0.0,0.0,0.0,0.0
150.0,58.00536056315438,58.00536056315438,50.0,50.0,58.00536056315438,58.00536056315438,50.0,58.00536056315438,50.0,58.00536056315438,50.0,58.00536056315438,50.0,0.0,0.0,0.0,0.0,0.0,0.0,0.0,0.0,0.0,0.0,58.00536056315438,50.0,50.0,50.0,50.0,58.00536056315438,50.0,58.00536056315438,58.00536056315438,58.00536056315438,0.0,0.0,0.0,0.0,0.0,0.0,0.0,0.0,0.0,0.0,0.0,0.0,0.0,58.00536056315438,50.0
150.0,0.0,0.0,0.0,0.0,0.0,0.0,0.0,0.0,0.0,0.0,0.0,0.0,0.0,0.0,0.0,58.00536056315438,58.00536056315438,50.0,50.0,50.0,58.00536056315438,58.00536056315438,108.00536056315438,50.0,58.00536056315438,58.00536056315438,58.00536056315438,58.00536056315438,50.0,0.0,0.0,0.0,0.0,0.0,0.0,0.0,0.0,0.0,0.0,0.0,0.0,0.0,0.0,0.0,0.0,58.00536056315438,50.0,58.00536056315438
150.0,50.0,50.0,58.00536056315438,58.00536056315438,50.0,50.0,58.00536056315438,50.0,58.00536056315438,50.0,58.00536056315438,50.0,58.00536056315438,108.00536056315438,108.00536056315438,50.0,50.0,58.00536056315438,58.00536056315438,58.00536056315438,50.0,50.0,0.0,0.0,0.0,0.0,0.0,0.0,0.0,0.0,0.0,0.0,0.0,50.0,58.00536056315438,50.0,50.0,50.0,50.0,50.0,50.0,50.0,50.0,50.0,50.0,0.0,0.0,0.0
150.0,0.0,0.0,0.0,0.0,0.0,0.0,0.0,0.0,0.0,0.0,0.0,0.0,0.0,0.0,0.0,0.0,0.0,0.0,0.0,0.0,0.0,0.0,0.0,0.0,0.0,0.0,0.0,0.0,0.0,58.00536056315438,50.0,50.0,50.0,58.00536056315438,50.0,58.00536056315438,58.00536056315438,58.00536056315438,58.00536056315438,58.00536056315438,58.00536056315438,58.00536056315438,58.00536056315438,58.00536056315438,58.00536056315438,50.0,0.0,0.0
70.0,86.25,86.25,86.25,86.25,86.25,30.0,30.0,38.53186321963449,30.0,30.0,86.25,30.0,38.53186321956582,30.0,30.0,86.25,72.28186321956582,72.28186321956582,86.25,86.25,30.0,30.0,72.28186321956582,30.0,76.03186321956582,86.25,86.25,86.25,30.0,86.25,86.25,79.78186321956582,79.78186321956582,86.25,86.25,86.25,86.25,86.25,30.0,86.25,86.25,30.0,86.25,30.0,30.0,30.0,86.25,86.25
70.0,86.25,86.25,86.25,86.25,86.25,30.0,30.0,86.25,30.0,30.0,30.0,30.0,86.25,30.0,30.0,86.25,86.25,30.0,86.25,86.25,30.0,30.0,86.25,46.03186321956582,86.25,86.25,86.25,86.25,30.0,86.25,86.25,86.25,86.25,86.25,86.25,86.25,86.25,86.25,30.0,86.25,86.25,30.0,86.25,30.0,30.0,30.0,86.25,86.25
70.0,86.25,30.0,86.25,86.25,86.25,30.0,30.0,86.25,30.0,30.0,30.0,30.0,86.25,30.0,30.0,86.25,86.25,30.0,86.25,86.25,30.0,30.0,86.25,86.25,86.25,86.25,86.25,86.25,30.0,86.25,86.25,86.25,86.25,86.25,86.25,86.25,46.03186321956582,30.0,30.0,86.25,0.0,0.0,0.0,0.0,0.0,0.0,0.0,0.0
70.0,86.25,86.25,86.25,86.25,86.25,30.0,30.0,86.25,30.0,30.0,30.0,30.0,86.25,30.0,30.0,86.25,86.25,86.25,86.25,86.25,30.0,86.25,86.25,86.25,86.25,86.25,86.25,86.25,86.25,86.25,86.25,86.25,86.25,86.25,86.25,86.25,86.25,30.0,86.25,86.25,86.25,30.0,86.25,30.0,30.0,30.0,86.25,86.25
70.0,86.25,86.25,86.25,86.25,86.25,30.0,30.0,86.25,30.0,30.0,30.0,30.0,86.25,30.0,30.0,86.25,86.25,86.25,86.25,86.25,30.0,86.25,86.25,86.25,86.25,86.25,86.25,86.25,30.0,86.25,86.25,86.25,86.25,86.25,86.25,86.25,86.25,86.25,30.0,86.25,86.25,86.25,86.25,30.0,30.0,30.0,86.25,30.0
70.0,86.25,86.25,86.25,86.25,86.25,30.0,30.0,86.25,30.0,30.0,30.0,30.0,86.25,30.0,30.0,86.25,86.25,86.25,86.25,86.25,30.0,86.25,86.25,86.25,86.25,86.25,0.0,0.0,0.0,0.0,0.0,0.0,0.0,0.0,0.0,0.0,86.25,86.25,30.0,86.25,86.25,86.25,86.25,86.25,30.0,30.0,86.25,86.25
70.0,86.25,30.0,86.25,86.25,86.25,30.0,30.0,86.25,30.0,30.0,30.0,30.0,86.25,30.0,30.0,86.25,86.25,86.25,86.25,86.25,30.0,86.25,86.25,86.25,86.25,86.25,86.25,86.25,30.0,86.25,86.25,86.25,86.25,86.25,86.25,86.25,86.25,86.25,30.0,86.25,86.25,86.25,86.25,86.25,86.25,30.0,86.25,86.25
70.0,86.25,30.0,86.25,86.25,86.25,30.0,30.0,86.25,30.0,30.0,38.531863219605384,30.0,86.25,86.25,30.0,86.25,86.25,86.25,86.25,86.25,30.0,86.25,86.25,86.25,86.25,86.25,30.0,86.25,30.0,86.25,86.25,86.25,86.25,86.25,86.25,86.25,86.25,86.25,30.0,42.28186321956582,86.25,49.781863219566276,86.25,86.25,86.25,86.25,30.0,86.25
70.0,86.25,30.0,86.25,30.0,38.53186321963449,30.0,30.0,86.25,38.531863219605384,30.0,86.25,30.0,86.25,86.25,30.0,86.25,86.25,86.25,86.25,86.25,30.0,86.25,86.25,86.25,86.25,86.25,30.0,86.25,30.0,86.25,86.25,86.25,86.25,86.25,86.25,86.25,86.25,86.25,30.0,86.25,86.25,86.25,86.25,86.25,86.25,86.25,30.0,86.25
70.0,86.25,30.0,86.25,30.0,86.25,30.0,30.0,86.25,86.25,30.0,86.25,30.0,86.25,86.25,30.0,86.25,86.25,86.25,86.25,86.25,30.0,86.25,86.25,86.25,86.25,86.25,30.0,86.25,30.0,86.25,86.25,86.25,86.25,86.25,30.0,49.78186321956582,86.25,86.25,30.0,86.25,86.25,86.25,0.0,0.0,0.0,0.0,0.0,0.0
70.0,86.25,86.25,86.25,30.0,86.25,86.25,30.0,86.25,86.25,30.0,86.25,30.0,86.25,86.25,30.0,86.25,86.25,86.25,86.25,86.25,30.0,86.25,86.25,86.25,86.25,86.25,30.0,86.25,30.0,86.25,86.25,86.25,86.25,86.25,30.0,86.25,86.25,86.25,30.0,86.25,86.25,30.0,86.25,86.25,86.25,86.25,30.0,86.25
70.0,86.25,38.53186321963449,86.25,30.0,86.25,86.25,30.0,86.25,86.25,30.0,86.25,30.0,86.25,86.25,30.0,86.25,0.0,0.0,0.0,0.0,0.0,0.0,0.0,0.0,0.0,0.0,30.0,86.25,86.25,86.25,86.25,86.25,86.25,86.25,30.0,86.25,86.25,86.25,30.0,86.25,86.25,30.0,86.25,86.25,0.0,0.0,0.0,0.0
70.0,86.25,86.25,86.25,30.0,86.25,86.25,30.0,86.25,86.25,30.0,86.25,30.0,86.25,86.25,30.0,86.25,86.25,86.25,86.25,86.25,30.0,86.25,86.25,86.25,86.25,86.25,30.0,86.25,86.25,86.25,86.25,86.25,86.25,86.25,86.25,86.25,86.25,86.25,30.0,86.25,30.0,30.0,86.25,86.25,86.25,86.25,30.0,86.25
70.0,86.25,86.25,86.25,30.0,86.25,86.25,30.0,86.25,86.25,30.0,86.25,30.0,86.25,86.25,30.0,86.25,86.25,86.25,86.25,86.25,30.0,86.25,86.25,0.0,0.0,0.0,0.0,0.0,0.0,0.0,0.0,0.0,0.0,86.25,86.25,86.25,86.25,86.25,30.0,86.25,30.0,30.0,86.25,86.25,86.25,86.25,30.0,86.25
70.0,86.25,86.25,86.25,30.0,86.25,86.25,30.0,86.25,86.25,30.0,86.25,30.0,86.25,86.25,30.0,86.25,86.25,86.25,86.25,86.25,30.0,86.25,86.25,30.0,86.25,86.25,30.0,86.25,86.25,86.25,86.25,86.25,86.25,86.25,86.25,86.25,86.25,86.25,30.0,86.25,30.0,0.0,0.0,0.0,0.0,0.0,0.0,0.0
70.0,86.25,86.25,86.25,30.0,86.25,86.25,30.0,86.25,86.25,30.0,86.25,30.0,86.25,86.25,30.0,86.25,86.25,86.25,86.25,86.25,30.0,30.0,86.25,30.0,86.25,86.25,30.0,86.25,86.25,86.25,86.25,86.25,86.25,86.25,86.25,86.25,86.25,86.25,30.0,86.25,30.0,30.0,30.0,86.25,86.25,86.25,30.0,86.25
70.0,86.25,86.25,30.0,30.0,86.25,86.25,30.0,86.25,86.25,30.0,86.25,30.0,86.25,86.25,30.0,86.25,86.25,86.25,86.25,86.25,86.25,30.0,86.25,30.0,86.25,86.25,30.0,86.25,86.25,86.25,86.25,86.25,86.25,86.25,86.25,86.25,86.25,86.25,86.25,86.25,30.0,30.0,30.0,86.25,86.25,86.25,30.0,86.25
70.0,86.25,86.25,30.0,30.0,86.25,86.25,30.0,86.25,86.25,30.0,86.25,30.0,86.25,86.25,30.0,86.25,86.25,86.25,86.25,86.25,86.25,30.0,86.25,30.0,86.25,86.25,30.0,86.25,86.25,86.25,86.25,86.25,86.25,86.25,86.25,86.25,86.25,30.0,86.25,86.25,30.0,30.0,30.0,86.25,86.25,86.25,86.25,86.25
70.0,86.25,86.25,30.0,30.0,86.25,86.25,30.0,86.25,86.25,30.0,86.25,30.0,86.25,86.25,0.0,0.0,0.0,0.0,0.0,0.0,0.0,0.0,0.0,0.0,0.0,0.0,30.0,86.25,86.25,86.25,86.25,86.25,86.25,86.25,86.25,30.0,86.25,30.0,86.25,86.25,30.0,86.25,30.0,86.25,86.25,86.25,86.25,86.25
70.0,86.25,86.25,30.0,86.25,86.25,86.25,86.25,86.25,86.25,86.25,86.25,86.25,86.25,86.25,68.53186321956582,86.25,86.25,86.25,86.25,86.25,86.25,30.0,86.25,30.0,86.25,86.25,30.0,30.0,86.25,86.25,86.25,86.25,86.25,86.25,86.25,30.0,86.25,30.0,86.25,86.25,30.0,86.25,30.0,86.25,86.25,86.25,86.25,86.25
70.0,86.25,86.25,30.0,86.25,86.25,30.0,86.25,86.25,86.25,86.25,86.25,86.25,86.25,86.25,86.25,86.25,86.25,86.25,86.25,86.25,86.25,72.28186321956582,86.25,30.0,86.25,0.0,0.0,0.0,0.0,0.0,0.0,0.0,0.0,0.0,0.0,0.0,86.25,86.25,86.25,30.0,30.0,86.25,86.25,86.25,86.25,86.25,86.25,86.25
70.0,86.25,86.25,30.0,86.25,86.25,30.0,86.25,86.25,86.25,86.25,86.25,86.25,86.25,86.25,86.25,86.25,86.25,86.25,72.28186321956582,86.25,86.25,86.25,86.25,30.0,86.25,86.25,76.03186321956582,30.0,86.25,86.25,86.25,86.25,86.25,86.25,30.0,30.0,86.25,86.25,42.28186321956582,30.0,86.25,86.25,86.25,86.25,0.0,0.0,0.0,0.0
70.0,86.25,86.25,30.0,86.25,86.25,30.0,86.25,86.25,86.25,86.25,86.25,86.25,86.25,86.25,86.25,0.0,0.0,0.0,0.0,0.0,0.0,0.0,0.0,0.0,0.0,86.25,86.25,30.0,86.25,86.25,86.25,86.25,86.25,86.25,30.0,86.25,30.0,30.0,86.25,30.0,86.25,86.25,30.0,86.25,86.25,86.25,86.25,86.25
70.0,86.25,86.25,30.0,86.25,30.0,30.0,86.25,86.25,86.25,86.25,86.25,86.25,86.25,86.25,86.25,86.25,86.25,86.25,86.25,72.28186321956582,86.25,86.25,86.25,30.0,86.25,86.25,86.25,30.0,86.25,86.25,86.25,86.25,86.25,86.25,30.0,86.25,30.0,30.0,86.25,30.0,86.25,0.0,0.0,0.0,0.0,0.0,0.0,0.0
70.0,86.25,30.0,30.0,86.25,30.0,30.0,86.25,86.25,86.25,86.25,86.25,86.25,86.25,86.25,86.25,86.25,86.25,86.25,86.25,30.0,86.25,86.25,86.25,30.0,86.25,86.25,86.25,30.0,86.25,86.25,86.25,86.25,86.25,86.25,86.25,86.25,30.0,30.0,86.25,30.0,0.0,0.0,0.0,0.0,0.0,0.0,0.0,0.0
70.0,86.25,30.0,30.0,86.25,30.0,30.0,86.25,86.25,86.25,86.25,86.25,86.25,86.25,86.25,86.25,86.25,86.25,86.25,86.25,30.0,86.25,86.25,86.25,30.0,86.25,86.25,86.25,30.0,30.0,86.25,86.25,86.25,86.25,86.25,86.25,86.25,30.0,30.0,86.25,30.0,86.25,86.25,86.25,86.25,86.25,86.25,86.25,30.0
70.0,86.25,30.0,30.0,86.25,30.0,30.0,86.25,86.25,86.25,86.25,86.25,86.25,86.25,86.25,86.25,86.25,86.25,86.25,86.25,30.0,86.25,86.25,86.25,30.0,86.25,86.25,86.25,30.0,49.78186321956582,86.25,86.25,86.25,86.25,86.25,86.25,86.25,30.0,30.0,86.25,30.0,86.25,86.25,86.25,30.0,86.25,86.25,86.25,30.0
70.0,86.25,30.0,30.0,38.53186321963449,30.0,30.0,86.25,86.25,86.25,86.25,86.25,86.25,86.25,86.25,86.25,86.25,86.25,86.25,86.25,30.0,86.25,86.25,86.25,86.25,86.25,86.25,86.25,30.0,86.25,86.25,86.25,86.25,86.25,86.25,86.25,86.25,30.0,30.0,86.25,30.0,46.03186321956582,86.25,30.0,30.0,86.25,86.25,86.25,30.0
70.0,86.25,30.0,30.0,86.25,30.0,30.0,86.25,86.25,86.25,86.25,86.25,86.25,86.25,86.25,86.25,86.25,86.25,86.25,86.25,30.0,86.25,86.25,30.0,86.25,86.25,86.25,86.25,0.0,0.0,0.0,0.0,0.0,0.0,0.0,0.0,0.0,0.0,30.0,86.25,30.0,30.0,86.25,30.0,30.0,86.25,86.25,86.25,30.0
70.0,86.25,30.0,30.0,86.25,30.0,86.25,86.25,86.25,86.25,86.25,86.25,86.25,86.25,86.25,86.25,86.25,86.25,86.25,86.25,86.25,86.25,86.25,30.0,86.25,86.25,86.25,86.25,30.0,86.25,30.0,86.25,86.25,86.25,86.25,86.25,86.25,30.0,30.0,86.25,30.0,86.25,86.25,30.0,30.0,86.25,86.25,86.25,30.0
70.0,38.53186321962994,30.0,30.0,86.25,30.0,38.53186321963449,86.25,86.25,86.25,86.25,86.25,86.25,86.25,86.25,86.25,86.25,86.25,86.25,86.25,86.25,86.25,86.25,30.0,86.25,86.25,86.25,86.25,86.25,86.25,30.0,86.25,86.25,86.25,86.25,86.25,86.25,30.0,30.0,86.25,30.0,86.25,86.25,86.25,30.0,86.25,86.25,86.25,30.0
70.0,30.0,30.0,86.25,86.25,30.0,86.25,86.25,30.0,86.25,86.25,86.25,86.25,30.0,86.25,86.25,86.25,86.25,86.25,86.25,86.25,86.25,86.25,30.0,86.25,30.0,86.25,86.25,86.25,86.25,30.0,86.25,86.25,86.25,86.25,86.25,30.0,30.0,30.0,86.25,30.0,86.25,86.25,86.25,86.25,86.25,86.25,86.25,86.25
70.0,30.0,30.0,86.25,86.25,30.0,86.25,86.25,30.0,86.25,86.25,86.25,86.25,30.0,86.25,86.25,42.28186321956582,86.25,86.25,30.0,86.25,86.25,86.25,30.0,86.25,30.0,86.25,86.25,86.25,86.25,30.0,86.25,86.25,86.25,49.78186321956582,49.78186321956582,30.0,30.0,30.0,86.25,30.0,86.25,86.25,86.25,86.25,86.25,86.25,53.53186321956582,86.25
70.0,30.0,30.0,86.25,30.0,30.0,86.25,86.25,30.0,86.25,86.25,86.25,86.25,30.0,86.25,86.25,30.0,86.25,86.25,30.0,86.25,86.25,86.25,30.0,86.25,30.0,86.25,86.25,86.25,86.25,30.0,30.0,86.25,86.25,30.0,86.25,30.0,30.0,86.25,86.25,30.0,30.0,0.0,0.0,0.0,0.0,0.0,0.0,0.0
70.0,30.0,30.0,86.25,30.0,30.0,86.25,86.25,30.0,86.25,86.25,86.25,86.25,30.0,38.53186321956582,86.25,30.0,86.25,86.25,30.0,86.25,86.25,86.25,30.0,86.25,30.0,86.25,86.25,86.25,86.25,30.0,30.0,86.25,86.25,30.0,0.0,0.0,0.0,0.0,0.0,0.0,0.0,0.0,0.0,0.0,86.25,86.25,86.25,86.25
70.0,30.0,86.25,86.25,30.0,30.0,86.25,86.25,30.0,86.25,86.25,86.25,86.25,30.0,30.0,86.25,30.0,30.0,86.25,30.0,86.25,86.25,86.25,30.0,86.25,0.0,0.0,0.0,0.0,0.0,0.0,0.0,0.0,0.0,0.0,86.25,30.0,30.0,86.25,86.25,30.0,86.25,86.25,86.25,86.25,86.25,86.25,86.25,86.25
70.0,30.0,86.25,86.25,30.0,30.0,86.25,86.25,30.0,86.25,86.25,86.25,86.25,30.0,30.0,86.25,30.0,30.0,86.25,30.0,86.25,86.25,86.25,86.25,86.25,30.0,86.25,86.25,86.25,86.25,49.78186321956582,86.25,86.25,86.25,30.0,86.25,30.0,30.0,86.25,86.25,30.0,86.25,86.25,86.25,86.25,86.25,86.25,86.25,86.25
70.0,30.0,86.25,86.25,30.0,30.0,86.25,86.25,30.0,86.25,86.25,30.0,86.25,30.0,30.0,86.25,30.0,30.0,30.0,30.0,86.25,86.25,86.25,86.25,86.25,30.0,76.03186321956582,86.25,86.25,86.25,86.25,86.25,86.25,86.25,30.0,86.25,86.25,86.25,86.25,86.25,86.25,86.25,86.25,86.25,86.25,86.25,86.25,86.25,86.25
70.0,30.0,86.25,86.25,30.0,30.0,86.25,86.25,30.0,86.25,86.25,30.0,86.25,30.0,30.0,86.25,30.0,30.0,30.0,30.0,86.25,86.25,86.25,86.25,86.25,86.25,30.0,86.25,86.25,86.25,86.25,86.25,86.25,86.25,30.0,86.25,86.25,86.25,86.25,86.25,86.25,86.25,86.25,86.25,86.25,86.25,86.25,86.25,86.25
70.0,30.0,86.25,86.25,30.0,30.0,86.25,86.25,30.0,30.0,86.25,30.0,86.25,30.0,30.0,86.25,30.0,30.0,30.0,30.0,86.25,86.25,30.0,86.25,86.25,86.25,30.0,86.25,86.25,86.25,86.25,86.25,30.0,30.0,30.0,86.25,86.25,86.25,86.25,86.25,86.25,86.25,86.25,86.25,86.25,30.0,86.25,86.25,86.25
70.0,30.0,86.25,86.25,30.0,30.0,86.25,86.25,30.0,30.0,86.25,30.0,86.25,30.0,30.0,86.25,30.0,30.0,30.0,30.0,30.0,86.25,30.0,86.25,86.25,86.25,30.0,86.25,49.78186321956582,86.25,86.25,49.78186321956582,30.0,30.0,30.0,86.25,86.25,86.25,86.25,86.25,86.25,86.25,86.25,86.25,86.25,86.25,86.25,86.25,86.25
70.0,30.0,86.25,86.25,86.25,30.0,86.25,86.25,30.0,30.0,86.25,30.0,86.25,30.0,30.0,86.25,30.0,30.0,30.0,30.0,30.0,86.25,30.0,86.25,86.25,86.25,30.0,86.25,30.0,86.25,86.25,30.0,30.0,30.0,30.0,86.25,86.25,86.25,86.25,86.25,86.25,30.0,86.25,86.25,86.25,86.25,86.25,86.25,86.25
70.0,30.0,86.25,86.25,86.25,86.25,86.25,86.25,30.0,30.0,86.25,30.0,86.25,30.0,86.25,86.25,30.0,30.0,30.0,30.0,30.0,86.25,30.0,86.25,86.25,86.25,30.0,86.25,86.25,86.25,86.25,30.0,30.0,30.0,30.0,86.25,86.25,86.25,86.25,86.25,86.25,30.0,86.25,86.25,86.25,86.25,86.25,86.25,86.25
70.0,30.0,86.25,86.25,86.25,86.25,86.25,86.25,30.0,30.0,86.25,30.0,86.25,30.0,86.25,86.25,30.0,30.0,30.0,30.0,30.0,86.25,86.25,30.0,86.25,86.25,30.0,86.25,86.25,86.25,86.25,30.0,0.0,0.0,0.0,0.0,0.0,0.0,0.0,0.0,0.0,0.0,86.25,86.25,86.25,86.25,86.25,86.25,86.25
0.0,30.0,86.25,38.53186321963449,86.25,86.25,86.25,86.25,30.0,30.0,86.25,30.0,86.25,30.0,86.25,86.25,30.0,30.0,30.0,30.0,30.0,86.25,86.25,30.0,86.25,30.0,30.0,86.25,86.25,86.25,86.25,30.0,30.0,30.0,30.0,86.25,86.25,86.25,86.25,86.25,86.25,86.25,86.25,79.78186321956628,86.25,86.25,53.531863219566276,86.25,86.25
0.0,30.0,86.25,30.0,86.25,86.25,86.25,86.25,30.0,30.0,86.25,30.0,86.25,30.0,30.0,86.25,30.0,30.0,30.0,30.0,30.0,86.25,86.25,30.0,86.25,30.0,30.0,86.25,86.25,86.25,30.0,30.0,30.0,30.0,86.25,30.0,86.25,86.25,86.25,86.25,86.25,86.25,86.25,86.25,86.25,30.0,86.25,86.25,86.25
0.0,30.0,86.25,30.0,86.25,86.25,86.25,86.25,30.0,30.0,86.25,30.0,86.25,30.0,30.0,86.25,30.0,30.0,30.0,30.0,30.0,86.25,30.0,30.0,86.25,30.0,30.0,86.25,86.25,86.25,30.0,30.0,30.0,30.0,86.25,30.0,30.0,86.25,86.25,86.25,86.25,86.25,86.25,86.25,86.25,86.25,86.25,86.25,53.53186321956582
0.0,30.0,30.0,30.0,86.25,86.25,86.25,86.25,30.0,30.0,86.25,30.0,38.531863219605384,30.0,30.0,86.25,86.25,30.0,30.0,86.25,30.0,86.25,30.0,30.0,86.25,30.0,30.0,86.25,86.25,86.25,30.0,30.0,30.0,30.0,86.25,30.0,30.0,86.25,86.25,86.25,86.25,86.25,86.25,86.25,79.78186321956628,86.25,86.25,86.25,86.25
0.0,30.0,30.0,30.0,86.25,86.25,86.25,86.25,30.0,30.0,86.25,30.0,86.25,30.0,30.0,86.25,30.0,30.0,30.0,86.25,30.0,86.25,30.0,30.0,86.25,30.0,30.0,0.0,0.0,0.0,0.0,0.0,0.0,0.0,0.0,0.0,0.0,0.0,86.25,86.25,86.25,86.25,86.25,86.25,86.25,53.53186321956582,86.25,86.25,86.25
0.0,30.0,30.0,86.25,86.25,86.25,86.25,38.53186321963449,30.0,30.0,38.531863219605384,30.0,86.25,30.0,30.0,86.25,30.0,30.0,30.0,86.25,30.0,72.28186321956582,30.0,30.0,30.0,30.0,30.0,86.25,86.25,86.25,30.0,30.0,30.0,30.0,86.25,30.0,86.25,86.25,42.281863219566276,30.0,86.25,86.25,86.25,86.25,86.25,86.25,30.0,86.25,86.25
70.0,29.32,29.32,29.32,45.441712717781755,29.32,29.32,29.32,29.32,29.32,84.295,29.32,29.32,29.32,29.32,29.32,29.32,29.32,29.32,29.32,29.32,29.32,29.32,0.0,0.0,0.0,0.0,0.0,0.0,0.0,0.0,0.0,0.0,29.32,29.32,42.48171271778172,29.32,84.29499999999999,84.295,65.34151397986274,29.32,29.32,84.295,84.295,29.32,84.295,50.64651397986303,84.295,84.295
70.0,29.32,29.32,29.32,84.295,29.32,29.32,29.32,29.32,29.32,49.88171271778158,29.32,29.32,29.32,29.32,29.32,29.32,29.32,29.32,29.32,29.32,29.32,84.295,29.32,29.32,29.32,29.32,29.32,0.0,0.0,0.0,0.0,0.0,0.0,0.0,0.0,0.0,0.0,84.295,84.295,29.32,29.32,84.295,84.295,29.32,84.295,84.295,84.295,84.295
70.0,29.32,29.32,29.32,29.32,29.32,29.32,29.32,29.32,29.32,29.32,29.32,29.32,29.32,29.32,29.32,29.32,29.32,29.32,29.32,29.32,29.32,74.76171271778158,29.32,29.32,29.32,0.0,0.0,0.0,0.0,0.0,0.0,0.0,0.0,0.0,0.0,0.0,84.295,84.295,84.295,84.295,29.32,84.295,29.32,29.32,84.295,84.295,84.295,84.295
70.0,0.0,0.0,0.0,0.0,0.0,0.0,0.0,0.0,0.0,0.0,0.0,0.0,0.0,0.0,0.0,0.0,0.0,0.0,0.0,0.0,0.0,0.0,0.0,0.0,0.0,0.0,0.0,0.0,0.0,0.0,0.0,0.0,0.0,0.0,0.0,29.32,84.295,84.295,84.295,84.295,29.32,84.295,29.32,29.32,29.32,84.295,84.295,84.295
70.0,0.0,0.0,0.0,0.0,0.0,0.0,0.0,0.0,0.0,0.0,0.0,0.0,0.0,0.0,29.32,29.32,29.32,29.32,29.32,29.32,29.32,29.32,29.32,29.32,29.32,29.32,29.32,29.32,29.32,29.32,29.32,29.32,29.32,29.32,29.32,29.32,0.0,0.0,0.0,0.0,0.0,0.0,0.0,0.0,0.0,0.0,84.295,29.32
70.0,0.0,0.0,0.0,0.0,0.0,0.0,0.0,0.0,0.0,0.0,0.0,0.0,0.0,0.0,0.0,0.0,0.0,0.0,29.32,29.32,29.32,29.32,29.32,29.32,29.32,29.32,29.32,29.32,29.32,0.0,0.0,0.0,0.0,0.0,0.0,0.0,0.0,0.0,0.0,84.295,29.32,84.295,29.32,29.32,29.32,84.295,84.295,29.32
70.0,0.0,0.0,0.0,0.0,0.0,0.0,0.0,0.0,0.0,0.0,0.0,0.0,0.0,0.0,0.0,0.0,0.0,0.0,0.0,0.0,0.0,0.0,0.0,0.0,0.0,0.0,29.32,29.32,29.32,84.295,29.32,29.32,29.32,29.32,29.32,29.32,84.295,84.295,84.295,84.295,29.32,84.295,29.32,29.32,84.295,84.295,84.295,29.32
70.0,29.32,29.32,29.32,29.32,29.32,29.32,29.32,29.32,29.32,29.32,29.32,29.32,29.32,29.32,29.32,29.32,29.32,29.32,29.32,29.32,29.32,29.32,29.32,29.32,29.32,84.295,0.0,0.0,0.0,0.0,0.0,0.0,0.0,0.0,0.0,0.0,84.295,84.295,84.295,84.295,29.32,84.295,84.295,29.32,84.295,84.295,84.295,29.32
70.0,0.0,0.0,0.0,0.0,0.0,0.0,0.0,0.0,0.0,0.0,0.0,0.0,0.0,0.0,0.0,0.0,0.0,0.0,0.0,0.0,0.0,0.0,0.0,0.0,0.0,0.0,0.0,0.0,0.0,0.0,0.0,29.32,29.32,41.776712717844426,29.32,29.32,84.295,84.295,84.295,84.295,84.295,84.295,0.0,0.0,0.0,0.0,0.0,0.0
70.0,0.0,0.0,0.0,0.0,0.0,0.0,0.0,0.0,0.0,0.0,0.0,0.0,0.0,0.0,0.0,0.0,0.0,0.0,0.0,0.0,0.0,0.0,0.0,0.0,0.0,0.0,0.0,0.0,0.0,0.0,0.0,0.0,29.32,29.32,29.32,29.32,84.295,84.295,84.295,84.295,84.295,84.295,84.295,84.295,34.611513979863744,84.295,84.295,29.32
70.0,0.0,0.0,0.0,0.0,0.0,0.0,0.0,0.0,0.0,0.0,0.0,0.0,0.0,0.0,0.0,0.0,0.0,0.0,0.0,0.0,0.0,0.0,0.0,0.0,0.0,0.0,0.0,29.32,29.32,29.32,58.321712717781466,29.32,29.32,29.32,29.32,29.32,84.295,84.295,84.295,84.295,84.295,84.295,84.295,84.295,84.295,84.295,84.295,29.32
70.0,0.0,0.0,0.0,0.0,0.0,0.0,0.0,0.0,0.0,0.0,0.0,0.0,0.0,0.0,0.0,0.0,0.0,0.0,0.0,0.0,0.0,0.0,0.0,0.0,0.0,0.0,0.0,0.0,0.0,0.0,0.0,0.0,0.0,29.32,84.295,29.32,84.295,84.295,84.295,84.295,84.295,65.0415139798637,84.295,84.295,84.295,84.295,0.0,0.0
70.0,29.32,29.32,29.32,29.32,29.32,29.32,29.32,29.32,29.32,29.32,0.0,0.0,0.0,0.0,0.0,0.0,0.0,0.0,0.0,0.0,0.0,0.0,0.0,0.0,0.0,0.0,0.0,0.0,0.0,0.0,0.0,0.0,29.32,29.32,29.32,29.32,84.295,84.295,84.295,84.295,84.295,29.32,84.295,84.295,84.295,84.295,84.295,29.32
70.0,0.0,0.0,0.0,0.0,0.0,0.0,0.0,0.0,0.0,0.0,0.0,0.0,0.0,0.0,0.0,0.0,0.0,0.0,0.0,0.0,0.0,0.0,0.0,0.0,0.0,0.0,0.0,0.0,0.0,0.0,0.0,0.0,0.0,0.0,0.0,0.0,84.295,84.295,84.295,84.295,84.295,29.32,84.295,84.295,84.295,84.295,84.295,29.32
70.0,29.32,29.32,29.32,29.32,0.0,0.0,0.0,0.0,0.0,0.0,0.0,0.0,0.0,0.0,0.0,0.0,0.0,0.0,0.0,29.32,29.32,29.32,29.32,29.32,29.32,84.295,29.32,29.32,29.32,0.0,0.0,0.0,0.0,0.0,0.0,0.0,0.0,0.0,0.0,84.295,84.295,29.32,84.295,84.295,84.295,84.295,84.295,29.32
70.0,0.0,0.0,0.0,0.0,0.0,0.0,0.0,0.0,0.0,0.0,0.0,0.0,0.0,0.0,0.0,0.0,0.0,0.0,0.0,0.0,0.0,0.0,0.0,0.0,0.0,0.0,0.0,0.0,0.0,0.0,0.0,0.0,0.0,0.0,0.0,0.0,84.295,84.295,84.295,84.295,84.295,29.32,84.295,84.295,84.295,84.295,29.32,29.32
70.0,0.0,0.0,0.0,0.0,0.0,0.0,0.0,0.0,0.0,0.0,0.0,0.0,0.0,0.0,0.0,0.0,0.0,0.0,0.0,0.0,0.0,0.0,29.32,29.32,29.32,49.10671271778166,29.32,29.32,29.32,29.32,84.295,84.295,29.32,29.32,29.32,29.32,84.295,84.295,84.295,84.295,84.295,29.32,84.295,84.295,84.295,84.295,29.32,84.295
70.0,29.32,29.32,72.57671271783278,29.32,29.32,29.32,29.32,29.32,29.32,29.32,29.32,29.32,78.49671271778163,29.32,0.0,0.0,0.0,0.0,0.0,0.0,0.0,0.0,0.0,0.0,0.0,0.0,0.0,0.0,0.0,0.0,0.0,0.0,0.0,0.0,0.0,0.0,0.0,0.0,0.0,0.0,84.295,29.32,84.295,84.295,84.295,84.295,29.32,84.295
70.0,0.0,0.0,0.0,0.0,0.0,0.0,0.0,0.0,0.0,0.0,0.0,0.0,0.0,0.0,0.0,0.0,0.0,0.0,0.0,0.0,0.0,0.0,0.0,0.0,0.0,0.0,0.0,0.0,0.0,0.0,0.0,0.0,0.0,0.0,0.0,37.3367127178421,84.295,29.32,84.295,84.295,84.295,29.32,84.295,84.295,84.295,84.295,29.32,84.295
70.0,0.0,0.0,0.0,0.0,0.0,0.0,0.0,0.0,0.0,0.0,0.0,0.0,0.0,0.0,0.0,0.0,0.0,0.0,0.0,0.0,0.0,0.0,0.0,0.0,0.0,0.0,0.0,0.0,0.0,0.0,0.0,0.0,0.0,0.0,0.0,29.32,84.295,84.295,84.295,84.295,84.295,84.295,84.295,84.295,84.295,84.295,29.32,84.295
70.0,0.0,0.0,0.0,0.0,0.0,0.0,0.0,0.0,0.0,0.0,0.0,0.0,0.0,0.0,0.0,0.0,29.32,29.32,29.32,29.32,29.32,29.32,29.32,29.32,29.32,29.32,0.0,0.0,0.0,0.0,0.0,0.0,0.0,0.0,0.0,0.0,84.295,84.295,84.295,84.295,84.295,84.295,84.295,84.295,84.295,84.295,29.32,84.295
70.0,29.32,29.32,29.32,29.32,29.32,29.32,0.0,0.0,0.0,0.0,0.0,0.0,0.0,0.0,0.0,0.0,0.0,0.0,0.0,0.0,0.0,0.0,0.0,0.0,0.0,0.0,0.0,0.0,29.32,82.68171271778147,29.32,29.32,29.32,29.32,29.32,29.32,84.295,84.295,84.295,84.295,84.295,84.295,84.295,84.295,84.295,84.295,29.32,84.295
70.0,0.0,0.0,0.0,0.0,0.0,0.0,0.0,0.0,0.0,0.0,0.0,0.0,0.0,0.0,0.0,0.0,0.0,0.0,0.0,0.0,0.0,0.0,0.0,0.0,0.0,0.0,0.0,0.0,0.0,0.0,0.0,29.32,29.32,29.32,29.32,29.32,84.295,68.11651397986329,84.295,84.295,84.295,84.295,0.0,0.0,0.0,0.0,0.0,0.0
70.0,29.32,29.32,29.32,29.32,29.32,29.32,29.32,29.32,0.0,0.0,0.0,0.0,0.0,0.0,0.0,0.0,0.0,0.0,0.0,0.0,0.0,0.0,0.0,0.0,0.0,0.0,0.0,0.0,0.0,0.0,0.0,0.0,0.0,0.0,0.0,0.0,84.295,84.295,84.295,84.295,84.295,84.295,84.295,84.295,29.32,84.295,29.32,84.295
60.0,27.84,27.84,27.84,27.84,0.0,0.0,0.0,0.0,0.0,0.0,0.0,0.0,0.0,0.0,0.0,0.0,0.0,0.0,0.0,0.0,0.0,0.0,0.0,0.0,0.0,0.0,0.0,0.0,0.0,0.0,0.0,0.0,0.0,0.0,0.0,0.0,0.0,0.0,0.0,0.0,0.0,0.0,0.0,0.0,0.0,0.0,0.0,0.0
60.0,27.84,27.84,27.84,27.84,0.0,0.0,0.0,0.0,0.0,0.0,0.0,0.0,0.0,0.0,0.0,0.0,0.0,0.0,0.0,0.0,0.0,0.0,0.0,0.0,27.84,27.84,27.84,27.84,27.84,27.84,27.84,27.84,27.84,27.84,0.0,0.0,0.0,0.0,0.0,0.0,0.0,0.0,0.0,0.0,0.0,0.0,0.0,0.0
60.0,27.84,27.84,27.84,27.84,0.0,0.0,0.0,0.0,0.0,0.0,0.0,0.0,0.0,0.0,0.0,0.0,0.0,0.0,0.0,0.0,0.0,0.0,0.0,0.0,0.0,0.0,27.84,27.839999999999996,27.84,27.839999999999996,27.84,27.84,27.84,27.84,27.84,27.84,0.0,0.0,0.0,0.0,0.0,0.0,0.0,0.0,0.0,0.0,0.0,0.0
60.0,27.84,0.0,0.0,0.0,0.0,0.0,0.0,0.0,0.0,0.0,0.0,0.0,0.0,0.0,0.0,0.0,0.0,0.0,0.0,0.0,0.0,0.0,0.0,0.0,0.0,0.0,27.84,27.84,27.84,27.84,27.84,27.84,27.84,27.84,27.84,27.84,0.0,0.0,0.0,0.0,0.0,0.0,0.0,0.0,0.0,0.0,0.0,0.0
60.0,27.84,27.84,27.84,27.84,0.0,0.0,0.0,0.0,0.0,0.0,0.0,0.0,0.0,0.0,0.0,0.0,0.0,0.0,0.0,0.0,0.0,0.0,0.0,0.0,0.0,27.839999999999996,27.839999999999996,27.84,27.84,27.84,27.839999999999996,27.84,27.84,27.84,27.84,27.84,0.0,0.0,0.0,0.0,0.0,0.0,0.0,0.0,0.0,0.0,0.0,0.0
60.0,27.84,27.84,27.84,0.0,0.0,0.0,0.0,0.0,0.0,0.0,0.0,0.0,0.0,0.0,0.0,0.0,0.0,0.0,0.0,0.0,0.0,0.0,0.0,0.0,27.84,27.84,27.84,27.84,27.84,27.84,27.84,27.84,27.84,27.84,0.0,0.0,0.0,0.0,0.0,0.0,0.0,0.0,0.0,0.0,0.0,0.0,0.0,0.0
60.0,27.839999999999996,27.839999999999996,27.839999999999996,27.839999999999996,27.839999999999996,27.839999999999996,27.839999999999996,27.839999999999996,27.839999999999996,27.839999999999996,27.839999999999996,27.839999999999996,27.839999999999996,27.839999999999996,27.839999999999996,77.01671271784559,27.839999999999996,27.839999999999996,27.839999999999996,27.839999999999996,27.839999999999996,27.839999999999996,27.839999999999996,80.04,27.839999999999996,27.839999999999996,80.04,27.839999999999996,27.839999999999996,27.839999999999996,27.839999999999996,27.839999999999996,27.839999999999996,27.839999999999996,27.839999999999996,27.839999999999996,80.04,80.04,80.04,80.04,80.04,80.04,80.04,80.04,27.839999999999996,80.04,27.839999999999996,80.04
60.0,0.0,0.0,0.0,0.0,0.0,0.0,0.0,0.0,0.0,0.0,27.839999999999996,27.839999999999996,27.839999999999996,27.839999999999996,27.839999999999996,27.839999999999996,27.839999999999996,27.839999999999996,27.839999999999996,27.839999999999996,27.839999999999996,27.839999999999996,0.0,0.0,0.0,0.0,0.0,0.0,0.0,0.0,0.0,0.0,27.839999999999996,27.839999999999996,27.839999999999996,27.839999999999996,80.04,80.04,80.04,80.04,80.04,80.04,80.04,80.04,27.839999999999996,80.04,27.839999999999996,80.04
60.0,27.839999999999996,27.839999999999996,27.839999999999996,27.839999999999996,27.839999999999996,27.839999999999996,74.05671271785374,27.839999999999996,27.839999999999996,27.839999999999996,27.839999999999996,77.01671271784559,27.839999999999996,27.839999999999996,27.839999999999996,27.839999999999996,27.839999999999996,27.839999999999996,27.839999999999996,27.839999999999996,27.839999999999996,27.839999999999996,27.839999999999996,51.69671271778145,27.839999999999996,27.839999999999996,54.656712717781716,27.839999999999996,80.04,27.839999999999996,80.04,27.839999999999996,27.839999999999996,27.839999999999996,27.839999999999996,27.839999999999996,80.04,80.04,80.04,80.04,80.04,80.04,80.04,80.04,27.839999999999996,80.04,80.04,80.04
60.0,27.839999999999996,27.839999999999996,27.839999999999996,27.839999999999996,27.839999999999996,27.839999999999996,27.839999999999996,27.839999999999996,27.839999999999996,27.839999999999996,27.839999999999996,27.839999999999996,27.839999999999996,27.839999999999996,27.839999999999996,27.839999999999996,27.839999999999996,27.839999999999996,27.839999999999996,80.04,27.839999999999996,27.839999999999996,27.839999999999996,27.839999999999996,27.839999999999996,27.839999999999996,27.839999999999996,27.839999999999996,77.53671271778165,27.839999999999996,27.839999999999996,27.839999999999996,0.0,0.0,0.0,0.0,0.0,0.0,0.0,0.0,0.0,0.0,0.0,80.04,27.839999999999996,80.04,80.04,80.04
60.0,27.839999999999996,27.839999999999996,27.839999999999996,27.839999999999996,27.839999999999996,27.839999999999996,27.839999999999996,27.839999999999996,27.839999999999996,27.839999999999996,27.839999999999996,27.839999999999996,27.839999999999996,27.839999999999996,27.839999999999996,27.839999999999996,27.839999999999996,27.839999999999996,0.0,0.0,0.0,0.0,0.0,0.0,0.0,0.0,0.0,0.0,0.0,0.0,0.0,0.0,0.0,0.0,0.0,0.0,80.04,80.04,80.04,27.839999999999996,80.04,80.04,80.04,80.04,80.04,80.04,80.04,80.04
60.0,27.839999999999996,27.839999999999996,27.839999999999996,27.839999999999996,27.839999999999996,72.57671271784326,27.839999999999996,27.839999999999996,27.839999999999996,27.839999999999996,27.839999999999996,27.839999999999996,27.839999999999996,27.839999999999996,27.839999999999996,27.839999999999996,0.0,0.0,0.0,0.0,0.0,0.0,0.0,0.0,0.0,0.0,27.839999999999996,27.839999999999996,27.839999999999996,27.839999999999996,27.839999999999996,27.839999999999996,41.776712717854906,27.839999999999996,27.839999999999996,27.839999999999996,80.04,80.04,80.04,27.839999999999996,80.04,80.04,80.04,80.04,80.04,80.04,80.04,80.04
60.0,27.839999999999996,27.839999999999996,27.839999999999996,27.839999999999996,27.839999999999996,27.839999999999996,27.839999999999996,27.839999999999996,27.839999999999996,27.839999999999996,27.839999999999996,27.839999999999996,27.839999999999996,27.839999999999996,27.839999999999996,27.839999999999996,0.0,0.0,0.0,0.0,0.0,0.0,0.0,0.0,0.0,0.0,0.0,0.0,0.0,0.0,0.0,27.839999999999996,27.839999999999996,27.839999999999996,27.839999999999996,27.839999999999996,80.04,80.04,27.839999999999996,54.646513979862334,80.04,80.04,80.04,80.04,80.04,80.04,80.04,80.04
60.0,27.839999999999996,27.839999999999996,27.839999999999996,27.839999999999996,27.839999999999996,27.839999999999996,27.839999999999996,27.839999999999996,27.839999999999996,27.839999999999996,77.01671271784559,27.839999999999996,27.839999999999996,27.839999999999996,27.839999999999996,27.839999999999996,0.0,0.0,0.0,0.0,0.0,0.0,0.0,0.0,0.0,0.0,27.839999999999996,27.839999999999996,27.839999999999996,27.839999999999996,27.839999999999996,27.839999999999996,27.839999999999996,27.839999999999996,27.839999999999996,27.839999999999996,80.04,80.04,80.04,80.04,80.04,80.04,80.04,80.04,80.04,80.04,80.04,80.04
60.0,27.839999999999996,27.839999999999996,27.839999999999996,27.839999999999996,27.839999999999996,27.839999999999996,27.839999999999996,27.839999999999996,27.839999999999996,27.839999999999996,27.839999999999996,27.839999999999996,27.839999999999996,27.839999999999996,27.839999999999996,27.839999999999996,27.839999999999996,79.01671271778145,27.839999999999996,48.21671271778138,27.839999999999996,27.839999999999996,27.839999999999996,80.04,27.839999999999996,27.839999999999996,0.0,0.0,0.0,0.0,0.0,0.0,0.0,0.0,0.0,0.0,80.04,80.04,80.04,80.04,80.04,80.04,80.04,80.04,80.04,80.04,80.04,80.04
60.0,0.0,0.0,0.0,0.0,0.0,0.0,0.0,0.0,0.0,0.0,27.839999999999996,27.839999999999996,27.839999999999996,27.839999999999996,27.839999999999996,27.839999999999996,27.839999999999996,27.839999999999996,27.839999999999996,27.839999999999996,27.839999999999996,27.839999999999996,51.696712717781566,27.839999999999996,27.839999999999996,0.0,0.0,0.0,0.0,0.0,0.0,0.0,0.0,0.0,0.0,0.0,80.04,80.04,80.04,80.04,80.04,80.04,80.04,80.04,80.04,80.04,80.04,80.04
60.0,43.25671271780368,71.09671271783279,27.839999999999996,27.839999999999996,27.839999999999996,27.839999999999996,27.839999999999996,27.839999999999996,27.839999999999996,27.839999999999996,27.839999999999996,27.839999999999996,27.839999999999996,27.839999999999996,27.839999999999996,27.839999999999996,27.839999999999996,27.839999999999996,27.839999999999996,27.839999999999996,27.839999999999996,27.839999999999996,27.839999999999996,27.839999999999996,27.839999999999996,27.839999999999996,0.0,0.0,0.0,0.0,0.0,0.0,0.0,0.0,0.0,0.0,0.0,80.04,80.04,80.04,80.04,80.04,80.04,80.04,80.04,27.839999999999996,80.04,80.04
60.0,27.839999999999996,27.839999999999996,27.839999999999996,27.839999999999996,27.839999999999996,27.839999999999996,27.839999999999996,27.839999999999996,27.839999999999996,27.839999999999996,27.839999999999996,27.839999999999996,27.839999999999996,27.839999999999996,27.839999999999996,27.839999999999996,27.839999999999996,27.839999999999996,27.839999999999996,27.839999999999996,27.839999999999996,27.839999999999996,27.839999999999996,27.839999999999996,0.0,0.0,0.0,0.0,0.0,0.0,0.0,0.0,0.0,0.0,0.0,0.0,80.04,80.04,80.04,80.04,80.04,80.04,80.04,80.04,80.04,27.839999999999996,80.04,80.04
60.0,27.839999999999996,27.839999999999996,27.839999999999996,27.839999999999996,27.839999999999996,27.839999999999996,27.839999999999996,27.839999999999996,27.839999999999996,27.839999999999996,27.839999999999996,27.839999999999996,27.839999999999996,27.839999999999996,27.839999999999996,27.839999999999996,27.839999999999996,27.839999999999996,27.839999999999996,27.839999999999996,27.839999999999996,27.839999999999996,27.839999999999996,27.839999999999996,76.05671271778164,27.839999999999996,27.839999999999996,27.839999999999996,27.839999999999996,80.04,27.839999999999996,0.0,0.0,0.0,0.0,0.0,0.0,0.0,0.0,0.0,0.0,0.0,0.0,0.0,27.839999999999996,27.839999999999996,80.04,80.04
0.0,0.0,0.0,0.0,0.0,27.839999999999996,27.839999999999996,27.839999999999996,27.839999999999996,27.839999999999996,27.839999999999996,27.839999999999996,27.839999999999996,27.839999999999996,27.839999999999996,27.839999999999996,27.839999999999996,80.04,27.839999999999996,27.839999999999996,27.839999999999996,27.839999999999996,27.839999999999996,80.04,27.839999999999996,27.839999999999996,27.839999999999996,27.839999999999996,27.839999999999996,27.839999999999996,27.839999999999996,27.839999999999996,74.76171271778206,27.839999999999996,27.839999999999996,27.839999999999996,27.839999999999996,80.04,80.04,80.04,80.04,80.04,80.04,80.04,80.04,80.04,27.839999999999996,80.04,80.04
0.0,0.0,0.0,0.0,0.0,72.57671271784326,27.839999999999996,27.839999999999996,27.839999999999996,27.839999999999996,27.839999999999996,27.839999999999996,27.839999999999996,27.839999999999996,27.839999999999996,77.01671271778139,27.839999999999996,27.839999999999996,27.839999999999996,27.839999999999996,27.839999999999996,27.839999999999996,27.839999999999996,80.04,27.839999999999996,80.04,27.839999999999996,27.839999999999996,54.65671271778149,27.839999999999996,27.839999999999996,0.0,0.0,0.0,0.0,0.0,0.0,0.0,0.0,0.0,0.0,80.04,80.04,80.04,80.04,80.04,27.839999999999996,80.04,80.04
0.0,0.0,0.0,0.0,0.0,27.839999999999996,27.839999999999996,27.839999999999996,27.839999999999996,27.839999999999996,27.839999999999996,27.839999999999996,27.839999999999996,27.839999999999996,27.839999999999996,27.839999999999996,27.839999999999996,79.01671271778145,27.839999999999996,27.839999999999996,27.839999999999996,27.839999999999996,27.839999999999996,27.839999999999996,27.839999999999996,27.839999999999996,27.839999999999996,27.839999999999996,80.04,27.839999999999996,27.839999999999996,27.839999999999996,27.839999999999996,27.839999999999996,27.839999999999996,27.839999999999996,27.839999999999996,80.04,80.04,80.04,80.04,80.04,80.04,80.04,80.04,80.04,27.839999999999996,80.04,80.04
0.0,0.0,0.0,0.0,0.0,27.839999999999996,27.839999999999996,27.839999999999996,74.05671271785374,27.839999999999996,27.839999999999996,27.839999999999996,27.839999999999996,27.839999999999996,27.839999999999996,27.839999999999996,27.839999999999996,27.839999999999996,27.839999999999996,80.04,27.839999999999996,80.04,0.0,0.0,0.0,0.0,0.0,0.0,0.0,0.0,0.0,0.0,27.839999999999996,27.839999999999996,27.839999999999996,27.839999999999996,27.839999999999996,80.04,80.04,80.04,80.04,80.04,80.04,80.04,80.04,80.04,27.839999999999996,80.04,80.04
0.0,0.0,0.0,0.0,0.0,27.839999999999996,27.839999999999996,27.839999999999996,27.839999999999996,27.839999999999996,27.839999999999996,27.839999999999996,27.839999999999996,27.839999999999996,27.839999999999996,27.839999999999996,27.839999999999996,27.839999999999996,27.839999999999996,27.839999999999996,27.839999999999996,48.21671271778149,27.839999999999996,27.839999999999996,27.839999999999996,27.839999999999996,27.839999999999996,0.0,0.0,0.0,0.0,0.0,0.0,0.0,0.0,0.0,0.0,80.04,80.04,80.04,80.04,60.78651397986289,80.04,64.45151397986194,80.04,80.04,27.839999999999996,80.04,80.04
0.0,0.0,0.0,0.0,0.0,27.839999999999996,27.839999999999996,27.839999999999996,27.839999999999996,80.04,27.839999999999996,27.839999999999996,27.839999999999996,27.839999999999996,27.839999999999996,27.839999999999996,27.839999999999996,27.839999999999996,80.04,77.53671271778154,27.839999999999996,27.839999999999996,27.839999999999996,27.839999999999996,27.839999999999996,27.839999999999996,27.839999999999996,27.839999999999996,80.04,27.839999999999996,27.839999999999996,27.839999999999996,27.839999999999996,27.839999999999996,27.839999999999996,27.839999999999996,0.0,0.0,0.0,0.0,0.0,0.0,0.0,0.0,0.0,0.0,27.839999999999996,80.04,80.04
0.0,0.0,0.0,0.0,0.0,0.0,0.0,27.839999999999996,27.839999999999996,51.17671271778153,27.839999999999996,27.839999999999996,27.839999999999996,27.839999999999996,77.01671271784559,27.839999999999996,27.839999999999996,27.839999999999996,27.839999999999996,27.839999999999996,27.839999999999996,27.839999999999996,27.839999999999996,27.839999999999996,27.839999999999996,27.839999999999996,27.839999999999996,80.04,27.839999999999996,27.839999999999996,27.839999999999996,80.04,27.839999999999996,27.839999999999996,0.0,0.0,0.0,0.0,0.0,0.0,0.0,0.0,0.0,0.0,69.29651397986265,80.04,27.839999999999996,68.59151397986477,74.14151397986245
400.0,200.0,0.0,0.0,0.0,0.0,0.0,0.0,0.0,0.0,0.0,0.0,0.0,0.0,0.0,0.0,0.0,0.0,0.0,0.0,0.0,0.0,0.0,367.6,167.6,367.6,481.85,281.85,481.85,384.92736162609276,481.85,481.85,303.1014201586278,481.85,325.836815278009,367.6,167.6,367.6,481.85,481.85,394.23965309981213,481.85,481.85,481.85,481.85,393.85543469438517,193.85543469438517,0.0,0.0
400.0,0.0,0.0,0.0,0.0,0.0,0.0,0.0,0.0,0.0,0.0,0.0,0.0,0.0,0.0,0.0,0.0,0.0,0.0,0.0,0.0,167.6,167.6,287.88049641688133,223.5794071887815,423.5794071887815,223.5794071887815,167.6,194.91468382980293,281.85,481.85,308.9731157532724,167.6,308.88430837828173,167.6,367.6,167.6,367.6,453.28596359909557,481.85,281.85,194.17561669890756,194.111580298003,194.04754389709842,281.85,481.85,481.85,0.0,0.0
400.0,0.0,0.0,0.0,0.0,0.0,0.0,0.0,0.0,0.0,0.0,0.0,0.0,0.0,0.0,0.0,0.0,0.0,0.0,0.0,0.0,0.0,0.0,167.6,167.6,367.6,481.85,281.85,481.85,481.85,394.78715215417697,481.85,281.85,481.85,481.85,423.016213837847,223.01621383784698,422.9317623025256,222.9317623025256,394.3036895007165,481.85,481.85,481.85,481.85,393.98350749619385,481.85,481.85,0.0,0.0
400.0,0.0,0.0,0.0,0.0,0.0,0.0,0.0,0.0,0.0,0.0,0.0,0.0,0.0,0.0,0.0,0.0,0.0,0.0,0.0,0.0,0.0,0.0,0.0,281.85,481.85,453.28596359909534,406.99396946539366,481.85,481.85,281.85,367.6,167.6,367.6,481.85,481.85,281.85,481.85,481.85,281.85,481.85,481.85,481.85,481.85,481.85,281.91403640090425,481.85,0.0,0.0
300.0,0.0,0.0,0.0,0.0,0.0,0.0,0.0,0.0,0.0,0.0,0.0,0.0,0.0,0.0,0.0,0.0,0.0,0.0,0.0,0.0,0.0,0.0,0.0,0.0,0.0,0.0,0.0,0.0,0.0,0.0,0.0,0.0,0.0,0.0,0.0,0.0,362.25,362.25,326.0,126.0,126.0,326.0,126.0,126.0,126.0,126.0,0.0,0.0
300.0,126.0,0.0,0.0,0.0,0.0,0.0,0.0,0.0,0.0,0.0,0.0,0.0,0.0,0.0,0.0,0.0,0.0,0.0,0.0,0.0,0.0,0.0,0.0,0.0,0.0,0.0,0.0,0.0,0.0,0.0,0.0,0.0,0.0,0.0,0.0,0.0,362.25,362.25,326.0,126.0,126.0,126.0,126.0,126.0,126.0,126.0,0.0,0.0
300.0,0.0,0.0,0.0,0.0,0.0,0.0,0.0,0.0,0.0,0.0,0.0,0.0,0.0,0.0,0.0,0.0,0.0,0.0,0.0,0.0,0.0,0.0,0.0,0.0,0.0,0.0,0.0,0.0,0.0,0.0,0.0,0.0,0.0,0.0,126.0,126.0,231.7974304433294,231.78774221907383,326.0,126.0,229.83775001989216,126.0,126.0,126.0,0.0,0.0,0.0,0.0
300.0,0.0,0.0,0.0,0.0,0.0,0.0,0.0,0.0,0.0,0.0,0.0,0.0,0.0,0.0,0.0,0.0,0.0,0.0,0.0,0.0,0.0,0.0,0.0,0.0,0.0,0.0,0.0,0.0,0.0,0.0,0.0,0.0,0.0,0.0,0.0,0.0,362.25,362.25,340.52805399481804,140.52805399481804,126.0,165.809597897525,126.0,126.0,126.0,126.0,0.0,0.0
300.0,124.0,215.50497611316683,124.0,124.0,0.0,0.0,0.0,0.0,0.0,0.0,0.0,0.0,0.0,0.0,0.0,0.0,0.0,0.0,0.0,0.0,0.0,0.0,0.0,0.0,0.0,0.0,0.0,0.0,0.0,259.39746819064345,213.0769116280945,332.86235190151064,255.94485853116447,173.41018591727496,259.39746819064345,124.0,156.5,356.5,356.5,0.0,0.0,0.0,0.0,0.0,0.0,0.0,0.0,0.0
300.0,215.5049761132251,124.0,252.15949565811786,252.15949565811786,124.0,124.0,124.0,124.0,124.0,0.0,0.0,0.0,0.0,0.0,0.0,0.0,0.0,0.0,0.0,124.0,124.0,124.0,133.33280237076946,173.38452749895774,173.38444732189936,173.3843671414509,259.39746819064345,259.39746819064345,259.39746819064345,0.0,0.0,0.0,0.0,0.0,0.0,0.0,0.0,0.0,0.0,356.5,356.5,269.7016691654238,356.5,324.0,124.0,124.0,319.1093741805388,124.0
300.0,0.0,0.0,0.0,0.0,0.0,0.0,0.0,0.0,0.0,0.0,0.0,0.0,0.0,0.0,0.0,0.0,0.0,0.0,0.0,0.0,0.0,0.0,0.0,0.0,0.0,0.0,0.0,0.0,0.0,0.0,0.0,0.0,0.0,0.0,0.0,0.0,0.0,0.0,0.0,356.5,269.7016691654238,356.5,269.7016691654238,316.2945750089068,124.0,299.39526860057384,324.0,123.99999999999997
300.0,0.0,0.0,0.0,0.0,0.0,0.0,0.0,0.0,0.0,0.0,0.0,0.0,0.0,0.0,0.0,0.0,0.0,0.0,0.0,0.0,0.0,0.0,0.0,0.0,0.0,0.0,0.0,0.0,0.0,0.0,0.0,0.0,0.0,0.0,0.0,134.4601914734286,289.1925722088896,356.5,356.5,322.9028517268496,356.5,356.5,356.5,324.0,124.0,0.0,0.0,0.0
142.0,0.0,0.0,0.0,0.0,0.0,0.0,0.0,0.0,0.0,0.0,0.0,0.0,0.0,0.0,0.0,0.0,0.0,0.0,0.0,142.0,142.0,142.0,285.6139961941947,285.6080575937191,285.60211899324344,285.59618039276774,208.25,408.25,279.81171467837936,142.0,143.57088542571074,142.0,342.0,408.25,408.2117798981444,400.79637804295066,408.25,408.25,408.25,342.0,142.0,275.21426313720764,408.25,266.3006546142607,142.0,0.0,0.0,0.0
0.0,0.0,0.0,0.0,0.0,0.0,0.0,0.0,0.0,0.0,0.0,0.0,0.0,0.0,0.0,0.0,0.0,0.0,0.0,0.0,0.0,0.0,0.0,0.0,0.0,0.0,0.0,0.0,0.0,0.0,0.0,0.0,0.0,0.0,356.7457569574012,156.74575695740123,356.7457569574012,408.25,408.25,408.25,336.58797471928347,142.0,142.0,180.3938282540608,0.0,0.0,0.0,0.0,0.0
0.0,0.0,0.0,0.0,0.0,0.0,0.0,0.0,0.0,0.0,0.0,0.0,0.0,0.0,0.0,0.0,0.0,0.0,0.0,0.0,0.0,0.0,0.0,0.0,0.0,0.0,0.0,0.0,0.0,0.0,0.0,0.0,0.0,0.0,142.0,142.0,342.0,282.98445553363126,282.93056509916755,282.90103089893137,389.32102418684053,189.32102418684053,142.0,342.0,0.0,0.0,0.0,0.0,0.0
0.0,0.0,0.0,0.0,0.0,0.0,0.0,0.0,0.0,0.0,0.0,0.0,0.0,0.0,0.0,0.0,0.0,0.0,0.0,0.0,0.0,0.0,0.0,0.0,0.0,0.0,0.0,0.0,0.0,0.0,0.0,142.0,142.0,255.13311819250526,142.0,342.0,408.25,408.25,408.25,408.25,408.25,0.0,0.0,0.0,0.0,0.0,0.0,0.0,0.0
150.0,72.8,190.1273112982733,0.0,0.0,0.0,0.0,0.0,0.0,0.0,0.0,0.0,0.0,0.0,0.0,0.0,0.0,0.0,0.0,0.0,0.0,0.0,0.0,0.0,0.0,0.0,0.0,0.0,0.0,0.0,0.0,0.0,0.0,0.0,0.0,0.0,0.0,0.0,0.0,0.0,0.0,0.0,0.0,0.0,0.0,0.0,72.8,116.33828618037667,72.8
150.0,72.8,72.8,0.0,0.0,0.0,0.0,0.0,0.0,0.0,0.0,0.0,0.0,0.0,0.0,0.0,0.0,0.0,0.0,0.0,0.0,72.8,116.16711198528257,116.1670251713574,116.16693835376147,209.3,209.3,209.3,209.3,159.14513757548744,209.3,205.56159149787248,116.1948943465321,209.3,208.28513773809846,209.3,209.3,209.3,209.3,153.95343351663155,209.3,209.3,209.3,0.0,0.0,0.0,0.0,0.0,0.0
150.0,72.8,72.8,0.0,0.0,0.0,0.0,0.0,0.0,0.0,0.0,0.0,0.0,0.0,0.0,0.0,0.0,0.0,0.0,0.0,0.0,0.0,0.0,0.0,0.0,0.0,0.0,0.0,0.0,0.0,0.0,0.0,0.0,0.0,0.0,0.0,209.3,72.8,209.3000000000003,209.3,153.9534335166315,209.3,209.3,72.8,72.8,209.3,0.0,0.0,0.0
150.0,117.32731129818018,0.0,0.0,0.0,0.0,0.0,0.0,0.0,0.0,0.0,0.0,0.0,0.0,0.0,0.0,0.0,0.0,0.0,0.0,0.0,0.0,0.0,0.0,0.0,0.0,0.0,0.0,0.0,0.0,0.0,0.0,0.0,0.0,0.0,0.0,0.0,72.8,209.3,209.3,209.3,209.3,134.80405729133685,72.8,174.1105448036247,209.3,124.15907641205546,0.0,0.0
0.0,0.0,0.0,0.0,0.0,0.0,0.0,0.0,0.0,0.0,0.0,0.0,0.0,0.0,0.0,0.0,0.0,0.0,0.0,0.0,0.0,0.0,0.0,0.0,0.0,0.0,0.0,0.0,0.0,0.0,0.0,0.0,0.0,0.0,0.0,0.0,74.09758357910152,137.79758357910163,201.25,201.25,201.25,201.25,201.25,115.6235024502326,70.0,201.25,0.0,0.0,0.0
0.0,0.0,0.0,0.0,0.0,0.0,0.0,0.0,0.0,0.0,0.0,0.0,0.0,0.0,0.0,0.0,0.0,0.0,0.0,0.0,0.0,0.0,0.0,0.0,0.0,0.0,0.0,0.0,0.0,0.0,0.0,0.0,0.0,0.0,0.0,201.25,201.25,201.25,201.25,201.25,201.25,145.90343351663148,201.25,70.0,70.0,0.0,0.0,0.0,0.0
32.8,32.8,32.8,32.8,32.8,0.0,0.0,0.0,0.0,0.0,0.0,0.0,0.0,0.0,0.0,0.0,0.0,0.0,0.0,0.0,0.0,0.0,0.0,0.0,0.0,0.0,0.0,0.0,0.0,0.0,0.0,65.59323580777351,83.8936325787882,83.89070582153286,94.3,94.3,72.61123220320506,72.6087045948044,94.3,81.82733827713815,94.3,83.86202494141375,83.76130342182209,53.67951502409048,0.0,0.0,0.0,0.0,0.0
32.8,0.0,0.0,0.0,0.0,0.0,0.0,0.0,0.0,0.0,0.0,0.0,0.0,0.0,0.0,0.0,0.0,0.0,0.0,0.0,32.8,32.8,32.8,32.8,49.451369467449,32.8,65.59997903784097,32.8,32.8,32.8,32.8,0.0,0.0,0.0,0.0,0.0,0.0,0.0,0.0,0.0,0.0,0.0,0.0,0.0,0.0,0.0,0.0,0.0,0.0
12.0,34.5,34.5,0.0,0.0,0.0,0.0,0.0,0.0,0.0,0.0,0.0,0.0,0.0,0.0,0.0,0.0,0.0,0.0,0.0,0.0,0.0,0.0,21.390398373118316,12.0,21.395170218411664,34.5,12.0,34.5,12.0,12.0,12.0,34.5,34.5,34.5,34.5,34.5,34.5,34.5,34.5,34.5,34.5,34.5,34.5,34.5,0.0,0.0,0.0,0.0
0.0,34.5,34.5,33.36277005748509,33.36515495894491,34.5,33.36992501537108,34.5,16.76469758977293,12.0,12.0,20.82797396332017,20.82797396332017,20.82797396332017,20.82797396332017,20.82797396332017,20.82797396332017,12.0,12.0,0.0,0.0,0.0,0.0,0.0,0.0,0.0,0.0,0.0,0.0,0.0,0.0,0.0,0.0,34.5,34.5,34.5,34.5,34.5,34.5,34.5,34.5,34.5,34.5,12.0,26.62222651200264,34.5,0.0,0.0,0.0
0.0,34.5,34.5,34.5,34.5,33.3675399449059,34.5,16.76469758977293,34.5,12.0,12.0,0.0,0.0,0.0,0.0,0.0,0.0,0.0,0.0,0.0,0.0,0.0,0.0,0.0,0.0,0.0,0.0,0.0,0.0,19.908461293485303,12.0,12.0,12.0,34.5,34.5,34.5,34.5,34.5,34.5,34.5,34.5,34.5,34.5,34.5,12.0,31.645647680050786,12.0,12.0,12.0
0.0,0.0,0.0,0.0,0.0,0.0,0.0,0.0,0.0,0.0,0.0,0.0,0.0,0.0,0.0,0.0,0.0,12.0,12.0,20.82797396332017,34.5,34.5,34.5,12.0,34.5,34.5,34.5,31.901203857904633,34.5,12.0,12.0,12.0,0.0,0.0,0.0,0.0,0.0,0.0,0.0,0.0,0.0,0.0,26.467200234225032,26.829701178493536,34.5,12.0,12.0,12.0,12.0
0.0,0.0,0.0,0.0,0.0,0.0,0.0,0.0,0.0,0.0,0.0,0.0,0.0,0.0,0.0,0.0,0.0,0.0,0.0,0.0,16.76469758977293,16.76469758977293,33.38801257727246,34.5,21.392784253497055,12.0,34.5,12.0,34.5,12.0,0.0,0.0,0.0,0.0,0.0,0.0,0.0,0.0,0.0,0.0,34.5,34.5,34.5,34.5,34.5,34.5,12.0,12.0,12.0
0.0,0.0,0.0,0.0,0.0,0.0,0.0,0.0,0.0,0.0,0.0,0.0,0.0,0.0,0.0,0.0,0.0,0.0,0.0,0.0,0.0,0.0,0.0,0.0,0.0,0.0,0.0,12.0,34.5,12.0,31.910847813864493,31.91323441880222,21.41562110830148,34.5,34.5,34.5,34.5,34.5,34.5,34.5,34.5,34.5,34.5,34.5,34.5,0.0,0.0,0.0,0.0
50.0,143.75,143.75,143.75,143.75,0.0,0.0,0.0,0.0,0.0,0.0,0.0,0.0,0.0,0.0,0.0,0.0,0.0,0.0,0.0,0.0,0.0,0.0,0.0,0.0,0.0,0.0,0.0,0.0,0.0,0.0,0.0,0.0,0.0,0.0,0.0,0.0,123.68304747415706,143.75,50.0,50.0,50.0,95.1528292454444,50.0,51.415492038562036,123.68304747415706,50.0,0.0,0.0
0.0,143.75,143.75,143.75,143.75,66.19452298371601,66.19686836994116,66.19921383926739,66.20155939169764,50.0,50.0,0.0,0.0,0.0,0.0,0.0,0.0,0.0,0.0,0.0,0.0,0.0,50.0,50.0,66.21934726228464,66.22169352807681,66.22403987700125,66.22638630906089,101.24128261623558,66.23231997768104,135.2026216501989,66.23945716541293,66.2418041437337,0.0,0.0,0.0,0.0,0.0,0.0,0.0,0.0,0.0,0.0,0.0,0.0,0.0,0.0,0.0,0.0
0.0,0.0,0.0,0.0,0.0,0.0,0.0,0.0,0.0,0.0,0.0,0.0,0.0,0.0,0.0,0.0,0.0,0.0,0.0,0.0,0.0,0.0,0.0,0.0,0.0,0.0,0.0,0.0,0.0,0.0,0.0,0.0,0.0,0.0,0.0,0.0,0.0,0.0,143.75,128.18527933018586,50.0,50.0,50.0,119.39610912246317,143.75,50.0,123.4817120382892,110.23539681768948,0.0
0.0,0.0,0.0,0.0,0.0,0.0,0.0,0.0,0.0,0.0,0.0,0.0,0.0,0.0,0.0,0.0,0.0,0.0,0.0,0.0,0.0,0.0,0.0,0.0,0.0,0.0,0.0,0.0,0.0,0.0,0.0,0.0,0.0,66.24415120521198,66.24649834985068,135.2026216501989,143.75,50.0,143.75,50.0,49.99999999999997,49.99999999999997,50.0,0.0,0.0,0.0,0.0,0.0,0.0
25.0,71.875,71.875,55.60474163105722,71.875,71.875,56.94436057895348,0.0,0.0,0.0,0.0,0.0,0.0,0.0,0.0,0.0,0.0,0.0,0.0,0.0,0.0,0.0,0.0,0.0,0.0,0.0,0.0,0.0,0.0,0.0,0.0,0.0,0.0,0.0,0.0,0.0,27.68352870012105,56.18986606136125,71.875,71.875,71.875,25.0,25.0,25.0,25.0,45.12603101909609,55.81737213311226,0.0,0.0
0.0,56.94436057874975,56.94436057874975,71.875,55.60474163100487,56.94436057883706,71.875,27.6618088873622,27.662788993005424,27.663769133375485,27.664749308473613,0.0,0.0,0.0,0.0,0.0,0.0,0.0,0.0,0.0,0.0,0.0,0.0,0.0,0.0,0.0,0.0,0.0,0.0,0.0,0.0,0.0,0.0,0.0,0.0,0.0,0.0,0.0,0.0,0.0,56.94436057873662,69.39948023860079,37.22080121508355,37.22080121508355,55.81210106594098,25.0,25.0,71.875,71.7911912702386
17.32,46.16705730302971,46.17399293551895,49.795,49.795,49.795,49.795,17.32,17.32,17.32,17.32,17.32,17.32,17.32,17.32,17.32,17.32,17.32,17.32,49.795,49.795,49.795,49.795,49.795,49.795,49.795,46.52975313276278,49.795,49.795,46.52121696969911,49.795,49.795,49.795,49.795,49.795,49.795,49.795,49.795,49.795,49.795,46.53440870931732,49.795,46.54827997429575,49.795,49.795,46.5690868717634,49.795,49.795,49.795
0.0,49.795,49.795,46.18092856800817,49.795,46.194799832986604,49.795,17.32,17.32,17.32,17.32,17.32,17.32,17.32,17.32,17.32,17.32,17.32,17.32,46.515437275958135,49.795,46.52930854093657,49.795,49.795,49.795,46.53259852045065,49.795,46.52690774507491,49.795,49.795,46.51837158201124,46.51552619432337,46.51421324174646,49.795,46.524726431747325,46.526771554147984,46.523926166460086,49.795,46.523125901172875,49.795,49.795,46.541344341806536,49.795,49.795,49.795,49.795,46.57602250425262,49.795,46.589893769231
0.0,49.795,49.795,49.795,46.18786420049739,49.795,21.94469693119646,17.32,17.32,17.32,17.32,17.32,17.32,17.32,17.32,17.32,17.32,17.32,17.32,49.795,46.52237290844735,49.795,46.53624417342573,46.53828929582642,46.53544390813855,49.795,49.795,49.795,46.52406235738701,49.795,49.795,49.795,49.795,46.51779079925811,49.795,49.795,49.795,46.521080778772216,49.795,46.52876730524508,49.795,49.795,49.795,46.55521560678497,46.562151239274186,49.795,49.795,46.58295813674178,49.795
20.0,57.5,20.0,57.5,0.0,0.0,0.0,0.0,0.0,0.0,0.0,0.0,0.0,0.0,0.0,0.0,0.0,0.0,0.0,54.847461265124736,57.5,20.0,30.319479857402825,57.5,57.5,57.5,54.75682691202252,57.5,57.5,54.794236646812976,54.81349710432886,57.5,57.5,54.87127847687654,57.5,57.5,57.5,57.5,57.5,54.93971451969787,57.5,57.5,57.5,57.5,57.5,55.055277264793176,55.07453772230906,55.093798179824944,57.5
0.0,54.035069761395704,44.12680278174679,33.27876961521855,57.5,57.5,20.0,20.0,20.0,20.0,20.0,20.0,20.0,20.0,20.0,20.0,20.0,20.0,20.0,57.5,54.77505459073369,27.58515522273683,57.5,54.83328326578771,54.77376817275352,54.75793809226383,57.5,54.75571573178121,54.77497618929709,57.5,57.5,54.832757561844744,54.852018019360656,57.5,54.890538934392424,54.90979939190831,54.92905984942419,54.948320306940076,54.944017413318974,57.5,54.95897497721376,54.97823543472964,54.997495892245524,55.01675634976141,55.03601680727729,57.5,57.5,57.5,55.11305863734083
26.0,70.9576172985056,26.0,26.0,74.75,74.75,0.0,0.0,0.0,0.0,0.0,0.0,0.0,0.0,0.0,0.0,0.0,0.0,0.0,74.75,74.75,26.0,43.76462423461035,74.75,26.0,74.75,74.75,74.75,66.6110549928355,66.6110549928355,66.6110549928355,66.6110549928355,74.75,66.6110549928355,66.59707955123486,74.75,67.29859091612408,66.6110549928355,74.75,66.61105499283553,74.75,66.48905720028961,74.75,74.75,66.23325856165889,66.1440579976024,66.05485743354592,0.0,0.0
0.0,26.0,38.43224782077111,62.39615885012378,65.68165719663085,65.59245663257437,74.75,74.75,74.75,74.75,74.75,74.75,74.75,74.75,74.75,74.75,74.75,69.58992512941484,26.0,66.48320057282166,66.2274694418087,26.0,26.0,66.56645471080725,73.81481011109625,66.6110549928355,66.6110549928355,66.6110549928355,74.75,74.75,74.75,74.75,66.6110549928355,74.75,74.75,66.53850382760601,26.0,74.75,66.6110549928355,74.75,66.56645471080736,74.75,66.41165968977182,66.32245912571534,74.75,74.75,74.75,74.75,26.0
300.0,170.0000000009474,0.0,0.0,0.0,0.0,0.0,0.0,0.0,0.0,0.0,0.0,0.0,0.0,0.0,0.0,0.0,0.0,0.0,336.7884326864065,170.0,350.38692312726914,488.75,467.08957143555017,278.32881586253916,188.75,170.0,297.046028712634,470.0,170.0,170.0,0.0,0.0,0.0,0.0,0.0,0.0,0.0,0.0,0.0,0.0,0.0,0.0,0.0,0.0,0.0,0.0,0.0,0.0
0.0,0.0,0.0,0.0,0.0,0.0,0.0,0.0,0.0,0.0,0.0,0.0,0.0,0.0,0.0,0.0,0.0,0.0,0.0,0.0,0.0,0.0,0.0,0.0,488.75,488.75,470.0,170.0,339.35830526696077,488.75,315.763241562707,170.0,336.6830186346342,170.0,0.0,0.0,0.0,0.0,0.0,0.0,0.0,0.0,0.0,0.0,0.0,0.0,0.0,0.0,0.0
0.0,0.0,0.0,0.0,0.0,0.0,0.0,0.0,0.0,0.0,0.0,0.0,0.0,0.0,0.0,0.0,0.0,0.0,0.0,0.0,0.0,0.0,210.3892163823889,488.75,188.75,320.6410924168843,315.80678428560486,488.75,188.75,297.0239971357003,470.0,170.0,0.0,0.0,0.0,0.0,0.0,0.0,0.0,0.0,0.0,0.0,0.0,0.0,0.0,0.0,0.0,0.0,0.0
150.0,78.38550186444945,78.38550186444945,60.0,78.38550186444945,60.0,60.0,88.03943209478359,0.0,0.0,0.0,0.0,0.0,0.0,0.0,0.0,0.0,0.0,0.0,0.0,0.0,0.0,0.0,0.0,0.0,0.0,0.0,0.0,0.0,172.5,172.5,172.5,172.5,117.158129320495,117.158129320495,117.158129320495,117.158129320495,172.5,172.5,0.0,0.0,0.0,0.0,0.0,0.0,0.0,0.0,0.0,0.0
150.0,60.0,60.0,78.38550186444945,60.0,78.38550186444945,78.38550186444945,0.0,0.0,0.0,0.0,0.0,0.0,0.0,0.0,0.0,0.0,0.0,0.0,0.0,0.0,0.0,0.0,86.67809225002969,86.67809225002956,172.5,88.03983956028074,60.0,172.5,117.158129320495,117.1581293204859,117.158129320495,172.5,172.5,172.5,172.5,172.5,0.0,0.0,0.0,0.0,0.0,0.0,0.0,0.0,0.0,0.0,0.0,0.0
0.0,0.0,0.0,0.0,0.0,0.0,0.0,0.0,0.0,0.0,0.0,0.0,0.0,0.0,0.0,0.0,0.0,0.0,0.0,0.0,0.0,0.0,0.0,0.0,0.0,0.0,0.0,119.03160873397374,172.5,172.5,172.5,172.5,117.1581293204859,172.5,172.5,172.5,172.5,0.0,0.0,0.0,0.0,0.0,0.0,0.0,0.0,0.0,0.0,0.0,0.0
120.0,74.12703482533158,74.12703482532565,74.12703482532567,74.12703482532565,0.0,0.0,0.0,0.0,0.0,0.0,0.0,0.0,0.0,0.0,0.0,0.0,0.0,0.0,0.0,0.0,0.0,0.0,0.0,0.0,0.0,0.0,0.0,0.0,0.0,0.0,0.0,0.0,48.64,139.73915550720443,139.84,114.13743905633376,114.13743905633376,114.13743905633376,139.84,114.13743905633376,139.84,139.84,0.0,0.0,0.0,0.0,0.0,0.0
0.0,0.0,0.0,0.0,0.0,74.12703482532567,74.12703482532567,75.67595794109533,75.67595794109533,75.67595794109533,75.67595794109533,75.67595794109533,75.67595794109533,49.3517959894096,48.64,0.0,0.0,0.0,0.0,0.0,0.0,0.0,0.0,0.0,0.0,0.0,0.0,0.0,0.0,48.64,48.63999999999993,93.70846732335895,49.352009038566884,48.64,48.64,114.13743905633888,139.84,139.84,139.84,114.13743905633376,139.84,114.13743905633376,114.13743905633376,0.0,0.0,0.0,0.0,0.0,0.0
150.0,0.0,0.0,0.0,0.0,0.0,0.0,0.0,0.0,0.0,0.0,0.0,0.0,0.0,0.0,0.0,0.0,0.0,0.0,0.0,0.0,0.0,0.0,0.0,0.0,0.0,0.0,0.0,0.0,0.0,0.0,0.0,0.0,0.0,0.0,0.0,0.0,0.0,0.0,0.0,0.0,0.0,0.0,0.0,0.0,0.0,0.0,0.0,0.0
150.0,0.0,0.0,0.0,0.0,0.0,0.0,0.0,0.0,0.0,0.0,0.0,0.0,0.0,0.0,0.0,0.0,0.0,0.0,0.0,0.0,0.0,0.0,0.0,0.0,0.0,0.0,0.0,0.0,0.0,0.0,0.0,0.0,0.0,0.0,0.0,0.0,0.0,0.0,0.0,0.0,0.0,0.0,0.0,0.0,0.0,0.0,0.0,0.0
0.0,0.0,0.0,0.0,0.0,0.0,0.0,0.0,0.0,0.0,0.0,0.0,0.0,0.0,0.0,0.0,0.0,0.0,0.0,0.0,0.0,0.0,0.0,0.0,0.0,0.0,0.0,0.0,0.0,0.0,0.0,0.0,0.0,0.0,0.0,0.0,0.0,0.0,0.0,0.0,0.0,0.0,0.0,0.0,0.0,0.0,0.0,0.0,0.0
150.0,0.0,0.0,0.0,0.0,0.0,0.0,0.0,0.0,0.0,0.0,0.0,0.0,0.0,0.0,0.0,0.0,0.0,0.0,0.0,72.2,72.2,133.43762387491046,205.63762387470092,205.63762387470092,133.43762387491046,72.2,72.2,133.43762387491046,72.2,72.2,0.0,0.0,0.0,0.0,0.0,0.0,0.0,0.0,0.0,0.0,0.0,0.0,0.0,0.0,0.0,0.0,133.43762387470093,72.2
150.0,72.2,133.43762387491046,205.63762387470092,205.63762387470092,205.63762387470092,205.63762387470092,205.63762387470092,205.63762387470092,205.63762387470092,205.63762387470092,205.63762387470092,205.63762387470092,133.43762387491046,72.2,72.2,72.2,72.2,133.43762387491046,72.2,0.0,0.0,0.0,0.0,0.0,0.0,0.0,0.0,0.0,0.0,0.0,0.0,0.0,0.0,0.0,0.0,0.0,72.2,133.43762387470093,133.43762387470093,72.2,72.2,133.43762387470093,72.2,133.43762387470093,72.2,98.06262387470093,0.0,0.0
150.0,133.43762387472367,72.2,0.0,0.0,0.0,0.0,0.0,0.0,0.0,0.0,0.0,0.0,72.2,133.43762387491046,133.43762387491046,133.43762387491046,133.43762387491046,72.2,133.43762387491046,133.43762387491046,133.43762387491046,72.2,0.0,0.0,0.0,0.0,0.0,0.0,0.0,0.0,0.0,0.0,0.0,72.2,133.43762387470093,205.63762387470092,133.43762387470093,72.2,72.2,133.43762387470093,133.43762387470093,72.2,133.43762387470093,72.2,133.43762387470093,107.57499999999999,72.2,133.43762387470093
150.0,0.0,0.0,0.0,0.0,0.0,0.0,0.0,0.0,0.0,0.0,0.0,0.0,0.0,0.0,0.0,0.0,0.0,0.0,0.0,0.0,0.0,0.0,0.0,0.0,0.0,0.0,0.0,0.0,0.0,0.0,0.0,0.0,0.0,0.0,0.0,0.0,0.0,0.0,0.0,0.0,0.0,0.0,0.0,0.0,0.0,0.0,0.0,0.0
150.0,0.0,0.0,0.0,0.0,0.0,0.0,0.0,0.0,0.0,0.0,0.0,0.0,0.0,0.0,0.0,0.0,0.0,0.0,0.0,0.0,0.0,0.0,0.0,0.0,72.2,133.43762387491046,133.43762387491046,72.2,133.43762387491046,133.43762387491046,205.63762387470092,205.63762387470092,205.63762387470092,133.43762387491046,72.2,0.0,0.0,0.0,0.0,0.0,0.0,0.0,0.0,0.0,0.0,0.0,0.0,0.0
120.0,156.285,156.285,156.285,156.285,156.285,156.285,156.285,156.285,106.285,156.285,106.285,104.36,54.36,54.36,54.36,104.35999999999991,106.285,156.285,156.285,156.285,156.285,156.285,156.285,156.285,156.285,156.285,156.285,156.285,156.285,156.285,156.285,136.3686188851396,156.285,136.3686188851396,136.3686188851396,156.285,156.285,156.285,156.285,156.285,156.285,156.285,156.285,156.285,156.285,156.285,106.285,156.285
120.0,156.285,136.3686188851396,136.3686188851396,156.285,156.285,156.285,156.285,156.285,156.285,156.285,156.285,156.285,106.285,56.285,54.36,92.34135897859045,106.285,156.285,156.285,156.285,156.285,156.285,156.285,156.285,156.285,156.285,156.285,156.285,156.285,156.285,136.3686188851396,106.285,156.285,106.285,156.285,0.0,0.0,0.0,0.0,0.0,0.0,0.0,0.0,0.0,0.0,106.285,156.285,156.285
120.0,156.285,156.285,156.285,106.285,156.285,156.285,156.285,156.285,156.285,156.285,106.285,156.285,106.285,56.285,54.36,104.36,106.285,156.285,156.285,156.285,156.285,156.285,156.285,156.285,136.3686188851396,86.3686188851396,86.3686188851396,136.3686188851396,156.285,156.285,156.285,156.285,106.285,156.285,106.285,156.285,156.285,156.285,156.285,156.285,156.285,156.285,156.285,156.285,156.285,156.285,156.285,156.285
120.0,156.285,106.285,56.285,106.285,156.285,156.285,138.2936188851396,106.285,156.285,156.285,106.285,104.36,54.36,54.36,100.92628840259617,150.92628840259619,106.285,156.285,156.285,156.285,156.285,156.285,156.285,156.285,156.285,156.285,106.285,156.285,136.3686188851396,136.3686188851396,156.285,156.285,156.285,106.285,156.285,156.285,156.285,156.285,156.285,156.285,156.285,156.285,156.285,156.285,156.285,156.285,136.3686188851396,156.285
120.0,106.285,156.285,156.285,136.3686188851396,86.3686188851396,54.36,104.36,106.285,156.285,106.285,104.36000000000001,154.36,104.36,54.36,0.0,0.0,0.0,0.0,0.0,0.0,0.0,0.0,0.0,0.0,156.285,156.285,156.285,106.285,156.285,106.285,106.285,156.285,156.285,156.285,156.285,156.285,156.285,156.285,156.285,156.285,156.285,156.285,156.285,156.285,156.285,106.285,156.285,156.285
0.0,106.285,156.285,156.285,156.285,156.285,138.29361888513958,106.285,156.285,156.285,106.285,96.22228819550641,134.90521973189996,84.90521973189996,86.20004793158162,54.36,104.36,154.36,156.285,156.285,156.285,156.285,156.285,156.285,156.285,156.285,106.285,156.285,106.285,56.285,106.285,156.285,156.285,136.36861888513963,156.285,106.285,156.285,156.285,156.285,156.285,156.285,156.285,156.285,156.285,156.285,156.285,136.3686188851396,156.285,156.285
0.0,136.3686188851396,156.285,156.285,156.285,156.285,156.285,156.285,156.285,156.285,156.285,156.285,156.285,106.285,56.285,54.36,104.36,122.13097023535697,156.285,156.285,156.285,156.285,156.285,156.285,156.285,106.285,156.285,156.285,156.285,156.285,156.285,156.285,156.285,106.285,156.285,156.285,156.285,156.285,156.285,156.285,156.285,156.285,156.285,156.285,156.285,156.285,156.285,156.285,106.285
0.0,156.285,106.285,156.285,156.285,106.285,156.285,156.285,136.3686188851396,86.3686188851405,136.3686188851396,156.285,156.285,106.285,56.285,54.36,104.36,78.06784624176416,128.06784624176416,156.285,156.285,156.285,156.285,156.285,156.285,106.285,156.285,156.285,156.285,156.285,156.285,106.285,106.285,156.285,156.285,156.285,156.285,156.285,156.285,156.285,156.285,156.285,156.285,156.285,156.285,156.285,156.285,106.285,86.3686188851396
9.0,11.474867844118727,9.0,11.540617056658107,9.0,11.606366188443598,9.0,9.0,9.0,0.0,0.0,0.0,0.0,0.0,0.0,0.0,0.0,0.0,0.0,0.0,0.0,0.0,0.0,0.0,0.0,0.0,0.0,0.0,0.0,0.0,0.0,0.0,0.0,0.0,0.0,0.0,0.0,0.0,0.0,0.0,0.0,0.0,12.52498126044523,25.875,25.875,9.0,9.0,25.875,25.875
9.0,9.0,11.50774249076521,9.0,11.573491622550932,9.0,11.639240754336416,11.672115320229295,11.70498988612212,20.737864452014833,20.77073901790766,9.0,9.0,9.0,9.0,9.0,9.0,9.0,9.0,21.06661011094252,21.099484676835345,21.13235924272817,21.165233808620997,21.19810837451371,21.230982940406534,25.875,21.296524844154987,21.3293994100477,25.875,9.0,25.875,9.0,9.0,25.875,9.0,25.875,9.0,9.0,25.875,25.875,25.875,9.0,25.875,15.614575952228336,25.875,9.501795533739354,0.0,0.0,0.0
350.0,0.0,0.0,0.0,0.0,0.0,0.0,0.0,0.0,0.0,0.0,0.0,0.0,0.0,0.0,0.0,0.0,0.0,0.0,0.0,0.0,0.0,0.0,0.0,0.0,0.0,0.0,0.0,0.0,0.0,0.0,0.0,0.0,0.0,0.0,0.0,0.0,0.0,0.0,0.0,0.0,0.0,0.0,0.0,0.0,0.0,0.0,0.0,0.0
350.0,0.0,0.0,0.0,0.0,0.0,0.0,0.0,0.0,0.0,0.0,0.0,0.0,0.0,0.0,0.0,0.0,0.0,0.0,0.0,0.0,0.0,0.0,0.0,0.0,0.0,0.0,0.0,0.0,0.0,0.0,0.0,0.0,0.0,0.0,0.0,0.0,0.0,0.0,0.0,0.0,0.0,0.0,0.0,0.0,0.0,0.0,0.0,0.0
350.0,0.0,0.0,0.0,0.0,0.0,0.0,0.0,0.0,0.0,0.0,0.0,0.0,0.0,0.0,0.0,0.0,0.0,0.0,0.0,0.0,0.0,0.0,0.0,0.0,0.0,0.0,0.0,0.0,0.0,0.0,0.0,0.0,0.0,0.0,0.0,0.0,0.0,0.0,0.0,0.0,0.0,0.0,0.0,0.0,0.0,0.0,0.0,0.0
350.0,0.0,0.0,0.0,0.0,0.0,0.0,0.0,0.0,0.0,0.0,0.0,0.0,0.0,0.0,0.0,0.0,0.0,0.0,0.0,0.0,0.0,0.0,0.0,0.0,0.0,0.0,0.0,0.0,0.0,0.0,0.0,0.0,0.0,0.0,0.0,0.0,0.0,0.0,0.0,0.0,0.0,0.0,0.0,0.0,0.0,0.0,0.0,0.0
350.0,0.0,0.0,0.0,0.0,0.0,0.0,0.0,0.0,0.0,0.0,0.0,0.0,0.0,0.0,0.0,0.0,0.0,0.0,0.0,0.0,0.0,0.0,0.0,0.0,0.0,0.0,0.0,0.0,0.0,0.0,0.0,0.0,0.0,0.0,0.0,0.0,0.0,0.0,0.0,0.0,0.0,0.0,0.0,0.0,0.0,0.0,0.0,0.0
350.0,0.0,0.0,0.0,0.0,0.0,0.0,0.0,0.0,0.0,0.0,0.0,0.0,0.0,0.0,0.0,0.0,0.0,0.0,0.0,0.0,0.0,0.0,0.0,0.0,0.0,0.0,0.0,0.0,0.0,0.0,0.0,0.0,0.0,0.0,0.0,0.0,0.0,0.0,0.0,0.0,0.0,0.0,0.0,0.0,0.0,0.0,0.0,0.0
350.0,0.0,0.0,0.0,0.0,0.0,0.0,0.0,0.0,0.0,0.0,0.0,0.0,0.0,0.0,0.0,0.0,0.0,0.0,0.0,0.0,0.0,0.0,0.0,0.0,0.0,0.0,0.0,0.0,0.0,0.0,0.0,0.0,0.0,0.0,0.0,0.0,0.0,0.0,0.0,0.0,0.0,0.0,0.0,0.0,0.0,0.0,0.0,0.0
350.0,0.0,0.0,0.0,0.0,0.0,0.0,0.0,0.0,0.0,0.0,0.0,0.0,0.0,0.0,0.0,0.0,0.0,0.0,0.0,0.0,0.0,0.0,0.0,0.0,0.0,0.0,0.0,0.0,0.0,0.0,0.0,0.0,0.0,0.0,0.0,0.0,0.0,0.0,0.0,0.0,0.0,0.0,0.0,0.0,0.0,0.0,0.0,0.0
350.0,0.0,0.0,0.0,0.0,0.0,0.0,0.0,0.0,0.0,0.0,0.0,0.0,0.0,0.0,0.0,0.0,0.0,0.0,0.0,0.0,0.0,0.0,0.0,0.0,0.0,0.0,0.0,0.0,281.4006040237255,331.4006040237255,281.4006040237255,331.4006040237255,381.4006040237255,331.4006040237255,381.4006040237255,331.4006040237255,352.5,402.5,0.0,0.0,0.0,0.0,0.0,0.0,0.0,0.0,0.0,0.0
350.0,0.0,0.0,0.0,0.0,0.0,0.0,0.0,0.0,0.0,0.0,0.0,0.0,0.0,0.0,0.0,0.0,0.0,0.0,0.0,0.0,0.0,0.0,0.0,0.0,0.0,0.0,0.0,0.0,0.0,0.0,169.5803271715351,219.5803271715351,269.5803271715351,271.18251672978045,321.18251672978045,271.18251672978045,321.18251672978045,371.18251672978045,402.5,402.5,0.0,0.0,0.0,0.0,0.0,0.0,0.0,0.0
0.0,0.0,0.0,0.0,0.0,0.0,0.0,0.0,0.0,0.0,0.0,0.0,0.0,0.0,0.0,0.0,0.0,0.0,0.0,0.0,0.0,0.0,0.0,0.0,0.0,0.0,0.0,0.0,0.0,0.0,0.0,0.0,0.0,0.0,0.0,0.0,0.0,0.0,0.0,0.0,0.0,0.0,0.0,0.0,0.0,0.0,0.0,0.0,0.0
0.0,0.0,0.0,0.0,0.0,0.0,0.0,0.0,0.0,0.0,0.0,0.0,0.0,0.0,0.0,0.0,0.0,0.0,0.0,0.0,0.0,0.0,0.0,0.0,0.0,0.0,0.0,0.0,0.0,302.5,352.5,302.5,352.5,402.5,352.5,402.5,352.5,352.5,402.5,0.0,0.0,0.0,0.0,0.0,0.0,0.0,0.0,0.0,0.0
350.0,0.0,0.0,0.0,0.0,0.0,0.0,0.0,0.0,0.0,0.0,0.0,0.0,0.0,0.0,0.0,0.0,0.0,0.0,0.0,0.0,0.0,0.0,0.0,0.0,0.0,0.0,0.0,0.0,0.0,0.0,0.0,0.0,0.0,0.0,0.0,0.0,0.0,0.0,0.0,0.0,0.0,0.0,0.0,0.0,0.0,0.0,0.0,0.0
350.0,0.0,0.0,0.0,0.0,0.0,0.0,0.0,0.0,0.0,0.0,0.0,0.0,0.0,0.0,0.0,0.0,0.0,0.0,0.0,0.0,0.0,0.0,0.0,0.0,0.0,0.0,0.0,0.0,0.0,0.0,0.0,0.0,0.0,0.0,0.0,0.0,0.0,0.0,0.0,0.0,0.0,0.0,0.0,0.0,0.0,0.0,0.0,0.0
350.0,0.0,0.0,0.0,0.0,0.0,0.0,0.0,0.0,0.0,0.0,0.0,0.0,0.0,0.0,0.0,0.0,0.0,0.0,0.0,0.0,0.0,0.0,0.0,0.0,0.0,0.0,0.0,0.0,0.0,0.0,0.0,0.0,0.0,0.0,0.0,0.0,436.00624500461475,386.00624500461475,336.00624500461475,286.00624500461475,236.00624500461475,286.00624500461475,236.00624500461475,263.5376549762435,213.5376549762435,163.5376549762435,0.0,0.0
350.0,0.0,0.0,0.0,0.0,0.0,0.0,0.0,0.0,0.0,0.0,0.0,0.0,0.0,0.0,0.0,0.0,0.0,0.0,0.0,0.0,0.0,0.0,0.0,0.0,0.0,0.0,0.0,0.0,0.0,0.0,0.0,0.0,0.0,0.0,0.0,0.0,0.0,0.0,0.0,0.0,0.0,0.0,0.0,0.0,0.0,0.0,0.0,0.0
350.0,0.0,0.0,0.0,0.0,0.0,0.0,0.0,0.0,0.0,0.0,0.0,0.0,0.0,0.0,0.0,0.0,0.0,0.0,0.0,0.0,0.0,0.0,0.0,0.0,0.0,0.0,0.0,0.0,0.0,0.0,0.0,0.0,0.0,0.0,0.0,0.0,0.0,0.0,0.0,0.0,0.0,0.0,0.0,0.0,0.0,0.0,0.0,0.0
350.0,0.0,0.0,0.0,0.0,0.0,0.0,0.0,0.0,0.0,0.0,0.0,0.0,0.0,0.0,0.0,0.0,0.0,0.0,0.0,0.0,0.0,0.0,0.0,0.0,0.0,0.0,0.0,0.0,0.0,0.0,0.0,0.0,0.0,0.0,0.0,0.0,0.0,0.0,0.0,0.0,0.0,0.0,0.0,0.0,0.0,0.0,0.0,0.0
350.0,0.0,0.0,0.0,0.0,0.0,0.0,0.0,0.0,0.0,0.0,0.0,0.0,0.0,0.0,0.0,0.0,0.0,0.0,0.0,0.0,0.0,0.0,0.0,0.0,0.0,0.0,0.0,0.0,0.0,0.0,0.0,0.0,0.0,0.0,0.0,0.0,0.0,0.0,0.0,0.0,0.0,0.0,0.0,0.0,0.0,0.0,0.0,0.0
350.0,0.0,0.0,0.0,0.0,0.0,0.0,0.0,0.0,0.0,0.0,0.0,0.0,0.0,0.0,0.0,0.0,0.0,0.0,0.0,0.0,0.0,0.0,0.0,0.0,0.0,0.0,0.0,0.0,0.0,0.0,0.0,0.0,0.0,0.0,0.0,0.0,0.0,0.0,0.0,0.0,0.0,0.0,0.0,0.0,0.0,0.0,0.0,0.0
350.0,0.0,0.0,0.0,0.0,0.0,0.0,0.0,0.0,0.0,0.0,0.0,0.0,0.0,0.0,0.0,0.0,0.0,0.0,0.0,0.0,0.0,0.0,0.0,0.0,0.0,0.0,0.0,0.0,0.0,0.0,0.0,0.0,0.0,0.0,0.0,0.0,0.0,0.0,0.0,0.0,0.0,0.0,0.0,0.0,0.0,0.0,0.0,0.0
0.0,0.0,0.0,0.0,0.0,0.0,0.0,0.0,0.0,0.0,0.0,0.0,0.0,0.0,0.0,0.0,0.0,0.0,0.0,0.0,0.0,0.0,0.0,0.0,0.0,0.0,0.0,0.0,0.0,0.0,0.0,0.0,0.0,0.0,0.0,0.0,0.0,0.0,0.0,0.0,0.0,0.0,0.0,0.0,0.0,0.0,0.0,0.0,0.0
0.0,0.0,0.0,0.0,0.0,0.0,0.0,0.0,0.0,0.0,0.0,0.0,0.0,0.0,0.0,0.0,0.0,0.0,0.0,0.0,0.0,0.0,0.0,0.0,0.0,0.0,0.0,0.0,0.0,0.0,0.0,0.0,0.0,0.0,0.0,0.0,0.0,282.2198101196723,306.0,256.0,206.0,156.0,206.0,206.0,256.0,206.0,156.0,0.0,0.0
61.56,0.0,0.0,0.0,0.0,0.0,0.0,0.0,0.0,0.0,0.0,0.0,0.0,0.0,0.0,0.0,0.0,0.0,0.0,0.0,0.0,0.0,0.0,0.0,0.0,0.0,0.0,0.0,0.0,0.0,0.0,0.0,0.0,0.0,0.0,0.0,0.0,0.0,0.0,0.0,0.0,0.0,0.0,0.0,0.0,0.0,0.0,0.0,0.0
0.0,0.0,0.0,0.0,0.0,0.0,0.0,0.0,0.0,0.0,0.0,0.0,0.0,0.0,0.0,0.0,0.0,0.0,0.0,0.0,0.0,0.0,0.0,0.0,0.0,0.0,0.0,0.0,0.0,0.0,0.0,0.0,0.0,0.0,0.0,0.0,0.0,0.0,0.0,0.0,0.0,0.0,0.0,0.0,0.0,0.0,0.0,0.0,0.0
0.0,0.0,0.0,0.0,0.0,0.0,0.0,0.0,0.0,0.0,0.0,0.0,0.0,0.0,0.0,0.0,0.0,0.0,0.0,0.0,0.0,0.0,0.0,0.0,0.0,0.0,0.0,0.0,0.0,0.0,0.0,0.0,0.0,0.0,0.0,0.0,0.0,0.0,0.0,0.0,0.0,0.0,0.0,0.0,0.0,0.0,0.0,0.0,0.0
150.0,86.21991258842628,0.0,0.0,0.0,0.0,0.0,0.0,0.0,0.0,0.0,0.0,0.0,0.0,70.0,86.14208906726964,86.13653024430387,70.0,70.0,86.1198537754066,70.0,86.10873612947506,86.10317730650931,70.0,0.0,0.0,0.0,0.0,0.0,0.0,0.0,0.0,0.0,0.0,0.0,0.0,0.0,0.0,0.0,0.0,0.0,0.0,0.0,0.0,0.0,0.0,0.0,0.0,0.0
150.0,70.0,0.0,0.0,0.0,0.0,0.0,0.0,0.0,0.0,0.0,0.0,0.0,0.0,0.0,0.0,0.0,0.0,86.12541259837235,70.0,86.11429495244083,70.0,70.0,86.09761848354356,156.09205966057777,86.08650083761202,70.0,70.0,0.0,0.0,0.0,0.0,0.0,0.0,0.0,0.0,0.0,0.0,106.02350160986404,86.00739055151598,86.00183172855021,70.0,70.0,85.98515525965294,70.0,85.9740376137214,85.96847879075563,85.96291996778987,0.0
0.0,0.0,86.21435376582451,86.20879494285875,70.0,86.19767729692722,70.0,86.1865596509957,86.18100082802994,70.0,86.16988318209843,70.0,70.0,0.0,0.0,0.0,0.0,0.0,0.0,0.0,0.0,0.0,0.0,0.0,0.0,70.0,86.08094201464627,86.07538319168052,156.06982436871476,156.06426554574898,156.05870672278323,156.05314789981747,156.0475890768517,156.04203025388594,156.0364714309202,156.03091260795443,156.02535378498868,0.0,0.0,0.0,0.0,0.0,0.0,0.0,0.0,0.0,0.0,70.0,85.9573611448241
0.0,0.0,70.0,70.0,86.20323611989298,70.0,86.19211847396147,70.0,70.0,86.17544200506418,70.0,86.16432435913268,86.15876553616691,156.15320671320114,86.14764789023539,70.0,70.0,86.1309714213381,0.0,0.0,0.0,0.0,0.0,0.0,0.0,0.0,0.0,0.0,0.0,0.0,0.0,0.0,0.0,0.0,0.0,0.0,0.0,156.0197949620229,70.0,70.0,70.0,85.99627290558446,85.9907140826187,70.0,85.97959643668719,70.0,70.0,0.0,0.0
0.0,0.0,0.0,0.0,0.0,0.0,0.0,0.0,0.0,0.0,0.0,0.0,0.0,0.0,0.0,0.0,0.0,0.0,0.0,0.0,0.0,0.0,0.0,0.0,0.0,0.0,0.0,0.0,0.0,0.0,0.0,0.0,0.0,0.0,0.0,0.0,0.0,0.0,0.0,0.0,0.0,0.0,0.0,0.0,0.0,0.0,0.0,0.0,0.0
0.0,0.0,0.0,0.0,0.0,0.0,0.0,0.0,0.0,0.0,0.0,0.0,0.0,0.0,0.0,0.0,0.0,0.0,0.0,0.0,0.0,0.0,0.0,0.0,0.0,0.0,0.0,0.0,0.0,0.0,0.0,0.0,0.0,0.0,0.0,0.0,0.0,0.0,0.0,0.0,0.0,0.0,0.0,0.0,0.0,0.0,0.0,0.0,70.0
230.0,130.0,198.64,98.64,98.64,0.0,0.0,0.0,0.0,0.0,0.0,0.0,0.0,0.0,0.0,0.0,0.0,0.0,98.64,98.64,169.41518578672816,98.64,169.4012366244428,98.64,169.38728746215745,98.64,98.64,98.64,98.64,100.00697458114269,98.64,198.63302541885736,169.33149081301602,98.64,169.31754165073067,98.64,100.00697458114269,98.64,98.64,167.92266874501723,169.27569416387456,98.64,0.0,0.0,0.0,0.0,0.0,0.0,0.0
230.0,193.7066471406261,0.0,0.0,0.0,0.0,0.0,0.0,0.0,0.0,0.0,0.0,0.0,0.0,0.0,0.0,0.0,0.0,0.0,0.0,0.0,0.0,0.0,0.0,0.0,0.0,0.0,0.0,0.0,0.0,0.0,0.0,98.64,98.64,98.64,169.310567069588,167.9366179073026,267.9366179073026,267.9296433261599,198.64,98.64,98.64,0.0,0.0,0.0,0.0,0.0,0.0,0.0
0.0,0.0,0.0,0.0,0.0,0.0,0.0,0.0,0.0,0.0,0.0,0.0,0.0,0.0,0.0,0.0,0.0,0.0,0.0,98.64,98.64,98.64,98.64,169.39426204330013,98.64,169.3803128810148,169.3733382998721,169.36636371872942,169.35938913758673,98.64,0.0,0.0,0.0,0.0,0.0,0.0,0.0,0.0,0.0,0.0,98.64,169.26871958273185,269.2687195827318,283.59000000000003,283.59,224.79838092980762,124.79838092980762,98.64,98.64
0.0,0.0,0.0,0.0,0.0,98.64,98.64,98.64,98.64,98.64,98.64,98.64,98.64,140.36422881384166,198.64,98.64,98.64,0.0,0.0,0.0,0.0,0.0,0.0,0.0,0.0,0.0,0.0,0.0,0.0,0.0,0.0,0.0,0.0,0.0,0.0,0.0,0.0,0.0,0.0,0.0,0.0,0.0,0.0,0.0,0.0,0.0,0.0,0.0,0.0
0.0,0.0,125.06238640428602,225.05812566794594,225.05386493160586,225.0496041952658,225.0453434589257,225.04108272258566,225.0368219862456,126.3925612499055,98.64,126.38377927090906,98.64,0.0,0.0,0.0,0.0,0.0,0.0,0.0,0.0,0.0,0.0,0.0,0.0,0.0,0.0,0.0,0.0,0.0,0.0,0.0,0.0,0.0,0.0,0.0,0.0,0.0,0.0,0.0,0.0,0.0,0.0,0.0,0.0,98.64,198.63573926365999,126.14985945712748,126.14559872078743
0.0,0.0,0.0,0.0,0.0,0.0,0.0,0.0,0.0,98.64,130.52443375066096,98.64,126.37951853456894,226.37951853456894,168.0967727672679,268.0897981861252,268.08282360498254,283.59000000000003,268.0691349490135,169.42216036787084,98.64,169.40821120558547,98.64,98.64,98.64,98.64,98.64,98.64,98.64,167.98543997530135,267.98543997530135,167.98543997530135,98.64,169.32451623187336,98.64,98.64,98.64,0.0,0.0,0.0,0.0,0.0,0.0,0.0,0.0,0.0,0.0,98.64,98.64
0.0,0.0,0.0,0.0,0.0,0.0,0.0,0.0,0.0,0.0,0.0,0.0,0.0,0.0,0.0,0.0,0.0,0.0,0.0,0.0,0.0,0.0,0.0,0.0,0.0,0.0,0.0,0.0,0.0,0.0,0.0,0.0,0.0,0.0,0.0,0.0,0.0,0.0,0.0,0.0,0.0,0.0,0.0,0.0,0.0,0.0,0.0,0.0,0.0
0.0,0.0,0.0,0.0,0.0,0.0,0.0,0.0,0.0,0.0,0.0,0.0,0.0,0.0,0.0,0.0,0.0,0.0,0.0,0.0,0.0,0.0,0.0,0.0,0.0,0.0,0.0,0.0,0.0,0.0,0.0,0.0,0.0,0.0,0.0,0.0,0.0,0.0,0.0,0.0,0.0,0.0,0.0,0.0,0.0,0.0,0.0,0.0,0.0
0.0,0.0,0.0,0.0,0.0,0.0,0.0,0.0,0.0,0.0,0.0,0.0,0.0,0.0,0.0,0.0,0.0,0.0,0.0,0.0,0.0,0.0,0.0,0.0,0.0,0.0,0.0,0.0,0.0,0.0,0.0,0.0,0.0,0.0,0.0,0.0,0.0,0.0,0.0,0.0,0.0,0.0,0.0,0.0,0.0,0.0,0.0,0.0,0.0
0.0,0.0,0.0,0.0,0.0,0.0,0.0,0.0,0.0,0.0,0.0,0.0,0.0,0.0,0.0,0.0,0.0,0.0,0.0,0.0,0.0,0.0,0.0,0.0,0.0,0.0,0.0,0.0,0.0,0.0,0.0,0.0,0.0,0.0,0.0,0.0,0.0,0.0,0.0,0.0,0.0,0.0,0.0,0.0,0.0,0.0,0.0,0.0,0.0
0.0,0.0,0.0,0.0,0.0,0.0,0.0,0.0,0.0,0.0,0.0,0.0,0.0,0.0,0.0,0.0,0.0,0.0,0.0,0.0,0.0,0.0,0.0,0.0,0.0,0.0,0.0,0.0,0.0,0.0,0.0,0.0,0.0,0.0,0.0,0.0,0.0,0.0,0.0,0.0,0.0,0.0,0.0,0.0,0.0,0.0,0.0,0.0,0.0
0.0,0.0,0.0,0.0,0.0,0.0,0.0,0.0,0.0,0.0,0.0,0.0,0.0,0.0,0.0,0.0,0.0,0.0,0.0,0.0,0.0,0.0,0.0,0.0,0.0,0.0,0.0,0.0,0.0,0.0,0.0,0.0,0.0,0.0,0.0,0.0,0.0,0.0,0.0,0.0,0.0,0.0,0.0,0.0,0.0,0.0,0.0,0.0,0.0
0.0,0.0,0.0,0.0,0.0,0.0,0.0,0.0,0.0,0.0,0.0,0.0,0.0,0.0,0.0,0.0,0.0,0.0,0.0,0.0,0.0,0.0,0.0,0.0,0.0,0.0,0.0,0.0,0.0,0.0,0.0,0.0,0.0,0.0,0.0,0.0,0.0,0.0,0.0,0.0,0.0,0.0,0.0,0.0,0.0,0.0,0.0,0.0,0.0
0.0,0.0,0.0,0.0,0.0,0.0,0.0,0.0,0.0,0.0,0.0,0.0,0.0,0.0,0.0,0.0,0.0,0.0,0.0,0.0,0.0,0.0,0.0,0.0,0.0,0.0,0.0,0.0,0.0,0.0,0.0,0.0,0.0,0.0,0.0,0.0,0.0,0.0,0.0,0.0,0.0,0.0,0.0,0.0,0.0,0.0,0.0,0.0,0.0
0.0,0.0,0.0,0.0,0.0,0.0,0.0,0.0,0.0,0.0,0.0,0.0,0.0,0.0,0.0,0.0,0.0,0.0,0.0,0.0,0.0,0.0,0.0,0.0,0.0,0.0,0.0,0.0,0.0,0.0,0.0,0.0,0.0,0.0,0.0,0.0,0.0,0.0,0.0,0.0,0.0,0.0,0.0,0.0,0.0,0.0,0.0,0.0,0.0
0.0,0.0,0.0,0.0,0.0,0.0,0.0,0.0,0.0,0.0,0.0,0.0,0.0,0.0,0.0,0.0,0.0,0.0,0.0,0.0,0.0,0.0,0.0,0.0,0.0,0.0,0.0,0.0,0.0,0.0,0.0,0.0,0.0,0.0,0.0,0.0,0.0,0.0,0.0,0.0,0.0,0.0,0.0,0.0,0.0,0.0,0.0,0.0,0.0
0.0,0.0,0.0,0.0,0.0,0.0,0.0,0.0,0.0,0.0,0.0,0.0,0.0,0.0,0.0,0.0,0.0,0.0,0.0,0.0,0.0,0.0,0.0,0.0,0.0,0.0,0.0,0.0,0.0,0.0,0.0,0.0,0.0,0.0,0.0,0.0,0.0,0.0,0.0,0.0,0.0,0.0,0.0,0.0,0.0,0.0,0.0,0.0,0.0
0.0,0.0,0.0,0.0,0.0,0.0,0.0,0.0,0.0,0.0,0.0,0.0,0.0,0.0,0.0,0.0,0.0,0.0,0.0,0.0,0.0,0.0,0.0,0.0,0.0,0.0,0.0,0.0,0.0,0.0,0.0,0.0,0.0,0.0,0.0,0.0,0.0,0.0,0.0,0.0,0.0,0.0,0.0,0.0,0.0,0.0,0.0,0.0,0.0
0.0,0.0,0.0,0.0,0.0,0.0,0.0,0.0,0.0,0.0,0.0,0.0,0.0,0.0,0.0,0.0,0.0,0.0,0.0,0.0,0.0,0.0,0.0,0.0,0.0,0.0,0.0,0.0,0.0,0.0,0.0,0.0,0.0,0.0,0.0,0.0,0.0,0.0,0.0,0.0,0.0,0.0,0.0,0.0,0.0,0.0,0.0,0.0,0.0
0.0,0.0,0.0,0.0,0.0,0.0,0.0,0.0,0.0,0.0,0.0,0.0,0.0,0.0,0.0,0.0,0.0,0.0,0.0,0.0,0.0,0.0,0.0,0.0,0.0,0.0,0.0,0.0,0.0,0.0,0.0,0.0,0.0,0.0,0.0,0.0,0.0,0.0,0.0,0.0,0.0,0.0,0.0,0.0,0.0,0.0,0.0,0.0,0.0
0.0,0.0,0.0,0.0,0.0,0.0,0.0,0.0,0.0,0.0,0.0,0.0,0.0,0.0,0.0,0.0,0.0,0.0,0.0,0.0,0.0,0.0,0.0,0.0,0.0,0.0,0.0,0.0,0.0,0.0,0.0,0.0,0.0,0.0,0.0,0.0,0.0,0.0,0.0,0.0,0.0,0.0,0.0,0.0,0.0,0.0,0.0,0.0,0.0
0.0,0.0,0.0,0.0,0.0,0.0,0.0,0.0,0.0,0.0,0.0,0.0,0.0,0.0,0.0,0.0,0.0,0.0,0.0,0.0,0.0,0.0,0.0,0.0,0.0,0.0,0.0,0.0,0.0,0.0,0.0,0.0,0.0,0.0,0.0,0.0,0.0,0.0,0.0,0.0,0.0,0.0,0.0,0.0,0.0,0.0,0.0,0.0,0.0
0.0,0.0,0.0,0.0,0.0,0.0,0.0,0.0,0.0,0.0,0.0,0.0,0.0,0.0,0.0,0.0,0.0,0.0,0.0,0.0,0.0,0.0,0.0,0.0,0.0,0.0,0.0,0.0,0.0,0.0,0.0,0.0,0.0,0.0,0.0,0.0,0.0,0.0,0.0,0.0,0.0,0.0,0.0,0.0,0.0,0.0,0.0,0.0,0.0
300.0,0.0,0.0,0.0,0.0,0.0,0.0,0.0,0.0,0.0,0.0,0.0,0.0,0.0,0.0,0.0,0.0,0.0,0.0,0.0,253.18943649981975,353.18943649981986,253.18943649981986,342.79091284900153,242.79091284900153,206.9509128490015,306.9509128490014,264.15999999999997,164.16,264.15999999999997,164.16,264.15999999999997,164.15999999999997,164.16,228.32000000000005,328.32000000000005,256.36000000000007,245.38943649981985,164.16,164.16,0.0,0.0,0.0,0.0,0.0,0.0,0.0,0.0,0.0
300.0,199.99999999999983,164.16,164.15999999936673,0.0,0.0,0.0,0.0,0.0,0.0,0.0,0.0,0.0,0.0,164.16,164.16,174.83250666652532,164.16,243.60614264056835,253.18943649981986,264.15999999999997,164.16,264.15999999999997,264.15999999999997,164.16,164.16,264.15999999999997,164.16,164.16,253.18943649981986,289.0294364998198,189.02943649981978,164.16,164.16,0.0,0.0,0.0,0.0,0.0,0.0,0.0,0.0,0.0,0.0,164.15999999999997,264.15999999999997,164.16,164.16,164.16
300.0,359.2437895592563,395.08378956017657,395.083789561231,471.96000000000004,471.96000000000004,471.96000000000004,471.96000000000004,471.96000000000004,471.96000000000004,371.96000000000004,271.96000000000004,0.0,0.0,0.0,0.0,0.0,0.0,0.0,0.0,0.0,0.0,0.0,0.0,164.15999999999997,264.15999999999997,164.16,253.18943649981986,253.18943649981986,164.16,164.16,164.16,189.02943649981978,289.0294364998198,389.0294364998198,353.18943649981975,253.18943649981975,164.16,164.16,164.15999999999985,264.15999999999985,164.15999999999997,164.16,164.16,164.16,0.0,0.0,0.0,0.0
0.0,0.0,0.0,0.0,0.0,0.0,0.0,0.0,0.0,0.0,0.0,200.0,164.16,228.32000000000005,164.16,164.16,164.16,264.15999999999997,164.15999999999997,164.16,164.16,264.15999999999997,264.15999999999997,164.16,164.16,0.0,0.0,0.0,0.0,0.0,0.0,0.0,0.0,0.0,0.0,0.0,271.96,371.96,353.18943649981986,453.18943649981986,471.96000000000004,471.96000000000004,371.96000000000004,435.84000000000015,335.84000000000015,300.0000000000001,200.0000000000001,0.0,0.0
0.0,0.0,0.0,0.0,0.0,0.0,0.0,0.0,0.0,0.0,0.0,0.0,407.7661426405683,443.60614264056824,343.60614264056824,343.60614264056824,243.60614264056824,243.60614264056824,164.16,164.16,264.15999999999997,164.16,164.15999999999997,164.16,210.39852365081833,310.39852365081833,210.39852365081833,264.15999999999997,364.15999999999997,264.15999999999997,164.16,164.16,264.15999999999997,164.16,164.16,0.0,0.0,0.0,0.0,0.0,0.0,0.0,0.0,0.0,0.0,0.0,300.0,400.0,300.0
0.0,0.0,0.0,0.0,0.0,0.0,0.0,0.0,0.0,0.0,464.1261426405682,364.1261426405682,264.15999999999997,164.16,164.16,164.16,264.15999999999997,164.16,264.15999999999997,364.15999999999997,0.0,0.0,0.0,0.0,0.0,0.0,0.0,0.0,0.0,0.0,164.16,164.16000000000008,164.16,164.16,164.15999999999997,264.15999999999997,164.16,164.16,264.15999999999997,164.16,209.54943649981976,309.54943649981976,409.54943649981976,345.66943649981954,281.5094364998197,381.5094364998197,281.5094364998197,381.5094364998197,456.6999899874414
200.0,218.67036063637653,210.8,210.8,210.8,210.8,257.374690068112,357.374690068112,357.374690068112,257.374690068112,0.0,0.0,0.0,0.0,0.0,0.0,0.0,0.0,0.0,0.0,0.0,0.0,0.0,0.0,0.0,0.0,0.0,0.0,0.0,495.25,395.25,295.25,239.2340303329026,339.2340303329026,439.2340303329026,439.2340303329026,339.2340303329026,239.2340303329026,210.8,210.8,310.8,310.8,0.0,0.0,0.0,0.0,0.0,0.0,0.0
200.0,300.00000000000017,307.87036063673526,307.87036063673526,307.87036063673526,307.87036063673526,261.2956705682507,210.8,210.8,310.8,210.8,215.92419071546715,315.92419071546715,215.92419071546715,210.8,210.8,210.8,215.92419071546715,210.8,0.0,0.0,0.0,0.0,0.0,0.0,0.0,0.0,0.0,0.0,0.0,0.0,0.0,0.0,0.0,0.0,0.0,0.0,0.0,210.8,299.99999999999994,310.8,210.8,210.8,210.79999999999995,310.79999999999995,221.59999999999945,210.8,221.60000000000014,0.0
0.0,0.0,0.0,0.0,0.0,0.0,0.0,0.0,0.0,0.0,0.0,0.0,0.0,210.8,210.8,210.8,210.8,210.8,210.8,310.79999999999995,221.60000000000014,210.8,210.8,0.0,0.0,0.0,0.0,0.0,0.0,0.0,0.0,0.0,0.0,310.7999999999999,210.8,310.8,410.8,410.7999999999999,310.7999999999999,239.2340303329026,339.2340303329026,439.2340303329026,421.5999999999997,321.5999999999997,321.5999999999997,310.8,210.8,0.0,0.0
0.0,0.0,0.0,0.0,0.0,0.0,0.0,0.0,0.0,0.0,0.0,0.0,0.0,0.0,0.0,0.0,0.0,0.0,0.0,0.0,0.0,0.0,0.0,0.0,0.0,0.0,0.0,0.0,0.0,0.0,210.8,310.8,410.8,310.8,310.8,210.8,210.8,310.8,228.43403033290264,210.8,0.0,0.0,0.0,0.0,0.0,0.0,0.0,0.0,0.0
0.0,0.0,0.0,0.0,0.0,0.0,0.0,0.0,0.0,0.0,357.3746900681122,352.2504993526453,252.25049935264497,210.8,215.92419071546703,215.92419071546715,215.92419071546715,210.8,210.8,221.60000000000014,210.8,210.8,310.8,410.8,442.27419071546717,454.7840303329025,354.7840303329025,354.7840303329026,354.7840303329026,454.7840303329026,354.7840303329026,354.78403033290255,310.79999999999984,0.0,0.0,0.0,0.0,0.0,0.0,0.0,0.0,0.0,0.0,0.0,0.0,0.0,210.7999999999995,310.7999999999995,410.7999999999995
0.0,0.0,0.0,0.0,0.0,0.0,0.0,0.0,0.0,0.0,0.0,0.0,0.0,210.8,210.8,210.8,210.8,210.8,215.92419071546715,315.92419071546715,415.92419071546715,426.7241907154672,337.5241907154672,437.5241907154672,406.05000000000007,506.05000000000007,606.05,606.05,606.05,0.0,0.0,0.0,0.0,0.0,0.0,0.0,0.0,0.0,0.0,0.0,0.0,0.0,328.4340303329029,428.4340303329029,328.4340303329029,428.4340303329029,328.4340303329029,428.4340303329029,528.4340303329029
