4.6,15.600000000000009,12.469740096861557,12.460271798647476,12.450266321672729,12.440039671018205,12.429813020363689,12.419586369709172,12.409359719054656,12.399133068400133,12.38890641774561,12.378679767091093,12.368453116436577,12.35822646578206,23.347999815127537,29.9,29.9,23.307093212509464,12.307093212509464,12.296866561854948,12.286639911200417,12.276413260545901,12.266186609891385,12.255959959236868,12.245733308582345,12.23873292271761,12.234958801642641,12.231184680567672,12.227410559492704,12.223636438417735,12.219862317342773,12.216088196267826,12.212314075192893,12.208539954117967,12.20476583304304,12.200991711968115,12.197217590893189,12.193443469818263,12.189669348743337,12.18589522766841,12.182121106593478,12.178346985518544,12.174572864443618,12.170798743368692,12.167024622293766,12.16325050121884,18.903774121074967,29.9,29.9
0.0,26.77857638491387,29.9,29.9,29.9,29.9,29.9,29.9,29.9,29.9,29.9,29.9,29.9,29.9,18.9,12.337773164473013,12.327546513818497,18.910226650654515,29.9,29.9,29.9,29.9,29.9,29.9,29.9,29.9,29.9,29.9,29.9,29.9,29.9,29.9,29.9,29.9,29.9,29.9,29.9,29.9,29.9,29.9,29.9,29.9,29.9,29.9,29.9,29.9,23.155702259068946,12.155702259068946,12.151928137993934
5.0,14.375,14.375,14.375,14.375,14.375,14.375,14.375,14.375,14.375,14.375,14.375,14.375,14.375,14.375,14.375,14.375,14.375,14.375,14.375,14.375,14.375,14.375,14.375,14.375,14.375,14.375,14.375,14.375,14.375,14.375,14.375,14.375,14.375,14.375,14.375,14.375,13.818203476985715,14.375,14.375,14.375,14.375,14.375,14.375,14.375,14.375,14.375,14.375,14.375
5.0,14.375,14.375,14.375,14.375,14.375,14.375,14.375,14.375,14.375,14.375,14.375,14.375,14.375,14.375,14.375,14.375,14.375,14.375,14.375,14.375,14.375,14.375,14.375,14.375,14.375,14.375,14.375,14.375,14.375,14.375,14.375,14.375,14.375,14.375,14.375,14.375,14.375,14.375,13.818203476985715,14.375,14.375,14.375,14.375,14.375,14.375,14.375,14.375,14.375
0.0,16.1,15.543203476520056,15.543203476578263,15.543203476520056,15.543203476520056,15.54320347663647,15.54320347663647,15.543203476752886,15.543203476752886,15.543203476752886,15.543203476752886,15.543203476985717,15.543203476985717,15.543203476985717,15.543203476985717,15.543203476985717,15.543203476985717,15.543203476985717,15.543203476985717,15.543203476985717,15.543203476985717,15.543203476985717,15.543203476985717,15.543203477451378,15.543203477451378,15.543203477451378,15.543203477451378,15.543203477451378,15.543203477451378,15.543203477451378,15.543203476985717,15.543203476985717,15.543203476985717,15.543203476985717,15.543203476985717,15.543203476985717,16.1,15.543203476985717,16.1,15.543203476985717,15.543203476985717,15.543203476985717,15.543203476985717,16.1,15.543203476985717,15.543203476985717,15.54320347791704,15.54320347791704
0.0,14.39320347646185,14.950000000000003,14.950000000000003,14.950000000000003,14.950000000000003,14.950000000000003,14.950000000000003,14.950000000000003,14.950000000000003,14.950000000000003,14.950000000000003,14.950000000000003,14.950000000000003,14.950000000000003,14.950000000000003,14.950000000000003,14.950000000000003,14.950000000000003,14.950000000000003,14.950000000000003,14.950000000000003,14.950000000000003,14.950000000000003,14.950000000000003,14.950000000000003,14.950000000000003,14.950000000000003,14.950000000000003,14.950000000000003,14.950000000000003,14.950000000000003,14.950000000000003,14.950000000000003,14.950000000000003,14.950000000000003,14.950000000000003,14.950000000000003,14.950000000000003,14.950000000000003,14.950000000000003,14.950000000000003,14.950000000000003,14.950000000000003,14.393203476985718,14.950000000000003,14.950000000000003,14.950000000000003,14.950000000000003
24.0,0.0,0.0,0.0,0.0,0.0,0.0,0.0,0.0,0.0,0.0,0.0,0.0,0.0,0.0,0.0,0.0,0.0,0.0,0.0,0.0,0.0,0.0,0.0,0.0,69.0,69.0,69.0,69.0,69.0,69.0,69.0,69.0,69.0,69.0,69.0,69.0,69.0,69.0,69.0,69.0,69.0,69.0,69.0,69.0,69.0,69.0,69.0,69.0
24.0,0.0,0.0,0.0,0.0,0.0,0.0,0.0,0.0,0.0,0.0,0.0,0.0,0.0,0.0,0.0,0.0,0.0,0.0,0.0,0.0,0.0,0.0,0.0,0.0,69.0,69.0,69.0,69.0,69.0,69.0,69.0,69.0,69.0,69.0,69.0,69.0,69.0,69.0,69.0,69.0,69.0,69.0,69.0,69.0,69.0,69.0,69.0,69.0
0.0,27.899640000000502,27.899640000000502,27.899640000000502,27.899640000000502,27.899640000000502,27.899640000000502,27.899640000000502,27.899640000000502,27.899640000000502,27.899640000000502,27.899640000000502,27.899640000000502,27.899640000000502,27.899640000000502,27.899640000000502,27.899640000000502,27.899640000000502,27.899640000000502,27.899640000000502,27.899640000000502,27.899640000000502,27.899640000000502,27.899640000000502,27.899640000000502,38.8996400000005,49.8996400000005,60.8996400000005,68.59860000000046,68.5986,68.5986,68.5986,68.5986,68.5986,68.5986,68.5986,68.59860000000046,68.5986,68.5986,68.5986,68.5986,68.5986,68.5986,68.5986,68.5986,68.5986,68.5986,68.5986,68.5986
150.0,0.0,0.0,0.0,0.0,0.0,0.0,0.0,0.0,0.0,0.0,0.0,0.0,0.0,0.0,0.0,0.0,0.0,0.0,0.0,0.0,0.0,0.0,0.0,0.0,0.0,0.0,0.0,0.0,0.0,0.0,0.0,0.0,0.0,0.0,0.0,0.0,0.0,0.0,0.0,0.0,0.0,0.0,0.0,0.0,0.0,0.0,0.0,0.0
150.0,0.0,0.0,0.0,0.0,0.0,0.0,0.0,0.0,0.0,0.0,0.0,0.0,0.0,0.0,0.0,0.0,0.0,0.0,0.0,0.0,0.0,0.0,0.0,0.0,0.0,0.0,0.0,0.0,0.0,0.0,0.0,0.0,0.0,0.0,0.0,0.0,0.0,0.0,0.0,0.0,0.0,0.0,0.0,0.0,0.0,0.0,0.0,0.0
150.0,100.0,0.0,0.0,0.0,0.0,0.0,0.0,0.0,0.0,0.0,0.0,0.0,0.0,0.0,0.0,0.0,0.0,0.0,0.0,0.0,0.0,0.0,0.0,0.0,0.0,0.0,0.0,0.0,0.0,0.0,0.0,0.0,0.0,0.0,0.0,0.0,0.0,0.0,0.0,0.0,0.0,0.0,0.0,0.0,0.0,0.0,0.0,0.0
0.0,0.0,0.0,0.0,0.0,0.0,0.0,0.0,0.0,0.0,0.0,0.0,0.0,0.0,0.0,0.0,0.0,0.0,0.0,0.0,0.0,0.0,0.0,0.0,0.0,0.0,0.0,0.0,0.0,0.0,0.0,0.0,0.0,0.0,0.0,0.0,0.0,0.0,0.0,0.0,0.0,0.0,0.0,0.0,0.0,0.0,0.0,0.0,0.0
0.0,0.0,0.0,0.0,0.0,0.0,0.0,0.0,0.0,0.0,0.0,0.0,0.0,0.0,0.0,0.0,0.0,0.0,0.0,0.0,0.0,0.0,0.0,0.0,0.0,0.0,0.0,0.0,0.0,0.0,0.0,0.0,0.0,0.0,0.0,0.0,0.0,0.0,0.0,0.0,0.0,0.0,0.0,0.0,0.0,0.0,0.0,0.0,0.0
0.0,0.0,0.0,0.0,0.0,0.0,0.0,0.0,0.0,0.0,0.0,0.0,0.0,0.0,0.0,0.0,0.0,0.0,0.0,0.0,0.0,0.0,0.0,0.0,0.0,0.0,65.6,65.6,65.6,65.6,65.6,115.6,115.6,85.60606521637737,65.6,115.6,115.6,0.0,0.0,0.0,0.0,0.0,0.0,0.0,0.0,0.0,0.0,0.0,0.0
0.0,0.0,0.0,0.0,0.0,0.0,0.0,0.0,0.0,0.0,0.0,0.0,0.0,0.0,0.0,0.0,0.0,0.0,0.0,0.0,0.0,0.0,0.0,0.0,0.0,0.0,0.0,0.0,0.0,0.0,0.0,0.0,0.0,0.0,0.0,0.0,0.0,0.0,0.0,0.0,0.0,0.0,0.0,0.0,0.0,0.0,0.0,0.0,0.0
0.0,0.0,0.0,0.0,0.0,0.0,0.0,0.0,0.0,0.0,0.0,0.0,0.0,0.0,0.0,0.0,0.0,0.0,0.0,0.0,0.0,0.0,0.0,0.0,0.0,0.0,0.0,0.0,0.0,0.0,0.0,0.0,0.0,0.0,0.0,0.0,0.0,0.0,0.0,0.0,0.0,0.0,0.0,0.0,0.0,0.0,0.0,0.0,0.0
20.0,0.0,0.0,0.0,0.0,0.0,0.0,0.0,0.0,0.0,0.0,0.0,0.0,0.0,0.0,0.0,0.0,0.0,0.0,0.0,0.0,0.0,0.0,0.0,0.0,0.0,0.0,0.0,0.0,0.0,0.0,0.0,0.0,0.0,0.0,0.0,0.0,0.0,0.0,0.0,0.0,0.0,0.0,0.0,0.0,0.0,0.0,0.0,0.0
20.0,35.0,30.2,0.0,0.0,0.0,0.0,0.0,0.0,0.0,0.0,0.0,0.0,0.0,0.0,0.0,0.0,0.0,0.0,0.0,0.0,0.0,0.0,0.0,0.0,0.0,0.0,0.0,0.0,0.0,0.0,0.0,0.0,0.0,0.0,0.0,0.0,0.0,0.0,0.0,0.0,0.0,0.0,0.0,0.0,0.0,0.0,0.0,0.0
40.0,0.0,0.0,0.0,0.0,0.0,0.0,0.0,0.0,0.0,0.0,0.0,0.0,0.0,0.0,0.0,0.0,0.0,0.0,0.0,0.0,0.0,0.0,0.0,0.0,0.0,0.0,0.0,0.0,0.0,0.0,0.0,0.0,0.0,0.0,0.0,0.0,0.0,0.0,0.0,0.0,0.0,0.0,0.0,0.0,0.0,0.0,0.0,0.0
40.0,0.0,0.0,0.0,0.0,0.0,0.0,0.0,0.0,0.0,0.0,0.0,0.0,0.0,0.0,0.0,0.0,0.0,0.0,0.0,0.0,0.0,0.0,0.0,0.0,0.0,0.0,0.0,0.0,0.0,0.0,0.0,0.0,0.0,0.0,0.0,0.0,0.0,0.0,0.0,0.0,0.0,0.0,0.0,0.0,0.0,0.0,0.0,0.0
50.0,0.0,0.0,0.0,0.0,0.0,0.0,0.0,0.0,0.0,0.0,0.0,0.0,0.0,0.0,0.0,0.0,0.0,0.0,0.0,0.0,0.0,0.0,0.0,0.0,0.0,0.0,0.0,0.0,0.0,0.0,0.0,0.0,0.0,0.0,0.0,0.0,0.0,0.0,0.0,0.0,0.0,0.0,0.0,0.0,0.0,0.0,0.0,0.0
50.0,0.0,0.0,0.0,0.0,0.0,0.0,0.0,0.0,0.0,0.0,0.0,0.0,0.0,0.0,0.0,0.0,0.0,0.0,0.0,0.0,0.0,0.0,0.0,0.0,0.0,0.0,0.0,0.0,0.0,0.0,0.0,0.0,0.0,0.0,0.0,0.0,0.0,0.0,0.0,0.0,0.0,0.0,0.0,0.0,0.0,0.0,0.0,0.0
50.0,0.0,0.0,0.0,0.0,0.0,0.0,0.0,0.0,0.0,0.0,0.0,0.0,0.0,0.0,0.0,0.0,0.0,0.0,0.0,0.0,0.0,0.0,0.0,0.0,0.0,0.0,0.0,0.0,0.0,0.0,0.0,0.0,0.0,0.0,0.0,0.0,0.0,0.0,0.0,0.0,0.0,0.0,0.0,0.0,0.0,0.0,0.0,0.0
50.0,0.0,0.0,0.0,0.0,0.0,0.0,0.0,0.0,0.0,0.0,0.0,0.0,0.0,0.0,0.0,0.0,0.0,0.0,0.0,0.0,0.0,0.0,0.0,0.0,0.0,0.0,0.0,0.0,0.0,0.0,0.0,0.0,0.0,0.0,0.0,0.0,0.0,0.0,0.0,0.0,0.0,0.0,0.0,0.0,0.0,0.0,0.0,0.0
0.0,0.0,0.0,0.0,0.0,0.0,0.0,0.0,0.0,0.0,0.0,0.0,0.0,0.0,0.0,0.0,0.0,0.0,0.0,0.0,0.0,0.0,0.0,0.0,0.0,0.0,0.0,0.0,0.0,0.0,0.0,0.0,0.0,0.0,0.0,0.0,0.0,0.0,0.0,0.0,0.0,0.0,0.0,0.0,0.0,0.0,0.0,0.0,0.0
0.0,0.0,0.0,0.0,0.0,0.0,0.0,0.0,0.0,0.0,0.0,0.0,0.0,0.0,0.0,0.0,0.0,0.0,0.0,0.0,0.0,0.0,0.0,0.0,0.0,0.0,0.0,0.0,0.0,0.0,0.0,0.0,0.0,0.0,0.0,0.0,0.0,0.0,0.0,0.0,0.0,0.0,0.0,0.0,0.0,0.0,0.0,0.0,0.0
150.0,134.60078107763482,123.00078107763503,123.00078107763503,161.00078107763503,0.0,0.0,0.0,0.0,0.0,0.0,0.0,0.0,0.0,0.0,0.0,0.0,0.0,0.0,0.0,0.0,0.0,0.0,0.0,0.0,0.0,0.0,0.0,0.0,0.0,0.0,0.0,0.0,0.0,0.0,0.0,0.0,0.0,0.0,0.0,0.0,0.0,0.0,0.0,0.0,0.0,0.0,0.0,0.0
150.0,200.00000000000017,211.6,211.6,211.6,0.0,0.0,0.0,0.0,0.0,0.0,0.0,0.0,0.0,0.0,0.0,0.0,0.0,0.0,0.0,0.0,0.0,0.0,0.0,0.0,0.0,0.0,0.0,0.0,0.0,0.0,0.0,0.0,0.0,0.0,0.0,0.0,0.0,0.0,0.0,0.0,0.0,0.0,0.0,0.0,0.0,0.0,0.0,0.0
150.0,161.6,161.6,161.6,123.6,73.6,73.6,0.0,0.0,0.0,0.0,0.0,0.0,0.0,0.0,0.0,0.0,0.0,0.0,0.0,0.0,0.0,0.0,0.0,0.0,0.0,0.0,0.0,0.0,0.0,0.0,0.0,0.0,0.0,0.0,0.0,0.0,0.0,0.0,0.0,0.0,0.0,0.0,0.0,0.0,0.0,0.0,0.0,0.0
0.0,0.0,0.0,0.0,0.0,0.0,0.0,0.0,0.0,0.0,0.0,0.0,0.0,0.0,0.0,0.0,0.0,0.0,0.0,0.0,0.0,0.0,0.0,0.0,0.0,0.0,0.0,0.0,0.0,0.0,0.0,0.0,0.0,0.0,0.0,0.0,0.0,0.0,0.0,0.0,0.0,0.0,0.0,0.0,0.0,0.0,0.0,0.0,0.0
0.0,0.0,0.0,0.0,0.0,0.0,0.0,0.0,0.0,0.0,0.0,0.0,0.0,0.0,0.0,0.0,0.0,0.0,0.0,0.0,0.0,0.0,0.0,0.0,0.0,0.0,0.0,0.0,0.0,0.0,0.0,0.0,0.0,0.0,0.0,0.0,0.0,0.0,0.0,0.0,0.0,0.0,0.0,0.0,0.0,0.0,0.0,0.0,0.0
0.0,0.0,0.0,0.0,0.0,0.0,0.0,0.0,0.0,0.0,0.0,0.0,0.0,0.0,0.0,0.0,0.0,0.0,0.0,0.0,0.0,0.0,0.0,0.0,0.0,0.0,0.0,0.0,0.0,0.0,0.0,0.0,0.0,0.0,0.0,0.0,0.0,0.0,0.0,0.0,0.0,0.0,0.0,0.0,0.0,0.0,0.0,0.0,0.0
100.0,42.4,42.4,42.4,42.4,42.4,42.4,42.4,42.4,0.0,0.0,0.0,0.0,0.0,0.0,0.0,0.0,0.0,0.0,0.0,0.0,0.0,0.0,0.0,0.0,0.0,0.0,0.0,0.0,0.0,0.0,0.0,0.0,0.0,0.0,0.0,0.0,0.0,0.0,0.0,0.0,0.0,0.0,0.0,0.0,0.0,0.0,0.0,0.0
100.0,42.4,42.4,42.4,42.4,81.50181900819842,81.50181900819842,81.50181900819842,81.50181900819842,0.0,0.0,0.0,0.0,0.0,0.0,0.0,0.0,0.0,0.0,0.0,0.0,0.0,0.0,0.0,0.0,0.0,0.0,0.0,0.0,0.0,0.0,0.0,0.0,0.0,0.0,0.0,0.0,0.0,0.0,0.0,0.0,0.0,0.0,0.0,0.0,0.0,0.0,0.0,0.0
100.0,82.60837400634179,82.60837400631473,82.60837400631473,82.60837400631473,121.9,121.9,121.9,121.9,0.0,0.0,0.0,0.0,0.0,0.0,0.0,0.0,0.0,0.0,0.0,0.0,0.0,0.0,0.0,0.0,0.0,0.0,0.0,0.0,0.0,0.0,0.0,0.0,0.0,0.0,0.0,0.0,0.0,0.0,0.0,0.0,0.0,0.0,0.0,0.0,0.0,0.0,0.0,0.0
0.0,121.9,121.9,121.9,121.9,121.9,121.9,121.9,121.9,56.06240600401676,56.06240600401676,0.0,0.0,0.0,0.0,0.0,0.0,0.0,0.0,0.0,0.0,0.0,0.0,0.0,0.0,0.0,0.0,0.0,0.0,0.0,0.0,0.0,0.0,0.0,0.0,0.0,0.0,0.0,0.0,0.0,0.0,0.0,0.0,0.0,0.0,0.0,0.0,0.0,0.0
38.0,16.8,16.8,16.8,16.8,16.8,16.8,16.8,16.8,16.8,16.8,16.8,16.8,16.8,16.8,16.8,16.8,0.0,0.0,0.0,0.0,0.0,0.0,0.0,0.0,0.0,0.0,0.0,0.0,0.0,0.0,0.0,0.0,0.0,0.0,0.0,0.0,0.0,0.0,0.0,0.0,0.0,0.0,0.0,0.0,0.0,0.0,0.0,0.0
38.0,16.8,16.8,16.8,16.8,16.8,16.8,16.8,16.8,16.8,16.8,16.8,16.8,16.8,16.8,16.8,16.8,16.8,16.8,0.0,0.0,0.0,0.0,0.0,0.0,0.0,0.0,0.0,0.0,0.0,0.0,0.0,0.0,0.0,0.0,0.0,0.0,0.0,0.0,0.0,0.0,0.0,0.0,0.0,0.0,0.0,0.0,0.0,0.0
38.0,16.8,16.8,16.8,16.8,16.8,16.8,16.8,16.8,16.8,16.8,16.8,16.8,16.8,16.8,16.8,16.8,24.238579963401733,24.238579963401733,22.26187669787903,22.26187669787903,0.0,0.0,0.0,0.0,0.0,0.0,0.0,0.0,0.0,0.0,0.0,0.0,0.0,0.0,0.0,0.0,0.0,0.0,0.0,0.0,0.0,0.0,0.0,0.0,0.0,0.0,0.0,0.0
0.0,35.25167868754184,35.251678687530756,35.251678687530756,35.251678687530756,35.251678687530756,35.251678687530756,35.251678687530756,35.251678687530756,35.251678687530756,35.251678687530756,16.8,16.8,16.8,16.8,38.938579963401736,38.938579963401736,48.3,48.3,0.0,0.0,0.0,0.0,0.0,0.0,0.0,0.0,0.0,0.0,0.0,0.0,0.0,0.0,0.0,0.0,0.0,0.0,0.0,0.0,0.0,0.0,0.0,0.0,0.0,0.0,0.0,0.0,0.0,0.0
0.0,48.3,48.3,48.3,48.3,48.3,48.3,48.3,48.3,48.3,48.3,41.250611529429776,41.2506115294284,41.2506115294284,41.2506115294284,48.3,48.3,48.3,48.3,0.0,0.0,0.0,0.0,0.0,0.0,0.0,0.0,0.0,0.0,0.0,0.0,0.0,0.0,0.0,0.0,0.0,0.0,0.0,0.0,0.0,0.0,0.0,0.0,0.0,0.0,0.0,0.0,0.0,0.0
95.0,38.0,38.0,38.0,38.0,38.0,38.0,38.0,38.0,38.0,38.0,38.0,0.0,0.0,0.0,0.0,0.0,0.0,0.0,0.0,0.0,0.0,0.0,0.0,0.0,0.0,0.0,0.0,0.0,0.0,0.0,0.0,0.0,0.0,0.0,0.0,0.0,0.0,0.0,0.0,0.0,0.0,0.0,0.0,0.0,0.0,0.0,0.0,0.0
95.0,42.24992522798544,62.34473056250809,42.249925227920215,42.249925227920215,108.741625831415,108.74162583141282,108.74162583141282,108.74162583141282,108.74162583141282,108.74162583141282,108.74162583141282,75.49162583141282,38.0,75.49162583141282,105.16911531434798,105.16911531434573,105.16911531434573,105.16911531434573,81.50210927966472,109.25,38.0,109.25,41.19399992496124,41.19399992496124,0.0,0.0,0.0,0.0,0.0,0.0,0.0,0.0,0.0,0.0,0.0,0.0,0.0,0.0,0.0,0.0,0.0,0.0,0.0,0.0,0.0,0.0,0.0,0.0
95.0,38.0,38.0,38.0,38.0,38.0,38.0,38.0,38.0,38.0,38.0,38.0,38.0,75.49162583141282,38.0,38.00000000000014,38.00000000284953,38.0,38.0,38.00000000564481,38.0,81.50210927966472,38.0,0.0,0.0,0.0,0.0,0.0,0.0,0.0,0.0,0.0,0.0,0.0,0.0,0.0,0.0,0.0,0.0,0.0,0.0,0.0,0.0,0.0,0.0,0.0,0.0,0.0,0.0
0.0,109.25,89.15519466541213,109.25,109.25,38.0,38.0,38.0,38.0,38.000000001305864,38.0,38.0,109.25,109.25,109.25,38.0,38.0,38.0000000041216,38.0,109.25,81.50210927966472,109.25,81.50210927966472,0.0,0.0,0.0,0.0,0.0,0.0,0.0,0.0,0.0,0.0,0.0,0.0,0.0,0.0,0.0,0.0,0.0,0.0,0.0,0.0,0.0,0.0,0.0,0.0,0.0,0.0
80.0,42.29300268444446,42.29300268444446,42.29300268444446,94.3,94.3,67.56355746492562,94.3,94.3,42.29300268444446,42.29300268444446,75.09300268444447,75.09300268444447,41.06685935280959,41.06685935279667,41.06685935279667,94.3,37.64624176921542,37.64624176921383,94.3,37.64624176921383,37.64624176921383,94.3,66.34624177325664,66.34624177511928,66.34624177698193,32.8,36.460846038812505,32.8,36.460846038810885,36.460846038810885,70.6670218748152,70.6670218748152,41.96702187481522,74.76702187481523,35.13835204930892,35.13835204930892,0.0,0.0,0.0,0.0,0.0,0.0,0.0,0.0,0.0,0.0,0.0,0.0
80.0,32.8,32.8,32.8,32.8,32.8,32.8,32.8,32.8,32.800000000000004,32.8,32.8,32.8,94.3,32.8,32.8,32.8,32.80000000295021,32.8,32.8000000040434,32.8,32.8,32.8,32.8,32.8,32.8,32.8,32.8,32.8,32.8,32.8,32.8,32.8,32.8,0.0,0.0,0.0,0.0,0.0,0.0,0.0,0.0,0.0,0.0,0.0,0.0,0.0,0.0,0.0
80.0,32.8,32.8,32.8,32.8,32.8,32.8,32.8,32.8,32.8,32.8,94.3,94.3,32.8,94.3,94.3,41.06685935532394,94.3,94.3,37.646241769213844,94.3,94.3,37.646241769213844,32.8,32.8,32.8,32.8,32.8,32.8,32.8,32.8,32.8,32.8,0.0,0.0,0.0,0.0,0.0,0.0,0.0,0.0,0.0,0.0,0.0,0.0,0.0,0.0,0.0,0.0
80.0,94.3,94.3,94.3,42.29300268444446,42.29300268444446,69.02944521951883,42.29300268444446,42.29300268444446,94.3,94.3,0.0,0.0,0.0,0.0,0.0,0.0,0.0,0.0,0.0,0.0,0.0,0.0,32.79999999595721,32.79999999409456,32.79999999223192,66.34624176921383,32.8,36.460846038810885,32.8,32.8,32.8,32.8,94.3,94.3,0.0,0.0,0.0,0.0,0.0,0.0,0.0,0.0,0.0,0.0,0.0,0.0,0.0,0.0
16.48,16.480000000008395,0.0,0.0,0.0,0.0,0.0,0.0,0.0,0.0,0.0,0.0,0.0,0.0,0.0,0.0,0.0,0.0,0.0,0.0,0.0,0.0,0.0,0.0,0.0,0.0,0.0,0.0,0.0,0.0,0.0,0.0,0.0,0.0,0.0,0.0,0.0,0.0,0.0,0.0,0.0,0.0,0.0,0.0,0.0,0.0,0.0,0.0,0.0
0.0,0.0,0.0,0.0,0.0,0.0,0.0,0.0,0.0,0.0,0.0,0.0,0.0,0.0,0.0,0.0,0.0,0.0,0.0,0.0,0.0,0.0,0.0,0.0,0.0,0.0,0.0,0.0,0.0,0.0,0.0,0.0,0.0,0.0,0.0,0.0,0.0,0.0,0.0,0.0,0.0,0.0,0.0,0.0,0.0,0.0,0.0,0.0,0.0
10.88,20.002656965297668,20.002656965297668,20.002656965297668,20.002656965297668,20.002656965297668,20.002656965297668,20.002656965297668,20.002656965297668,20.002656965297668,20.002656965297668,20.002656965297668,20.002656965297668,20.002656965297668,20.002656965297668,20.002656965297668,20.002656965297668,21.28,21.28,30.88265696529767,30.88265696529767,30.88265696529767,30.88265696529767,30.88265696529767,30.88265696529767,21.937167894871425,20.808725400041425,20.808725400041425,20.808725400041425,0.0,0.0,0.0,0.0,0.0,0.0,0.0,0.0,0.0,0.0,20.880000000000003,10.88,10.88,10.88,10.88,10.88,10.88,10.88,10.88,10.88
10.88,10.88,10.88,10.88,10.88,10.88,10.88,0.0,0.0,0.0,0.0,0.0,0.0,0.0,0.0,0.0,0.0,0.0,0.0,0.0,0.0,0.0,0.0,0.0,0.0,0.0,0.0,0.0,0.0,0.0,0.0,0.0,0.0,0.0,0.0,0.0,0.0,0.0,0.0,0.0,0.0,0.0,0.0,0.0,0.0,0.0,0.0,0.0,0.0
0.0,0.0,0.0,0.0,0.0,0.0,0.0,0.0,0.0,0.0,0.0,0.0,0.0,0.0,0.0,0.0,0.0,0.0,0.0,0.0,0.0,0.0,0.0,0.0,0.0,0.0,0.0,0.0,0.0,0.0,0.0,0.0,0.0,0.0,0.0,0.0,0.0,0.0,0.0,0.0,0.0,0.0,0.0,0.0,0.0,0.0,0.0,0.0,0.0
0.0,0.0,0.0,0.0,0.0,0.0,0.0,10.88,10.88,10.880000000000003,10.88,10.88,10.88,10.88,10.88,10.880000000000003,10.880000000000003,0.0,0.0,0.0,0.0,0.0,0.0,0.0,0.0,0.0,0.0,0.0,0.0,0.0,0.0,0.0,0.0,0.0,0.0,0.0,0.0,0.0,0.0,0.0,0.0,0.0,0.0,0.0,0.0,0.0,0.0,0.0,0.0
6.4,11.40230610738294,11.402306107382842,0.0,0.0,0.0,0.0,0.0,0.0,0.0,0.0,0.0,0.0,9.390134441374144,9.390134441374144,9.390134441374144,9.390134441374144,9.390134441374144,9.390134441374144,9.390134441374144,9.390134441374144,9.390134441374144,9.390134441374144,9.390134441374144,9.390134441374144,0.0,0.0,0.0,0.0,0.0,0.0,0.0,0.0,0.0,0.0,0.0,0.0,0.0,0.0,0.0,0.0,0.0,0.0,0.0,0.0,0.0,0.0,0.0,0.0
0.0,0.0,0.0,11.402306107382842,11.402306107382842,11.402306107382842,11.402306107382842,9.390134441374144,9.390134441374144,9.390134441374144,9.390134441374144,9.390134441374144,9.390134441374144,0.0,0.0,0.0,0.0,0.0,0.0,0.0,0.0,0.0,0.0,0.0,0.0,9.390134441374144,9.390134441374144,9.390134441374144,9.390134441374144,9.390134441374144,9.390134441374144,6.734943189463241,6.4,6.4,6.4,0.0,0.0,0.0,0.0,0.0,0.0,0.0,0.0,0.0,0.0,0.0,0.0,0.0,0.0
150.0,0.0,0.0,0.0,0.0,0.0,0.0,0.0,0.0,0.0,0.0,0.0,0.0,0.0,0.0,0.0,0.0,0.0,0.0,0.0,0.0,0.0,0.0,0.0,0.0,0.0,0.0,0.0,0.0,0.0,0.0,0.0,0.0,0.0,0.0,0.0,0.0,0.0,0.0,0.0,0.0,0.0,0.0,0.0,0.0,0.0,0.0,0.0,0.0
150.0,114.4,0.0,0.0,0.0,0.0,0.0,0.0,0.0,0.0,0.0,0.0,0.0,0.0,0.0,0.0,0.0,0.0,0.0,0.0,114.4,114.4,114.4,114.4,114.4,114.4,114.4,114.4,114.4,114.4,114.4,114.4,114.4,154.4,114.4,114.4,114.4,0.0,0.0,0.0,0.0,0.0,0.0,0.0,0.0,0.0,0.0,0.0,0.0
150.0,0.0,0.0,0.0,0.0,0.0,0.0,0.0,0.0,0.0,0.0,0.0,0.0,0.0,0.0,0.0,0.0,0.0,0.0,0.0,0.0,0.0,0.0,0.0,0.0,0.0,0.0,0.0,0.0,0.0,0.0,0.0,0.0,0.0,0.0,0.0,0.0,0.0,0.0,0.0,0.0,0.0,0.0,0.0,0.0,0.0,0.0,0.0,0.0
150.0,0.0,0.0,0.0,0.0,0.0,0.0,0.0,0.0,0.0,0.0,0.0,0.0,0.0,0.0,0.0,0.0,0.0,0.0,0.0,0.0,0.0,0.0,0.0,0.0,0.0,0.0,0.0,0.0,0.0,0.0,0.0,0.0,0.0,0.0,0.0,0.0,0.0,0.0,0.0,0.0,0.0,0.0,0.0,0.0,0.0,0.0,0.0,0.0
150.0,0.0,0.0,0.0,0.0,0.0,0.0,0.0,0.0,0.0,0.0,0.0,0.0,0.0,0.0,0.0,0.0,0.0,0.0,0.0,0.0,0.0,0.0,0.0,0.0,0.0,0.0,0.0,0.0,0.0,0.0,0.0,0.0,0.0,0.0,0.0,0.0,0.0,0.0,0.0,0.0,0.0,0.0,0.0,0.0,0.0,0.0,0.0,0.0
0.0,0.0,0.0,0.0,0.0,0.0,0.0,0.0,0.0,0.0,0.0,0.0,0.0,0.0,0.0,0.0,0.0,0.0,0.0,0.0,0.0,0.0,0.0,114.4,114.4,114.4,99.14556761910072,83.38757376864223,114.4,114.4,114.4,114.4,114.4,119.34471846556767,114.4,149.4964291311059,114.4,0.0,0.0,0.0,0.0,0.0,0.0,0.0,0.0,0.0,0.0,0.0,0.0
0.0,0.0,0.0,0.0,0.0,0.0,0.0,0.0,0.0,0.0,0.0,0.0,0.0,0.0,0.0,0.0,0.0,0.0,0.0,0.0,0.0,0.0,0.0,0.0,0.0,0.0,0.0,74.4,74.4,74.4,74.4,74.4,74.4,74.4,74.4,114.4,74.4,0.0,0.0,0.0,0.0,0.0,0.0,0.0,0.0,0.0,0.0,0.0,0.0
0.0,0.0,0.0,0.0,0.0,0.0,0.0,0.0,0.0,0.0,0.0,0.0,0.0,0.0,0.0,0.0,0.0,0.0,0.0,0.0,0.0,0.0,0.0,114.4,114.4,114.4,114.4,114.4,114.4,114.4,114.4,114.4,114.4,154.4,114.4,114.4,114.4,0.0,0.0,0.0,0.0,0.0,0.0,0.0,0.0,0.0,0.0,0.0,0.0
200.0,0.0,0.0,0.0,0.0,0.0,0.0,0.0,0.0,0.0,0.0,0.0,0.0,0.0,0.0,0.0,0.0,0.0,0.0,0.0,0.0,0.0,0.0,0.0,0.0,0.0,0.0,0.0,0.0,0.0,0.0,0.0,0.0,0.0,0.0,0.0,0.0,0.0,0.0,0.0,0.0,0.0,0.0,0.0,0.0,0.0,0.0,0.0,0.0
200.0,0.0,0.0,0.0,0.0,0.0,0.0,0.0,0.0,0.0,0.0,0.0,0.0,0.0,0.0,0.0,0.0,0.0,0.0,0.0,0.0,0.0,0.0,0.0,0.0,0.0,0.0,0.0,0.0,0.0,0.0,0.0,0.0,0.0,0.0,0.0,0.0,0.0,0.0,0.0,0.0,0.0,0.0,0.0,0.0,0.0,0.0,0.0,0.0
200.0,0.0,0.0,0.0,0.0,0.0,0.0,0.0,0.0,0.0,0.0,0.0,0.0,0.0,0.0,0.0,0.0,0.0,0.0,0.0,0.0,0.0,0.0,0.0,0.0,0.0,0.0,0.0,0.0,0.0,0.0,0.0,0.0,0.0,0.0,0.0,0.0,0.0,0.0,0.0,0.0,0.0,0.0,0.0,0.0,0.0,0.0,0.0,0.0
200.0,0.0,0.0,0.0,0.0,0.0,0.0,0.0,0.0,0.0,0.0,0.0,0.0,0.0,0.0,0.0,0.0,0.0,0.0,0.0,0.0,0.0,0.0,0.0,0.0,0.0,0.0,0.0,0.0,0.0,0.0,0.0,0.0,0.0,0.0,0.0,0.0,0.0,0.0,0.0,0.0,0.0,0.0,0.0,0.0,0.0,0.0,0.0,0.0
0.0,0.0,0.0,0.0,0.0,0.0,0.0,0.0,0.0,0.0,0.0,0.0,0.0,0.0,0.0,0.0,0.0,0.0,0.0,0.0,0.0,0.0,0.0,0.0,0.0,0.0,0.0,0.0,0.0,0.0,0.0,0.0,0.0,0.0,0.0,0.0,0.0,0.0,0.0,0.0,0.0,0.0,0.0,0.0,0.0,0.0,0.0,0.0,0.0
0.0,0.0,0.0,0.0,0.0,0.0,0.0,0.0,0.0,0.0,0.0,0.0,0.0,0.0,0.0,0.0,0.0,0.0,0.0,0.0,0.0,0.0,0.0,0.0,0.0,0.0,0.0,0.0,0.0,0.0,0.0,0.0,0.0,0.0,0.0,0.0,0.0,0.0,0.0,0.0,0.0,0.0,0.0,0.0,0.0,0.0,0.0,0.0,0.0
10.52,30.245,0.0,0.0,0.0,0.0,0.0,0.0,0.0,0.0,0.0,0.0,0.0,0.0,0.0,0.0,0.0,0.0,0.0,0.0,0.0,0.0,0.0,27.867281900323842,27.866289636416223,30.245,30.245,30.245,30.245,27.86132831687814,27.86033605297052,27.8593437890629,27.858351525155282,0.0,0.0,0.0,0.0,0.0,0.0,0.0,0.0,0.0,0.0,0.0,0.0,0.0,0.0,0.0,0.0
0.0,0.0,0.0,0.0,0.0,0.0,0.0,0.0,0.0,0.0,0.0,0.0,0.0,0.0,0.0,0.0,0.0,0.0,0.0,0.0,0.0,0.0,10.52,30.245,30.245,27.865297372508604,27.864305108600984,27.86331284469337,27.86232058078576,30.245,30.245,30.245,30.245,0.0,0.0,0.0,0.0,0.0,0.0,0.0,0.0,0.0,0.0,0.0,0.0,0.0,0.0,0.0,0.0
42.52,42.519999999999996,0.0,0.0,0.0,0.0,0.0,0.0,0.0,0.0,0.0,0.0,0.0,0.0,0.0,0.0,0.0,0.0,0.0,0.0,0.0,0.0,0.0,0.0,0.0,0.0,0.0,0.0,0.0,0.0,0.0,0.0,0.0,0.0,0.0,0.0,0.0,0.0,0.0,0.0,0.0,0.0,0.0,0.0,0.0,0.0,0.0,0.0,0.0
0.0,0.0,0.0,0.0,0.0,0.0,0.0,0.0,0.0,0.0,0.0,0.0,0.0,0.0,0.0,0.0,0.0,0.0,0.0,0.0,0.0,0.0,0.0,0.0,0.0,0.0,0.0,0.0,0.0,0.0,0.0,0.0,0.0,0.0,0.0,0.0,0.0,0.0,0.0,0.0,0.0,0.0,0.0,0.0,0.0,0.0,0.0,0.0,0.0
250.0,0.0,0.0,0.0,0.0,0.0,0.0,0.0,0.0,0.0,0.0,0.0,0.0,0.0,0.0,0.0,0.0,0.0,0.0,0.0,0.0,0.0,0.0,0.0,0.0,0.0,0.0,0.0,0.0,0.0,0.0,0.0,0.0,0.0,0.0,0.0,0.0,0.0,0.0,0.0,0.0,0.0,0.0,0.0,0.0,0.0,0.0,0.0,0.0
250.0,0.0,0.0,0.0,0.0,0.0,0.0,0.0,0.0,0.0,0.0,0.0,0.0,0.0,0.0,0.0,0.0,0.0,0.0,0.0,0.0,0.0,0.0,0.0,0.0,0.0,0.0,0.0,0.0,0.0,0.0,0.0,0.0,0.0,0.0,0.0,0.0,0.0,0.0,0.0,0.0,0.0,0.0,0.0,0.0,0.0,0.0,0.0,0.0
250.0,129.99999999999983,0.0,0.0,0.0,0.0,0.0,0.0,0.0,0.0,0.0,0.0,0.0,0.0,0.0,0.0,0.0,0.0,0.0,0.0,0.0,0.0,0.0,0.0,0.0,0.0,0.0,0.0,0.0,0.0,0.0,0.0,0.0,0.0,0.0,0.0,0.0,0.0,0.0,0.0,0.0,0.0,0.0,0.0,0.0,0.0,0.0,0.0,0.0
0.0,0.0,0.0,0.0,0.0,0.0,0.0,0.0,0.0,0.0,0.0,0.0,0.0,0.0,0.0,0.0,0.0,0.0,0.0,0.0,0.0,0.0,119.2,119.2,119.2,119.2,119.2,119.2,119.2,119.2,119.2,119.2,119.2,119.2,119.2,119.2,119.2,0.0,0.0,0.0,0.0,0.0,0.0,0.0,0.0,0.0,0.0,0.0,0.0
150.0,75.5,68.0,68.0,68.0,68.0,68.0,68.0,68.0,68.0,68.0,0.0,0.0,0.0,0.0,0.0,0.0,0.0,0.0,0.0,0.0,75.5,75.5,75.5,75.5,75.5,75.5,75.5,75.5,75.5,75.5,75.5,75.5,75.5,75.5,75.5,75.5,0.0,0.0,0.0,0.0,0.0,0.0,0.0,0.0,0.0,0.0,0.0,0.0
150.0,0.0,0.0,0.0,0.0,0.0,0.0,0.0,0.0,0.0,0.0,0.0,0.0,0.0,0.0,0.0,0.0,0.0,0.0,0.0,0.0,0.0,0.0,0.0,0.0,0.0,0.0,0.0,0.0,0.0,0.0,0.0,0.0,0.0,0.0,0.0,0.0,0.0,0.0,0.0,0.0,0.0,0.0,0.0,0.0,0.0,0.0,0.0,0.0
0.0,0.0,0.0,0.0,0.0,0.0,0.0,0.0,0.0,0.0,0.0,0.0,0.0,0.0,0.0,0.0,0.0,0.0,0.0,0.0,0.0,0.0,0.0,0.0,0.0,0.0,0.0,0.0,0.0,0.0,0.0,0.0,0.0,0.0,0.0,0.0,0.0,0.0,0.0,0.0,0.0,0.0,0.0,0.0,0.0,0.0,0.0,0.0,0.0
120.0,76.4,54.39999999999999,54.70168851394489,54.39999999999999,54.39999999999999,54.399999999999984,54.39999999999999,54.399999999999984,54.39999999999999,54.4,54.39999999999999,54.39999999999999,54.39999999999999,54.39999999999999,54.39999999999999,54.39999999999999,54.39999999999999,54.39999999999999,76.4,76.4,76.4,76.4,76.4,76.4,76.4,76.4,76.4,76.4,76.4,76.4,76.4,76.4,76.4,76.4,76.4,76.4,76.4,119.73000881031692,0.0,0.0,0.0,0.0,0.0,0.0,0.0,0.0,0.0,0.0
120.0,0.0,0.0,0.0,0.0,0.0,0.0,0.0,0.0,0.0,0.0,0.0,0.0,0.0,0.0,0.0,0.0,0.0,0.0,0.0,0.0,0.0,0.0,0.0,0.0,0.0,0.0,0.0,0.0,54.39999999999998,54.39999999999998,54.39999999999998,54.39999999999998,54.39999999999998,54.400000000000006,54.39999999999998,54.39999999999999,76.4,156.4,0.0,0.0,0.0,0.0,0.0,0.0,0.0,0.0,0.0,0.0
0.0,0.0,0.0,0.0,0.0,0.0,0.0,0.0,0.0,0.0,0.0,0.0,0.0,0.0,0.0,0.0,0.0,0.0,0.0,0.0,0.0,0.0,0.0,0.0,0.0,0.0,0.0,0.0,0.0,54.39999999999998,54.39999999999998,54.39999999999998,54.39999999999998,54.39999999999998,54.39999999999998,54.39999999999998,54.39999999999998,76.40000000000006,156.4,0.0,0.0,0.0,0.0,0.0,0.0,0.0,0.0,0.0,0.0
80.0,0.0,0.0,0.0,0.0,0.0,0.0,0.0,0.0,0.0,0.0,0.0,0.0,0.0,0.0,0.0,0.0,0.0,0.0,0.0,0.0,0.0,0.0,0.0,0.0,0.0,0.0,0.0,0.0,0.0,32.0,32.0,32.0,32.0,32.0,44.064682929159744,32.0,92.0,92.0,87.10764910716003,0.0,0.0,0.0,0.0,0.0,0.0,0.0,0.0,0.0
80.0,0.0,0.0,0.0,0.0,0.0,0.0,0.0,0.0,0.0,0.0,0.0,0.0,0.0,0.0,0.0,0.0,0.0,0.0,0.0,0.0,0.0,0.0,0.0,0.0,0.0,0.0,0.0,0.0,0.0,0.0,0.0,0.0,0.0,0.0,0.0,0.0,0.0,0.0,0.0,0.0,0.0,0.0,0.0,0.0,0.0,0.0,0.0,0.0
0.0,32.0,32.0,32.0,32.0,32.0,32.0,32.0,32.0,32.0,32.0,0.0,0.0,0.0,0.0,0.0,0.0,0.0,0.0,0.0,0.0,32.0,32.0,32.0,32.0,32.0,32.0,32.0,32.0,32.0,32.0,32.0,32.0,32.0,32.0,92.0,32.0,92.0,92.0,32.0,32.0,32.0,32.0,32.0,32.0,32.0,32.0,0.0,0.0
70.0,59.527811183139505,0.0,0.0,0.0,0.0,0.0,0.0,0.0,0.0,0.0,0.0,0.0,0.0,0.0,0.0,0.0,0.0,0.0,0.0,0.0,0.0,0.0,0.0,0.0,0.0,0.0,28.0,28.0,28.0,28.0,28.0,28.0,28.0,28.0,28.0,28.0,80.5,80.5,80.5,80.5,0.0,0.0,0.0,0.0,0.0,0.0,0.0,0.0
70.0,80.5,0.0,0.0,0.0,0.0,0.0,0.0,0.0,0.0,0.0,0.0,0.0,0.0,0.0,0.0,0.0,0.0,0.0,0.0,0.0,0.0,0.0,0.0,0.0,0.0,0.0,0.0,0.0,0.0,0.0,28.0,28.0,28.0,28.0,28.0,28.0,80.5,80.5,80.5,80.5,0.0,0.0,0.0,0.0,0.0,0.0,0.0,0.0
0.0,80.5,28.0,33.70909499635148,28.0,28.0,28.0,28.0,28.0,28.0,28.0,0.0,0.0,0.0,0.0,0.0,0.0,0.0,0.0,0.0,0.0,0.0,0.0,0.0,0.0,0.0,0.0,0.0,0.0,0.0,0.0,0.0,0.0,0.0,0.0,0.0,0.0,0.0,0.0,0.0,0.0,0.0,0.0,0.0,0.0,0.0,0.0,0.0,0.0
350.0,0.0,0.0,0.0,0.0,0.0,0.0,0.0,0.0,0.0,0.0,0.0,0.0,0.0,0.0,0.0,0.0,0.0,0.0,0.0,0.0,0.0,0.0,0.0,0.0,0.0,0.0,0.0,0.0,0.0,0.0,0.0,0.0,0.0,0.0,0.0,0.0,0.0,0.0,0.0,0.0,0.0,0.0,0.0,0.0,0.0,0.0,0.0,0.0
350.0,0.0,0.0,0.0,0.0,0.0,0.0,0.0,0.0,0.0,0.0,0.0,0.0,0.0,0.0,0.0,0.0,0.0,0.0,0.0,0.0,0.0,0.0,0.0,0.0,0.0,0.0,0.0,0.0,0.0,0.0,0.0,0.0,0.0,0.0,0.0,0.0,0.0,0.0,0.0,0.0,0.0,0.0,0.0,0.0,0.0,0.0,0.0,0.0
350.0,0.0,0.0,0.0,0.0,0.0,0.0,0.0,0.0,0.0,0.0,0.0,0.0,0.0,0.0,0.0,0.0,0.0,0.0,0.0,0.0,0.0,0.0,0.0,0.0,0.0,0.0,0.0,0.0,0.0,0.0,0.0,0.0,0.0,0.0,0.0,0.0,0.0,0.0,0.0,0.0,0.0,0.0,0.0,0.0,0.0,0.0,0.0,0.0
350.0,0.0,0.0,0.0,0.0,0.0,0.0,0.0,0.0,0.0,0.0,0.0,0.0,0.0,0.0,0.0,0.0,0.0,0.0,0.0,0.0,0.0,0.0,0.0,0.0,0.0,0.0,0.0,0.0,0.0,0.0,0.0,0.0,0.0,0.0,0.0,0.0,0.0,0.0,0.0,0.0,0.0,0.0,0.0,0.0,0.0,0.0,0.0,0.0
0.0,0.0,0.0,0.0,0.0,0.0,0.0,0.0,0.0,0.0,0.0,0.0,0.0,0.0,0.0,0.0,0.0,0.0,0.0,0.0,0.0,0.0,0.0,0.0,0.0,0.0,0.0,0.0,0.0,0.0,0.0,0.0,0.0,0.0,0.0,0.0,0.0,0.0,0.0,0.0,0.0,0.0,0.0,0.0,0.0,0.0,0.0,0.0,0.0
0.0,0.0,0.0,0.0,0.0,0.0,0.0,0.0,0.0,0.0,0.0,0.0,0.0,0.0,0.0,0.0,0.0,0.0,0.0,0.0,0.0,0.0,0.0,0.0,0.0,0.0,0.0,0.0,0.0,0.0,0.0,0.0,0.0,0.0,0.0,0.0,0.0,0.0,0.0,0.0,0.0,0.0,0.0,0.0,0.0,0.0,0.0,0.0,0.0
6.8,6.8,6.8,6.8,6.8,6.8,6.8,6.8,19.55,0.0,0.0,0.0,0.0,0.0,0.0,0.0,0.0,0.0,0.0,0.0,0.0,0.0,0.0,0.0,0.0,0.0,0.0,0.0,0.0,0.0,0.0,0.0,0.0,0.0,0.0,0.0,0.0,0.0,0.0,0.0,0.0,0.0,0.0,0.0,0.0,0.0,0.0,0.0,0.0
6.8,6.8,6.8,6.8,6.8,6.8,6.8,6.8,6.8,0.0,0.0,0.0,0.0,0.0,0.0,0.0,0.0,0.0,0.0,0.0,0.0,0.0,0.0,0.0,0.0,0.0,0.0,0.0,0.0,0.0,0.0,0.0,0.0,0.0,0.0,0.0,0.0,0.0,0.0,0.0,0.0,0.0,0.0,0.0,0.0,0.0,0.0,0.0,0.0
0.0,59.93265509229573,21.6,33.932655092293594,33.932655092293594,21.6,33.932655092293594,62.1,62.1,21.599999999743886,21.6,21.599999997764826,21.6,21.6,21.599999997764826,21.6,21.6,21.6,21.6,21.6,21.6,21.6,21.6,21.6,21.6,21.6,21.6,21.6,21.6,21.6,21.6,21.6,21.6,21.6,21.6,21.6,21.6,21.6,21.6,21.6,21.6,21.6,21.6,21.6,21.6,21.6,21.6,21.6,21.6
0.0,0.0,0.0,0.0,0.0,0.0,0.0,0.0,0.0,0.0,0.0,0.0,0.0,0.0,0.0,0.0,0.0,0.0,0.0,0.0,0.0,0.0,0.0,0.0,0.0,0.0,0.0,0.0,0.0,0.0,0.0,0.0,0.0,0.0,0.0,0.0,0.0,0.0,0.0,0.0,0.0,0.0,0.0,0.0,0.0,0.0,0.0,0.0,0.0
21.6,21.6,33.93265509229357,21.6,21.6,33.93265509229357,21.6,27.032655092293595,21.6,0.0,0.0,0.0,0.0,0.0,0.0,0.0,0.0,0.0,0.0,0.0,0.0,0.0,0.0,0.0,0.0,0.0,0.0,0.0,0.0,0.0,0.0,0.0,0.0,0.0,0.0,0.0,0.0,0.0,0.0,0.0,0.0,0.0,0.0,0.0,0.0,0.0,0.0,0.0,0.0
33.6,33.6,33.6,33.6,33.6,33.6,33.6,0.0,0.0,0.0,0.0,0.0,0.0,0.0,0.0,0.0,0.0,0.0,0.0,0.0,0.0,0.0,0.0,0.0,0.0,0.0,0.0,0.0,0.0,0.0,0.0,0.0,0.0,0.0,0.0,0.0,0.0,0.0,0.0,0.0,0.0,0.0,0.0,0.0,0.0,0.0,0.0,0.0,0.0
33.6,83.60000000000005,96.6,96.6,96.6,96.6,96.6,96.6,89.28265509229361,0.0,0.0,0.0,0.0,0.0,0.0,0.0,0.0,0.0,0.0,0.0,0.0,0.0,0.0,0.0,0.0,0.0,0.0,0.0,0.0,0.0,0.0,0.0,0.0,0.0,0.0,0.0,0.0,0.0,0.0,0.0,0.0,0.0,0.0,0.0,0.0,0.0,0.0,0.0,0.0
33.6,83.60000000000005,96.6,96.6,96.6,96.6,96.6,96.6,96.6,0.0,0.0,0.0,0.0,0.0,0.0,0.0,0.0,0.0,0.0,0.0,0.0,0.0,0.0,0.0,0.0,0.0,0.0,0.0,0.0,0.0,0.0,0.0,0.0,0.0,0.0,0.0,0.0,0.0,0.0,0.0,0.0,0.0,0.0,0.0,0.0,0.0,0.0,0.0,0.0
0.0,0.0,0.0,0.0,0.0,0.0,0.0,0.0,0.0,0.0,0.0,0.0,0.0,0.0,0.0,0.0,0.0,0.0,0.0,0.0,0.0,0.0,0.0,0.0,0.0,0.0,0.0,0.0,0.0,0.0,0.0,0.0,0.0,0.0,0.0,0.0,0.0,0.0,0.0,0.0,0.0,0.0,0.0,0.0,0.0,0.0,0.0,0.0,0.0
0.0,0.0,0.0,0.0,0.0,0.0,0.0,0.0,0.0,0.0,0.0,0.0,0.0,0.0,0.0,0.0,0.0,0.0,0.0,0.0,0.0,0.0,0.0,0.0,0.0,0.0,0.0,0.0,0.0,0.0,0.0,0.0,0.0,0.0,0.0,0.0,0.0,0.0,0.0,0.0,0.0,0.0,0.0,0.0,0.0,0.0,0.0,0.0,0.0
270.0,0.0,0.0,0.0,0.0,0.0,0.0,0.0,0.0,0.0,0.0,0.0,0.0,0.0,0.0,0.0,0.0,0.0,0.0,0.0,0.0,0.0,0.0,0.0,0.0,0.0,0.0,0.0,0.0,0.0,0.0,0.0,0.0,0.0,0.0,0.0,0.0,0.0,0.0,0.0,0.0,0.0,0.0,0.0,0.0,0.0,0.0,0.0,0.0
270.0,0.0,0.0,0.0,0.0,0.0,0.0,0.0,0.0,0.0,0.0,0.0,0.0,0.0,0.0,0.0,0.0,0.0,0.0,0.0,0.0,0.0,0.0,0.0,0.0,0.0,0.0,0.0,0.0,0.0,0.0,0.0,0.0,0.0,0.0,0.0,0.0,0.0,0.0,0.0,0.0,0.0,0.0,0.0,0.0,0.0,0.0,0.0,0.0
270.0,0.0,0.0,0.0,0.0,0.0,0.0,0.0,0.0,0.0,0.0,0.0,0.0,0.0,0.0,0.0,0.0,0.0,0.0,0.0,0.0,0.0,0.0,0.0,0.0,0.0,0.0,0.0,0.0,0.0,0.0,0.0,0.0,0.0,0.0,0.0,0.0,0.0,0.0,0.0,0.0,0.0,0.0,0.0,0.0,0.0,0.0,0.0,0.0
270.0,0.0,0.0,0.0,0.0,0.0,0.0,0.0,0.0,0.0,0.0,0.0,0.0,0.0,0.0,0.0,0.0,0.0,0.0,0.0,0.0,0.0,0.0,0.0,0.0,0.0,0.0,0.0,0.0,0.0,0.0,0.0,0.0,0.0,0.0,0.0,0.0,0.0,0.0,0.0,0.0,0.0,0.0,0.0,0.0,0.0,0.0,0.0,0.0
270.0,0.0,0.0,0.0,0.0,0.0,0.0,0.0,0.0,0.0,0.0,0.0,0.0,0.0,0.0,0.0,0.0,0.0,0.0,0.0,0.0,0.0,0.0,0.0,0.0,0.0,0.0,0.0,0.0,0.0,0.0,0.0,0.0,0.0,0.0,0.0,0.0,0.0,0.0,0.0,0.0,0.0,0.0,0.0,0.0,0.0,0.0,0.0,0.0
270.0,0.0,0.0,0.0,0.0,0.0,0.0,0.0,0.0,0.0,0.0,0.0,0.0,0.0,0.0,0.0,0.0,0.0,0.0,0.0,0.0,0.0,0.0,0.0,0.0,0.0,0.0,0.0,0.0,0.0,0.0,0.0,0.0,0.0,0.0,0.0,0.0,0.0,0.0,0.0,0.0,0.0,0.0,0.0,0.0,0.0,0.0,0.0,0.0
170.0,202.4,202.4,202.4,202.4,202.4,202.4,202.4,202.4,202.0004647754049,201.49909272186915,200.9977206683334,200.49634861479763,199.97896852251688,199.44558039149206,198.9121922604677,198.37880412944332,197.84541599841896,197.3120278673946,196.77863973637022,196.24525160534586,195.7118634743215,195.17847534329712,194.64508721227276,194.1116990812484,202.4,202.4,202.4,202.4,202.4,202.4,190.3779821640769,189.84459403305254,189.31120590202818,202.4,202.4,187.71104150895508,202.4,202.4,202.4,202.4,202.4,202.4,202.4,202.4,202.4,202.4,202.4,202.4
170.0,202.4,202.4,202.4,202.4,202.4,202.4,202.4,202.4,202.4,202.4,202.4,202.4,202.4,202.4,202.4,202.4,202.4,202.4,202.4,202.4,202.4,202.4,202.4,202.4,202.4,202.4,202.4,202.4,202.4,202.4,202.4,202.4,202.4,202.4,202.4,202.4,202.4,202.4,202.4,202.4,202.4,202.4,202.4,202.4,202.4,202.4,202.4,202.4
170.0,202.4,202.4,202.4,202.4,202.4,202.4,202.4,202.4,202.4,202.4,202.4,202.4,202.4,202.4,202.4,202.4,202.4,202.4,202.4,202.4,202.4,202.4,202.4,202.4,202.4,202.4,202.4,202.4,202.4,202.4,202.4,202.4,202.4,202.4,202.4,202.4,202.4,202.4,202.4,202.4,202.4,202.4,202.4,202.4,202.4,202.4,202.4,202.4
170.0,202.4,202.4,202.4,202.4,202.4,202.4,202.4,202.4,202.4,202.4,202.4,202.4,202.4,202.4,202.4,202.4,202.4,202.4,202.4,202.4,202.4,202.4,202.4,202.4,202.4,202.4,202.4,202.4,202.4,202.4,202.4,202.4,202.4,202.4,202.4,202.4,202.4,202.4,202.4,202.4,202.4,202.4,202.4,202.4,202.4,202.4,202.4,202.4
170.0,195.5,195.5,195.5,195.5,195.5,195.5,195.5,195.5,195.5,195.5,195.5,195.5,195.5,195.5,195.5,195.5,195.5,195.5,195.5,195.5,195.5,195.5,195.5,195.5,195.5,195.5,195.5,195.5,195.5,195.5,195.5,195.5,195.5,195.5,195.5,195.5,195.5,195.5,195.5,195.5,195.5,195.5,195.5,195.5,195.5,195.5,195.5,195.5
170.0,195.5,195.5,195.5,195.5,195.5,195.5,195.5,195.5,195.5,195.5,195.5,195.5,195.5,195.5,195.5,195.5,195.5,195.5,195.5,195.5,195.5,195.5,195.5,195.5,195.5,195.5,195.5,195.5,195.5,195.5,195.5,195.5,195.5,195.5,195.5,195.5,195.5,195.5,195.5,195.5,195.5,195.5,195.5,195.5,195.5,195.5,195.5,195.5
170.0,195.5,195.5,195.5,195.5,195.5,195.5,195.5,195.5,195.5,195.5,195.5,195.5,195.5,195.5,195.5,195.5,195.5,195.5,195.5,195.5,195.5,195.5,195.5,195.5,195.5,195.5,195.5,195.5,195.5,195.5,195.5,195.5,195.5,195.5,195.5,195.5,195.5,195.5,195.5,195.5,195.5,195.5,195.5,195.5,195.5,195.5,195.5,195.5
170.0,195.5,195.5,195.5,195.5,195.5,195.5,195.5,195.5,195.5,195.5,195.5,195.5,195.5,195.5,195.5,195.5,195.5,195.5,195.5,195.5,195.5,195.5,195.5,195.5,195.5,195.5,195.5,195.5,195.5,195.5,195.5,195.5,195.5,195.5,195.5,195.5,195.5,195.5,195.5,195.5,195.5,195.5,195.5,195.5,195.5,195.5,195.5,195.5
170.0,195.5,195.5,195.5,195.5,195.5,195.5,195.5,195.5,195.5,195.5,195.5,195.5,195.5,195.5,195.5,195.5,195.5,195.5,195.5,195.5,195.5,195.5,195.5,195.5,195.5,195.5,195.5,195.5,195.5,195.5,195.5,195.5,195.5,195.5,195.5,195.5,195.5,195.5,195.5,195.5,195.5,195.5,195.5,195.5,195.5,195.5,195.5,195.5
170.0,191.80771378932832,195.5,195.5,195.5,195.5,195.5,195.5,195.5,195.5,195.5,195.5,195.5,195.5,195.5,195.5,195.5,195.5,195.5,195.5,195.5,195.5,195.5,195.5,195.5,195.5,195.5,195.5,195.5,195.5,195.5,195.5,195.5,195.5,195.5,195.5,195.5,195.5,195.5,195.5,195.5,195.5,195.5,195.5,195.5,195.5,195.5,195.5,195.5
170.0,195.5,195.5,195.5,195.5,195.5,195.5,195.5,195.5,195.5,195.5,195.5,195.5,195.5,195.5,195.5,195.5,195.5,195.5,195.5,195.5,195.5,195.5,195.5,195.5,195.5,195.5,195.5,195.5,195.5,195.5,195.5,195.5,195.5,195.5,195.5,195.5,195.5,195.5,195.5,195.5,195.5,195.5,195.5,195.5,195.5,195.5,195.5,195.5
170.0,135.5,195.5,195.5,195.5,195.5,195.5,195.5,195.5,195.5,195.5,195.5,195.5,195.5,195.5,195.5,195.5,195.5,195.5,195.5,195.5,195.5,195.5,195.5,195.5,150.67831095022393,146.53338813102437,195.5,145.4719817688019,130.8122500936666,137.69519613230915,195.5,195.5,195.5,195.5,195.5,195.5,195.5,195.5,195.5,195.5,195.5,195.5,195.5,195.5,195.5,195.5,195.5,195.5
170.0,135.5,128.0,128.0,128.0,128.0,128.0,128.0,128.0,128.0,128.0,128.0,128.0,128.0,128.0,128.0,128.0,128.0,128.0,128.0,128.0,128.0,128.0,128.0,128.0,135.5,128.0,128.0,128.0,135.5,135.5,128.0,128.0,128.0,135.5,128.0,128.0,135.5,135.5,135.5,135.5,135.5,135.5,135.5,135.5,135.5,135.5,135.5,135.5
170.0,135.5,128.0,128.0,128.0,128.0,128.0,128.0,128.0,128.0,128.0,128.0,128.0,128.0,128.0,128.0,128.0,128.0,128.0,128.0,128.0,128.0,128.0,128.0,128.0,135.5,128.0,128.0,135.5,135.5,135.5,128.0,128.0,128.0,135.5,128.0,128.0,135.5,135.5,135.5,135.5,135.5,135.5,135.5,135.5,135.5,135.5,135.5,135.5
170.0,195.5,195.5,195.5,195.5,195.5,195.5,195.5,195.5,195.5,195.5,195.5,195.5,195.5,195.5,195.5,195.5,195.5,195.5,195.5,195.5,195.5,195.5,195.5,195.5,195.5,195.5,195.5,195.5,195.5,195.5,195.5,195.5,195.5,145.87781777100372,181.34442963997935,195.5,195.5,195.5,195.5,195.5,195.5,195.5,195.5,195.5,195.5,195.5,195.5,195.5
170.0,140.1,132.71006915015505,132.2086970966193,131.70732504308353,131.20595298954777,130.704580936012,130.20320888247625,129.7018368289405,129.6,129.6,129.6,129.6,129.6,129.6,129.6,129.6,129.6,129.6,129.6,129.6,129.6,129.6,129.6,129.6,140.1,129.6,140.1,140.1,129.6,140.1,129.6,129.6,129.6,140.1,129.6,129.6,140.1,140.1,140.1,140.1,140.1,140.1,140.1,140.1,140.1,140.1,140.1,140.1
170.0,200.1,200.1,200.1,200.1,200.1,200.1,200.1,200.1,200.1,200.1,200.1,200.1,200.1,200.1,200.1,200.1,200.1,200.1,200.1,200.1,200.1,200.1,200.1,200.1,200.1,200.1,200.1,200.1,200.1,200.1,200.1,200.1,200.1,200.1,200.1,200.1,200.1,200.1,200.1,200.1,200.1,200.1,200.1,200.1,200.1,200.1,200.1,200.1
170.0,140.1,129.6,129.6,129.6,129.6,129.6,129.6,129.6,129.6,129.6,129.6,129.6,129.6,129.6,129.6,129.6,129.6,129.6,129.6,129.6,129.6,129.6,129.6,129.6,140.1,169.2115346881751,109.2115346881751,151.20616478834884,168.33250833245933,150.41617416279195,129.6,129.6,129.6,140.1,129.6,129.6,140.1,140.1,140.1,140.1,140.1,140.1,140.1,140.1,140.1,140.1,140.1,140.1
170.0,200.1,200.1,200.1,200.1,200.1,200.1,200.1,200.1,200.1,200.1,200.1,200.1,200.1,200.1,200.1,200.1,200.1,200.1,200.1,200.1,200.1,200.1,200.1,200.1,200.1,200.1,200.1,200.1,200.1,200.1,200.1,200.1,200.1,200.1,200.1,200.1,200.1,200.1,200.1,200.1,200.1,200.1,200.1,200.1,200.1,200.1,200.1,200.1
0.0,200.1,200.1,200.1,200.1,200.1,200.1,200.1,200.1,200.1,200.1,200.1,200.1,200.1,200.1,200.1,200.1,200.1,200.1,200.1,200.1,200.1,200.1,200.1,200.1,200.1,200.1,200.1,200.1,200.1,200.1,200.1,200.1,200.1,200.1,200.1,200.1,148.87765337793053,148.34426524690616,147.8108771158818,147.27748898485743,146.74410085383306,146.2107127228087,145.67732459178433,145.14393646075996,144.6105483297356,144.07716019871123,143.54377206768686,143.0103839366625
14.0,0.0,0.0,0.0,0.0,0.0,0.0,0.0,0.0,0.0,0.0,0.0,0.0,0.0,0.0,0.0,0.0,0.0,0.0,0.0,0.0,0.0,0.0,0.0,0.0,0.0,0.0,0.0,0.0,0.0,0.0,0.0,0.0,0.0,0.0,0.0,0.0,0.0,0.0,0.0,0.0,0.0,0.0,0.0,0.0,0.0,0.0,0.0,0.0
14.0,0.0,0.0,0.0,0.0,0.0,0.0,0.0,0.0,0.0,0.0,0.0,0.0,0.0,0.0,0.0,0.0,0.0,0.0,0.0,0.0,0.0,0.0,0.0,0.0,0.0,0.0,0.0,0.0,0.0,0.0,0.0,0.0,0.0,0.0,0.0,0.0,0.0,0.0,0.0,0.0,0.0,0.0,0.0,0.0,0.0,0.0,0.0,0.0
14.0,0.0,0.0,0.0,0.0,0.0,0.0,0.0,0.0,0.0,0.0,0.0,0.0,0.0,0.0,0.0,0.0,0.0,0.0,0.0,0.0,0.0,0.0,0.0,0.0,0.0,0.0,0.0,0.0,0.0,0.0,0.0,0.0,0.0,0.0,0.0,0.0,0.0,0.0,0.0,0.0,0.0,0.0,0.0,0.0,0.0,0.0,0.0,0.0
14.0,0.0,0.0,0.0,0.0,0.0,0.0,0.0,0.0,0.0,0.0,0.0,0.0,0.0,0.0,0.0,0.0,0.0,0.0,0.0,0.0,0.0,0.0,0.0,0.0,0.0,0.0,0.0,0.0,0.0,0.0,0.0,0.0,0.0,0.0,0.0,0.0,0.0,0.0,0.0,0.0,0.0,0.0,0.0,0.0,0.0,0.0,0.0,0.0
19.2,32.719043418712914,52.719043418712914,55.2,55.2,55.2,55.2,52.719043418712914,52.719043418712914,52.71904341873175,55.2,55.2,52.719043418712914,55.2,55.2,55.2,55.2,55.2,55.2,55.2,55.2,55.2,55.2,55.2,55.2,0.0,0.0,0.0,0.0,0.0,0.0,0.0,0.0,0.0,0.0,0.0,0.0,0.0,0.0,0.0,0.0,0.0,0.0,0.0,0.0,0.0,0.0,0.0,0.0
19.2,39.20000000000003,39.2,36.719043418712914,36.719043418712914,36.719043418712914,36.719043418712914,39.2,39.2,39.2,36.719043418712914,36.719043418712914,39.2,36.719043418712914,36.719043418712914,36.719043418712914,36.719043418712914,36.719043418712914,36.719043418712914,36.719043418712914,36.719043418712914,36.719043418712914,36.719043418712914,36.719043418712914,36.719043418712914,0.0,0.0,0.0,0.0,0.0,0.0,0.0,0.0,0.0,0.0,0.0,0.0,0.0,0.0,0.0,0.0,0.0,0.0,0.0,0.0,0.0,0.0,0.0,0.0
19.2,20.000000000019384,0.0,0.0,0.0,0.0,0.0,0.0,0.0,0.0,0.0,0.0,0.0,0.0,0.0,0.0,0.0,0.0,0.0,0.0,0.0,0.0,0.0,0.0,0.0,0.0,0.0,0.0,0.0,0.0,0.0,0.0,0.0,0.0,0.0,0.0,0.0,0.0,0.0,0.0,0.0,0.0,0.0,0.0,0.0,0.0,0.0,0.0,0.0
17.52,17.52,17.52,17.52,17.52,17.52,17.52,17.52,17.52,17.520000000024503,17.52,50.370000000000005,17.52,38.10197619910356,17.52,17.52,17.52000000035943,17.520000000696456,17.52,17.520000001147864,17.52,17.52,17.52,50.370000000000005,50.370000000000005,38.10197619904169,17.52,50.370000000000005,17.52,17.52,17.52,50.370000000000005,17.52,17.52,17.52,17.52,50.370000000000005,0.0,0.0,0.0,0.0,0.0,0.0,0.0,0.0,0.0,0.0,0.0,0.0
17.52,33.9516828570075,50.370000000000005,50.370000000000005,33.9516828570075,33.9516828570075,33.9516828570075,50.370000000000005,50.370000000000005,50.370000000000005,50.370000000000005,17.52,50.370000000000005,50.370000000000005,38.101976199102054,38.101976199041694,50.370000000000005,50.370000000000005,50.370000000000005,50.370000000000005,50.370000000000005,38.10197619904169,38.10197619904169,38.10197619904169,17.52,50.370000000000005,38.10197619904169,17.52,50.370000000000005,50.370000000000005,50.370000000000005,17.52,38.10197619904169,50.370000000000005,38.10197619904169,50.370000000000005,38.10197619904169,0.0,0.0,0.0,0.0,0.0,0.0,0.0,0.0,0.0,0.0,0.0,0.0
17.52,50.370000000000005,33.9516828570075,33.9516828570075,50.370000000000005,50.370000000000005,50.370000000000005,33.9516828570075,33.9516828570075,33.9516828570075,33.9516828570075,33.9516828570075,33.9516828570075,17.52,50.370000000000005,50.36999999999999,38.101976199102054,38.101976199102054,38.10197619904169,38.10197619904169,38.10197619904169,50.370000000000005,50.370000000000005,17.52,38.10197619904169,17.52,50.370000000000005,38.10197619904169,38.10197619904169,38.10197619904169,38.10197619904169,38.10197619904169,50.370000000000005,38.10197619904169,50.370000000000005,38.10197619904169,17.52,21.362025494127796,21.362025494045945,21.362025492620557,21.36202549425762,21.36202549425762,21.36202549425762,21.36202549425762,21.36202549425762,21.36202549425762,21.36202549425762,21.36202549425762,21.36202549425762
35.2,0.0,0.0,0.0,0.0,0.0,0.0,0.0,0.0,0.0,0.0,0.0,0.0,0.0,0.0,0.0,0.0,0.0,0.0,0.0,0.0,0.0,0.0,0.0,0.0,0.0,0.0,0.0,0.0,0.0,0.0,0.0,0.0,0.0,0.0,0.0,0.0,0.0,0.0,0.0,0.0,0.0,0.0,0.0,0.0,0.0,0.0,0.0,0.0
35.2,0.0,0.0,0.0,0.0,0.0,0.0,0.0,0.0,0.0,0.0,0.0,0.0,0.0,0.0,0.0,0.0,0.0,0.0,0.0,0.0,0.0,0.0,0.0,0.0,0.0,0.0,0.0,0.0,0.0,0.0,0.0,0.0,0.0,0.0,0.0,0.0,0.0,0.0,0.0,0.0,0.0,0.0,0.0,0.0,0.0,0.0,0.0,0.0
35.2,0.0,0.0,0.0,0.0,0.0,0.0,0.0,0.0,0.0,0.0,0.0,0.0,0.0,0.0,0.0,0.0,0.0,0.0,0.0,0.0,0.0,0.0,0.0,0.0,0.0,0.0,0.0,0.0,0.0,0.0,0.0,0.0,0.0,0.0,0.0,0.0,0.0,0.0,0.0,0.0,0.0,0.0,0.0,0.0,0.0,0.0,0.0,0.0
46.32,46.32,46.32,46.32,46.32,46.32,46.32,46.32,46.32,46.320000000234415,46.32,46.32,46.32,0.0,0.0,0.0,0.0,0.0,0.0,0.0,0.0,0.0,0.0,0.0,0.0,0.0,0.0,0.0,0.0,0.0,0.0,0.0,0.0,0.0,0.0,0.0,0.0,0.0,0.0,0.0,0.0,0.0,0.0,0.0,0.0,0.0,0.0,0.0,0.0
46.32,46.32,46.32,46.32,46.32,46.32,46.32,46.32,46.32,46.32,46.32,46.32,46.32,0.0,0.0,0.0,0.0,0.0,0.0,0.0,0.0,0.0,0.0,0.0,0.0,0.0,0.0,0.0,0.0,0.0,0.0,0.0,0.0,0.0,0.0,0.0,0.0,0.0,0.0,0.0,0.0,0.0,0.0,0.0,0.0,0.0,0.0,0.0,0.0
46.32,121.88387368715496,121.88387368715496,121.88387368715496,121.88387368715496,121.88387368715496,121.88387368715496,121.88387368715496,121.88387368715496,121.88387368715496,121.88387368715496,121.88387368715496,121.88387368715496,0.0,0.0,0.0,0.0,0.0,0.0,0.0,0.0,0.0,0.0,0.0,0.0,0.0,0.0,0.0,0.0,0.0,0.0,0.0,0.0,0.0,0.0,0.0,0.0,0.0,0.0,0.0,0.0,0.0,0.0,0.0,0.0,0.0,0.0,0.0,0.0
64.6,185.725,121.66231398655887,121.66231398655884,121.66231398655887,185.725,185.725,185.725,185.725,135.79387891166783,185.725,137.0621277479586,121.66231398655887,121.66231398655884,121.66231398655884,121.66231398655884,121.66231398655884,121.66231398655884,132.4360294627019,121.66231398655884,121.66231398655884,121.66231398655884,121.66231398655884,121.66231398655884,121.66231398655884,121.66231398655884,121.66231398655884,121.66231398655884,121.66231398655884,121.66231398655884,121.66231398655884,185.725,185.725,121.66231398655884,121.66231398655884,185.725,121.66231398655884,185.725,185.725,185.725,185.725,185.725,185.725,185.725,185.725,185.725,185.725,185.725,185.725
64.6,132.3518797447815,185.725,185.725,185.725,185.725,121.66231398655884,121.66231398655884,121.66231398655884,171.59343507489103,121.66231398655884,170.32518623860025,185.725,185.725,185.725,185.725,185.725,185.725,174.95128452385697,185.725,185.725,185.725,185.725,185.725,185.725,185.725,185.725,185.725,185.725,185.725,185.725,121.66231398655884,121.66231398655884,185.725,185.725,121.66231398655884,185.725,121.66231398655884,121.66231398655884,121.66231398655884,121.66231398655884,121.66231398655884,121.66231398655884,121.66231398655884,121.66231398655884,121.66231398655884,121.66231398655884,121.66231398655884,121.66231398655884
64.6,185.725,185.725,185.725,185.725,185.725,185.725,185.725,185.725,185.725,185.725,185.725,185.725,185.725,185.725,185.725,185.725,185.725,185.725,185.725,185.725,185.725,185.725,185.725,185.725,185.725,185.725,185.725,185.725,185.725,185.725,185.725,185.725,185.725,185.725,185.725,185.725,185.725,185.725,185.725,185.725,185.725,185.725,185.725,185.725,185.725,185.725,185.725,185.725
0.0,185.725,185.725,185.725,185.725,185.725,185.725,185.725,185.725,185.725,185.725,185.725,185.725,185.725,185.725,185.725,185.725,185.725,185.725,185.725,185.725,185.725,185.725,185.725,185.725,185.725,185.725,185.725,185.725,185.725,185.725,185.725,185.725,185.725,185.725,185.725,185.725,185.725,185.725,185.725,185.725,185.725,185.725,185.725,185.725,185.725,185.725,185.725,185.725
0.0,185.725,185.725,185.725,185.725,121.66231398655884,185.725,185.725,185.725,185.725,185.725,185.725,185.725,185.725,185.725,185.725,185.725,185.725,185.725,185.725,185.725,185.725,185.725,185.725,185.725,185.725,185.725,185.725,185.725,185.725,185.725,185.725,185.725,185.725,185.725,185.725,185.725,185.725,185.725,185.725,185.725,185.725,185.725,185.725,185.725,185.725,185.725,185.725,185.725
100.0,63.83303570812177,63.83303570812177,63.83303570812177,63.83303570812177,63.83303570812177,103.83303570812177,127.42000000000002,127.42000000000002,127.42000000000002,127.42000000000002,127.42000000000002,127.42000000000002,127.42000000000002,127.42000000000002,127.42000000000002,127.42000000000002,127.42000000000002,127.42000000000002,127.42000000000002,127.42000000000002,127.42000000000002,127.42000000000002,103.83303570812177,0.0,0.0,0.0,0.0,0.0,0.0,0.0,0.0,0.0,0.0,127.42000000000002,127.42000000000002,127.42000000000002,127.42000000000002,127.42000000000002,127.42000000000002,127.42000000000002,127.42000000000002,127.42000000000002,127.42000000000002,127.42000000000002,87.42,127.42000000000002,127.42000000000002,127.42000000000002
100.0,127.42000000000002,127.42000000000002,127.42000000000002,127.42000000000002,127.42000000000002,127.42000000000002,127.42000000000002,127.42000000000002,127.42000000000002,127.42000000000002,127.42000000000002,127.42000000000002,127.42000000000002,127.42000000000002,127.42000000000002,127.42000000000002,127.42000000000002,127.42000000000002,127.42000000000002,127.42000000000002,127.42000000000002,127.42000000000002,127.42000000000002,127.42000000000002,127.42000000000002,127.42000000000002,127.42000000000002,127.42000000000002,127.42000000000002,87.42000000000002,127.42000000000002,127.42000000000002,127.42000000000002,127.42000000000002,127.42000000000002,127.42000000000002,127.42000000000002,127.42000000000002,127.42000000000002,127.42000000000002,127.42000000000002,127.42000000000002,127.42000000000002,127.42000000000002,127.42000000000002,127.42000000000002,127.42000000000002,127.42000000000002
100.0,127.42000000000002,127.42000000000002,127.42000000000002,127.42000000000002,127.42000000000002,127.42000000000002,127.42000000000002,127.42000000000002,127.42000000000002,127.42000000000002,127.42000000000002,127.42000000000002,127.42000000000002,127.42000000000002,127.42000000000002,127.42000000000002,127.42000000000002,127.42000000000002,127.42000000000002,127.42000000000002,127.42000000000002,127.42000000000002,127.42000000000002,127.42000000000002,127.42000000000002,127.42000000000002,127.42000000000002,127.42000000000002,127.42000000000002,127.42000000000002,127.42000000000002,127.42000000000002,127.42000000000002,127.42000000000002,127.42000000000002,127.42000000000002,127.42000000000002,127.42000000000002,127.42000000000002,127.42000000000002,127.42000000000002,127.42000000000002,127.42000000000002,127.42000000000002,127.42000000000002,127.42000000000002,127.42000000000002,127.42000000000002
100.0,127.42000000000002,127.42000000000002,127.42000000000002,127.42000000000002,127.42000000000002,127.42000000000002,127.42000000000002,127.42000000000002,127.42000000000002,127.42000000000002,127.42000000000002,127.42000000000002,127.42000000000002,127.42000000000002,127.42000000000002,127.42000000000002,127.42000000000002,127.42000000000002,127.42000000000002,127.42000000000002,127.42000000000002,127.42000000000002,127.42000000000002,127.42000000000002,127.42000000000002,127.42000000000002,127.42000000000002,127.42000000000002,127.42000000000002,127.42000000000002,103.83303570812177,63.83303570812177,87.42000000000002,127.42000000000002,127.42000000000002,127.42000000000002,127.42000000000002,127.42000000000002,127.42000000000002,127.42000000000002,127.42000000000002,127.42000000000002,127.42000000000002,127.42000000000002,127.42000000000002,127.42000000000002,127.42000000000002,127.42000000000002
100.0,127.42000000000002,127.42000000000002,127.42000000000002,127.42000000000002,127.42000000000002,127.42000000000002,127.42000000000002,127.42000000000002,127.42000000000002,127.42000000000002,127.42000000000002,127.42000000000002,127.42000000000002,127.42000000000002,127.42000000000002,127.42000000000002,127.42000000000002,127.42000000000002,127.42000000000002,127.42000000000002,127.42000000000002,127.42000000000002,127.42000000000002,127.42000000000002,127.42000000000002,127.42000000000002,127.42000000000002,127.42000000000002,127.42000000000002,127.42000000000002,127.42000000000002,127.42000000000002,127.42000000000002,127.42000000000002,127.42000000000002,127.42000000000002,127.42000000000002,127.42000000000002,127.42000000000002,127.42000000000002,127.42000000000002,127.42000000000002,127.42000000000002,127.42000000000002,127.42000000000002,127.42000000000002,127.42000000000002,127.42000000000002
100.0,127.42000000000002,127.42000000000002,127.42000000000002,127.42000000000002,127.42000000000002,127.42000000000002,127.42000000000002,87.42000000000002,127.42000000000002,127.42000000000002,127.42000000000002,127.42000000000002,127.42000000000002,127.42000000000002,127.42000000000002,127.42000000000002,127.42000000000002,127.42000000000002,127.42000000000002,127.42000000000002,127.42000000000002,127.42000000000002,127.42000000000002,127.42000000000002,127.42000000000002,127.42000000000002,127.42000000000002,127.42000000000002,127.42000000000002,127.42000000000002,127.42000000000002,127.42000000000002,127.42000000000002,127.42000000000002,127.42000000000002,127.42000000000002,127.42000000000002,127.42000000000002,127.42000000000002,127.42000000000002,127.42000000000002,127.42000000000002,127.42000000000002,127.42000000000002,127.42000000000002,127.42000000000002,127.42000000000002,127.42000000000002
100.0,127.42000000000002,127.42000000000002,127.42000000000002,127.42000000000002,127.42000000000002,127.42000000000002,127.42000000000002,127.42000000000002,127.42000000000002,127.42000000000002,127.42000000000002,127.42000000000002,127.42000000000002,127.42000000000002,127.42000000000002,127.42000000000002,127.42000000000002,127.42000000000002,127.42000000000002,127.42000000000002,127.42000000000002,127.42000000000002,127.42000000000002,127.42000000000002,127.42000000000002,127.42000000000002,127.42000000000002,127.42000000000002,127.42000000000002,127.42000000000002,127.42000000000002,127.42000000000002,127.42000000000002,127.42000000000002,127.42000000000002,127.42000000000002,127.42000000000002,127.42000000000002,127.42000000000002,127.42000000000002,127.42000000000002,127.42000000000002,127.42000000000002,127.42000000000002,127.42000000000002,127.42000000000002,127.42000000000002,127.42000000000002
100.0,127.42000000000002,127.42000000000002,127.42000000000002,127.42000000000002,127.42000000000002,127.42000000000002,127.42000000000002,127.42000000000002,127.42000000000002,127.42000000000002,127.42000000000002,127.42000000000002,127.42000000000002,127.42000000000002,127.42000000000002,127.42000000000002,127.42000000000002,127.42000000000002,127.42000000000002,127.42000000000002,127.42000000000002,127.42000000000002,127.42000000000002,127.42000000000002,127.42000000000002,127.42000000000002,127.42000000000002,127.42000000000002,127.42000000000002,127.42000000000002,127.42000000000002,127.42000000000002,127.42000000000002,127.42000000000002,127.42000000000002,127.42000000000002,127.42000000000002,127.42000000000002,127.42000000000002,127.42000000000002,127.42000000000002,127.42000000000002,127.42000000000002,127.42000000000002,127.42000000000002,127.42000000000002,127.42000000000002,127.42000000000002
100.0,127.42000000000002,127.42000000000002,127.42000000000002,127.42000000000002,127.42000000000002,127.42000000000002,127.42000000000002,127.42000000000002,127.42000000000002,127.42000000000002,127.42000000000002,127.42000000000002,127.42000000000002,127.42000000000002,127.42000000000002,127.42000000000002,127.42000000000002,127.42000000000002,127.42000000000002,127.42000000000002,127.42000000000002,127.42000000000002,127.42000000000002,127.42000000000002,127.42000000000002,127.42000000000002,127.42000000000002,127.42000000000002,127.42000000000002,127.42000000000002,127.42000000000002,127.42000000000002,127.42000000000002,127.42000000000002,127.42000000000002,127.42000000000002,127.42000000000002,127.41999999999999,127.42000000000002,127.42000000000002,127.42000000000002,127.42000000000002,127.42000000000002,127.42000000000002,127.42000000000002,127.41999999999999,127.42000000000002,87.42
100.0,127.42000000000002,127.42000000000002,127.42000000000002,127.42000000000002,127.42000000000002,127.42000000000002,127.42000000000002,127.42000000000002,127.42000000000002,127.42000000000002,127.42000000000002,127.42000000000002,127.42000000000002,127.42000000000002,127.42000000000002,127.42000000000002,127.42000000000002,127.42000000000002,127.42000000000002,127.42000000000002,127.42000000000002,127.42000000000002,127.42000000000002,127.42000000000002,127.42000000000002,127.42000000000002,127.42000000000002,127.42000000000002,127.42000000000002,127.42000000000002,127.42000000000002,127.42000000000002,127.42000000000002,127.42000000000002,127.42000000000002,127.42000000000002,127.42000000000002,127.42000000000002,127.42000000000002,127.42000000000002,127.42000000000002,127.42000000000002,127.42000000000002,127.42000000000002,127.42000000000002,127.42000000000002,127.42000000000002,127.42000000000002
100.0,127.42000000000002,127.42000000000002,127.42000000000002,127.42000000000002,127.42000000000002,127.42000000000002,127.42000000000002,127.42000000000002,127.42000000000002,127.42000000000002,127.42000000000002,127.42000000000002,127.42000000000002,127.42000000000002,127.42000000000002,127.42000000000002,127.42000000000002,127.42000000000002,127.42000000000002,127.42000000000002,127.42000000000002,127.42000000000002,127.42000000000002,127.42000000000002,127.42000000000002,127.42000000000002,127.42000000000002,127.42000000000002,127.42000000000002,127.42000000000002,127.42000000000002,127.42000000000002,127.42000000000002,127.42000000000002,127.42000000000002,127.42000000000002,127.42000000000002,127.42000000000002,127.42000000000002,127.42000000000002,127.42000000000002,127.42000000000002,127.42000000000002,127.42000000000002,127.42000000000002,127.42000000000002,127.42000000000002,127.42000000000002
100.0,127.42000000000002,127.42000000000002,127.42000000000002,127.42000000000002,127.42000000000002,127.42000000000002,127.42000000000002,127.42000000000002,127.42000000000002,127.42000000000002,127.42000000000002,127.42000000000002,127.42000000000002,127.42000000000002,127.42000000000002,127.42000000000002,127.42000000000002,127.42000000000002,127.42000000000002,127.42000000000002,127.42000000000002,127.42000000000002,127.42000000000002,127.42000000000002,127.42000000000002,127.42000000000002,127.42000000000002,127.42000000000002,127.42000000000002,127.42000000000002,127.42000000000002,127.42000000000002,127.42000000000002,127.42000000000002,127.42000000000002,127.42000000000002,127.42000000000002,127.42000000000002,127.42000000000002,127.42000000000002,127.42000000000002,87.42000000000002,127.42000000000002,127.42000000000002,127.42000000000002,127.42000000000002,127.42000000000002,127.42000000000002
100.0,0.0,0.0,0.0,0.0,0.0,0.0,0.0,0.0,0.0,0.0,0.0,0.0,0.0,0.0,0.0,0.0,0.0,0.0,0.0,0.0,0.0,0.0,0.0,0.0,0.0,0.0,0.0,0.0,63.83303570812177,103.83303570812177,127.42000000000002,127.42000000000002,103.83303570812177,63.83303570812177,63.83303570812177,63.83303570812177,63.83303570812177,63.833035708121784,63.83303570812177,63.83303570812177,63.83303570812177,103.83303570812177,63.83303570812177,0.0,0.0,0.0,0.0,0.0
100.0,127.42000000000002,127.42000000000002,127.42000000000002,127.42000000000002,127.42000000000002,87.42000000000002,63.83303570812177,103.83303570812177,63.833035708122,63.83303570812177,63.83303570812177,63.83303570812177,0.0,0.0,0.0,0.0,0.0,0.0,0.0,0.0,0.0,0.0,87.42000000000002,127.42000000000002,127.42000000000002,127.42000000000002,127.42000000000002,127.42000000000002,127.42000000000002,127.42000000000002,87.42000000000002,127.42000000000002,127.42000000000002,0.0,0.0,0.0,0.0,0.0,0.0,0.0,0.0,0.0,0.0,63.83303570812177,103.83303570812178,63.833035708121784,63.83303570812177,103.83303570812177
100.0,60.0,62.06908559787712,62.06908559787712,64.56908559787712,62.06908559787712,62.06908559787712,62.06908559787712,62.06908559787712,62.06908559787712,62.06908559787712,62.06908559787712,62.06908559787712,64.56908559787712,44.0,64.56908559787712,64.56908559787712,62.06908559787712,62.06908559787712,62.06908559787712,62.06908559787712,64.56908559787712,62.06908559787712,62.06908559787712,64.56908559787712,64.56908559787712,62.06908559787712,62.06908559787712,62.06908559787712,62.06908559787712,62.06908559787712,62.06908559787712,62.06908559787712,62.06908559787712,64.56908559787712,62.06908559787712,64.56908559787712,62.06908559787712,62.06908559787712,62.06908559787712,62.06908559787712,64.56908559787712,62.06908559787712,62.06908559787712,62.06908559787712,62.06908559787712,84.0,44.0,84.0
100.0,60.0,44.0,44.0,44.0,44.0,44.0,44.0,44.0,44.0,44.0,44.0,44.0,44.0,62.06908559787712,44.0,44.0,44.0,44.0,44.0,44.0,44.0,44.0,44.0,44.0,44.0,44.0,44.0,44.0,44.0,44.0,44.0,44.0,44.0,44.0,44.0,44.0,44.0,44.0,44.0,44.0,44.0,44.0,44.0,44.0,44.0,44.0,44.0,84.0
100.0,60.0,44.0,44.0,44.0,44.0,44.0,44.0,44.0,44.0,44.0,44.0,44.0,44.0,44.0,44.0,44.00000000077671,44.0,44.0,44.00000000077671,44.0,44.0,44.0,44.0,44.0,44.0,44.0,44.0,44.0,44.0,44.0,44.0,44.0,44.0,44.0,44.0,44.0,44.0,44.0,44.0,44.0,44.0,44.0,44.0,44.0,44.0,44.0,44.0,66.06908559787712
100.0,60.0,44.0,44.0,44.0,44.0,44.0,44.0,44.0,44.00000000077671,44.0,44.0,44.0,44.0,44.0,44.0,44.0,44.00000000077671,44.0,44.0,44.0,44.0,44.0,44.0,44.0,44.0,44.0,44.0,44.0,44.0,44.0,44.0,44.0,44.0,44.0,44.0,44.0,44.0,44.0,44.0,44.0,44.0,44.0,44.0,44.0,44.0,44.0,44.0,44.0
100.0,84.0,86.5,86.5,84.0,86.5,86.5,86.5,86.5,86.5,86.5,86.5,86.5,84.0,86.5,84.0,84.0,86.5,86.5,86.5,86.5,84.0,86.5,86.5,84.0,84.0,86.5,86.5,86.5,86.5,86.5,86.5,86.5,86.5,84.0,86.5,84.0,86.5,86.5,86.5,86.5,84.0,86.5,86.5,86.5,86.5,84.0,86.5,86.5
100.0,60.0,44.0,44.0,44.0,44.0,44.0,44.0,44.0,44.0,44.0,44.0,44.0,44.0,44.0,44.0,44.0,44.0,44.0,44.0,44.0,44.0,44.0,44.0,44.0,44.0,44.0,44.0,44.0,44.0,44.0,44.0,44.0,44.0,44.0,44.0,44.0,44.0,44.0,44.0,44.0,44.0,44.0,44.0,44.0,44.0,44.0,62.06908559787712,0.0
100.0,86.5,126.5,126.5,126.5,126.5,126.5,126.5,126.5,126.5,126.5,126.5,126.5,126.5,126.5,126.5,126.5,126.5,126.5,126.5,126.5,126.5,126.5,126.5,126.5,126.5,126.5,126.5,126.5,126.5,126.5,126.5,126.5,126.5,126.5,126.5,126.5,126.5,126.5,126.5,126.5,126.5,126.5,126.5,126.5,126.5,126.5,126.5,126.5
100.0,112.06908559791782,126.5,126.5,126.5,126.5,126.5,126.5,126.5,126.5,126.5,126.5,126.5,126.5,126.5,126.5,126.5,126.5,126.5,126.5,126.5,126.5,126.5,126.5,126.5,126.5,126.5,126.5,126.5,126.5,126.5,126.5,126.5,126.5,126.5,126.5,126.5,126.5,126.5,126.5,126.5,126.5,126.5,126.5,126.5,126.5,107.06908559787712,126.5,86.5
100.0,126.5,126.5,126.5,126.5,126.5,126.5,126.5,126.5,126.5,126.5,126.5,126.5,126.5,126.5,126.5,126.5,126.5,126.5,126.5,126.5,126.5,126.5,126.5,126.5,126.5,126.5,126.5,126.5,126.5,126.5,126.5,126.5,126.5,126.5,126.5,126.5,126.5,126.5,126.5,126.5,126.5,126.5,126.5,126.5,126.5,126.5,126.5,126.5
100.0,126.5,126.5,126.5,126.5,126.5,126.5,126.5,126.5,126.5,126.5,126.5,126.5,126.5,126.5,126.5,126.5,126.5,126.5,126.5,126.5,126.5,126.5,126.5,126.5,126.5,126.5,126.5,126.5,126.5,126.5,126.5,126.5,126.5,126.5,126.5,126.5,126.5,126.5,126.5,126.5,126.5,126.5,126.5,126.5,126.5,126.5,126.5,126.5
100.0,84.0,86.5,86.5,86.5,86.5,86.5,86.5,86.5,86.5,86.5,86.5,86.5,86.5,86.5,86.5,86.5,86.5,86.5,86.5,86.5,86.5,86.5,86.5,86.5,86.5,86.5,86.5,86.5,86.5,86.5,86.5,86.5,86.5,86.5,86.5,86.5,86.5,86.5,86.5,86.5,86.5,86.5,86.5,86.5,86.5,86.5,86.5,86.5
100.0,126.5,126.5,126.5,126.5,126.5,126.5,126.5,126.5,126.5,126.5,126.5,126.5,126.5,126.5,126.5,126.5,126.5,126.5,126.5,126.5,126.5,126.5,126.5,126.5,126.5,126.5,126.5,126.5,126.5,126.5,126.5,126.5,126.5,126.5,126.5,126.5,126.5,126.5,126.5,126.5,126.5,126.5,126.5,126.5,126.5,126.5,126.5,126.5
100.0,126.5,126.5,126.5,126.5,126.5,126.5,126.5,126.5,126.5,126.5,126.5,126.5,126.5,126.5,126.5,126.5,126.5,126.5,126.5,126.5,126.5,126.5,126.5,126.5,126.5,126.5,126.5,126.5,126.5,126.5,126.5,126.5,126.5,126.5,126.5,126.5,126.5,126.5,126.5,126.5,126.5,126.5,126.5,126.5,126.5,126.5,126.5,126.5
100.0,84.0,86.5,86.5,86.5,86.5,86.5,86.5,86.5,86.5,86.5,86.5,86.5,86.5,86.5,86.5,86.5,86.5,86.5,86.5,86.5,86.5,86.5,86.5,86.5,86.5,86.5,86.5,86.5,86.5,86.5,86.5,86.5,86.5,86.5,86.5,86.5,86.5,86.5,86.5,86.5,86.5,86.5,86.5,86.5,86.5,86.5,86.5,86.5
20.2,20.199999999999996,0.0,0.0,0.0,0.0,0.0,0.0,0.0,0.0,0.0,0.0,0.0,0.0,0.0,0.0,0.0,0.0,0.0,0.0,20.199999999999996,20.199999999999996,58.075,54.955520643479986,54.95553461544843,54.955548587415066,58.075,54.95557653135329,58.075,54.95560447529036,58.075,58.075,58.075,58.075,54.95567433513287,58.075,58.075,54.95571625104235,56.52834822036169,0.0,0.0,0.0,0.0,0.0,0.0,0.0,0.0,0.0,0.0
0.0,0.0,0.0,0.0,0.0,0.0,0.0,0.0,0.0,0.0,0.0,0.0,0.0,0.0,0.0,0.0,0.0,0.0,0.0,0.0,0.0,0.0,0.0,58.075,58.075,58.075,54.955562559383935,58.075,54.95559050331913,58.075,54.95561844726174,54.955632419226035,54.95564639119475,54.955660363165435,58.075,54.95568830710086,54.955702279069754,58.075,58.075,0.0,0.0,0.0,0.0,0.0,0.0,0.0,0.0,0.0,0.0
16.0,46.0,46.0,16.138998449880184,0.0,0.0,0.0,0.0,0.0,0.0,0.0,0.0,0.0,0.0,0.0,0.0,0.0,0.0,0.0,0.0,0.0,0.0,16.11584884211602,16.114784813046434,44.464666173166684,46.0,37.927734440630076,46.0,46.0,37.927734440630076,37.927734440630076,37.927734440630076,46.0,37.927734440630076,37.927734440630076,37.927734440630076,46.0,46.0,37.927734440630076,46.0,37.927734440630076,0.0,0.0,0.0,0.0,0.0,0.0,0.0,0.0
0.0,0.0,0.0,0.0,0.0,0.0,0.0,0.0,0.0,0.0,0.0,0.0,0.0,0.0,0.0,0.0,0.0,0.0,0.0,0.0,0.0,0.0,0.0,0.0,0.0,37.927734440630076,46.0,37.927734440630076,37.927734440630076,46.0,46.0,46.0,37.927734440630076,46.0,46.0,46.0,37.927734440630076,37.927734440630076,46.0,37.927734440630076,46.0,0.0,0.0,0.0,0.0,0.0,0.0,0.0,0.0
41.4,0.0,0.0,0.0,0.0,0.0,0.0,0.0,0.0,0.0,0.0,0.0,0.0,0.0,0.0,0.0,0.0,0.0,0.0,0.0,0.0,0.0,0.0,0.0,0.0,0.0,0.0,0.0,0.0,0.0,0.0,0.0,0.0,0.0,0.0,0.0,0.0,0.0,0.0,0.0,0.0,0.0,0.0,0.0,0.0,0.0,0.0,0.0,0.0
0.0,0.0,0.0,0.0,0.0,0.0,0.0,0.0,0.0,0.0,0.0,0.0,0.0,0.0,0.0,0.0,0.0,0.0,0.0,0.0,0.0,0.0,0.0,0.0,0.0,0.0,0.0,0.0,0.0,0.0,0.0,0.0,0.0,0.0,0.0,0.0,0.0,0.0,0.0,0.0,0.0,0.0,0.0,0.0,0.0,0.0,0.0,0.0,0.0
0.0,0.0,0.0,0.0,0.0,0.0,0.0,0.0,0.0,0.0,0.0,0.0,0.0,0.0,0.0,0.0,0.0,0.0,0.0,0.0,0.0,0.0,0.0,0.0,0.0,0.0,0.0,0.0,0.0,0.0,0.0,0.0,0.0,0.0,0.0,0.0,0.0,0.0,0.0,0.0,0.0,0.0,0.0,0.0,0.0,0.0,0.0,0.0,0.0
0.0,0.0,0.0,0.0,0.0,0.0,0.0,0.0,0.0,0.0,0.0,0.0,0.0,0.0,0.0,0.0,0.0,0.0,0.0,0.0,0.0,0.0,0.0,0.0,0.0,0.0,0.0,0.0,0.0,0.0,0.0,0.0,0.0,0.0,0.0,0.0,0.0,0.0,0.0,0.0,0.0,0.0,0.0,0.0,0.0,0.0,0.0,0.0,0.0
7.4,21.275,21.275,21.275,21.275,21.275,21.275,21.275,21.275,7.4,7.4,7.4,7.4,14.506327133464062,14.506327133464062,14.506327133464062,14.506327133464062,14.506327133464062,14.506327133464062,14.506327133464062,14.506327133464062,14.506327133464062,14.506327133464062,7.4,7.4,7.4,7.4,7.4,7.4,7.399999999999986,7.4,7.4,7.4,7.4,7.4,7.4,7.399999999999986,7.4,7.4,7.4,7.4,7.4,14.506327133464062,14.506327133464062,14.506327133464062,14.506327133464062,14.506327133464062,14.506327133464062,7.4
7.4,21.275,21.275,21.275,21.275,21.275,21.275,21.275,21.275,0.0,0.0,0.0,0.0,0.0,0.0,0.0,0.0,0.0,0.0,0.0,0.0,0.0,0.0,7.4,7.4,7.4,7.4,7.4,7.4,7.4,7.399999999999986,7.4,7.4,0.0,0.0,0.0,0.0,0.0,0.0,0.0,0.0,0.0,0.0,0.0,0.0,0.0,0.0,0.0,0.0
0.0,0.0,0.0,0.0,0.0,0.0,0.0,0.0,0.0,0.0,0.0,0.0,0.0,0.0,0.0,0.0,0.0,0.0,0.0,0.0,0.0,0.0,0.0,0.0,0.0,0.0,0.0,0.0,0.0,0.0,0.0,0.0,0.0,0.0,0.0,0.0,0.0,0.0,0.0,0.0,0.0,0.0,0.0,0.0,0.0,0.0,0.0,0.0,7.4
0.0,21.275,21.275,21.275,21.275,21.275,21.275,21.275,21.275,7.4,7.4,7.4,7.4,0.0,0.0,0.0,0.0,0.0,0.0,0.0,0.0,0.0,0.0,0.0,0.0,0.0,0.0,0.0,0.0,0.0,0.0,0.0,7.4,7.399999999999986,7.4,7.4,7.4,7.4,7.4,7.4,7.4,7.4,0.0,0.0,0.0,0.0,0.0,0.0,0.0
9.6,27.6,27.6,27.6,27.6,27.6,27.6,27.6,27.6,27.6,15.387110128787384,15.387110128787384,27.6,13.329653020563581,13.329653020563581,13.329653020563581,13.329653020563581,13.083238017289867,13.083238017289867,13.083238017289867,13.083238017289867,13.083238017289867,13.083238017289867,13.083238017289867,13.083238017289867,13.083238017289867,13.083238017289867,13.329653020563581,13.329653020563581,13.329653020563581,13.329653020563581,13.329653020563581,13.329653020563581,13.32965302056357,13.32965302056357,13.329653020563581,19.53884437601465,13.32965302056357,13.329653020563581,13.329653020563581,13.32965302056357,13.329653020563581,13.329653020563581,13.329653020563581,13.329653020563581,13.329653020563581,13.083238017289867,13.083238017289867,13.083238017289867
0.0,27.6,27.6,27.6,15.38711012877829,15.387110128780108,15.387110128780108,15.387110128783746,15.387110128787384,15.387110128787384,27.6,27.6,15.387110128801936,0.0,0.0,0.0,0.0,0.0,0.0,0.0,0.0,0.0,0.0,0.0,0.0,0.0,0.0,0.0,0.0,0.0,0.0,0.0,0.0,0.0,0.0,0.0,0.0,0.0,0.0,0.0,0.0,0.0,0.0,0.0,0.0,0.0,0.0,0.0,0.0
0.0,15.38711012877829,15.38711012877829,15.38711012877829,27.6,27.6,27.6,27.6,27.6,27.6,27.6,27.6,27.6,0.0,0.0,0.0,0.0,0.0,0.0,0.0,0.0,0.0,0.0,0.0,0.0,0.0,0.0,0.0,0.0,0.0,0.0,0.0,0.0,0.0,0.0,0.0,0.0,0.0,0.0,0.0,0.0,0.0,0.0,0.0,0.0,0.0,0.0,0.0,0.0
11.0,31.0,31.625,31.625,31.625,31.625,31.625,31.625,31.625,31.625,31.625,22.978710111377424,31.625,22.97871011149384,31.625,12.379400778693775,24.004400778693775,24.004400778693775,24.004400778693775,23.706244319484554,23.706244319484554,23.706244319484554,23.706244319484554,23.706244319484554,23.706244319484554,23.706244319484554,12.706244319484554,0.0,0.0,0.0,0.0,0.0,0.0,0.0,0.0,0.0,0.0,0.0,0.0,0.0,0.0,0.0,0.0,0.0,0.0,0.0,0.0,0.0,12.081244319484554
0.0,23.60371011126101,22.97871011126101,22.978710111268285,22.97871011127556,22.97871011127556,22.978710111290113,22.978710111290113,22.978710111319216,22.978710111319216,22.978710111319216,31.625,22.978710111377424,31.625,31.625,11.625,0.0,0.0,0.0,0.0,0.0,0.0,0.0,0.0,0.0,0.0,11.0,23.706244319484554,23.706244319484554,24.004400778693775,24.004400778693775,24.004400778693775,13.004400778693775,13.004400778693775,13.004400778693775,13.00440077869376,11.0,11.625,11.625,11.625,13.004400778693775,13.004400778693775,11.625,24.004400778693775,24.004400778693775,24.004400778693775,24.004400778693775,24.004400778693775,11.625
0.0,31.625,31.625,31.625,31.625,31.625,31.625,31.625,31.625,31.625,31.625,31.625,31.625,31.625,22.978710111377424,0.0,0.0,0.0,0.0,0.0,0.0,0.0,0.0,0.0,0.0,0.0,0.0,0.0,0.0,0.0,0.0,0.0,11.0,11.0,11.0,11.0,13.00440077869376,12.379400778693775,19.828821093335026,12.37940077869376,11.0,11.0,12.37940077869376,0.0,0.0,0.0,0.0,0.0,0.0
46.96,0.0,0.0,0.0,0.0,0.0,0.0,0.0,0.0,0.0,0.0,0.0,0.0,0.0,0.0,0.0,0.0,0.0,0.0,0.0,0.0,0.0,0.0,0.0,0.0,0.0,0.0,0.0,0.0,0.0,0.0,0.0,0.0,0.0,0.0,0.0,0.0,0.0,0.0,0.0,0.0,0.0,0.0,0.0,0.0,0.0,0.0,0.0,0.0
0.0,0.0,0.0,0.0,0.0,0.0,0.0,0.0,0.0,0.0,0.0,0.0,0.0,0.0,0.0,0.0,0.0,0.0,0.0,0.0,0.0,0.0,0.0,0.0,0.0,0.0,0.0,0.0,0.0,0.0,0.0,0.0,0.0,0.0,0.0,0.0,0.0,0.0,0.0,0.0,0.0,0.0,0.0,0.0,0.0,0.0,0.0,0.0,0.0
0.0,0.0,0.0,0.0,0.0,0.0,0.0,0.0,0.0,0.0,0.0,0.0,0.0,0.0,0.0,0.0,0.0,0.0,0.0,0.0,0.0,0.0,0.0,0.0,0.0,0.0,0.0,0.0,0.0,0.0,0.0,0.0,0.0,0.0,0.0,0.0,0.0,0.0,0.0,0.0,0.0,0.0,0.0,0.0,0.0,0.0,0.0,0.0,0.0
50.0,189.75,168.06888046403662,189.75,189.75,189.75,189.75,167.99151094181258,189.75,189.75,167.94508922847808,189.75,189.75,167.89866751514364,189.75,189.75,167.8522458018092,189.75,189.75,189.75,167.79035018402993,189.75,189.75,189.75,167.72845456625072,167.7129806618059,189.75,167.68203285291628,189.75,189.75,167.63561113958184,167.620137235137,167.60466333069218,167.5891894262474,167.57371552180257,189.75,189.75,189.75,167.5118199040233,189.75,189.75,167.46539819068886,167.4499242862436,167.43445038179834,167.41897647735198,189.75,167.3880286684648,189.75,189.75
0.0,168.0843543684815,189.75,168.0534065595918,168.03793265514702,168.02245875070219,168.00698484625735,189.75,167.97603703736775,167.9605631329229,189.75,167.9296153240333,167.91414141958847,189.75,167.88319361069887,167.86771970625404,189.75,167.83677189736437,167.8212979929196,167.80582408847476,189.75,167.77487627958516,167.75940237514033,167.7439284706955,189.75,189.75,167.69750675736105,189.75,167.66655894847145,167.65108504402662,189.75,189.75,189.75,189.75,189.75,167.55824161735774,167.54276771291296,167.52729380846813,189.75,167.49634599957852,167.4808720951337,189.75,189.75,189.75,189.75,167.4035025729072,189.75,167.37255476402004,164.9651129737565
150.0,174.8,174.8,174.8,174.8,174.8,174.8,174.8,174.8,174.8,174.8,174.8,174.8,174.8,174.8,157.28533814949833,174.8,174.8,174.8,174.8,174.8,174.8,174.8,124.80000000000001,162.08180307378012,162.06818805004866,112.06818805004866,112.05938295618432,124.80000000000001,174.8,174.8,174.8,174.8,124.80883123345495,174.8,174.79116876654496,124.80000000000001,174.8,174.8,174.8,174.8,174.8,174.8,174.8,174.8,174.8,174.8,174.8,174.8
150.0,162.11377227698364,124.80000000000001,162.11026464086518,124.80000000000001,124.80000000000001,162.10500318668784,124.80000000000001,162.1014955505696,162.0997417325105,162.09798791445138,124.80000000000001,162.09477027974464,124.80000000000001,162.09247788763588,174.8,162.0904616873475,162.08929477690657,124.80000000000001,124.80000000000001,124.80000000000001,124.80000000000001,162.08343260552004,174.8,174.8,174.8,174.8,174.8,174.8,174.8,174.8,162.01526599829515,112.01526599829515,161.99760353138504,111.99760353138504,161.99760353138504,174.8,161.97110983101976,161.96227859756476,161.95346043390515,124.80000000000001,161.94276885127562,161.9478009676098,161.95283308394397,161.95786520027815,161.96289731661233,161.9679294329465,161.97296154928065,162.92335338537904
150.0,124.80000000000001,162.1120184589244,124.80000000000001,162.10851082280607,162.10675700474695,124.80000000000001,162.10324936862872,124.80000000000001,124.80000000000001,124.80000000000001,162.09633076352947,124.80000000000001,162.09348598778007,124.80000000000001,129.60613163799337,124.80000000000001,124.80000000000001,162.08796905616902,162.08664333543146,162.0853176146938,162.08424737138995,124.80000000000001,174.8,174.8,124.8088050938643,174.8,174.8,174.8,162.03292846520526,112.03292846520526,124.80883123345507,174.8,174.8,174.8,174.8,161.97994106447487,124.80000000000001,124.80000000000001,124.80000000000001,161.9446553400408,124.80000000000001,124.80000000000001,124.80000000000001,124.80000000000001,124.80000000000001,124.80000000000001,124.80000000000001,124.80000000000001
150.0,187.45,187.45,187.45,187.45,187.45,187.45,187.45,187.45,187.45,187.45,187.45,187.45,187.45,187.45,187.45,187.45,187.45,187.45,187.45,187.45,187.45,187.45,174.73261783965012,137.45,187.45,187.45,187.45,174.7005778623199,137.45883123345493,187.45,187.45,187.45,187.45,187.45,137.45,187.45,187.45,187.45,187.45,187.45,187.45,187.45,187.45,187.45,187.45,187.45,187.45,187.45
80.0,42.0,42.0,42.0,42.0,42.0,42.0,42.0,42.0,92.0,86.17284177555791,86.17284177091744,86.17284177091744,86.17284177091744,86.17284177091744,86.17284177091744,86.17284177091744,86.17284177091744,86.17284177091744,86.17284177091744,86.17284177091744,86.17284177091744,86.17284177091744,86.17284177091744,86.17284177091744,86.17284177091744,86.17284177091744,86.17284177091744,86.17284177091744,86.17284177091744,86.17284177091744,86.17284177091744,86.17284177091744,86.17284177091744,86.17284177091744,86.17284177091744,86.17284177091744,86.17284177091744,86.17284177091744,86.17284177091744,86.17284177091744,86.17284177091744,86.17284177091744,86.17284177091744,86.17284177091744,86.17284177091744,86.17284177091744,86.17284177091744,86.17284177091744
80.0,42.0,42.0,42.0,42.0,42.0,42.0,42.0,70.75,120.75,120.75,120.75,120.75,120.75,120.75,120.75,120.75,120.75,120.75,120.75,120.75,120.75,120.75,120.75,120.75,120.75,120.75,120.75,120.75,120.75,120.75,120.75,120.75,120.75,120.75,120.75,120.75,120.75,120.75,120.75,120.75,120.75,120.75,120.75,120.75,120.75,120.75,120.75,120.75
80.0,68.34176100718963,68.34176100718804,68.34176100718804,68.34176100718804,68.34176100718804,68.34176100718804,68.34176100718804,64.92284177183262,114.92284177183262,120.75,120.75,120.75,120.75,120.75,120.75,120.75,120.75,120.75,120.75,120.75,120.75,120.75,120.75,120.75,120.75,120.75,120.75,120.75,120.75,120.75,120.75,120.75,120.75,120.75,120.75,120.75,120.75,120.75,120.75,120.75,120.75,120.75,120.75,120.75,120.75,120.75,120.75,120.75
80.0,120.75,120.75,120.75,120.75,120.75,120.75,120.75,120.75,120.75,120.75,120.75,120.75,120.75,120.75,120.75,120.75,120.75,120.75,120.75,120.75,120.75,120.75,120.75,120.75,120.75,120.75,120.75,120.75,120.75,120.75,120.75,120.75,120.75,120.75,120.75,120.75,120.75,120.75,120.75,120.75,120.75,120.75,120.75,120.75,120.75,120.75,120.75,120.75
80.0,120.75,120.75,120.75,120.75,120.75,120.75,120.75,95.41891923535542,120.75,120.75,120.75,120.75,120.75,120.75,120.75,120.75,120.75,120.75,120.75,120.75,120.75,120.75,120.75,120.75,120.75,120.75,120.75,120.75,120.75,120.75,120.75,120.75,120.75,120.75,120.75,120.75,120.75,120.75,120.75,120.75,120.75,120.75,120.75,120.75,120.75,120.75,120.75,120.75
80.0,46.775000000000006,90.4,90.4,90.4,90.4,90.4,77.62488509170191,81.13907317977248,90.4,90.4,90.4,90.4,90.4,90.4,90.4,90.4,90.4,90.4,101.775,101.775,101.775,101.775,101.775,101.775,101.775,101.775,101.775,101.775,101.775,101.775,101.775,101.775,101.775,101.775,101.775,101.775,101.775,101.775,101.775,101.775,101.775,101.775,101.775,101.775,101.775,101.775,101.775,101.775
80.0,101.775,54.6515043224002,101.775,54.6515043224002,54.6515043224002,101.775,67.4266192306983,101.775,101.775,101.775,101.775,101.775,101.775,101.775,101.775,101.775,101.775,101.775,101.775,101.775,101.775,101.775,101.775,101.775,101.775,101.775,101.775,101.775,101.775,101.775,101.775,101.775,101.775,101.775,101.775,101.775,101.775,101.775,101.775,101.775,101.775,101.775,101.775,101.775,101.775,101.775,101.775,101.775
80.0,101.775,101.775,101.775,101.775,101.775,101.775,101.775,101.775,101.775,101.775,101.775,101.775,57.8646688015032,57.8646688015032,57.8646688015032,101.775,101.775,101.775,101.775,101.775,101.775,101.775,101.775,101.775,101.775,101.775,101.775,101.775,101.775,101.775,101.775,101.775,101.775,101.775,101.775,101.775,101.775,101.775,101.775,101.775,101.775,101.775,101.775,101.775,101.775,101.775,101.775,101.775
80.0,98.2765043224002,101.775,54.6515043224002,101.775,101.775,54.6515043224002,101.775,63.912431142627725,57.86466880187572,57.8646688015032,57.8646688015032,57.8646688015032,101.775,101.775,101.775,57.86466880311849,101.775,101.775,101.775,101.775,101.775,101.775,101.775,101.775,101.775,101.775,101.775,101.775,101.775,101.775,101.775,101.775,101.775,101.775,101.775,101.775,101.775,101.775,101.775,101.775,101.775,101.775,101.775,101.775,101.775,101.775,101.775,101.775
700.0,800.0,805.0,805.0,805.0,805.0,805.0,0.0,0.0,0.0,0.0,0.0,0.0,0.0,0.0,0.0,0.0,605.0,705.0,805.0,705.0,805.0,705.0,705.0,805.0,783.8021923626329,805.0,0.0,0.0,0.0,0.0,0.0,0.0,0.0,0.0,0.0,0.0,805.0,805.0,805.0,805.0,805.0,705.0,605.0,505.0,405.0,305.0,405.0,0.0
700.0,800.0,805.0,805.0,785.7270057861406,685.7270057861406,685.4675291957634,585.4675291957634,485.4675291957634,385.4675291957634,413.775550111204,313.775550111204,401.46966731638486,301.46966731638486,380.0,280.0,380.0,480.0,580.0,680.0,753.6225862562242,658.9750898901748,758.9750898901748,692.25442891083,735.3435641107571,805.0,705.0,0.0,0.0,0.0,0.0,0.0,0.0,0.0,0.0,0.0,0.0,805.0,805.0,805.0,805.0,805.0,705.0,805.0,760.4918959147084,754.9488950423936,705.0,805.0,0.0
700.0,705.0,685.9864823765201,685.8567440813295,705.0,704.8702617048111,705.0,605.0,505.0,405.0,505.0,405.0,505.0,405.0,480.0,380.0,480.0,443.8021923626329,543.8021923626329,643.8021923626329,705.0,605.0,559.8271024724581,480.0,380.0,380.0,453.8021923622491,480.0,380.0,480.0,513.8021923626329,576.5690115467314,676.5690115467314,705.0,605.0,705.0,605.0,705.0,705.0,654.0822038675586,605.0,705.0,648.0914599994277,605.0,705.0,705.0,605.0,705.0,705.0
700.0,800.0,805.0,805.0,805.0,805.0,805.0,805.0,805.0,705.0,805.0,705.0,805.0,0.0,0.0,0.0,0.0,0.0,0.0,0.0,0.0,0.0,0.0,0.0,0.0,0.0,805.0,805.0,805.0,805.0,705.0,805.0,805.0,805.0,705.0,805.0,705.0,805.0,805.0,805.0,805.0,805.0,805.0,705.0,705.0,805.0,705.0,805.0,805.0
700.0,800.0,805.0,805.0,805.0,805.0,805.0,705.0,664.5641961128567,576.7528624685219,676.7528624685219,705.0,805.0,0.0,0.0,0.0,0.0,0.0,0.0,0.0,0.0,0.0,0.0,0.0,0.0,280.0,380.0,480.0,505.0,605.0,705.0,805.0,805.0,805.0,705.0,805.0,705.0,805.0,805.0,805.0,805.0,805.0,805.0,805.0,805.0,805.0,705.0,805.0,0.0
700.0,705.0,705.0,705.0,705.0,705.0,705.0,605.0,505.0,405.0,505.0,405.0,505.0,405.0,480.0,380.0,480.0,505.0,605.0,705.0,705.0,605.0,505.0,480.0,380.0,380.0,480.0,563.8021923626329,507.46338074299456,605.0,705.0,699.8283128433122,605.0,705.0,605.0,610.3369799105259,605.0,705.0,705.0,705.0,685.7270057861424,705.0,605.0,652.1517788329166,552.1517788329166,652.1517788329166,552.1517788329166,615.3752713015718,705.0
700.0,800.0,805.0,805.0,805.0,805.0,805.0,705.0,605.0,505.0,605.0,0.0,0.0,0.0,0.0,0.0,0.0,0.0,0.0,0.0,0.0,0.0,380.0,480.0,380.0,280.0,380.0,480.0,580.0,480.0,380.0,280.0,0.0,0.0,0.0,0.0,0.0,0.0,0.0,0.0,0.0,0.0,805.0,805.0,805.0,805.0,732.6754445798052,805.0,805.0
700.0,800.0,805.0,805.0,805.0,805.0,805.0,705.0,0.0,0.0,0.0,0.0,0.0,0.0,0.0,0.0,0.0,0.0,705.0,805.0,805.0,705.0,705.0,805.0,805.0,805.0,705.0,805.0,805.0,805.0,805.0,805.0,805.0,805.0,705.0,805.0,705.0,805.0,805.0,805.0,805.0,805.0,805.0,805.0,805.0,705.0,705.0,805.0,805.0
0.0,0.0,0.0,0.0,0.0,0.0,0.0,0.0,280.0,280.0,380.0,280.0,380.0,280.0,302.2777986544845,280.0,380.0,480.0,580.0,680.0,780.0,805.0,705.0,805.0,0.0,0.0,0.0,0.0,0.0,0.0,0.0,0.0,0.0,0.0,462.9899444121605,562.9899444121605,662.9899444121605,762.9899444121605,805.0,805.0,805.0,805.0,805.0,805.0,705.0,805.0,705.0,805.0,805.0
0.0,805.0,805.0,805.0,805.0,805.0,805.0,805.0,805.0,705.0,805.0,705.0,805.0,0.0,0.0,0.0,0.0,0.0,0.0,0.0,0.0,0.0,0.0,0.0,705.0,805.0,705.0,805.0,805.0,805.0,805.0,805.0,805.0,805.0,705.0,805.0,705.0,805.0,805.0,805.0,805.0,805.0,805.0,705.0,805.0,805.0,705.0,805.0,805.0
700.0,800.0,805.0,805.0,805.0,805.0,805.0,805.0,705.0,705.0,805.0,805.0,805.0,805.0,805.0,705.0,805.0,805.0,805.0,805.0,805.0,805.0,805.0,805.0,805.0,805.0,705.0,805.0,805.0,805.0,805.0,805.0,805.0,805.0,705.0,805.0,705.0,805.0,805.0,805.0,805.0,805.0,805.0,805.0,805.0,805.0,805.0,805.0,805.0
700.0,800.0,805.0,805.0,805.0,805.0,805.0,805.0,805.0,805.0,805.0,805.0,805.0,805.0,805.0,705.0,805.0,805.0,805.0,805.0,805.0,805.0,805.0,805.0,805.0,805.0,705.0,805.0,805.0,805.0,805.0,805.0,805.0,805.0,705.0,805.0,705.0,805.0,805.0,805.0,805.0,805.0,805.0,805.0,805.0,805.0,805.0,805.0,805.0
700.0,800.0,805.0,805.0,805.0,805.0,805.0,805.0,805.0,805.0,805.0,805.0,805.0,805.0,805.0,705.0,805.0,805.0,805.0,805.0,805.0,805.0,805.0,805.0,805.0,805.0,705.0,805.0,805.0,770.1375874435817,805.0,805.0,805.0,805.0,705.0,805.0,705.0,805.0,805.0,805.0,805.0,805.0,805.0,805.0,805.0,805.0,805.0,805.0,805.0
700.0,800.0,805.0,805.0,805.0,805.0,805.0,805.0,805.0,805.0,805.0,805.0,805.0,805.0,751.5052445454073,651.5052445454073,751.5052445454073,805.0,805.0,805.0,805.0,805.0,805.0,805.0,805.0,805.0,705.0,805.0,805.0,705.0,805.0,705.0,805.0,805.0,705.0,805.0,705.0,805.0,805.0,805.0,805.0,805.0,705.0,805.0,805.0,705.0,805.0,769.4771259090222,805.0
700.0,800.0,805.0,805.0,805.0,805.0,805.0,805.0,805.0,805.0,805.0,805.0,805.0,745.02552019527,805.0,705.0,805.0,805.0,805.0,805.0,805.0,805.0,805.0,805.0,805.0,805.0,705.0,805.0,805.0,705.0,805.0,805.0,805.0,805.0,779.1803596911228,805.0,705.0,805.0,805.0,805.0,805.0,805.0,805.0,805.0,805.0,805.0,805.0,805.0,805.0
700.0,800.0,805.0,805.0,805.0,805.0,805.0,805.0,805.0,705.0,805.0,805.0,805.0,705.0,805.0,705.0,805.0,705.0,778.3533840625714,805.0,805.0,805.0,805.0,805.0,805.0,805.0,705.0,805.0,805.0,805.0,805.0,705.0,805.0,805.0,705.0,728.1262762595483,628.1262762595483,728.1262762595483,805.0,805.0,805.0,705.0,605.0,605.0,705.0,805.0,730.6857053788551,705.0,746.774032272549
0.0,805.0,805.0,705.0,705.0,805.0,805.0,805.0,805.0,705.0,805.0,805.0,805.0,805.0,705.0,605.0,705.0,805.0,805.0,805.0,805.0,805.0,805.0,805.0,805.0,805.0,705.0,805.0,805.0,805.0,705.0,805.0,805.0,805.0,705.0,805.0,705.0,805.0,805.0,805.0,805.0,805.0,737.3760691963352,733.1860120676573,705.0,782.9776404348861,805.0,705.0,805.0
0.0,746.116220671709,805.0,805.0,805.0,805.0,805.0,805.0,805.0,805.0,805.0,805.0,805.0,705.0,805.0,705.0,805.0,805.0,805.0,805.0,805.0,805.0,805.0,805.0,805.0,705.0,705.0,805.0,805.0,705.0,705.0,805.0,805.0,805.0,705.0,805.0,705.0,805.0,785.9864823765201,736.7745402137726,805.0,785.5972674909517,705.0,805.0,777.5643778577602,705.0,705.0,705.0,805.0
0.0,805.0,705.0,805.0,805.0,805.0,805.0,805.0,805.0,735.1345126621873,805.0,805.0,805.0,705.0,805.0,705.0,805.0,725.7213315518256,705.0,805.0,805.0,805.0,805.0,805.0,805.0,705.0,605.0,705.0,805.0,805.0,705.0,805.0,805.0,805.0,705.0,805.0,705.0,805.0,705.0,805.0,805.0,805.0,705.0,705.0,805.0,705.0,805.0,705.0,805.0
0.0,805.0,805.0,805.0,805.0,805.0,805.0,705.9407856665584,805.0,805.0,805.0,805.0,805.0,805.0,805.0,705.0,805.0,805.0,805.0,805.0,805.0,805.0,805.0,805.0,805.0,805.0,705.0,805.0,805.0,805.0,805.0,805.0,805.0,805.0,705.0,805.0,705.0,805.0,805.0,805.0,805.0,805.0,805.0,805.0,805.0,805.0,805.0,805.0,805.0
5.52,0.0,0.0,0.0,0.0,0.0,0.0,0.0,0.0,0.0,0.0,0.0,0.0,0.0,0.0,0.0,0.0,0.0,0.0,0.0,0.0,0.0,0.0,0.0,0.0,0.0,0.0,0.0,0.0,0.0,0.0,0.0,0.0,0.0,0.0,0.0,0.0,0.0,0.0,0.0,0.0,0.0,0.0,0.0,0.0,0.0,0.0,0.0,0.0
0.0,0.0,0.0,0.0,0.0,0.0,0.0,0.0,0.0,0.0,0.0,0.0,0.0,0.0,0.0,0.0,0.0,0.0,0.0,0.0,0.0,0.0,0.0,0.0,0.0,0.0,0.0,0.0,0.0,0.0,0.0,0.0,0.0,0.0,0.0,0.0,0.0,0.0,0.0,0.0,0.0,0.0,0.0,0.0,0.0,0.0,0.0,0.0,0.0
17.2,17.2,0.0,0.0,0.0,0.0,0.0,0.0,0.0,0.0,0.0,0.0,0.0,0.0,0.0,0.0,0.0,0.0,0.0,0.0,0.0,0.0,0.0,17.2,17.199999999999996,17.199999995096054,17.199999999999996,17.199999988966646,17.2,17.1999999803855,17.2,17.2,17.2,17.2,17.199999999999996,17.2,17.199999999999996,0.0,0.0,0.0,0.0,0.0,0.0,0.0,0.0,0.0,0.0,0.0,0.0
0.0,0.0,0.0,0.0,0.0,0.0,0.0,0.0,0.0,0.0,0.0,0.0,0.0,0.0,0.0,0.0,0.0,0.0,0.0,0.0,0.0,0.0,0.0,0.0,0.0,0.0,0.0,0.0,0.0,0.0,0.0,0.0,0.0,0.0,0.0,0.0,0.0,0.0,0.0,0.0,0.0,0.0,0.0,0.0,0.0,0.0,0.0,0.0,0.0
11.2,0.0,0.0,0.0,0.0,0.0,0.0,0.0,0.0,0.0,0.0,0.0,0.0,0.0,0.0,0.0,0.0,0.0,0.0,0.0,0.0,0.0,0.0,0.0,0.0,0.0,0.0,0.0,0.0,0.0,0.0,0.0,0.0,0.0,0.0,0.0,0.0,0.0,0.0,0.0,0.0,0.0,0.0,0.0,0.0,0.0,0.0,0.0,0.0
0.0,0.0,0.0,0.0,0.0,0.0,0.0,0.0,0.0,0.0,0.0,0.0,0.0,0.0,0.0,0.0,0.0,0.0,0.0,0.0,0.0,0.0,0.0,0.0,0.0,0.0,0.0,0.0,0.0,0.0,0.0,0.0,0.0,0.0,0.0,0.0,0.0,0.0,0.0,0.0,0.0,0.0,0.0,0.0,0.0,0.0,0.0,0.0,0.0
29.6,0.0,0.0,0.0,0.0,0.0,0.0,0.0,0.0,0.0,0.0,0.0,0.0,0.0,0.0,0.0,0.0,0.0,0.0,0.0,0.0,0.0,0.0,0.0,0.0,0.0,0.0,0.0,0.0,0.0,0.0,0.0,0.0,0.0,0.0,0.0,0.0,0.0,0.0,0.0,0.0,0.0,0.0,0.0,0.0,0.0,0.0,0.0,0.0
0.0,0.0,0.0,0.0,0.0,0.0,0.0,0.0,0.0,0.0,0.0,0.0,0.0,0.0,0.0,0.0,0.0,0.0,0.0,0.0,0.0,0.0,0.0,0.0,0.0,0.0,0.0,0.0,0.0,0.0,0.0,0.0,0.0,0.0,0.0,0.0,0.0,0.0,0.0,0.0,0.0,0.0,0.0,0.0,0.0,0.0,0.0,0.0,0.0
0.0,0.0,0.0,0.0,0.0,0.0,0.0,0.0,0.0,0.0,0.0,0.0,0.0,0.0,0.0,0.0,0.0,0.0,0.0,0.0,0.0,0.0,0.0,0.0,0.0,0.0,0.0,0.0,0.0,0.0,0.0,0.0,0.0,0.0,0.0,0.0,0.0,0.0,0.0,0.0,0.0,0.0,0.0,0.0,0.0,0.0,0.0,0.0,0.0
10.0,0.0,0.0,0.0,0.0,0.0,0.0,0.0,0.0,0.0,0.0,0.0,0.0,0.0,0.0,0.0,0.0,0.0,0.0,0.0,0.0,0.0,0.0,0.0,0.0,0.0,0.0,0.0,21.147999352991,28.75,10.0,10.0,10.0,10.0,10.0,10.0,10.0,10.0,28.75,28.75,0.0,0.0,0.0,0.0,0.0,0.0,0.0,0.0,0.0
0.0,13.802074394723677,10.0,10.0,10.0,10.0,10.0,10.0,10.0,10.0,10.0,10.0,10.0,10.0,10.0,10.0,10.0,10.0,10.0,10.211533554370174,10.42303093469745,10.0,11.057306093277884,10.0,10.0,10.0,10.0,10.211533554370174,28.75,0.0,0.0,0.0,0.0,0.0,0.0,0.0,0.0,0.0,0.0,0.0,0.0,0.0,0.0,0.0,0.0,0.0,0.0,0.0,0.0
8.0,9.084925000000002,9.084924999999973,9.084924999999973,9.084924999999973,0.0,0.0,0.0,0.0,0.0,0.0,0.0,0.0,0.0,0.0,0.0,0.0,0.0,0.0,8.95765458749701,8.0,16.957611047675886,16.957589272179945,16.957567492959573,16.957545710014134,16.957523923342983,16.95750213294549,16.957480338821018,8.0,0.0,0.0,0.0,0.0,0.0,0.0,0.0,0.0,0.0,0.0,0.0,0.0,8.967307766388931,16.967287649398248,16.9672675289668,16.967247405093993,16.967227277779244,16.967207147021966,16.967187012821572,23.0
0.0,0.0,0.0,0.0,0.0,9.084924999999973,9.084924999999973,9.084924999999973,9.084924999999973,9.084924999999973,9.084924999999973,11.24889282890759,8.0,8.0,8.0,8.0,8.957719869311386,16.957698112428055,16.95767635182348,8.0,8.95763281944803,0.0,0.0,0.0,0.0,0.0,0.0,0.0,0.0,0.0,0.0,8.0,8.0,8.957523923342983,8.95750213294549,8.0,8.0,8.0,23.0,23.0,8.0,0.0,0.0,0.0,0.0,0.0,0.0,0.0,0.0
0.0,8.0,8.0,8.0,8.0,8.0,8.0,8.0,8.0,8.0,8.0,8.0,8.957806859644936,8.957785117640242,8.95776337191684,8.9577416224741,8.0,0.0,0.0,0.0,0.0,0.0,0.0,0.0,0.0,0.0,0.0,0.0,8.957458540968926,17.084925000000144,17.212391459031238,8.957458540968926,9.59466006392141,8.0,8.0,8.957480338821014,8.957458540968926,9.08492500000014,23.0,23.0,8.96732787993944,8.0,0.0,0.0,0.0,0.0,0.0,0.0,0.0
40.76,0.0,0.0,0.0,0.0,0.0,0.0,0.0,0.0,0.0,0.0,0.0,0.0,0.0,0.0,0.0,0.0,0.0,0.0,0.0,0.0,0.0,0.0,0.0,0.0,0.0,0.0,0.0,0.0,0.0,0.0,0.0,0.0,0.0,0.0,0.0,0.0,0.0,0.0,0.0,0.0,0.0,0.0,0.0,0.0,0.0,0.0,0.0,0.0
0.0,0.0,0.0,0.0,0.0,0.0,0.0,0.0,0.0,0.0,0.0,0.0,0.0,0.0,0.0,0.0,0.0,0.0,0.0,0.0,0.0,0.0,0.0,0.0,0.0,0.0,0.0,0.0,0.0,0.0,0.0,0.0,0.0,0.0,0.0,0.0,0.0,0.0,0.0,0.0,0.0,0.0,0.0,0.0,0.0,0.0,0.0,0.0,0.0
0.0,0.0,0.0,0.0,0.0,0.0,0.0,0.0,0.0,0.0,0.0,0.0,0.0,0.0,0.0,0.0,0.0,0.0,0.0,0.0,0.0,0.0,0.0,0.0,0.0,0.0,0.0,0.0,0.0,0.0,0.0,0.0,0.0,0.0,0.0,0.0,0.0,0.0,0.0,0.0,0.0,0.0,0.0,0.0,0.0,0.0,0.0,0.0,0.0
10.96,13.325240157758426,13.325240157758405,13.325240157758405,13.325240157758405,13.325240157758405,0.0,0.0,0.0,0.0,0.0,0.0,0.0,0.0,0.0,0.0,0.0,0.0,0.0,0.0,0.0,0.0,0.0,0.0,0.0,0.0,0.0,0.0,0.0,0.0,0.0,0.0,0.0,0.0,0.0,0.0,0.0,0.0,0.0,0.0,0.0,0.0,0.0,0.0,0.0,0.0,0.0,0.0,0.0
0.0,0.0,0.0,0.0,0.0,0.0,13.325240157758405,13.325240157758405,13.325240157758405,13.325240157758405,13.325240157758405,13.325240157758405,13.325240157758405,13.325240157758405,13.325240157758405,13.325240157758405,13.325240157758405,0.0,0.0,0.0,0.0,0.0,0.0,0.0,0.0,0.0,0.0,0.0,0.0,0.0,0.0,0.0,0.0,0.0,0.0,0.0,0.0,0.0,0.0,0.0,0.0,0.0,0.0,0.0,0.0,0.0,0.0,0.0,0.0
0.0,0.0,0.0,0.0,0.0,0.0,0.0,0.0,0.0,0.0,0.0,0.0,0.0,0.0,0.0,0.0,0.0,0.0,0.0,0.0,0.0,0.0,0.0,0.0,0.0,0.0,0.0,0.0,0.0,0.0,0.0,0.0,0.0,0.0,0.0,0.0,0.0,0.0,0.0,0.0,0.0,0.0,0.0,0.0,0.0,0.0,0.0,0.0,0.0
0.0,0.0,0.0,0.0,0.0,0.0,0.0,0.0,0.0,0.0,0.0,0.0,0.0,0.0,0.0,0.0,0.0,0.0,0.0,0.0,0.0,0.0,0.0,0.0,0.0,0.0,0.0,0.0,0.0,0.0,0.0,0.0,0.0,0.0,0.0,0.0,0.0,0.0,0.0,0.0,0.0,0.0,0.0,0.0,0.0,0.0,0.0,0.0,0.0
0.0,0.0,0.0,0.0,0.0,0.0,0.0,0.0,0.0,0.0,0.0,0.0,0.0,0.0,0.0,0.0,0.0,0.0,0.0,0.0,0.0,0.0,0.0,0.0,0.0,0.0,0.0,0.0,0.0,0.0,0.0,0.0,0.0,0.0,0.0,0.0,0.0,0.0,0.0,0.0,0.0,0.0,0.0,0.0,0.0,0.0,0.0,0.0,0.0
10.8,15.151133967982389,15.151133967980304,15.151133967980304,15.151133967980304,15.151133967980304,15.151133967980304,15.151133967980304,15.151133967980304,0.0,0.0,0.0,0.0,0.0,0.0,0.0,0.0,0.0,0.0,0.0,0.0,0.0,0.0,0.0,0.0,0.0,0.0,15.151133967980304,15.151133967980304,15.151133967980304,15.151133967980304,15.151133967980304,15.151133967980304,15.151133967980304,15.151133967980304,15.151133967980304,15.151133967980304,0.0,0.0,0.0,0.0,0.0,0.0,0.0,0.0,0.0,0.0,15.151133967980304,15.151133967980304
0.0,0.0,0.0,0.0,0.0,0.0,0.0,0.0,0.0,0.0,0.0,0.0,0.0,0.0,0.0,0.0,0.0,0.0,0.0,0.0,0.0,0.0,0.0,0.0,0.0,0.0,0.0,0.0,0.0,0.0,0.0,0.0,0.0,0.0,0.0,0.0,0.0,15.151133967980304,15.151133967980304,15.151133967980304,15.151133967980304,15.151133967980304,15.151133967980304,15.151133967980304,15.151133967980304,15.151133967980304,15.151133967980304,0.0,0.0
0.0,0.0,0.0,0.0,0.0,0.0,0.0,0.0,0.0,15.151133967980304,15.151133967980304,15.151133967980304,15.151133967980304,15.151133967980304,15.151133967980304,15.151133967980304,15.151133967980304,15.151133967980304,15.151133967980304,0.0,0.0,0.0,0.0,0.0,0.0,0.0,0.0,0.0,0.0,0.0,0.0,0.0,0.0,0.0,0.0,0.0,0.0,0.0,0.0,0.0,0.0,0.0,0.0,0.0,0.0,0.0,0.0,0.0,0.0
0.0,0.0,0.0,0.0,0.0,0.0,0.0,0.0,0.0,0.0,0.0,0.0,0.0,0.0,0.0,0.0,0.0,0.0,0.0,0.0,0.0,0.0,0.0,0.0,0.0,0.0,0.0,0.0,0.0,0.0,0.0,0.0,0.0,0.0,0.0,0.0,0.0,0.0,0.0,0.0,0.0,0.0,0.0,0.0,0.0,0.0,0.0,0.0,0.0
22.4,0.0,0.0,0.0,0.0,0.0,0.0,0.0,0.0,0.0,0.0,0.0,0.0,0.0,0.0,0.0,0.0,0.0,0.0,0.0,0.0,0.0,0.0,0.0,0.0,0.0,0.0,0.0,0.0,0.0,0.0,0.0,0.0,0.0,0.0,0.0,0.0,0.0,0.0,0.0,0.0,0.0,0.0,0.0,0.0,0.0,0.0,0.0,0.0
0.0,0.0,0.0,0.0,0.0,0.0,0.0,0.0,0.0,0.0,0.0,0.0,0.0,0.0,0.0,0.0,0.0,0.0,0.0,0.0,0.0,0.0,0.0,0.0,0.0,0.0,0.0,0.0,0.0,0.0,0.0,0.0,0.0,0.0,0.0,0.0,0.0,0.0,0.0,0.0,0.0,0.0,0.0,0.0,0.0,0.0,0.0,0.0,0.0
18.68,0.0,0.0,0.0,0.0,0.0,0.0,0.0,0.0,0.0,0.0,0.0,0.0,0.0,0.0,0.0,0.0,0.0,0.0,0.0,0.0,0.0,0.0,0.0,0.0,0.0,0.0,0.0,0.0,0.0,0.0,0.0,0.0,0.0,0.0,0.0,0.0,0.0,0.0,0.0,0.0,0.0,0.0,0.0,0.0,0.0,0.0,0.0,0.0
0.0,0.0,0.0,0.0,0.0,0.0,0.0,0.0,0.0,0.0,0.0,0.0,0.0,0.0,0.0,0.0,0.0,0.0,0.0,0.0,0.0,0.0,0.0,0.0,0.0,0.0,0.0,0.0,0.0,0.0,0.0,0.0,0.0,0.0,0.0,0.0,0.0,0.0,0.0,0.0,0.0,0.0,0.0,0.0,0.0,0.0,0.0,0.0,0.0
0.0,0.0,0.0,0.0,0.0,0.0,0.0,0.0,0.0,0.0,0.0,0.0,0.0,0.0,0.0,0.0,0.0,0.0,0.0,0.0,0.0,0.0,0.0,0.0,0.0,0.0,0.0,0.0,0.0,0.0,0.0,0.0,0.0,0.0,0.0,0.0,0.0,0.0,0.0,0.0,0.0,0.0,0.0,0.0,0.0,0.0,0.0,0.0,0.0
14.0,40.25,0.0,0.0,0.0,0.0,0.0,0.0,0.0,0.0,0.0,0.0,0.0,0.0,0.0,0.0,0.0,0.0,0.0,0.0,0.0,0.0,0.0,0.0,0.0,0.0,0.0,0.0,0.0,0.0,0.0,0.0,0.0,0.0,0.0,0.0,0.0,0.0,0.0,0.0,0.0,0.0,0.0,0.0,0.0,0.0,0.0,0.0,0.0
0.0,0.0,0.0,0.0,0.0,0.0,0.0,0.0,0.0,0.0,0.0,0.0,0.0,0.0,0.0,0.0,0.0,0.0,0.0,0.0,0.0,0.0,0.0,0.0,0.0,0.0,0.0,0.0,0.0,0.0,0.0,0.0,0.0,0.0,0.0,0.0,0.0,0.0,0.0,0.0,0.0,0.0,0.0,0.0,0.0,0.0,0.0,0.0,0.0
0.0,0.0,0.0,0.0,0.0,0.0,0.0,0.0,0.0,0.0,0.0,0.0,0.0,0.0,0.0,0.0,0.0,0.0,0.0,0.0,0.0,0.0,0.0,0.0,0.0,0.0,0.0,0.0,0.0,0.0,0.0,0.0,0.0,0.0,0.0,0.0,0.0,0.0,0.0,0.0,0.0,0.0,0.0,0.0,0.0,0.0,0.0,0.0,0.0
0.0,0.0,0.0,0.0,0.0,0.0,0.0,0.0,0.0,0.0,0.0,0.0,0.0,0.0,0.0,0.0,0.0,0.0,0.0,0.0,0.0,0.0,0.0,0.0,0.0,0.0,0.0,0.0,0.0,0.0,0.0,0.0,0.0,0.0,0.0,0.0,0.0,0.0,0.0,0.0,0.0,0.0,0.0,0.0,0.0,0.0,0.0,0.0,0.0
44.0,0.0,0.0,0.0,0.0,0.0,0.0,0.0,0.0,0.0,0.0,0.0,0.0,0.0,0.0,0.0,0.0,0.0,0.0,0.0,0.0,44.0,44.0,44.0,44.0,44.0,44.0,44.0,44.0,44.0,44.0,44.0,44.0,44.0,46.364937650953266,66.36493765095328,86.36493765095328,0.0,0.0,0.0,0.0,0.0,0.0,0.0,0.0,0.0,0.0,0.0,0.0
0.0,0.0,0.0,0.0,0.0,0.0,0.0,0.0,0.0,0.0,0.0,0.0,0.0,0.0,0.0,0.0,0.0,0.0,0.0,0.0,0.0,0.0,0.0,0.0,0.0,0.0,0.0,0.0,0.0,0.0,0.0,0.0,0.0,0.0,0.0,0.0,0.0,0.0,0.0,0.0,0.0,0.0,0.0,0.0,0.0,0.0,0.0,0.0,0.0
0.0,0.0,0.0,0.0,0.0,0.0,0.0,0.0,0.0,0.0,0.0,0.0,0.0,0.0,0.0,0.0,0.0,0.0,0.0,0.0,0.0,0.0,0.0,0.0,0.0,0.0,0.0,0.0,0.0,0.0,0.0,0.0,0.0,0.0,0.0,0.0,0.0,126.5,126.5,126.5,106.49999999999999,86.5,94.90292006801731,74.90292006801732,71.9413978053266,69.27178206454666,49.27178206454664,0.0,0.0
19.8,0.0,0.0,0.0,0.0,0.0,0.0,0.0,0.0,0.0,0.0,0.0,0.0,0.0,0.0,0.0,0.0,0.0,0.0,0.0,0.0,0.0,0.0,0.0,0.0,0.0,0.0,0.0,0.0,0.0,0.0,0.0,0.0,0.0,0.0,0.0,0.0,0.0,56.92500000000001,56.92500000000001,56.05404896267497,56.12373245874443,42.59206596669553,30.571607838963132,36.925,21.97882027950334,19.8,19.8,0.0
0.0,0.0,0.0,0.0,0.0,0.0,0.0,0.0,0.0,0.0,0.0,0.0,0.0,0.0,0.0,0.0,0.0,0.0,0.0,0.0,0.0,0.0,0.0,0.0,0.0,0.0,0.0,0.0,0.0,0.0,0.0,0.0,0.0,0.0,0.0,0.0,0.0,0.0,0.0,0.0,0.0,0.0,0.0,0.0,0.0,0.0,0.0,0.0,0.0
0.0,0.0,0.0,0.0,0.0,0.0,0.0,0.0,0.0,0.0,0.0,0.0,0.0,0.0,0.0,0.0,0.0,0.0,0.0,0.0,0.0,0.0,0.0,0.0,0.0,0.0,0.0,0.0,0.0,0.0,0.0,0.0,0.0,0.0,0.0,0.0,0.0,0.0,0.0,0.0,0.0,0.0,0.0,0.0,0.0,0.0,0.0,0.0,0.0
0.0,0.0,0.0,0.0,0.0,0.0,0.0,0.0,0.0,0.0,0.0,0.0,0.0,0.0,0.0,0.0,0.0,0.0,0.0,0.0,0.0,0.0,0.0,34.980163636834,34.99386190072455,35.00757237848657,35.02129508101039,34.99877909738478,34.98004785173251,35.001355640475225,35.02268242801917,35.04402823130438,35.06539306728596,35.08677695293419,35.10817990523441,35.129601941187154,36.925,51.95018735458531,56.92500000000001,56.92500000000001,39.8,39.8,39.8,36.925,36.925,36.925,36.925,34.96319820879479,39.8
53.2,0.0,0.0,0.0,0.0,0.0,0.0,0.0,0.0,0.0,0.0,0.0,0.0,0.0,0.0,0.0,0.0,0.0,0.0,0.0,0.0,0.0,0.0,0.0,0.0,0.0,0.0,0.0,0.0,0.0,0.0,0.0,0.0,0.0,0.0,0.0,0.0,0.0,0.0,0.0,0.0,0.0,0.0,0.0,0.0,0.0,0.0,0.0,0.0
0.0,0.0,0.0,0.0,0.0,0.0,0.0,0.0,0.0,0.0,0.0,0.0,0.0,0.0,0.0,0.0,0.0,0.0,0.0,0.0,0.0,0.0,0.0,0.0,0.0,0.0,0.0,0.0,0.0,0.0,0.0,0.0,0.0,0.0,0.0,0.0,0.0,0.0,0.0,0.0,0.0,0.0,0.0,0.0,0.0,0.0,0.0,0.0,0.0
0.0,0.0,0.0,0.0,0.0,0.0,0.0,0.0,0.0,0.0,0.0,0.0,0.0,0.0,0.0,0.0,0.0,0.0,0.0,0.0,0.0,0.0,0.0,0.0,0.0,0.0,0.0,0.0,0.0,0.0,0.0,0.0,0.0,0.0,0.0,0.0,0.0,0.0,0.0,0.0,0.0,0.0,0.0,0.0,0.0,0.0,0.0,0.0,0.0
16.72,0.0,0.0,0.0,0.0,0.0,0.0,0.0,0.0,0.0,0.0,0.0,0.0,0.0,0.0,0.0,0.0,0.0,0.0,0.0,0.0,0.0,0.0,0.0,0.0,0.0,0.0,0.0,0.0,0.0,0.0,0.0,0.0,0.0,0.0,0.0,0.0,0.0,0.0,0.0,0.0,0.0,0.0,0.0,0.0,0.0,0.0,0.0,0.0
16.76,0.0,0.0,0.0,0.0,0.0,0.0,0.0,0.0,0.0,0.0,0.0,0.0,0.0,0.0,0.0,0.0,0.0,0.0,0.0,0.0,0.0,0.0,0.0,0.0,0.0,0.0,0.0,0.0,0.0,0.0,0.0,0.0,0.0,0.0,0.0,0.0,0.0,0.0,0.0,0.0,0.0,0.0,0.0,0.0,0.0,0.0,0.0,0.0
60.0,75.9,75.9,26.4,26.4,26.4,26.4,26.4,26.4,26.4,26.4,26.4,26.4,39.19924928905041,26.4,26.4,26.4,26.4,26.4,26.4,26.4,26.4,26.4,26.4,26.4,75.9,26.4,75.9,75.9,75.9,75.9,26.4,26.4,75.9,75.9,26.4,26.4,26.4,26.4,26.4,26.4,26.4,26.4,26.4,26.4,26.4,26.4,26.4,72.37918876514846
0.0,75.9,75.9,26.4,26.4,26.4,26.4,26.4,26.4,26.4,26.4,26.4,26.4,26.4,26.4,26.4,26.4,26.4,26.4,26.4,26.4,26.4,26.4,26.4,26.4,75.9,26.4,75.9,72.49602977392283,72.49018772348415,75.9,26.4,26.4,75.9,26.4,26.4,26.4,72.44345131997437,72.43760926953564,72.43176721909697,75.9,72.42008311821951,72.41424106778078,72.40839901734205,26.4,26.4,72.39087286602592,26.4,75.9
0.0,49.55407464147295,75.9,75.9,72.63637966886336,72.63048134466015,72.62458302045695,72.61871283313599,72.61287078269726,75.9,72.6011866818198,75.9,75.9,75.9,75.9,75.9,72.56613437918747,75.9,72.55445027831007,72.54860822787134,72.54276617743261,72.53692412699388,72.53108207655521,75.9,75.9,26.4,75.9,72.50187182436156,26.4,26.4,26.4,75.9,75.9,26.4,75.9,75.9,75.9,75.9,75.9,75.9,75.9,75.9,75.9,75.9,75.9,75.9,75.9,75.9,75.9
0.0,75.9,49.548176317269736,72.6422779930665,75.9,75.9,75.9,75.9,75.9,72.60702873225853,75.9,72.59534463138107,72.5895025809424,59.784411241453235,72.57781848006493,72.5719764296262,75.9,72.5602923287488,75.9,75.9,75.9,75.9,75.9,72.52524002611642,72.51939797567775,72.51355592523902,72.50771387480029,26.4,75.9,75.9,72.48434567304542,72.4785036226067,75.9,72.46681952172924,34.40312003349008,72.45513542085183,75.9,26.4,26.4,26.4,26.4,26.4,26.4,26.4,72.40255696690332,75.9,26.4,75.9,26.4
0.0,0.0,0.0,75.9,75.9,75.9,75.9,75.9,75.9,75.9,75.9,75.9,75.9,75.9,75.9,75.9,75.9,75.9,75.9,75.9,75.9,75.9,75.9,75.9,75.9,75.9,75.9,26.4,26.4,26.4,26.4,75.9,72.47266157216797,26.4,64.45785743780046,75.9,75.9,75.9,75.9,75.9,72.42592516865818,75.9,75.9,75.9,75.9,72.39671491646459,75.9,72.38503081558719,75.9
0.0,75.9,75.9,75.9,75.9,75.9,75.9,75.9,75.9,75.9,75.9,75.9,75.9,75.9,75.9,75.9,75.9,75.9,75.9,75.9,75.9,75.9,75.9,75.9,75.9,26.4,75.9,75.9,75.9,75.9,75.9,75.9,75.9,75.9,75.9,75.9,72.4492933704131,75.9,75.9,75.9,75.9,75.9,75.9,75.9,75.9,75.9,75.9,75.9,26.4
14.0,34.0,40.25,40.25,40.25,40.25,39.620825140614684,39.620230661288176,39.61963618196167,39.61904170263517,39.61844722330868,39.61785274398217,39.61725826465566,40.25,39.61606930600267,39.61547482667616,39.614880347349654,39.614285868023146,39.61369138869665,39.61309690937016,39.61250243004365,39.61190795071714,39.611313471390645,39.61071899206415,39.61012451273764,39.60953003341113,40.25,39.608341074758144,39.607746595431635,40.25,40.25,40.25,40.25,40.25,40.25,39.60358524014612,39.60299076081962,39.602396281493114,39.601801802166605,39.60120732284011,39.600612843513616,39.60001836418711,40.25,40.25,39.59823492620761,40.25,39.59704596755459,39.596451488228084,40.25
0.0,40.25,39.62320305792069,39.62260857859418,40.25,40.25,40.25,40.25,40.25,40.25,40.25,40.25,40.25,40.25,40.25,40.25,40.25,40.25,40.25,40.25,40.25,40.25,40.25,40.25,40.25,40.25,39.60893555408464,40.25,40.25,39.60715211610513,40.25,39.60596315745214,40.25,39.60477419879912,39.60417971947261,40.25,40.25,40.25,40.25,40.25,40.25,40.25,39.5994238848606,40.25,40.25,39.5976404468811,40.25,40.25,40.25
0.0,40.25,40.25,40.25,39.62201409926767,39.62141961994118,40.25,40.25,40.25,40.25,40.25,40.25,40.25,39.616663785329166,40.25,40.25,40.25,40.25,40.25,40.25,40.25,40.25,40.25,40.25,40.25,40.25,40.25,40.25,40.25,40.25,39.60655763677863,40.25,39.60536867812563,40.25,40.25,40.25,40.25,40.25,40.25,40.25,40.25,40.25,40.25,39.598829405534104,40.25,40.25,40.25,40.25,39.59585700890159
5.88,16.905000000000005,16.905000000000005,16.905000000000005,16.905000000000005,0.0,0.0,0.0,0.0,0.0,0.0,0.0,0.0,0.0,0.0,0.0,0.0,0.0,0.0,0.0,0.0,0.0,0.0,0.0,0.0,0.0,0.0,0.0,0.0,0.0,0.0,0.0,0.0,0.0,0.0,0.0,0.0,0.0,0.0,0.0,0.0,0.0,0.0,0.0,0.0,0.0,0.0,0.0,0.0
0.0,0.0,0.0,0.0,0.0,0.0,0.0,0.0,0.0,0.0,0.0,0.0,0.0,0.0,0.0,0.0,0.0,0.0,0.0,0.0,0.0,0.0,0.0,0.0,0.0,0.0,0.0,0.0,0.0,0.0,0.0,0.0,0.0,0.0,0.0,0.0,0.0,0.0,0.0,0.0,0.0,0.0,0.0,0.0,0.0,0.0,0.0,0.0,0.0
0.0,0.0,0.0,0.0,0.0,0.0,0.0,0.0,0.0,0.0,0.0,0.0,0.0,0.0,0.0,0.0,0.0,0.0,0.0,0.0,0.0,0.0,0.0,0.0,0.0,0.0,0.0,0.0,0.0,0.0,0.0,0.0,0.0,0.0,0.0,0.0,0.0,0.0,0.0,0.0,0.0,0.0,0.0,0.0,0.0,0.0,0.0,0.0,0.0
120.0,0.0,0.0,0.0,0.0,0.0,0.0,0.0,0.0,0.0,0.0,0.0,0.0,0.0,0.0,0.0,0.0,0.0,0.0,0.0,0.0,0.0,0.0,143.75,143.75,143.75,143.75,143.75,143.75,143.75,143.75,143.75,143.75,143.75,143.75,143.75,143.75,0.0,0.0,0.0,0.0,0.0,0.0,0.0,0.0,0.0,0.0,0.0,0.0
120.0,130.0,63.75,63.75,63.75,63.75,63.75,63.75,63.75,63.75,63.75,50.0,63.75,50.0,50.0,50.0,50.0,50.0,50.0,63.75,63.75,63.75,63.75,130.0,130.0,130.0,130.0,130.0,130.0,130.0,130.0,130.0,130.0,130.0,130.0,130.0,130.0,0.0,0.0,0.0,0.0,0.0,0.0,0.0,0.0,0.0,0.0,0.0,0.0
0.0,130.0,63.75,63.75,63.75,63.75,63.75,63.75,63.75,50.0,50.0,50.0,50.0,50.0,50.0,50.0,50.0,50.0,50.0,63.75,63.75,63.75,63.75,130.0,130.0,130.0,130.0,130.0,130.0,130.0,130.0,130.0,130.0,130.0,130.0,130.0,130.0,0.0,0.0,0.0,0.0,0.0,0.0,0.0,0.0,0.0,0.0,0.0,0.0
14.0,0.0,0.0,0.0,0.0,0.0,0.0,0.0,0.0,0.0,0.0,0.0,0.0,0.0,0.0,0.0,0.0,0.0,0.0,0.0,0.0,0.0,0.0,0.0,0.0,0.0,0.0,0.0,0.0,0.0,0.0,0.0,0.0,0.0,0.0,0.0,0.0,0.0,0.0,0.0,0.0,0.0,0.0,0.0,0.0,0.0,0.0,0.0,0.0
0.0,0.0,0.0,0.0,0.0,0.0,0.0,0.0,0.0,0.0,0.0,0.0,0.0,0.0,0.0,0.0,0.0,0.0,0.0,0.0,0.0,0.0,0.0,0.0,0.0,0.0,0.0,0.0,0.0,0.0,0.0,0.0,0.0,0.0,0.0,0.0,0.0,0.0,0.0,0.0,0.0,0.0,0.0,0.0,0.0,0.0,0.0,0.0,0.0
0.0,0.0,0.0,0.0,0.0,0.0,0.0,0.0,0.0,0.0,0.0,0.0,0.0,0.0,0.0,0.0,0.0,0.0,0.0,0.0,0.0,0.0,0.0,0.0,0.0,0.0,0.0,0.0,0.0,0.0,0.0,0.0,0.0,0.0,0.0,0.0,0.0,0.0,0.0,0.0,0.0,0.0,0.0,0.0,0.0,0.0,0.0,0.0,0.0
0.0,0.0,0.0,0.0,0.0,0.0,0.0,0.0,0.0,0.0,0.0,0.0,0.0,0.0,0.0,0.0,0.0,0.0,0.0,0.0,0.0,0.0,0.0,0.0,0.0,0.0,0.0,0.0,0.0,0.0,0.0,0.0,0.0,0.0,0.0,0.0,0.0,0.0,0.0,0.0,0.0,0.0,0.0,0.0,0.0,0.0,0.0,0.0,0.0
6.0,10.920745000000112,10.920745000000023,10.920745000000023,10.920745000000023,10.920745000000023,10.920745000000023,10.920745000000023,10.920745000000023,10.92074500000039,10.92074500000039,10.92074500000039,10.92074500000039,10.92074500000039,10.92074500000039,10.92074500000039,10.92074500000039,10.92074500000039,10.92074500000039,10.92074500000039,10.92074500000039,10.92074500000039,10.92074500000039,10.92074500000039,10.92074500000039,10.92074500000039,10.92074500000039,10.92074500000039,10.92074500000039,10.92074500000039,10.92074500000039,10.92074500000039,10.92074500000039,10.92074500000039,10.92074500000039,10.92074500000039,10.92074500000039,10.92074500000039,10.92074500000039,10.92074500000039,10.92074500000039,10.92074500000039,10.92074500000039,10.92074500000039,10.92074500000039,10.92074500000039,10.92074500000039,10.92074500000039,10.92074500000039
0.0,0.0,0.0,0.0,0.0,0.0,0.0,0.0,0.0,0.0,0.0,0.0,0.0,0.0,0.0,0.0,0.0,0.0,0.0,0.0,0.0,0.0,0.0,0.0,0.0,0.0,0.0,0.0,0.0,0.0,0.0,0.0,0.0,0.0,0.0,0.0,0.0,0.0,0.0,0.0,0.0,0.0,0.0,0.0,0.0,0.0,0.0,0.0,0.0
0.0,0.0,0.0,0.0,0.0,0.0,0.0,0.0,0.0,0.0,0.0,0.0,0.0,0.0,0.0,0.0,0.0,0.0,0.0,0.0,0.0,0.0,0.0,0.0,0.0,0.0,0.0,0.0,0.0,0.0,0.0,0.0,0.0,0.0,0.0,0.0,0.0,0.0,0.0,0.0,0.0,0.0,0.0,0.0,0.0,0.0,0.0,0.0,0.0
0.0,0.0,0.0,0.0,0.0,0.0,0.0,0.0,0.0,0.0,0.0,0.0,0.0,0.0,0.0,0.0,0.0,0.0,0.0,0.0,0.0,0.0,0.0,0.0,0.0,0.0,0.0,0.0,0.0,0.0,0.0,0.0,0.0,0.0,0.0,0.0,0.0,0.0,0.0,0.0,0.0,0.0,0.0,0.0,0.0,0.0,0.0,0.0,0.0
15.72,35.72000000000002,45.19500000000001,45.195,45.195,29.43267492540526,0.0,0.0,0.0,0.0,0.0,0.0,0.0,0.0,0.0,0.0,0.0,0.0,0.0,38.378907558153756,27.928907558790456,28.780796070535878,38.37890755879045,43.15224745909084,23.152247459089878,38.37890755879045,22.65890755879046,15.719999999999992,15.719999999999992,15.719999999999992,15.719999999999992,15.719999999999992,15.719999999999992,15.719999999999992,15.719999999999992,19.146302075479483,15.719999999999992,35.72,45.195,45.195,34.92341675392324,15.720000000000006,35.72,0.0,0.0,0.0,0.0,0.0,0.0
0.0,45.195,45.19500000000001,45.195,45.195,25.195,15.719999999999999,15.719999999999995,15.719999999999999,15.719999999999999,15.719999999999999,0.0,0.0,0.0,0.0,0.0,0.0,0.0,0.0,0.0,0.0,0.0,0.0,0.0,0.0,0.0,15.719999999999992,15.719999999999992,15.719999999999992,15.719999999999992,15.719999999999992,15.719999999999992,15.719999999999992,19.146302076115333,15.719999999999992,15.719999999999992,15.719999999999992,35.72,45.195,45.195,35.71999999999999,15.719999999999992,35.72,0.0,0.0,0.0,0.0,0.0,0.0
0.0,41.55780431693795,32.069975610308845,32.057146903682806,32.044318197056775,25.310000000000002,25.310000000000002,25.310000000000002,25.310000000000002,25.310000000000002,25.310000000000002,25.310000000000002,25.310000000000002,25.310000000000002,25.310000000000002,25.310000000000002,25.310000000000002,25.310000000000002,25.310000000000002,25.310000000000002,35.76,34.908111488254576,25.310000000000002,35.76,25.310000000000002,25.310000000000002,25.310000000000002,32.248907558792126,32.24890755879237,32.24890755879238,32.24890755879238,32.248907556881534,32.248907557517185,35.76,25.310000000000002,35.76,25.310000000000002,25.310000000000002,32.11223381685889,32.099405110232865,25.310000000000002,25.310000000000002,35.76,35.76,25.310000000000002,25.310000000000002,25.310000000000002,25.310000000000002,25.310000000000002
16.0,36.0,36.0,36.0,26.0,36.0,36.0,36.0,36.0,36.0,36.0,36.0,36.0,36.0,36.0,36.0,36.0,36.0,36.0,29.288062276879543,36.0,36.0,26.0,26.0,26.0,26.0,26.0,26.0,35.54000113916288,26.0,26.0,26.0,26.0,36.0,26.0,36.0,26.0,26.0,26.0,26.0,26.0,36.0,26.0,36.0,29.58788453938279,36.0,36.0,36.0,26.0
0.0,0.0,0.0,0.0,0.0,0.0,0.0,0.0,0.0,0.0,0.0,0.0,0.0,0.0,0.0,0.0,0.0,0.0,19.97737498170295,26.689312704823408,19.97737498170295,19.97737498170295,29.97737498170295,29.97737498170295,29.97737498170295,29.97737498170295,29.97737498170295,29.97737498170295,20.43737384254007,29.97737498170295,29.97737498170295,29.97737498170295,29.97737498170295,19.97737498170295,0.0,0.0,0.0,0.0,0.0,0.0,0.0,0.0,0.0,0.0,0.0,0.0,0.0,0.0,29.97737498170295
0.0,19.97737498170295,19.977374981743196,19.977374981743196,29.977374981743196,19.977374981743196,19.977374981743196,19.977374981743196,19.977374981743196,19.977374981743196,19.977374981743196,19.977374981743196,19.977374981743196,19.97737498170295,19.97737498170295,19.97737498170295,19.97737498170295,19.97737498170295,0.0,0.0,0.0,0.0,0.0,0.0,0.0,0.0,0.0,0.0,0.0,0.0,0.0,0.0,0.0,0.0,29.97737498170295,19.97737498170295,29.97737498170295,29.97737498170295,29.97737498170295,29.97737498170295,29.97737498170295,19.97737498170295,29.97737498170295,19.97737498170295,26.38949044232016,19.97737498170295,19.97737498170295,19.97737498170295,0.0
25.4,70.40000000000003,0.0,0.0,0.0,0.0,0.0,0.0,0.0,0.0,0.0,0.0,0.0,0.0,0.0,0.0,0.0,0.0,0.0,0.0,0.0,0.0,25.400000000000002,61.09193896232304,61.09058279399278,73.025,61.087870457332315,73.025,61.08515812067182,61.08380195234159,61.082445784011355,61.081089615681094,73.025,61.07837727902063,73.025,61.075664942360135,61.0743087740299,61.07295260569966,61.07159643736942,61.07024026903918,61.06888410070894,61.0675279323787,61.06617176404846,61.064815595718215,61.063459427387976,61.062103259057736,61.06074709072749,0.0,0.0
0.0,0.0,0.0,0.0,0.0,0.0,0.0,0.0,0.0,0.0,0.0,0.0,0.0,0.0,0.0,0.0,0.0,0.0,0.0,0.0,0.0,0.0,0.0,73.025,73.025,61.08922662566255,73.025,61.086514289002054,73.025,73.025,73.025,73.025,61.07973344735086,73.025,61.07702111069004,73.025,73.025,73.025,73.025,73.025,73.025,73.025,73.025,73.025,73.025,73.025,73.025,0.0,0.0
19.12,24.97,0.0,0.0,0.0,0.0,0.0,0.0,0.0,0.0,0.0,0.0,0.0,0.0,0.0,0.0,0.0,0.0,0.0,0.0,0.0,0.0,0.0,0.0,0.0,0.0,0.0,0.0,0.0,0.0,0.0,0.0,0.0,0.0,0.0,0.0,0.0,0.0,0.0,0.0,0.0,0.0,0.0,0.0,0.0,0.0,0.0,0.0,0.0
0.0,25.89,25.89,25.89,25.397900992399972,25.89,19.439999999999994,19.439999999999994,19.439999999999998,19.439999999999998,19.439999999999998,19.439999999999998,19.439999999999994,19.439999999999994,19.439999999999994,19.439999999999998,19.439999999999998,0.0,0.0,0.0,0.0,0.0,0.0,0.0,0.0,0.0,0.0,0.0,0.0,0.0,0.0,0.0,0.0,0.0,0.0,0.0,0.0,0.0,0.0,0.0,0.0,0.0,0.0,0.0,0.0,0.0,0.0,0.0,0.0
350.0,0.0,0.0,0.0,0.0,0.0,0.0,0.0,0.0,0.0,0.0,0.0,0.0,0.0,0.0,0.0,0.0,0.0,0.0,0.0,0.0,0.0,0.0,0.0,0.0,0.0,0.0,0.0,0.0,0.0,0.0,0.0,0.0,0.0,0.0,0.0,0.0,0.0,0.0,0.0,0.0,0.0,0.0,0.0,0.0,0.0,0.0,0.0,0.0
350.0,0.0,0.0,0.0,0.0,0.0,0.0,0.0,0.0,0.0,0.0,0.0,0.0,0.0,0.0,0.0,0.0,0.0,0.0,0.0,0.0,0.0,0.0,0.0,0.0,0.0,0.0,0.0,0.0,0.0,0.0,0.0,0.0,0.0,0.0,0.0,0.0,0.0,0.0,0.0,0.0,0.0,0.0,0.0,0.0,0.0,0.0,0.0,0.0
350.0,0.0,0.0,0.0,0.0,0.0,0.0,0.0,0.0,0.0,0.0,0.0,0.0,0.0,0.0,0.0,0.0,0.0,0.0,0.0,0.0,0.0,0.0,0.0,0.0,0.0,0.0,0.0,0.0,0.0,0.0,0.0,0.0,0.0,0.0,0.0,0.0,0.0,0.0,0.0,0.0,0.0,0.0,0.0,0.0,0.0,0.0,0.0,0.0
350.0,0.0,0.0,0.0,0.0,0.0,0.0,0.0,0.0,0.0,0.0,0.0,0.0,0.0,0.0,0.0,0.0,0.0,0.0,0.0,0.0,0.0,0.0,0.0,0.0,0.0,0.0,0.0,0.0,0.0,0.0,0.0,0.0,0.0,0.0,0.0,0.0,0.0,0.0,0.0,0.0,0.0,0.0,0.0,0.0,0.0,0.0,0.0,0.0
350.0,0.0,0.0,0.0,0.0,0.0,0.0,0.0,0.0,0.0,0.0,226.85335586927664,226.85335586927664,226.85335586927664,226.85335586927664,226.85335586927664,226.85335586927664,226.85335586927664,226.85335586927664,226.85335586927664,226.85335586927664,226.85335586927664,226.85335586927664,226.85335586927664,226.85335586927664,226.85335586927664,226.85335586927664,226.85335586927664,226.85335586927664,226.85335586927664,226.85335586927664,226.85335586927664,226.85335586927664,226.85335586927664,226.85335586927664,226.85335586927664,226.85335586927664,226.85335586927664,226.85335586927664,226.85335586927664,226.85335586927664,226.85335586927664,226.85335586927664,226.85335586927664,226.85335586927664,226.85335586927664,226.85335586927664,226.85335586927664,226.85335586927664
150.0,50.0,50.0,58.00536056315438,58.00536056315438,50.0,58.00536056315438,50.0,58.00536056315438,58.00536056315438,58.00536056315438,58.00536056315438,58.00536056315438,50.0,50.0,58.00536056315438,50.0,58.00536056315438,58.00536056315438,50.0,58.00536056315438,50.0,50.0,58.00536056315438,58.00536056315438,0.0,0.0,0.0,0.0,0.0,0.0,0.0,0.0,0.0,0.0,58.00536056315438,58.00536056315438,50.0,58.00536056315438,58.00536056315438,50.0,50.0,58.00536056315438,50.0,58.00536056315438,50.0,50.0,58.00536056315438,50.0
150.0,58.00536056315438,58.00536056315438,50.0,50.0,58.00536056315438,50.0,58.00536056315438,50.0,50.0,50.0,50.0,50.0,58.00536056315438,58.00536056315438,50.0,58.00536056315438,50.0,50.0,58.00536056315438,50.0,58.00536056315438,58.00536056315438,0.0,0.0,0.0,0.0,0.0,0.0,0.0,0.0,0.0,0.0,0.0,0.0,0.0,50.0,58.00536056315438,50.0,50.0,58.00536056315438,58.00536056315438,50.0,58.00536056315438,50.0,58.00536056315438,58.00536056315438,50.0,58.00536056315438
150.0,0.0,0.0,0.0,0.0,0.0,0.0,0.0,0.0,0.0,0.0,0.0,0.0,0.0,0.0,0.0,0.0,0.0,0.0,0.0,0.0,0.0,0.0,0.0,0.0,0.0,58.00536056315438,58.00536056315438,58.00536056315438,58.00536056315438,58.00536056315438,58.00536056315438,58.00536056315438,108.00536056315438,108.00536056315438,50.0,0.0,0.0,0.0,0.0,0.0,0.0,0.0,0.0,0.0,0.0,0.0,0.0,0.0
150.0,0.0,0.0,0.0,0.0,0.0,0.0,0.0,0.0,0.0,0.0,0.0,0.0,0.0,0.0,0.0,0.0,0.0,0.0,0.0,0.0,0.0,0.0,50.0,50.0,108.00536056315438,50.0,50.0,50.0,50.0,50.0,50.0,50.0,0.0,0.0,0.0,0.0,0.0,0.0,0.0,0.0,0.0,0.0,0.0,0.0,0.0,0.0,0.0,0.0
70.0,30.0,86.25,30.0,30.0,30.0,30.0,30.0,30.0,30.0,86.25,30.0,30.0,86.25,86.25,86.25,86.25,86.25,30.0,86.25,30.0,86.25,30.0,30.0,30.0,30.0,86.25,30.0,86.25,86.25,86.25,86.25,86.25,86.25,86.25,86.25,30.0,86.25,86.25,86.25,86.25,86.25,86.25,86.25,86.25,86.25,30.0,86.25,0.0
70.0,30.0,86.25,30.0,86.25,86.25,30.0,30.0,30.0,86.25,30.0,30.0,58.376865179719076,86.25,86.25,30.0,86.25,30.0,86.25,30.0,30.0,30.0,30.0,30.0,30.0,30.0,30.0,86.25,30.0,30.0,86.25,47.161121158994945,49.334640756064545,30.0,30.0,86.25,30.0,86.25,86.25,30.0,30.0,30.0,86.25,30.0,86.25,86.25,86.25,86.25,86.25
70.0,86.25,86.25,86.25,86.25,86.25,86.25,86.25,86.25,86.25,86.25,86.25,86.25,86.25,86.25,86.25,86.25,86.25,86.25,86.25,30.0,86.25,47.03936978915959,30.0,30.0,86.25,86.25,86.25,86.25,86.25,86.25,86.25,86.25,86.25,30.0,86.25,86.25,30.0,30.0,30.0,42.28186321956582,30.0,30.0,30.0,42.28186321956582,86.25,30.0,30.0,30.0
70.0,86.25,30.0,30.0,30.0,30.0,30.0,30.0,30.0,30.0,30.0,30.0,30.0,30.0,30.0,86.25,30.0,30.0,30.0,86.25,30.0,30.0,30.0,30.0,86.25,86.25,86.25,86.25,86.25,63.87309163284692,30.0,30.0,30.0,30.0,51.56506944473311,30.0,30.0,86.25,68.53186321956582,30.0,86.25,30.0,30.0,30.0,86.25,30.0,86.25,86.25,86.25
70.0,86.25,86.25,86.25,86.25,86.25,86.25,86.25,86.25,86.25,86.25,86.25,86.25,86.25,86.25,86.25,86.25,86.25,86.25,86.25,86.25,68.53186321956582,86.25,30.0,86.25,86.25,86.25,30.0,30.0,86.25,30.0,30.0,30.0,86.25,30.0,30.0,86.25,30.0,30.0,30.0,30.0,86.25,30.0,30.0,30.0,30.0,86.25,68.53186321956582,30.0
70.0,86.25,30.0,30.0,30.0,30.0,30.0,30.0,30.0,30.0,30.0,30.0,30.0,30.0,30.0,30.0,30.0,30.0,30.0,30.0,30.0,30.0,30.0,86.25,30.0,86.25,86.25,86.25,30.0,86.25,30.0,30.0,30.0,30.0,30.0,85.67366305934809,30.0,86.25,30.0,30.0,30.0,30.0,30.0,30.0,30.0,30.0,30.0,86.25,86.25
70.0,86.25,86.25,86.25,86.25,86.25,86.25,86.25,86.25,86.25,86.25,86.25,30.0,86.25,86.25,39.66675171013658,86.25,86.25,86.25,86.25,86.25,30.0,86.25,30.0,86.25,86.25,86.25,30.0,30.0,86.25,30.0,30.0,86.25,86.25,86.25,86.25,86.25,30.0,30.0,30.0,30.0,30.0,30.0,30.0,30.0,32.895669735942555,82.37179841779789,30.0,30.0
70.0,30.0,30.0,30.0,30.0,30.0,30.0,30.0,30.0,30.0,30.0,30.0,30.0,86.25,30.0,30.0,30.0,30.0,30.0,30.0,30.0,30.0,30.0,86.25,30.0,86.25,86.25,86.25,30.0,86.25,30.0,30.0,30.0,30.0,30.0,30.0,30.0,86.25,86.25,30.0,86.25,30.0,30.0,30.0,30.0,30.0,30.0,86.25,86.25
70.0,30.0,30.0,30.0,30.0,30.0,30.0,30.0,30.0,30.0,30.0,30.0,30.0,68.53186321956582,30.0,30.0,30.0,30.0,30.0,30.0,30.0,30.0,30.0,86.25,86.25,86.25,61.22162357227516,86.25,86.25,86.25,86.25,30.0,30.0,30.0,30.0,30.0,30.0,86.25,86.25,30.0,86.25,86.25,30.0,86.25,30.0,30.0,86.25,86.25,86.25
70.0,30.0,30.0,30.0,30.0,30.0,30.0,30.0,30.0,30.0,30.0,30.0,30.0,30.0,30.0,30.0,30.0,30.0,30.0,30.0,30.0,30.0,30.0,30.0,86.25,86.25,30.0,86.25,30.0,86.25,86.25,30.0,30.0,30.0,30.0,30.0,44.83372340362634,86.25,86.25,86.25,86.25,86.25,86.25,86.25,30.0,86.25,86.25,86.25,86.25
70.0,30.0,30.0,30.0,30.0,30.0,30.0,30.0,30.0,30.0,30.0,30.0,30.0,86.25,30.0,30.0,30.0,30.0,30.0,30.0,30.0,30.0,30.0,30.0,86.25,86.25,30.0,86.25,30.0,86.25,86.25,30.0,30.0,30.0,30.0,30.0,30.0,86.25,86.25,86.25,86.25,86.25,86.25,86.25,86.25,86.25,86.25,30.0,86.25
70.0,86.25,30.0,30.0,30.0,30.0,30.0,30.0,30.0,30.0,30.0,30.0,30.0,86.25,30.0,30.0,30.0,30.0,30.0,30.0,30.0,30.0,30.0,30.0,86.25,86.25,30.0,86.25,30.0,30.0,30.0,30.0,30.0,30.0,30.0,30.0,30.0,86.25,86.25,86.25,30.0,86.25,86.25,86.25,86.25,86.25,86.25,30.0,0.0
70.0,86.25,30.0,30.0,30.0,86.25,30.0,30.0,30.0,30.0,30.0,30.0,30.0,30.0,30.0,30.0,30.0,30.0,30.0,30.0,30.0,30.0,30.0,30.0,0.0,0.0,0.0,0.0,0.0,0.0,0.0,0.0,0.0,0.0,30.0,30.0,86.25,86.25,86.25,86.25,86.25,86.25,86.25,86.25,86.25,86.25,86.25,86.25,86.25
70.0,30.0,86.25,30.0,86.25,68.53186321963449,30.0,30.0,86.25,86.25,30.0,30.0,86.25,86.25,30.0,30.0,30.0,86.25,30.0,30.0,86.25,86.25,30.0,30.0,86.25,86.25,30.0,86.25,86.25,30.0,86.25,30.0,30.0,30.0,30.0,30.0,86.25,86.25,86.25,86.25,86.25,86.25,86.25,86.25,86.25,86.25,86.25,30.0,86.25
70.0,30.0,30.0,86.25,30.0,86.25,30.0,30.0,30.0,86.25,30.0,30.0,86.25,86.25,30.0,30.0,30.0,30.0,30.0,86.25,30.0,30.0,30.0,30.0,30.0,86.25,86.25,86.25,86.25,30.0,86.25,30.0,86.25,30.0,86.25,30.0,86.25,86.25,86.25,86.25,30.0,30.0,86.25,86.25,86.25,86.25,30.0,86.25,86.25
70.0,86.25,30.0,86.25,68.53186321963449,30.0,86.25,30.0,30.0,30.0,86.25,86.25,86.25,30.0,30.0,30.0,30.0,30.0,30.0,30.0,86.25,86.25,86.25,30.0,30.0,86.25,30.0,86.25,86.25,30.0,30.0,86.25,86.25,86.25,30.0,86.25,30.0,86.25,30.0,86.25,86.25,86.25,86.25,86.25,86.25,30.0,30.0,30.0,86.25
70.0,38.02600200767546,30.0,30.0,30.0,30.0,86.25,30.0,30.0,30.0,30.0,30.0,30.0,30.0,30.0,30.0,86.25,30.0,30.0,30.0,30.0,86.25,30.0,30.0,86.25,86.25,30.0,86.25,86.25,30.0,86.25,86.25,86.25,86.25,30.0,86.25,30.0,30.0,86.25,86.25,86.25,86.25,86.25,86.25,86.25,86.25,86.25,86.25,86.25
70.0,30.0,86.25,86.25,30.0,30.0,30.0,30.0,86.25,86.25,30.0,38.531863219605384,30.0,30.0,30.0,58.86511150942924,86.25,30.0,30.0,30.0,30.0,86.25,30.0,30.0,86.25,86.25,86.25,86.25,86.25,30.0,36.00431380247716,30.0,30.0,30.0,30.0,86.25,30.0,86.25,86.25,86.25,86.25,42.28186321956582,86.25,86.25,86.25,86.25,86.25,86.25,86.25
70.0,64.25586121195448,86.25,86.25,86.25,86.25,86.25,86.25,86.25,86.25,86.25,30.0,30.0,86.25,86.25,86.25,86.25,86.25,86.25,30.0,86.25,30.0,86.25,30.0,86.25,30.0,86.25,30.0,30.0,30.0,30.0,30.0,86.25,52.60747713487625,86.25,30.0,86.25,30.0,30.0,30.0,30.0,30.0,30.0,30.0,30.0,30.0,30.0,30.0,30.0
70.0,86.25,30.0,86.25,30.0,30.0,30.0,86.25,30.0,86.25,30.0,30.0,86.25,30.0,86.25,86.25,86.25,30.0,86.25,86.25,66.94106149560531,86.25,30.0,86.25,30.0,86.25,30.0,86.25,86.25,30.0,86.25,86.25,30.0,30.0,30.0,86.25,30.0,30.0,86.25,86.25,86.25,86.25,86.25,86.25,86.25,39.386193483623266,30.0,30.0,30.0
70.0,86.25,30.0,86.25,30.0,30.0,30.0,30.0,30.0,30.0,57.588418102085924,86.25,30.0,86.25,38.15645666649854,86.25,86.25,86.25,30.0,86.25,86.25,86.25,30.0,86.25,86.25,30.0,86.25,86.25,86.25,30.0,30.0,30.0,86.25,86.25,86.25,30.0,86.25,30.0,86.25,86.25,86.25,86.25,86.25,86.25,86.25,86.25,30.0,86.25,86.25
70.0,86.25,30.0,86.25,30.0,86.25,30.0,68.53186321963449,68.53186321963449,30.0,30.0,86.25,86.25,30.0,86.25,86.25,86.25,86.25,86.25,86.25,86.25,86.25,30.0,86.25,86.25,86.25,86.25,86.25,86.25,86.25,86.25,86.25,86.25,86.25,86.25,86.25,86.25,30.0,86.25,86.25,86.25,86.25,86.25,86.25,86.25,86.25,86.25,86.25,86.25
70.0,86.25,86.25,86.25,86.25,86.25,86.25,86.25,86.25,86.25,86.25,86.25,86.25,86.25,86.25,30.0,56.50165827816135,51.473988965390525,59.82807255351672,86.25,86.25,86.25,86.25,57.561021854922984,53.84963066277044,30.0,86.25,30.0,30.0,30.0,30.0,86.25,86.25,86.25,73.21679377483271,86.25,30.0,30.0,30.0,30.0,30.0,30.0,30.0,30.0,30.0,30.0,86.25,30.0,30.0
70.0,86.25,30.0,86.25,86.25,30.0,86.25,86.25,86.25,30.0,86.25,30.0,0.0,0.0,0.0,0.0,0.0,0.0,0.0,0.0,0.0,0.0,86.25,86.25,86.25,86.25,86.25,86.25,30.0,86.25,86.25,86.25,30.0,86.25,86.25,86.25,86.25,86.25,86.25,86.25,86.25,86.25,86.25,86.25,86.25,86.25,86.25,86.25,86.25
70.0,86.25,86.25,86.25,86.25,86.25,86.25,86.25,86.25,86.25,86.25,86.25,40.15499803988631,86.25,86.25,30.0,86.25,86.25,86.25,30.0,86.25,86.25,86.25,86.25,30.0,30.0,86.25,30.0,30.0,30.0,30.0,86.25,86.25,86.25,86.25,30.0,86.25,30.0,30.0,30.0,30.0,30.0,30.0,30.0,30.0,86.25,86.25,30.0,30.0
70.0,86.25,86.25,30.0,86.25,86.25,86.25,86.25,86.25,86.25,86.25,30.0,86.25,30.0,86.25,86.25,86.25,86.25,86.25,86.25,86.25,30.0,86.25,86.25,30.0,86.25,86.25,86.25,86.25,86.25,30.0,86.25,30.0,30.0,86.25,30.0,86.25,86.25,86.25,86.25,86.25,86.25,86.25,86.25,86.25,86.25,30.0,86.25,86.25
70.0,30.0,86.25,86.25,86.25,86.25,86.25,86.25,86.25,86.25,86.25,86.25,86.25,30.0,86.25,86.25,86.25,86.25,86.25,86.25,86.25,86.25,86.25,86.25,86.25,86.25,86.25,30.0,86.25,86.25,30.0,86.25,86.25,86.25,86.25,86.25,0.0,0.0,0.0,0.0,0.0,0.0,0.0,0.0,0.0,0.0,86.25,86.25,30.0
70.0,86.25,86.25,86.25,86.25,86.25,86.25,86.25,86.25,86.25,67.19344511751946,86.25,86.25,86.25,60.37540655306728,86.25,86.25,86.25,86.25,30.0,86.25,86.25,86.25,86.25,86.25,30.0,30.0,36.10592555983675,30.0,34.6587715867189,62.527549417088665,86.25,49.19722246350128,86.25,86.25,39.108200160217734,86.25,30.0,30.0,30.0,30.0,30.0,30.0,30.0,30.0,86.25,30.0,30.0,30.0
70.0,86.25,86.25,86.25,86.25,86.25,86.25,86.25,86.25,86.25,86.25,86.25,86.25,86.25,30.0,86.25,86.25,30.0,86.25,86.25,86.25,86.25,86.25,86.25,86.25,86.25,37.31023964729066,86.25,30.0,30.0,30.0,86.25,30.0,86.25,86.25,30.0,86.25,30.0,30.0,30.0,30.0,30.0,30.0,30.0,30.0,30.0,30.0,30.0,30.0
70.0,86.25,86.25,86.25,86.25,86.25,86.25,86.25,86.25,86.25,86.25,86.25,86.25,30.0,86.25,86.25,86.25,86.25,86.25,68.53186321956582,86.25,30.0,86.25,86.25,86.25,86.25,30.0,30.0,86.25,86.25,86.25,86.25,86.25,86.25,86.25,30.0,86.25,86.25,86.25,86.25,86.25,86.25,86.25,86.25,86.25,86.25,30.0,86.25,86.25
70.0,86.25,86.25,86.25,86.25,86.25,86.25,86.25,86.25,86.25,86.25,86.25,30.0,86.25,86.25,30.0,30.0,86.25,86.25,86.25,86.25,86.25,86.25,86.25,30.0,33.38055661062063,30.0,30.0,30.0,30.0,86.25,30.0,86.25,30.0,86.25,30.0,86.25,30.0,30.0,30.0,30.0,30.0,30.0,42.28186321956582,30.0,30.0,30.0,30.0,30.0
70.0,86.25,86.25,86.25,86.25,86.25,86.25,86.25,86.25,86.25,86.25,30.0,86.25,86.25,86.25,86.25,30.0,86.25,86.25,86.25,86.25,86.25,86.25,30.0,30.0,30.0,30.0,30.0,68.53186321956582,30.0,30.0,86.25,30.0,86.25,86.25,86.25,30.0,30.0,30.0,30.0,30.0,30.0,30.0,30.0,30.0,30.0,86.25,30.0,30.0
70.0,86.25,86.25,30.0,86.25,86.25,86.25,86.25,86.25,86.25,86.25,86.25,86.25,86.25,86.25,86.25,86.25,86.25,86.25,86.25,86.25,86.25,86.25,86.25,86.25,30.0,86.25,30.0,86.25,86.25,86.25,86.25,86.25,86.25,86.25,86.25,86.25,86.25,86.25,86.25,86.25,86.25,86.25,86.25,86.25,30.0,30.0,86.25,86.25
70.0,30.0,86.25,86.25,86.25,86.25,86.25,86.25,86.25,86.25,30.0,86.25,86.25,86.25,30.0,86.25,30.0,86.25,86.25,86.25,31.59080172396051,86.25,86.25,30.0,30.0,30.0,30.0,30.0,30.0,86.25,30.0,51.370742060570876,30.0,30.0,30.0,86.25,53.698139815939484,30.0,30.0,30.0,30.0,30.0,30.0,30.0,30.0,30.0,30.0,30.0,30.0
70.0,86.25,86.25,86.25,86.25,86.25,86.25,86.25,86.25,86.25,30.0,86.25,86.25,30.0,86.25,86.25,86.25,86.25,86.25,86.25,86.25,86.25,86.25,86.25,86.25,30.0,86.25,86.25,30.0,86.25,86.25,86.25,30.0,86.25,86.25,86.25,86.25,86.25,86.25,86.25,86.25,86.25,86.25,86.25,86.25,86.25,86.25,86.25,86.25
70.0,86.25,86.25,86.25,86.25,86.25,86.25,86.25,86.25,86.25,86.25,86.25,86.25,30.0,86.25,86.25,86.25,86.25,86.25,86.25,86.25,86.25,86.25,86.25,86.25,30.0,86.25,30.0,86.25,86.25,86.25,86.25,86.25,86.25,86.25,86.25,86.25,30.0,86.25,86.25,86.25,86.25,86.25,86.25,86.25,86.25,86.25,86.25,86.25
70.0,30.0,86.25,86.25,86.25,30.0,86.25,86.25,86.25,86.25,86.25,86.25,86.25,86.25,86.25,86.25,86.25,86.25,86.25,86.25,86.25,86.25,86.25,86.25,86.25,65.15130660894519,86.25,86.25,86.25,86.25,86.25,86.25,86.25,86.25,86.25,86.25,86.25,86.25,30.0,86.25,86.25,86.25,86.25,86.25,86.25,86.25,86.25,86.25,86.25
70.0,86.25,30.0,86.25,86.25,86.25,86.25,86.25,86.25,86.25,86.25,86.25,86.25,86.25,86.25,86.25,86.25,86.25,86.25,86.25,30.0,86.25,86.25,86.25,86.25,86.25,86.25,86.25,86.25,86.25,86.25,86.25,86.25,30.0,86.25,86.25,86.25,86.25,86.25,86.25,86.25,86.25,86.25,86.25,86.25,86.25,86.25,86.25,86.25
70.0,86.25,86.25,30.0,86.25,86.25,30.0,86.25,86.25,86.25,86.25,86.25,86.25,30.0,86.25,86.25,86.25,86.25,86.25,86.25,86.25,86.25,86.25,86.25,86.25,86.25,30.0,86.25,30.0,86.25,86.25,86.25,86.25,86.25,86.25,86.25,86.25,86.25,86.25,86.25,30.0,86.25,86.25,86.25,86.25,86.25,86.25,86.25,86.25
70.0,30.0,86.25,30.0,30.0,30.0,30.0,30.0,30.0,30.0,86.25,86.25,86.25,86.25,30.0,86.25,30.0,86.25,86.25,86.25,86.25,86.25,86.25,86.25,30.0,30.0,30.0,86.25,86.25,30.0,86.25,86.25,86.25,45.92438608468957,86.25,30.0,86.25,30.0,30.0,86.25,30.0,86.25,30.0,30.0,30.0,30.0,86.25,30.0,30.0
70.0,86.25,86.25,30.0,30.0,86.25,86.25,86.25,30.0,30.0,86.25,86.25,86.25,86.25,86.25,86.25,86.25,86.25,38.7037906660491,86.25,30.0,86.25,86.25,67.22084136464284,44.682232556795384,30.0,30.0,86.25,86.25,86.25,86.25,86.25,86.25,86.25,86.25,86.25,86.25,30.0,30.0,30.0,0.0,0.0,0.0,0.0,0.0,0.0,0.0,0.0,0.0
70.0,86.25,86.25,86.25,86.25,30.0,86.25,86.25,30.0,30.0,86.25,86.25,30.0,86.25,30.0,86.25,42.03020494140447,86.25,86.25,86.25,86.25,86.25,30.0,86.25,86.25,86.25,86.25,30.0,86.25,86.25,86.25,30.0,86.25,86.25,30.0,86.25,30.0,86.25,86.25,86.25,86.25,86.25,86.25,86.25,86.25,86.25,86.25,86.25,86.25
70.0,86.25,86.25,86.25,86.25,86.25,86.25,30.0,86.25,86.25,86.25,86.25,86.25,86.25,86.25,86.25,86.25,86.25,30.0,86.25,86.25,86.25,86.25,30.0,30.0,86.25,86.25,62.42593765972907,86.25,86.25,30.0,86.25,86.25,30.0,30.0,86.25,30.0,86.25,86.25,86.25,86.25,86.25,86.25,86.25,86.25,86.25,86.25,86.25,86.25
70.0,86.25,68.53186321963449,86.25,86.25,86.25,86.25,86.25,86.25,86.25,86.25,30.0,86.25,86.25,86.25,30.0,86.25,86.25,86.25,86.25,86.25,86.25,86.25,86.25,30.0,86.25,86.25,86.25,86.25,86.25,86.25,86.25,86.25,86.25,86.25,86.25,30.0,86.25,86.25,86.25,86.25,86.25,86.25,86.25,86.25,30.0,86.25,86.25,86.25
0.0,86.25,86.25,30.0,86.25,86.25,86.25,86.25,86.25,86.25,86.25,86.25,86.25,86.25,86.25,86.25,86.25,86.25,86.25,86.25,86.25,86.25,86.25,86.25,86.25,30.0,86.25,86.25,86.25,86.25,86.25,86.25,86.25,86.25,30.0,86.25,86.25,86.25,86.25,86.25,86.25,86.25,86.25,86.25,86.25,86.25,86.25,86.25,86.25
0.0,0.0,0.0,0.0,0.0,0.0,0.0,0.0,0.0,0.0,30.0,86.25,86.25,86.25,86.25,86.25,86.25,86.25,86.25,86.25,86.25,86.25,86.25,86.25,86.25,86.25,86.25,86.25,86.25,30.0,86.25,30.0,86.25,86.25,86.25,86.25,86.25,86.25,30.0,68.53186321956582,86.25,30.0,86.25,86.25,86.25,86.25,72.41006480176793,30.0,72.28186321956582
0.0,30.0,30.0,86.25,86.25,86.25,86.25,86.25,86.25,86.25,30.0,86.25,86.25,86.25,86.25,86.25,86.25,47.057874254175296,86.25,30.0,86.25,30.0,86.25,86.25,86.25,30.0,86.25,86.25,86.25,86.25,86.25,86.25,86.25,86.25,86.25,30.0,86.25,86.25,86.25,30.0,86.25,86.25,86.25,86.25,86.25,86.25,30.0,86.25,86.25
0.0,86.25,86.25,86.25,86.25,86.25,86.25,86.25,86.25,86.25,86.25,86.25,86.25,30.0,86.25,86.25,86.25,30.0,86.25,30.0,86.25,30.0,86.25,86.25,86.25,86.25,30.0,30.0,86.25,86.25,86.25,86.25,86.25,86.25,86.25,86.25,86.25,86.25,86.25,86.25,86.25,86.25,86.25,86.25,86.25,86.25,30.0,86.25,86.25
0.0,0.0,86.25,86.25,30.0,86.25,86.25,86.25,86.25,68.53186321960538,86.25,86.25,30.0,30.0,86.25,86.25,30.0,30.0,30.0,86.25,30.0,30.0,77.74249343040623,86.25,86.25,86.25,86.25,30.0,86.25,86.25,86.25,86.25,86.25,86.25,86.25,86.25,86.25,68.53186321956582,30.0,86.25,86.25,86.25,42.28186321956582,30.0,30.0,86.25,86.25,30.0,30.0
0.0,0.0,30.0,68.53186321963449,86.25,30.0,68.53186321963449,86.25,86.25,30.0,86.25,86.25,86.25,30.0,86.25,30.0,30.0,86.25,86.25,30.0,86.25,30.0,30.0,86.25,30.0,30.0,86.25,30.0,86.25,86.25,86.25,86.25,86.25,86.25,86.25,86.25,86.25,86.25,86.25,86.25,86.25,86.25,86.25,86.25,86.25,86.25,86.25,86.25,86.25
70.0,0.0,0.0,0.0,0.0,0.0,0.0,0.0,0.0,0.0,0.0,0.0,0.0,0.0,0.0,0.0,0.0,0.0,29.32,29.32,29.32,29.32,29.32,29.32,29.32,84.295,29.32,29.320000000087006,81.52000000008721,0.0,0.0,0.0,0.0,0.0,0.0,0.0,0.0,0.0,0.0,84.295,84.295,84.295,84.295,84.295,84.295,84.295,84.295,84.295,84.295
70.0,29.32,29.32,29.32,29.32,29.32,29.32,29.32,29.32,29.32,29.32,29.32,29.32,0.0,0.0,0.0,0.0,0.0,0.0,0.0,0.0,0.0,0.0,29.32,29.32,29.32,29.32,29.32,29.32,84.295,84.295,29.32,29.32,0.0,0.0,0.0,0.0,0.0,0.0,0.0,0.0,0.0,0.0,84.295,84.295,84.295,84.295,29.32,84.295
70.0,29.32,29.32,29.32,29.32,29.32,29.32,29.32,29.32,29.32,29.32,29.32,29.32,29.32,29.32,29.32,29.32,29.32,0.0,0.0,0.0,0.0,0.0,0.0,0.0,0.0,0.0,0.0,0.0,0.0,0.0,0.0,0.0,0.0,0.0,0.0,0.0,84.295,84.295,84.295,84.295,84.295,84.295,84.295,84.295,84.295,84.295,84.295,84.295
70.0,0.0,0.0,0.0,0.0,0.0,0.0,0.0,0.0,0.0,0.0,0.0,0.0,0.0,0.0,0.0,0.0,29.32,29.32,29.32,29.32,84.295,29.32,29.32,29.32,29.32,84.295,29.32,0.0,0.0,0.0,0.0,0.0,0.0,0.0,0.0,0.0,0.0,84.295,84.295,84.295,84.295,84.295,84.295,84.295,84.295,84.295,84.295,84.295
70.0,0.0,0.0,0.0,0.0,0.0,0.0,0.0,0.0,0.0,0.0,0.0,0.0,0.0,0.0,0.0,0.0,0.0,0.0,0.0,0.0,0.0,0.0,0.0,0.0,0.0,0.0,29.32,29.32,29.32,84.295,84.295,29.32,84.295,29.32,29.32000000008722,29.32,84.295,84.295,84.295,84.295,84.295,0.0,0.0,0.0,0.0,0.0,0.0,0.0
70.0,0.0,0.0,0.0,0.0,0.0,0.0,0.0,0.0,0.0,0.0,0.0,0.0,29.32,29.32,29.32,29.32,29.32,29.32,29.32,29.32,29.32,29.32,29.32,29.32,0.0,0.0,0.0,0.0,0.0,0.0,0.0,0.0,0.0,0.0,0.0,0.0,84.29499999999997,84.295,84.295,84.295,84.295,84.295,84.295,84.295,84.295,84.295,84.295,84.295
70.0,29.32,29.32,29.32,29.32,29.32,29.32,29.32,29.32,29.32,84.295,29.32,29.32,29.32,51.69671271778125,29.32,76.05671271778127,45.25671271778128,43.776712717781265,29.32,29.32,42.23926044455107,29.32,29.32,29.32,29.32,29.32,0.0,0.0,0.0,0.0,0.0,0.0,0.0,0.0,0.0,0.0,84.295,53.4215139798621,29.32,29.32,60.17225224059569,29.32,29.32,84.295,29.32,29.32,84.295,84.295
70.0,29.32,29.32,29.32,29.32,29.32,29.32,29.32,29.32,29.32,84.295,29.32,84.295,29.32,29.32,29.32,29.32,29.32,29.32,29.32,66.65671271784908,29.32,29.32,29.32,29.32,84.295,29.32,84.295,62.13671271778112,84.295,84.295,29.32,29.32,29.32,84.295,30.29671271778121,29.32,84.295,84.295,84.295,29.32,29.32,29.32,84.295,84.295,84.295,29.32,84.295,63.931513979862146
70.0,29.32,29.32,29.32,29.32,29.32,29.32,29.32,29.32,29.32,0.0,0.0,0.0,0.0,0.0,0.0,0.0,0.0,0.0,0.0,0.0,0.0,0.0,0.0,0.0,0.0,0.0,0.0,0.0,0.0,0.0,0.0,0.0,0.0,0.0,0.0,0.0,84.295,84.295,29.32,46.981513979861546,29.32,29.32,29.32,29.32,29.32,29.32,29.32,29.32
70.0,0.0,0.0,0.0,0.0,0.0,0.0,0.0,0.0,0.0,0.0,0.0,0.0,0.0,0.0,0.0,0.0,29.32,29.32,66.65671271786996,29.32,29.32,29.32,29.32,29.32,29.32,29.32,0.0,0.0,0.0,0.0,0.0,0.0,0.0,0.0,0.0,0.0,84.295,84.295,84.295,84.295,84.295,84.295,84.295,84.295,84.295,84.295,84.295,84.295
70.0,0.0,0.0,0.0,0.0,0.0,0.0,0.0,0.0,0.0,0.0,0.0,0.0,0.0,0.0,0.0,0.0,0.0,0.0,0.0,0.0,0.0,29.32,29.32,29.32,29.32,84.295,29.32,29.32,84.295,29.32,29.32,29.32,84.295,29.32,29.32,29.32,29.32,29.32,29.32,29.32,29.32,29.32,84.295,84.295,29.32,81.85151397986232,29.32,29.32
70.0,29.32,29.32,29.32,29.32,29.32,29.32,29.32,29.32,29.32,29.32,29.32,29.32,29.32,29.32,0.0,0.0,0.0,0.0,0.0,0.0,0.0,0.0,0.0,0.0,0.0,0.0,0.0,0.0,0.0,0.0,29.32,29.32,29.32,83.20171271786843,29.32,29.32,84.295,84.295,84.295,84.295,84.295,84.295,84.295,84.295,84.295,84.295,84.295,84.295
70.0,0.0,0.0,0.0,0.0,0.0,0.0,0.0,0.0,0.0,0.0,0.0,0.0,29.31999999998277,29.32,29.32,29.32,29.32,29.320000000086793,29.32,29.32,29.32,29.32,29.32,29.32,0.0,0.0,0.0,0.0,0.0,0.0,0.0,0.0,0.0,0.0,0.0,29.32,84.295,84.295,84.295,29.32,53.77426174137908,84.295,84.295,84.295,84.295,84.295,84.295,84.295
70.0,0.0,0.0,0.0,0.0,0.0,0.0,0.0,0.0,0.0,0.0,0.0,0.0,0.0,0.0,0.0,0.0,0.0,0.0,29.32,29.32,29.32,29.32,29.32,29.32,71.54671271786835,29.32,29.32,29.32,0.0,0.0,0.0,0.0,0.0,0.0,0.0,0.0,0.0,0.0,84.295,29.32,84.295,84.295,84.295,84.295,84.295,84.295,84.295,84.295
70.0,41.001712717868216,29.32,29.320000000004256,29.32,29.32,29.319999999979927,29.32,29.32,29.32,29.320000000086452,29.32,29.32000000008668,29.32,29.32,0.0,0.0,0.0,0.0,0.0,0.0,0.0,0.0,0.0,0.0,0.0,29.32,29.32,29.32,29.32,29.32,83.13171271786831,29.32,29.32,29.32,29.32,29.32,84.295,84.295,84.295,84.295,84.295,84.295,84.295,84.295,84.295,84.295,84.295,84.295
70.0,84.295,29.32,29.32,29.32,29.32,29.32,29.32,29.32,29.320000000086793,0.0,0.0,0.0,0.0,0.0,0.0,0.0,0.0,0.0,0.0,0.0,0.0,29.32,29.32,84.295,29.32,39.45171271786839,29.32,29.32,84.295,29.32,84.295,84.295,84.295,29.32,29.32,29.32,84.295,84.295,84.295,29.32,0.0,0.0,0.0,0.0,0.0,0.0,0.0,0.0
70.0,29.32,29.32,29.32,29.32,29.32,0.0,0.0,0.0,0.0,0.0,0.0,0.0,0.0,0.0,0.0,0.0,0.0,29.32,29.32,29.32,29.32,29.32,29.32,29.32,29.32,29.32,29.32,0.0,0.0,0.0,0.0,0.0,0.0,0.0,0.0,0.0,0.0,84.295,46.981513979861475,84.295,84.295,84.295,84.295,84.295,81.85151397986255,29.32,29.32,84.295
70.0,0.0,0.0,0.0,0.0,0.0,0.0,0.0,0.0,0.0,0.0,0.0,0.0,0.0,0.0,0.0,29.32,29.32,29.32,29.32,29.32,29.32,29.32,42.81671271786834,29.32,29.32,29.32,29.32,0.0,0.0,0.0,0.0,0.0,0.0,0.0,0.0,0.0,0.0,84.295,84.295,84.295,29.32,84.295,29.32,84.295,84.295,84.295,84.295,84.295
70.0,29.32,29.32,29.32,29.32,29.32,29.32,29.32,29.320000000086793,0.0,0.0,0.0,0.0,0.0,0.0,0.0,0.0,0.0,0.0,0.0,0.0,0.0,0.0,0.0,0.0,0.0,0.0,0.0,0.0,0.0,0.0,0.0,0.0,0.0,0.0,0.0,0.0,0.0,84.295,84.295,84.295,84.295,84.295,29.32,84.295,84.295,84.295,84.295,84.295
70.0,0.0,0.0,0.0,0.0,0.0,0.0,0.0,0.0,0.0,0.0,0.0,0.0,29.32,29.32,29.32,29.32,29.32,29.32,29.32,29.32,29.32,29.32,29.32,29.32,29.32,84.295,29.32,0.0,0.0,0.0,0.0,0.0,0.0,0.0,0.0,0.0,0.0,84.295,84.295,84.295,84.295,84.295,72.06820789346212,32.09500000292397,84.295,84.295,84.295,84.295
70.0,29.32,29.32,29.32,29.32,29.32,29.32,29.32,29.32,29.32,0.0,0.0,0.0,0.0,0.0,0.0,0.0,0.0,0.0,0.0,0.0,0.0,0.0,0.0,29.32,29.32,29.32,29.32,29.32,29.32,29.32,84.295,84.295,29.320000000086765,29.32,29.32,29.32,84.295,84.295,84.295,29.32,84.295,84.295,29.32,84.295,84.295,84.295,84.295,84.295
70.0,0.0,0.0,0.0,0.0,0.0,0.0,0.0,0.0,0.0,0.0,29.32,29.32,29.32,29.32,29.32,29.32,29.32,29.32,29.32,29.32,29.32,81.52000000008869,0.0,0.0,0.0,0.0,0.0,0.0,0.0,0.0,0.0,0.0,0.0,0.0,0.0,29.32,84.295,84.295,84.295,84.295,84.295,84.295,29.32,84.295,84.295,84.295,84.295,0.0
70.0,29.32,29.32,0.0,0.0,0.0,0.0,0.0,0.0,0.0,0.0,0.0,0.0,0.0,0.0,29.31999999998459,29.32,29.32,29.32,29.32,29.32,29.32,29.32,29.32,29.32,0.0,0.0,0.0,0.0,0.0,0.0,0.0,0.0,0.0,0.0,0.0,0.0,84.295,84.295,84.295,84.295,84.295,84.295,84.295,84.295,84.295,84.295,84.295,0.0
70.0,0.0,0.0,0.0,0.0,0.0,0.0,0.0,0.0,0.0,0.0,0.0,0.0,0.0,0.0,0.0,0.0,0.0,0.0,0.0,0.0,0.0,0.0,0.0,0.0,0.0,0.0,0.0,0.0,0.0,0.0,0.0,0.0,0.0,0.0,0.0,29.32,84.295,84.295,84.295,84.295,84.295,84.295,84.295,84.295,84.295,84.295,84.295,84.295
60.0,0.0,0.0,0.0,0.0,0.0,0.0,0.0,0.0,0.0,0.0,0.0,0.0,0.0,0.0,0.0,0.0,0.0,0.0,0.0,0.0,0.0,0.0,0.0,0.0,0.0,0.0,0.0,0.0,0.0,0.0,0.0,0.0,0.0,0.0,0.0,0.0,0.0,0.0,0.0,0.0,0.0,0.0,0.0,0.0,0.0,0.0,0.0,0.0
60.0,0.0,0.0,0.0,0.0,0.0,0.0,0.0,0.0,0.0,0.0,0.0,0.0,0.0,0.0,0.0,0.0,0.0,0.0,0.0,0.0,0.0,0.0,0.0,0.0,0.0,0.0,0.0,0.0,0.0,0.0,0.0,0.0,0.0,0.0,0.0,0.0,0.0,0.0,0.0,0.0,0.0,0.0,0.0,0.0,0.0,0.0,0.0,0.0
60.0,0.0,0.0,0.0,0.0,0.0,0.0,0.0,0.0,0.0,0.0,0.0,0.0,0.0,0.0,0.0,0.0,0.0,0.0,0.0,0.0,0.0,0.0,0.0,0.0,0.0,0.0,0.0,0.0,0.0,0.0,0.0,0.0,0.0,0.0,0.0,0.0,0.0,0.0,0.0,0.0,0.0,0.0,0.0,0.0,0.0,0.0,0.0,0.0
60.0,0.0,0.0,0.0,0.0,0.0,0.0,0.0,0.0,0.0,0.0,0.0,0.0,0.0,0.0,0.0,0.0,0.0,0.0,0.0,0.0,0.0,0.0,0.0,0.0,0.0,0.0,0.0,0.0,0.0,0.0,0.0,0.0,0.0,0.0,0.0,0.0,0.0,0.0,0.0,0.0,0.0,0.0,0.0,0.0,0.0,0.0,0.0,0.0
60.0,0.0,0.0,0.0,0.0,0.0,0.0,0.0,0.0,0.0,0.0,0.0,0.0,0.0,0.0,0.0,0.0,0.0,0.0,0.0,0.0,0.0,0.0,0.0,0.0,0.0,0.0,0.0,0.0,0.0,0.0,0.0,0.0,0.0,0.0,0.0,0.0,0.0,0.0,0.0,0.0,0.0,0.0,0.0,0.0,0.0,0.0,0.0,0.0
60.0,0.0,0.0,0.0,0.0,0.0,0.0,0.0,0.0,0.0,0.0,0.0,0.0,0.0,0.0,0.0,0.0,0.0,0.0,0.0,0.0,0.0,0.0,0.0,0.0,0.0,0.0,0.0,0.0,0.0,0.0,0.0,0.0,0.0,0.0,0.0,0.0,0.0,0.0,0.0,0.0,0.0,0.0,0.0,0.0,0.0,0.0,0.0,0.0
60.0,27.83999999999999,27.839999999999996,68.13671271784094,27.839999999999996,27.839999999999996,41.7767127177815,27.83999999999999,27.83999999999999,27.839999999999996,27.839999999999996,27.839999999999996,27.839999999999996,27.839999999999996,80.04,80.04,27.839999999999996,27.83999999999999,27.83999999999999,27.83999999999999,27.83999999999999,27.839999999999996,27.839999999999996,27.839999999999996,27.839999999999996,27.839999999999996,27.839999999999996,27.839999999999996,80.04,80.04,80.04,27.839999999999996,27.839999999999996,27.83999999999999,27.839999999999996,80.04,27.83999999999999,80.04,27.839999999999996,27.83999999999999,27.839999999999996,80.04,27.839999999999996,80.04,69.27151397986158,80.04,27.839999999999996,80.04,80.04
60.0,27.83999999999999,27.83999999999999,27.839999999999996,27.83999999999999,27.83999999999999,27.83999999999999,27.83999999999999,27.83999999999999,27.839999999999996,27.839999999999996,27.839999999999996,27.839999999999996,80.04,27.839999999999996,27.83999999999999,27.839999999999996,80.04,27.839999999999996,27.839999999999996,27.83999999999999,27.839999999999996,27.839999999999996,27.839999999999996,27.839999999999996,27.839999999999996,27.839999999999996,80.04,80.04,27.839999999999996,27.839999999999996,27.839999999999996,51.03671271778151,27.83999999999999,27.839999999999996,80.04,27.83999999999999,80.04,27.839999999999996,27.839999999999996,27.839999999999996,27.839999999999996,27.839999999999996,27.839999999999996,27.839999999999996,80.04,80.04,80.04,80.04
60.0,27.83999999999999,27.83999999999999,27.839999999999996,27.83999999999999,27.83999999999999,27.83999999999999,27.83999999999999,27.839999999999996,27.839999999999996,27.839999999999996,27.839999999999996,78.24171271778147,27.83999999999999,27.839999999999996,79.53671271778128,27.839999999999996,27.839999999999996,27.839999999999996,27.83999999999999,27.83999999999999,27.839999999999996,27.839999999999996,27.839999999999996,27.839999999999996,27.839999999999996,27.839999999999996,80.04,80.04,27.839999999999996,80.04,80.04,27.839999999999996,79.65171271778169,27.839999999999996,80.04,27.83999999999999,80.04,27.839999999999996,27.839999999999996,27.839999999999996,27.839999999999996,27.839999999999996,27.839999999999996,27.839999999999996,27.839999999999996,80.04,80.04,27.839999999999996
60.0,27.839999999999996,27.83999999999999,27.83999999999999,27.839999999999996,27.83999999999999,27.83999999999999,27.839999999999996,27.83999999999999,27.83999999999999,27.839999999999996,27.839999999999996,27.839999999999996,74.57671271778126,27.839999999999996,80.04,80.04,27.83999999999999,27.83999999999999,27.83999999999999,27.839999999999996,27.839999999999996,27.839999999999996,27.839999999999996,27.839999999999996,27.839999999999996,27.839999999999996,72.84171271778138,80.04,27.839999999999996,64.32171271778118,27.839999999999996,27.839999999999996,27.83999999999999,27.839999999999996,27.839999999999996,27.839999999999996,80.04,27.839999999999996,27.839999999999996,80.04,27.839999999999996,27.839999999999996,80.04,27.839999999999996,27.839999999999996,27.839999999999996,59.192341506864594,80.04
60.0,27.83999999999999,27.839999999999996,27.83999999999999,27.839999999999996,27.83999999999999,27.83999999999999,27.83999999999999,27.839999999999996,80.04,27.839999999999996,27.839999999999996,27.839999999999996,27.83999999999999,27.83999999998275,27.83999999999999,27.83999999999999,27.83999999999999,27.839999999999996,27.839999999999996,27.83999999999999,27.83999999999999,27.83999999999999,27.83999999999999,61.44171271786827,0.0,0.0,0.0,0.0,0.0,0.0,0.0,0.0,0.0,0.0,27.83999999999999,27.83999999999999,80.04,27.839999999999996,27.839999999999996,27.839999999999996,27.839999999999996,27.839999999999996,43.173306088084516,27.839999999999996,27.839999999999996,27.839999999999996,27.839999999999996,27.839999999999996
60.0,27.83999999999999,38.81671271778142,27.839999999999996,40.29671271778144,27.83999999999999,27.83999999999999,27.83999999999999,27.83999999999999,27.83999999999999,80.04,80.04,27.839999999999996,27.83999999999999,27.83999999999999,27.83999999999999,27.83999999999999,27.83999999999999,27.839999999999996,27.839999999999996,27.83999999999999,27.83999999999999,0.0,0.0,0.0,0.0,0.0,0.0,0.0,0.0,0.0,0.0,33.39000000008676,27.83999999999999,27.83999999999999,27.83999999999999,27.83999999999999,80.04,27.839999999999996,27.839999999999996,27.839999999999996,80.04,57.49151397986224,27.839999999999996,27.839999999999996,27.839999999999996,27.839999999999996,80.04,80.04
60.0,27.839999999999996,27.839999999999996,27.83999999999999,27.839999999999996,40.296712717781425,27.83999999999999,27.839999999999996,69.61671271778144,46.736712717781295,27.839999999999996,80.04,80.04,27.83999999999999,27.83999999999999,27.83999999999999,27.83999999999999,27.83999999999999,80.04,27.839999999999996,27.83999999999999,0.0,0.0,0.0,0.0,0.0,0.0,0.0,0.0,0.0,0.0,0.0,0.0,0.0,0.0,0.0,27.83999999999999,80.04,27.839999999999996,27.839999999999996,80.04,27.839999999999996,80.04,80.04,27.839999999999996,27.839999999999996,27.839999999999996,80.04,80.04
60.0,27.83999999999999,27.83999999999999,27.83999999999999,27.83999999999999,27.83999999999999,27.83999999999999,27.83999999999999,0.0,0.0,0.0,0.0,0.0,0.0,0.0,0.0,0.0,0.0,0.0,0.0,0.0,0.0,0.0,0.0,0.0,0.0,0.0,0.0,0.0,0.0,0.0,0.0,0.0,0.0,0.0,0.0,0.0,80.04,80.04,80.04,80.04,80.04,80.03999999999998,80.04,80.04,77.26500000272263,80.04,0.0,0.0
60.0,0.0,0.0,0.0,0.0,0.0,0.0,0.0,0.0,0.0,0.0,27.83999999999999,27.83999999999999,27.83999999999999,27.83999999999999,27.83999999999999,27.83999999999999,27.83999999999999,27.83999999999999,27.83999999999999,27.83999999999999,0.0,0.0,0.0,0.0,0.0,0.0,0.0,0.0,0.0,0.0,0.0,0.0,0.0,0.0,0.0,27.83999999999999,80.04,80.04,80.04,80.04,80.04,80.04,80.04,80.04,80.04,80.04,80.04,80.04
60.0,0.0,0.0,0.0,0.0,0.0,0.0,0.0,0.0,0.0,0.0,0.0,27.83999999999999,27.83999999999999,27.83999999999999,27.83999999999999,27.83999999999999,27.83999999999999,27.83999999999999,27.83999999999999,27.840000000019018,52.9624522733172,0.0,0.0,0.0,0.0,0.0,0.0,0.0,0.0,0.0,0.0,0.0,0.0,27.83999999999999,27.83999999999999,27.83999999999999,80.04,80.04,80.04,80.04,80.04,80.04,80.04,27.83999999999999,80.04,80.04,80.04,80.04
60.0,0.0,0.0,0.0,0.0,0.0,0.0,0.0,0.0,0.0,0.0,0.0,0.0,0.0,0.0,0.0,27.83999999999999,27.84000000008689,27.83999999999999,27.83999999999999,27.83999999999999,27.83999999999999,27.83999999999999,80.04,27.83999999999999,27.83999999999999,27.83999999999999,27.83999999999999,27.83999999999999,80.04,27.83999999999999,80.04,80.04,80.04,27.83999999999999,27.83999999999999,27.83999999999999,80.04,80.04,80.04,80.04,80.04,80.04,80.04,80.04,80.04,80.04,80.04,80.04
60.0,27.83999999999999,27.83999999999999,27.83999999999999,27.84000000008666,27.83999999999999,27.83999999999999,27.839999999979796,27.83999999999999,27.83999999999999,0.0,0.0,0.0,0.0,0.0,0.0,0.0,0.0,0.0,0.0,0.0,0.0,0.0,0.0,0.0,0.0,0.0,0.0,0.0,0.0,0.0,0.0,0.0,0.0,0.0,0.0,0.0,80.04,80.04,80.04,80.04,80.04,80.04,80.04,80.04,80.04,80.04,80.04,80.04
60.0,27.83999999999999,27.840000000086775,27.83999999999999,27.83999999999999,27.840000000086775,0.0,0.0,0.0,0.0,0.0,0.0,0.0,0.0,0.0,0.0,0.0,0.0,0.0,0.0,0.0,0.0,0.0,80.04,27.83999999999999,80.04,27.83999999999999,27.83999999999999,27.83999999999999,27.83999999999999,27.83999999999999,27.83999999999999,80.04,27.83999999999999,27.83999999999999,27.83999999999999,27.83999999999999,80.04,80.04,80.04,80.04,80.04,80.04,80.04,80.04,27.83999999999999,80.04,80.04,80.04
0.0,0.0,0.0,0.0,0.0,0.0,27.83999999999999,27.83999999999999,27.83999999999999,27.83999999999999,27.83999999999999,27.83999999999999,27.83999999999999,27.83999999999999,27.83999999999999,27.83999999999999,27.83999999999999,27.83999999999999,0.0,0.0,0.0,0.0,0.0,0.0,0.0,0.0,0.0,0.0,0.0,0.0,0.0,0.0,0.0,0.0,0.0,0.0,0.0,80.04,80.04,80.04,80.04,80.04,80.04,80.04,80.04,80.04,80.04,27.83999999999999,27.839999999999996
0.0,0.0,0.0,0.0,27.83999999999999,27.83999999999999,27.83999999999999,27.83999999999999,27.83999999999999,27.83999999999999,27.83999999999999,27.83999999999999,27.83999999999999,27.83999999999999,0.0,0.0,0.0,0.0,0.0,0.0,0.0,0.0,0.0,0.0,0.0,0.0,0.0,0.0,0.0,0.0,0.0,0.0,0.0,0.0,27.83999999999999,27.83999999999999,27.83999999999999,80.04,80.04,80.04,38.94000000145539,80.04,80.04,80.04,80.04,80.04,80.04,27.83999999999999,80.04
0.0,27.83999999999999,27.83999999999999,27.83999999999999,27.83999999999999,27.83999999999999,27.83999999999999,27.83999999999999,27.839999999999996,27.839999999999996,52.58671271778164,53.176712717781314,27.839999999999996,27.839999999999996,80.04,27.839999999999996,27.839999999999996,27.839999999999996,27.839999999999996,27.839999999999996,27.839999999999996,27.839999999999996,27.839999999999996,0.0,0.0,0.0,0.0,0.0,0.0,0.0,0.0,0.0,0.0,0.0,0.0,27.83999999999999,27.83999999999999,80.04,27.839999999999996,27.839999999999996,80.04,80.04,80.04,27.839999999999996,27.839999999999996,27.839999999999996,27.839999999999996,27.839999999999996,27.839999999999996
0.0,0.0,27.83999999999999,27.83999999999999,27.83999999999999,27.83999999999999,27.83999999999999,27.83999999999999,27.83999999999999,27.83999999999999,27.83999999999999,27.83999999999999,0.0,0.0,0.0,0.0,0.0,0.0,0.0,0.0,0.0,0.0,0.0,0.0,0.0,0.0,0.0,0.0,0.0,0.0,0.0,0.0,0.0,27.83999999999999,27.83999999999999,27.83999999999999,27.83999999999999,27.839999999999996,27.839999999999996,27.839999999999996,80.04,27.839999999999996,80.04,80.04,80.04,27.839999999999996,27.839999999999996,27.839999999999996,27.839999999999996
0.0,27.839999999999996,27.83999999999999,27.83999999999999,27.83999999999999,27.839999999999996,27.83999999999999,41.77671271778144,27.839999999999996,27.839999999999996,27.839999999999996,27.83999999999999,27.839999999999996,27.839999999999996,27.839999999999996,27.83999999999999,27.839999999999996,27.839999999999996,27.839999999999996,27.839999999999996,27.839999999999996,27.839999999999996,65.69671271778122,0.0,0.0,0.0,0.0,0.0,0.0,0.0,0.0,0.0,0.0,27.83999999999999,80.04,27.83999999999999,41.776712717870026,53.04151397995501,80.04,27.839999999999996,80.04,27.839999999999996,27.839999999999996,27.839999999999996,80.04,27.839999999999996,27.839999999999996,27.839999999999996,80.04
0.0,0.0,27.83999999999999,27.83999999999999,27.83999999999999,27.83999999999999,27.83999999999999,27.83999999999999,27.83999999999999,27.83999999999999,27.83999999999999,27.840000000086775,0.0,0.0,0.0,0.0,0.0,0.0,0.0,0.0,0.0,0.0,0.0,0.0,0.0,0.0,0.0,0.0,0.0,0.0,0.0,0.0,0.0,0.0,0.0,0.0,0.0,80.04,80.04,80.04,80.04,80.04,80.04,80.04,27.83999999999999,80.04,80.04,80.04,80.04
0.0,0.0,0.0,0.0,0.0,0.0,27.83999999999999,27.83999999999999,27.83999999999999,27.83999999999999,27.83999999999999,27.83999999999999,27.83999999999999,27.83999999999999,27.83999999999999,27.83999999999999,27.84000000008689,0.0,0.0,0.0,0.0,0.0,0.0,0.0,0.0,0.0,0.0,0.0,27.83999999999999,55.99671271786828,74.49000000008716,27.83999999999999,80.04,27.83999999999999,80.04,27.83999999999999,27.83999999999999,80.04,80.04,80.04,80.04,80.04,80.04,80.04,27.83999999999999,80.04,80.04,74.08417247623505,80.04
400.0,200.0,0.0,0.0,0.0,0.0,0.0,0.0,0.0,0.0,0.0,0.0,0.0,0.0,0.0,0.0,0.0,0.0,0.0,0.0,0.0,0.0,0.0,0.0,0.0,481.85,281.85,211.53614872906098,367.6,167.6,167.6,167.6,167.6,367.6,167.60000000000002,367.6,167.6,194.6818189870412,394.6818189870412,481.85,481.85,481.85,481.85,481.85,481.85,281.9140364009045,481.85,0.0,0.0
400.0,0.0,0.0,0.0,0.0,0.0,0.0,0.0,0.0,0.0,0.0,0.0,0.0,0.0,0.0,0.0,0.0,0.0,0.0,0.0,0.0,0.0,0.0,0.0,0.0,0.0,0.0,0.0,472.4222658212466,272.4222658212466,466.9151852056631,407.01707171453165,223.3883912204667,423.3883912204667,223.3883912204667,423.3883912204667,481.85,481.85,369.08221741386365,481.85,481.85,481.85,281.9140364009047,481.85,481.85,481.85,481.85,0.0,0.0
400.0,0.0,0.0,0.0,0.0,0.0,0.0,0.0,0.0,0.0,0.0,0.0,0.0,0.0,0.0,0.0,0.0,0.0,0.0,0.0,0.0,0.0,371.74228043659207,481.85,413.36510551975124,481.85,281.85,167.6,367.6,167.6,167.6,167.6,281.85,481.85,281.85,481.85,481.85,481.85,394.5537461852323,194.55374618523228,194.48970978432772,194.42567338342315,394.297600581614,194.297600581614,194.23356418070944,394.1054913789005,194.10549137890052,0.0,0.0
400.0,0.0,0.0,0.0,0.0,0.0,0.0,0.0,0.0,0.0,0.0,0.0,0.0,0.0,0.0,0.0,0.0,0.0,0.0,0.0,0.0,0.0,0.0,0.0,0.0,446.9909306892631,330.44726229545347,167.6,367.6,167.6,167.6,167.6,167.6,367.6,167.60000000000002,367.5155484646789,399.83897310751036,481.85,481.85,481.85,481.85,481.85,481.85,481.85,481.85,481.85,481.85,0.0,0.0
300.0,162.25,126.0,126.0,126.0,126.0,0.0,0.0,0.0,0.0,0.0,0.0,0.0,0.0,0.0,0.0,0.0,0.0,0.0,0.0,126.0,126.0,126.0,126.0,126.0,126.0,126.0,126.0,126.0,126.0,126.0,126.0,126.0,126.0,126.0,126.0,126.0,162.25,267.4655634728715,267.4819316438043,162.25,162.25,326.0,174.29022867475572,162.25,162.25,162.25,0.0,0.0
300.0,144.13868898686997,0.0,0.0,0.0,0.0,0.0,0.0,0.0,0.0,0.0,0.0,0.0,0.0,0.0,0.0,0.0,0.0,0.0,0.0,0.0,0.0,0.0,0.0,0.0,0.0,0.0,0.0,0.0,0.0,0.0,0.0,0.0,126.0,126.0,126.0,126.0,162.25,326.0,326.0,162.25,162.25,326.0,162.25,162.25,162.25,162.25,0.0,0.0
300.0,0.0,0.0,0.0,0.0,0.0,0.0,0.0,0.0,0.0,0.0,0.0,0.0,0.0,0.0,0.0,0.0,0.0,0.0,0.0,0.0,0.0,0.0,0.0,0.0,0.0,0.0,0.0,0.0,0.0,0.0,0.0,0.0,0.0,0.0,0.0,0.0,322.735038843761,362.25,362.25,326.0,126.0,174.52809942632985,126.0,126.0,126.0,126.0,0.0,0.0
300.0,0.0,0.0,0.0,0.0,0.0,0.0,0.0,0.0,0.0,0.0,0.0,0.0,0.0,0.0,0.0,0.0,0.0,0.0,0.0,0.0,0.0,0.0,0.0,0.0,0.0,0.0,0.0,0.0,0.0,0.0,0.0,0.0,0.0,126.0,126.0,126.0,162.25,362.25,362.25,183.59175589448853,126.0,126.0,126.0,0.0,0.0,0.0,0.0,0.0
300.0,0.0,0.0,0.0,0.0,0.0,0.0,0.0,0.0,0.0,0.0,0.0,0.0,0.0,0.0,0.0,0.0,0.0,0.0,0.0,0.0,0.0,0.0,0.0,124.0,124.0,173.3675546426094,173.3652055364803,173.36285640451402,173.36050724671588,173.35815821440372,173.3558096634145,173.35346181534806,173.35111511518156,0.0,0.0,0.0,0.0,0.0,0.0,0.0,0.0,0.0,0.0,327.47355520890517,127.47355520890517,327.47355520890517,127.4741326013908,208.8954112991256
300.0,215.5049761132251,215.50497611316683,252.15949565811786,252.15949565811786,0.0,0.0,0.0,0.0,0.0,0.0,0.0,0.0,0.0,0.0,0.0,0.0,0.0,0.0,0.0,0.0,0.0,0.0,0.0,0.0,0.0,0.0,0.0,0.0,0.0,0.0,0.0,0.0,0.0,0.0,0.0,0.0,0.0,0.0,0.0,356.5,356.5,356.5,156.5,165.51153491527305,282.470512967354,124.0,124.0,124.0
300.0,0.0,0.0,0.0,0.0,0.0,0.0,0.0,0.0,0.0,0.0,0.0,0.0,0.0,0.0,0.0,0.0,0.0,0.0,0.0,0.0,0.0,0.0,0.0,0.0,0.0,0.0,0.0,0.0,0.0,0.0,0.0,0.0,0.0,0.0,0.0,0.0,0.0,356.5,356.5,330.6408117635965,330.6408117635965,130.6408117635965,303.98296569106697,324.0,124.0,124.0,324.0,0.0
300.0,124.0,124.0,124.0,124.0,124.0,124.0,124.0,124.0,124.0,124.0,124.0,124.0,124.0,124.0,124.0,124.0,124.0,124.0,0.0,0.0,0.0,0.0,0.0,0.0,0.0,0.0,0.0,0.0,0.0,0.0,0.0,0.0,0.0,173.3487702170678,173.34642694331933,173.34408520981066,173.34174543689772,356.5,356.5,356.5,356.5,329.82867324571805,356.5,0.0,0.0,0.0,0.0,0.0
142.0,0.0,0.0,0.0,0.0,0.0,0.0,0.0,0.0,0.0,0.0,0.0,0.0,0.0,0.0,0.0,0.0,0.0,0.0,0.0,0.0,0.0,0.0,0.0,0.0,0.0,0.0,0.0,0.0,0.0,0.0,0.0,0.0,0.0,408.25,408.25,408.25,408.25,408.25,408.25,408.25,208.25,408.25,408.25,408.25,0.0,0.0,0.0,0.0
0.0,0.0,0.0,0.0,0.0,0.0,0.0,0.0,0.0,0.0,0.0,0.0,0.0,0.0,0.0,0.0,0.0,0.0,0.0,0.0,0.0,0.0,0.0,0.0,0.0,0.0,0.0,0.0,0.0,0.0,0.0,0.0,0.0,0.0,408.25,232.61284371273268,408.25,408.25,408.25,408.25,408.25,208.25,408.25,408.25,0.0,0.0,0.0,0.0,0.0
0.0,0.0,0.0,0.0,0.0,0.0,0.0,0.0,0.0,0.0,0.0,0.0,0.0,0.0,0.0,0.0,0.0,0.0,0.0,0.0,0.0,0.0,0.0,0.0,0.0,0.0,0.0,0.0,0.0,0.0,0.0,0.0,0.0,0.0,0.0,0.0,0.0,0.0,0.0,0.0,0.0,0.0,0.0,0.0,0.0,0.0,0.0,0.0,0.0
0.0,0.0,0.0,0.0,0.0,0.0,0.0,0.0,0.0,0.0,0.0,0.0,0.0,0.0,0.0,0.0,0.0,0.0,0.0,0.0,0.0,0.0,142.0,142.0,142.0,142.0,142.0,142.0,142.0,142.0,142.0,142.0,142.0,142.0,232.64472592345822,408.25,408.25,408.25,408.25,408.25,408.25,329.7774873018515,0.0,0.0,0.0,0.0,0.0,0.0,0.0
150.0,72.8,0.0,0.0,0.0,0.0,0.0,0.0,0.0,0.0,0.0,0.0,0.0,0.0,0.0,0.0,0.0,0.0,0.0,0.0,0.0,0.0,0.0,0.0,0.0,0.0,0.0,116.14110339350398,116.13855991438042,116.13601695539332,116.13347475678455,116.1309338035868,116.12839480036408,116.12585755597189,116.12332197931465,116.12078852554697,209.3,209.3,209.3,209.3,72.8,209.3,209.3,0.0,0.0,0.0,0.0,0.0,0.0
150.0,0.0,0.0,0.0,0.0,0.0,0.0,0.0,0.0,0.0,0.0,0.0,0.0,0.0,0.0,0.0,0.0,0.0,0.0,0.0,0.0,0.0,0.0,0.0,0.0,0.0,0.0,0.0,0.0,0.0,0.0,0.0,0.0,0.0,0.0,0.0,0.0,72.8,209.3,209.3,110.22131587182469,209.3,72.8,209.3,209.3,209.3,87.63192860037788,0.0,0.0
150.0,72.8,209.3,0.0,0.0,0.0,0.0,0.0,0.0,0.0,0.0,0.0,0.0,0.0,0.0,0.0,0.0,0.0,0.0,0.0,0.0,0.0,0.0,0.0,0.0,0.0,0.0,0.0,0.0,0.0,0.0,0.0,0.0,0.0,0.0,0.0,74.09758357910152,132.54758357910146,209.3,209.3,209.3,110.23517548027223,209.3,72.8,72.8,72.8,0.0,0.0,0.0
150.0,190.12731129818013,126.42731129818014,0.0,0.0,0.0,0.0,0.0,0.0,0.0,0.0,0.0,0.0,0.0,0.0,0.0,0.0,0.0,0.0,0.0,0.0,0.0,0.0,0.0,0.0,0.0,0.0,0.0,0.0,0.0,0.0,0.0,0.0,0.0,0.0,0.0,209.3,209.3,209.3,209.3,209.3,72.8,110.23735962879209,72.8,72.8,72.8,0.0,0.0,0.0
0.0,0.0,0.0,0.0,0.0,0.0,0.0,0.0,0.0,0.0,0.0,0.0,0.0,0.0,0.0,0.0,0.0,0.0,0.0,0.0,0.0,0.0,0.0,0.0,0.0,0.0,0.0,0.0,0.0,0.0,0.0,0.0,0.0,0.0,0.0,0.0,201.25,70.0,201.25,201.25,201.25,201.25,201.25,149.21365781177553,193.24294786775096,193.24356001548125,201.25,0.0,0.0
0.0,0.0,0.0,0.0,0.0,0.0,0.0,0.0,0.0,0.0,0.0,0.0,0.0,0.0,0.0,0.0,0.0,0.0,0.0,0.0,0.0,0.0,0.0,0.0,0.0,0.0,0.0,0.0,0.0,0.0,0.0,0.0,0.0,0.0,0.0,0.0,0.0,0.0,0.0,0.0,0.0,0.0,0.0,0.0,0.0,0.0,0.0,70.0,70.0
32.8,0.0,0.0,0.0,0.0,0.0,0.0,0.0,0.0,0.0,0.0,0.0,0.0,0.0,0.0,0.0,0.0,0.0,0.0,0.0,0.0,0.0,0.0,0.0,0.0,0.0,0.0,0.0,0.0,32.8,32.8,32.8,81.85507872389292,32.8,32.8,36.85002464373899,61.89943854451333,32.8,94.3,87.12114084989439,32.8,36.82818271220363,0.0,0.0,0.0,0.0,0.0,0.0,0.0
32.8,32.8,32.8,32.8,32.8,32.8,32.8,32.8,32.8,0.0,0.0,0.0,0.0,0.0,0.0,0.0,0.0,0.0,0.0,0.0,0.0,0.0,0.0,0.0,0.0,0.0,0.0,0.0,0.0,0.0,0.0,0.0,0.0,51.09306186410009,36.852446935122984,32.8,32.8,61.89612862332447,81.2119760430301,32.8,36.83060500358761,32.8,65.56077355964489,0.0,0.0,0.0,0.0,0.0,0.0
12.0,34.5,34.5,0.0,0.0,0.0,0.0,0.0,0.0,0.0,0.0,0.0,0.0,0.0,0.0,0.0,0.0,0.0,0.0,0.0,0.0,0.0,0.0,0.0,0.0,0.0,0.0,0.0,0.0,0.0,0.0,0.0,0.0,0.0,34.5,34.5,34.5,34.5,34.5,34.5,34.5,34.5,34.5,12.0,0.0,0.0,0.0,0.0,0.0
0.0,34.5,34.5,12.0,12.0,12.0,12.0,12.0,31.87469540982329,12.0,12.0,0.0,0.0,0.0,0.0,0.0,0.0,0.0,0.0,0.0,0.0,0.0,0.0,0.0,0.0,0.0,0.0,0.0,0.0,0.0,0.0,0.0,12.0,12.0,34.5,34.5,12.0,19.123997575776116,34.5,34.5,34.5,34.5,0.0,0.0,0.0,0.0,0.0,0.0,0.0
0.0,34.5,34.5,12.0,12.0,12.0,12.0,12.0,12.0,12.0,12.0,12.0,0.0,0.0,0.0,0.0,0.0,0.0,0.0,0.0,0.0,0.0,0.0,0.0,34.5,12.0,12.0,12.0,14.838038605454855,14.838038605454855,34.5,21.41083611903865,12.0,12.0,34.5,34.5,34.5,34.5,34.5,34.5,34.5,34.5,34.5,34.5,34.5,12.0,12.0,0.0,0.0
0.0,0.0,0.0,0.0,0.0,0.0,0.0,0.0,0.0,0.0,0.0,0.0,0.0,0.0,0.0,0.0,0.0,0.0,0.0,0.0,0.0,0.0,0.0,0.0,0.0,0.0,0.0,0.0,0.0,0.0,0.0,0.0,0.0,0.0,0.0,0.0,19.123997575776116,34.5,34.5,34.5,34.5,34.5,34.5,31.123997575776116,34.5,12.0,0.0,0.0,0.0
0.0,34.5,34.5,16.746123319782797,31.865154885559377,31.8675399449033,31.869925015368466,31.872310170340796,12.0,31.87708073381893,31.879466142330713,12.0,20.82797396332017,20.82797396332017,20.82797396332017,20.82797396332017,20.82797396332017,20.82797396332017,20.82797396332017,20.82797396332017,20.82797396332017,34.5,34.5,34.5,26.838038605454855,34.5,14.838038605454855,34.5,12.0,12.0,14.838038605454855,12.0,31.91322272356203,12.0,34.5,34.5,12.0,12.0,27.272256590684236,27.272256590684236,27.272256590684236,34.5,12.0,34.5,34.5,15.26469758977293,27.26469758977293,20.82797396332017,20.82797396332017
0.0,34.5,34.5,27.116646737702297,12.0,12.0,12.0,12.0,12.0,12.0,12.0,0.0,0.0,0.0,0.0,0.0,0.0,0.0,0.0,0.0,0.0,0.0,0.0,0.0,0.0,14.838038605454855,34.5,14.838038605454855,34.5,34.5,12.0,34.5,12.0,31.915609412646916,34.5,34.5,34.5,12.0,34.5,34.5,34.5,27.272256590684236,31.123997575776116,34.5,34.5,12.0,12.0,0.0,0.0
50.0,143.75,143.75,143.75,143.75,0.0,0.0,0.0,0.0,0.0,0.0,0.0,0.0,0.0,0.0,0.0,0.0,0.0,0.0,0.0,0.0,0.0,0.0,59.82483218402083,59.82483218402083,59.82483218402083,59.82483218402083,59.82483218402083,59.82483218402083,59.82483218402083,59.82483218402083,59.82483218402083,59.82483218402083,66.24179264267848,66.24413970374925,66.24648684798045,143.75,143.75,143.75,143.75,143.75,143.75,143.75,143.75,143.75,143.75,135.2026216501989,50.0,50.0
0.0,0.0,0.0,0.0,0.0,0.0,0.0,0.0,0.0,0.0,0.0,0.0,0.0,0.0,0.0,0.0,0.0,0.0,0.0,0.0,0.0,0.0,0.0,0.0,0.0,0.0,0.0,0.0,0.0,0.0,0.0,0.0,0.0,0.0,0.0,0.0,0.0,0.0,0.0,0.0,0.0,0.0,0.0,0.0,0.0,0.0,0.0,0.0,0.0
0.0,0.0,0.0,0.0,0.0,0.0,0.0,0.0,0.0,0.0,0.0,0.0,0.0,0.0,0.0,0.0,0.0,0.0,0.0,0.0,0.0,0.0,0.0,0.0,0.0,0.0,0.0,0.0,0.0,0.0,0.0,0.0,0.0,0.0,0.0,0.0,0.0,0.0,0.0,0.0,0.0,0.0,0.0,0.0,0.0,0.0,0.0,0.0,0.0
0.0,0.0,0.0,0.0,0.0,0.0,0.0,0.0,0.0,0.0,0.0,0.0,0.0,0.0,0.0,0.0,0.0,0.0,0.0,0.0,0.0,0.0,0.0,0.0,0.0,0.0,0.0,0.0,0.0,0.0,0.0,0.0,0.0,0.0,0.0,0.0,0.0,0.0,0.0,0.0,0.0,0.0,0.0,0.0,0.0,0.0,0.0,0.0,0.0
25.0,56.94436057874975,56.94436057874975,55.60474163105722,55.60474163100487,56.94436057883706,56.94436057895348,0.0,0.0,0.0,0.0,0.0,0.0,0.0,0.0,0.0,0.0,0.0,0.0,0.0,0.0,0.0,0.0,0.0,0.0,0.0,0.0,0.0,0.0,0.0,0.0,0.0,0.0,0.0,0.0,0.0,0.0,0.0,0.0,0.0,0.0,0.0,0.0,0.0,0.0,0.0,0.0,0.0,0.0
0.0,71.875,71.875,71.875,71.875,71.875,71.875,27.6618088873622,27.662788962846705,27.663769133374416,27.664749308472544,27.665729518299965,27.666709762857913,27.667690042147623,27.668670356170313,0.0,0.0,0.0,0.0,0.0,0.0,0.0,0.0,0.0,0.0,24.999999999999986,24.999999999999986,24.999999999999986,24.999999999999986,24.999999999999986,24.999999999999986,24.999999999999986,24.999999999999986,24.999999999999986,24.999999999999986,27.681562247813364,27.682543053352262,27.683523893642786,70.12603101909609,71.875,59.673502374727086,59.673502374727086,71.875,71.875,71.875,71.875,59.673502374727086,59.673502374727086,56.18986606136125
17.32,49.795,49.795,49.795,49.795,49.795,49.795,49.795,17.32,17.32,46.26345870082221,17.32,49.795,17.32,17.32,17.32,49.795,46.38922602986398,49.795,49.795,49.795,46.41696855982079,49.795,49.795,46.43777545728844,46.444711089777655,49.795,49.795,49.795,49.795,46.47938925222374,49.795,49.795,49.795,49.795,49.795,49.795,49.795,49.795,46.5274730768281,49.795,46.541344341806536,49.795,49.795,46.562151239274186,49.795,49.795,46.58295813674181,49.795
0.0,46.16705730302971,49.795,46.18092856800817,49.795,46.194799832986604,49.795,49.795,29.9094729025159,17.32,49.795,17.32,49.795,17.32,17.32,17.32,49.795,49.795,49.795,49.795,49.795,49.795,49.795,49.795,49.795,49.795,49.795,49.795,49.795,49.795,49.795,46.48632488471296,46.49326051720212,46.500196149691334,46.50713178218055,49.795,46.50894410317119,46.51360181184967,49.795,49.795,46.53440870931732,49.795,49.795,46.55521560678497,49.795,49.795,46.57602250425262,49.795,49.795
0.0,49.795,46.17399293551895,49.795,46.18786420049739,49.795,46.20173546547579,46.20867109796498,17.32,17.32,49.795,17.32,24.12825919165809,17.32,17.32,17.32,46.38229039737476,49.795,46.396161662353194,46.40309729484241,46.4100329273316,49.795,46.42390419231003,46.43083982479922,49.795,49.795,46.45164672226687,46.45858235475609,46.465517987245306,46.47245361973452,49.795,49.795,49.795,49.795,49.795,46.50917690458124,49.795,49.795,46.520537444338885,49.795,49.795,49.795,46.54827997429575,49.795,49.795,46.5690868717634,49.795,49.795,46.589893769231
20.0,54.035069761395704,20.0,57.5,0.0,0.0,0.0,0.0,0.0,0.0,0.0,0.0,0.0,0.0,0.0,0.0,0.0,0.0,0.0,55.014496693461524,57.5,57.5,57.5,54.94730758468009,57.5,57.5,57.5,54.94286286371488,54.9417516834736,54.94064050323229,54.93952932299098,54.93841814274968,54.93730696250839,57.5,57.5,54.933973421784486,57.5,57.5,57.5,54.93971451969787,57.5,57.5,54.997495892245524,57.5,57.5,57.5,57.5,55.093798179824944,55.11305863734083
0.0,57.5,23.465405659141616,53.96350152289132,39.222946339175024,20.0,20.0,20.0,20.0,20.0,20.0,20.0,20.0,20.0,20.0,20.0,20.0,20.0,20.0,57.5,54.965221213079786,54.949529945162695,54.9484187649214,57.5,54.946196404438794,54.9450852241975,54.94397404395619,57.5,57.5,57.5,57.5,57.5,57.5,54.93619578226708,54.93508460202578,57.5,54.93286224154318,54.941936880180464,54.94082569993917,57.5,54.95897497721376,54.97823543472964,57.5,55.01675634976141,55.03601680727729,55.055277264793176,55.07453772230906,57.5,57.5
26.0,70.95761729850558,26.0,65.59245663257443,35.85365117040824,53.77894422953278,26.0,26.0,26.0,26.0,74.75,26.0,74.75,35.15994200599508,66.54684136456342,26.0,74.75,26.0,26.0,74.75,45.86023269297972,45.86023269297972,74.75,74.75,74.75,45.86023269297972,45.86023269297972,45.86023269297972,74.75,74.75,45.86023269297972,45.86023269297972,45.86023269297972,74.75,74.75,66.56645471080725,73.81481011109625,66.61105499283548,74.75,74.75,66.42960182308525,66.3404012590288,74.75,74.75,74.75,74.75,74.75,0.0,0.0
0.0,26.0,27.94357832988357,74.75,74.75,74.75,65.02599039380658,26.0,26.0,26.0,27.793604479285648,26.0,66.56645471080725,26.0,74.75,26.0,66.48331833383668,26.0,64.84344731094716,45.86023269297971,74.75,74.75,45.86023269297972,45.86023269297972,45.86023269297972,74.75,74.75,74.75,45.86023269297972,45.86023269297972,74.75,74.75,74.75,45.86023269297972,45.86023269297972,74.75,26.0,74.75,66.5872288310027,66.5188023871417,74.75,74.75,66.25120069497228,66.16200013091583,66.07279956685935,65.98359900280286,65.8943984387464,26.0,37.390883930166986
300.0,232.6726769534871,170.0,170.0,170.0,170.0,170.0,170.0,170.0,170.0,170.0,170.0,170.0,170.0,170.0,170.0,170.0,170.0,170.0,293.15353397953606,230.7013481585322,396.51489124123873,241.04594279437896,470.0,467.05651810469885,467.04576253170757,467.03500695869633,467.02425138570504,467.0134958127138,467.0027402397426,466.99198466675136,0.0,0.0,0.0,0.0,0.0,0.0,0.0,0.0,0.0,0.0,0.0,0.0,0.0,0.0,0.0,0.0,0.0,0.0
0.0,0.0,0.0,0.0,0.0,0.0,0.0,0.0,0.0,0.0,0.0,0.0,0.0,0.0,0.0,0.0,0.0,0.0,0.0,0.0,0.0,0.0,0.0,0.0,0.0,0.0,0.0,0.0,0.0,0.0,0.0,0.0,0.0,0.0,0.0,0.0,0.0,0.0,0.0,0.0,0.0,0.0,0.0,0.0,0.0,0.0,0.0,0.0,0.0
0.0,0.0,0.0,0.0,0.0,0.0,0.0,0.0,0.0,0.0,0.0,0.0,0.0,0.0,0.0,0.0,0.0,0.0,0.0,0.0,0.0,170.0,185.81727367769003,485.8172736776901,488.75,488.75,488.74999999999864,488.75,488.75,488.75,488.74999999999636,0.0,0.0,0.0,0.0,0.0,0.0,0.0,0.0,0.0,0.0,0.0,0.0,0.0,0.0,0.0,0.0,0.0,0.0
150.0,60.0,78.38550186444945,78.38550186444945,78.38550186444945,78.38550186444945,0.0,0.0,0.0,0.0,0.0,0.0,0.0,0.0,0.0,0.0,0.0,88.04539540133347,88.0459524693843,88.04650954428529,88.04706662603635,88.04762371463768,88.0481808100893,88.04873791239136,88.04929502154387,150.85324712387163,119.0064503032956,162.82062047942532,60.0,172.5,172.5,172.5,172.5,172.5,172.5,172.5,117.158129320495,0.0,0.0,0.0,0.0,0.0,0.0,0.0,0.0,0.0,0.0,0.0,0.0
150.0,78.38550186444945,60.0,60.0,60.0,60.0,138.38550186444945,60.000000000000014,0.0,0.0,0.0,0.0,0.0,0.0,0.0,0.0,0.0,0.0,0.0,0.0,0.0,0.0,0.0,0.0,0.0,0.0,0.0,60.0,60.0,172.5,172.5,172.5,172.5,172.5,172.5,172.5,172.5,0.0,0.0,0.0,0.0,0.0,0.0,0.0,0.0,0.0,0.0,0.0,0.0
0.0,0.0,0.0,0.0,0.0,0.0,0.0,60.0,88.04038209711452,88.04093910351861,88.04149611677201,88.04205313687481,88.04261016382706,88.04316719762889,88.04372423828035,88.04428128578155,88.04483834013254,0.0,0.0,0.0,0.0,0.0,0.0,0.0,0.0,0.0,0.0,60.0,95.76706608855869,117.158129320495,117.158129320495,117.158129320495,117.15812932048584,117.15812932048584,117.15812932048584,117.158129320495,172.5,0.0,0.0,0.0,0.0,0.0,0.0,0.0,0.0,0.0,0.0,0.0,0.0
120.0,74.12703482533158,74.12703482532565,74.12703482532565,74.12703482532565,74.12703482532565,74.12703482532565,0.0,0.0,0.0,0.0,0.0,0.0,0.0,0.0,0.0,0.0,0.0,0.0,0.0,0.0,0.0,0.0,0.0,0.0,0.0,0.0,0.0,0.0,0.0,0.0,0.0,0.0,48.64,68.72722378773484,114.13743905633888,139.84,114.13743905633888,114.13743905633376,114.13743905633376,114.13743905633376,114.13743905633888,114.13743905633888,0.0,0.0,0.0,0.0,0.0,0.0
0.0,0.0,0.0,0.0,0.0,0.0,0.0,75.67595794109533,75.67595794109533,75.67595794109533,75.67595794109533,75.67595794109533,75.67595794109533,66.06283558900276,49.35229271170249,49.35258395045969,49.352875192798145,49.353166438717906,49.353457688219,49.35374894130149,49.35404019796542,49.35433145821083,49.354622722037746,49.35491398944624,49.35520526043632,49.35549653500809,49.355787813161534,49.356079094896735,49.3563703802137,49.35666166911252,49.356952961593194,82.19489669605525,65.54334393369079,105.39261057770715,48.64,139.84,114.13743905633888,139.84,139.84,139.84,139.84,139.84,139.84,0.0,0.0,0.0,0.0,0.0,0.0
150.0,0.0,0.0,0.0,0.0,0.0,0.0,0.0,0.0,0.0,0.0,0.0,0.0,0.0,0.0,0.0,0.0,0.0,0.0,0.0,0.0,0.0,0.0,0.0,0.0,0.0,0.0,0.0,0.0,0.0,0.0,0.0,0.0,0.0,0.0,0.0,0.0,0.0,0.0,0.0,0.0,0.0,0.0,0.0,0.0,0.0,0.0,0.0,0.0
150.0,0.0,0.0,0.0,0.0,0.0,0.0,0.0,0.0,0.0,0.0,0.0,0.0,0.0,0.0,0.0,0.0,0.0,0.0,0.0,0.0,0.0,0.0,0.0,0.0,0.0,0.0,0.0,0.0,0.0,0.0,0.0,0.0,0.0,0.0,0.0,0.0,0.0,0.0,0.0,0.0,0.0,0.0,0.0,0.0,0.0,0.0,0.0,0.0
0.0,0.0,0.0,0.0,0.0,0.0,0.0,0.0,0.0,0.0,0.0,0.0,0.0,0.0,0.0,0.0,0.0,0.0,0.0,0.0,0.0,0.0,0.0,0.0,0.0,0.0,0.0,0.0,0.0,0.0,0.0,0.0,0.0,0.0,0.0,0.0,0.0,0.0,0.0,0.0,0.0,0.0,0.0,0.0,0.0,0.0,0.0,0.0,0.0
150.0,0.0,0.0,0.0,0.0,0.0,0.0,0.0,0.0,0.0,0.0,0.0,0.0,0.0,0.0,0.0,0.0,0.0,0.0,0.0,0.0,0.0,0.0,0.0,0.0,0.0,0.0,0.0,0.0,0.0,0.0,0.0,0.0,0.0,0.0,0.0,0.0,0.0,0.0,0.0,0.0,0.0,0.0,0.0,0.0,0.0,0.0,0.0,0.0
150.0,98.06262387472367,98.06262387470093,98.06262387470093,98.06262387470093,98.06262387470093,98.06262387470093,98.06262387470093,98.06262387470093,98.06262387470093,98.06262387470093,98.06262387470093,98.06262387470093,98.06262387470093,98.06262387470093,98.06262387470093,98.06262387470093,98.06262387470093,98.06262387470093,98.06262387470093,98.06262387470093,98.06262387470093,98.06262387470093,98.06262387470093,98.06262387470093,98.06262387470093,98.06262387470093,98.06262387470093,98.06262387470093,98.06262387470093,98.06262387470093,98.06262387470093,98.06262387470093,98.06262387470093,98.06262387470093,98.06262387470093,98.06262387470093,98.06262387470093,98.06262387470093,98.06262387470093,98.06262387470093,98.06262387470093,98.06262387470093,98.06262387470093,98.06262387470093,98.06262387470093,98.06262387470093,98.06262387470093,98.06262387470093
150.0,0.0,0.0,0.0,0.0,0.0,0.0,0.0,0.0,0.0,0.0,0.0,0.0,0.0,0.0,0.0,0.0,0.0,0.0,0.0,0.0,0.0,0.0,0.0,0.0,0.0,0.0,0.0,0.0,0.0,0.0,0.0,0.0,0.0,0.0,0.0,0.0,0.0,0.0,0.0,0.0,0.0,0.0,0.0,0.0,0.0,0.0,0.0,0.0
150.0,0.0,0.0,0.0,0.0,0.0,0.0,0.0,0.0,0.0,0.0,0.0,0.0,0.0,0.0,0.0,0.0,0.0,0.0,0.0,0.0,0.0,0.0,0.0,0.0,0.0,0.0,0.0,0.0,0.0,0.0,0.0,0.0,0.0,0.0,0.0,0.0,0.0,0.0,0.0,0.0,0.0,0.0,0.0,0.0,0.0,0.0,0.0,0.0
150.0,107.57499999999999,107.57499999999999,107.57499999999999,107.57499999999999,107.57499999999999,107.57499999999999,107.57499999999999,107.57499999999999,107.57499999999999,107.57499999999999,107.57499999999999,107.57499999999999,107.57499999999999,107.57499999999999,107.57499999999999,107.57499999999999,107.57499999999999,107.57499999999999,107.57499999999999,107.57499999999999,107.57499999999999,107.57499999999999,107.57499999999999,107.57499999999999,107.57499999999999,107.57499999999999,107.57499999999999,107.57499999999999,107.57499999999999,107.57499999999999,107.57499999999999,107.57499999999999,107.57499999999999,107.57499999999999,107.57499999999999,107.57499999999999,107.57499999999999,107.57499999999999,107.57499999999999,107.57499999999999,107.57499999999999,107.57499999999999,107.57499999999999,107.57499999999999,107.57499999999999,107.57499999999999,107.57499999999999,107.57499999999999
120.0,86.3686188851396,86.3686188851396,86.3686188851396,86.3686188851396,86.3686188851396,86.3686188851396,86.3686188851396,86.3686188851396,86.3686188851405,86.3686188851396,86.3686188851396,86.3686188851396,86.3686188851396,88.2936188851396,86.3686188851396,86.3686188851396,86.3686188851396,86.3686188851396,86.3686188851396,86.3686188851396,86.3686188851396,86.3686188851396,86.3686188851396,86.3686188851396,86.3686188851396,86.3686188851396,88.2936188851396,86.3686188851396,86.3686188851396,86.3686188851396,86.3686188851396,86.3686188851396,86.3686188851396,86.3686188851396,86.3686188851396,86.3686188851396,86.3686188851396,86.3686188851396,86.3686188851396,86.3686188851396,86.3686188851396,86.3686188851396,86.3686188851396,86.3686188851396,86.3686188851396,86.3686188851396,86.3686188851396,86.3686188851396
120.0,156.285,156.285,156.285,156.285,156.285,156.285,156.285,156.285,156.285,156.285,156.285,156.285,156.285,156.285,156.285,156.285,156.285,156.285,156.285,156.285,156.285,156.285,156.285,156.285,156.285,156.285,156.285,156.285,156.285,156.285,156.285,156.285,156.285,156.285,156.285,156.285,156.285,156.285,156.285,156.285,156.285,156.285,156.285,156.285,156.285,156.285,156.285,156.285
120.0,156.285,156.285,156.285,156.285,156.285,156.285,156.285,156.285,156.285,156.285,156.285,156.285,156.285,156.285,156.285,156.285,156.285,156.285,156.285,156.285,156.285,156.285,156.285,156.285,156.285,156.285,156.285,156.285,156.285,156.285,156.285,156.285,156.285,156.285,156.285,156.285,156.285,156.285,156.285,156.285,156.285,156.285,156.285,156.285,156.285,156.285,156.285,156.285
120.0,156.285,156.285,156.285,156.285,156.285,156.285,156.285,156.285,156.285,156.285,156.285,156.285,156.285,156.285,156.285,156.285,156.285,156.285,156.285,156.285,156.285,156.285,156.285,156.285,156.285,156.285,156.285,156.285,156.285,156.285,156.285,156.285,156.285,156.285,156.285,156.285,156.285,156.285,156.285,156.285,156.285,156.285,156.285,156.285,156.285,156.285,156.285,156.285
120.0,156.285,156.285,156.285,156.285,156.285,156.285,156.285,156.285,156.285,156.285,156.285,156.285,156.285,156.285,156.285,156.285,156.285,156.285,156.285,156.285,156.285,156.285,156.285,156.285,156.285,156.285,156.285,156.285,156.285,156.285,156.285,156.285,156.285,156.285,156.285,156.285,156.285,156.285,156.285,156.285,156.285,156.285,156.285,156.285,156.285,156.285,156.285,156.285
0.0,156.285,156.285,156.285,156.285,156.285,156.285,156.285,156.285,156.285,156.285,156.285,156.285,156.285,156.285,156.285,156.285,156.285,156.285,156.285,156.285,156.285,156.285,156.285,156.285,156.285,156.285,156.285,156.285,156.285,156.285,156.285,156.285,156.285,156.285,156.285,156.285,156.285,156.285,156.285,156.285,156.285,156.285,156.285,156.285,156.285,156.285,156.285,156.285
0.0,106.285,106.285,106.285,106.285,106.285,106.285,106.285,106.285,106.285,106.285,106.285,106.285,106.285,104.36,106.285,106.285,106.285,106.285,106.285,106.285,106.285,106.285,106.285,106.285,106.285,106.285,104.36,106.285,106.285,106.285,106.285,106.285,106.285,106.285,106.285,106.285,106.285,106.285,106.285,106.285,106.285,106.285,106.285,106.285,106.285,106.285,106.285,106.285
0.0,156.285,156.285,156.285,156.285,156.285,156.285,156.285,156.285,156.285,156.285,156.285,156.285,156.285,156.285,156.285,156.285,156.285,156.285,156.285,156.285,156.285,156.285,156.285,156.285,156.285,156.285,156.285,156.285,156.285,156.285,156.285,156.285,156.285,156.285,156.285,156.285,156.285,156.285,156.285,156.285,156.285,156.285,156.285,156.285,156.285,156.285,156.285,156.285
9.0,9.0,9.0,9.0,9.0,11.606366188451034,9.0,9.0,9.0,9.0,9.0,9.0,9.0,9.0,11.902237281486123,11.935111847378788,9.0,12.000860979164372,12.033735545057198,12.06661011094991,0.0,0.0,0.0,0.0,0.0,0.0,0.0,0.0,0.0,0.0,0.0,0.0,0.0,0.0,0.0,0.0,0.0,0.0,0.0,0.0,0.0,0.0,0.0,0.0,0.0,0.0,0.0,0.0,25.875
9.0,11.474867680725904,11.507742490772555,11.540617056665496,11.573491622558322,9.0,11.63924075434386,11.672115320236571,11.704989886129397,11.737864452022109,11.770739017914934,11.803613583807646,11.836488149700472,11.869362715593297,9.0,9.0,11.967986413271607,9.0,9.0,9.0,21.099484676842735,21.132359242735447,21.165233808628273,0.0,0.0,0.0,0.0,0.0,0.0,0.0,0.0,0.0,0.0,0.0,0.0,0.0,0.0,0.0,0.0,0.0,0.0,0.0,0.0,0.0,0.0,0.0,0.0,0.0,0.0
350.0,0.0,0.0,0.0,0.0,0.0,0.0,0.0,0.0,0.0,0.0,0.0,0.0,0.0,0.0,0.0,0.0,0.0,0.0,0.0,0.0,0.0,0.0,0.0,0.0,0.0,0.0,0.0,0.0,0.0,0.0,0.0,0.0,0.0,0.0,0.0,0.0,0.0,0.0,0.0,0.0,0.0,0.0,0.0,0.0,0.0,0.0,0.0,0.0
350.0,0.0,0.0,0.0,0.0,0.0,0.0,0.0,0.0,0.0,0.0,0.0,0.0,0.0,0.0,0.0,0.0,0.0,0.0,0.0,0.0,0.0,0.0,0.0,0.0,0.0,0.0,0.0,0.0,0.0,0.0,0.0,0.0,0.0,0.0,0.0,0.0,0.0,0.0,0.0,0.0,0.0,0.0,0.0,0.0,0.0,0.0,0.0,0.0
350.0,0.0,0.0,0.0,0.0,0.0,0.0,0.0,0.0,0.0,0.0,0.0,0.0,0.0,0.0,0.0,0.0,0.0,0.0,0.0,0.0,0.0,0.0,0.0,0.0,0.0,0.0,0.0,0.0,0.0,0.0,0.0,0.0,0.0,0.0,0.0,0.0,0.0,0.0,0.0,0.0,0.0,0.0,0.0,0.0,0.0,0.0,0.0,0.0
350.0,0.0,0.0,0.0,0.0,0.0,0.0,0.0,0.0,0.0,0.0,0.0,0.0,0.0,0.0,0.0,0.0,0.0,0.0,0.0,0.0,0.0,0.0,0.0,0.0,0.0,0.0,0.0,0.0,0.0,0.0,0.0,0.0,0.0,0.0,0.0,0.0,0.0,0.0,0.0,0.0,0.0,0.0,0.0,0.0,0.0,0.0,0.0,0.0
350.0,0.0,0.0,0.0,0.0,0.0,0.0,0.0,0.0,0.0,0.0,0.0,0.0,0.0,0.0,0.0,0.0,0.0,0.0,0.0,0.0,0.0,0.0,0.0,0.0,0.0,0.0,0.0,0.0,0.0,0.0,0.0,0.0,0.0,0.0,0.0,0.0,0.0,0.0,0.0,0.0,0.0,0.0,0.0,0.0,0.0,0.0,0.0,0.0
350.0,0.0,0.0,0.0,0.0,0.0,0.0,0.0,0.0,0.0,0.0,0.0,0.0,0.0,0.0,0.0,0.0,0.0,0.0,0.0,0.0,0.0,0.0,0.0,0.0,0.0,0.0,0.0,0.0,0.0,0.0,0.0,0.0,0.0,0.0,0.0,0.0,0.0,0.0,0.0,0.0,0.0,0.0,0.0,0.0,0.0,0.0,0.0,0.0
350.0,0.0,0.0,0.0,0.0,0.0,0.0,0.0,0.0,0.0,0.0,0.0,0.0,0.0,0.0,0.0,0.0,0.0,0.0,0.0,0.0,0.0,0.0,0.0,0.0,0.0,0.0,0.0,0.0,0.0,0.0,0.0,0.0,0.0,0.0,0.0,0.0,0.0,0.0,0.0,0.0,0.0,0.0,0.0,0.0,0.0,0.0,0.0,0.0
350.0,0.0,0.0,0.0,0.0,0.0,0.0,0.0,0.0,0.0,0.0,0.0,0.0,0.0,0.0,0.0,0.0,0.0,0.0,0.0,0.0,0.0,0.0,0.0,0.0,0.0,0.0,0.0,0.0,0.0,0.0,0.0,0.0,0.0,0.0,0.0,0.0,0.0,0.0,0.0,0.0,0.0,0.0,0.0,0.0,0.0,0.0,0.0,0.0
350.0,0.0,0.0,0.0,0.0,0.0,0.0,0.0,0.0,0.0,0.0,0.0,0.0,0.0,0.0,0.0,0.0,0.0,0.0,0.0,0.0,0.0,0.0,0.0,0.0,0.0,0.0,0.0,0.0,0.0,0.0,0.0,0.0,0.0,0.0,0.0,0.0,0.0,0.0,0.0,0.0,0.0,0.0,0.0,0.0,0.0,0.0,0.0,0.0
350.0,0.0,0.0,0.0,0.0,0.0,0.0,0.0,0.0,0.0,0.0,0.0,0.0,0.0,0.0,0.0,0.0,0.0,0.0,0.0,0.0,0.0,0.0,190.0,145.91224331751062,190.0,190.0,190.0,190.0,190.0,190.0,190.0,190.0,190.0,190.0,202.5,252.5,302.5,352.5,312.85778490975935,262.85778490975935,0.0,0.0,0.0,0.0,0.0,0.0,0.0,0.0
0.0,0.0,0.0,0.0,0.0,0.0,0.0,0.0,0.0,0.0,0.0,0.0,0.0,0.0,0.0,0.0,0.0,0.0,0.0,0.0,0.0,0.0,0.0,0.0,0.0,0.0,0.0,0.0,0.0,0.0,0.0,0.0,0.0,0.0,0.0,0.0,0.0,0.0,0.0,0.0,0.0,0.0,0.0,0.0,0.0,0.0,0.0,0.0,0.0
0.0,0.0,0.0,0.0,0.0,0.0,0.0,0.0,0.0,0.0,0.0,0.0,0.0,0.0,0.0,0.0,0.0,0.0,0.0,0.0,0.0,0.0,0.0,0.0,0.0,190.0,190.0,190.0,190.0,190.0,190.0,190.0,190.0,190.0,202.5,252.5,302.5,352.5,402.5,0.0,0.0,0.0,0.0,0.0,0.0,0.0,0.0,0.0,0.0
350.0,0.0,0.0,0.0,0.0,0.0,0.0,0.0,0.0,0.0,0.0,0.0,0.0,0.0,0.0,0.0,0.0,0.0,0.0,0.0,0.0,0.0,0.0,0.0,0.0,0.0,0.0,0.0,0.0,0.0,0.0,0.0,0.0,0.0,0.0,0.0,0.0,0.0,0.0,0.0,0.0,0.0,0.0,0.0,0.0,0.0,0.0,0.0,0.0
350.0,0.0,0.0,0.0,0.0,0.0,0.0,0.0,0.0,0.0,0.0,0.0,0.0,0.0,0.0,0.0,0.0,0.0,0.0,0.0,0.0,0.0,0.0,0.0,0.0,0.0,0.0,0.0,0.0,156.0,156.0,200.97009571820374,193.76750617107535,198.5,248.5,298.5,348.5,398.5,448.5,0.0,0.0,0.0,0.0,0.0,0.0,0.0,0.0,0.0,0.0
350.0,0.0,0.0,0.0,0.0,0.0,0.0,0.0,0.0,0.0,0.0,0.0,0.0,0.0,0.0,0.0,0.0,0.0,0.0,0.0,0.0,0.0,0.0,0.0,0.0,0.0,0.0,0.0,0.0,0.0,0.0,0.0,0.0,0.0,0.0,0.0,0.0,0.0,0.0,0.0,0.0,0.0,0.0,0.0,0.0,0.0,0.0,0.0,0.0
350.0,0.0,0.0,0.0,0.0,0.0,0.0,0.0,0.0,0.0,0.0,0.0,0.0,0.0,0.0,0.0,0.0,0.0,0.0,0.0,0.0,0.0,0.0,0.0,0.0,0.0,0.0,0.0,0.0,0.0,0.0,0.0,0.0,0.0,0.0,0.0,0.0,0.0,0.0,0.0,0.0,0.0,0.0,0.0,0.0,0.0,0.0,0.0,0.0
350.0,0.0,0.0,0.0,0.0,0.0,0.0,0.0,0.0,0.0,0.0,0.0,0.0,0.0,0.0,0.0,0.0,0.0,0.0,0.0,0.0,0.0,0.0,0.0,0.0,0.0,0.0,0.0,0.0,0.0,0.0,0.0,0.0,0.0,0.0,0.0,0.0,0.0,0.0,0.0,0.0,0.0,0.0,0.0,0.0,0.0,0.0,0.0,0.0
350.0,0.0,0.0,0.0,0.0,0.0,0.0,0.0,0.0,0.0,0.0,0.0,0.0,0.0,0.0,0.0,0.0,0.0,0.0,0.0,0.0,0.0,0.0,0.0,0.0,0.0,0.0,0.0,0.0,0.0,0.0,0.0,0.0,0.0,0.0,0.0,0.0,0.0,0.0,0.0,0.0,0.0,0.0,0.0,0.0,0.0,0.0,0.0,0.0
350.0,0.0,0.0,0.0,0.0,0.0,0.0,0.0,0.0,0.0,0.0,0.0,0.0,0.0,0.0,0.0,0.0,0.0,0.0,0.0,0.0,0.0,0.0,0.0,0.0,0.0,0.0,0.0,0.0,0.0,0.0,0.0,0.0,0.0,0.0,0.0,0.0,0.0,0.0,0.0,0.0,0.0,0.0,0.0,0.0,0.0,0.0,0.0,0.0
350.0,0.0,0.0,0.0,0.0,0.0,0.0,0.0,0.0,0.0,0.0,0.0,0.0,0.0,0.0,0.0,0.0,0.0,0.0,0.0,0.0,0.0,0.0,0.0,0.0,0.0,0.0,0.0,0.0,0.0,0.0,0.0,0.0,0.0,0.0,0.0,0.0,0.0,0.0,0.0,0.0,0.0,0.0,0.0,0.0,0.0,0.0,0.0,0.0
350.0,0.0,0.0,0.0,0.0,0.0,0.0,0.0,0.0,0.0,0.0,0.0,0.0,0.0,0.0,0.0,0.0,0.0,0.0,0.0,0.0,0.0,0.0,166.63356240893685,156.0,206.0,206.0,206.0,206.0,206.0,206.0,206.0,206.0,206.0,214.70616985894827,264.7061698589483,314.7061698589483,364.7061698589483,414.7061698589483,364.7061698589483,343.38246704910705,0.0,0.0,0.0,0.0,0.0,0.0,0.0,0.0
0.0,0.0,0.0,0.0,0.0,0.0,0.0,0.0,0.0,0.0,0.0,0.0,0.0,0.0,0.0,0.0,0.0,0.0,0.0,0.0,0.0,0.0,0.0,0.0,0.0,0.0,0.0,0.0,0.0,0.0,0.0,0.0,0.0,0.0,0.0,0.0,0.0,0.0,0.0,0.0,0.0,0.0,0.0,0.0,0.0,0.0,0.0,0.0,0.0
0.0,0.0,0.0,0.0,0.0,0.0,0.0,0.0,0.0,0.0,0.0,0.0,0.0,0.0,0.0,0.0,0.0,0.0,0.0,0.0,0.0,0.0,0.0,206.0,206.0,206.0,206.0,206.0,206.0,206.0,206.0,206.0,206.0,206.0,206.0,248.5,298.5,348.5,398.5,398.5,398.5,367.11484362995213,398.5,398.5,398.5,393.9625506636486,343.9625506636486,313.700123804028,0.0
61.56,0.0,0.0,0.0,0.0,0.0,0.0,0.0,0.0,0.0,0.0,0.0,0.0,0.0,0.0,0.0,0.0,0.0,0.0,0.0,0.0,0.0,0.0,0.0,0.0,0.0,0.0,0.0,0.0,0.0,0.0,0.0,0.0,0.0,0.0,0.0,0.0,0.0,0.0,0.0,0.0,0.0,0.0,0.0,0.0,0.0,0.0,0.0,0.0
0.0,0.0,0.0,0.0,0.0,0.0,0.0,0.0,0.0,0.0,0.0,0.0,0.0,0.0,0.0,0.0,0.0,0.0,0.0,0.0,0.0,0.0,0.0,0.0,0.0,0.0,0.0,0.0,0.0,0.0,0.0,0.0,0.0,0.0,0.0,0.0,0.0,0.0,0.0,0.0,0.0,0.0,0.0,0.0,0.0,0.0,0.0,0.0,0.0
0.0,0.0,0.0,0.0,0.0,0.0,0.0,0.0,0.0,0.0,0.0,0.0,0.0,0.0,0.0,0.0,0.0,0.0,0.0,0.0,0.0,0.0,0.0,0.0,0.0,0.0,0.0,0.0,0.0,0.0,0.0,0.0,0.0,0.0,0.0,0.0,0.0,0.0,0.0,0.0,0.0,0.0,0.0,0.0,0.0,0.0,0.0,0.0,0.0
150.0,0.0,0.0,0.0,0.0,0.0,0.0,0.0,0.0,0.0,0.0,0.0,0.0,0.0,0.0,0.0,0.0,0.0,0.0,0.0,0.0,0.0,0.0,0.0,0.0,0.0,0.0,0.0,0.0,0.0,0.0,0.0,0.0,0.0,0.0,0.0,0.0,0.0,0.0,0.0,0.0,0.0,0.0,0.0,0.0,0.0,85.96976555533104,85.96420673236528,85.95864790939953
150.0,156.21991258842627,70.0,70.0,70.0,70.0,0.0,0.0,0.0,0.0,0.0,0.0,0.0,0.0,0.0,0.0,0.0,0.0,0.0,0.0,0.0,0.0,0.0,0.0,0.0,0.0,0.0,0.0,0.0,0.0,0.0,0.0,0.0,0.0,0.0,0.0,0.0,0.0,0.0,0.0,0.0,0.0,0.0,0.0,0.0,0.0,0.0,0.0,0.0
0.0,0.0,0.0,0.0,0.0,0.0,70.0,70.0,70.0,70.0,70.0,70.0,70.0,70.0,70.0,70.0,0.0,0.0,0.0,0.0,0.0,0.0,0.0,0.0,0.0,0.0,0.0,0.0,0.0,0.0,0.0,0.0,0.0,0.0,86.03647143092019,70.0,70.0,70.0,70.0,70.0,70.0,70.0,70.0,70.0,0.0,0.0,0.0,0.0,0.0
0.0,0.0,0.0,0.0,0.0,0.0,0.0,0.0,0.0,0.0,0.0,0.0,0.0,86.15320671320114,86.14764789023539,86.14208906726964,156.13653024430386,156.1309714213381,70.0,70.0,70.0,70.0,70.0,70.0,0.0,0.0,0.0,0.0,0.0,0.0,0.0,0.0,0.0,0.0,0.0,0.0,0.0,0.0,0.0,0.0,0.0,0.0,0.0,0.0,70.0,70.0,70.0,70.0,70.0
0.0,0.0,0.0,0.0,0.0,0.0,0.0,0.0,0.0,0.0,0.0,0.0,0.0,0.0,0.0,0.0,0.0,0.0,86.12541259837235,86.1198537754066,86.11429495244083,86.10873612947506,86.10317730650931,86.09761848354356,156.09205966057777,156.08650083761202,156.08094201464627,156.07538319168052,70.0,70.0,70.0,70.0,70.0,70.0,0.0,0.0,0.0,0.0,0.0,0.0,0.0,0.0,0.0,0.0,0.0,0.0,0.0,0.0,0.0
0.0,0.0,86.21435376582451,86.20879494285875,86.20323611989298,86.19767729692722,86.19211847396147,86.1865596509957,86.18100082802994,86.17544200506418,86.16988318209843,86.16432435913268,86.15876553616691,0.0,0.0,0.0,0.0,0.0,0.0,0.0,0.0,0.0,0.0,0.0,0.0,0.0,0.0,0.0,86.06982436871475,86.06426554574898,86.05870672278323,86.05314789981747,86.04758907685171,86.04203025388594,70.0,86.03091260795443,86.02535378498867,86.0197949620229,86.01423613905715,86.0086773160914,86.00311849312563,85.99755967015986,85.9920008471941,85.98644202422835,85.98088320126259,85.97532437829682,0.0,0.0,0.0
230.0,140.11664714062613,0.0,0.0,0.0,0.0,0.0,0.0,0.0,0.0,0.0,0.0,0.0,0.0,0.0,0.0,0.0,0.0,0.0,0.0,0.0,98.64,98.64,98.64,98.64,98.64,98.64,98.64,98.64,98.64,98.64,0.0,0.0,0.0,0.0,0.0,0.0,0.0,0.0,0.0,0.0,0.0,182.94487951614917,124.79941538482475,139.84515464848468,124.79089391214457,124.78663317580458,124.78237243946441,98.64000000000001
230.0,0.0,0.0,0.0,0.0,0.0,0.0,0.0,0.0,0.0,0.0,0.0,0.0,0.0,98.64,98.64,100.78374340067307,168.06924404471613,168.06226946357344,168.05529488243076,144.8683850318555,98.64,169.39437113900271,98.64,0.0,0.0,0.0,0.0,0.0,0.0,0.0,0.0,0.0,0.0,0.0,0.0,0.0,0.0,0.0,0.0,0.0,0.0,0.0,0.0,0.0,0.0,0.0,0.0,98.63999999999999
0.0,0.0,125.06238640428602,125.05812566794594,129.30145318983733,132.75712450977915,125.04534345892571,125.04108272258564,125.03682198624557,125.03256124990551,161.36339201153706,161.35684278005033,0.0,0.0,0.0,0.0,0.0,0.0,0.0,0.0,0.0,0.0,0.0,0.0,268.0204219767174,268.0134473955747,169.366472814432,169.35949823328934,98.64,98.64,169.3385744898613,98.64,98.64,98.64,0.0,0.0,0.0,0.0,0.0,0.0,0.0,0.0,0.0,0.0,0.0,0.0,0.0,0.0,0.0
0.0,0.0,0.0,0.0,0.0,0.0,0.0,0.0,0.0,0.0,0.0,0.0,0.0,0.0,0.0,0.0,0.0,0.0,0.0,0.0,0.0,0.0,0.0,0.0,0.0,0.0,98.64,98.64,169.35252365214666,169.34554907100397,98.64,98.64,98.64,100.00697458114269,98.64,98.64,98.64,0.0,0.0,0.0,0.0,0.0,0.0,0.0,0.0,0.0,0.0,0.0,0.0
0.0,183.58999999999997,198.64,198.64,194.39241174176854,190.93247968548667,198.64,198.64,198.64,198.64,198.64,198.64,283.59000000000003,283.59000000000003,268.09016778814413,268.08319320700144,265.93247522518567,198.64,198.64,198.64,221.81993526943262,169.4013457201454,98.64,169.38739655786003,0.0,0.0,0.0,0.0,0.0,0.0,0.0,0.0,0.0,0.0,0.0,0.0,0.0,183.58999999999997,183.58999999999997,183.58999999999997,197.0032283655848,198.64,183.58999999999997,198.64,183.58999999999997,198.64,198.64,198.64,126.1381117031244
0.0,0.0,0.0,0.0,0.0,0.0,0.0,0.0,0.0,0.0,0.0,0.0,0.0,0.0,0.0,0.0,0.0,0.0,0.0,0.0,0.0,0.0,0.0,0.0,0.0,0.0,0.0,0.0,0.0,0.0,0.0,169.3315999087186,169.32462532757594,167.9506761652906,267.9506761652906,267.9437015841479,267.9367270030052,182.97975242186254,182.97277784071986,182.9658032595772,169.54560031284973,167.90185409729182,0.0,0.0,0.0,0.0,0.0,0.0,0.0
0.0,0.0,0.0,0.0,0.0,0.0,0.0,0.0,0.0,0.0,0.0,0.0,0.0,0.0,0.0,0.0,0.0,0.0,0.0,0.0,0.0,0.0,0.0,0.0,0.0,0.0,0.0,0.0,0.0,0.0,0.0,0.0,0.0,0.0,0.0,0.0,0.0,0.0,0.0,0.0,0.0,0.0,0.0,0.0,0.0,0.0,0.0,0.0,0.0
0.0,0.0,0.0,0.0,0.0,0.0,0.0,0.0,0.0,0.0,0.0,0.0,0.0,0.0,0.0,0.0,0.0,0.0,0.0,0.0,0.0,0.0,0.0,0.0,0.0,0.0,0.0,0.0,0.0,0.0,0.0,0.0,0.0,0.0,0.0,0.0,0.0,0.0,0.0,0.0,0.0,0.0,0.0,0.0,0.0,0.0,0.0,0.0,0.0
0.0,0.0,0.0,0.0,0.0,0.0,0.0,0.0,0.0,0.0,0.0,0.0,0.0,0.0,0.0,0.0,0.0,0.0,0.0,0.0,0.0,0.0,0.0,0.0,0.0,0.0,0.0,0.0,0.0,0.0,0.0,0.0,0.0,0.0,0.0,0.0,0.0,0.0,0.0,0.0,0.0,0.0,0.0,0.0,0.0,0.0,0.0,0.0,0.0
0.0,0.0,0.0,0.0,0.0,0.0,0.0,0.0,0.0,0.0,0.0,0.0,0.0,0.0,0.0,0.0,0.0,0.0,0.0,0.0,0.0,0.0,0.0,0.0,0.0,0.0,0.0,0.0,0.0,0.0,0.0,0.0,0.0,0.0,0.0,0.0,0.0,0.0,0.0,0.0,0.0,0.0,0.0,0.0,0.0,0.0,0.0,0.0,0.0
0.0,0.0,0.0,0.0,0.0,0.0,0.0,0.0,0.0,0.0,0.0,0.0,0.0,0.0,0.0,0.0,0.0,0.0,0.0,0.0,0.0,0.0,0.0,0.0,0.0,0.0,0.0,0.0,0.0,0.0,0.0,0.0,0.0,0.0,0.0,0.0,0.0,0.0,0.0,0.0,0.0,0.0,0.0,0.0,0.0,0.0,0.0,0.0,0.0
0.0,0.0,0.0,0.0,0.0,0.0,0.0,0.0,0.0,0.0,0.0,0.0,0.0,0.0,0.0,0.0,0.0,0.0,0.0,0.0,0.0,0.0,0.0,0.0,0.0,0.0,0.0,0.0,0.0,0.0,0.0,0.0,0.0,0.0,0.0,0.0,0.0,0.0,0.0,0.0,0.0,0.0,0.0,0.0,0.0,0.0,0.0,0.0,0.0
0.0,0.0,0.0,0.0,0.0,0.0,0.0,0.0,0.0,0.0,0.0,0.0,0.0,0.0,0.0,0.0,0.0,0.0,0.0,0.0,0.0,0.0,0.0,0.0,0.0,0.0,0.0,0.0,0.0,0.0,0.0,0.0,0.0,0.0,0.0,0.0,0.0,0.0,0.0,0.0,0.0,0.0,0.0,0.0,0.0,0.0,0.0,0.0,0.0
0.0,28.0,28.0,28.0,28.0,28.0,28.0,28.0,28.0,28.0,28.0,28.0,28.0,28.0,28.0,28.0,28.0,28.0,28.0,28.0,28.0,28.0,28.0,28.0,27.99999999999971,27.99999999999971,28.0,27.99999999999971,28.0,28.0,28.0,28.0,28.0,28.0,28.0,28.0,28.0,28.0,28.0,28.0,28.0,28.0,28.0,28.0,28.0,28.0,28.0,28.0,49.54543252986844
0.0,0.0,0.0,0.0,0.0,0.0,0.0,0.0,0.0,0.0,0.0,0.0,0.0,0.0,0.0,0.0,0.0,0.0,0.0,0.0,0.0,0.0,0.0,0.0,0.0,0.0,0.0,0.0,0.0,0.0,0.0,0.0,0.0,0.0,0.0,0.0,0.0,0.0,0.0,0.0,0.0,0.0,0.0,0.0,0.0,0.0,0.0,0.0,0.0
0.0,0.0,0.0,0.0,0.0,0.0,0.0,0.0,0.0,0.0,0.0,0.0,0.0,0.0,0.0,0.0,0.0,0.0,0.0,0.0,0.0,0.0,0.0,0.0,0.0,0.0,0.0,0.0,0.0,0.0,0.0,0.0,0.0,0.0,0.0,0.0,0.0,0.0,0.0,0.0,0.0,0.0,0.0,0.0,0.0,0.0,0.0,0.0,0.0
0.0,0.0,0.0,0.0,0.0,0.0,0.0,0.0,0.0,0.0,0.0,0.0,0.0,0.0,0.0,0.0,0.0,0.0,0.0,0.0,0.0,0.0,0.0,0.0,0.0,0.0,0.0,0.0,0.0,0.0,0.0,0.0,0.0,0.0,0.0,0.0,0.0,0.0,0.0,0.0,0.0,0.0,0.0,0.0,0.0,0.0,0.0,0.0,0.0
0.0,0.0,0.0,0.0,0.0,0.0,0.0,0.0,0.0,0.0,0.0,0.0,0.0,0.0,0.0,0.0,0.0,0.0,0.0,0.0,0.0,0.0,0.0,0.0,0.0,0.0,0.0,0.0,0.0,0.0,0.0,0.0,0.0,0.0,0.0,0.0,0.0,0.0,0.0,0.0,0.0,0.0,0.0,0.0,0.0,0.0,0.0,0.0,0.0
0.0,0.0,0.0,0.0,0.0,0.0,0.0,0.0,0.0,0.0,0.0,0.0,0.0,0.0,0.0,0.0,0.0,0.0,0.0,0.0,0.0,0.0,0.0,0.0,0.0,0.0,0.0,0.0,0.0,0.0,0.0,0.0,0.0,0.0,0.0,0.0,0.0,0.0,0.0,0.0,0.0,0.0,0.0,0.0,0.0,0.0,0.0,0.0,0.0
0.0,0.0,0.0,0.0,0.0,0.0,0.0,0.0,0.0,0.0,0.0,0.0,0.0,0.0,0.0,0.0,0.0,0.0,0.0,0.0,0.0,0.0,0.0,0.0,0.0,0.0,0.0,0.0,0.0,0.0,0.0,0.0,0.0,0.0,0.0,0.0,0.0,0.0,0.0,0.0,0.0,0.0,0.0,0.0,0.0,0.0,0.0,0.0,0.0
0.0,0.0,0.0,0.0,0.0,0.0,0.0,0.0,0.0,0.0,0.0,0.0,0.0,0.0,0.0,0.0,0.0,0.0,0.0,0.0,0.0,0.0,0.0,0.0,0.0,0.0,0.0,0.0,0.0,0.0,0.0,0.0,0.0,0.0,0.0,0.0,0.0,0.0,0.0,0.0,0.0,0.0,0.0,0.0,0.0,0.0,0.0,0.0,0.0
0.0,0.0,0.0,0.0,0.0,0.0,0.0,0.0,0.0,0.0,0.0,0.0,0.0,0.0,0.0,0.0,0.0,0.0,0.0,0.0,0.0,0.0,0.0,0.0,0.0,0.0,0.0,0.0,0.0,0.0,0.0,0.0,0.0,0.0,0.0,0.0,0.0,0.0,0.0,0.0,0.0,0.0,0.0,0.0,0.0,0.0,0.0,0.0,0.0
0.0,0.0,0.0,0.0,0.0,0.0,0.0,0.0,0.0,0.0,0.0,0.0,0.0,0.0,0.0,0.0,0.0,0.0,0.0,0.0,0.0,0.0,0.0,0.0,0.0,0.0,0.0,0.0,0.0,0.0,0.0,0.0,0.0,0.0,0.0,0.0,0.0,0.0,0.0,0.0,0.0,0.0,0.0,0.0,0.0,0.0,0.0,0.0,0.0
300.0,0.0,0.0,0.0,0.0,0.0,0.0,0.0,0.0,0.0,0.0,164.16,164.16,264.15999999999997,164.16,164.16,164.16,164.16,264.15999999999997,164.16,253.4176652753456,253.4176652753456,0.0,0.0,0.0,0.0,0.0,0.0,0.0,0.0,0.0,0.0,0.0,164.16,264.15999999999997,164.16,264.15999999999997,164.15999999999997,164.16,164.16,164.16,164.16,164.16,164.16,253.4176652753456,253.4176652753456,253.4176652753456,164.16,264.15999999999997
300.0,258.5337100896236,164.16,164.16,164.16,164.16,164.16,164.16,164.16,164.16,164.16,0.0,0.0,0.0,0.0,0.0,0.0,0.0,0.0,0.0,0.0,0.0,253.4176652753456,253.4176652753456,253.41766527534602,164.16,253.4176652753456,217.57766527534557,317.57766527534557,417.57766527534557,317.57766527534557,217.57766527534557,181.73766527534565,273.9376652753456,173.93766527534558,273.9376652753456,173.93766527534558,273.9376652753456,173.93766527534558,164.16,164.16,164.16,217.57766527534568,164.16,164.16,164.16,164.16,164.16,0.0
300.0,264.15999999999997,164.16,164.16,164.16,164.16,164.16,164.16,164.16,164.16,164.16,164.16,164.16,164.16,164.16,164.16,164.16,164.16,164.16,164.16,164.16,164.16,164.16,164.16,164.16,253.41766527534602,164.16,164.16,264.15999999999997,164.16,164.16,164.16,264.15999999999997,0.0,0.0,0.0,0.0,0.0,0.0,0.0,0.0,0.0,0.0,164.16,164.16,164.16,164.16,164.16,264.15999999999997
0.0,0.0,0.0,0.0,0.0,0.0,0.0,176.84235308172447,164.16,164.16,164.16,164.16,164.16,164.16,164.16,164.16,164.16,164.16,164.16,164.16,164.16,164.16,164.16,164.16,164.16,164.16,164.16,164.16,0.0,0.0,0.0,0.0,0.0,0.0,0.0,0.0,0.0,0.0,164.16,164.16,164.16,164.16,264.15999999999997,253.41766527534602,164.16,164.16,164.16,164.16,0.0
0.0,0.0,0.0,0.0,0.0,0.0,0.0,0.0,0.0,0.0,0.0,0.0,0.0,0.0,0.0,0.0,0.0,0.0,0.0,216.97850754406784,164.16,164.16,164.16,164.16,164.16,164.16,164.16,200.00000000000043,164.16,164.16,264.15999999999997,364.15999999999997,464.15999999999997,471.96000000000004,471.96000000000004,471.96000000000004,471.96000000000004,471.96000000000004,407.79999999999995,417.57766527534557,417.57766527534557,417.57766527534557,0.0,0.0,0.0,0.0,0.0,0.0,0.0
0.0,0.0,194.3737100896236,194.3737100896236,194.3737100896236,194.3737100896236,194.3737100896236,294.3737100896237,307.0560631713481,307.0560631713481,307.0560631713481,307.0560631713481,307.0560631713481,207.05606317134811,307.0560631713481,307.0560631713481,400.5991577312776,400.5991577312776,300.5991577312776,200.59915773127761,164.16,164.16,164.16,164.16,164.16,164.16,164.16,164.16,164.16,164.16,164.16,164.16,0.0,0.0,0.0,0.0,0.0,0.0,0.0,0.0,0.0,0.0,264.15999999999997,164.16,164.16,164.16,164.16,253.41766527534602,353.41766527534605
200.0,210.8,210.79999999962746,210.79999999962746,210.79999999962746,210.79999999962746,210.8,0.0,0.0,0.0,0.0,0.0,0.0,0.0,0.0,0.0,0.0,0.0,0.0,0.0,0.0,0.0,0.0,210.8,210.8,210.8,228.43403033290252,210.8,228.43403033290252,228.43403033290252,210.8,228.43403033290252,328.4340303329025,228.43403033290252,210.8,210.8,210.8,210.8,210.8,210.8,210.8,210.8,210.8,210.8,0.0,0.0,0.0,0.0,0.0
200.0,0.0,0.0,0.0,0.0,0.0,0.0,0.0,0.0,0.0,0.0,0.0,0.0,210.8,210.8,210.8,210.8,210.8,210.8,210.8,210.8,210.8,210.8,0.0,0.0,0.0,0.0,0.0,0.0,0.0,0.0,0.0,0.0,0.0,0.0,0.0,0.0,0.0,0.0,0.0,0.0,0.0,0.0,0.0,0.0,210.8,210.8,210.8,221.60000000000014
0.0,0.0,0.0,0.0,0.0,0.0,0.0,0.0,0.0,0.0,0.0,0.0,0.0,0.0,0.0,0.0,0.0,0.0,0.0,0.0,0.0,226.72419071546727,210.8,210.8,210.8,210.8,210.8,210.8,210.8,210.8,210.8,210.8,310.8,310.8,210.8,228.43403033290247,210.8,210.8,210.8,210.8,228.43403033290247,210.8,0.0,0.0,0.0,0.0,0.0,0.0,0.0
0.0,0.0,0.0,0.0,0.0,0.0,0.0,0.0,0.0,0.0,0.0,0.0,0.0,0.0,0.0,0.0,0.0,0.0,0.0,0.0,0.0,0.0,210.8,210.8,210.8,228.43403033290252,210.8,210.8,210.8,210.8,210.8,210.8,0.0,0.0,0.0,0.0,0.0,0.0,0.0,0.0,0.0,0.0,210.8,210.8,221.60000000000014,210.8,210.8,210.8,310.8
0.0,307.8703606363767,307.87036063673526,307.87036063673526,307.87036063673526,307.87036063673526,307.8703606363627,357.374690068112,310.8,310.8,310.8,310.8,357.374690068112,426.7241907154672,410.8,310.8,310.8,310.8,310.8,326.7241907154672,426.7241907154672,410.8,310.8,310.8,310.8,310.8,310.8,328.43403033290247,310.8,310.8,328.43403033290247,310.8,321.6,421.6000000000001,328.43403033290247,310.8,328.43403033290247,310.8,310.8,328.43403033290247,310.8,328.43403033290247,310.8,310.8,410.8,310.8,310.8,328.43403033290247,428.43403033290247
0.0,0.0,0.0,0.0,0.0,0.0,0.0,210.8,257.374690068112,257.374690068112,257.374690068112,257.374690068112,210.8,210.8,226.72419071546727,326.7241907154673,326.7241907154673,326.7241907154673,326.7241907154673,310.79999999999995,210.8,0.0,0.0,0.0,0.0,0.0,0.0,0.0,0.0,0.0,0.0,0.0,0.0,0.0,210.8,210.8,210.8,228.43403033290247,228.43403033290247,210.8,210.8,210.8,228.43403033290252,228.43403033290252,328.43403033290247,228.43403033290247,228.43403033290247,210.8,0.0
