4.6,15.600000000000009,12.469740096861557,12.460271798647476,12.450266321672729,12.440039671018205,12.429813020363689,12.419586369709172,12.409359719054656,12.399133068400133,12.38890641774561,12.378679767091093,12.368453116436577,23.35822646578206,12.35822646578206,12.337773164473013,12.327546513818497,12.31731986316398,12.307093212509464,12.296866561854948,12.286639911200417,12.276413260545901,12.266186609891385,12.255959959236868,12.245733308582345,12.23873292271761,12.234958801642641,12.231184680567672,12.227410559492704,12.223636438417735,12.219862317342773,12.216088196267826,12.212314075192893,12.208539954117967,12.20476583304304,12.200991711968115,12.197217590893189,12.193443469818263,12.189669348743337,12.18589522766841,12.182121106593478,12.178346985518544,12.174572864443618,12.170798743368692,12.167024622293766,12.16325050121884,12.159476380143914,12.155702259068946,23.151928137993934
0.0,26.77857638491387,29.9,29.9,29.9,29.9,29.9,29.9,29.9,29.9,29.9,29.9,29.9,18.9,29.889773349345475,29.9,29.9,29.9,29.9,29.9,29.9,29.9,29.9,29.9,29.9,29.9,29.9,29.9,29.9,29.9,29.9,29.9,29.9,29.9,29.9,29.9,29.9,29.9,29.9,29.9,29.9,29.9,29.9,29.9,29.9,29.9,29.9,29.9,18.9
5.0,14.375,14.375,14.375,14.375,14.375,14.375,14.375,14.375,14.375,13.818203476752885,14.375,14.375,14.375,14.375,14.375,14.375,14.375,14.375,14.375,14.375,14.375,13.818203476985715,14.375,14.375,14.375,14.375,14.375,14.375,14.375,14.375,14.375,14.375,14.375,14.375,14.375,13.818203476985715,14.375,14.375,14.375,14.375,14.375,14.375,14.375,14.375,14.375,14.375,14.375,14.375
5.0,14.375,14.375,14.375,13.818203476520054,14.375,13.81820347663647,14.375,14.375,14.375,14.375,14.375,14.375,14.375,14.375,14.375,14.375,14.375,14.375,14.375,14.375,14.375,14.375,14.375,14.375,14.375,14.375,14.375,14.375,14.375,14.375,14.375,14.375,14.375,14.375,13.818203476985715,14.375,13.818203476985715,14.375,14.375,14.375,14.375,13.818203476985715,14.375,14.375,14.375,14.375,14.375,14.375
0.0,15.543203476461848,15.543203476520056,15.543203476578263,16.1,15.543203476520056,16.1,15.54320347663647,15.543203476752886,15.543203476752886,16.1,15.543203476752886,15.543203476985717,15.543203476985717,15.543203476985717,15.543203476985717,15.543203476985717,15.543203476985717,15.543203476985717,15.543203476985717,16.1,15.543203476985717,16.1,15.543203476985717,15.543203477451378,15.543203477451378,15.543203477451378,15.543203477451378,15.543203477451378,15.543203477451378,15.543203477451378,15.543203476985717,15.543203476985717,15.543203476985717,15.543203476985717,16.1,16.1,16.1,15.543203476985717,15.543203476985717,15.543203476985717,16.1,16.1,16.1,15.543203476985717,16.1,15.543203476985717,15.54320347791704,15.54320347791704
0.0,14.950000000000003,14.950000000000003,14.950000000000003,14.950000000000003,14.950000000000003,14.950000000000003,14.950000000000003,14.950000000000003,14.950000000000003,14.950000000000003,14.950000000000003,14.950000000000003,14.950000000000003,14.950000000000003,14.950000000000003,14.950000000000003,14.950000000000003,14.950000000000003,14.950000000000003,14.393203476985718,14.950000000000003,14.950000000000003,14.950000000000003,14.950000000000003,14.950000000000003,14.950000000000003,14.950000000000003,14.950000000000003,14.950000000000003,14.950000000000003,14.950000000000003,14.950000000000003,14.950000000000003,14.950000000000003,14.950000000000003,14.950000000000003,14.950000000000003,14.950000000000003,14.950000000000003,14.950000000000003,14.393203476985718,14.950000000000003,14.393203476985718,14.950000000000003,14.393203476985718,14.950000000000003,14.950000000000003,14.950000000000003
24.0,0.0,0.0,0.0,0.0,0.0,0.0,0.0,0.0,0.0,0.0,0.0,0.0,0.0,0.0,0.0,0.0,0.0,0.0,0.0,0.0,0.0,0.0,0.0,0.0,69.0,69.0,69.0,69.0,69.0,69.0,69.0,69.0,69.0,69.0,69.0,69.0,69.0,69.0,69.0,69.0,69.0,69.0,69.0,69.0,69.0,69.0,69.0,69.0
24.0,0.0,0.0,0.0,0.0,0.0,0.0,0.0,0.0,0.0,0.0,0.0,0.0,0.0,0.0,0.0,0.0,0.0,0.0,0.0,0.0,0.0,0.0,0.0,0.0,69.0,69.0,69.0,69.0,69.0,69.0,69.0,69.0,69.0,69.0,69.0,69.0,69.0,69.0,69.0,69.0,69.0,69.0,69.0,69.0,69.0,69.0,69.0,69.0
0.0,27.899640000000502,27.899640000000502,27.899640000000502,27.899640000000502,27.899640000000502,27.899640000000502,27.899640000000502,27.899640000000502,27.899640000000502,27.899640000000502,27.899640000000502,27.899640000000502,27.899640000000502,27.899640000000502,27.899640000000502,27.899640000000502,27.899640000000502,27.899640000000502,27.899640000000502,27.899640000000502,27.899640000000502,27.899640000000502,27.899640000000502,27.899640000000502,38.8996400000005,49.8996400000005,60.8996400000005,68.5986,68.5986,68.5986,68.5986,68.5986,68.5986,68.5986,68.5986,68.5986,68.5986,68.5986,68.5986,68.5986,68.5986,68.5986,68.5986,68.5986,68.5986,68.5986,68.5986,68.5986
150.0,100.0,0.0,0.0,0.0,0.0,0.0,0.0,0.0,0.0,0.0,0.0,0.0,0.0,0.0,0.0,0.0,0.0,0.0,0.0,0.0,0.0,0.0,0.0,0.0,0.0,0.0,0.0,0.0,0.0,0.0,0.0,0.0,0.0,0.0,0.0,0.0,0.0,0.0,0.0,0.0,0.0,0.0,0.0,0.0,0.0,0.0,0.0,0.0
150.0,0.0,0.0,0.0,0.0,0.0,0.0,0.0,0.0,0.0,0.0,0.0,0.0,0.0,0.0,0.0,0.0,0.0,0.0,0.0,0.0,0.0,0.0,0.0,0.0,0.0,0.0,0.0,0.0,0.0,0.0,0.0,0.0,0.0,0.0,0.0,0.0,0.0,0.0,0.0,0.0,0.0,0.0,0.0,0.0,0.0,0.0,0.0,0.0
150.0,0.0,0.0,0.0,0.0,0.0,0.0,0.0,0.0,0.0,0.0,0.0,0.0,0.0,0.0,0.0,0.0,0.0,0.0,0.0,0.0,0.0,0.0,0.0,0.0,0.0,0.0,0.0,0.0,0.0,0.0,0.0,0.0,0.0,0.0,0.0,0.0,0.0,0.0,0.0,0.0,0.0,0.0,0.0,0.0,0.0,0.0,0.0,0.0
0.0,0.0,0.0,0.0,0.0,0.0,0.0,0.0,0.0,0.0,0.0,0.0,0.0,0.0,0.0,0.0,0.0,0.0,0.0,0.0,0.0,0.0,0.0,0.0,0.0,0.0,0.0,0.0,0.0,0.0,0.0,0.0,0.0,0.0,0.0,0.0,0.0,0.0,0.0,0.0,0.0,0.0,0.0,0.0,0.0,0.0,0.0,0.0,0.0
0.0,0.0,0.0,0.0,0.0,0.0,0.0,0.0,0.0,0.0,0.0,0.0,0.0,0.0,0.0,0.0,0.0,0.0,0.0,0.0,0.0,0.0,0.0,0.0,0.0,115.6,115.6,94.31768345473317,65.6,65.6,65.6,115.6,115.6,115.6,115.6,115.6,65.6,0.0,0.0,0.0,0.0,0.0,0.0,0.0,0.0,0.0,0.0,0.0,0.0
0.0,0.0,0.0,0.0,0.0,0.0,0.0,0.0,0.0,0.0,0.0,0.0,0.0,0.0,0.0,0.0,0.0,0.0,0.0,0.0,0.0,0.0,0.0,0.0,0.0,0.0,0.0,65.6,65.6,65.6,65.6,115.6,115.6,115.6,115.6,115.6,65.6,0.0,0.0,0.0,0.0,0.0,0.0,0.0,0.0,0.0,0.0,0.0,0.0
0.0,0.0,0.0,0.0,0.0,0.0,0.0,0.0,0.0,0.0,0.0,0.0,0.0,0.0,0.0,0.0,0.0,0.0,0.0,0.0,0.0,0.0,0.0,0.0,0.0,0.0,0.0,0.0,0.0,0.0,0.0,0.0,0.0,0.0,0.0,0.0,0.0,0.0,0.0,0.0,0.0,0.0,0.0,0.0,0.0,0.0,0.0,0.0,0.0
0.0,0.0,0.0,0.0,0.0,0.0,0.0,0.0,0.0,0.0,0.0,0.0,0.0,0.0,0.0,0.0,0.0,0.0,0.0,0.0,0.0,0.0,0.0,0.0,0.0,0.0,0.0,0.0,0.0,0.0,0.0,0.0,0.0,0.0,0.0,0.0,0.0,0.0,0.0,0.0,0.0,0.0,0.0,0.0,0.0,0.0,0.0,0.0,0.0
20.0,0.0,0.0,0.0,0.0,0.0,0.0,0.0,0.0,0.0,0.0,0.0,0.0,0.0,0.0,0.0,0.0,0.0,0.0,0.0,0.0,0.0,0.0,0.0,0.0,0.0,0.0,0.0,0.0,0.0,0.0,0.0,0.0,0.0,0.0,0.0,0.0,0.0,0.0,0.0,0.0,0.0,0.0,0.0,0.0,0.0,0.0,0.0,0.0
20.0,35.0,30.2,0.0,0.0,0.0,0.0,0.0,0.0,0.0,0.0,0.0,0.0,0.0,0.0,0.0,0.0,0.0,0.0,0.0,0.0,0.0,0.0,0.0,0.0,0.0,0.0,0.0,0.0,0.0,0.0,0.0,0.0,0.0,0.0,0.0,0.0,0.0,0.0,0.0,0.0,0.0,0.0,0.0,0.0,0.0,0.0,0.0,0.0
40.0,0.0,0.0,0.0,0.0,0.0,0.0,0.0,0.0,0.0,0.0,0.0,0.0,0.0,0.0,0.0,0.0,0.0,0.0,0.0,0.0,0.0,0.0,0.0,0.0,0.0,0.0,0.0,0.0,0.0,0.0,0.0,0.0,0.0,0.0,0.0,0.0,0.0,0.0,0.0,0.0,0.0,0.0,0.0,0.0,0.0,0.0,0.0,0.0
40.0,0.0,0.0,0.0,0.0,0.0,0.0,0.0,0.0,0.0,0.0,0.0,0.0,0.0,0.0,0.0,0.0,0.0,0.0,0.0,0.0,0.0,0.0,0.0,0.0,0.0,0.0,0.0,0.0,0.0,0.0,0.0,0.0,0.0,0.0,0.0,0.0,0.0,0.0,0.0,0.0,0.0,0.0,0.0,0.0,0.0,0.0,0.0,0.0
50.0,0.0,0.0,0.0,0.0,0.0,0.0,0.0,0.0,0.0,0.0,0.0,0.0,0.0,0.0,0.0,0.0,0.0,0.0,0.0,0.0,0.0,0.0,0.0,0.0,0.0,0.0,0.0,0.0,0.0,0.0,0.0,0.0,0.0,0.0,0.0,0.0,0.0,0.0,0.0,0.0,0.0,0.0,0.0,0.0,0.0,0.0,0.0,0.0
50.0,0.0,0.0,0.0,0.0,0.0,0.0,0.0,0.0,0.0,0.0,0.0,0.0,0.0,0.0,0.0,0.0,0.0,0.0,0.0,0.0,0.0,0.0,0.0,0.0,0.0,0.0,0.0,0.0,0.0,0.0,0.0,0.0,0.0,0.0,0.0,0.0,0.0,0.0,0.0,0.0,0.0,0.0,0.0,0.0,0.0,0.0,0.0,0.0
50.0,0.0,0.0,0.0,0.0,0.0,0.0,0.0,0.0,0.0,0.0,0.0,0.0,0.0,0.0,0.0,0.0,0.0,0.0,0.0,0.0,0.0,0.0,0.0,0.0,0.0,0.0,0.0,0.0,0.0,0.0,0.0,0.0,0.0,0.0,0.0,0.0,0.0,0.0,0.0,0.0,0.0,0.0,0.0,0.0,0.0,0.0,0.0,0.0
50.0,0.0,0.0,0.0,0.0,0.0,0.0,0.0,0.0,0.0,0.0,0.0,0.0,0.0,0.0,0.0,0.0,0.0,0.0,0.0,0.0,0.0,0.0,0.0,0.0,0.0,0.0,0.0,0.0,0.0,0.0,0.0,0.0,0.0,0.0,0.0,0.0,0.0,0.0,0.0,0.0,0.0,0.0,0.0,0.0,0.0,0.0,0.0,0.0
0.0,0.0,0.0,0.0,0.0,0.0,0.0,0.0,0.0,0.0,0.0,0.0,0.0,0.0,0.0,0.0,0.0,0.0,0.0,0.0,0.0,0.0,0.0,0.0,0.0,0.0,0.0,0.0,0.0,0.0,0.0,0.0,0.0,0.0,0.0,0.0,0.0,0.0,0.0,0.0,0.0,0.0,0.0,0.0,0.0,0.0,0.0,0.0,0.0
0.0,0.0,0.0,0.0,0.0,0.0,0.0,0.0,0.0,0.0,0.0,0.0,0.0,0.0,0.0,0.0,0.0,0.0,0.0,0.0,0.0,0.0,0.0,0.0,0.0,0.0,0.0,0.0,0.0,0.0,0.0,0.0,0.0,0.0,0.0,0.0,0.0,0.0,0.0,0.0,0.0,0.0,0.0,0.0,0.0,0.0,0.0,0.0,0.0
150.0,173.00078107763503,173.00078107763503,211.6,161.6,0.0,0.0,0.0,0.0,0.0,0.0,0.0,0.0,0.0,0.0,0.0,0.0,0.0,0.0,0.0,0.0,0.0,0.0,0.0,0.0,0.0,0.0,0.0,0.0,0.0,0.0,0.0,0.0,0.0,0.0,0.0,0.0,0.0,0.0,0.0,0.0,0.0,0.0,0.0,0.0,0.0,0.0,0.0,0.0
150.0,161.6,161.6,161.00078107763503,211.00078107763503,0.0,0.0,0.0,0.0,0.0,0.0,0.0,0.0,0.0,0.0,0.0,0.0,0.0,0.0,0.0,0.0,0.0,0.0,0.0,0.0,0.0,0.0,0.0,0.0,0.0,0.0,0.0,0.0,0.0,0.0,0.0,0.0,0.0,0.0,0.0,0.0,0.0,0.0,0.0,0.0,0.0,0.0,0.0,0.0
150.0,161.6,161.6,123.6,123.6,0.0,0.0,0.0,0.0,0.0,0.0,0.0,0.0,0.0,0.0,0.0,0.0,0.0,0.0,0.0,0.0,0.0,0.0,0.0,0.0,0.0,0.0,0.0,0.0,0.0,0.0,0.0,0.0,0.0,0.0,0.0,0.0,0.0,0.0,0.0,0.0,0.0,0.0,0.0,0.0,0.0,0.0,0.0,0.0
0.0,0.0,0.0,0.0,0.0,0.0,0.0,0.0,0.0,0.0,0.0,0.0,0.0,0.0,0.0,0.0,0.0,0.0,0.0,0.0,0.0,0.0,0.0,0.0,0.0,0.0,0.0,0.0,0.0,0.0,0.0,0.0,0.0,0.0,0.0,0.0,0.0,0.0,0.0,0.0,0.0,0.0,0.0,0.0,0.0,0.0,0.0,0.0,0.0
0.0,0.0,0.0,0.0,0.0,0.0,0.0,0.0,0.0,0.0,0.0,0.0,0.0,0.0,0.0,0.0,0.0,0.0,0.0,0.0,0.0,0.0,0.0,0.0,0.0,0.0,0.0,0.0,0.0,0.0,0.0,0.0,0.0,0.0,0.0,0.0,0.0,0.0,0.0,0.0,0.0,0.0,0.0,0.0,0.0,0.0,0.0,0.0,0.0
0.0,0.0,0.0,0.0,0.0,0.0,0.0,0.0,0.0,0.0,0.0,0.0,0.0,0.0,0.0,0.0,0.0,0.0,0.0,0.0,0.0,0.0,0.0,0.0,0.0,0.0,0.0,0.0,0.0,0.0,0.0,0.0,0.0,0.0,0.0,0.0,0.0,0.0,0.0,0.0,0.0,0.0,0.0,0.0,0.0,0.0,0.0,0.0,0.0
100.0,45.508374006341796,42.4,42.4,42.4,42.4,42.4,42.4,42.4,0.0,0.0,0.0,0.0,0.0,0.0,0.0,0.0,0.0,0.0,0.0,0.0,0.0,0.0,0.0,0.0,0.0,0.0,0.0,0.0,0.0,0.0,0.0,0.0,0.0,0.0,0.0,0.0,0.0,0.0,0.0,0.0,0.0,0.0,0.0,0.0,0.0,0.0,0.0,0.0
100.0,121.9,42.4,42.4,42.4,81.50181900819842,81.50181900819842,81.50181900819842,81.50181900819842,0.0,0.0,0.0,0.0,0.0,0.0,0.0,0.0,0.0,0.0,0.0,0.0,0.0,0.0,0.0,0.0,0.0,0.0,0.0,0.0,0.0,0.0,0.0,0.0,0.0,0.0,0.0,0.0,0.0,0.0,0.0,0.0,0.0,0.0,0.0,0.0,0.0,0.0,0.0,0.0
100.0,121.9,82.60837400631473,82.60837400631473,82.60837400631473,121.9,121.9,121.9,121.9,0.0,0.0,0.0,0.0,0.0,0.0,0.0,0.0,0.0,0.0,0.0,0.0,0.0,0.0,0.0,0.0,0.0,0.0,0.0,0.0,0.0,0.0,0.0,0.0,0.0,0.0,0.0,0.0,0.0,0.0,0.0,0.0,0.0,0.0,0.0,0.0,0.0,0.0,0.0,0.0
0.0,0.0,121.9,121.9,121.9,121.9,121.9,121.9,121.9,121.9,50.71109594060065,42.39999999664724,0.0,0.0,0.0,0.0,0.0,0.0,0.0,0.0,0.0,0.0,0.0,0.0,0.0,0.0,0.0,0.0,0.0,0.0,0.0,0.0,0.0,0.0,0.0,0.0,0.0,0.0,0.0,0.0,0.0,0.0,0.0,0.0,0.0,0.0,0.0,0.0,0.0
38.0,16.8,16.8,16.8,16.8,16.8,16.8,16.8,16.8,16.8,16.8,16.8,16.8,16.8,16.8,16.8,16.8,16.8,16.8,48.3,20.288894102328552,0.0,0.0,0.0,0.0,0.0,0.0,0.0,0.0,0.0,0.0,0.0,0.0,0.0,0.0,0.0,0.0,0.0,0.0,0.0,0.0,0.0,0.0,0.0,0.0,0.0,0.0,0.0,0.0
38.0,16.8,16.8,16.8,16.8,16.8,16.8,16.8,16.8,16.8,16.8,16.8,16.8,16.8,16.8,16.8,16.8,16.8,16.8,0.0,0.0,0.0,0.0,0.0,0.0,0.0,0.0,0.0,0.0,0.0,0.0,0.0,0.0,0.0,0.0,0.0,0.0,0.0,0.0,0.0,0.0,0.0,0.0,0.0,0.0,0.0,0.0,0.0,0.0
38.0,16.8,16.8,16.8,16.8,16.8,16.8,16.8,16.8,16.8,16.8,16.8,16.8,16.8,16.8,16.8,16.8,16.8,16.8,0.0,0.0,0.0,0.0,0.0,0.0,0.0,0.0,0.0,0.0,0.0,0.0,0.0,0.0,0.0,0.0,0.0,0.0,0.0,0.0,0.0,0.0,0.0,0.0,0.0,0.0,0.0,0.0,0.0,0.0
0.0,35.25167868754184,35.251678687530756,35.251678687530756,35.251678687530756,35.251678687530756,35.251678687530756,35.251678687530756,35.251678687530756,35.251678687530756,35.251678687530756,16.8,16.8,16.8,16.8,38.938579963401736,38.938579963401736,38.938579963401736,38.938579963401736,0.0,0.0,0.0,0.0,0.0,0.0,0.0,0.0,0.0,0.0,0.0,0.0,0.0,0.0,0.0,0.0,0.0,0.0,0.0,0.0,0.0,0.0,0.0,0.0,0.0,0.0,0.0,0.0,0.0,0.0
0.0,48.3,48.3,48.3,48.3,48.3,48.3,48.3,48.3,48.3,48.3,41.250611529429776,41.2506115294284,41.2506115294284,41.2506115294284,48.3,48.3,48.3,48.3,0.0,0.0,0.0,0.0,0.0,0.0,0.0,0.0,0.0,0.0,0.0,0.0,0.0,0.0,0.0,0.0,0.0,0.0,0.0,0.0,0.0,0.0,0.0,0.0,0.0,0.0,0.0,0.0,0.0,0.0
95.0,38.0,38.0,38.0,38.0,38.0,38.0,38.0,38.0,38.0,0.0,0.0,0.0,0.0,0.0,0.0,0.0,0.0,0.0,0.0,0.0,0.0,0.0,0.0,0.0,0.0,0.0,0.0,0.0,0.0,0.0,0.0,0.0,0.0,0.0,0.0,0.0,0.0,0.0,0.0,0.0,0.0,0.0,0.0,0.0,0.0,0.0,0.0,0.0
95.0,109.25,109.25,42.249925227920215,42.249925227920215,108.741625831415,108.74162583141282,108.74162583141282,109.25,75.49162583141282,109.25,109.25,109.25,109.25,109.25,109.25,71.91911531434573,71.91911531434573,71.91911531434573,109.25,109.25,109.25,109.25,83.34630479610591,38.0,0.0,0.0,0.0,0.0,0.0,0.0,0.0,0.0,0.0,0.0,0.0,0.0,0.0,0.0,0.0,0.0,0.0,0.0,0.0,0.0,0.0,0.0,0.0,0.0
95.0,38.0,38.0,38.0,38.0,38.0,38.0,38.0,0.0,0.0,0.0,0.0,0.0,0.0,0.0,0.0,0.0,0.0,0.0,0.0,0.0,0.0,0.0,0.0,0.0,0.0,0.0,0.0,0.0,0.0,0.0,0.0,0.0,0.0,0.0,0.0,0.0,0.0,0.0,0.0,0.0,0.0,0.0,0.0,0.0,0.0,0.0,0.0,0.0
0.0,42.24992522798544,42.249925227920215,109.25,109.25,38.0,38.0,38.0,75.49162583141282,109.25,109.25,109.25,109.25,109.25,109.25,71.91911531434798,109.25,109.25,109.25,109.25,109.25,109.25,0.0,0.0,0.0,0.0,0.0,0.0,0.0,0.0,0.0,0.0,0.0,0.0,0.0,0.0,0.0,0.0,0.0,0.0,0.0,0.0,0.0,0.0,0.0,0.0,0.0,0.0,0.0
80.0,42.29300268444446,79.6338839648721,71.57632593304461,42.29300268444446,42.29300268444446,42.29300268444446,42.29300268444446,94.3,42.29300268444446,75.09300268444447,75.09300268444447,32.8,73.86685935280958,78.56989348245162,94.29999999999998,73.86685935279665,70.4462417692154,70.44624176921384,70.44624176921384,94.3,94.3,94.3,66.34624177325664,66.34624177511928,66.34624177698193,66.34624177884457,36.460846038812505,32.8,36.460846038810885,32.8,70.6670218748152,70.6670218748152,41.96702187481523,74.76702187481523,64.94062155965932,32.880149398926804,0.0,0.0,0.0,0.0,0.0,0.0,0.0,0.0,0.0,0.0,0.0,0.0
80.0,32.8,32.8,32.8,32.8,32.8,32.8,32.8,32.8,32.8,0.0,0.0,0.0,0.0,0.0,0.0,0.0,0.0,0.0,0.0,37.646241769213844,32.8,32.8,32.8,32.8,32.8,32.8,32.8,32.8,32.8,32.8,32.8,32.8,94.3,94.3,0.0,0.0,0.0,0.0,0.0,0.0,0.0,0.0,0.0,0.0,0.0,0.0,0.0,0.0
80.0,32.8,32.8,32.8,32.8,32.8,32.8,32.8,32.8,32.8,32.8,32.8,75.09300268444447,0.0,0.0,0.0,0.0,0.0,0.0,0.0,0.0,0.0,0.0,32.8,32.8,32.8,32.8,32.8,32.8,32.8,32.8,32.8,32.8,0.0,0.0,0.0,0.0,0.0,0.0,0.0,0.0,0.0,0.0,0.0,0.0,0.0,0.0,0.0,0.0
80.0,94.3,56.95911871957236,65.01667675139984,94.3,94.3,94.3,94.3,42.29300268444446,94.3,94.3,94.3,94.3,94.3,89.59696587034503,73.86685935279667,94.3,94.3,94.3,94.3,32.80000000595368,37.646241769213844,37.646241769213844,32.79999999595721,32.79999999409456,32.79999999223192,32.79999999036927,32.8,36.460846038810885,32.8,36.460846038810885,32.8,32.8,32.8,0.0,0.0,0.0,0.0,0.0,0.0,0.0,0.0,0.0,0.0,0.0,0.0,0.0,0.0,0.0
16.48,0.0,0.0,0.0,0.0,0.0,0.0,0.0,0.0,0.0,0.0,0.0,0.0,0.0,0.0,0.0,0.0,0.0,0.0,0.0,0.0,0.0,0.0,0.0,0.0,0.0,0.0,0.0,0.0,0.0,0.0,0.0,0.0,0.0,0.0,0.0,0.0,0.0,0.0,0.0,0.0,0.0,0.0,0.0,0.0,0.0,0.0,0.0,0.0
0.0,0.0,0.0,0.0,0.0,0.0,0.0,0.0,0.0,0.0,0.0,0.0,0.0,0.0,0.0,0.0,0.0,0.0,0.0,0.0,0.0,0.0,0.0,0.0,0.0,0.0,0.0,0.0,0.0,0.0,0.0,0.0,0.0,0.0,0.0,0.0,0.0,0.0,0.0,0.0,0.0,0.0,0.0,0.0,0.0,0.0,0.0,0.0,0.0
10.88,20.002656965297668,21.28,21.28,21.28,21.28,21.28,21.28,21.28,21.28,21.28,21.28,30.88265696529767,21.28,21.28,20.002656965297668,20.002656965297668,20.002656965297668,20.002656965297668,20.002656965299277,20.002656965297668,20.002656965297668,20.002656965297668,20.002656965297668,20.002656965297668,0.0,0.0,0.0,0.0,0.0,0.0,0.0,0.0,0.0,0.0,0.0,0.0,10.88,20.880000000000003,10.88,10.88,10.88,10.88,10.88,10.88,10.88,10.88,20.880000000000003,10.88
10.88,10.880000000000003,0.0,0.0,0.0,0.0,0.0,0.0,0.0,0.0,0.0,0.0,0.0,0.0,0.0,0.0,0.0,0.0,0.0,0.0,0.0,0.0,0.0,0.0,0.0,0.0,0.0,0.0,0.0,0.0,0.0,0.0,0.0,0.0,0.0,0.0,0.0,0.0,0.0,0.0,0.0,0.0,0.0,0.0,0.0,0.0,0.0,0.0,0.0
0.0,0.0,0.0,0.0,0.0,0.0,0.0,0.0,0.0,0.0,0.0,0.0,0.0,0.0,0.0,0.0,0.0,0.0,0.0,0.0,0.0,0.0,0.0,0.0,0.0,0.0,0.0,0.0,0.0,0.0,0.0,0.0,0.0,0.0,0.0,0.0,0.0,0.0,0.0,0.0,0.0,0.0,0.0,0.0,0.0,0.0,0.0,0.0,0.0
0.0,0.0,0.0,0.0,0.0,0.0,0.0,0.0,0.0,0.0,0.0,0.0,0.0,0.0,0.0,10.880000000000003,10.88,10.88,10.88,10.879999999998393,10.880000000000003,10.88,10.88,10.88,10.88,0.0,0.0,0.0,0.0,0.0,0.0,0.0,0.0,0.0,0.0,0.0,0.0,0.0,0.0,0.0,0.0,0.0,0.0,0.0,0.0,0.0,0.0,0.0,0.0
6.4,11.40230610738294,11.402306107382842,11.402306107382842,11.402306107382842,11.402306107382842,0.0,0.0,0.0,0.0,0.0,0.0,0.0,0.0,0.0,0.0,0.0,0.0,0.0,0.0,9.390134441374144,9.390134441374144,9.390134441374144,9.390134441374144,9.390134441374144,9.390134441374144,9.390134441374144,9.390134441374144,9.390134441374144,9.390134441374144,0.0,0.0,0.0,0.0,0.0,0.0,0.0,0.0,0.0,0.0,0.0,0.0,0.0,0.0,0.0,0.0,0.0,0.0,0.0
0.0,0.0,0.0,0.0,0.0,0.0,11.402306107382842,9.390134441374144,9.390134441374144,9.390134441374144,9.390134441374144,9.390134441374144,9.390134441374144,9.390134441374144,9.390134441374144,9.390134441374144,9.390134441374144,9.390134441374144,9.390134441374144,9.390134441374144,0.0,0.0,0.0,0.0,0.0,0.0,0.0,0.0,0.0,0.0,0.0,0.0,0.0,0.0,0.0,0.0,0.0,0.0,0.0,0.0,0.0,0.0,0.0,0.0,0.0,0.0,0.0,0.0,0.0
150.0,0.0,0.0,0.0,0.0,0.0,0.0,0.0,0.0,0.0,0.0,0.0,0.0,0.0,0.0,0.0,0.0,0.0,0.0,0.0,0.0,0.0,0.0,0.0,0.0,0.0,0.0,0.0,0.0,0.0,0.0,0.0,0.0,0.0,0.0,0.0,0.0,0.0,0.0,0.0,0.0,0.0,0.0,0.0,0.0,0.0,0.0,0.0,0.0
150.0,114.4,0.0,0.0,0.0,0.0,0.0,0.0,0.0,0.0,0.0,0.0,0.0,0.0,0.0,0.0,0.0,0.0,0.0,0.0,0.0,114.4,133.9,173.9,173.9,173.9,133.9,114.4,114.4,114.4,114.4,114.4,114.4,114.4,114.4,154.4,114.4,0.0,0.0,0.0,0.0,0.0,0.0,0.0,0.0,0.0,0.0,0.0,0.0
150.0,0.0,0.0,0.0,0.0,0.0,0.0,0.0,0.0,0.0,0.0,0.0,0.0,0.0,0.0,0.0,0.0,0.0,0.0,0.0,0.0,0.0,0.0,0.0,0.0,0.0,0.0,0.0,0.0,0.0,0.0,0.0,0.0,0.0,0.0,0.0,0.0,0.0,0.0,0.0,0.0,0.0,0.0,0.0,0.0,0.0,0.0,0.0,0.0
150.0,0.0,0.0,0.0,0.0,0.0,0.0,0.0,0.0,0.0,0.0,0.0,0.0,0.0,0.0,0.0,0.0,0.0,0.0,0.0,0.0,0.0,0.0,0.0,0.0,0.0,0.0,0.0,0.0,0.0,0.0,0.0,0.0,0.0,0.0,0.0,0.0,0.0,0.0,0.0,0.0,0.0,0.0,0.0,0.0,0.0,0.0,0.0,0.0
150.0,0.0,0.0,0.0,0.0,0.0,0.0,0.0,0.0,0.0,0.0,0.0,0.0,0.0,0.0,0.0,0.0,0.0,0.0,0.0,0.0,0.0,0.0,0.0,0.0,0.0,0.0,0.0,0.0,0.0,0.0,0.0,0.0,0.0,0.0,0.0,0.0,0.0,0.0,0.0,0.0,0.0,0.0,0.0,0.0,0.0,0.0,0.0,0.0
0.0,0.0,0.0,0.0,0.0,0.0,0.0,0.0,0.0,0.0,0.0,0.0,0.0,0.0,0.0,0.0,0.0,0.0,0.0,0.0,0.0,0.0,0.0,173.9,173.9,213.9,173.9,133.9,114.4,114.4,114.4,114.4,114.4,114.4,114.4,114.4,74.4,0.0,0.0,0.0,0.0,0.0,0.0,0.0,0.0,0.0,0.0,0.0,0.0
0.0,0.0,0.0,0.0,0.0,0.0,0.0,0.0,0.0,0.0,0.0,0.0,0.0,0.0,0.0,0.0,0.0,0.0,0.0,0.0,0.0,0.0,0.0,0.0,0.0,0.0,0.0,0.0,0.0,0.0,0.0,0.0,0.0,0.0,0.0,0.0,0.0,0.0,0.0,0.0,0.0,0.0,0.0,0.0,0.0,0.0,0.0,0.0,0.0
0.0,0.0,0.0,0.0,0.0,0.0,0.0,0.0,0.0,0.0,0.0,0.0,0.0,0.0,0.0,0.0,0.0,0.0,0.0,0.0,0.0,0.0,0.0,173.9,173.9,191.13880573427224,151.13880573427224,114.4,114.4,114.4,114.4,114.4,114.4,114.4,114.4,141.07478731518992,114.4,0.0,0.0,0.0,0.0,0.0,0.0,0.0,0.0,0.0,0.0,0.0,0.0
200.0,0.0,0.0,0.0,0.0,0.0,0.0,0.0,0.0,0.0,0.0,0.0,0.0,0.0,0.0,0.0,0.0,0.0,0.0,0.0,0.0,0.0,0.0,0.0,0.0,0.0,0.0,0.0,0.0,0.0,0.0,0.0,0.0,0.0,0.0,0.0,0.0,0.0,0.0,0.0,0.0,0.0,0.0,0.0,0.0,0.0,0.0,0.0,0.0
200.0,0.0,0.0,0.0,0.0,0.0,0.0,0.0,0.0,0.0,0.0,0.0,0.0,0.0,0.0,0.0,0.0,0.0,0.0,0.0,0.0,0.0,0.0,0.0,0.0,0.0,0.0,0.0,0.0,0.0,0.0,0.0,0.0,0.0,0.0,0.0,0.0,0.0,0.0,0.0,0.0,0.0,0.0,0.0,0.0,0.0,0.0,0.0,0.0
200.0,0.0,0.0,0.0,0.0,0.0,0.0,0.0,0.0,0.0,0.0,0.0,0.0,0.0,0.0,0.0,0.0,0.0,0.0,0.0,0.0,0.0,0.0,0.0,0.0,0.0,0.0,0.0,0.0,0.0,0.0,0.0,0.0,0.0,0.0,0.0,0.0,0.0,0.0,0.0,0.0,0.0,0.0,0.0,0.0,0.0,0.0,0.0,0.0
200.0,0.0,0.0,0.0,0.0,0.0,0.0,0.0,0.0,0.0,0.0,0.0,0.0,0.0,0.0,0.0,0.0,0.0,0.0,0.0,0.0,0.0,0.0,0.0,0.0,0.0,0.0,0.0,0.0,0.0,0.0,0.0,0.0,0.0,0.0,0.0,0.0,0.0,0.0,0.0,0.0,0.0,0.0,0.0,0.0,0.0,0.0,0.0,0.0
0.0,0.0,0.0,0.0,0.0,0.0,0.0,0.0,0.0,0.0,0.0,0.0,0.0,0.0,0.0,0.0,0.0,0.0,0.0,0.0,0.0,0.0,0.0,0.0,0.0,0.0,0.0,0.0,0.0,0.0,0.0,0.0,0.0,0.0,0.0,0.0,0.0,0.0,0.0,0.0,0.0,0.0,0.0,0.0,0.0,0.0,0.0,0.0,0.0
0.0,0.0,0.0,0.0,0.0,0.0,0.0,0.0,0.0,0.0,0.0,0.0,0.0,0.0,0.0,0.0,0.0,0.0,0.0,0.0,0.0,0.0,0.0,0.0,0.0,0.0,0.0,0.0,0.0,0.0,0.0,0.0,0.0,0.0,0.0,0.0,0.0,0.0,0.0,0.0,0.0,0.0,0.0,0.0,0.0,0.0,0.0,0.0,0.0
10.52,30.245,0.0,0.0,0.0,0.0,0.0,0.0,0.0,0.0,0.0,0.0,0.0,0.0,0.0,0.0,0.0,0.0,0.0,0.0,0.0,0.0,0.0,30.245,30.245,30.245,30.245,30.245,30.245,27.86146851993554,27.86047625602792,27.8594839921203,27.85849172821268,0.0,0.0,0.0,0.0,0.0,0.0,0.0,0.0,0.0,0.0,0.0,0.0,0.0,0.0,0.0,0.0
0.0,0.0,0.0,0.0,0.0,0.0,0.0,0.0,0.0,0.0,0.0,0.0,0.0,0.0,0.0,0.0,0.0,0.0,0.0,0.0,0.0,0.0,0.0,27.867422103381248,27.86642983947363,27.865437575566016,27.864445311658397,27.863453047750777,27.862460783843158,30.245,30.245,30.245,30.245,0.0,0.0,0.0,0.0,0.0,0.0,0.0,0.0,0.0,0.0,0.0,0.0,0.0,0.0,0.0,0.0
42.52,42.519999999999996,0.0,0.0,0.0,0.0,0.0,0.0,0.0,0.0,0.0,0.0,0.0,0.0,0.0,0.0,0.0,0.0,0.0,0.0,0.0,0.0,0.0,0.0,0.0,0.0,0.0,0.0,0.0,0.0,0.0,0.0,0.0,0.0,0.0,0.0,0.0,0.0,0.0,0.0,0.0,0.0,0.0,0.0,0.0,0.0,0.0,0.0,0.0
0.0,0.0,0.0,0.0,0.0,0.0,0.0,0.0,0.0,0.0,0.0,0.0,0.0,0.0,0.0,0.0,0.0,0.0,42.519999999999996,122.245,42.519999999999996,42.519999999999996,42.519999999999996,42.519999999999996,42.519999999999996,122.245,42.519999999999996,42.52,0.0,0.0,0.0,0.0,0.0,0.0,0.0,0.0,0.0,0.0,0.0,0.0,0.0,0.0,0.0,0.0,0.0,0.0,0.0,0.0,0.0
250.0,0.0,0.0,0.0,0.0,0.0,0.0,0.0,0.0,0.0,0.0,0.0,0.0,0.0,0.0,0.0,0.0,0.0,0.0,0.0,0.0,0.0,0.0,0.0,0.0,0.0,0.0,0.0,0.0,0.0,0.0,0.0,0.0,0.0,0.0,0.0,0.0,0.0,0.0,0.0,0.0,0.0,0.0,0.0,0.0,0.0,0.0,0.0,0.0
250.0,0.0,0.0,0.0,0.0,0.0,0.0,0.0,0.0,0.0,0.0,0.0,0.0,0.0,0.0,0.0,0.0,0.0,0.0,0.0,0.0,0.0,0.0,0.0,0.0,0.0,0.0,0.0,0.0,0.0,0.0,0.0,0.0,0.0,0.0,0.0,0.0,0.0,0.0,0.0,0.0,0.0,0.0,0.0,0.0,0.0,0.0,0.0,0.0
250.0,129.99999999999983,0.0,0.0,0.0,0.0,0.0,0.0,0.0,0.0,0.0,0.0,0.0,0.0,0.0,0.0,0.0,0.0,0.0,0.0,0.0,0.0,0.0,0.0,0.0,0.0,0.0,0.0,0.0,0.0,0.0,0.0,0.0,0.0,0.0,0.0,0.0,0.0,0.0,0.0,0.0,0.0,0.0,0.0,0.0,0.0,0.0,0.0,0.0
0.0,0.0,0.0,0.0,0.0,0.0,0.0,0.0,0.0,0.0,0.0,0.0,0.0,0.0,0.0,0.0,0.0,0.0,0.0,0.0,0.0,0.0,119.2,222.7,128.02285316789778,222.7,119.2,119.2,119.2,119.2,119.2,119.2,119.2,119.2,119.2,119.2,119.2,0.0,0.0,0.0,0.0,0.0,0.0,0.0,0.0,0.0,0.0,0.0,0.0
150.0,75.5,68.0,75.5,68.0,68.0,68.0,68.0,68.0,68.0,68.0,68.0,188.0,68.0,68.0,68.0,68.0,68.0,75.5,195.5,75.5,75.5,75.5,188.0,188.0,188.0,75.5,75.5,75.5,75.5,75.5,75.5,75.5,75.5,75.5,75.5,75.5,0.0,0.0,0.0,0.0,0.0,0.0,0.0,0.0,0.0,0.0,0.0,0.0
150.0,0.0,0.0,0.0,0.0,0.0,0.0,0.0,0.0,0.0,0.0,0.0,0.0,0.0,0.0,0.0,0.0,0.0,0.0,0.0,0.0,0.0,0.0,0.0,0.0,0.0,0.0,0.0,0.0,0.0,0.0,0.0,0.0,0.0,0.0,0.0,0.0,0.0,0.0,0.0,0.0,0.0,0.0,0.0,0.0,0.0,0.0,0.0,0.0
0.0,0.0,0.0,0.0,0.0,0.0,0.0,0.0,0.0,0.0,0.0,0.0,0.0,0.0,0.0,0.0,0.0,0.0,0.0,0.0,0.0,0.0,0.0,0.0,0.0,0.0,0.0,0.0,0.0,0.0,0.0,0.0,0.0,0.0,0.0,0.0,0.0,0.0,0.0,0.0,0.0,0.0,0.0,0.0,0.0,0.0,0.0,0.0,0.0
120.0,76.4,76.4,76.4,76.4,76.4,54.39999999999999,54.39999999999999,54.39999999999999,54.39999999999999,76.4,54.39999999999999,134.4,54.39999999999999,54.39999999999999,54.39999999999999,54.39999999999999,54.39999999999999,76.4,156.4,76.4,76.4,76.4,76.4,76.4,109.46473695920031,76.4,76.4,76.4,76.4,76.4,76.4,76.4,76.4,76.4,76.4,76.4,134.4,156.4,0.0,0.0,0.0,0.0,0.0,0.0,0.0,0.0,0.0,0.0
120.0,0.0,0.0,0.0,0.0,0.0,0.0,0.0,0.0,0.0,0.0,0.0,0.0,0.0,0.0,0.0,0.0,0.0,0.0,0.0,0.0,0.0,0.0,0.0,0.0,0.0,0.0,0.0,0.0,0.0,0.0,0.0,0.0,0.0,0.0,0.0,0.0,0.0,0.0,0.0,0.0,0.0,0.0,0.0,0.0,0.0,0.0,0.0,0.0
0.0,0.0,0.0,0.0,0.0,0.0,0.0,0.0,0.0,0.0,0.0,0.0,0.0,0.0,0.0,0.0,0.0,0.0,0.0,0.0,0.0,0.0,0.0,0.0,0.0,0.0,0.0,0.0,0.0,0.0,0.0,0.0,0.0,0.0,0.0,0.0,0.0,0.0,0.0,0.0,0.0,0.0,0.0,0.0,0.0,0.0,0.0,0.0,0.0
80.0,0.0,0.0,0.0,0.0,0.0,0.0,0.0,0.0,0.0,0.0,0.0,0.0,0.0,0.0,0.0,0.0,0.0,0.0,0.0,0.0,0.0,0.0,0.0,0.0,0.0,0.0,0.0,0.0,0.0,0.0,0.0,0.0,0.0,0.0,0.0,0.0,0.0,0.0,0.0,0.0,0.0,0.0,0.0,0.0,0.0,0.0,0.0,0.0
80.0,0.0,0.0,0.0,0.0,0.0,0.0,0.0,0.0,0.0,0.0,0.0,0.0,0.0,0.0,0.0,0.0,0.0,0.0,0.0,0.0,0.0,0.0,0.0,0.0,0.0,0.0,0.0,0.0,0.0,0.0,0.0,0.0,0.0,0.0,0.0,0.0,0.0,0.0,0.0,0.0,0.0,0.0,0.0,0.0,0.0,0.0,0.0,0.0
0.0,32.0,32.0,32.0,32.0,32.0,32.0,32.0,32.0,32.0,32.0,32.0,32.0,32.0,32.0,32.0,32.0,32.0,32.0,92.0,32.0,32.0,32.0,32.0,32.0,34.074199576909386,32.0,32.0,32.0,32.0,32.0,45.652743862509276,92.0,92.0,92.0,92.0,92.0,92.0,92.0,92.0,58.59444715048454,32.0,32.0,32.0,32.0,32.0,32.0,0.0,0.0
70.0,59.527811183139505,0.0,0.0,0.0,0.0,0.0,0.0,0.0,0.0,0.0,0.0,0.0,0.0,0.0,0.0,0.0,0.0,0.0,0.0,0.0,0.0,0.0,0.0,0.0,0.0,0.0,0.0,0.0,0.0,0.0,0.0,0.0,0.0,0.0,0.0,0.0,0.0,0.0,0.0,0.0,0.0,0.0,0.0,0.0,0.0,0.0,0.0,0.0
70.0,80.5,0.0,0.0,0.0,0.0,0.0,0.0,0.0,0.0,0.0,0.0,0.0,0.0,0.0,0.0,0.0,0.0,0.0,0.0,0.0,0.0,0.0,0.0,0.0,0.0,28.0,28.0,28.0,28.0,28.0,28.0,28.0,28.0,28.0,28.0,28.0,28.0,80.5,80.5,52.30158110156947,0.0,0.0,0.0,0.0,0.0,0.0,0.0,0.0
0.0,80.5,28.0,80.5,28.0,79.72923674843072,28.0,28.0,28.0,28.0,28.0,0.0,0.0,0.0,0.0,0.0,0.0,0.0,0.0,0.0,0.0,0.0,0.0,0.0,0.0,0.0,0.0,0.0,0.0,0.0,0.0,28.0,28.0,28.0,28.0,28.0,28.0,28.0,80.5,80.5,80.5,0.0,0.0,0.0,0.0,0.0,0.0,0.0,0.0
350.0,0.0,0.0,0.0,0.0,0.0,0.0,0.0,0.0,0.0,0.0,0.0,0.0,0.0,0.0,0.0,0.0,0.0,0.0,0.0,0.0,0.0,0.0,0.0,0.0,0.0,0.0,0.0,0.0,0.0,0.0,0.0,0.0,0.0,0.0,0.0,0.0,0.0,0.0,0.0,0.0,0.0,0.0,0.0,0.0,0.0,0.0,0.0,0.0
350.0,0.0,0.0,0.0,0.0,0.0,0.0,0.0,0.0,0.0,0.0,0.0,0.0,0.0,0.0,0.0,0.0,0.0,0.0,0.0,0.0,0.0,0.0,0.0,0.0,0.0,0.0,0.0,0.0,0.0,0.0,0.0,0.0,0.0,0.0,0.0,0.0,0.0,0.0,0.0,0.0,0.0,0.0,0.0,0.0,0.0,0.0,0.0,0.0
350.0,0.0,0.0,0.0,0.0,0.0,0.0,0.0,0.0,0.0,0.0,0.0,0.0,0.0,0.0,0.0,0.0,0.0,0.0,0.0,0.0,0.0,0.0,0.0,0.0,0.0,0.0,0.0,0.0,0.0,0.0,0.0,0.0,0.0,0.0,0.0,0.0,0.0,0.0,0.0,0.0,0.0,0.0,0.0,0.0,0.0,0.0,0.0,0.0
350.0,0.0,0.0,0.0,0.0,0.0,0.0,0.0,0.0,0.0,0.0,0.0,0.0,0.0,0.0,0.0,0.0,0.0,0.0,0.0,0.0,0.0,0.0,0.0,0.0,0.0,0.0,0.0,0.0,0.0,0.0,0.0,0.0,0.0,0.0,0.0,0.0,0.0,0.0,0.0,0.0,0.0,0.0,0.0,0.0,0.0,0.0,0.0,0.0
0.0,0.0,0.0,0.0,0.0,0.0,0.0,0.0,0.0,0.0,0.0,0.0,0.0,0.0,0.0,0.0,0.0,0.0,0.0,0.0,0.0,0.0,0.0,0.0,0.0,0.0,0.0,0.0,0.0,0.0,0.0,0.0,0.0,0.0,0.0,0.0,0.0,0.0,0.0,0.0,0.0,0.0,0.0,0.0,0.0,0.0,0.0,0.0,0.0
0.0,0.0,0.0,0.0,0.0,0.0,0.0,0.0,0.0,0.0,0.0,0.0,0.0,0.0,0.0,0.0,0.0,0.0,0.0,0.0,0.0,0.0,0.0,0.0,0.0,0.0,0.0,0.0,0.0,0.0,0.0,0.0,0.0,0.0,0.0,0.0,0.0,0.0,0.0,0.0,0.0,0.0,0.0,0.0,0.0,0.0,0.0,0.0,0.0
6.8,6.8,6.8,6.8,6.8,6.8,6.8,6.8,6.8,0.0,0.0,0.0,0.0,0.0,0.0,0.0,0.0,0.0,0.0,0.0,0.0,0.0,0.0,0.0,0.0,0.0,0.0,0.0,0.0,0.0,0.0,0.0,0.0,0.0,0.0,0.0,0.0,0.0,0.0,0.0,0.0,0.0,0.0,0.0,0.0,0.0,0.0,0.0,0.0
6.8,6.8,6.8,6.8,6.8,6.8,6.8,6.8,6.8,0.0,0.0,0.0,0.0,0.0,0.0,0.0,0.0,0.0,0.0,0.0,0.0,0.0,0.0,0.0,0.0,0.0,0.0,0.0,0.0,0.0,0.0,0.0,0.0,0.0,0.0,0.0,0.0,0.0,0.0,0.0,0.0,0.0,0.0,0.0,0.0,0.0,0.0,0.0,0.0
0.0,21.6,33.93265509229357,21.6,21.6,21.6,21.6,33.93265509229357,42.90434457750723,21.599999999743886,21.6,21.6,21.6,21.59999999590218,21.6,21.6,21.6,21.6,21.6,62.1,21.6,21.6,21.6,21.6,21.6,21.6,21.6,21.6,21.6,21.6,21.6,21.6,21.6,21.6,21.6,21.6,21.6,21.6,21.6,21.6,21.6,21.6,21.6,21.6,21.6,21.6,21.6,21.6,21.6
0.0,0.0,0.0,0.0,0.0,0.0,0.0,0.0,0.0,0.0,0.0,0.0,0.0,0.0,0.0,0.0,0.0,0.0,0.0,0.0,0.0,0.0,0.0,0.0,0.0,0.0,0.0,0.0,0.0,0.0,0.0,0.0,0.0,0.0,0.0,0.0,0.0,0.0,0.0,0.0,0.0,0.0,0.0,0.0,0.0,0.0,0.0,0.0,0.0
21.6,59.93265509229573,21.6,33.93265509229357,33.93265509229357,33.93265509229357,33.93265509229357,21.6,21.6,0.0,0.0,0.0,0.0,0.0,0.0,0.0,0.0,0.0,0.0,0.0,0.0,0.0,0.0,0.0,0.0,0.0,0.0,0.0,0.0,0.0,0.0,0.0,0.0,0.0,0.0,0.0,0.0,0.0,0.0,0.0,0.0,0.0,0.0,0.0,0.0,0.0,0.0,0.0,0.0
33.6,33.6,33.6,33.6,33.6,33.6,33.6,33.6,33.6,0.0,0.0,0.0,0.0,0.0,0.0,0.0,0.0,0.0,0.0,0.0,0.0,0.0,0.0,0.0,0.0,0.0,0.0,0.0,0.0,0.0,0.0,0.0,0.0,0.0,0.0,0.0,0.0,0.0,0.0,0.0,0.0,0.0,0.0,0.0,0.0,0.0,0.0,0.0,0.0
33.6,83.60000000000005,96.6,96.6,96.6,96.6,96.6,96.6,96.6,0.0,0.0,0.0,0.0,0.0,0.0,0.0,0.0,0.0,0.0,0.0,0.0,0.0,0.0,0.0,0.0,0.0,0.0,0.0,0.0,0.0,0.0,0.0,0.0,0.0,0.0,0.0,0.0,0.0,0.0,0.0,0.0,0.0,0.0,0.0,0.0,0.0,0.0,0.0,0.0
33.6,83.60000000000005,96.6,96.6,96.6,96.6,96.6,96.6,87.62831051478634,0.0,0.0,0.0,0.0,0.0,0.0,0.0,0.0,0.0,0.0,0.0,0.0,0.0,0.0,0.0,0.0,0.0,0.0,0.0,0.0,0.0,0.0,0.0,0.0,0.0,0.0,0.0,0.0,0.0,0.0,0.0,0.0,0.0,0.0,0.0,0.0,0.0,0.0,0.0,0.0
0.0,0.0,0.0,0.0,0.0,0.0,0.0,0.0,0.0,0.0,0.0,0.0,0.0,0.0,0.0,0.0,0.0,0.0,0.0,0.0,0.0,0.0,0.0,0.0,0.0,0.0,0.0,0.0,0.0,0.0,0.0,0.0,0.0,0.0,0.0,0.0,0.0,0.0,0.0,0.0,0.0,0.0,0.0,0.0,0.0,0.0,0.0,0.0,0.0
0.0,0.0,0.0,0.0,0.0,0.0,0.0,0.0,0.0,0.0,0.0,0.0,0.0,0.0,0.0,0.0,0.0,0.0,0.0,0.0,0.0,0.0,0.0,0.0,0.0,0.0,0.0,0.0,0.0,0.0,0.0,0.0,0.0,0.0,0.0,0.0,0.0,0.0,0.0,0.0,0.0,0.0,0.0,0.0,0.0,0.0,0.0,0.0,0.0
270.0,0.0,0.0,0.0,0.0,0.0,0.0,0.0,0.0,0.0,0.0,0.0,0.0,0.0,0.0,0.0,0.0,0.0,0.0,0.0,0.0,0.0,0.0,0.0,0.0,0.0,0.0,0.0,0.0,0.0,0.0,0.0,0.0,0.0,0.0,0.0,0.0,0.0,0.0,0.0,0.0,0.0,0.0,0.0,0.0,0.0,0.0,0.0,0.0
270.0,0.0,0.0,0.0,0.0,0.0,0.0,0.0,0.0,0.0,0.0,0.0,0.0,0.0,0.0,0.0,0.0,0.0,0.0,0.0,0.0,0.0,0.0,0.0,0.0,0.0,0.0,0.0,0.0,0.0,0.0,0.0,0.0,0.0,0.0,0.0,0.0,0.0,0.0,0.0,0.0,0.0,0.0,0.0,0.0,0.0,0.0,0.0,0.0
270.0,0.0,0.0,0.0,0.0,0.0,0.0,0.0,0.0,0.0,0.0,0.0,0.0,0.0,0.0,0.0,0.0,0.0,0.0,0.0,0.0,0.0,0.0,0.0,0.0,0.0,0.0,0.0,0.0,0.0,0.0,0.0,0.0,0.0,0.0,0.0,0.0,0.0,0.0,0.0,0.0,0.0,0.0,0.0,0.0,0.0,0.0,0.0,0.0
270.0,0.0,0.0,0.0,0.0,0.0,0.0,0.0,0.0,0.0,0.0,0.0,0.0,0.0,0.0,0.0,0.0,0.0,0.0,0.0,0.0,0.0,0.0,0.0,0.0,0.0,0.0,0.0,0.0,0.0,0.0,0.0,0.0,0.0,0.0,0.0,0.0,0.0,0.0,0.0,0.0,0.0,0.0,0.0,0.0,0.0,0.0,0.0,0.0
270.0,0.0,0.0,0.0,0.0,0.0,0.0,0.0,0.0,0.0,0.0,0.0,0.0,0.0,0.0,0.0,0.0,0.0,0.0,0.0,0.0,0.0,0.0,0.0,0.0,0.0,0.0,0.0,0.0,0.0,0.0,0.0,0.0,0.0,0.0,0.0,0.0,0.0,0.0,0.0,0.0,0.0,0.0,0.0,0.0,0.0,0.0,0.0,0.0
270.0,0.0,0.0,0.0,0.0,0.0,0.0,0.0,0.0,0.0,0.0,0.0,0.0,0.0,0.0,0.0,0.0,0.0,0.0,0.0,0.0,0.0,0.0,0.0,0.0,0.0,0.0,0.0,0.0,0.0,0.0,0.0,0.0,0.0,0.0,0.0,0.0,0.0,0.0,0.0,0.0,0.0,0.0,0.0,0.0,0.0,0.0,0.0,0.0
170.0,202.4,202.4,202.4,202.4,202.4,202.4,202.4,202.4,202.00046477541264,202.4,200.99772066834112,202.4,199.9789685225246,199.44558039149933,198.91219226047497,198.3788041294506,197.84541599842623,197.31202786740187,202.4,202.4,195.71186347432877,195.1784753433044,194.64508721228003,194.11169908125476,193.57831095023084,193.04492281920602,192.51153468818165,191.9781465571573,191.44475842613292,190.91137029510855,190.3779821640842,189.84459403305982,189.31120590203545,202.4,202.4,202.4,202.4,202.4,202.4,202.4,202.4,202.4,202.4,202.4,202.4,202.4,202.4,202.4
170.0,202.4,202.4,202.4,202.4,202.4,202.4,202.4,202.4,202.4,202.4,202.4,202.4,202.4,202.4,202.4,202.4,202.4,202.4,202.4,202.4,202.4,202.4,202.4,202.4,202.4,202.4,202.4,202.4,202.4,202.4,202.4,202.4,202.4,202.4,202.4,202.4,202.4,202.4,202.4,202.4,202.4,202.4,202.4,202.4,202.4,202.4,202.4,202.4
170.0,202.4,202.4,202.4,202.4,202.4,202.4,202.4,202.4,202.4,202.4,202.4,202.4,202.4,202.4,202.4,202.4,202.4,202.4,202.4,202.4,202.4,202.4,202.4,202.4,202.4,202.4,202.4,202.4,202.4,202.4,202.4,202.4,202.4,202.4,202.4,202.4,202.4,202.4,202.4,202.4,202.4,202.4,202.4,202.4,202.4,202.4,202.4,202.4
170.0,202.4,202.4,202.4,202.4,202.4,202.4,202.4,202.4,202.4,202.4,202.4,202.4,202.4,202.4,202.4,202.4,202.4,202.4,202.4,202.4,202.4,202.4,202.4,202.4,202.4,202.4,202.4,202.4,202.4,202.4,202.4,202.4,202.4,202.4,202.4,202.4,202.4,202.4,202.4,202.4,202.4,202.4,202.4,202.4,202.4,202.4,202.4,202.4
170.0,195.5,195.5,195.5,195.5,195.5,195.5,195.5,195.5,195.5,195.5,195.5,195.5,195.5,195.5,195.5,195.5,195.5,195.5,195.5,195.5,195.5,195.5,195.5,195.5,195.5,195.5,195.5,195.5,195.5,195.5,195.5,195.5,195.5,195.5,195.5,195.5,195.5,195.5,195.5,195.5,195.5,195.5,195.5,195.5,195.5,195.5,195.5,195.5
170.0,195.5,195.5,195.5,195.5,195.5,195.5,195.5,195.5,195.5,195.5,195.5,195.5,195.5,195.5,195.5,195.5,195.5,195.5,195.5,195.5,195.5,195.5,195.5,195.5,195.5,195.5,195.5,195.5,195.5,195.5,195.5,195.5,195.5,195.5,195.5,195.5,195.5,195.5,195.5,195.5,195.5,195.5,195.5,195.5,195.5,195.5,195.5,195.5
170.0,195.5,195.5,195.5,195.5,195.5,195.5,195.5,195.5,195.5,195.5,195.5,195.5,195.5,195.5,195.5,195.5,195.5,195.5,195.5,195.5,195.5,195.5,195.5,195.5,195.5,195.5,195.5,195.5,195.5,195.5,195.5,195.5,195.5,195.5,195.5,195.5,195.5,195.5,195.5,195.5,195.5,195.5,195.5,195.5,195.5,195.5,195.5,195.5
170.0,195.5,195.5,195.5,195.5,195.5,195.5,195.5,195.5,195.5,195.5,195.5,195.5,195.5,195.5,195.5,195.5,195.5,195.5,195.5,195.5,195.5,195.5,195.5,195.5,195.5,195.5,195.5,195.5,195.5,195.5,195.5,195.5,195.5,195.5,195.5,195.5,195.5,195.5,195.5,195.5,195.5,195.5,195.5,195.5,195.5,195.5,195.5,195.5
170.0,195.5,195.5,195.5,195.5,195.5,195.5,195.5,195.5,195.5,195.5,195.5,195.5,195.5,195.5,195.5,195.5,195.5,195.5,195.5,195.5,195.5,195.5,195.5,195.5,195.5,195.5,195.5,195.5,195.5,195.5,195.5,195.5,195.5,195.5,195.5,195.5,195.5,195.5,195.5,195.5,195.5,195.5,195.5,195.5,195.5,195.5,195.5,195.5
170.0,195.5,195.5,195.5,195.5,195.5,195.5,195.5,195.5,195.5,195.5,195.5,195.5,195.5,195.5,195.5,195.5,195.5,195.5,195.5,195.5,195.5,195.5,195.5,195.5,195.5,195.5,195.5,195.5,195.5,195.5,195.5,195.5,195.5,195.5,195.5,195.5,195.5,195.5,195.5,195.5,195.5,195.5,195.5,195.5,195.5,195.5,195.5,195.5
170.0,195.5,195.5,195.5,195.5,195.5,195.5,195.5,195.5,195.5,195.5,195.5,195.5,195.5,195.5,195.5,195.5,195.5,195.5,195.5,195.5,195.5,195.5,195.5,195.5,195.5,195.5,195.5,195.5,195.5,195.5,195.5,195.5,195.5,195.5,145.34442963998663,195.5,195.5,195.5,195.5,195.5,195.5,195.5,195.5,195.5,195.5,195.5,195.5,195.5
170.0,195.5,195.5,195.5,195.5,195.5,195.5,195.5,195.5,195.5,195.5,195.5,195.5,195.5,195.5,195.5,195.5,195.5,195.5,195.5,195.5,195.5,195.5,195.5,195.5,195.5,195.5,195.5,195.5,195.5,195.5,195.5,195.5,195.5,145.877817771011,195.5,144.81104150896226,195.5,195.5,195.5,195.5,195.5,195.5,195.5,195.5,195.5,195.5,195.5,195.5
170.0,135.5,135.5,135.5,135.5,135.5,135.5,128.0,128.0,128.0,135.5,128.0,135.5,128.0,128.0,128.0,128.0,128.0,128.0,135.5,135.5,128.0,128.0,128.0,128.0,128.0,128.0,128.0,128.0,128.0,128.0,128.0,128.0,128.0,135.5,135.5,135.5,135.5,135.5,135.5,135.5,135.5,135.5,135.5,135.5,135.5,135.5,135.5,135.5
170.0,135.5,135.5,135.5,135.5,135.5,135.5,128.0,128.0,128.0,135.5,128.0,135.5,128.0,128.0,128.0,128.0,128.0,128.0,135.5,135.5,128.0,128.0,128.0,128.0,128.0,128.0,128.0,128.0,128.0,128.0,128.0,128.0,128.0,135.5,135.5,135.5,135.5,135.5,135.5,135.5,135.5,135.5,135.5,135.5,135.5,135.5,135.5,135.5
170.0,195.5,195.5,195.5,195.5,195.5,195.5,195.5,195.5,195.5,195.5,195.5,195.5,195.5,195.5,195.5,195.5,195.5,195.5,195.5,195.5,195.5,195.5,195.5,195.5,195.5,195.5,195.5,195.5,195.5,195.5,195.5,195.5,195.5,195.5,195.5,195.5,195.5,195.5,195.5,195.5,195.5,195.5,195.5,195.5,195.5,195.5,195.5,195.5
170.0,140.1,140.1,140.1,140.1,140.1,140.1,130.20320888248398,129.70183682894822,129.6,140.1,129.6,140.1,129.6,129.6,129.6,129.6,129.6,129.6,140.1,140.1,129.6,129.6,129.6,129.6,129.6,129.6,129.6,129.6,129.6,129.6,129.6,129.6,129.6,140.1,140.1,140.1,140.1,140.1,140.1,140.1,140.1,140.1,140.1,140.1,140.1,140.1,140.1,140.1
170.0,196.40771378933186,200.1,200.1,200.1,200.1,200.1,200.1,200.1,200.1,200.1,200.1,200.1,200.1,200.1,200.1,200.1,200.1,200.1,200.1,200.1,200.1,200.1,200.1,200.1,200.1,200.1,200.1,200.1,200.1,200.1,200.1,200.1,200.1,200.1,200.1,200.1,200.1,200.1,200.1,200.1,200.1,200.1,200.1,200.1,200.1,200.1,200.1,200.1
170.0,140.1,140.1,140.1,140.1,140.1,140.1,129.6,129.6,129.6,140.1,129.6,140.1,129.6,129.6,129.6,129.6,129.6,129.6,140.1,140.1,129.6,129.6,129.6,129.6,129.6,129.6,129.6,129.6,129.6,129.6,129.6,129.6,129.6,140.1,140.1,140.1,140.1,140.1,140.1,140.1,140.1,140.1,140.1,140.1,140.1,140.1,140.1,140.1
170.0,200.1,200.1,200.1,200.1,200.1,200.1,200.1,200.1,200.1,200.1,200.1,200.1,200.1,200.1,200.1,200.1,200.1,200.1,200.1,200.1,200.1,200.1,200.1,200.1,200.1,200.1,200.1,200.1,200.1,200.1,200.1,200.1,200.1,200.1,200.1,200.1,200.1,200.1,200.1,200.1,200.1,200.1,200.1,200.1,200.1,200.1,200.1,200.1
0.0,140.1,167.21006915016278,166.70869709662702,166.20732504309126,165.7059529895555,165.20458093601974,200.1,200.1,200.1,163.1990927218767,200.1,162.19634861480517,200.1,200.1,200.1,200.1,200.1,200.1,158.47863973637732,157.94525160535295,200.1,200.1,200.1,200.1,200.1,200.1,200.1,200.1,200.1,200.1,200.1,200.1,200.1,200.1,200.1,200.1,148.8776533779378,148.34426524691344,147.81087711588907,147.2774889848647,146.74410085384034,146.21071272281597,145.6773245917916,145.14393646076724,144.61054832974196,144.0771601987176,143.54377206769323,143.01038393666886
14.0,0.0,0.0,0.0,0.0,0.0,0.0,0.0,0.0,0.0,0.0,0.0,0.0,0.0,0.0,0.0,0.0,0.0,0.0,0.0,0.0,0.0,0.0,0.0,0.0,0.0,0.0,0.0,0.0,0.0,0.0,0.0,0.0,0.0,0.0,0.0,0.0,0.0,0.0,0.0,0.0,0.0,0.0,0.0,0.0,0.0,0.0,0.0,0.0
14.0,0.0,0.0,0.0,0.0,0.0,0.0,0.0,0.0,0.0,0.0,0.0,0.0,0.0,0.0,0.0,0.0,0.0,0.0,0.0,0.0,0.0,0.0,0.0,0.0,0.0,0.0,0.0,0.0,0.0,0.0,0.0,0.0,0.0,0.0,0.0,0.0,0.0,0.0,0.0,0.0,0.0,0.0,0.0,0.0,0.0,0.0,0.0,0.0
14.0,0.0,0.0,0.0,0.0,0.0,0.0,0.0,0.0,0.0,0.0,0.0,0.0,0.0,0.0,0.0,0.0,0.0,0.0,0.0,0.0,0.0,0.0,0.0,0.0,0.0,0.0,0.0,0.0,0.0,0.0,0.0,0.0,0.0,0.0,0.0,0.0,0.0,0.0,0.0,0.0,0.0,0.0,0.0,0.0,0.0,0.0,0.0,0.0
14.0,0.0,0.0,0.0,0.0,0.0,0.0,0.0,0.0,0.0,0.0,0.0,0.0,0.0,0.0,0.0,0.0,0.0,0.0,0.0,0.0,0.0,0.0,0.0,0.0,0.0,0.0,0.0,0.0,0.0,0.0,0.0,0.0,0.0,0.0,0.0,0.0,0.0,0.0,0.0,0.0,0.0,0.0,0.0,0.0,0.0,0.0,0.0,0.0
19.2,19.2,19.2,35.2,55.2,55.2,55.2,55.2,52.719043418712914,55.2,55.2,55.2,55.2,55.2,55.2,52.71904341873175,55.2,55.2,52.719043418712914,55.2,52.71904341873175,55.2,55.2,55.2,55.2,0.0,0.0,0.0,0.0,0.0,0.0,0.0,0.0,0.0,0.0,0.0,0.0,0.0,0.0,0.0,0.0,0.0,0.0,0.0,0.0,0.0,0.0,0.0,0.0
19.2,39.20000000000003,39.2,37.51904341871291,36.719043418712914,36.719043418712914,36.719043418712914,36.719043418712914,39.2,36.719043418712914,36.719043418712914,36.719043418712914,36.719043418712914,36.719043418712914,36.719043418712914,39.2,36.719043418712914,36.719043418712914,39.2,36.719043418712914,39.2,36.719043418712914,36.719043418712914,36.719043418712914,36.719043418712914,0.0,0.0,0.0,0.0,0.0,0.0,0.0,0.0,0.0,0.0,0.0,0.0,0.0,0.0,0.0,0.0,0.0,0.0,0.0,0.0,0.0,0.0,0.0,0.0
19.2,33.519043418732295,33.51904341871291,19.2,0.0,0.0,0.0,0.0,0.0,0.0,0.0,0.0,0.0,0.0,0.0,0.0,0.0,0.0,0.0,0.0,0.0,0.0,0.0,0.0,0.0,0.0,0.0,0.0,0.0,0.0,0.0,0.0,0.0,0.0,0.0,0.0,0.0,0.0,0.0,0.0,0.0,0.0,0.0,0.0,0.0,0.0,0.0,0.0,0.0
17.52,17.52,17.52,17.52,17.52,17.52,17.52,17.52,17.52,17.52,17.52,17.52,17.52,17.52,17.52,17.52,17.52000000035943,17.52,17.52,38.101976200189554,38.10197619904169,38.10197619904169,17.52,50.370000000000005,17.52,50.370000000000005,38.10197619904169,38.10197619904169,38.10197619904169,38.10197619904169,50.370000000000005,17.52,38.10197619904169,17.52,17.52,17.52,50.370000000000005,0.0,0.0,0.0,0.0,0.0,0.0,0.0,0.0,0.0,0.0,0.0,0.0
17.52,33.9516828570075,33.9516828570075,33.9516828570075,33.9516828570075,50.370000000000005,50.370000000000005,50.370000000000005,33.9516828570075,50.370000000000005,50.370000000000005,50.370000000000005,50.370000000000005,50.370000000000005,38.101976199102054,38.101976199041744,50.370000000000005,50.20537604280831,50.370000000000005,50.370000000000005,17.52000000088573,50.370000000000005,38.10197619904169,17.52,50.370000000000005,17.52,17.52,17.52,50.370000000000005,17.52,17.52,38.10197619904169,17.52,38.10197619904169,38.10197619904169,50.370000000000005,17.52,0.0,0.0,0.0,0.0,0.0,0.0,0.0,0.0,0.0,0.0,0.0,0.0
17.52,50.370000000000005,50.370000000000005,50.370000000000005,50.370000000000005,33.9516828570075,33.9516828570075,33.9516828570075,50.370000000000005,33.9516828570075,33.9516828570075,33.9516828570075,33.9516828570075,38.10197619910356,50.370000000000005,50.370000000000005,38.101976199102054,38.26660015629374,38.10197619904169,17.519999999999996,50.370000000000005,17.52,50.370000000000005,38.10197619904169,38.10197619904169,38.10197619904169,50.370000000000005,50.370000000000005,17.52,50.370000000000005,38.10197619904169,50.370000000000005,50.370000000000005,50.370000000000005,50.370000000000005,38.10197619904169,38.10197619904169,21.362025494127796,21.362025492736294,21.36202549425762,21.36202549425762,21.36202549425762,21.36202549425762,21.36202549425762,21.36202549425762,21.36202549425762,21.36202549425762,21.362025493930204,21.36202549425762
35.2,0.0,0.0,0.0,0.0,0.0,0.0,0.0,0.0,0.0,0.0,0.0,0.0,0.0,0.0,0.0,0.0,0.0,0.0,0.0,0.0,0.0,0.0,0.0,0.0,0.0,0.0,0.0,0.0,0.0,0.0,0.0,0.0,0.0,0.0,0.0,0.0,0.0,0.0,0.0,0.0,0.0,0.0,0.0,0.0,0.0,0.0,0.0,0.0
35.2,0.0,0.0,0.0,0.0,0.0,0.0,0.0,0.0,0.0,0.0,0.0,0.0,0.0,0.0,0.0,0.0,0.0,0.0,0.0,0.0,0.0,0.0,0.0,0.0,0.0,0.0,0.0,0.0,0.0,0.0,0.0,0.0,0.0,0.0,0.0,0.0,0.0,0.0,0.0,0.0,0.0,0.0,0.0,0.0,0.0,0.0,0.0,0.0
35.2,0.0,0.0,0.0,0.0,0.0,0.0,0.0,0.0,0.0,0.0,0.0,0.0,0.0,0.0,0.0,0.0,0.0,0.0,0.0,0.0,0.0,0.0,0.0,0.0,0.0,0.0,0.0,0.0,0.0,0.0,0.0,0.0,0.0,0.0,0.0,0.0,0.0,0.0,0.0,0.0,0.0,0.0,0.0,0.0,0.0,0.0,0.0,0.0
46.32,46.32,46.32,46.32,46.32,46.32,46.32,46.32,46.32,46.32,46.32,46.32,46.32,0.0,0.0,0.0,0.0,0.0,0.0,0.0,0.0,0.0,0.0,0.0,0.0,0.0,0.0,0.0,0.0,0.0,0.0,0.0,0.0,0.0,0.0,0.0,0.0,0.0,0.0,0.0,0.0,0.0,0.0,0.0,0.0,0.0,0.0,0.0,0.0
46.32,46.32,46.32,46.32,46.32,46.32,46.32,46.32,46.32,46.32,46.32,46.32,46.32,0.0,0.0,0.0,0.0,0.0,0.0,0.0,0.0,0.0,0.0,0.0,0.0,0.0,0.0,0.0,0.0,0.0,0.0,0.0,0.0,0.0,0.0,0.0,0.0,0.0,0.0,0.0,0.0,0.0,0.0,0.0,0.0,0.0,0.0,0.0,0.0
46.32,121.88387368715496,121.88387368715496,121.88387368715496,121.88387368715496,121.88387368715496,121.88387368715496,121.88387368715496,121.88387368715496,121.88387368715496,121.88387368715496,121.88387368715496,121.88387368715496,0.0,0.0,0.0,0.0,0.0,0.0,0.0,0.0,0.0,0.0,0.0,0.0,0.0,0.0,0.0,0.0,0.0,0.0,0.0,0.0,0.0,0.0,0.0,0.0,0.0,0.0,0.0,0.0,0.0,0.0,0.0,0.0,0.0,0.0,0.0,0.0
64.6,185.725,185.725,185.725,185.725,185.725,185.725,121.66231398655884,121.66231398655884,185.725,121.66231398655884,121.66231398655884,185.725,121.66231398655884,121.66231398655884,121.66231398655884,121.66231398655884,121.66231398655884,121.66231398655884,185.725,185.725,185.725,121.66231398655884,185.725,121.66231398655884,121.66231398655884,121.66231398655884,121.66231398655884,121.66231398655884,185.725,121.66231398655884,121.66231398655884,121.66231398655884,121.66231398655884,121.66231398655884,185.725,121.66231398655884,185.725,185.725,185.725,185.725,185.725,185.725,185.725,185.725,185.725,185.725,185.725,185.725
64.6,132.3518797447815,121.66231398655884,121.66231398655884,148.1828892874021,121.66231398655884,121.66231398655884,185.725,185.725,121.66231398655884,185.725,185.725,121.66231398655884,185.725,185.725,185.725,185.725,185.725,185.725,121.66231398655884,121.66231398655884,121.66231398655884,185.725,121.66231398655884,185.725,185.725,185.725,185.725,185.725,121.66231398655884,185.725,185.725,185.725,185.725,185.725,121.66231398655884,185.725,121.66231398655884,121.66231398655884,121.66231398655884,121.66231398655884,121.66231398655884,121.66231398655884,121.66231398655884,121.66231398655884,121.66231398655884,121.66231398655884,121.66231398655884,121.66231398655884
64.6,185.725,185.725,185.725,185.725,185.725,185.725,185.725,185.725,185.725,185.725,185.725,185.725,185.725,185.725,185.725,185.725,185.725,185.725,185.725,185.725,185.725,185.725,185.725,185.725,185.725,185.725,185.725,185.725,185.725,185.725,185.725,185.725,185.725,185.725,185.725,185.725,185.725,185.725,185.725,185.725,185.725,185.725,185.725,185.725,185.725,185.725,185.725,185.725
0.0,185.725,185.725,185.725,185.725,185.725,185.725,185.725,185.725,185.725,185.725,185.725,185.725,185.725,185.725,185.725,185.725,185.725,185.725,185.725,185.725,185.725,185.725,185.725,185.725,185.725,185.725,185.725,185.725,185.725,185.725,185.725,185.725,185.725,185.725,185.725,185.725,185.725,185.725,185.725,185.725,185.725,185.725,185.725,185.725,185.725,185.725,185.725,185.725
0.0,185.725,185.725,185.725,159.20442469915676,185.725,185.725,185.725,185.725,185.725,185.725,185.725,185.725,185.725,185.725,185.725,185.725,185.725,185.725,185.725,185.725,185.725,185.725,185.725,185.725,185.725,185.725,185.725,185.725,185.725,185.725,185.725,185.725,185.725,185.725,185.725,185.725,185.725,185.725,185.725,185.725,185.725,185.725,185.725,185.725,185.725,185.725,185.725,185.725
100.0,63.83303570812177,63.83303570812177,63.83303570812177,63.83303570812177,63.83303570812177,63.83303570812177,63.83303570812177,87.42000000000002,127.42000000000002,127.42000000000002,127.42000000000002,127.42000000000002,127.42000000000002,127.42000000000002,127.42000000000002,127.42000000000002,127.42000000000002,127.42000000000002,127.42000000000002,127.42000000000002,87.42000000000002,127.42000000000002,127.42000000000002,87.42000000000002,63.83303570812177,63.83303570812177,63.83303570812177,63.83303570812177,63.83303570812177,63.83303570812177,87.42000000000002,127.42000000000002,127.42000000000002,127.42000000000002,127.42000000000002,127.42000000000002,87.42000000000002,127.42000000000002,127.42000000000002,127.42000000000002,127.42000000000002,127.42000000000002,87.42000000000002,127.42000000000002,127.42000000000002,127.42000000000002,127.42000000000002,127.42000000000002
100.0,127.42000000000002,127.42000000000002,127.42000000000002,127.42000000000002,127.42000000000002,127.42000000000002,127.42000000000002,127.42000000000002,127.42000000000002,127.42000000000002,127.42000000000002,127.42000000000002,127.42000000000002,127.42000000000002,127.42000000000002,127.42000000000002,127.42000000000002,127.42000000000002,127.42000000000002,127.42000000000002,127.42000000000002,127.42000000000002,127.42000000000002,127.42000000000002,127.42000000000002,127.42000000000002,127.42000000000002,127.42000000000002,127.42000000000002,127.42000000000002,127.42000000000002,127.42000000000002,127.42000000000002,127.42000000000002,127.42000000000002,127.42000000000002,127.42000000000002,127.42000000000002,127.42000000000002,127.42000000000002,127.42000000000002,127.42000000000002,127.42000000000002,127.42000000000002,127.42000000000002,127.42000000000002,127.42000000000002,127.42000000000002
100.0,127.42000000000002,127.42000000000002,127.42000000000002,127.42000000000002,127.42000000000002,127.42000000000002,127.42000000000002,127.42000000000002,127.42000000000002,127.42000000000002,127.42000000000002,127.42000000000002,127.42000000000002,127.42000000000002,127.42000000000002,127.42000000000002,127.42000000000002,127.42000000000002,127.42000000000002,127.42000000000002,127.42000000000002,127.42000000000002,127.42000000000002,127.42000000000002,127.42000000000002,127.42000000000002,127.42000000000002,127.42000000000002,127.42000000000002,127.42000000000002,127.42000000000002,127.42000000000002,127.42000000000002,127.42000000000002,127.42000000000002,127.42000000000002,127.42000000000002,127.42000000000002,127.42000000000002,127.42000000000002,103.83303570812178,127.42000000000002,127.42000000000002,127.42000000000002,127.42000000000002,127.42000000000002,127.42000000000002,127.42000000000002
100.0,127.42000000000002,127.42000000000002,127.42000000000002,127.42000000000002,127.42000000000002,127.42000000000002,127.42000000000002,127.42000000000002,127.42000000000002,127.42000000000002,127.42000000000002,127.42000000000002,127.42000000000002,127.42000000000002,127.42000000000002,127.42000000000002,127.42000000000002,127.42000000000002,127.42000000000002,127.42000000000002,127.42000000000002,127.42000000000002,127.42000000000002,127.42000000000002,127.42000000000002,127.42000000000002,127.42000000000002,127.42000000000002,127.42000000000002,127.42000000000002,127.42000000000002,127.42000000000002,127.42000000000002,127.42000000000002,127.42000000000002,127.42000000000002,127.42000000000002,127.42000000000002,127.42000000000002,127.42000000000002,127.42000000000002,127.42000000000002,127.42000000000002,103.83303570812177,127.42000000000002,127.42000000000002,127.42000000000002,127.42000000000002
100.0,127.42000000000002,127.42000000000002,127.42000000000002,127.42000000000002,127.42000000000002,127.42000000000002,127.42000000000002,127.42000000000002,127.42000000000002,127.42000000000002,127.42000000000002,127.42000000000002,127.42000000000002,127.42000000000002,127.42000000000002,127.42000000000002,127.42000000000002,127.42000000000002,127.42000000000002,127.42000000000002,127.42000000000002,127.42000000000002,127.42000000000002,127.42000000000002,127.42000000000002,127.42000000000002,127.42000000000002,127.42000000000002,127.42000000000002,127.42000000000002,127.42000000000002,127.42000000000002,127.42000000000002,127.42000000000002,127.42000000000002,127.42000000000002,127.42000000000002,127.42000000000002,127.42000000000002,127.42000000000002,127.42000000000002,127.42000000000002,127.42000000000002,87.42000000000002,127.42000000000002,127.42000000000002,127.42000000000002,127.42000000000002
100.0,127.42000000000002,127.42000000000002,127.42000000000002,127.42000000000002,127.42000000000002,127.42000000000002,127.42000000000002,127.42000000000002,127.42000000000002,127.42000000000002,127.42000000000002,127.42000000000002,127.42000000000002,127.42000000000002,127.42000000000002,127.42000000000002,127.42000000000002,127.42000000000002,127.42000000000002,127.42000000000002,127.42000000000002,127.42000000000002,127.42000000000002,127.42000000000002,127.42000000000002,127.42000000000002,127.42000000000002,127.42000000000002,127.42000000000002,127.42000000000002,127.42000000000002,127.42000000000002,127.42000000000002,127.42000000000002,127.42000000000002,127.42000000000002,127.42000000000002,127.42000000000002,127.42000000000002,127.42000000000002,127.42000000000002,127.42000000000002,127.42000000000002,127.42000000000002,127.42000000000002,127.42000000000002,127.42000000000002,127.42000000000002
100.0,127.42000000000002,127.42000000000002,127.42000000000002,127.42000000000002,127.42000000000002,127.42000000000002,127.42000000000002,127.42000000000002,127.42000000000002,127.42000000000002,127.42000000000002,127.42000000000002,127.42000000000002,127.42000000000002,127.42000000000002,127.42000000000002,127.42000000000002,127.42000000000002,127.42000000000002,127.42000000000002,127.42000000000002,127.42000000000002,127.42000000000002,127.42000000000002,127.42000000000002,127.42000000000002,127.42000000000002,127.42000000000002,127.42000000000002,127.42000000000002,127.42000000000002,127.42000000000002,127.42000000000002,127.42000000000002,127.42000000000002,127.42000000000002,127.42000000000002,103.83303570812178,127.42000000000002,127.42000000000002,127.42000000000002,127.42000000000002,127.42000000000002,127.42000000000002,127.42000000000002,127.42000000000002,127.42000000000002,103.83303570812178
100.0,127.42000000000002,127.42000000000002,127.42000000000002,127.42000000000002,127.42000000000002,127.42000000000002,127.42000000000002,127.42000000000002,127.42000000000002,127.42000000000002,127.42000000000002,127.42000000000002,127.42000000000002,127.42000000000002,127.42000000000002,127.42000000000002,127.42000000000002,127.42000000000002,127.42000000000002,127.42000000000002,127.42000000000002,127.42000000000002,127.42000000000002,127.42000000000002,127.42000000000002,127.42000000000002,127.42000000000002,127.42000000000002,127.42000000000002,127.42000000000002,127.42000000000002,127.42000000000002,127.42000000000002,127.42000000000002,127.42000000000002,127.42000000000002,127.42000000000002,127.42000000000002,127.42000000000002,127.42000000000002,127.42000000000002,127.42000000000002,127.42000000000002,127.42000000000002,127.42000000000002,127.42000000000002,127.42000000000002,127.42000000000002
100.0,127.42000000000002,127.42000000000002,127.42000000000002,127.42000000000002,127.42000000000002,127.42000000000002,127.42000000000002,127.42000000000002,127.42000000000002,127.42000000000002,127.42000000000002,127.42000000000002,127.42000000000002,127.42000000000002,127.42000000000002,127.42000000000002,127.42000000000002,127.42000000000002,105.62420543926262,127.42000000000002,127.42000000000002,127.42000000000002,127.42000000000002,127.42000000000002,127.42000000000002,127.42000000000002,127.42000000000002,127.42000000000002,127.42000000000002,127.42000000000002,127.42000000000002,127.42000000000002,127.42000000000002,127.42000000000002,127.42000000000002,127.42000000000002,127.42000000000002,87.42,87.42,87.42,87.42,63.83303570812177,103.83303570812177,127.42000000000002,127.42000000000002,127.41999999999999,87.42,87.42
100.0,127.42000000000002,127.42000000000002,127.42000000000002,127.42000000000002,127.42000000000002,127.42000000000002,127.42000000000002,127.42000000000002,127.42000000000002,127.42000000000002,127.42000000000002,127.42000000000002,127.42000000000002,127.42000000000002,127.42000000000002,127.42000000000002,127.42000000000002,127.42000000000002,127.42000000000002,127.42000000000002,127.42000000000002,127.42000000000002,127.42000000000002,127.42000000000002,127.42000000000002,127.42000000000002,127.42000000000002,127.42000000000002,127.42000000000002,127.42000000000002,127.42000000000002,127.42000000000002,127.42000000000002,127.42000000000002,127.42000000000002,127.42000000000002,127.42000000000002,127.42000000000002,127.42000000000002,127.42000000000002,127.42000000000002,127.42000000000002,127.42000000000002,127.42000000000002,127.42000000000002,127.42000000000002,127.42000000000002,127.42000000000002
100.0,127.42000000000002,127.42000000000002,127.42000000000002,127.42000000000002,127.42000000000002,127.42000000000002,127.42000000000002,127.42000000000002,127.42000000000002,127.42000000000002,127.42000000000002,127.42000000000002,127.42000000000002,127.42000000000002,127.42000000000002,127.42000000000002,127.42000000000002,127.42000000000002,127.42000000000002,127.42000000000002,127.42000000000002,127.42000000000002,127.42000000000002,127.42000000000002,127.42000000000002,127.42000000000002,127.42000000000002,127.42000000000002,127.42000000000002,127.42000000000002,127.42000000000002,127.42000000000002,127.42000000000002,127.42000000000002,127.42000000000002,127.42000000000002,127.42000000000002,127.42000000000002,127.42000000000002,127.42000000000002,127.42000000000002,127.42000000000002,127.42000000000002,127.42000000000002,127.42000000000002,127.42000000000002,127.42000000000002,127.42000000000002
100.0,127.42000000000002,127.42000000000002,127.42000000000002,127.42000000000002,127.42000000000002,127.42000000000002,127.42000000000002,127.42000000000002,127.42000000000002,127.42000000000002,127.42000000000002,127.42000000000002,127.42000000000002,127.42000000000002,127.42000000000002,127.42000000000002,127.42000000000002,127.42000000000002,127.42000000000002,127.42000000000002,127.42000000000002,127.42000000000002,127.42000000000002,127.42000000000002,127.42000000000002,127.42000000000002,127.42000000000002,127.42000000000002,127.42000000000002,127.42000000000002,127.42000000000002,127.42000000000002,127.42000000000002,127.42000000000002,127.42000000000002,127.42000000000002,127.42000000000002,127.42000000000002,127.42000000000002,127.42000000000002,127.42000000000002,127.42000000000002,127.42000000000002,127.42000000000002,127.42000000000002,127.42000000000002,127.42000000000002,127.42000000000002
100.0,0.0,0.0,0.0,0.0,0.0,0.0,0.0,0.0,0.0,0.0,0.0,63.83303570812177,63.83303570812177,63.83303570812177,63.833035708122,63.833035708122,63.83303570812177,63.83303570812177,85.62883026885943,63.833035708122,103.83303570812177,63.83303570812177,0.0,0.0,0.0,0.0,0.0,0.0,0.0,0.0,0.0,0.0,0.0,0.0,63.83303570812177,63.83303570812177,103.83303570812177,127.42000000000002,103.83303570812178,103.83303570812178,127.42000000000002,127.42000000000002,127.42000000000002,127.42000000000002,0.0,0.0,0.0,0.0
100.0,127.42000000000002,127.42000000000002,127.42000000000002,127.42000000000002,127.42000000000002,127.42000000000002,127.42000000000002,103.83303570812177,63.83303570812177,63.83303570812177,63.83303570812177,0.0,0.0,0.0,0.0,0.0,0.0,0.0,0.0,0.0,0.0,0.0,63.83303570812177,103.83303570812177,127.42000000000002,127.42000000000002,127.42000000000002,127.42000000000002,127.42000000000002,127.42000000000002,103.83303570812177,63.83303570812177,63.83303570812177,63.83303570812177,0.0,0.0,0.0,0.0,0.0,0.0,0.0,0.0,0.0,0.0,63.83303570812177,63.833035708121784,103.83303570812178,127.42000000000002
100.0,60.0,62.06908559787712,62.06908559787712,62.06908559787712,64.56908559787712,62.06908559787712,62.06908559787712,62.06908559787712,62.06908559787712,62.06908559787712,62.06908559787712,62.06908559787712,62.06908559787712,62.06908559787712,64.56908559787712,64.56908559787712,62.06908559787712,62.06908559787712,62.06908559787712,62.06908559787712,62.06908559787712,62.06908559787712,62.06908559787712,64.56908559787712,62.06908559787712,62.06908559787712,64.56908559787712,62.06908559787712,62.06908559787712,62.06908559787712,62.06908559787712,62.06908559787712,62.06908559787712,62.06908559787712,62.06908559787712,62.06908559787712,62.06908559787712,102.06908559787712,109.56908559787712,126.5,86.5,69.56908559787712,62.06908559787712,69.56908559787712,64.56908559787712,86.5,126.5,126.5
100.0,60.0,44.0,44.0,44.0,44.0,44.0,44.0,44.0,44.0,44.0,44.0,44.0,44.0,44.0,44.0,44.0,44.0,44.0,44.0,44.0,44.0,44.0,44.0,44.0,44.0,44.0,44.0,44.0,44.0,44.0,44.0,44.0,44.0,44.0,44.0,44.0,44.0,44.0,44.0,44.0,44.0,44.0,44.0,44.0,44.0,49.0,44.0,44.0
100.0,60.0,44.0,44.0,44.0,44.0,44.0,44.0,44.0,44.0,44.0,44.0,44.0,44.0,44.0,44.0,44.0,44.0,44.0,44.00000000077671,44.0,44.0,44.0,44.0,44.0,44.0,44.0,44.0,44.0,44.0,44.0,44.0,44.0,44.0,44.0,44.0,44.0,44.0,44.0,44.0,44.0,44.0,44.0,44.0,44.0,44.0,44.0,44.0,59.56908559787712
100.0,60.0,44.0,44.0,44.0,44.0,44.0,44.0,44.0,44.0,44.0,44.0,44.0,44.0,44.0,44.0,44.0,44.0,44.0,44.0,44.0,44.0,44.0,44.0,44.0,44.0,44.0,44.0,44.0,44.0,44.0,44.0,44.0,44.0,44.0,44.0,44.0,44.0,44.0,44.0,44.0,44.0,44.0,44.0,44.0,44.0,44.0,44.0,44.0
100.0,84.0,86.5,86.5,86.5,84.0,86.5,86.5,86.5,86.5,86.5,86.5,86.5,86.5,86.5,84.0,84.0,86.5,86.5,86.5,86.5,86.5,86.5,86.5,84.0,86.5,86.5,84.0,86.5,86.5,86.5,86.5,86.5,86.5,86.5,86.5,86.5,86.5,86.5,84.0,84.0,84.0,84.0,86.5,84.0,84.0,84.0,84.0,86.5
100.0,60.0,44.0,44.0,44.0,44.0,44.0,44.0,44.0,44.0,44.0,44.0,44.0,44.0,44.0,44.0,44.00000000077671,44.0,44.0,44.0,44.00000000077671,44.0,44.0,44.0,44.0,44.0,44.0,44.0,44.0,44.0,44.0,44.0,44.0,44.0,44.0,44.0,44.0,44.0,44.0,44.0,44.0,44.0,44.0,44.0,44.0,44.0,44.0,44.0,44.0
100.0,86.5,126.5,126.5,126.5,126.5,126.5,126.5,126.5,126.5,126.5,126.5,126.5,126.5,126.5,126.5,126.5,126.5,126.5,126.5,126.5,126.5,126.5,126.5,126.5,126.5,126.5,126.5,126.5,126.5,126.5,126.5,126.5,126.5,126.5,126.5,126.5,126.5,126.5,126.5,126.5,126.5,126.5,126.5,126.5,126.5,126.5,126.5,126.5
100.0,112.06908559791782,126.5,126.5,126.5,126.5,126.5,126.5,126.5,126.5,126.5,126.5,126.5,126.5,126.5,126.5,126.5,126.5,126.5,126.5,126.5,126.5,126.5,126.5,126.5,126.5,126.5,126.5,126.5,126.5,126.5,126.5,126.5,126.5,126.5,126.5,126.5,126.5,86.5,86.5,64.56908559787712,104.56908559787712,126.5,126.5,126.5,126.5,104.56908559787712,64.56908559787712,86.5
100.0,126.5,126.5,126.5,126.5,126.5,126.5,126.5,126.5,126.5,126.5,126.5,126.5,126.5,126.5,126.5,126.5,126.5,126.5,126.5,126.5,126.5,126.5,126.5,126.5,126.5,126.5,126.5,126.5,126.5,126.5,126.5,126.5,126.5,126.5,126.5,126.5,126.5,126.5,126.5,126.5,126.5,126.5,126.5,126.5,126.5,126.5,126.5,126.5
100.0,126.5,126.5,126.5,126.5,126.5,126.5,126.5,126.5,126.5,126.5,126.5,126.5,126.5,126.5,126.5,126.5,126.5,126.5,126.5,126.5,126.5,126.5,126.5,126.5,126.5,126.5,126.5,126.5,126.5,126.5,126.5,126.5,126.5,126.5,126.5,126.5,126.5,126.5,126.5,126.5,126.5,126.5,126.5,126.5,126.5,126.5,126.5,86.5
100.0,84.0,86.5,86.5,86.5,86.5,86.5,86.5,86.5,86.5,86.5,86.5,86.5,86.5,86.5,86.5,86.5,86.5,86.5,86.5,86.5,86.5,86.5,86.5,86.5,86.5,86.5,86.5,86.5,86.5,86.5,86.5,86.5,86.5,86.5,86.5,86.5,86.5,86.5,84.0,86.5,86.5,84.0,86.5,84.0,86.5,84.0,86.5,86.5
100.0,126.5,126.5,126.5,126.5,126.5,126.5,126.5,126.5,126.5,126.5,126.5,126.5,126.5,126.5,126.5,126.5,126.5,126.5,126.5,126.5,126.5,126.5,126.5,126.5,126.5,126.5,126.5,126.5,126.5,126.5,126.5,126.5,126.5,126.5,126.5,126.5,126.5,126.5,126.5,126.5,126.5,126.5,126.5,126.5,126.5,126.5,126.5,126.5
100.0,126.5,126.5,126.5,126.5,126.5,126.5,126.5,126.5,126.5,126.5,126.5,126.5,126.5,126.5,126.5,126.5,126.5,126.5,126.5,126.5,126.5,126.5,126.5,126.5,126.5,126.5,126.5,126.5,126.5,126.5,126.5,126.5,126.5,126.5,126.5,126.5,126.5,126.5,126.5,126.5,126.5,126.5,126.5,126.5,126.5,126.5,126.5,126.5
100.0,84.0,86.5,86.5,86.5,86.5,86.5,86.5,86.5,86.5,86.5,86.5,86.5,86.5,86.5,86.5,86.5,86.5,86.5,86.5,86.5,86.5,86.5,86.5,86.5,86.5,86.5,86.5,86.5,86.5,86.5,86.5,86.5,86.5,86.5,86.5,86.5,86.5,86.5,84.0,86.5,86.5,84.0,86.5,84.0,86.5,84.0,86.5,86.5
20.2,20.199999999999996,0.0,0.0,0.0,0.0,0.0,0.0,0.0,0.0,0.0,0.0,0.0,0.0,0.0,0.0,0.0,0.0,0.0,0.0,0.0,0.0,0.0,54.95517248239592,58.075,58.075,58.075,58.075,54.95524234223815,58.075,54.955270286175036,58.075,54.95529823011181,54.9553122020814,20.199999999999996,58.075,54.95592204039906,58.075,58.075,0.0,0.0,0.0,0.0,0.0,0.0,0.0,0.0,0.0,0.0
0.0,0.0,0.0,0.0,0.0,0.0,0.0,0.0,0.0,0.0,0.0,0.0,0.0,0.0,0.0,0.0,0.0,0.0,0.0,0.0,0.0,58.075,58.075,58.075,54.955186454364366,54.955200426333974,54.955214398301266,54.95522837026898,58.075,54.9552563142057,58.075,54.955284258142555,58.075,58.075,54.476746494890186,54.95590806843329,58.075,54.9559360123675,56.52856798169101,0.0,0.0,0.0,0.0,0.0,0.0,0.0,0.0,0.0,0.0
16.0,46.0,46.0,16.138998449880184,0.0,0.0,0.0,0.0,0.0,0.0,0.0,0.0,0.0,0.0,0.0,0.0,0.0,0.0,0.0,0.0,0.0,0.0,0.0,44.465529473018506,44.46492178550825,37.927734440630076,37.927734440630076,37.927734440630076,46.0,37.927734440630076,37.927734440630076,37.927734440630076,37.927734440630076,37.927734440630076,37.927734440630076,46.0,16.0,37.927734440630076,46.0,37.927734440630076,37.927734440630076,0.0,0.0,0.0,0.0,0.0,0.0,0.0,0.0
0.0,0.0,0.0,0.0,0.0,0.0,0.0,0.0,0.0,0.0,0.0,0.0,0.0,0.0,0.0,0.0,0.0,0.0,0.0,0.0,0.0,0.0,0.0,0.0,0.0,46.0,46.0,46.0,37.927734440630076,46.0,46.0,46.0,46.0,46.0,46.0,37.927734440630076,40.65302512379865,46.0,37.927734440630076,46.0,46.0,0.0,0.0,0.0,0.0,0.0,0.0,0.0,0.0
41.4,0.0,0.0,0.0,0.0,0.0,0.0,0.0,0.0,0.0,0.0,0.0,0.0,0.0,0.0,0.0,0.0,0.0,0.0,0.0,0.0,0.0,0.0,0.0,0.0,0.0,0.0,0.0,0.0,0.0,0.0,0.0,0.0,0.0,0.0,0.0,0.0,0.0,0.0,0.0,0.0,0.0,0.0,0.0,0.0,0.0,0.0,0.0,0.0
0.0,0.0,0.0,0.0,0.0,0.0,0.0,0.0,0.0,0.0,0.0,0.0,0.0,0.0,0.0,0.0,0.0,0.0,0.0,0.0,0.0,0.0,0.0,0.0,0.0,0.0,0.0,0.0,0.0,0.0,0.0,0.0,0.0,0.0,0.0,0.0,0.0,0.0,0.0,0.0,0.0,0.0,0.0,0.0,0.0,0.0,0.0,0.0,0.0
0.0,0.0,0.0,0.0,0.0,0.0,0.0,0.0,0.0,0.0,0.0,0.0,0.0,0.0,0.0,0.0,0.0,0.0,0.0,0.0,0.0,0.0,0.0,0.0,0.0,0.0,0.0,0.0,0.0,0.0,0.0,0.0,0.0,0.0,0.0,0.0,0.0,0.0,0.0,0.0,0.0,0.0,0.0,0.0,0.0,0.0,0.0,0.0,0.0
0.0,0.0,0.0,0.0,0.0,0.0,0.0,0.0,0.0,0.0,0.0,0.0,0.0,0.0,0.0,0.0,0.0,0.0,0.0,0.0,0.0,0.0,0.0,0.0,0.0,0.0,0.0,0.0,0.0,0.0,0.0,0.0,0.0,0.0,0.0,0.0,0.0,0.0,0.0,0.0,0.0,0.0,0.0,0.0,0.0,0.0,0.0,0.0,0.0
7.4,21.275,21.275,21.275,21.275,21.275,0.0,0.0,0.0,0.0,0.0,0.0,0.0,0.0,0.0,0.0,7.4,7.4,7.4,21.275,14.506327133464062,14.506327133464062,14.506327133464062,14.506327133464062,14.506327133464062,14.506327133464062,14.506327133464062,14.506327133464062,14.506327133464062,14.506327133464062,14.506327133464062,14.506327133464062,14.506327133464062,14.506327133464062,14.506327133464062,14.506327133464062,14.506327133464062,14.506327133464062,14.506327133464062,14.506327133464062,14.506327133464062,14.506327133464062,14.506327133464062,14.506327133464062,14.506327133464062,14.506327133464062,14.506327133464062,14.506327133464062,7.4
7.4,21.275,21.275,21.275,21.275,21.275,21.275,21.275,21.275,0.0,0.0,0.0,0.0,0.0,0.0,0.0,0.0,0.0,0.0,0.0,0.0,0.0,0.0,0.0,0.0,0.0,0.0,0.0,0.0,0.0,0.0,0.0,0.0,0.0,0.0,0.0,0.0,0.0,0.0,0.0,0.0,0.0,0.0,0.0,0.0,0.0,0.0,0.0,0.0
0.0,21.275,21.275,21.275,21.275,21.275,21.275,21.275,21.275,7.4,7.4,14.506327133464062,14.506327133464062,21.275,14.506327133464062,14.506327133464062,7.4,7.4,7.4,0.0,0.0,0.0,0.0,0.0,0.0,0.0,0.0,0.0,0.0,0.0,0.0,0.0,0.0,0.0,0.0,0.0,0.0,0.0,0.0,0.0,0.0,0.0,0.0,0.0,0.0,0.0,0.0,0.0,0.0
0.0,21.275,21.275,21.275,21.275,21.275,21.275,21.275,21.275,7.4,7.4,0.0,0.0,0.0,0.0,0.0,0.0,0.0,0.0,0.0,0.0,0.0,0.0,0.0,0.0,0.0,0.0,0.0,0.0,0.0,0.0,0.0,0.0,0.0,0.0,0.0,0.0,0.0,0.0,0.0,0.0,0.0,0.0,0.0,0.0,0.0,0.0,0.0,7.4
9.6,27.6,27.6,27.6,27.6,15.387110128780108,15.387110128780108,27.6,27.6,27.6,15.387110128787384,27.6,27.6,13.329653020563581,13.329653020563581,13.083238017289867,13.083238017289867,27.6,13.083238017289867,13.083238017289867,13.329653020563581,13.329653020563581,13.329653020563581,18.762695456583266,13.083238017289867,13.083238017289867,13.083238017289867,13.083238017289867,13.083238017289867,13.083238017289867,13.083238017289867,13.083238017289867,13.083238017289867,13.083238017289867,13.083238017289867,13.083238017289867,13.083238017289867,13.083238017289867,13.083238017289867,13.083238017289867,13.083238017289867,13.083238017289867,13.083238017289867,13.083238017289867,13.083238017289867,13.083238017289867,13.083238017289867,13.083238017289867,13.083238017289867
0.0,27.6,27.6,27.6,27.6,27.6,27.6,15.387110128783746,15.387110128787384,15.387110128787384,27.6,15.387110128787384,15.387110128801936,0.0,0.0,0.0,0.0,0.0,0.0,0.0,0.0,0.0,0.0,0.0,0.0,0.0,0.0,0.0,0.0,0.0,0.0,0.0,0.0,0.0,0.0,0.0,0.0,0.0,0.0,0.0,0.0,0.0,0.0,0.0,0.0,0.0,0.0,0.0,0.0
0.0,15.38711012877829,15.38711012877829,15.38711012877829,15.38711012877829,27.6,27.6,27.6,27.6,27.6,27.6,27.6,27.6,0.0,0.0,0.0,0.0,0.0,0.0,0.0,0.0,0.0,0.0,0.0,0.0,0.0,0.0,0.0,0.0,0.0,0.0,0.0,0.0,0.0,0.0,0.0,0.0,0.0,0.0,0.0,0.0,0.0,0.0,0.0,0.0,0.0,0.0,0.0,0.0
11.0,31.0,31.625,31.625,31.625,31.625,31.625,22.978710111290113,22.978710111319216,22.978710111319216,31.625,22.978710111377424,31.625,22.97871011149384,23.603710111377424,0.0,0.0,0.0,0.0,0.0,0.0,0.0,0.0,0.0,0.0,0.0,0.0,0.0,0.0,0.0,0.0,0.0,0.0,0.0,0.0,0.0,0.0,12.081244319484554,12.081244319484554,12.081244319484554,12.081244319484554,11.0,12.081244319484554,11.0,11.0,11.0,11.0,12.081244319484554,0.0
0.0,23.60371011126101,22.97871011126101,22.978710111268285,22.97871011127556,22.97871011127556,22.978710111290113,31.625,31.625,31.625,22.978710111319216,31.625,22.978710111377424,31.625,31.625,13.004400778693775,13.004400778693775,11.0,12.081244319484554,23.40826760255711,12.081244319484554,11.0,11.0,13.004400778693775,13.004400778693775,0.0,0.0,0.0,0.0,0.0,0.0,0.0,0.0,0.0,0.0,0.0,11.0,11.625,11.625,11.625,11.625,12.706244319484554,11.625,12.706244319484554,12.706244319484554,12.706244319484554,12.706244319484554,11.625,11.625
0.0,31.625,31.625,31.625,31.625,31.625,31.625,31.625,31.625,31.625,31.625,31.625,31.625,31.625,31.0,11.0,11.0,12.706244319484554,11.625,31.625,11.625,12.706244319484554,13.004400778693775,11.0,11.0,30.548870070026027,23.706244319484554,23.706244319484554,23.706244319484554,23.706244319484554,23.706244319484554,23.706244319484554,23.706244319484554,23.706244319484554,23.706244319484554,23.706244319484554,12.706244319484554,0.0,0.0,0.0,0.0,0.0,0.0,0.0,0.0,0.0,0.0,0.0,12.081244319484554
46.96,0.0,0.0,0.0,0.0,0.0,0.0,0.0,0.0,0.0,0.0,0.0,0.0,0.0,0.0,0.0,0.0,0.0,0.0,0.0,0.0,0.0,0.0,0.0,0.0,0.0,0.0,0.0,0.0,0.0,0.0,0.0,0.0,0.0,0.0,0.0,0.0,0.0,0.0,0.0,0.0,0.0,0.0,0.0,0.0,0.0,0.0,0.0,0.0
0.0,0.0,0.0,0.0,0.0,0.0,0.0,0.0,0.0,0.0,0.0,0.0,0.0,0.0,0.0,0.0,0.0,0.0,0.0,0.0,0.0,0.0,0.0,0.0,0.0,0.0,0.0,0.0,0.0,0.0,0.0,0.0,0.0,0.0,0.0,0.0,0.0,0.0,0.0,0.0,0.0,0.0,0.0,0.0,0.0,0.0,0.0,0.0,0.0
0.0,0.0,0.0,0.0,0.0,0.0,0.0,0.0,0.0,0.0,0.0,0.0,0.0,0.0,0.0,0.0,0.0,0.0,0.0,0.0,0.0,0.0,0.0,0.0,0.0,0.0,0.0,0.0,0.0,0.0,0.0,0.0,0.0,0.0,0.0,0.0,0.0,0.0,0.0,0.0,0.0,0.0,0.0,0.0,0.0,0.0,0.0,0.0,0.0
50.0,168.0843543684815,189.75,189.75,189.75,189.75,189.75,167.99151094181258,167.9760370373678,189.75,167.94508922847814,189.75,167.91414141958853,167.8986675151437,167.88319361069892,167.8677197062541,189.75,167.83677189736449,189.75,167.80582408847482,167.79035018403005,167.77487627958521,189.75,189.75,167.72845456625078,167.71298066180594,167.69750675736117,189.75,189.75,167.65108504402673,167.6356111395819,167.62013723513707,189.75,167.5891894262474,189.75,167.5582416173578,167.54276771291296,189.75,189.75,189.75,189.75,189.75,167.4499242862421,189.75,189.75,167.40350257290856,167.38802866846493,167.3725547640201,189.75
0.0,189.75,168.06888046403668,168.05340655959185,168.03793265514707,168.02245875070224,168.0069848462574,189.75,189.75,167.96056313292297,189.75,167.92961532403336,189.75,189.75,189.75,189.75,167.85224580180926,189.75,167.82129799291965,189.75,189.75,189.75,167.75940237514038,167.7439284706956,189.75,189.75,189.75,167.68203285291634,167.6665589484715,189.75,189.75,189.75,167.60466333069223,189.75,167.57371552180263,189.75,189.75,167.5272938084721,167.51181990402335,167.49634599957852,167.48087209513375,167.46539819068892,189.75,167.43445038179948,167.41897647735178,189.75,189.75,189.75,164.96832575620763
150.0,174.8,174.8,174.8,174.8,174.8,174.8,174.8,174.8,174.8,174.8,174.8,174.8,174.8,174.8,174.8,174.8,174.8,174.8,174.8,174.8,174.8,174.8,162.08261783965014,174.8,174.8,174.8,174.8,174.8,124.80000000000001,124.80000000000001,174.8,174.8,174.8,124.80000000000001,174.8,161.98339977220297,174.8,174.8,174.8,174.8,174.8,174.8,174.8,174.8,174.8,174.8,174.8,174.8
150.0,162.11377227698364,162.1120184589244,162.11026464086518,162.10851082280607,162.10675700474695,162.10500318668784,162.10324936862872,124.80000000000001,162.0997417325105,162.09798791445138,124.80000000000001,162.09477027974464,124.80000000000001,162.09247788763588,162.0914697874917,162.0904616873475,124.80000000000001,124.80000000000001,162.08664333543146,124.80000000000001,124.80000000000001,162.08343260552004,174.8,155.20406302520482,124.80000000000001,174.8,174.8,124.80000000000001,162.04312246642547,162.03570627991695,112.03570627991695,112.0180568828024,112.00925178893806,162.00044669507355,155.63572282978168,174.8,161.97456853874797,161.96573730529275,161.95690607183775,161.94807483838275,161.94616221002696,161.95116818677045,161.95617416351394,161.9611801402574,161.9661861170009,161.97119209374435,161.97619807048784,162.924965111085
150.0,124.80000000000001,124.80000000000001,124.80000000000001,124.80000000000001,124.80000000000001,124.80000000000001,124.80000000000001,162.1014955505696,124.80000000000001,124.80000000000001,162.09633076352947,124.80000000000001,162.09348598778007,124.80000000000001,124.80000000000001,124.80000000000001,162.08929477690657,162.08796905616902,124.80000000000001,162.0853176146938,162.08424737138995,124.80000000000001,174.8,131.67774004857532,162.07699314391294,162.05936988638894,112.05936988638894,162.05936988638894,174.8,174.8,174.791168766545,174.8,174.8,174.8,131.15620693875428,174.8,124.80000000000001,124.80000000000001,124.80000000000001,124.80000000000001,124.80000000000001,124.80000000000001,124.80000000000001,124.80000000000001,124.80000000000001,124.80000000000001,124.80000000000001,124.80000000000001
150.0,187.45,187.45,187.45,187.45,187.45,187.45,187.45,187.45,187.45,187.45,187.45,187.45,187.45,187.45,187.45,187.45,187.45,187.45,187.45,187.45,187.45,187.45,137.45,187.45,187.45,137.45881816365966,187.45,187.44116876654493,187.45,187.45,187.45,187.45,187.45,187.45,187.45,137.45,187.45,187.45,187.45,187.45,187.45,187.45,187.45,187.45,187.45,187.45,187.45,187.45
80.0,42.0,42.0,42.0,42.0,42.0,42.0,42.0,42.0,92.0,86.17284177555791,86.17284177091744,86.17284177091744,86.17284177091744,86.17284177091744,86.17284177091744,86.17284177091744,86.17284177091744,86.17284177091744,86.17284177091744,86.17284177091744,86.17284177091744,86.17284177091744,86.17284177091744,86.17284177091744,86.17284177091744,86.17284177091744,86.17284177091744,86.17284177091744,86.17284177091744,86.17284177091744,86.17284177091744,86.17284177091744,86.17284177091744,86.17284177091744,86.17284177091744,86.17284177091744,86.17284177091744,86.17284177091744,86.17284177091744,86.17284177091744,86.17284177091744,86.17284177091744,86.17284177091744,86.17284177091744,86.17284177091744,86.17284177091744,86.17284177091744,86.17284177091744
80.0,42.0,42.0,42.0,42.0,42.0,42.0,42.0,70.75,120.75,120.75,120.75,120.75,120.75,120.75,120.75,120.75,120.75,120.75,120.75,120.75,120.75,120.75,120.75,120.75,120.75,120.75,120.75,120.75,120.75,120.75,120.75,120.75,120.75,120.75,120.75,120.75,120.75,120.75,120.75,120.75,120.75,120.75,120.75,120.75,120.75,120.75,120.75,120.75
80.0,68.34176100718963,68.34176100718804,68.34176100718804,68.34176100718804,68.34176100718804,68.34176100718804,68.34176100718804,64.92284177183262,114.92284177183262,120.75,120.75,120.75,120.75,120.75,120.75,120.75,120.75,120.75,120.75,120.75,120.75,120.75,120.75,120.75,120.75,120.75,120.75,120.75,120.75,120.75,120.75,120.75,120.75,120.75,120.75,120.75,120.75,120.75,120.75,120.75,120.75,120.75,120.75,120.75,120.75,120.75,120.75,120.75
80.0,120.75,120.75,120.75,120.75,120.75,120.75,120.75,120.75,120.75,120.75,120.75,120.75,120.75,120.75,120.75,120.75,120.75,120.75,120.75,120.75,120.75,120.75,120.75,120.75,120.75,120.75,120.75,120.75,120.75,120.75,120.75,120.75,120.75,120.75,120.75,120.75,120.75,120.75,120.75,120.75,120.75,120.75,120.75,120.75,120.75,120.75,120.75,120.75
80.0,120.75,120.75,120.75,120.75,120.75,120.75,120.75,95.41891923535542,120.75,120.75,120.75,120.75,120.75,120.75,120.75,120.75,120.75,120.75,120.75,120.75,120.75,120.75,120.75,120.75,120.75,120.75,120.75,120.75,120.75,120.75,120.75,120.75,120.75,120.75,120.75,120.75,120.75,120.75,120.75,120.75,120.75,120.75,120.75,120.75,120.75,120.75,120.75,120.75
80.0,46.775000000000006,90.4,90.4,90.4,90.4,90.4,90.4,90.4,90.4,90.4,90.4,90.4,90.4,90.4,90.4,90.4,90.4,101.775,101.775,101.775,101.775,101.775,101.775,101.775,101.775,101.775,101.775,101.775,101.775,101.775,101.775,101.775,101.775,101.775,101.775,101.775,101.775,101.775,101.775,101.775,101.775,101.775,101.775,101.775,101.775,101.775,101.775,101.775
80.0,101.775,101.775,54.6515043224002,101.775,54.6515043224002,101.775,54.6515043224002,54.6515043224002,101.775,57.8646688015032,101.775,101.775,101.775,101.775,101.775,101.775,101.775,101.775,101.775,101.775,101.775,101.775,101.775,101.775,101.775,101.775,101.775,101.775,101.775,101.775,101.775,101.775,101.775,101.775,101.775,101.775,101.775,101.775,101.775,101.775,101.775,101.775,101.775,101.775,101.775,101.775,101.775,101.775
80.0,101.775,101.775,101.775,101.775,101.775,101.775,101.775,101.775,57.864668801565216,101.775,57.8646688015032,57.8646688015032,57.8646688015032,57.8646688015032,101.775,57.86466880311849,101.775,101.775,101.775,101.775,101.775,101.775,101.775,101.775,101.775,101.775,101.775,101.775,101.775,101.775,101.775,101.775,101.775,101.775,101.775,101.775,101.775,101.775,101.775,101.775,101.775,101.775,101.775,101.775,101.775,101.775,101.775,101.775
80.0,98.2765043224002,54.6515043224002,101.775,54.6515043224002,101.775,54.6515043224002,101.775,101.775,101.775,101.775,101.775,101.775,101.775,101.775,57.8646688015032,101.775,101.775,101.775,101.775,101.775,101.775,101.775,101.775,101.775,101.775,101.775,101.775,101.775,101.775,101.775,101.775,101.775,101.775,101.775,101.775,101.775,101.775,101.775,101.775,101.775,101.775,101.775,101.775,101.775,101.775,101.775,101.775,101.775
700.0,800.0,805.0,805.0,805.0,805.0,805.0,805.0,705.0,705.0,805.0,805.0,805.0,0.0,0.0,0.0,0.0,0.0,0.0,0.0,0.0,0.0,0.0,0.0,0.0,0.0,705.0,805.0,805.0,805.0,805.0,805.0,705.0,605.0,505.0,605.0,705.0,805.0,805.0,805.0,805.0,805.0,805.0,805.0,805.0,805.0,705.0,805.0,805.0
700.0,800.0,805.0,805.0,805.0,805.0,805.0,0.0,0.0,0.0,0.0,0.0,0.0,0.0,0.0,0.0,0.0,705.0,805.0,805.0,805.0,805.0,705.0,805.0,805.0,805.0,705.0,0.0,0.0,0.0,0.0,0.0,0.0,0.0,0.0,0.0,0.0,805.0,805.0,805.0,805.0,805.0,805.0,805.0,805.0,805.0,705.0,737.5972662637631,805.0
700.0,705.0,705.0,705.0,705.0,705.0,704.870261704813,705.0,631.9609637163885,605.0,705.0,705.0,805.0,705.0,705.0,623.539269190619,723.539269190619,705.0,805.0,805.0,705.0,705.0,605.0,705.0,705.0,705.0,605.0,615.5748187296867,658.0355919623562,558.0355919623562,467.9365540091221,380.0,405.0,505.0,405.0,505.0,605.0,705.0,705.0,705.0,705.0,705.0,705.0,605.0,580.2095258724257,647.2431733342511,547.2431733342511,647.2431733342511,705.0
700.0,800.0,805.0,805.0,805.0,805.0,805.0,705.0,605.0,505.0,0.0,0.0,0.0,0.0,0.0,0.0,0.0,0.0,0.0,0.0,693.8021923626329,793.8021923626329,705.0,805.0,805.0,805.0,801.9846041420387,805.0,805.0,705.0,805.0,805.0,705.0,605.0,505.0,605.0,705.0,805.0,805.0,805.0,805.0,805.0,805.0,805.0,805.0,805.0,805.0,805.0,0.0
700.0,800.0,805.0,805.0,805.0,805.0,805.0,805.0,805.0,705.0,805.0,805.0,805.0,0.0,0.0,0.0,0.0,0.0,0.0,0.0,0.0,0.0,0.0,805.0,805.0,805.0,805.0,805.0,805.0,705.0,705.0,805.0,805.0,0.0,0.0,0.0,0.0,0.0,0.0,0.0,0.0,0.0,0.0,605.0,705.0,805.0,805.0,805.0,805.0
700.0,705.0,705.0,705.0,705.0,705.0,705.0,705.0,605.0,605.0,705.0,705.0,805.0,705.0,705.0,605.0,705.0,605.0,705.0,805.0,705.0,705.0,605.0,705.0,705.0,705.0,605.0,580.0,480.0,380.0,380.0,380.0,405.0,505.0,405.0,505.0,605.0,705.0,705.0,705.0,705.0,705.0,705.0,680.3392641676146,705.0,637.8366142429858,605.0,705.0,705.0
700.0,800.0,805.0,805.0,805.0,805.0,805.0,805.0,805.0,705.0,805.0,0.0,0.0,0.0,0.0,0.0,0.0,0.0,0.0,0.0,0.0,0.0,0.0,0.0,0.0,0.0,705.0,805.0,805.0,805.0,805.0,805.0,705.0,605.0,505.0,605.0,705.0,805.0,805.0,805.0,805.0,805.0,805.0,805.0,805.0,805.0,805.0,805.0,805.0
700.0,800.0,805.0,805.0,805.0,785.5972674909517,685.5972674909517,698.5222835010682,598.5222835010682,498.52228350106816,0.0,0.0,0.0,0.0,0.0,0.0,0.0,0.0,0.0,0.0,705.0,805.0,705.0,805.0,805.0,805.0,805.0,805.0,805.0,805.0,805.0,705.0,705.0,605.0,505.0,605.0,705.0,805.0,805.0,805.0,805.0,805.0,805.0,705.0,605.0,505.0,405.0,505.0,0.0
0.0,746.116220671709,685.9864823765201,685.8567440813313,685.7270057861415,705.0,805.0,805.0,805.0,705.0,805.0,805.0,0.0,0.0,0.0,0.0,0.0,0.0,0.0,0.0,0.0,0.0,705.0,805.0,805.0,805.0,705.0,605.0,505.0,435.2451986619144,391.56198392086117,291.56198392086117,391.56198392086117,491.56198392086117,505.0,605.0,705.0,805.0,805.0,805.0,805.0,805.0,805.0,805.0,805.0,805.0,805.0,805.0,805.0
0.0,0.0,0.0,0.0,0.0,0.0,0.0,0.0,0.0,0.0,0.0,0.0,0.0,0.0,0.0,0.0,0.0,705.0,805.0,805.0,705.0,747.3186477752606,705.0,805.0,805.0,805.0,705.0,805.0,805.0,705.0,805.0,805.0,705.0,605.0,505.0,605.0,705.0,805.0,805.0,805.0,805.0,805.0,805.0,805.0,805.0,805.0,758.9107635114575,805.0,0.0
700.0,800.0,805.0,805.0,805.0,805.0,805.0,805.0,805.0,705.0,805.0,805.0,805.0,766.8184691781535,805.0,705.0,805.0,750.5077601338489,805.0,805.0,805.0,805.0,805.0,805.0,805.0,805.0,805.0,805.0,805.0,805.0,805.0,805.0,731.7069241005902,805.0,705.0,805.0,705.0,805.0,805.0,805.0,805.0,805.0,805.0,805.0,805.0,805.0,805.0,805.0,805.0
700.0,800.0,805.0,805.0,805.0,805.0,805.0,805.0,805.0,705.0,805.0,805.0,805.0,805.0,805.0,705.0,805.0,805.0,805.0,805.0,805.0,805.0,805.0,805.0,805.0,805.0,705.0,805.0,805.0,705.0,805.0,805.0,705.0,805.0,755.89356722501,805.0,705.0,805.0,805.0,805.0,805.0,805.0,805.0,805.0,805.0,805.0,805.0,805.0,805.0
700.0,800.0,805.0,805.0,805.0,805.0,805.0,805.0,805.0,705.0,805.0,805.0,805.0,705.0,805.0,705.0,805.0,705.0,805.0,805.0,805.0,805.0,805.0,805.0,805.0,805.0,705.0,705.0,805.0,805.0,805.0,805.0,705.0,805.0,705.0,805.0,705.0,805.0,805.0,805.0,805.0,805.0,805.0,805.0,805.0,805.0,805.0,805.0,805.0
700.0,800.0,805.0,805.0,805.0,805.0,805.0,805.0,805.0,750.328548066198,805.0,805.0,805.0,705.0,805.0,705.0,805.0,705.0,805.0,805.0,805.0,805.0,805.0,805.0,805.0,805.0,705.0,705.0,605.0,705.0,805.0,805.0,705.0,805.0,705.0,805.0,705.0,805.0,805.0,805.0,805.0,805.0,805.0,705.0,705.0,705.0,779.277075448603,705.0,805.0
700.0,800.0,805.0,805.0,805.0,805.0,805.0,805.0,805.0,805.0,805.0,805.0,805.0,705.0,805.0,705.0,805.0,705.0,805.0,805.0,805.0,805.0,805.0,805.0,805.0,805.0,705.0,705.0,805.0,805.0,805.0,805.0,805.0,805.0,705.0,659.5862520402161,705.0,805.0,805.0,805.0,805.0,805.0,805.0,805.0,805.0,805.0,805.0,805.0,805.0
700.0,800.0,805.0,805.0,805.0,805.0,805.0,805.0,805.0,805.0,805.0,805.0,805.0,805.0,805.0,705.0,805.0,805.0,805.0,805.0,805.0,805.0,805.0,805.0,805.0,805.0,705.0,705.0,805.0,805.0,805.0,705.0,805.0,805.0,705.0,805.0,705.0,805.0,805.0,785.8582173483719,705.0,805.0,785.4690024628035,705.0,705.0,705.0,705.0,705.0,805.0
0.0,805.0,805.0,805.0,805.0,805.0,805.0,805.0,805.0,805.0,805.0,805.0,805.0,705.0,805.0,705.0,805.0,805.0,805.0,805.0,805.0,805.0,805.0,805.0,805.0,805.0,705.0,805.0,805.0,805.0,805.0,756.4714350474787,805.0,805.0,705.0,705.0,605.0,705.0,705.0,705.0,805.0,705.0,805.0,705.0,705.0,705.0,705.0,705.0,805.0
0.0,805.0,805.0,805.0,805.0,805.0,805.0,805.0,805.0,805.0,805.0,805.0,805.0,705.0,805.0,705.0,805.0,805.0,805.0,805.0,805.0,805.0,805.0,805.0,805.0,805.0,705.0,805.0,805.0,805.0,805.0,805.0,805.0,805.0,705.0,805.0,705.0,805.0,805.0,805.0,805.0,785.5987407579942,705.0,705.0,705.0,705.0,705.0,705.0,805.0
0.0,805.0,805.0,805.0,805.0,805.0,805.0,805.0,805.0,805.0,805.0,805.0,805.0,705.0,805.0,705.0,805.0,805.0,805.0,805.0,805.0,705.0,619.0276682399381,0.0,0.0,0.0,0.0,0.0,0.0,0.0,0.0,0.0,0.0,805.0,705.0,756.508387313409,656.508387313409,756.508387313409,785.9879556435608,805.0,785.7284790531812,805.0,805.0,705.0,705.0,705.0,705.0,705.0,805.0
0.0,805.0,805.0,805.0,805.0,805.0,805.0,805.0,805.0,805.0,805.0,805.0,805.0,805.0,805.0,705.0,805.0,805.0,805.0,805.0,805.0,805.0,805.0,0.0,0.0,0.0,0.0,0.0,0.0,0.0,0.0,0.0,0.0,805.0,705.0,805.0,705.0,805.0,805.0,805.0,805.0,805.0,805.0,805.0,805.0,805.0,805.0,805.0,805.0
5.52,0.0,0.0,0.0,0.0,0.0,0.0,0.0,0.0,0.0,0.0,0.0,0.0,0.0,0.0,0.0,0.0,0.0,0.0,0.0,0.0,0.0,0.0,0.0,0.0,0.0,0.0,0.0,0.0,0.0,0.0,0.0,0.0,0.0,0.0,0.0,0.0,0.0,0.0,0.0,0.0,0.0,0.0,0.0,0.0,0.0,0.0,0.0,0.0
0.0,0.0,0.0,0.0,0.0,0.0,0.0,0.0,0.0,0.0,0.0,0.0,0.0,0.0,0.0,0.0,0.0,0.0,0.0,0.0,0.0,0.0,0.0,0.0,0.0,0.0,0.0,0.0,0.0,0.0,0.0,0.0,0.0,0.0,0.0,0.0,0.0,0.0,0.0,0.0,0.0,0.0,0.0,0.0,0.0,0.0,0.0,0.0,0.0
17.2,17.2,0.0,0.0,0.0,0.0,0.0,0.0,0.0,0.0,0.0,0.0,0.0,0.0,0.0,0.0,0.0,0.0,0.0,0.0,0.0,0.0,0.0,0.0,0.0,0.0,0.0,0.0,0.0,0.0,0.0,0.0,0.0,0.0,0.0,0.0,0.0,0.0,0.0,0.0,0.0,0.0,0.0,0.0,0.0,0.0,0.0,0.0,0.0
0.0,0.0,0.0,0.0,0.0,0.0,0.0,0.0,0.0,0.0,0.0,0.0,0.0,0.0,0.0,0.0,0.0,0.0,0.0,0.0,0.0,0.0,0.0,0.0,0.0,0.0,0.0,0.0,0.0,0.0,0.0,0.0,0.0,0.0,0.0,0.0,0.0,0.0,0.0,0.0,0.0,0.0,0.0,0.0,0.0,0.0,0.0,0.0,0.0
11.2,0.0,0.0,0.0,0.0,0.0,0.0,0.0,0.0,0.0,0.0,0.0,0.0,0.0,0.0,0.0,0.0,0.0,0.0,0.0,0.0,0.0,0.0,0.0,0.0,0.0,0.0,0.0,0.0,0.0,0.0,0.0,0.0,0.0,0.0,0.0,0.0,0.0,0.0,0.0,0.0,0.0,0.0,0.0,0.0,0.0,0.0,0.0,0.0
0.0,0.0,0.0,0.0,0.0,0.0,0.0,0.0,0.0,0.0,0.0,0.0,0.0,0.0,0.0,0.0,0.0,0.0,0.0,0.0,0.0,0.0,0.0,0.0,0.0,0.0,0.0,0.0,0.0,0.0,0.0,0.0,0.0,0.0,0.0,0.0,0.0,0.0,0.0,0.0,0.0,0.0,0.0,0.0,0.0,0.0,0.0,0.0,0.0
29.6,0.0,0.0,0.0,0.0,0.0,0.0,0.0,0.0,0.0,0.0,0.0,0.0,0.0,0.0,0.0,0.0,0.0,0.0,0.0,0.0,0.0,0.0,0.0,0.0,0.0,0.0,0.0,0.0,0.0,0.0,0.0,0.0,0.0,0.0,0.0,0.0,0.0,0.0,0.0,0.0,0.0,0.0,0.0,0.0,0.0,0.0,0.0,0.0
0.0,0.0,0.0,0.0,0.0,0.0,0.0,0.0,0.0,0.0,0.0,0.0,0.0,0.0,0.0,0.0,0.0,0.0,0.0,0.0,0.0,0.0,0.0,0.0,0.0,0.0,0.0,0.0,0.0,0.0,0.0,0.0,0.0,0.0,0.0,0.0,0.0,0.0,0.0,0.0,0.0,0.0,0.0,0.0,0.0,0.0,0.0,0.0,0.0
0.0,0.0,0.0,0.0,0.0,0.0,0.0,0.0,0.0,0.0,0.0,0.0,0.0,0.0,0.0,0.0,0.0,0.0,0.0,0.0,0.0,0.0,0.0,0.0,0.0,0.0,0.0,0.0,0.0,0.0,0.0,0.0,0.0,0.0,0.0,0.0,0.0,0.0,0.0,0.0,0.0,0.0,0.0,0.0,0.0,0.0,0.0,0.0,0.0
10.0,10.0,0.0,0.0,0.0,0.0,0.0,0.0,0.0,0.0,0.0,0.0,0.0,0.0,0.0,10.0,10.0,10.0,10.0,28.75,10.0,10.0,10.0,10.0,10.0,0.0,0.0,0.0,0.0,0.0,0.0,0.0,0.0,0.0,0.0,10.0,10.0,28.75,28.75,10.0,10.0,10.0,10.0,10.0,10.0,0.0,0.0,0.0,0.0
0.0,10.0,10.0,10.0,10.0,10.0,10.0,10.0,10.0,20.02463666955116,10.0,10.0,10.0,10.0,10.0,0.0,0.0,0.0,0.0,0.0,0.0,0.0,0.0,0.0,0.0,10.0,10.0,10.0,20.02038929517224,10.0,10.0,10.0,10.0,10.0,10.0,0.0,0.0,0.0,0.0,0.0,0.0,0.0,0.0,0.0,0.0,0.0,0.0,0.0,0.0
8.0,9.084925000000002,9.084924999999973,0.0,0.0,0.0,0.0,0.0,0.0,0.0,0.0,0.0,0.0,0.0,0.0,0.0,8.958359201307925,16.95833755377452,16.958315902538573,23.0,16.959305948903936,16.95928446330014,8.959262974021495,8.959241481067373,8.0,8.0,0.0,0.0,0.0,0.0,0.0,0.0,0.0,0.0,0.0,0.0,8.960896510391283,8.960875296833596,23.0,16.961865780952078,16.961844733176278,16.961823681800517,16.96180262682417,16.961781568246625,16.961760506067275,8.961739440285488,8.961718370900662,23.0,0.0
0.0,8.0,8.0,9.084924999999973,9.084924999999973,9.084924999999973,9.084924999999973,9.084924999999973,9.084924999999973,9.084924999999973,9.084924999999973,8.0,0.0,0.0,0.0,0.0,0.0,0.0,0.0,0.0,0.0,0.0,8.0,8.0,8.959219984437144,8.959198484130177,16.959176980145845,8.959155472483523,8.0,20.25947041336853,8.0,8.0,0.0,0.0,0.0,0.0,0.0,0.0,0.0,0.0,0.0,0.0,0.0,0.0,0.0,8.0,8.0,23.0,8.0
0.0,0.0,0.0,8.0,8.0,8.0,8.0,8.0,8.0,8.0,8.0,14.984294321920316,16.958445754428734,16.958424121699185,16.958402485269623,16.958380845139413,8.0,0.0,0.0,0.0,0.0,0.0,0.0,0.0,0.0,0.0,0.0,8.0,8.959133961142573,8.0,8.961023715577422,8.961002523776628,16.960981328351235,16.960960129300624,16.960938926624173,16.96091772032127,8.0,8.0,0.0,0.0,0.0,0.0,0.0,0.0,0.0,0.0,0.0,0.0,20.267000835433763
40.76,0.0,0.0,0.0,0.0,0.0,0.0,0.0,0.0,0.0,0.0,0.0,0.0,0.0,0.0,0.0,0.0,0.0,0.0,0.0,0.0,0.0,0.0,0.0,0.0,0.0,0.0,0.0,0.0,0.0,0.0,0.0,0.0,0.0,0.0,0.0,0.0,0.0,0.0,0.0,0.0,0.0,0.0,0.0,0.0,0.0,0.0,0.0,0.0
0.0,0.0,0.0,0.0,0.0,0.0,0.0,0.0,0.0,0.0,0.0,0.0,0.0,0.0,0.0,0.0,0.0,0.0,0.0,0.0,0.0,0.0,0.0,0.0,0.0,0.0,0.0,0.0,0.0,0.0,0.0,0.0,0.0,0.0,0.0,0.0,0.0,0.0,0.0,0.0,0.0,0.0,0.0,0.0,0.0,0.0,0.0,0.0,0.0
0.0,0.0,0.0,0.0,0.0,0.0,0.0,0.0,0.0,0.0,0.0,0.0,0.0,0.0,0.0,0.0,0.0,0.0,0.0,0.0,0.0,0.0,0.0,0.0,0.0,0.0,0.0,0.0,0.0,0.0,0.0,0.0,0.0,0.0,0.0,0.0,0.0,0.0,0.0,0.0,0.0,0.0,0.0,0.0,0.0,0.0,0.0,0.0,0.0
10.96,13.325240157758426,13.325240157758405,13.325240157758405,13.325240157758405,13.325240157758405,13.325240157758405,0.0,0.0,0.0,0.0,0.0,0.0,0.0,0.0,0.0,0.0,0.0,0.0,0.0,0.0,0.0,0.0,0.0,0.0,0.0,0.0,0.0,0.0,0.0,0.0,0.0,0.0,0.0,0.0,0.0,0.0,0.0,0.0,0.0,0.0,0.0,0.0,0.0,0.0,0.0,0.0,0.0,0.0
0.0,0.0,0.0,0.0,0.0,0.0,0.0,0.0,0.0,0.0,0.0,0.0,0.0,0.0,0.0,0.0,0.0,0.0,0.0,0.0,0.0,0.0,0.0,0.0,0.0,0.0,0.0,0.0,0.0,0.0,0.0,0.0,0.0,0.0,0.0,0.0,0.0,0.0,0.0,0.0,0.0,0.0,0.0,0.0,0.0,0.0,0.0,0.0,0.0
0.0,0.0,0.0,0.0,0.0,0.0,0.0,13.325240157758405,13.325240157758405,13.325240157758405,13.325240157758405,13.325240157758405,13.325240157758405,13.325240157758405,13.325240157758405,13.325240157758405,13.325240157758405,0.0,0.0,0.0,0.0,0.0,0.0,0.0,0.0,0.0,0.0,0.0,0.0,0.0,0.0,0.0,0.0,0.0,0.0,0.0,0.0,0.0,0.0,0.0,0.0,0.0,0.0,0.0,0.0,0.0,0.0,0.0,0.0
0.0,0.0,0.0,0.0,0.0,0.0,0.0,0.0,0.0,0.0,0.0,0.0,0.0,0.0,0.0,0.0,0.0,0.0,0.0,0.0,0.0,0.0,0.0,0.0,0.0,0.0,0.0,0.0,0.0,0.0,0.0,0.0,0.0,0.0,0.0,0.0,0.0,0.0,0.0,0.0,0.0,0.0,0.0,0.0,0.0,0.0,0.0,0.0,0.0
0.0,0.0,0.0,0.0,0.0,0.0,0.0,0.0,0.0,0.0,0.0,0.0,0.0,0.0,0.0,0.0,0.0,0.0,0.0,0.0,0.0,0.0,0.0,0.0,0.0,0.0,0.0,0.0,0.0,0.0,0.0,0.0,0.0,0.0,0.0,0.0,0.0,0.0,0.0,0.0,0.0,0.0,0.0,0.0,0.0,0.0,0.0,0.0,0.0
10.8,15.151133967982389,15.151133967980304,15.151133967980304,15.151133967980304,15.151133967980304,15.151133967980304,15.151133967980304,15.151133967980304,15.151133967980304,15.151133967980304,0.0,0.0,0.0,0.0,0.0,0.0,0.0,0.0,0.0,0.0,0.0,0.0,0.0,0.0,0.0,0.0,0.0,0.0,0.0,0.0,15.151133967980304,15.151133967980304,15.151133967980304,15.151133967980304,15.151133967980304,15.151133967980304,15.151133967980304,15.151133967980304,15.151133967980304,15.151133967980304,0.0,0.0,0.0,0.0,0.0,0.0,0.0,0.0
0.0,0.0,0.0,0.0,0.0,0.0,0.0,0.0,0.0,0.0,0.0,0.0,0.0,0.0,0.0,0.0,0.0,0.0,0.0,0.0,0.0,15.151133967980304,15.151133967980304,15.151133967980304,15.151133967980304,15.151133967980304,15.151133967980304,15.151133967980304,15.151133967980304,15.151133967980304,15.151133967980304,0.0,0.0,0.0,0.0,0.0,0.0,0.0,0.0,0.0,0.0,0.0,15.151133967980304,15.151133967980304,15.151133967980304,15.151133967980304,15.151133967980304,15.151133967980304,15.151133967980304
0.0,0.0,0.0,0.0,0.0,0.0,0.0,0.0,0.0,0.0,0.0,15.151133967980304,15.151133967980304,15.151133967980304,15.151133967980304,15.151133967980304,15.151133967980304,15.151133967980304,15.151133967980304,15.151133967980304,15.151133967980304,0.0,0.0,0.0,0.0,0.0,0.0,0.0,0.0,0.0,0.0,0.0,0.0,0.0,0.0,0.0,0.0,0.0,0.0,0.0,0.0,0.0,0.0,0.0,0.0,0.0,0.0,0.0,0.0
0.0,0.0,0.0,0.0,0.0,0.0,0.0,0.0,0.0,0.0,0.0,0.0,0.0,0.0,0.0,0.0,0.0,0.0,0.0,0.0,0.0,0.0,0.0,0.0,0.0,0.0,0.0,0.0,0.0,0.0,0.0,0.0,0.0,0.0,0.0,0.0,0.0,0.0,0.0,0.0,0.0,0.0,0.0,0.0,0.0,0.0,0.0,0.0,0.0
22.4,0.0,0.0,0.0,0.0,0.0,0.0,0.0,0.0,0.0,0.0,0.0,0.0,0.0,0.0,0.0,0.0,0.0,0.0,0.0,0.0,0.0,0.0,0.0,0.0,0.0,0.0,0.0,0.0,0.0,0.0,0.0,0.0,0.0,0.0,0.0,0.0,0.0,0.0,0.0,0.0,0.0,0.0,0.0,0.0,0.0,0.0,0.0,0.0
0.0,0.0,0.0,0.0,0.0,0.0,0.0,0.0,0.0,0.0,0.0,0.0,0.0,0.0,0.0,0.0,0.0,0.0,0.0,0.0,0.0,0.0,0.0,0.0,0.0,0.0,0.0,0.0,0.0,0.0,0.0,0.0,0.0,0.0,0.0,0.0,0.0,0.0,0.0,0.0,0.0,0.0,0.0,0.0,0.0,0.0,0.0,0.0,0.0
18.68,0.0,0.0,0.0,0.0,0.0,0.0,0.0,0.0,0.0,0.0,0.0,0.0,0.0,0.0,0.0,0.0,0.0,0.0,0.0,0.0,0.0,0.0,0.0,0.0,0.0,0.0,0.0,0.0,0.0,0.0,0.0,0.0,0.0,0.0,0.0,0.0,0.0,0.0,0.0,0.0,0.0,0.0,0.0,0.0,0.0,0.0,0.0,0.0
0.0,0.0,0.0,0.0,0.0,0.0,0.0,0.0,0.0,0.0,0.0,0.0,0.0,0.0,0.0,0.0,0.0,0.0,0.0,0.0,0.0,0.0,0.0,0.0,0.0,0.0,0.0,0.0,0.0,0.0,0.0,0.0,0.0,0.0,0.0,0.0,0.0,0.0,0.0,0.0,0.0,0.0,0.0,0.0,0.0,0.0,0.0,0.0,0.0
0.0,0.0,0.0,0.0,0.0,0.0,0.0,0.0,0.0,0.0,0.0,0.0,0.0,0.0,0.0,0.0,0.0,0.0,0.0,0.0,0.0,0.0,0.0,0.0,0.0,0.0,0.0,0.0,0.0,0.0,0.0,0.0,0.0,0.0,0.0,0.0,0.0,0.0,0.0,0.0,0.0,0.0,0.0,0.0,0.0,0.0,0.0,0.0,0.0
14.0,40.25,0.0,0.0,0.0,0.0,0.0,0.0,0.0,0.0,0.0,0.0,0.0,0.0,0.0,0.0,0.0,0.0,0.0,0.0,0.0,0.0,0.0,0.0,0.0,0.0,0.0,0.0,0.0,0.0,0.0,0.0,0.0,0.0,0.0,0.0,0.0,0.0,0.0,0.0,0.0,0.0,0.0,0.0,0.0,0.0,0.0,0.0,0.0
0.0,0.0,0.0,0.0,0.0,0.0,0.0,0.0,0.0,0.0,0.0,0.0,0.0,0.0,0.0,0.0,0.0,0.0,0.0,0.0,0.0,0.0,0.0,0.0,0.0,0.0,0.0,0.0,0.0,0.0,0.0,0.0,0.0,0.0,0.0,0.0,0.0,0.0,0.0,0.0,0.0,0.0,0.0,0.0,0.0,0.0,0.0,0.0,0.0
0.0,0.0,0.0,0.0,0.0,0.0,0.0,0.0,0.0,0.0,0.0,0.0,0.0,0.0,0.0,0.0,0.0,0.0,0.0,0.0,0.0,0.0,0.0,0.0,0.0,0.0,0.0,0.0,0.0,0.0,0.0,0.0,0.0,0.0,0.0,0.0,0.0,0.0,0.0,0.0,0.0,0.0,0.0,0.0,0.0,0.0,0.0,0.0,0.0
0.0,0.0,0.0,0.0,0.0,0.0,0.0,0.0,0.0,0.0,0.0,0.0,0.0,0.0,0.0,0.0,0.0,0.0,0.0,0.0,0.0,0.0,0.0,0.0,0.0,0.0,0.0,0.0,0.0,0.0,0.0,0.0,0.0,0.0,0.0,0.0,0.0,0.0,0.0,0.0,0.0,0.0,0.0,0.0,0.0,0.0,0.0,0.0,0.0
44.0,0.0,0.0,0.0,0.0,0.0,0.0,0.0,0.0,0.0,0.0,0.0,0.0,0.0,0.0,0.0,0.0,0.0,0.0,0.0,44.0,44.0,44.0,44.0,44.0,44.0,44.0,44.0,44.0,44.0,0.0,0.0,0.0,0.0,0.0,0.0,0.0,0.0,0.0,0.0,0.0,0.0,0.0,0.0,0.0,0.0,0.0,0.0,0.0
0.0,0.0,0.0,0.0,0.0,0.0,0.0,0.0,0.0,0.0,0.0,0.0,0.0,0.0,0.0,0.0,0.0,0.0,0.0,0.0,0.0,0.0,0.0,0.0,0.0,0.0,0.0,0.0,0.0,0.0,0.0,0.0,0.0,0.0,0.0,0.0,0.0,0.0,0.0,0.0,0.0,0.0,0.0,0.0,0.0,0.0,0.0,0.0,0.0
0.0,0.0,0.0,0.0,0.0,0.0,0.0,0.0,0.0,0.0,0.0,0.0,0.0,0.0,0.0,0.0,0.0,0.0,0.0,0.0,0.0,0.0,0.0,0.0,0.0,0.0,0.0,0.0,0.0,0.0,0.0,0.0,0.0,0.0,0.0,0.0,126.5,126.5,126.5,126.5,115.06856331236995,95.06856331236993,94.99395311002229,94.91934290767463,94.844732705327,106.5,86.49999999999999,0.0,0.0
19.8,0.0,0.0,0.0,0.0,0.0,0.0,0.0,0.0,0.0,0.0,0.0,0.0,0.0,0.0,0.0,0.0,0.0,0.0,0.0,0.0,0.0,0.0,0.0,0.0,0.0,0.0,0.0,0.0,0.0,0.0,0.0,0.0,0.0,0.0,0.0,0.0,0.0,56.92500000000001,55.91244396560283,55.98200120149458,56.05162045715359,48.34711771200669,36.925,36.925,36.925,36.92500000000001,56.92500000000001,0.0
0.0,0.0,0.0,0.0,0.0,0.0,0.0,0.0,0.0,0.0,0.0,0.0,0.0,0.0,0.0,0.0,0.0,0.0,0.0,0.0,0.0,0.0,0.0,0.0,0.0,0.0,0.0,0.0,0.0,0.0,0.0,0.0,0.0,0.0,0.0,0.0,0.0,0.0,0.0,0.0,0.0,0.0,0.0,0.0,0.0,0.0,0.0,0.0,0.0
0.0,0.0,0.0,0.0,0.0,0.0,0.0,0.0,0.0,0.0,0.0,0.0,0.0,0.0,0.0,0.0,0.0,0.0,0.0,0.0,0.0,0.0,0.0,0.0,0.0,0.0,0.0,0.0,0.0,0.0,0.0,0.0,0.0,0.0,0.0,0.0,0.0,0.0,0.0,0.0,0.0,0.0,0.0,0.0,0.0,0.0,0.0,0.0,0.0
0.0,0.0,0.0,0.0,0.0,0.0,0.0,0.0,0.0,0.0,0.0,0.0,0.0,0.0,0.0,0.0,0.0,0.0,0.0,0.0,0.0,0.0,34.9878814586887,35.00158660407059,35.01530396945971,35.029033565751895,35.04277540385266,35.02027857286597,35.00156649692982,35.022893472481066,35.04423946394121,35.065604488265514,19.8,19.8,19.8,19.8,19.8,36.92500000000001,56.92500000000001,39.8,39.8,39.8,39.8,36.925,36.925,36.925,36.925,56.92500000000001,56.92500000000001
53.2,0.0,0.0,0.0,0.0,0.0,0.0,0.0,0.0,0.0,0.0,0.0,0.0,0.0,0.0,0.0,0.0,0.0,0.0,0.0,0.0,0.0,0.0,0.0,0.0,0.0,0.0,0.0,0.0,0.0,0.0,0.0,0.0,0.0,0.0,0.0,0.0,0.0,0.0,0.0,0.0,0.0,0.0,0.0,0.0,0.0,0.0,0.0,0.0
0.0,0.0,0.0,0.0,0.0,0.0,0.0,0.0,0.0,0.0,0.0,0.0,0.0,0.0,0.0,0.0,0.0,0.0,0.0,0.0,0.0,0.0,0.0,0.0,0.0,0.0,0.0,0.0,0.0,0.0,0.0,0.0,0.0,0.0,0.0,0.0,0.0,0.0,0.0,0.0,0.0,0.0,0.0,0.0,0.0,0.0,0.0,0.0,0.0
0.0,0.0,0.0,0.0,0.0,0.0,0.0,0.0,0.0,0.0,0.0,0.0,0.0,0.0,0.0,0.0,0.0,0.0,0.0,0.0,0.0,0.0,0.0,0.0,0.0,0.0,0.0,0.0,0.0,0.0,0.0,0.0,0.0,0.0,0.0,0.0,0.0,0.0,0.0,0.0,0.0,0.0,0.0,0.0,0.0,0.0,0.0,0.0,0.0
16.72,0.0,0.0,0.0,0.0,0.0,0.0,0.0,0.0,0.0,0.0,0.0,0.0,0.0,0.0,0.0,0.0,0.0,0.0,0.0,0.0,0.0,0.0,0.0,0.0,0.0,0.0,0.0,0.0,0.0,0.0,0.0,0.0,0.0,0.0,0.0,0.0,0.0,0.0,0.0,0.0,0.0,0.0,0.0,0.0,0.0,0.0,0.0,0.0
16.76,0.0,0.0,0.0,0.0,0.0,0.0,0.0,0.0,0.0,0.0,0.0,0.0,0.0,0.0,0.0,0.0,0.0,0.0,0.0,0.0,0.0,0.0,0.0,0.0,0.0,0.0,0.0,0.0,0.0,0.0,0.0,0.0,0.0,0.0,0.0,0.0,0.0,0.0,0.0,0.0,0.0,0.0,0.0,0.0,0.0,0.0,0.0,0.0
60.0,26.4,26.4,26.4,26.4,26.4,26.4,26.4,26.4,26.4,26.4,72.59534463138107,26.4,26.4,26.4,44.71776856029384,26.4,26.4,26.4,72.54860822787134,26.4,26.4,26.4,26.4,26.4,72.51355592523902,75.9,26.4,26.4,75.9,72.48434567304542,26.4,75.9,75.9,75.9,72.45513542085183,36.35624731387986,72.44345131997437,26.4,26.4,72.42592516865818,26.4,75.9,26.4,26.4,26.4,26.4,26.4,75.9
0.0,26.4,26.4,26.4,26.4,26.4,26.4,26.4,26.4,26.4,26.4,26.4,26.4,26.4,26.4,26.4,26.4,26.4,26.4,26.4,26.4,26.4,26.4,26.4,26.4,26.4,26.4,26.4,26.4,26.4,26.4,26.4,72.47266157216797,72.46681952172924,75.9,26.4,26.4,26.4,72.43760926953564,72.43176721909697,26.4,72.42008311821951,75.9,75.9,26.4,72.39671491646459,26.4,72.38503081558719,75.9
0.0,72.65407464147303,75.9,75.9,75.9,75.9,75.9,72.61871283313599,72.61287078269726,72.60702873225853,75.9,75.9,75.9,72.58366053050366,72.57781848006493,75.9,75.9,72.5602923287488,75.9,75.9,72.54276617743261,72.53692412699388,72.53108207655521,72.52524002611642,75.9,75.9,72.50771387480029,72.50187182436156,72.49602977392283,72.49018772348415,75.9,75.9,26.4,26.4,26.4,75.9,75.9,75.9,75.9,75.9,75.9,75.9,75.9,75.9,75.9,75.9,75.9,75.9,26.4
0.0,75.9,72.64817631726976,72.6422779930665,72.63637966886336,72.63048134466015,72.62458302045695,75.9,75.9,75.9,72.6011866818198,26.4,72.5895025809424,75.9,75.9,54.25420786933234,72.56613437918747,75.9,72.55445027831007,26.4,75.9,75.9,75.9,75.9,72.51939797567775,26.4,75.9,75.9,75.9,75.9,26.4,75.9,75.9,75.9,72.46097747129056,26.4,62.493046056533196,26.4,26.4,26.4,26.4,26.4,26.4,26.4,72.40255696690332,26.4,75.9,26.4,26.4
0.0,75.9,75.9,75.9,75.9,75.9,75.9,75.9,75.9,75.9,75.9,75.9,75.9,75.9,75.9,75.9,75.9,75.9,75.9,75.9,75.9,75.9,75.9,75.9,75.9,75.9,75.9,75.9,75.9,75.9,75.9,72.4785036226067,26.4,26.4,26.4,75.9,75.9,75.9,75.9,75.9,75.9,75.9,26.4,72.40839901734205,75.9,75.9,72.39087286602592,75.9,75.9
0.0,75.9,75.9,75.9,75.9,75.9,75.9,75.9,75.9,75.9,75.9,75.9,75.9,75.9,75.9,75.9,75.9,75.9,75.9,75.9,75.9,75.9,75.9,75.9,75.9,75.9,26.4,75.9,75.9,26.4,75.9,75.9,75.9,75.9,75.9,75.9,75.9,75.9,75.9,75.9,75.9,75.9,72.41424106778078,75.9,75.9,75.9,75.9,75.9,72.37918876514846
14.0,34.0,39.62320305792069,39.62260857859418,39.62201409926767,39.62141961994118,39.620825140614684,39.620230661288176,39.61963618196167,39.61904170263517,39.61844722330868,39.61785274398217,40.25,39.616663785329166,39.61606930600267,39.61547482667616,39.614880347349654,39.614285868023146,39.61369138869665,39.61309690937016,39.61250243004365,39.61190795071714,39.611313471390645,39.61071899206415,40.25,40.25,40.25,39.608341074758144,40.25,40.25,40.25,40.25,40.25,39.60477419879912,39.60417971947261,40.25,39.60299076081962,39.602396281493114,40.25,40.25,39.600612843513616,39.60001836418711,40.25,40.25,40.25,39.5976404468811,40.25,40.25,40.25
0.0,40.25,40.25,40.25,40.25,40.25,40.25,40.25,40.25,40.25,40.25,40.25,39.61725826465566,40.25,40.25,40.25,40.25,40.25,40.25,40.25,40.25,40.25,40.25,40.25,40.25,39.60953003341113,39.60893555408464,40.25,40.25,40.25,40.25,39.60596315745214,39.60536867812563,40.25,40.25,39.60358524014612,40.25,40.25,39.6018018021666,40.25,40.25,40.25,39.59942388486061,39.598829405534104,40.25,40.25,40.25,39.596451488228084,39.59585700890159
0.0,40.25,40.25,40.25,40.25,40.25,40.25,40.25,40.25,40.25,40.25,40.25,40.25,40.25,40.25,40.25,40.25,40.25,40.25,40.25,40.25,40.25,40.25,40.25,39.61012451273764,40.25,40.25,40.25,39.607746595431635,39.60715211610513,39.60655763677863,40.25,40.25,40.25,40.25,40.25,40.25,40.25,40.25,39.60120732284012,40.25,40.25,40.25,40.25,39.59823492620761,40.25,39.59704596755459,40.25,40.25
5.88,16.905000000000005,16.905000000000005,16.905000000000005,16.905000000000005,0.0,0.0,0.0,0.0,0.0,0.0,0.0,0.0,0.0,0.0,0.0,0.0,0.0,0.0,0.0,0.0,0.0,0.0,0.0,0.0,0.0,0.0,0.0,0.0,0.0,0.0,0.0,0.0,0.0,0.0,0.0,0.0,0.0,0.0,0.0,0.0,0.0,0.0,0.0,0.0,0.0,0.0,0.0,0.0
0.0,0.0,0.0,0.0,0.0,0.0,0.0,0.0,0.0,0.0,0.0,0.0,0.0,0.0,0.0,0.0,0.0,0.0,0.0,0.0,0.0,0.0,0.0,0.0,0.0,0.0,0.0,0.0,0.0,0.0,0.0,0.0,0.0,0.0,0.0,0.0,0.0,0.0,0.0,0.0,0.0,0.0,0.0,0.0,0.0,0.0,0.0,0.0,0.0
0.0,0.0,0.0,0.0,0.0,0.0,0.0,0.0,0.0,0.0,0.0,0.0,0.0,0.0,0.0,0.0,0.0,0.0,0.0,0.0,0.0,0.0,0.0,0.0,0.0,0.0,0.0,0.0,0.0,0.0,0.0,0.0,0.0,0.0,0.0,0.0,0.0,0.0,0.0,0.0,0.0,0.0,0.0,0.0,0.0,0.0,0.0,0.0,0.0
120.0,0.0,0.0,0.0,0.0,0.0,0.0,0.0,0.0,0.0,0.0,0.0,0.0,0.0,0.0,0.0,0.0,0.0,0.0,0.0,0.0,0.0,0.0,143.75,143.75,143.75,143.75,143.75,143.75,143.75,143.75,143.75,143.75,143.75,143.75,143.75,63.75,0.0,0.0,0.0,0.0,0.0,0.0,0.0,0.0,0.0,0.0,0.0,0.0
120.0,130.0,63.75,63.75,63.75,63.75,63.75,50.0,50.0,50.0,63.75,50.0,130.0,50.0,50.0,50.0,63.75,50.0,63.75,143.75,63.75,130.0,130.0,130.0,130.0,130.0,130.0,130.0,130.0,130.0,130.0,130.0,130.0,130.0,130.0,130.0,63.75,0.0,0.0,0.0,0.0,0.0,0.0,0.0,0.0,0.0,0.0,0.0,0.0
0.0,130.0,63.75,63.75,63.75,63.75,63.75,50.0,50.0,50.0,63.75,50.0,130.0,50.0,50.0,50.0,63.75,50.0,63.75,143.75,63.75,130.0,130.0,130.0,130.0,130.0,130.0,130.0,130.0,130.0,130.0,130.0,130.0,130.0,130.0,130.0,63.75,0.0,0.0,0.0,0.0,0.0,0.0,0.0,0.0,0.0,0.0,0.0,0.0
14.0,0.0,0.0,0.0,0.0,0.0,0.0,0.0,0.0,0.0,0.0,0.0,0.0,0.0,0.0,0.0,0.0,0.0,0.0,0.0,0.0,0.0,0.0,0.0,0.0,0.0,0.0,0.0,0.0,0.0,0.0,0.0,0.0,0.0,0.0,0.0,0.0,0.0,0.0,0.0,0.0,0.0,0.0,0.0,0.0,0.0,0.0,0.0,0.0
0.0,0.0,0.0,0.0,0.0,0.0,0.0,0.0,0.0,0.0,0.0,0.0,0.0,0.0,0.0,0.0,0.0,0.0,0.0,0.0,0.0,0.0,0.0,0.0,0.0,0.0,0.0,0.0,0.0,0.0,0.0,0.0,0.0,0.0,0.0,0.0,0.0,0.0,0.0,0.0,0.0,0.0,0.0,0.0,0.0,0.0,0.0,0.0,0.0
0.0,0.0,0.0,0.0,0.0,0.0,0.0,0.0,0.0,0.0,0.0,0.0,0.0,0.0,0.0,0.0,0.0,0.0,0.0,0.0,0.0,0.0,0.0,0.0,0.0,0.0,0.0,0.0,0.0,0.0,0.0,0.0,0.0,0.0,0.0,0.0,0.0,0.0,0.0,0.0,0.0,0.0,0.0,0.0,0.0,0.0,0.0,0.0,0.0
0.0,0.0,0.0,0.0,0.0,0.0,0.0,0.0,0.0,0.0,0.0,0.0,0.0,0.0,0.0,0.0,0.0,0.0,0.0,0.0,0.0,0.0,0.0,0.0,0.0,0.0,0.0,0.0,0.0,0.0,0.0,0.0,0.0,0.0,0.0,0.0,0.0,0.0,0.0,0.0,0.0,0.0,0.0,0.0,0.0,0.0,0.0,0.0,0.0
6.0,10.920745000000112,10.920745000000023,10.920745000000023,10.920745000000023,10.920745000000023,10.920745000000023,10.920745000000023,10.920745000000023,10.92074500000039,10.92074500000039,10.92074500000039,10.92074500000039,10.92074500000039,10.92074500000039,10.92074500000039,10.92074500000039,10.92074500000039,10.92074500000039,10.92074500000039,10.92074500000039,10.92074500000039,10.92074500000039,10.92074500000039,10.92074500000039,10.92074500000039,10.92074500000039,10.92074500000039,10.92074500000039,10.92074500000039,10.92074500000039,10.92074500000039,10.92074500000039,10.92074500000039,10.92074500000039,10.92074500000039,10.92074500000039,10.92074500000039,10.92074500000039,10.92074500000039,10.92074500000039,10.92074500000039,10.92074500000039,10.92074500000039,10.92074500000039,10.92074500000039,10.92074500000039,10.92074500000039,10.92074500000039
0.0,0.0,0.0,0.0,0.0,0.0,0.0,0.0,0.0,0.0,0.0,0.0,0.0,0.0,0.0,0.0,0.0,0.0,0.0,0.0,0.0,0.0,0.0,0.0,0.0,0.0,0.0,0.0,0.0,0.0,0.0,0.0,0.0,0.0,0.0,0.0,0.0,0.0,0.0,0.0,0.0,0.0,0.0,0.0,0.0,0.0,0.0,0.0,0.0
0.0,0.0,0.0,0.0,0.0,0.0,0.0,0.0,0.0,0.0,0.0,0.0,0.0,0.0,0.0,0.0,0.0,0.0,0.0,0.0,0.0,0.0,0.0,0.0,0.0,0.0,0.0,0.0,0.0,0.0,0.0,0.0,0.0,0.0,0.0,0.0,0.0,0.0,0.0,0.0,0.0,0.0,0.0,0.0,0.0,0.0,0.0,0.0,0.0
0.0,0.0,0.0,0.0,0.0,0.0,0.0,0.0,0.0,0.0,0.0,0.0,0.0,0.0,0.0,0.0,0.0,0.0,0.0,0.0,0.0,0.0,0.0,0.0,0.0,0.0,0.0,0.0,0.0,0.0,0.0,0.0,0.0,0.0,0.0,0.0,0.0,0.0,0.0,0.0,0.0,0.0,0.0,0.0,0.0,0.0,0.0,0.0,0.0
15.72,35.72000000000002,21.504414897713445,41.504414897713445,45.195,45.195,0.0,0.0,0.0,0.0,0.0,0.0,0.0,0.0,0.0,0.0,0.0,0.0,0.0,0.0,27.928907558790456,38.37890755879045,38.37890755879045,43.15224745909084,23.152247459089878,38.37890755879045,38.37890755879045,27.928907558790456,35.720000000000006,15.719999999999992,15.719999999999992,15.719999999999992,22.658907557517182,24.159399972463355,15.719999999999992,15.719999999999992,15.719999999999992,25.195,45.195,45.195,45.195,0.0,0.0,0.0,0.0,0.0,0.0,0.0,0.0
0.0,45.195,25.195000000000007,45.195,38.52481555552196,35.720000000000006,15.719999999999995,15.719999999999999,15.719999999999999,15.719999999999999,15.719999999999999,0.0,0.0,0.0,0.0,0.0,0.0,0.0,0.0,0.0,0.0,0.0,0.0,0.0,0.0,0.0,0.0,0.0,0.0,15.719999999999992,15.719999999999992,15.719999999999992,15.719999999999992,15.719999999999992,15.719999999999992,15.719999999999992,15.719999999999992,25.195000000000014,45.195,45.195,45.195,25.195000000000014,26.088815103747407,15.719999999999995,0.0,0.0,0.0,0.0,0.0
0.0,35.76,25.310000000000002,35.76,35.76,35.76,25.310000000000002,25.310000000000002,25.310000000000002,25.310000000000002,25.310000000000002,25.310000000000002,45.31,25.310000000000002,25.310000000000002,25.310000000000002,35.76,25.310000000000002,35.76,45.31,35.76,25.310000000000002,25.310000000000002,35.76,25.310000000000002,25.310000000000002,25.310000000000002,35.76,27.96890755879045,32.24890755879045,32.24890755879238,32.248907556881534,25.310000000000002,25.310000000000002,30.748087887150838,32.24890755879244,32.248907558792666,25.310000000000002,32.11682480308447,32.10399609645844,32.09116738983239,25.310000000000002,25.310000000000002,25.310000000000002,35.76,35.76,25.310000000000002,45.31,35.76
16.0,36.0,36.0,36.0,36.0,36.0,36.0,36.0,36.0,36.0,26.0,36.0,26.0,26.0,36.0,36.0,27.99568414212726,36.0,36.0,26.0,36.0,26.0,26.0,26.0,26.0,26.0,26.0,36.0,26.0,26.0,36.0,27.110217745952756,26.0,26.0,26.0,26.0,36.0,26.0,26.0,26.0,26.0,26.0,26.0,36.0,36.0,36.0,36.0,26.0,26.0
0.0,19.97737498170295,19.977374981743196,19.977374981743196,19.977374981743196,19.977374981743196,19.977374981743196,19.977374981743196,19.977374981743196,19.977374981743196,29.977374981743196,19.977374981743196,29.977374981743196,29.97737498170295,19.97737498170295,19.97737498170295,27.98169083957569,0.0,0.0,0.0,0.0,0.0,0.0,0.0,0.0,0.0,0.0,0.0,0.0,29.97737498170295,19.97737498170295,28.867157235750195,29.97737498170295,29.97737498170295,29.97737498170295,29.97737498170295,19.97737498170295,29.97737498170295,29.97737498170295,29.97737498170295,29.97737498170295,29.97737498170295,0.0,0.0,0.0,0.0,0.0,0.0,0.0
0.0,0.0,0.0,0.0,0.0,0.0,0.0,0.0,0.0,0.0,0.0,0.0,0.0,0.0,0.0,0.0,0.0,19.97737498170295,19.97737498170295,29.97737498170295,19.97737498170295,29.97737498170295,29.97737498170295,29.97737498170295,29.97737498170295,29.97737498170295,29.97737498170295,19.97737498170295,29.97737498170295,0.0,0.0,0.0,0.0,0.0,0.0,0.0,0.0,0.0,0.0,0.0,0.0,0.0,29.97737498170295,19.97737498170295,19.97737498170295,19.97737498170295,19.97737498170295,29.97737498170295,29.97737498170295
25.4,70.40000000000003,0.0,0.0,0.0,0.0,0.0,0.0,0.0,0.0,0.0,0.0,0.0,0.0,0.0,0.0,0.0,0.0,0.0,0.0,0.0,0.0,0.0,73.025,73.025,61.089452236088306,61.08809606775753,73.025,73.025,61.084027562767346,73.025,73.025,61.07995905777665,73.025,73.025,61.07589055278592,25.4,61.074153652636035,61.072797484305795,61.071441315975555,61.070085147645315,61.068728979315075,61.067372810984835,61.06601664265459,61.06466047432435,70.4,61.06194813766386,0.0,0.0
0.0,0.0,0.0,0.0,0.0,0.0,0.0,0.0,0.0,0.0,0.0,0.0,0.0,0.0,0.0,0.0,0.0,0.0,0.0,0.0,0.0,0.0,0.0,61.09216457274886,61.09080840441834,73.025,73.025,61.08673989942784,61.08538373109822,73.025,61.08267139443734,61.08131522610688,73.025,61.07860288944639,61.077246721116154,73.025,28.025000000000006,73.025,73.025,73.025,73.025,73.025,73.025,73.025,73.025,63.68830430599411,73.025,0.0,0.0
19.12,49.12000000000003,0.0,0.0,0.0,0.0,0.0,0.0,0.0,0.0,0.0,0.0,0.0,0.0,0.0,0.0,0.0,0.0,0.0,0.0,0.0,0.0,0.0,0.0,0.0,0.0,0.0,0.0,0.0,0.0,0.0,0.0,0.0,0.0,0.0,0.0,0.0,0.0,0.0,0.0,0.0,0.0,0.0,0.0,0.0,0.0,0.0,0.0,0.0
0.0,49.44,25.89,25.89,25.89,25.89,25.89,19.439999999999994,19.439999999999994,19.439999999999994,25.89,19.439999999999994,49.44,19.439999999999994,19.439999999999998,19.439999999999998,19.439999999999998,0.0,0.0,0.0,0.0,0.0,0.0,0.0,0.0,0.0,0.0,0.0,0.0,0.0,0.0,0.0,0.0,0.0,0.0,0.0,0.0,0.0,0.0,0.0,0.0,0.0,0.0,0.0,0.0,0.0,0.0,0.0,0.0
350.0,0.0,0.0,0.0,0.0,0.0,0.0,0.0,0.0,0.0,0.0,0.0,0.0,0.0,0.0,0.0,0.0,0.0,0.0,0.0,0.0,0.0,0.0,0.0,0.0,0.0,0.0,0.0,0.0,0.0,0.0,0.0,0.0,0.0,0.0,0.0,0.0,0.0,0.0,0.0,0.0,0.0,0.0,0.0,0.0,0.0,0.0,0.0,0.0
350.0,0.0,0.0,0.0,0.0,0.0,0.0,0.0,0.0,0.0,0.0,0.0,0.0,0.0,0.0,0.0,0.0,0.0,0.0,0.0,0.0,0.0,0.0,0.0,0.0,0.0,0.0,0.0,0.0,0.0,0.0,0.0,0.0,0.0,0.0,0.0,0.0,0.0,0.0,0.0,0.0,0.0,0.0,0.0,0.0,0.0,0.0,0.0,0.0
350.0,0.0,0.0,0.0,0.0,0.0,0.0,0.0,0.0,0.0,0.0,0.0,0.0,0.0,0.0,0.0,0.0,0.0,0.0,0.0,0.0,0.0,0.0,0.0,0.0,0.0,0.0,0.0,0.0,0.0,0.0,0.0,0.0,0.0,0.0,0.0,0.0,0.0,0.0,0.0,0.0,0.0,0.0,0.0,0.0,0.0,0.0,0.0,0.0
350.0,0.0,0.0,0.0,0.0,0.0,0.0,0.0,0.0,0.0,0.0,0.0,0.0,0.0,0.0,0.0,0.0,0.0,0.0,0.0,0.0,0.0,0.0,0.0,0.0,0.0,0.0,0.0,0.0,0.0,0.0,0.0,0.0,0.0,0.0,0.0,0.0,0.0,0.0,0.0,0.0,0.0,0.0,0.0,0.0,0.0,0.0,0.0,0.0
350.0,0.0,0.0,0.0,0.0,0.0,0.0,0.0,0.0,0.0,0.0,226.85335586927664,226.85335586927664,226.85335586927664,226.85335586927664,226.85335586927664,226.85335586927664,226.85335586927664,226.85335586927664,226.85335586927664,226.85335586927664,226.85335586927664,226.85335586927664,226.85335586927664,226.85335586927664,226.85335586927664,226.85335586927664,226.85335586927664,226.85335586927664,226.85335586927664,226.85335586927664,226.85335586927664,226.85335586927664,226.85335586927664,226.85335586927664,226.85335586927664,226.85335586927664,226.85335586927664,226.85335586927664,226.85335586927664,226.85335586927664,226.85335586927664,226.85335586927664,226.85335586927664,226.85335586927664,226.85335586927664,226.85335586927664,226.85335586927664,226.85335586927664
150.0,58.00536056315438,50.0,58.00536056315438,50.0,58.00536056315438,58.00536056315438,58.00536056315438,58.00536056315438,50.0,58.00536056315438,58.00536056315438,50.0,58.00536056315438,50.0,58.00536056315438,50.0,58.00536056315438,58.00536056315438,58.00536056315438,50.0,50.0,58.00536056315438,58.00536056315438,50.0,58.00536056315438,58.00536056315438,58.00536056315438,58.00536056315438,58.00536056315438,58.00536056315438,50.0,58.00536056315438,50.0,50.0,58.00536056315438,50.0,50.0,58.00536056315438,50.0,58.00536056315438,58.00536056315438,50.0,58.00536056315438,50.0,58.00536056315438,58.00536056315438,50.0,50.0
150.0,50.0,58.00536056315438,50.0,58.00536056315438,50.0,50.0,50.0,50.0,58.00536056315438,50.0,50.0,58.00536056315438,50.0,58.00536056315438,50.0,58.00536056315438,50.0,50.0,50.0,58.00536056315438,58.00536056315438,50.0,50.0,58.00536056315438,50.0,50.0,50.0,50.0,50.0,50.0,58.00536056315438,50.0,58.00536056315438,58.00536056315438,50.0,58.00536056315438,58.00536056315438,50.0,58.00536056315438,50.0,50.0,58.00536056315438,50.0,58.00536056315438,50.0,50.0,58.00536056315438,58.00536056315438
150.0,0.0,0.0,0.0,0.0,0.0,0.0,0.0,0.0,0.0,0.0,0.0,0.0,0.0,0.0,0.0,0.0,0.0,0.0,0.0,0.0,0.0,0.0,0.0,0.0,0.0,0.0,0.0,0.0,0.0,0.0,0.0,0.0,0.0,0.0,0.0,0.0,0.0,0.0,0.0,0.0,0.0,0.0,0.0,0.0,0.0,0.0,0.0,0.0
150.0,0.0,0.0,0.0,0.0,0.0,0.0,0.0,0.0,0.0,0.0,0.0,0.0,0.0,0.0,0.0,0.0,0.0,0.0,0.0,0.0,0.0,0.0,0.0,0.0,0.0,0.0,0.0,0.0,0.0,0.0,0.0,0.0,0.0,0.0,0.0,0.0,0.0,0.0,0.0,0.0,0.0,0.0,0.0,0.0,0.0,0.0,0.0,0.0
70.0,30.0,86.25,86.25,30.0,86.25,30.0,50.103800165231746,30.0,86.25,31.65453576229082,86.25,86.25,30.0,30.0,86.25,30.0,30.0,86.25,86.25,86.25,30.0,86.25,86.25,86.25,86.25,30.0,30.0,86.25,86.25,86.25,86.25,86.25,86.25,86.25,86.25,30.0,86.25,86.25,86.25,86.25,86.25,86.25,86.25,86.25,86.25,86.25,86.25,86.25
70.0,67.34986583552497,86.25,86.25,30.0,30.0,30.0,30.0,30.0,86.25,86.25,30.0,86.25,86.25,30.0,30.0,30.0,30.0,30.0,86.25,86.25,30.0,86.25,86.25,30.0,86.25,86.25,86.25,30.0,86.25,30.0,30.0,30.0,86.25,30.0,38.53186321956582,30.0,86.25,30.0,86.25,86.25,30.0,30.0,86.25,86.25,86.25,86.25,86.25,86.25
70.0,61.181997384104974,86.25,86.25,86.25,86.25,86.25,86.25,86.25,86.25,86.25,86.25,30.0,86.25,86.25,86.25,86.25,86.25,86.25,30.0,86.25,30.0,86.25,68.53186321956582,86.25,30.0,86.25,86.25,30.0,30.0,30.0,86.25,86.25,30.0,86.25,86.25,86.25,30.0,30.0,30.0,30.0,30.0,30.0,30.97033849406369,30.0,30.0,30.0,30.0,30.0
70.0,30.0,30.0,86.25,86.25,30.0,30.0,30.0,30.0,30.0,30.0,30.0,30.0,30.0,30.0,30.0,30.0,30.0,30.0,86.25,30.0,30.0,86.25,30.0,30.0,30.0,30.0,30.0,42.181959363115226,30.0,30.0,30.0,86.25,86.25,86.25,30.0,30.0,30.0,86.25,86.25,86.25,38.53186321956582,86.25,86.25,86.25,86.25,86.25,86.25,86.25
70.0,30.0,86.25,86.25,86.25,86.25,86.25,86.25,86.25,60.295665995992294,86.25,86.25,30.0,30.0,86.25,86.25,86.25,86.25,30.0,30.0,73.5776497472254,69.88051244935652,86.25,30.0,30.0,30.0,86.25,30.0,82.5999038564506,30.0,38.53186321956582,30.0,30.0,75.53181186534559,30.0,86.25,86.25,30.0,30.0,30.0,30.0,30.0,30.0,30.0,30.0,68.53186321956582,30.0,30.0,30.0
70.0,30.0,30.0,30.0,30.0,30.0,30.0,30.0,30.0,30.0,30.0,30.0,30.0,30.0,30.0,30.0,30.0,30.0,30.0,86.25,30.0,30.0,86.25,30.0,30.0,30.81303327374252,30.0,30.0,86.25,30.0,30.0,30.0,85.62946376682692,30.0,30.0,30.0,30.0,30.0,86.25,86.25,86.25,86.25,30.0,86.25,86.25,86.25,30.0,86.25,86.25
70.0,86.25,86.25,86.25,86.25,65.05012953253689,86.25,78.42806305440274,86.25,86.25,66.87732745731456,43.805954253943256,30.0,30.0,86.25,86.25,86.25,86.25,30.0,30.0,86.25,86.25,86.25,30.0,30.0,30.0,86.25,86.25,86.25,83.09623633254033,30.0,86.25,30.0,86.25,31.67772080974502,86.25,86.25,30.0,30.0,30.0,30.0,30.0,30.0,30.0,30.0,30.0,30.0,30.0,30.0
70.0,30.0,30.0,30.0,30.0,30.0,30.0,30.0,30.0,30.0,30.0,30.0,30.0,30.0,30.0,30.0,30.0,30.0,30.0,68.53186321956582,30.0,30.0,30.0,30.0,30.0,30.0,30.0,30.0,30.0,30.0,30.0,30.0,30.0,30.0,30.0,30.0,86.25,30.0,30.0,86.25,30.0,86.25,86.25,30.0,86.25,86.25,30.0,86.25,86.25
70.0,30.0,30.0,30.0,30.0,30.0,30.0,30.0,30.0,30.0,30.0,30.0,30.0,30.0,30.0,30.0,30.0,30.0,30.0,30.0,30.0,30.0,30.0,30.0,30.0,30.0,30.0,30.0,30.0,30.0,30.0,86.25,30.0,30.0,30.0,30.0,86.25,30.0,86.25,86.25,86.25,86.25,86.25,30.0,86.25,86.25,30.0,86.25,86.25
70.0,30.0,30.0,30.0,30.0,30.0,30.0,30.0,30.0,30.0,30.0,30.0,30.0,30.0,30.0,30.0,30.0,30.0,30.0,30.0,30.0,30.0,30.0,30.0,30.0,30.0,30.0,30.0,30.0,30.0,30.0,38.53186321956582,30.0,86.25,30.0,30.0,86.25,49.091554692335365,86.25,30.0,30.0,86.25,86.25,30.0,30.0,86.25,30.0,86.25,86.25
70.0,86.25,30.0,30.0,30.0,86.25,30.0,30.0,30.0,30.0,30.0,30.0,30.0,30.0,30.0,30.0,30.0,30.0,30.0,30.0,30.0,30.0,30.0,30.0,30.0,86.25,30.0,38.53186321956582,86.25,30.0,30.0,86.25,30.0,30.0,86.25,30.0,86.25,30.0,86.25,86.25,86.25,86.25,86.25,86.25,86.25,86.25,86.25,86.25,86.25
70.0,30.0,30.0,30.0,30.0,86.25,85.67116639922094,86.25,30.0,30.0,30.0,30.0,30.0,30.0,30.0,30.0,30.0,30.0,30.0,30.0,30.0,30.0,30.0,30.0,30.0,86.25,30.0,86.25,30.0,30.0,86.25,86.25,30.0,30.0,36.8541424098208,30.0,86.25,30.0,86.25,86.25,86.25,30.0,86.25,86.25,30.0,30.0,86.25,86.25,86.25
70.0,86.25,30.0,30.0,30.0,30.0,86.25,86.25,30.0,30.0,30.0,30.0,30.0,30.0,30.0,30.0,30.0,30.0,30.0,86.25,30.0,30.0,30.0,30.0,30.0,30.0,30.0,30.0,30.0,30.0,86.25,30.0,30.0,30.0,30.0,30.0,86.25,30.0,86.25,86.25,86.25,86.25,86.25,86.25,86.25,86.25,86.25,86.25,86.25
70.0,86.25,86.25,30.0,30.0,86.25,30.0,86.25,30.0,30.0,30.0,30.0,86.25,30.0,86.25,30.0,30.0,30.0,30.0,86.25,86.25,30.0,30.0,86.25,86.25,30.0,86.25,30.0,86.25,30.0,86.25,30.0,30.0,30.0,30.0,30.0,30.0,30.0,86.25,86.25,86.25,86.25,38.53186321956582,86.25,86.25,86.25,86.25,30.0,86.25
70.0,30.0,86.25,30.0,86.25,86.25,86.25,30.0,30.0,30.0,86.25,86.25,86.25,30.0,30.0,30.0,30.0,30.0,86.25,86.25,86.25,86.25,30.0,86.25,30.0,86.25,86.25,30.0,86.25,30.0,30.0,30.0,86.25,30.0,30.0,86.25,86.25,86.25,86.25,86.25,86.25,86.25,86.25,86.25,86.25,86.25,86.25,86.25,86.25
70.0,86.25,86.25,30.0,86.25,86.25,30.0,86.25,30.0,30.0,86.25,86.25,86.25,86.25,86.25,30.0,30.0,30.0,30.0,86.25,30.0,86.25,30.0,86.25,86.25,86.25,86.25,86.25,86.25,30.0,86.25,30.0,86.25,86.25,30.0,30.0,86.25,86.25,86.25,86.25,86.25,30.0,86.25,86.25,86.25,86.25,86.25,86.25,86.25
70.0,30.0,30.0,30.0,86.25,0.0,0.0,0.0,0.0,0.0,0.0,0.0,0.0,0.0,0.0,0.0,30.0,30.0,30.0,86.25,30.0,30.0,30.0,86.25,30.0,86.25,30.0,86.25,86.25,86.25,30.0,86.25,86.25,86.25,30.0,30.0,86.25,86.25,38.53186321956582,86.25,86.25,86.25,86.25,86.25,86.25,30.0,30.0,68.53186321956582,42.28186321956582
70.0,30.0,30.0,86.25,86.25,30.0,30.0,86.25,30.0,86.25,30.0,30.0,86.25,86.25,68.53186321956582,30.0,30.0,30.0,30.0,86.25,86.25,86.25,30.0,86.25,86.25,86.25,86.25,86.25,30.0,30.0,86.25,30.0,86.25,86.25,86.25,86.25,86.25,86.25,86.25,86.25,86.25,86.25,30.0,86.25,86.25,86.25,86.25,86.25,86.25
70.0,86.25,86.25,86.25,86.25,86.25,86.25,86.25,86.25,86.25,30.0,86.25,68.53186321960538,86.25,86.25,86.25,86.25,86.25,72.03390553364085,30.0,86.25,86.25,86.25,30.0,30.0,67.7188299458233,86.25,86.25,86.25,86.25,86.25,30.0,30.0,30.0,30.0,86.25,86.25,30.0,30.0,30.0,30.0,30.0,30.0,30.0,80.23522931407318,30.0,30.0,30.0,30.0
70.0,86.25,86.25,86.25,30.0,30.0,30.0,86.25,30.0,30.0,30.0,30.0,86.25,30.0,86.25,30.0,86.25,68.53186321956582,30.0,86.25,86.25,30.0,86.25,86.25,86.25,86.25,86.25,30.0,86.25,86.25,30.0,86.25,86.25,86.25,86.25,30.0,86.25,86.25,30.0,69.47839146624628,86.25,86.25,86.25,0.0,0.0,0.0,0.0,0.0,0.0
70.0,30.0,42.28186321963449,86.25,86.25,30.0,30.0,86.25,30.0,86.25,86.25,86.25,86.25,86.25,30.0,86.25,86.25,86.25,86.25,86.25,86.25,84.9013507702093,86.25,86.25,86.25,86.25,30.0,86.25,30.0,86.25,30.0,30.0,86.25,86.25,86.25,86.25,30.0,86.25,86.25,86.25,86.25,86.25,86.25,86.25,86.25,30.0,86.25,86.25,86.25
70.0,86.25,86.25,86.25,86.25,86.25,86.25,30.0,86.25,30.0,30.0,86.25,86.25,86.25,86.25,86.25,86.25,86.25,86.25,86.25,86.25,30.0,86.25,86.25,86.25,86.25,86.25,30.0,86.25,86.25,30.0,86.25,30.0,30.0,86.25,30.0,86.25,86.25,86.25,86.25,86.25,86.25,86.25,86.25,86.25,30.0,86.25,86.25,86.25
70.0,30.0,86.25,86.25,86.25,86.25,86.25,86.25,86.25,86.25,30.0,86.25,30.0,86.25,86.25,86.25,86.25,86.25,86.25,30.0,86.25,86.25,30.0,86.25,30.0,86.25,86.25,30.0,86.25,86.25,30.0,86.25,86.25,86.25,86.25,86.25,86.25,30.0,30.0,30.0,30.0,30.0,30.0,30.0,30.0,30.0,30.0,30.0,30.0
70.0,86.25,86.25,30.0,30.0,86.25,86.25,86.25,86.25,86.25,30.0,86.25,86.25,86.25,86.25,86.25,30.0,86.25,86.25,86.25,86.25,86.25,86.25,86.25,86.25,86.25,30.0,86.25,86.25,86.25,86.25,86.25,30.0,86.25,86.25,30.0,38.53186321956582,86.25,86.25,86.25,30.0,86.25,86.25,86.25,74.54663390549264,86.25,86.25,86.25,86.25
70.0,86.25,86.25,86.25,86.25,86.25,86.25,86.25,86.25,86.25,86.25,86.25,30.0,86.25,86.25,86.25,86.25,86.25,86.25,30.0,30.0,86.25,86.25,30.0,86.25,86.25,86.25,86.25,86.25,86.25,86.25,86.25,30.0,30.0,30.0,86.25,86.25,30.0,30.0,30.0,30.0,30.0,30.0,30.0,30.0,30.0,30.0,30.0,30.0
70.0,86.25,86.25,86.25,86.25,86.25,86.25,86.25,86.25,30.0,86.25,30.0,86.25,86.25,86.25,86.25,38.53186321956582,86.25,86.25,86.25,86.25,86.25,30.0,86.25,86.25,86.25,30.0,86.25,86.25,86.25,86.25,86.25,30.0,86.25,30.0,86.25,86.25,86.25,86.25,86.25,86.25,86.25,86.25,86.25,30.0,86.25,86.25,86.25,86.25
70.0,86.25,86.25,86.25,30.0,30.0,86.25,86.25,86.25,86.25,86.25,30.0,86.25,30.0,86.25,68.53186321956582,86.25,86.25,86.25,30.0,86.25,86.25,86.25,30.0,86.25,86.25,86.25,86.25,30.0,30.0,86.25,30.0,86.25,30.0,86.25,86.25,86.25,86.25,30.0,30.0,30.0,30.0,30.0,30.0,30.0,30.0,86.25,30.0,30.0
70.0,86.25,86.25,86.25,86.25,86.25,42.86069682041355,30.0,86.25,86.25,86.25,86.25,30.0,30.0,86.25,86.25,86.25,86.25,86.25,30.0,30.0,86.25,86.25,30.0,86.25,30.0,82.20077366463124,86.25,30.0,86.25,86.25,30.0,86.25,30.0,86.25,86.25,86.25,30.0,30.0,30.0,30.0,30.0,30.0,30.0,30.0,30.0,30.0,30.0,30.0
70.0,86.25,86.25,86.25,86.25,86.25,86.25,30.0,86.25,86.25,86.25,86.25,30.0,86.25,86.25,86.25,86.25,86.25,86.25,30.0,30.0,86.25,86.25,30.0,86.25,30.0,30.0,86.25,30.0,86.25,86.25,86.25,86.25,30.0,86.25,86.25,86.25,30.0,30.0,30.0,30.0,30.0,30.0,30.0,86.25,30.0,30.0,30.0,30.0
70.0,86.25,86.25,86.25,86.25,30.0,86.25,86.25,86.25,86.25,86.25,86.25,86.25,86.25,86.25,86.25,86.25,86.25,86.25,86.25,86.25,86.25,86.25,86.25,68.53186321956582,86.25,86.25,86.25,86.25,86.25,86.25,86.25,86.25,86.25,86.25,86.25,86.25,86.25,86.25,30.0,86.25,86.25,86.25,86.25,30.0,86.25,86.25,86.25,86.25
70.0,86.25,86.25,86.25,86.25,86.25,86.25,86.25,86.25,86.25,30.0,86.25,30.0,86.25,86.25,86.25,86.25,86.25,86.25,30.0,30.0,86.25,86.25,30.0,30.0,30.0,30.0,30.0,30.0,86.25,30.0,30.0,39.15239945273891,86.25,86.25,30.0,86.25,30.0,30.0,30.0,30.0,30.0,30.0,30.0,86.25,30.0,30.0,30.0,30.0
70.0,86.25,86.25,86.25,86.25,86.25,86.25,30.0,86.25,86.25,86.25,86.25,30.0,86.25,86.25,86.25,86.25,86.25,86.25,30.0,30.0,86.25,86.25,30.0,30.0,30.0,30.0,30.0,30.0,86.25,86.25,30.0,30.0,30.0,86.25,86.25,86.25,30.0,30.0,30.0,30.0,30.0,30.0,30.0,30.0,86.25,30.0,30.0,30.0
70.0,86.25,86.25,86.25,86.25,30.0,86.25,86.25,86.25,86.25,86.25,86.25,86.25,86.25,30.0,86.25,86.25,86.25,86.25,86.25,86.25,86.25,86.25,86.25,86.25,30.0,86.25,86.25,30.0,86.25,86.25,86.25,30.0,86.25,86.25,86.25,86.25,86.25,86.25,86.25,86.25,86.25,86.25,86.25,86.25,86.25,86.25,86.25,86.25
70.0,86.25,86.25,86.25,86.25,86.25,86.25,30.0,86.25,86.25,86.25,86.25,30.0,86.25,86.25,86.25,86.25,86.25,86.25,30.0,86.25,86.25,86.25,86.25,86.25,30.0,30.0,30.0,86.25,86.25,86.25,30.0,30.0,86.25,86.25,86.25,86.25,30.0,30.0,30.0,30.0,30.0,30.0,30.0,30.0,30.0,30.0,30.0,30.0
70.0,86.25,86.25,30.0,86.25,86.25,86.25,86.25,86.25,86.25,86.25,86.25,86.25,86.25,86.25,86.25,86.25,86.25,86.25,86.25,86.25,86.25,68.53186321956582,86.25,86.25,86.25,86.25,86.25,86.25,86.25,86.25,86.25,86.25,86.25,86.25,86.25,30.0,86.25,86.25,55.30347175331954,86.25,86.25,86.25,86.25,86.25,86.25,86.25,86.25,86.25
70.0,86.25,86.25,30.0,86.25,86.25,86.25,86.25,86.25,86.25,86.25,86.25,86.25,86.25,86.25,86.25,86.25,86.25,86.25,86.25,86.25,86.25,86.25,86.25,86.25,86.25,86.25,86.25,86.25,86.25,86.25,86.25,86.25,86.25,86.25,86.25,30.0,86.25,86.25,86.25,86.25,86.25,86.25,86.25,86.25,86.25,86.25,86.25,86.25
70.0,86.25,86.25,30.0,30.0,86.25,30.0,86.25,86.25,86.25,86.25,86.25,86.25,86.25,86.25,86.25,86.25,86.25,30.0,86.25,86.25,86.25,30.0,86.25,86.25,86.25,86.25,86.25,86.25,86.25,86.25,86.25,86.25,30.0,86.25,86.25,30.0,86.25,86.25,86.25,86.25,86.25,86.25,86.25,30.0,86.25,86.25,86.25,86.25
70.0,30.0,30.0,86.25,30.0,86.25,86.25,86.25,86.25,30.0,86.25,86.25,86.25,86.25,86.25,86.25,86.25,86.25,86.25,86.25,86.25,86.25,30.0,86.25,86.25,86.25,86.25,86.25,86.25,86.25,86.25,86.25,86.25,86.25,86.25,86.25,30.0,86.25,86.25,86.25,86.25,86.25,86.25,86.25,86.25,86.25,86.25,30.0,86.25
70.0,86.25,30.0,86.25,86.25,86.25,30.0,86.25,86.25,30.0,86.25,86.25,86.25,86.25,86.25,30.0,86.25,30.0,82.74795768592497,86.25,81.20421347234043,86.25,30.0,86.25,86.25,86.25,86.25,86.25,86.25,86.25,86.25,86.25,86.25,86.25,30.0,86.25,30.0,86.25,86.25,86.25,86.25,86.25,30.0,86.25,86.25,86.25,86.25,86.25,86.25
70.0,86.25,86.25,86.25,86.25,63.4817336870976,86.25,30.0,68.53186321963449,86.25,30.0,30.0,86.25,86.25,86.25,30.0,86.25,0.0,0.0,0.0,0.0,0.0,0.0,0.0,0.0,0.0,0.0,86.25,86.25,86.25,86.25,86.25,86.25,86.25,86.25,30.0,86.25,86.25,30.0,30.0,30.0,30.0,30.0,30.0,30.0,30.0,86.25,30.0,30.0
70.0,86.25,30.0,86.25,86.25,86.25,86.25,30.0,86.25,86.25,86.25,54.72590896566213,86.25,86.25,86.25,86.25,30.0,86.25,30.0,30.0,30.0,30.0,86.25,86.25,86.25,30.0,86.25,86.25,86.25,86.25,86.25,86.25,86.25,49.25005135422023,86.25,30.0,30.0,86.25,30.0,30.0,30.0,30.0,30.0,67.56152472550212,86.25,30.0,30.0,30.0,30.0
70.0,86.25,86.25,86.25,86.25,30.0,86.25,86.25,86.25,86.25,86.25,30.0,86.25,30.0,30.0,30.0,30.0,30.0,86.25,86.25,86.25,86.25,86.25,86.25,86.25,86.25,86.25,30.0,86.25,86.25,30.0,86.25,86.25,86.25,86.25,86.25,30.0,86.25,86.25,30.0,86.25,86.25,86.25,86.25,30.0,86.25,86.25,86.25,86.25
70.0,86.25,86.25,86.25,68.53186321963449,86.25,86.25,86.25,30.0,86.25,86.25,86.25,86.25,68.53186321956582,86.25,30.0,30.0,30.0,86.25,86.25,86.25,86.25,86.25,86.25,86.25,86.25,86.25,86.25,86.25,30.0,86.25,86.25,30.0,86.25,86.25,86.25,30.0,86.25,86.25,30.0,30.0,86.25,86.25,86.25,86.25,86.25,86.25,86.25,0.0
70.0,86.25,30.0,42.28186321963449,30.0,86.25,86.25,86.25,86.25,86.25,86.25,86.25,86.25,30.0,30.0,86.25,86.25,86.25,86.25,86.25,86.25,86.25,86.25,86.25,86.25,86.25,86.25,86.25,30.0,30.0,86.25,86.25,86.25,30.0,86.25,86.25,30.0,86.25,86.25,86.25,86.25,86.25,86.25,86.25,30.0,86.25,86.25,86.25,86.25
0.0,0.0,0.0,0.0,0.0,0.0,0.0,0.0,86.25,38.23619722361309,86.25,86.25,86.25,86.25,30.0,86.25,86.25,86.25,86.25,86.25,86.25,86.25,86.25,86.25,86.25,86.25,86.25,86.25,86.25,30.0,30.0,30.0,86.25,86.25,86.25,30.0,30.0,86.25,86.25,86.25,86.25,30.0,86.25,86.25,86.25,86.25,86.25,86.25,86.25
0.0,86.25,30.0,86.25,86.25,86.25,86.25,86.25,86.25,86.25,86.25,86.25,86.25,86.25,86.25,86.25,86.25,86.25,86.25,86.25,86.25,86.25,86.25,86.25,86.25,86.25,30.0,86.25,30.0,86.25,86.25,86.25,86.25,86.25,30.0,86.25,30.0,86.25,30.0,86.25,86.25,86.25,86.25,30.0,86.25,86.25,68.53186321956582,86.25,30.0
0.0,30.0,86.25,86.25,30.0,30.0,30.0,86.25,86.25,86.25,86.25,86.25,86.25,86.25,30.0,86.25,86.25,86.25,86.25,86.25,86.25,86.25,30.0,86.25,86.25,86.25,86.25,86.25,30.0,86.25,30.0,86.25,86.25,30.0,86.25,30.0,30.0,86.25,86.25,86.25,38.53186321956582,86.25,86.25,86.25,86.25,86.25,86.25,30.0,86.25
0.0,30.0,30.0,30.0,86.25,30.0,86.25,86.25,86.25,86.25,86.25,30.0,86.25,86.25,86.25,86.25,86.25,86.25,86.25,86.25,86.25,86.25,86.25,86.25,86.25,30.0,72.58108955493458,86.25,86.25,41.68562688702549,86.25,30.0,86.25,86.25,86.25,86.25,86.25,86.25,86.25,86.25,86.25,86.25,86.25,86.25,86.25,30.0,86.25,86.25,86.25
0.0,0.0,0.0,0.0,30.0,86.25,86.25,86.25,86.25,86.25,86.25,86.25,86.25,86.25,86.25,86.25,86.25,86.25,86.25,30.0,30.0,30.0,30.0,30.0,86.25,86.25,86.25,30.0,86.25,30.0,86.25,86.25,86.25,86.25,30.0,86.25,86.25,75.69030852723046,30.0,30.0,30.0,30.0,30.0,30.0,30.0,30.0,30.0,30.0,30.0
0.0,86.25,86.25,86.25,86.25,86.25,86.25,30.0,30.0,30.0,86.25,86.25,86.25,86.25,30.0,86.25,86.25,86.25,86.25,86.25,30.0,30.0,86.25,86.25,30.0,86.25,86.25,30.0,30.0,86.25,86.25,86.25,86.25,86.25,30.0,86.25,30.0,86.25,86.25,86.25,86.25,86.25,86.25,86.25,86.25,86.25,86.25,86.25,86.25
70.0,29.32,29.32,29.32,29.32,0.0,0.0,0.0,0.0,0.0,0.0,0.0,0.0,0.0,0.0,0.0,0.0,0.0,0.0,0.0,0.0,0.0,0.0,0.0,0.0,0.0,0.0,0.0,0.0,0.0,0.0,0.0,0.0,0.0,0.0,0.0,0.0,0.0,0.0,0.0,0.0,0.0,0.0,0.0,0.0,0.0,0.0,84.295,84.29500000287605
70.0,0.0,0.0,0.0,0.0,0.0,0.0,0.0,0.0,0.0,0.0,0.0,0.0,0.0,0.0,0.0,0.0,0.0,0.0,0.0,0.0,0.0,0.0,0.0,29.32,29.32,84.295,29.32,29.32,34.87000000008689,29.32,29.32,29.32,69.3455769673014,0.0,0.0,0.0,0.0,0.0,0.0,0.0,0.0,0.0,0.0,84.295,84.295,84.295,84.295,84.295
70.0,0.0,0.0,0.0,0.0,0.0,0.0,0.0,0.0,0.0,0.0,0.0,0.0,0.0,0.0,29.32,29.32,29.319999999982088,29.320000000086793,29.32,29.32,29.32,29.32,29.32,29.32,0.0,0.0,0.0,0.0,0.0,0.0,0.0,0.0,0.0,0.0,0.0,0.0,84.295,84.295,84.295,84.295,84.295,84.295,84.295,84.295,74.84726793518918,84.295,84.295,84.295
70.0,29.32,29.32,29.32,29.32,29.32000000008668,29.32,29.32,29.32,29.32,29.32,0.0,0.0,0.0,0.0,0.0,0.0,0.0,0.0,0.0,0.0,0.0,0.0,0.0,0.0,0.0,0.0,0.0,0.0,0.0,0.0,0.0,0.0,0.0,0.0,84.295,29.32,84.295,84.295,84.295,84.295,84.295,84.295,38.6815139815462,84.295,29.32,84.295,84.295,84.295
70.0,29.32,29.32,29.32000000008668,29.32,0.0,0.0,0.0,0.0,0.0,0.0,0.0,0.0,0.0,0.0,29.32,29.32,29.32,29.32,29.32,29.32,29.32,29.32,29.32,29.32,0.0,0.0,0.0,0.0,0.0,0.0,0.0,0.0,0.0,0.0,0.0,0.0,84.295,84.295,84.295,84.295,84.295,84.295,84.295,84.295,84.295,84.295,0.0,0.0
70.0,0.0,0.0,0.0,0.0,0.0,0.0,0.0,0.0,0.0,0.0,0.0,29.32,29.32,29.32,29.32,29.32,29.32,29.32,84.295,29.32,29.32,0.0,0.0,0.0,0.0,0.0,0.0,0.0,0.0,0.0,0.0,0.0,0.0,0.0,0.0,0.0,84.295,84.295,84.295,84.295,84.295,84.295,29.32,84.295,84.295,84.295,84.295,84.295
70.0,29.32,29.32,29.32,29.32,29.32,29.32,84.295,29.32,83.9767127177814,29.32,29.32,84.295,48.21671271778134,84.295,29.32,29.32,29.32,29.32,29.32,70.13671271778131,29.32,29.32,0.0,0.0,0.0,0.0,0.0,0.0,0.0,0.0,0.0,0.0,0.0,0.0,0.0,0.0,84.295,29.32,29.32,29.32,84.295,84.295,29.32,29.32,84.295,84.295,84.295,84.295
70.0,29.32,29.32,29.32,29.32,29.32,82.49671271778149,29.32,54.65671271778142,29.32,84.295,29.32,29.32,29.32,29.32,29.32,29.32,29.32,29.32,29.32,29.32,40.81671271778123,29.32,29.32,84.295,29.32,84.295,84.295,84.295,84.295,84.295,84.295,84.295,84.295,84.295,29.32,29.32,29.32,84.295,84.295,84.295,29.32,84.295,29.32,29.32,84.295,84.295,61.67651397986198,84.295
70.0,29.32,29.32,0.0,0.0,0.0,0.0,0.0,0.0,0.0,0.0,0.0,0.0,0.0,29.32,29.32,29.32,29.32,29.32,29.32,29.32,29.32,29.32,29.32,0.0,0.0,0.0,0.0,0.0,0.0,0.0,0.0,0.0,0.0,0.0,0.0,29.32,84.295,84.295,43.826513979862185,39.571513979861834,29.32,29.32,84.295,29.32,84.295,84.295,29.32,84.295
70.0,0.0,0.0,0.0,0.0,0.0,0.0,0.0,0.0,0.0,0.0,0.0,0.0,0.0,0.0,29.32,29.32000000008668,29.32,29.32,41.70671271786844,29.32,29.32,29.32,29.32,29.32,84.295,84.295,29.32,29.32,29.32,29.32,29.32,29.32,29.32,29.32,29.32,29.32,84.295,84.295,84.295,84.295,84.295,84.295,29.32,84.295,84.295,84.295,84.295,84.295
70.0,29.32,38.816712717852575,74.57671271778145,29.32,29.32,29.319999999983906,29.32,29.32,29.32,29.32,0.0,0.0,0.0,0.0,0.0,0.0,0.0,0.0,0.0,0.0,0.0,0.0,29.32,29.32,84.295,84.295,29.32,29.32,29.32,63.8017127178691,29.32,29.32,29.32,29.32,29.32,29.32,41.051513979955075,29.32,29.32,29.32,29.32,29.32,29.32,84.295,84.295,29.32,29.32,84.295
70.0,66.65671271786996,29.32,0.0,0.0,0.0,0.0,0.0,0.0,0.0,0.0,0.0,0.0,29.32,29.32,29.32,29.32,29.32,29.32,29.32,29.32,29.32,29.32,0.0,0.0,0.0,0.0,0.0,0.0,0.0,0.0,0.0,0.0,0.0,0.0,0.0,0.0,84.295,84.295,84.295,84.295,84.295,84.295,29.32,84.295,84.295,84.295,84.295,84.295
70.0,0.0,0.0,0.0,0.0,0.0,0.0,0.0,0.0,0.0,0.0,0.0,0.0,0.0,0.0,0.0,0.0,29.32,29.32,29.32,29.32,29.32,29.32,84.295,29.32,84.295,29.32,0.0,0.0,0.0,0.0,0.0,0.0,0.0,0.0,0.0,0.0,84.295,84.295,84.295,84.295,76.8617712557927,84.295,84.295,84.295,84.295,84.295,0.0,0.0
70.0,29.32,29.32,29.32,0.0,0.0,0.0,0.0,0.0,0.0,0.0,0.0,0.0,0.0,0.0,0.0,0.0,0.0,0.0,0.0,0.0,29.32,84.295,84.295,29.32,29.320000000086765,29.32,29.32,29.32,29.32,29.32,0.0,0.0,0.0,0.0,0.0,0.0,0.0,0.0,0.0,0.0,84.295,84.295,84.295,84.295,84.295,84.295,84.295,84.295
70.0,0.0,0.0,0.0,0.0,0.0,0.0,0.0,0.0,0.0,0.0,0.0,0.0,0.0,0.0,0.0,0.0,0.0,0.0,0.0,29.32,29.32,29.32,29.32,29.32,29.32,29.32,29.32,29.32,29.32,0.0,0.0,0.0,0.0,0.0,0.0,0.0,0.0,0.0,0.0,84.295,84.295,84.295,84.295,84.295,84.295,84.295,84.295,84.295
70.0,29.32,29.32,29.32,29.32,29.32,29.32,29.32,29.32,0.0,0.0,0.0,0.0,0.0,0.0,0.0,0.0,0.0,0.0,0.0,0.0,0.0,0.0,0.0,0.0,0.0,0.0,0.0,0.0,0.0,0.0,0.0,0.0,0.0,0.0,0.0,0.0,84.295,84.295,84.295,84.295,84.295,84.295,84.295,84.295,84.295,84.295,84.295,84.295
70.0,29.32,29.32,0.0,0.0,0.0,0.0,0.0,0.0,0.0,0.0,0.0,0.0,29.32,29.32,54.87577716360328,29.32,29.32,29.32,29.32,29.32,29.32,29.32,0.0,0.0,0.0,0.0,0.0,0.0,0.0,0.0,0.0,0.0,0.0,29.32,29.32,29.32,84.295,84.295,84.295,84.295,29.32,29.32,84.295,29.32,84.295,29.32,29.32,84.295
70.0,0.0,0.0,0.0,0.0,0.0,0.0,0.0,0.0,0.0,0.0,0.0,0.0,0.0,0.0,0.0,0.0,0.0,0.0,0.0,0.0,0.0,0.0,0.0,0.0,0.0,0.0,0.0,0.0,0.0,0.0,0.0,0.0,0.0,0.0,0.0,29.32,84.295,84.295,84.295,84.295,84.295,84.295,84.295,84.295,84.295,29.32,84.295,84.295
70.0,29.32,29.32,29.32,29.32,29.32,29.32,29.32,29.32,29.32,29.32,29.32,29.32,29.32,29.32,29.32,29.32,29.32,29.32,0.0,0.0,0.0,0.0,0.0,0.0,0.0,0.0,0.0,0.0,0.0,0.0,0.0,0.0,0.0,0.0,0.0,29.32,84.295,84.295,84.295,84.295,84.295,84.295,84.295,84.295,84.295,84.295,84.295,84.295
70.0,0.0,0.0,0.0,0.0,0.0,0.0,0.0,0.0,0.0,0.0,0.0,0.0,0.0,0.0,0.0,0.0,0.0,0.0,0.0,0.0,0.0,0.0,0.0,0.0,0.0,0.0,0.0,0.0,0.0,0.0,0.0,0.0,29.32,29.32,29.32,29.32,84.295,84.295,84.295,84.295,84.295,84.295,84.295,84.295,84.295,53.23651398235718,84.295,84.295
70.0,29.32,29.32,29.32,29.32,29.32,29.32,29.32,29.32,29.32,29.320000000086566,29.32,29.32,29.32,29.32,29.32,0.0,0.0,0.0,0.0,0.0,0.0,0.0,0.0,0.0,0.0,0.0,0.0,0.0,0.0,0.0,0.0,0.0,0.0,0.0,29.32,29.32,84.295,84.295,84.295,84.295,84.295,84.295,84.295,84.295,84.295,84.295,84.295,84.295
70.0,0.0,0.0,0.0,0.0,0.0,0.0,0.0,0.0,0.0,0.0,0.0,0.0,0.0,0.0,0.0,0.0,0.0,0.0,0.0,0.0,0.0,29.32,29.32,29.32,84.295,29.32,29.32,29.32,29.32,29.32,29.32,0.0,0.0,0.0,0.0,0.0,0.0,0.0,0.0,0.0,0.0,84.295,84.295,84.295,84.295,84.295,84.295,29.32
70.0,0.0,0.0,0.0,0.0,0.0,0.0,0.0,0.0,0.0,0.0,0.0,29.32,29.32,29.32,29.32,29.32,29.32,29.32,29.32,29.32,29.32,29.32,46.66671271786842,81.5200000000882,29.32,0.0,0.0,0.0,0.0,0.0,0.0,0.0,0.0,0.0,0.0,0.0,84.295,84.295,84.295,84.295,84.295,84.295,84.295,84.295,84.295,84.295,84.295,84.295
70.0,0.0,0.0,0.0,0.0,0.0,0.0,0.0,0.0,0.0,0.0,29.32,29.32,29.32,29.32,29.32,29.32,29.32,29.32,84.295,29.32,29.320000000086907,0.0,0.0,0.0,0.0,0.0,0.0,0.0,0.0,0.0,0.0,0.0,0.0,0.0,29.32,29.32,84.295,84.295,84.295,84.295,84.295,84.295,84.295,84.295,84.295,29.32,84.295,84.295
60.0,0.0,0.0,0.0,0.0,0.0,0.0,0.0,0.0,0.0,0.0,0.0,0.0,0.0,0.0,0.0,0.0,0.0,0.0,0.0,0.0,0.0,0.0,0.0,0.0,0.0,0.0,0.0,0.0,0.0,0.0,0.0,0.0,0.0,0.0,0.0,0.0,0.0,0.0,0.0,0.0,0.0,0.0,0.0,0.0,0.0,0.0,0.0,0.0
60.0,0.0,0.0,0.0,0.0,0.0,0.0,0.0,0.0,0.0,0.0,0.0,0.0,0.0,0.0,0.0,0.0,0.0,0.0,0.0,0.0,0.0,0.0,0.0,0.0,0.0,0.0,0.0,0.0,0.0,0.0,0.0,0.0,0.0,0.0,0.0,0.0,0.0,0.0,0.0,0.0,0.0,0.0,0.0,0.0,0.0,0.0,0.0,0.0
60.0,0.0,0.0,0.0,0.0,0.0,0.0,0.0,0.0,0.0,0.0,0.0,0.0,0.0,0.0,0.0,0.0,0.0,0.0,0.0,0.0,0.0,0.0,0.0,0.0,0.0,0.0,0.0,0.0,0.0,0.0,0.0,0.0,0.0,0.0,0.0,0.0,0.0,0.0,0.0,0.0,0.0,0.0,0.0,0.0,0.0,0.0,0.0,0.0
60.0,0.0,0.0,0.0,0.0,0.0,0.0,0.0,0.0,0.0,0.0,0.0,0.0,0.0,0.0,0.0,0.0,0.0,0.0,0.0,0.0,0.0,0.0,0.0,0.0,0.0,0.0,0.0,0.0,0.0,0.0,0.0,0.0,0.0,0.0,0.0,0.0,0.0,0.0,0.0,0.0,0.0,0.0,0.0,0.0,0.0,0.0,0.0,0.0
60.0,0.0,0.0,0.0,0.0,0.0,0.0,0.0,0.0,0.0,0.0,0.0,0.0,0.0,0.0,0.0,0.0,0.0,0.0,0.0,0.0,0.0,0.0,0.0,0.0,0.0,0.0,0.0,0.0,0.0,0.0,0.0,0.0,0.0,0.0,0.0,0.0,0.0,0.0,0.0,0.0,0.0,0.0,0.0,0.0,0.0,0.0,27.84,80.04000000000003
60.0,0.0,0.0,0.0,0.0,0.0,0.0,0.0,0.0,0.0,0.0,0.0,0.0,0.0,0.0,0.0,0.0,0.0,0.0,0.0,0.0,0.0,0.0,0.0,0.0,0.0,0.0,0.0,0.0,0.0,0.0,0.0,0.0,0.0,0.0,0.0,0.0,0.0,0.0,0.0,0.0,0.0,0.0,0.0,0.0,0.0,0.0,0.0,0.0
60.0,27.83999999999999,27.83999999999999,27.839999999999996,80.04,27.839999999999996,80.04,50.40171271778149,27.839999999999996,80.04,27.83999999999999,59.616712717781375,27.839999999999996,27.83999999999999,42.48171271778154,27.839999999999996,27.839999999999996,27.83999999999999,27.839999999999996,27.839999999999996,27.839999999999996,27.83999999999999,51.09375581381459,27.839999999999996,47.96171271778138,27.83999999999999,27.839999999999996,80.04,80.04,80.04,80.04,80.04,80.04,63.80171271778137,27.839999999999996,27.839999999999996,27.839999999999996,27.839999999999996,80.04,80.04,80.04,80.04,27.839999999999996,27.839999999999996,27.839999999999996,27.839999999999996,27.839999999999996,80.04,80.04
60.0,27.83999999999999,27.83999999999999,27.83999999999999,27.839999999999996,27.83999999999999,27.83999999999999,27.839999999999996,27.83999999999999,27.839999999999996,27.83999999999999,27.839999999999996,27.83999999999999,27.839999999999996,27.839999999999996,27.83999999999999,27.839999999999996,27.839999999999996,27.83999999999999,27.83999999999999,27.83999999999999,27.83999999999999,27.839999999999996,27.839999999999996,27.839999999999996,73.91671271778168,27.839999999999996,80.04,80.04,79.65171271778152,80.04,33.891712717781445,63.21171271778151,80.04,27.839999999999996,27.839999999999996,40.296712717813094,27.839999999999996,27.839999999999996,27.839999999999996,27.839999999999996,80.04,27.839999999999996,27.839999999999996,27.839999999999996,27.839999999999996,27.839999999999996,80.04,80.04
60.0,27.839999999999996,27.83999999999999,27.839999999999996,27.83999999999999,27.83999999999999,27.83999999999999,80.04,80.04,27.83999999999999,27.839999999999996,80.04,27.839999999999996,27.839999999999996,27.83999999999999,27.83999999999999,27.839999999999996,27.83999999999999,27.83999999999999,27.83999999999999,27.839999999999996,27.83999999999999,27.83999999999999,27.839999999999996,27.839999999999996,27.83999999999999,27.839999999999996,27.839999999999996,80.04,27.839999999999996,80.04,80.04,80.04,80.04,27.839999999999996,27.839999999999996,27.839999999999996,80.04,80.04,27.839999999999996,27.839999999999996,27.839999999999996,27.839999999999996,80.04,27.839999999999996,27.839999999999996,80.04,80.04,80.04
60.0,27.83999999999999,27.83999999999999,27.83999999999999,27.839999999999996,27.83999999999999,27.839999999999996,27.83999999999999,27.83999999999999,80.04,27.83999999999999,27.83999999999999,27.83999999999999,27.83999999999999,27.83999999999999,27.839999999999996,27.839999999999996,68.65671271778135,27.83999999999999,27.83999999999999,27.839999999999996,80.04,27.839999999999996,27.83999999999999,80.04,27.839999999999996,27.839999999999996,80.04,80.04,27.839999999999996,80.04,80.04,80.04,80.04,80.04,27.839999999999996,27.839999999999996,80.04,80.04,27.839999999999996,80.04,80.04,27.839999999999996,80.04,80.04,27.839999999999996,27.839999999999996,80.04,80.04
60.0,27.83999999999999,27.83999999999999,27.83999999999999,27.839999999999996,80.04,27.839999999999996,27.83999999999999,27.83999999999999,27.839999999999996,27.839999999999996,27.839999999999996,27.83999999999999,27.83999999999999,27.83999999999999,27.83999999999999,27.83999999999999,27.83999999999999,80.04,27.839999999999996,27.839999999999996,27.83999999999999,27.83999999999999,80.04,27.83999999999999,0.0,0.0,0.0,0.0,0.0,0.0,0.0,0.0,0.0,0.0,80.04,27.83999999999999,27.839999999999996,27.839999999999996,80.04,80.04,80.04,27.839999999999996,80.04,27.839999999999996,80.04,80.04,80.04,27.839999999999996
60.0,27.83999999999999,27.83999999999999,27.83999999999999,27.839999999999996,80.04,27.839999999999996,27.83999999999999,27.839999999999996,27.839999999999996,27.839999999999996,27.83999999999999,27.83999999999999,27.83999999999999,27.83999999999999,27.83999999999999,27.83999999999999,27.83999999999999,27.83999999999999,27.839999999999996,27.839999999999996,27.839999999999996,27.83999999999999,27.83999999999999,27.83999999999999,27.83999999999999,27.83999999999999,36.481712717868305,27.83999999999999,80.04,27.83999999999999,27.83999999999999,27.83999999999999,27.83999999999999,27.83999999999999,27.83999999999999,27.83999999999999,27.839999999999996,80.04,80.04,27.839999999999996,80.04,27.839999999999996,80.04,80.04,50.10424604739595,27.839999999999996,80.04,27.839999999999996
60.0,27.83999999999999,27.83999999999999,27.83999999999999,74.5767127177815,27.839999999999996,27.839999999999996,27.839999999999996,80.04,27.839999999999996,80.04,80.04,27.83999999999999,27.83999999999999,27.83999999999999,27.83999999999999,27.83999999999999,27.83999999999999,27.83999999999999,27.83999999999999,27.839999999999996,27.839999999999996,27.83999999999999,27.83999999999999,27.83999999999999,0.0,0.0,0.0,0.0,0.0,0.0,0.0,0.0,0.0,0.0,0.0,0.0,80.04,80.04,80.04,80.04,80.04,80.04,80.04,80.04,27.839999999999996,80.04,80.04,27.839999999999996
60.0,0.0,0.0,0.0,0.0,0.0,0.0,0.0,0.0,0.0,0.0,0.0,0.0,0.0,0.0,0.0,0.0,0.0,0.0,0.0,0.0,0.0,0.0,0.0,0.0,0.0,0.0,0.0,0.0,0.0,0.0,0.0,0.0,0.0,0.0,0.0,0.0,80.04,80.04,80.04,80.04,80.04,80.04,80.04,80.04,80.04,80.04,0.0,0.0
60.0,0.0,0.0,0.0,0.0,0.0,0.0,0.0,0.0,0.0,0.0,0.0,0.0,0.0,0.0,0.0,0.0,0.0,0.0,0.0,0.0,0.0,0.0,27.83999999999999,27.83999999999999,27.83999999999999,27.83999999999999,27.83999999999999,27.83999999999999,27.83999999999999,27.83999999999999,27.83999999999999,27.83999999999999,27.83999999999999,27.83999999999999,27.83999999999999,27.840000000055056,80.04,80.04,80.04,80.04,80.04,80.04,80.04,80.04,80.04,80.04,0.0,0.0
60.0,27.83999999999999,27.83999999999999,27.83999999999999,27.840000000086548,27.83999999999999,0.0,0.0,0.0,0.0,0.0,0.0,0.0,0.0,0.0,0.0,0.0,0.0,0.0,0.0,0.0,0.0,0.0,0.0,0.0,0.0,0.0,0.0,0.0,0.0,0.0,0.0,0.0,0.0,0.0,0.0,0.0,80.04,80.04,80.04,80.04,80.04,80.04,80.04,80.04,80.04,80.04,0.0,0.0
60.0,27.83999999999999,27.83999999999999,27.83999999999999,27.83999999999999,27.83999999999999,27.83999999999999,27.83999999999999,27.83999999998389,27.83999999999999,27.83999999999999,27.83999999999999,50.40171271786831,27.83999999999999,27.83999999999999,0.0,0.0,0.0,0.0,0.0,0.0,0.0,0.0,0.0,0.0,0.0,0.0,0.0,0.0,0.0,0.0,0.0,0.0,0.0,0.0,0.0,27.83999999999999,80.04000000006617,80.04,80.04,80.03999999999998,80.04,80.04,80.04,80.04,80.04,80.04,80.04,80.04
60.0,0.0,0.0,0.0,0.0,0.0,0.0,0.0,0.0,0.0,0.0,0.0,80.04,27.839999999981274,27.83999999999999,27.83999999999999,27.83999999999999,27.83999999999999,27.83999999999999,27.83999999999999,27.840000000086775,27.83999999999999,42.62795690405365,0.0,0.0,0.0,0.0,0.0,0.0,0.0,0.0,0.0,0.0,0.0,80.04,27.83999999999999,27.83999999999999,80.04,80.04,80.04,80.04,80.04,80.04,80.04,48.9815139827855,80.04,27.83999999999999,80.04,80.04
60.0,0.0,0.0,0.0,0.0,0.0,0.0,0.0,0.0,0.0,0.0,0.0,0.0,0.0,0.0,0.0,0.0,0.0,0.0,0.0,0.0,0.0,0.0,0.0,0.0,0.0,0.0,0.0,27.83999999999999,27.83999999999999,27.83999999999999,27.83999999999999,27.83999999999999,27.83999999999999,80.04,48.92171271786846,27.83999999999999,80.04,80.04,80.04,80.04,80.04,80.04,80.04,80.04,80.04,80.04,0.0,0.0
0.0,0.0,0.0,0.0,27.83999999999999,27.83999999999999,27.83999999999999,27.83999999999999,27.83999999999999,27.83999999999999,27.83999999999999,27.83999999999999,27.83999999999999,27.83999999999999,27.83999999999999,27.83999999999999,0.0,0.0,0.0,0.0,0.0,0.0,0.0,0.0,0.0,0.0,0.0,0.0,0.0,0.0,0.0,0.0,0.0,0.0,27.83999999999999,27.83999999999999,27.83999999999999,80.04,80.04,80.04,80.04,68.40474272618121,80.04,80.04,80.04,27.839999999999996,80.04,80.04,80.04
0.0,0.0,27.840000000015607,27.83999999999999,27.83999999999999,27.83999999999999,27.83999999999999,27.83999999999999,27.83999999999999,27.83999999998491,27.83999999999999,27.839999999984798,0.0,0.0,0.0,0.0,0.0,0.0,0.0,0.0,0.0,0.0,0.0,0.0,0.0,0.0,0.0,0.0,0.0,0.0,0.0,0.0,0.0,0.0,0.0,0.0,0.0,80.04,80.04,80.04,80.04,80.04,80.04,80.04,80.04,80.04,27.83999999999999,80.04,80.04
0.0,27.839999999999996,27.83999999999999,27.83999999999999,27.83999999999999,53.17671271778141,80.04,27.839999999999996,27.839999999999996,27.839999999999996,27.83999999999999,27.839999999999996,27.839999999999996,80.04,27.83999999999999,27.839999999999996,70.13671271778131,80.04,27.83999999999999,27.83999999999999,80.04,27.83999999999999,27.839999999999996,0.0,0.0,0.0,0.0,0.0,0.0,0.0,0.0,0.0,0.0,40.01442303278559,27.83999999999999,27.839999999999996,27.839999999999996,80.04,80.04,80.04,80.04,27.839999999999996,78.30151397986162,80.04,27.839999999999996,27.839999999999996,80.04,80.04,51.8715139798618
0.0,27.839999999999996,27.839999999999996,27.839999999999996,27.83999999999999,27.83999999999999,27.83999999999999,27.839999999984343,27.83999999999999,27.83999999999999,79.72171271778157,27.83999999999999,27.839999999999996,27.83999999999999,0.0,0.0,0.0,0.0,0.0,0.0,0.0,0.0,0.0,0.0,27.83999999999999,27.83999999999999,80.04,80.04,27.83999999999999,27.83999999999999,27.83999999999999,80.04,80.04,27.83999999999999,60.32171271786844,27.83999999999999,27.83999999999999,80.04,39.571513979861976,80.04,80.04,80.04,80.04,80.04,80.04,27.839999999999996,80.04,80.04,80.04
0.0,27.83999999999999,27.83999999999999,80.04,27.839999999999996,27.83999999999999,27.839999999999996,27.839999999999996,27.839999999999996,27.83999999999999,27.83999999999999,80.04,27.839999999999996,27.83999999999999,27.839999999999996,39.62093555426668,80.04,27.83999999999999,68.65671271778135,27.83999999999999,27.839999999999996,27.839999999999996,27.839999999999996,27.83999999999999,0.0,0.0,0.0,0.0,0.0,0.0,0.0,0.0,0.0,0.0,0.0,27.83999999999999,27.83999999999999,80.04,27.839999999999996,80.04,80.04,27.839999999999996,80.04,80.04,27.839999999999996,27.839999999999996,80.04,80.04,80.04
0.0,0.0,0.0,0.0,0.0,27.83999999999999,27.83999999999999,27.83999999999999,27.83999999999999,27.83999999999999,27.83999999999999,27.83999999999999,27.83999999999999,27.83999999999999,27.83999999998207,0.0,0.0,0.0,0.0,0.0,0.0,0.0,0.0,0.0,0.0,27.83999999999999,51.0367127178683,80.04,27.83999999999999,27.83999999999999,27.83999999999999,80.04,80.04,27.83999999999999,27.83999999999999,0.0,0.0,0.0,0.0,0.0,0.0,0.0,0.0,0.0,0.0,0.0,0.0,0.0,0.0
0.0,0.0,0.0,0.0,0.0,0.0,0.0,27.83999999999999,27.83999999999999,27.83999999999999,27.83999999999999,27.83999999999999,27.83999999999999,27.83999999999999,27.83999999999999,27.83999999999999,27.83999999999999,0.0,0.0,0.0,0.0,0.0,0.0,0.0,0.0,0.0,0.0,0.0,33.00171271786914,80.04,27.83999999999999,33.39000000008687,33.39000000008676,27.83999999999999,27.83999999999999,27.83999999999999,27.83999999999999,80.04,80.04,80.03999999999998,0.0,0.0,0.0,0.0,0.0,0.0,0.0,0.0,0.0
400.0,224.88991003731223,0.0,0.0,0.0,0.0,0.0,0.0,0.0,0.0,0.0,0.0,0.0,0.0,0.0,0.0,0.0,0.0,0.0,0.0,0.0,0.0,0.0,0.0,0.0,0.0,0.0,0.0,0.0,0.0,0.0,0.0,0.0,394.9081904531281,281.85,481.85,281.85,481.85,481.85,394.5193750776375,194.5193750776375,194.45533867673294,394.45533867673294,481.85,481.85,481.85,281.85,0.0,0.0
400.0,0.0,0.0,0.0,0.0,0.0,0.0,0.0,0.0,0.0,0.0,0.0,0.0,0.0,0.0,0.0,0.0,0.0,0.0,0.0,0.0,0.0,0.0,0.0,0.0,0.0,0.0,0.0,481.85,481.85,481.85,481.85,481.85,481.85,481.85,367.6,167.6,367.6,194.64744787944664,394.64744787944664,481.85,481.85,281.85,281.85,481.85,481.85,481.85,0.0,0.0
400.0,0.0,0.0,0.0,0.0,0.0,0.0,0.0,0.0,0.0,0.0,0.0,0.0,0.0,0.0,0.0,0.0,0.0,0.0,0.0,0.0,0.0,0.0,0.0,0.0,0.0,0.0,0.0,481.85,481.85,481.85,481.85,481.85,481.85,281.85,423.2114842803512,223.21148428035124,423.2114842803512,481.85,481.85,481.85,481.85,481.85,394.32726587492425,281.9140364009047,481.85,481.85,0.0,0.0
400.0,0.0,0.0,0.0,0.0,0.0,0.0,0.0,0.0,0.0,0.0,0.0,0.0,0.0,0.0,0.0,0.0,0.0,0.0,0.0,0.0,0.0,0.0,0.0,0.0,481.85,481.85,481.85,481.85,481.85,481.85,481.85,481.85,281.85,304.9362169466333,367.6,167.6,367.6,481.85,369.1165885214582,481.85,481.85,481.785963599096,481.85,394.1991930731151,194.1991930731151,394.13515667221054,0.0,0.0
300.0,162.25,126.0,126.0,126.0,126.0,126.0,126.0,126.0,0.0,0.0,0.0,0.0,0.0,0.0,0.0,0.0,0.0,0.0,0.0,0.0,162.25,162.25,162.25,162.25,162.25,126.0,126.0,126.0,126.0,126.0,126.0,126.0,126.0,126.0,126.0,126.0,162.25,326.0,267.35584378338285,267.3763291248306,162.25,252.5914898057203,162.25,162.25,162.25,162.25,0.0,0.0
300.0,162.25,0.0,0.0,0.0,0.0,0.0,0.0,0.0,0.0,0.0,0.0,0.0,0.0,0.0,0.0,0.0,0.0,0.0,0.0,0.0,0.0,0.0,0.0,0.0,0.0,0.0,0.0,126.0,126.0,126.0,126.0,126.0,126.0,126.0,126.0,126.0,162.25,267.3655351929747,326.0,326.0,162.25,162.25,162.25,189.38344978843963,302.9565131816057,162.25,0.0,0.0
300.0,0.0,0.0,0.0,0.0,0.0,0.0,0.0,0.0,0.0,0.0,0.0,0.0,0.0,0.0,0.0,0.0,0.0,0.0,0.0,0.0,0.0,0.0,0.0,0.0,0.0,0.0,0.0,0.0,0.0,0.0,0.0,0.0,0.0,0.0,126.0,126.0,162.25,362.25,362.25,362.25,259.42738990948965,276.60964734039413,126.0,126.0,0.0,0.0,0.0,0.0
300.0,0.0,0.0,0.0,0.0,0.0,0.0,0.0,0.0,0.0,0.0,0.0,0.0,0.0,0.0,0.0,0.0,0.0,0.0,0.0,0.0,0.0,0.0,0.0,0.0,0.0,0.0,0.0,0.0,0.0,0.0,0.0,0.0,0.0,0.0,126.0,126.0,162.25,362.25,362.25,362.25,162.25,126.0,126.0,126.0,0.0,0.0,0.0,0.0
300.0,215.5049761132251,156.5,356.5,356.5,0.0,0.0,0.0,0.0,0.0,0.0,0.0,0.0,0.0,0.0,0.0,0.0,0.0,0.0,0.0,0.0,0.0,0.0,0.0,0.0,0.0,124.0,124.0,124.0,124.0,124.0,124.0,130.74686050779766,130.74686050779766,123.99999999999997,124.0,124.0,137.11472806075807,337.11472806075807,356.5,356.5,156.5,124.0,324.0,124.0,124.0,324.0,0.0,0.0
300.0,0.0,0.0,0.0,0.0,0.0,0.0,0.0,0.0,0.0,0.0,0.0,0.0,0.0,0.0,0.0,0.0,0.0,0.0,0.0,0.0,0.0,0.0,0.0,0.0,0.0,0.0,0.0,0.0,0.0,0.0,0.0,0.0,0.0,0.0,0.0,0.0,0.0,0.0,0.0,205.45385080817118,172.95385080817118,145.70166916542382,124.0,124.0,278.70232810252537,326.7023281025255,356.5,251.96288533459958
300.0,0.0,0.0,0.0,0.0,0.0,0.0,0.0,0.0,0.0,0.0,0.0,0.0,0.0,0.0,0.0,0.0,0.0,0.0,0.0,0.0,0.0,0.0,0.0,0.0,0.0,0.0,0.0,0.0,0.0,0.0,0.0,0.0,0.0,124.0,124.0,124.0,156.5,356.5,245.75497195993523,124.0,156.5,356.5,210.70166916542382,317.68784686848846,124.0,0.0,0.0,0.0
300.0,124.0,183.00497611316683,0.0,0.0,0.0,0.0,0.0,0.0,0.0,0.0,0.0,0.0,0.0,0.0,0.0,0.0,0.0,0.0,0.0,0.0,0.0,0.0,0.0,0.0,0.0,0.0,0.0,0.0,0.0,0.0,0.0,0.0,0.0,0.0,0.0,124.0,124.0,324.0,356.5,156.5,356.5,356.5,324.0,124.0,124.0,0.0,0.0,0.0
142.0,0.0,0.0,0.0,0.0,0.0,0.0,0.0,0.0,0.0,0.0,0.0,0.0,0.0,0.0,0.0,0.0,0.0,0.0,0.0,0.0,0.0,0.0,0.0,0.0,0.0,0.0,0.0,0.0,0.0,0.0,0.0,0.0,0.0,408.25,308.5423115642982,408.25,243.26923372543592,408.25,408.25,251.0583379137954,371.73663915983434,238.0053193878001,142.0,0.0,0.0,0.0,0.0,0.0
0.0,0.0,0.0,0.0,0.0,0.0,0.0,0.0,0.0,0.0,0.0,0.0,0.0,0.0,0.0,0.0,0.0,0.0,0.0,0.0,0.0,0.0,0.0,0.0,0.0,0.0,0.0,0.0,0.0,0.0,0.0,0.0,0.0,0.0,0.0,408.25,408.25,408.25,283.14644689791794,283.1109861290213,142.0,163.68278502059476,363.6827850205948,163.6827850205948,273.1576036769375,0.0,0.0,0.0,0.0
0.0,0.0,0.0,0.0,0.0,0.0,0.0,0.0,0.0,0.0,0.0,0.0,0.0,0.0,0.0,0.0,0.0,0.0,0.0,0.0,0.0,0.0,0.0,0.0,0.0,0.0,0.0,0.0,0.0,0.0,0.0,266.70509648590223,408.25,408.25,408.25,342.0,142.0,208.25,408.25,408.25,408.25,0.0,0.0,0.0,0.0,0.0,0.0,0.0,0.0
0.0,0.0,0.0,0.0,0.0,0.0,0.0,0.0,0.0,0.0,0.0,0.0,0.0,0.0,0.0,0.0,0.0,0.0,0.0,0.0,0.0,0.0,0.0,0.0,0.0,0.0,0.0,0.0,0.0,0.0,0.0,0.0,0.0,0.0,408.25,408.25,309.55265322264836,408.25,408.25,408.25,208.25,408.25,342.0,142.0,0.0,0.0,0.0,0.0,0.0
150.0,72.8,72.8,0.0,0.0,0.0,0.0,0.0,0.0,0.0,0.0,0.0,0.0,0.0,0.0,0.0,0.0,0.0,0.0,0.0,0.0,0.0,0.0,0.0,0.0,0.0,0.0,0.0,0.0,0.0,0.0,0.0,0.0,0.0,0.0,0.0,0.0,0.0,0.0,0.0,0.0,0.0,0.0,0.0,0.0,0.0,0.0,0.0,0.0
150.0,72.8,72.8,0.0,0.0,0.0,0.0,0.0,0.0,0.0,0.0,0.0,0.0,0.0,0.0,0.0,0.0,0.0,0.0,0.0,0.0,0.0,0.0,0.0,0.0,0.0,0.0,0.0,0.0,0.0,0.0,0.0,0.0,0.0,0.0,209.3,209.3,209.3,209.30000000000013,209.30000000000013,209.3,209.3,209.3,209.3,209.3,0.0,0.0,0.0,0.0
150.0,72.8,72.8,0.0,0.0,0.0,0.0,0.0,0.0,0.0,0.0,0.0,0.0,0.0,0.0,0.0,0.0,0.0,0.0,0.0,0.0,0.0,0.0,0.0,0.0,0.0,0.0,0.0,0.0,0.0,0.0,0.0,0.0,0.0,0.0,0.0,209.3,209.3,209.3,209.3,209.3,209.3,209.3,209.3,209.3,105.14044919546052,0.0,0.0,0.0
150.0,117.32731129818013,117.32731129818013,0.0,0.0,0.0,0.0,0.0,0.0,0.0,0.0,0.0,0.0,0.0,0.0,0.0,0.0,0.0,0.0,0.0,0.0,0.0,0.0,0.0,0.0,0.0,0.0,0.0,0.0,0.0,0.0,0.0,0.0,0.0,0.0,0.0,209.30000000000013,209.3,209.3,209.3,209.30000000000013,209.3,209.3,209.3,209.30000000000018,209.3,0.0,0.0,0.0
0.0,0.0,0.0,0.0,0.0,0.0,0.0,0.0,0.0,0.0,0.0,0.0,0.0,0.0,0.0,0.0,0.0,0.0,0.0,0.0,0.0,0.0,0.0,0.0,0.0,0.0,0.0,0.0,0.0,0.0,0.0,0.0,0.0,0.0,0.0,0.0,0.0,0.0,0.0,0.0,0.0,0.0,0.0,0.0,0.0,0.0,201.25,201.25,70.0
0.0,0.0,0.0,0.0,0.0,0.0,0.0,0.0,0.0,0.0,0.0,0.0,0.0,0.0,0.0,0.0,0.0,0.0,0.0,0.0,0.0,0.0,0.0,0.0,0.0,0.0,0.0,0.0,0.0,0.0,70.0,70.0,196.95907641205545,196.95907641205545,201.25,171.31410956285544,201.25,201.2500000000001,201.25,201.25,201.25,0.0,0.0,0.0,0.0,0.0,0.0,0.0,0.0
32.8,32.8,32.8,32.8,32.8,32.8,32.8,32.8,32.8,0.0,0.0,0.0,0.0,0.0,0.0,0.0,0.0,0.0,0.0,0.0,0.0,0.0,0.0,0.0,0.0,0.0,0.0,0.0,0.0,0.0,0.0,0.0,83.89596398861687,69.65534905963975,32.8,32.8,32.8,61.89660845645726,94.3,32.8,36.8337215458842,94.3,32.8,36.824218261644674,32.8,0.0,0.0,0.0,0.0
32.8,0.0,0.0,0.0,0.0,0.0,0.0,0.0,0.0,0.0,0.0,0.0,0.0,0.0,0.0,0.0,0.0,0.0,0.0,0.0,0.0,0.0,0.0,0.0,0.0,0.0,0.0,0.0,0.0,0.0,0.0,0.0,0.0,0.0,36.852926768255756,36.85050447687179,61.8999183776461,32.8,57.082172016502696,36.83614383726818,32.8,38.45015676114441,36.82664055302867,32.8,0.0,0.0,0.0,0.0,0.0
12.0,34.5,34.5,0.0,0.0,0.0,0.0,0.0,0.0,0.0,0.0,0.0,0.0,0.0,0.0,0.0,0.0,0.0,0.0,0.0,0.0,0.0,0.0,0.0,0.0,0.0,0.0,12.0,12.0,12.0,12.0,12.0,12.0,12.0,34.5,34.5,34.5,12.0,34.5,34.5,34.5,12.0,12.0,34.5,34.5,34.5,0.0,0.0,0.0
0.0,34.5,34.5,12.0,12.0,12.0,12.0,31.87231017034081,12.0,12.0,12.0,0.0,0.0,0.0,0.0,0.0,0.0,0.0,0.0,0.0,0.0,0.0,0.0,0.0,0.0,0.0,0.0,0.0,0.0,0.0,0.0,12.0,12.0,12.0,12.0,34.5,12.0,34.5,34.5,34.5,34.5,34.5,34.5,34.5,0.0,0.0,0.0,0.0,0.0
0.0,34.5,34.5,12.0,12.0,12.0,12.0,12.0,12.0,12.0,12.0,0.0,0.0,0.0,0.0,0.0,0.0,0.0,0.0,0.0,0.0,0.0,0.0,0.0,0.0,0.0,0.0,0.0,0.0,0.0,0.0,0.0,0.0,0.0,34.5,12.0,34.5,34.5,34.5,34.5,34.5,34.5,34.5,34.5,12.0,0.0,0.0,0.0,0.0
0.0,0.0,0.0,0.0,0.0,0.0,0.0,0.0,0.0,0.0,0.0,0.0,0.0,0.0,0.0,0.0,0.0,0.0,0.0,0.0,12.0,34.5,34.5,34.5,14.838038605454855,14.838038605454855,12.0,12.0,12.0,12.0,12.0,12.0,12.0,12.0,34.5,19.123997575776116,12.0,19.123997575776116,34.5,34.5,34.5,19.123997575776116,19.123997575776116,34.5,34.5,34.5,12.0,0.0,0.0
0.0,34.5,34.5,12.0,12.0,12.0,31.869925015368466,12.0,12.0,31.877080733787267,31.87946614229905,12.0,20.82797396332017,20.82797396332017,20.82797396332017,20.82797396332017,20.82797396332017,20.82797396332017,20.82797396332017,34.5,12.0,26.838038605454855,26.838038605454855,26.838038605454855,12.0,12.0,34.5,25.338038605454855,12.0,25.338038605454855,12.0,13.338038605454855,13.338038605454855,13.338038605454855,26.829701178493536,34.5,34.5,12.0,27.272256590684236,27.272256590684236,27.272256590684236,12.0,12.0,27.272256590684236,31.123997575776116,34.5,34.5,34.5,20.82797396332017
0.0,34.5,34.5,31.862770057485093,31.865154885559377,31.8675399449033,12.0,12.0,31.874694516440726,12.0,12.0,12.0,0.0,0.0,0.0,0.0,0.0,0.0,0.0,0.0,0.0,0.0,0.0,0.0,34.5,34.5,14.838038605454855,12.0,25.338038605454855,12.0,25.338038605454855,12.0,12.0,12.0,34.5,12.0,19.123997575776116,34.5,34.5,34.5,34.5,34.5,34.5,34.5,34.5,34.5,21.49589213644454,0.0,0.0
50.0,143.75,143.75,143.75,143.75,0.0,0.0,0.0,0.0,0.0,0.0,0.0,0.0,0.0,0.0,0.0,0.0,0.0,0.0,0.0,0.0,0.0,0.0,59.82483218402083,59.82483218402083,59.82483218402083,59.82483218402083,59.82483218402083,59.82483218402083,59.82483218402083,59.82483218402083,59.82483218402083,59.82483218402083,59.82483218402083,59.82483218402083,59.82483218402083,143.75,143.75,143.75,143.75,143.75,143.75,143.75,143.75,143.75,143.75,143.75,143.75,66.3254395360822
0.0,0.0,0.0,0.0,0.0,0.0,0.0,0.0,0.0,0.0,0.0,0.0,0.0,0.0,0.0,0.0,0.0,0.0,0.0,0.0,0.0,0.0,0.0,0.0,0.0,0.0,0.0,0.0,0.0,0.0,0.0,0.0,0.0,0.0,0.0,0.0,0.0,0.0,0.0,0.0,0.0,0.0,0.0,0.0,0.0,0.0,0.0,0.0,0.0
0.0,143.75,143.75,143.75,143.75,66.19452298371601,66.19686829777154,66.19921383926481,66.20155939169508,66.20390502723232,66.20624986729928,0.0,0.0,0.0,0.0,0.0,0.0,0.0,0.0,0.0,0.0,0.0,0.0,0.0,0.0,0.0,0.0,0.0,0.0,0.0,0.0,0.0,0.0,0.0,0.0,0.0,0.0,0.0,0.0,0.0,0.0,0.0,0.0,0.0,0.0,0.0,0.0,0.0,0.0
0.0,0.0,0.0,0.0,0.0,0.0,0.0,0.0,0.0,0.0,0.0,0.0,0.0,0.0,0.0,0.0,0.0,0.0,0.0,0.0,0.0,0.0,0.0,0.0,0.0,0.0,0.0,0.0,0.0,0.0,0.0,0.0,0.0,0.0,0.0,0.0,0.0,0.0,0.0,0.0,0.0,0.0,0.0,0.0,0.0,0.0,0.0,0.0,0.0
25.0,56.94436057874975,56.94436057874975,55.60474163105722,55.60474163100487,56.94436057883706,56.94436057895348,0.0,0.0,0.0,0.0,0.0,0.0,0.0,0.0,0.0,0.0,0.0,0.0,0.0,0.0,0.0,0.0,0.0,0.0,0.0,0.0,0.0,0.0,0.0,0.0,0.0,0.0,0.0,0.0,0.0,0.0,0.0,0.0,0.0,0.0,34.673502374727086,56.14257208047134,25.0,71.875,34.673502374727086,25.0,71.875,34.673502374727086
0.0,71.875,71.875,71.875,71.875,71.875,71.875,27.6618088873622,27.662788962846705,27.663769133374412,27.664749308472544,27.66572951829997,27.66670939571097,27.66769004213461,27.668670356157303,0.0,0.0,0.0,0.0,0.0,0.0,0.0,0.0,0.0,0.0,24.999999999999986,24.999999999999986,24.999999999999986,24.999999999999986,24.999999999999986,24.999999999999986,24.999999999999986,24.999999999999986,24.999999999999986,24.999999999999986,24.999999999999986,24.999999999999986,24.999999999999986,71.875,59.673502374727086,59.673502374727086,25.0,25.0,56.14257208047134,56.94436057873659,25.0,34.673502374727086,41.32243075781794,25.0
17.32,49.795,49.795,49.795,49.795,49.795,49.795,46.20867109796498,46.2156067304542,0.0,0.0,0.0,0.0,0.0,0.0,0.0,0.0,0.0,0.0,46.43776172323089,49.795,46.449811533495904,49.795,49.795,46.46879697625016,46.47573260873938,49.795,46.48960387371778,49.795,46.50347513869619,49.795,46.51734640367462,49.795,49.795,46.53815330114227,49.795,49.795,49.795,46.53166226047932,46.53059022985403,49.795,49.795,49.795,49.795,46.562151239274186,49.795,46.57602250425262,46.58295813674181,46.589893769231
0.0,49.795,49.795,49.795,46.18786420049739,49.795,49.795,49.795,49.795,21.02457163450204,49.795,49.795,49.795,17.32,17.320000000000004,17.320000000000004,49.795,17.320000000000004,49.795,49.795,46.44469735572008,49.795,46.45492571127173,49.795,49.795,49.795,49.795,49.795,49.795,49.795,49.795,49.795,46.52428203616384,46.531217668653056,49.795,49.795,49.795,46.534507648167164,49.795,49.795,49.795,46.541344341806536,49.795,49.795,49.795,49.795,49.795,49.795,49.795
0.0,46.16705730302971,46.17399293551895,46.18092856800817,49.795,46.194799832986604,46.20173546547579,49.795,49.795,49.795,49.795,49.795,49.795,17.320000000000007,17.32,17.32,49.795,17.32,49.795,49.795,49.795,49.795,49.795,46.461861343760944,49.795,49.795,46.482668241228595,49.795,46.49653950620697,49.795,46.510410771185406,49.795,49.795,49.795,49.795,46.54019842354293,46.53735303585506,49.795,49.795,49.795,46.53440870931732,49.795,46.54827997429575,46.55521560678497,49.795,46.5690868717634,49.795,49.795,49.795
20.0,57.5,20.0,20.0,20.0,20.0,0.0,0.0,0.0,0.0,0.0,0.0,0.0,0.0,0.0,0.0,0.0,0.0,0.0,0.0,57.5,55.05400038243067,55.008143666908225,57.5,54.93860905364136,57.5,54.96694414979265,54.986204607311976,54.96851546471143,54.94064050323229,57.5,57.5,57.5,57.5,54.93813316617063,57.5,54.96951682646866,57.5,57.5,57.5,54.95897497721376,57.5,54.997495892245524,55.01675634976141,57.5,57.5,55.07453772230906,57.5,57.5
0.0,54.035069761395704,20.0,20.0,20.0,20.0,20.0,20.0,20.0,20.0,20.0,20.0,57.5,20.0,20.0,20.0,20.0,20.0,36.60757445785122,57.5,55.099801889695584,57.5,57.5,54.96218306300477,57.5,54.94768369228021,57.5,57.5,57.5,57.5,54.93952932299098,54.93841814274968,54.93730696250839,54.93619578226708,57.5,54.95025636895278,57.5,54.98877728398455,54.96424590184121,54.93971451969787,57.5,54.97823543472964,57.5,57.5,55.03601680727729,55.055277264793176,57.5,55.093798179824944,55.11305863734083
26.0,26.0,26.0,65.60082939527177,74.75,74.75,74.75,26.0,26.0,66.00391004961574,65.91470948555929,65.75915606391877,0.0,0.0,0.0,0.0,0.0,0.0,0.0,0.0,0.0,0.0,45.86023269297972,66.58306594203847,74.75,74.75,39.96915303470007,45.86023269297972,45.86023269297972,74.75,74.75,74.75,74.75,74.75,66.45055686845393,66.36135630439745,26.0,74.75,66.61105499283548,74.75,66.61105499283548,66.59488240067273,74.75,74.75,74.75,66.26650783431234,74.75,0.0,0.0
0.0,70.95761729850558,26.0,74.75,26.04276312545592,65.5924566325744,44.79703405069037,26.0,45.167712415724665,74.75,74.75,74.75,74.75,74.75,74.75,26.0,74.75,74.75,74.75,74.75,74.75,74.75,74.75,74.75,66.51047660921321,66.42127604515673,26.0,74.75,74.75,45.86023269297972,45.86023269297972,45.86023269297972,52.05750036201121,66.53975743251038,74.75,74.75,26.0,66.61105499283548,74.75,66.61105499283548,74.75,74.75,66.53410952648176,66.4449089624253,66.35570839836882,74.75,66.17730727025588,74.75,54.6698382973935
300.0,188.75,170.0,170.0,170.0,170.0,188.75,470.0,170.0,170.0,170.0,170.0,336.7694005701039,336.7662574303094,170.0,170.0,170.0,170.0,188.75,488.75,363.26460400827773,188.75,188.75,446.38116562883374,297.0434593463729,297.0327037733816,297.0219482003904,223.0615724216837,297.0004370543879,188.75,245.07789266769686,0.0,0.0,0.0,0.0,0.0,0.0,0.0,0.0,0.0,0.0,0.0,0.0,0.0,0.0,0.0,0.0,0.0,0.0
0.0,0.0,0.0,0.0,0.0,0.0,0.0,0.0,0.0,0.0,0.0,0.0,0.0,0.0,0.0,0.0,0.0,0.0,0.0,0.0,0.0,170.0,170.0,170.0,470.0,170.0,170.0,243.9496202056955,470.0000000000001,278.23968148141665,488.75,0.0,0.0,0.0,0.0,0.0,0.0,0.0,0.0,0.0,0.0,0.0,0.0,0.0,0.0,0.0,0.0,0.0,0.0
0.0,0.0,0.0,0.0,0.0,0.0,0.0,0.0,0.0,0.0,0.0,0.0,0.0,0.0,0.0,0.0,0.0,0.0,0.0,0.0,0.0,170.0,170.0,339.42304929051033,188.75,488.75,488.75,488.75,188.75,488.75,221.90103324072766,0.0,0.0,0.0,0.0,0.0,0.0,0.0,0.0,0.0,0.0,0.0,0.0,0.0,0.0,0.0,0.0,0.0,0.0
150.0,78.38550186444945,78.38550186444945,78.38550186444945,78.38550186444945,78.38550186444945,78.38550186444945,97.60118495621782,88.04010666702283,88.04066367004008,88.04122067990656,88.04177769662239,97.60408758218233,172.5,88.04571397619202,0.0,0.0,0.0,0.0,0.0,0.0,0.0,0.0,0.0,0.0,72.98214117636536,60.0,92.19297797676052,60.0,117.15812932048584,172.5,172.5,172.5,117.15812932048584,117.15812932048584,117.158129320495,172.5,0.0,0.0,0.0,0.0,0.0,0.0,0.0,0.0,0.0,0.0,0.0,0.0
150.0,60.0,60.0,60.0,60.0,60.0,60.0,0.0,0.0,0.0,0.0,0.0,0.0,0.0,0.0,0.0,0.0,88.04738521264727,172.5,172.5,88.05114805726485,88.05170519605404,88.05226234169417,88.05281949418531,97.61512951552223,172.5,125.23033710191643,172.5,60.0,172.5,172.5,117.158129320495,172.5,172.5,172.5,172.5,117.158129320495,0.0,0.0,0.0,0.0,0.0,0.0,0.0,0.0,0.0,0.0,0.0,0.0
0.0,0.0,0.0,0.0,0.0,0.0,0.0,0.0,0.0,0.0,0.0,0.0,0.0,0.0,0.0,0.0,0.0,0.0,0.0,0.0,0.0,0.0,0.0,0.0,0.0,0.0,0.0,0.0,144.69562087895298,172.5,117.158129320495,172.5,117.158129320495,172.5,172.5,172.5,172.5,86.67809225002969,0.0,0.0,0.0,0.0,0.0,0.0,0.0,0.0,0.0,0.0,0.0
120.0,74.12703482533158,74.12703482532565,74.12703482532565,74.12703482532565,74.12703482532565,74.12703482532565,75.67595794109533,75.67595794109533,75.67595794109533,75.67595794109533,75.67595794109533,75.67595794109533,54.35129509664766,49.352148699143555,0.0,0.0,0.0,0.0,0.0,0.0,0.0,0.0,0.0,0.0,0.0,0.0,0.0,49.358504467332494,49.3587957824734,54.35858620872758,133.6156498627574,100.66951119416795,139.84,139.84,114.13743905633376,114.13743905633888,114.13743905633888,114.13743905633376,114.13743905633376,114.13743905633376,114.13743905633888,114.13743905633888,0.0,0.0,0.0,0.0,0.0,0.0
0.0,0.0,0.0,0.0,0.0,0.0,0.0,0.0,0.0,0.0,0.0,0.0,0.0,0.0,0.0,49.35243993612989,49.352731176697446,49.35302242084629,54.352812776107534,139.84,49.355080560863016,49.35537183390138,49.35566311052143,49.35595439072319,93.70846732335895,0.0,0.0,0.0,0.0,0.0,0.0,0.0,0.0,0.0,0.0,139.84,139.84,139.84,139.84,139.84,139.84,139.84,139.84,48.64,48.64,0.0,0.0,0.0,0.0
150.0,0.0,0.0,0.0,0.0,0.0,0.0,0.0,0.0,0.0,0.0,0.0,0.0,0.0,0.0,0.0,0.0,0.0,0.0,0.0,0.0,0.0,0.0,0.0,0.0,0.0,0.0,0.0,0.0,0.0,0.0,0.0,0.0,0.0,0.0,0.0,0.0,0.0,0.0,0.0,0.0,0.0,0.0,0.0,0.0,0.0,0.0,0.0,0.0
150.0,0.0,0.0,0.0,0.0,0.0,0.0,0.0,0.0,0.0,0.0,0.0,0.0,0.0,0.0,0.0,0.0,0.0,0.0,0.0,0.0,0.0,0.0,0.0,0.0,0.0,0.0,0.0,0.0,0.0,0.0,0.0,0.0,0.0,0.0,0.0,0.0,0.0,0.0,0.0,0.0,0.0,0.0,0.0,0.0,0.0,0.0,0.0,0.0
0.0,0.0,0.0,0.0,0.0,0.0,0.0,0.0,0.0,0.0,0.0,0.0,0.0,0.0,0.0,0.0,0.0,0.0,0.0,0.0,0.0,0.0,0.0,0.0,0.0,0.0,0.0,0.0,0.0,0.0,0.0,0.0,0.0,0.0,0.0,0.0,0.0,0.0,0.0,0.0,0.0,0.0,0.0,0.0,0.0,0.0,0.0,0.0,0.0
150.0,0.0,0.0,0.0,0.0,0.0,0.0,0.0,0.0,0.0,0.0,0.0,0.0,0.0,0.0,0.0,0.0,0.0,0.0,0.0,0.0,0.0,0.0,0.0,0.0,0.0,0.0,0.0,0.0,0.0,0.0,0.0,0.0,0.0,0.0,0.0,0.0,0.0,0.0,0.0,0.0,0.0,0.0,0.0,0.0,0.0,0.0,0.0,0.0
150.0,98.06262387472367,98.06262387470093,98.06262387470093,98.06262387470093,98.06262387470093,98.06262387470093,98.06262387470093,98.06262387470093,98.06262387470093,98.06262387470093,98.06262387470093,98.06262387470093,98.06262387470093,98.06262387470093,98.06262387470093,98.06262387470093,98.06262387470093,98.06262387470093,98.06262387470093,98.06262387470093,98.06262387470093,98.06262387470093,98.06262387470093,98.06262387470093,98.06262387470093,98.06262387470093,98.06262387470093,98.06262387470093,98.06262387470093,98.06262387470093,98.06262387470093,98.06262387470093,98.06262387470093,98.06262387470093,98.06262387470093,98.06262387470093,98.06262387470093,98.06262387470093,98.06262387470093,98.06262387470093,98.06262387470093,98.06262387470093,98.06262387470093,98.06262387470093,98.06262387470093,98.06262387470093,98.06262387470093,98.06262387470093
150.0,0.0,0.0,0.0,0.0,0.0,0.0,0.0,0.0,0.0,0.0,0.0,0.0,0.0,0.0,0.0,0.0,0.0,0.0,0.0,0.0,0.0,0.0,0.0,0.0,0.0,0.0,0.0,0.0,0.0,0.0,0.0,0.0,0.0,0.0,0.0,0.0,0.0,0.0,0.0,0.0,0.0,0.0,0.0,0.0,0.0,0.0,0.0,0.0
150.0,0.0,0.0,0.0,0.0,0.0,0.0,0.0,0.0,0.0,0.0,0.0,0.0,0.0,0.0,0.0,0.0,0.0,0.0,0.0,0.0,0.0,0.0,0.0,0.0,0.0,0.0,0.0,0.0,0.0,0.0,0.0,0.0,0.0,0.0,0.0,0.0,0.0,0.0,0.0,0.0,0.0,0.0,0.0,0.0,0.0,0.0,0.0,0.0
150.0,107.57499999999999,107.57499999999999,107.57499999999999,107.57499999999999,107.57499999999999,107.57499999999999,107.57499999999999,107.57499999999999,107.57499999999999,107.57499999999999,107.57499999999999,107.57499999999999,107.57499999999999,107.57499999999999,107.57499999999999,107.57499999999999,107.57499999999999,107.57499999999999,107.57499999999999,107.57499999999999,107.57499999999999,107.57499999999999,107.57499999999999,107.57499999999999,107.57499999999999,107.57499999999999,107.57499999999999,107.57499999999999,107.57499999999999,107.57499999999999,107.57499999999999,107.57499999999999,107.57499999999999,107.57499999999999,107.57499999999999,107.57499999999999,107.57499999999999,107.57499999999999,107.57499999999999,107.57499999999999,107.57499999999999,107.57499999999999,107.57499999999999,107.57499999999999,107.57499999999999,107.57499999999999,107.57499999999999,107.57499999999999
120.0,86.3686188851396,86.3686188851396,86.3686188851396,86.3686188851396,86.3686188851396,86.3686188851396,86.3686188851396,86.3686188851396,86.3686188851405,86.3686188851396,86.3686188851396,86.3686188851396,86.3686188851396,86.3686188851396,86.3686188851396,86.3686188851396,86.3686188851396,136.3686188851396,86.3686188851396,136.3686188851396,86.3686188851396,86.3686188851396,86.3686188851396,86.3686188851396,86.3686188851396,86.3686188851396,86.3686188851396,86.3686188851396,86.3686188851396,86.3686188851396,86.3686188851396,86.3686188851396,86.3686188851396,86.3686188851396,86.3686188851396,86.3686188851396,88.29361888513955,138.29361888513955,131.3740079732048,156.285,106.285,86.3686188851396,86.3686188851396,86.3686188851396,86.3686188851396,86.3686188851396,86.3686188851396,86.3686188851396
120.0,156.285,156.285,156.285,156.285,156.285,156.285,156.285,156.285,156.285,156.285,156.285,156.285,156.285,156.285,156.285,156.285,156.285,156.285,106.285,156.285,156.285,156.285,156.285,156.285,156.285,156.285,156.285,156.285,156.285,156.285,156.285,156.285,156.285,156.285,156.285,156.285,156.285,156.285,106.285,156.285,156.285,156.285,156.285,156.285,156.285,156.285,156.285,156.285
120.0,156.285,156.285,156.285,156.285,156.285,156.285,156.285,156.285,156.285,156.285,156.285,156.285,156.285,156.285,156.285,156.285,156.285,156.285,106.285,156.285,156.285,156.285,156.285,156.285,156.285,156.285,156.285,156.285,156.285,156.285,156.285,156.285,156.285,156.285,156.285,156.285,156.285,156.285,156.285,156.285,156.285,156.285,156.285,156.285,156.285,156.285,156.285,156.285
120.0,156.285,156.285,156.285,156.285,156.285,156.285,156.285,156.285,156.285,156.285,156.285,156.285,156.285,156.285,156.285,156.285,156.285,156.285,106.285,156.285,156.285,156.285,156.285,156.285,156.285,156.285,156.285,156.285,156.285,156.285,156.285,156.285,156.285,156.285,156.285,156.285,156.285,156.285,106.285,156.285,156.285,156.285,156.285,156.285,156.285,156.285,156.285,156.285
120.0,156.285,156.285,156.285,156.285,156.285,156.285,156.285,156.285,156.285,156.285,156.285,156.285,156.285,156.285,156.285,156.285,156.285,156.285,106.285,156.285,156.285,156.285,156.285,156.285,156.285,156.285,156.285,156.285,156.285,156.285,156.285,156.285,156.285,156.285,156.285,156.285,154.36,104.36,54.36,88.2936188851396,138.2936188851396,156.285,156.285,156.285,156.285,156.285,156.285,156.285
0.0,156.285,156.285,156.285,156.285,156.285,156.285,156.285,156.285,156.285,156.285,156.285,156.285,156.285,156.285,156.285,156.285,156.285,156.28500000000003,106.28500000000003,156.28500000000003,156.285,156.285,156.285,156.285,156.285,156.285,156.285,156.285,156.285,156.285,156.285,156.285,156.285,156.285,156.285,156.285,156.285,156.285,106.285,156.285,156.285,156.285,156.285,156.285,156.285,156.285,156.285,156.285
0.0,106.285,106.285,106.285,106.285,106.285,106.285,106.285,106.285,106.285,106.285,106.285,106.285,106.285,106.285,106.285,106.285,106.285,106.285,104.36,106.285,106.285,106.285,106.285,106.285,106.285,106.285,106.285,106.285,106.285,106.285,106.285,106.285,106.285,106.285,106.285,106.285,106.28500000000003,106.285,106.285,104.36,104.36,106.285,106.285,106.285,106.285,106.285,106.285,106.285
0.0,156.285,156.285,156.285,156.285,156.285,156.285,156.285,156.285,156.285,156.285,156.285,156.285,156.285,156.285,156.285,156.285,156.285,106.285,56.285,106.285,156.285,156.285,156.285,156.285,156.285,156.285,156.285,156.285,156.285,156.285,156.285,156.285,156.285,156.285,156.285,156.285,156.285,156.285,106.285,156.285,156.285,156.285,156.285,156.285,156.285,156.285,156.285,156.285
9.0,20.474867924868764,20.507742490761583,20.54061705665447,20.573491622547294,20.60636618844012,20.639240754332945,20.672115320225657,20.704989886118483,20.737864452011195,20.77073901790402,20.803613583796732,9.0,20.86936271558227,20.902237281475095,20.935111847367807,20.967986413260633,21.000860979153458,9.0,0.0,0.0,0.0,0.0,0.0,0.0,0.0,0.0,0.0,0.0,0.0,0.0,0.0,0.0,0.0,0.0,0.0,0.0,0.0,0.0,0.0,0.0,0.0,0.0,0.0,0.0,0.0,0.0,0.0,0.0
9.0,0.0,0.0,0.0,0.0,0.0,0.0,0.0,0.0,0.0,0.0,0.0,0.0,0.0,0.0,0.0,0.0,0.0,0.0,0.0,0.0,0.0,0.0,0.0,0.0,0.0,0.0,0.0,0.0,0.0,0.0,0.0,0.0,0.0,0.0,0.0,0.0,0.0,0.0,0.0,0.0,0.0,0.0,0.0,0.0,0.0,0.0,0.0,25.875
350.0,0.0,0.0,0.0,0.0,0.0,0.0,0.0,0.0,0.0,0.0,0.0,0.0,0.0,0.0,0.0,0.0,0.0,0.0,0.0,0.0,0.0,0.0,0.0,0.0,0.0,0.0,0.0,0.0,0.0,0.0,0.0,0.0,0.0,0.0,0.0,0.0,0.0,0.0,0.0,0.0,0.0,0.0,0.0,0.0,0.0,0.0,0.0,0.0
350.0,0.0,0.0,0.0,0.0,0.0,0.0,0.0,0.0,0.0,0.0,0.0,0.0,0.0,0.0,0.0,0.0,0.0,0.0,0.0,0.0,0.0,0.0,0.0,0.0,0.0,0.0,0.0,0.0,0.0,0.0,0.0,0.0,0.0,0.0,0.0,0.0,0.0,0.0,0.0,0.0,0.0,0.0,0.0,0.0,0.0,0.0,0.0,0.0
350.0,0.0,0.0,0.0,0.0,0.0,0.0,0.0,0.0,0.0,0.0,0.0,0.0,0.0,0.0,0.0,0.0,0.0,0.0,0.0,0.0,0.0,0.0,0.0,0.0,0.0,0.0,0.0,0.0,0.0,0.0,0.0,0.0,0.0,0.0,0.0,0.0,0.0,0.0,0.0,0.0,0.0,0.0,0.0,0.0,0.0,0.0,0.0,0.0
350.0,0.0,0.0,0.0,0.0,0.0,0.0,0.0,0.0,0.0,0.0,0.0,0.0,0.0,0.0,0.0,0.0,0.0,0.0,0.0,0.0,0.0,0.0,0.0,0.0,0.0,0.0,0.0,0.0,0.0,0.0,0.0,0.0,0.0,0.0,0.0,0.0,0.0,0.0,0.0,0.0,0.0,0.0,0.0,0.0,0.0,0.0,0.0,0.0
350.0,0.0,0.0,0.0,0.0,0.0,0.0,0.0,0.0,0.0,0.0,0.0,0.0,0.0,0.0,0.0,0.0,0.0,0.0,0.0,0.0,0.0,0.0,0.0,0.0,0.0,0.0,0.0,0.0,0.0,0.0,0.0,0.0,0.0,0.0,0.0,0.0,0.0,0.0,0.0,0.0,0.0,0.0,0.0,0.0,0.0,0.0,0.0,0.0
350.0,0.0,0.0,0.0,0.0,0.0,0.0,0.0,0.0,0.0,0.0,0.0,0.0,0.0,0.0,0.0,0.0,0.0,0.0,0.0,0.0,0.0,0.0,0.0,0.0,0.0,0.0,0.0,0.0,0.0,0.0,0.0,0.0,0.0,0.0,0.0,0.0,0.0,0.0,0.0,0.0,0.0,0.0,0.0,0.0,0.0,0.0,0.0,0.0
350.0,0.0,0.0,0.0,0.0,0.0,0.0,0.0,0.0,0.0,0.0,0.0,0.0,0.0,0.0,0.0,0.0,0.0,0.0,0.0,0.0,0.0,0.0,0.0,0.0,0.0,0.0,0.0,0.0,0.0,0.0,0.0,0.0,0.0,0.0,0.0,0.0,0.0,0.0,0.0,0.0,0.0,0.0,0.0,0.0,0.0,0.0,0.0,0.0
350.0,0.0,0.0,0.0,0.0,0.0,0.0,0.0,0.0,0.0,0.0,0.0,0.0,0.0,0.0,0.0,0.0,0.0,0.0,0.0,0.0,0.0,0.0,0.0,0.0,0.0,0.0,0.0,0.0,0.0,0.0,0.0,0.0,0.0,0.0,0.0,0.0,0.0,0.0,0.0,0.0,0.0,0.0,0.0,0.0,0.0,0.0,0.0,0.0
350.0,0.0,0.0,0.0,0.0,0.0,0.0,0.0,0.0,0.0,0.0,0.0,0.0,0.0,0.0,0.0,0.0,0.0,0.0,0.0,0.0,0.0,0.0,0.0,0.0,0.0,0.0,0.0,0.0,0.0,0.0,0.0,0.0,0.0,0.0,0.0,0.0,0.0,0.0,0.0,0.0,0.0,0.0,0.0,0.0,0.0,0.0,0.0,0.0
350.0,0.0,0.0,0.0,0.0,0.0,0.0,0.0,0.0,0.0,0.0,0.0,0.0,0.0,0.0,0.0,0.0,0.0,0.0,0.0,0.0,0.0,0.0,229.07761915898786,190.0,240.0,190.0,190.0,190.0,190.0,190.0,190.0,190.0,190.0,190.0,202.5,252.5,302.5,352.5,302.5,252.5,0.0,0.0,0.0,0.0,0.0,0.0,0.0,0.0
0.0,0.0,0.0,0.0,0.0,0.0,0.0,0.0,0.0,0.0,0.0,0.0,0.0,0.0,0.0,0.0,0.0,0.0,0.0,0.0,0.0,0.0,0.0,0.0,0.0,0.0,0.0,0.0,0.0,0.0,0.0,0.0,0.0,0.0,0.0,0.0,0.0,0.0,0.0,0.0,0.0,0.0,0.0,0.0,0.0,0.0,0.0,0.0,0.0
0.0,0.0,0.0,0.0,0.0,0.0,0.0,0.0,0.0,0.0,0.0,0.0,0.0,0.0,0.0,0.0,0.0,0.0,0.0,0.0,0.0,0.0,0.0,0.0,0.0,240.0,190.0,190.0,190.0,190.0,190.0,190.0,190.0,190.0,202.5,252.5,302.5,352.5,402.5,352.5,302.5,0.0,0.0,0.0,0.0,0.0,0.0,0.0,0.0
350.0,0.0,0.0,0.0,0.0,0.0,0.0,0.0,0.0,0.0,0.0,0.0,0.0,0.0,0.0,0.0,0.0,0.0,0.0,0.0,0.0,0.0,0.0,0.0,0.0,0.0,0.0,0.0,0.0,0.0,0.0,0.0,0.0,0.0,0.0,0.0,0.0,0.0,0.0,0.0,0.0,0.0,0.0,0.0,0.0,0.0,0.0,0.0,0.0
350.0,0.0,0.0,0.0,0.0,0.0,0.0,0.0,0.0,0.0,0.0,0.0,0.0,0.0,0.0,0.0,0.0,0.0,0.0,0.0,0.0,0.0,0.0,0.0,0.0,0.0,0.0,0.0,0.0,0.0,0.0,206.0,206.0,206.0,248.5,298.5,348.5,398.5,448.5,398.5,348.5,0.0,0.0,0.0,0.0,0.0,0.0,0.0,0.0
350.0,0.0,0.0,0.0,0.0,0.0,0.0,0.0,0.0,0.0,0.0,0.0,0.0,0.0,0.0,0.0,0.0,0.0,0.0,0.0,0.0,0.0,0.0,0.0,0.0,0.0,0.0,0.0,0.0,0.0,0.0,0.0,0.0,0.0,0.0,0.0,0.0,0.0,0.0,0.0,0.0,0.0,0.0,0.0,0.0,0.0,0.0,0.0,0.0
350.0,0.0,0.0,0.0,0.0,0.0,0.0,0.0,0.0,0.0,0.0,0.0,0.0,0.0,0.0,0.0,0.0,0.0,0.0,0.0,0.0,0.0,0.0,0.0,0.0,0.0,0.0,0.0,0.0,0.0,0.0,0.0,0.0,0.0,0.0,0.0,0.0,0.0,0.0,0.0,0.0,0.0,0.0,0.0,0.0,0.0,0.0,0.0,0.0
350.0,0.0,0.0,0.0,0.0,0.0,0.0,0.0,0.0,0.0,0.0,0.0,0.0,0.0,0.0,0.0,0.0,0.0,0.0,0.0,0.0,0.0,0.0,0.0,0.0,0.0,0.0,0.0,0.0,0.0,0.0,0.0,0.0,0.0,0.0,0.0,0.0,0.0,0.0,0.0,0.0,0.0,0.0,0.0,0.0,0.0,0.0,0.0,0.0
350.0,0.0,0.0,0.0,0.0,0.0,0.0,0.0,0.0,0.0,0.0,0.0,0.0,0.0,0.0,0.0,0.0,0.0,0.0,0.0,0.0,0.0,0.0,0.0,0.0,0.0,0.0,0.0,0.0,0.0,0.0,0.0,0.0,0.0,0.0,0.0,0.0,0.0,0.0,0.0,0.0,0.0,0.0,0.0,0.0,0.0,0.0,0.0,0.0
350.0,0.0,0.0,0.0,0.0,0.0,0.0,0.0,0.0,0.0,0.0,0.0,0.0,0.0,0.0,0.0,0.0,0.0,0.0,0.0,0.0,0.0,0.0,0.0,0.0,0.0,0.0,0.0,0.0,0.0,0.0,0.0,0.0,0.0,0.0,0.0,0.0,0.0,0.0,0.0,0.0,0.0,0.0,0.0,0.0,0.0,0.0,0.0,0.0
350.0,0.0,0.0,0.0,0.0,0.0,0.0,0.0,0.0,0.0,0.0,0.0,0.0,0.0,0.0,0.0,0.0,0.0,0.0,0.0,0.0,0.0,0.0,0.0,0.0,0.0,0.0,0.0,0.0,0.0,0.0,0.0,0.0,0.0,0.0,0.0,0.0,0.0,0.0,0.0,0.0,0.0,0.0,0.0,0.0,0.0,0.0,0.0,0.0
350.0,0.0,0.0,0.0,0.0,0.0,0.0,0.0,0.0,0.0,0.0,0.0,0.0,0.0,0.0,0.0,0.0,0.0,0.0,0.0,0.0,0.0,0.0,0.0,0.0,256.0,206.0,206.0,206.0,206.0,206.0,206.0,206.0,206.0,239.1680203197901,289.1680203197901,339.1680203197901,389.1680203197901,439.1680203197901,389.1680203197901,339.1680203197901,0.0,0.0,0.0,0.0,0.0,0.0,0.0,0.0
0.0,0.0,0.0,0.0,0.0,0.0,0.0,0.0,0.0,0.0,0.0,0.0,0.0,0.0,0.0,0.0,0.0,0.0,0.0,0.0,0.0,0.0,0.0,0.0,0.0,0.0,0.0,0.0,0.0,0.0,0.0,0.0,0.0,0.0,0.0,0.0,0.0,0.0,0.0,0.0,0.0,0.0,0.0,0.0,0.0,0.0,0.0,0.0,0.0
0.0,0.0,0.0,0.0,0.0,0.0,0.0,0.0,0.0,0.0,0.0,0.0,0.0,0.0,0.0,0.0,0.0,0.0,0.0,0.0,0.0,0.0,0.0,256.0,206.0,256.0,206.0,206.0,206.0,206.0,206.0,206.0,206.0,206.0,206.0,248.5,298.5,348.5,398.5,348.5,298.5,348.5,398.5,398.5,398.5,390.2145415957241,340.2145415957241,290.2145415957241,0.0
61.56,0.0,0.0,0.0,0.0,0.0,0.0,0.0,0.0,0.0,0.0,0.0,0.0,0.0,0.0,0.0,0.0,0.0,0.0,0.0,0.0,0.0,0.0,0.0,0.0,0.0,0.0,0.0,0.0,0.0,0.0,0.0,0.0,0.0,0.0,0.0,0.0,0.0,0.0,0.0,0.0,0.0,0.0,0.0,0.0,0.0,0.0,0.0,0.0
0.0,0.0,0.0,0.0,0.0,0.0,0.0,0.0,0.0,0.0,0.0,0.0,0.0,0.0,0.0,0.0,0.0,0.0,0.0,0.0,0.0,0.0,0.0,0.0,0.0,0.0,0.0,0.0,0.0,0.0,0.0,0.0,0.0,0.0,0.0,0.0,0.0,0.0,0.0,0.0,0.0,0.0,0.0,0.0,0.0,0.0,0.0,0.0,0.0
0.0,0.0,0.0,0.0,0.0,0.0,0.0,0.0,0.0,0.0,0.0,0.0,0.0,0.0,0.0,0.0,0.0,0.0,0.0,0.0,0.0,0.0,0.0,0.0,0.0,0.0,0.0,0.0,0.0,0.0,0.0,0.0,0.0,0.0,0.0,0.0,0.0,0.0,0.0,0.0,0.0,0.0,0.0,0.0,0.0,0.0,0.0,0.0,0.0
150.0,70.0,70.0,70.0,0.0,0.0,0.0,0.0,0.0,0.0,0.0,0.0,0.0,0.0,0.0,0.0,0.0,0.0,0.0,0.0,0.0,0.0,0.0,0.0,0.0,0.0,0.0,0.0,70.0,70.0,70.0,70.0,70.0,70.0,70.0,70.0,70.0,70.0,0.0,0.0,0.0,0.0,0.0,0.0,0.0,0.0,0.0,0.0,0.0
150.0,86.21991258842627,86.21435376582451,86.20879494285875,70.0,70.0,70.0,70.0,0.0,0.0,0.0,0.0,0.0,0.0,0.0,0.0,0.0,0.0,0.0,0.0,0.0,0.0,0.0,0.0,0.0,0.0,0.0,0.0,0.0,0.0,0.0,0.0,0.0,0.0,0.0,0.0,0.0,0.0,0.0,0.0,0.0,0.0,0.0,0.0,70.0,70.0,85.96976555533104,155.96420673236528,70.0
0.0,0.0,0.0,0.0,86.20323611989298,86.19767729692722,86.19211847396147,86.1865596509957,156.18100082802994,156.17544200506418,156.16988318209843,156.16432435913268,156.15876553616692,156.15320671320114,70.0,0.0,0.0,0.0,0.0,0.0,0.0,0.0,0.0,0.0,0.0,0.0,0.0,0.0,0.0,0.0,0.0,0.0,0.0,0.0,0.0,0.0,0.0,0.0,0.0,0.0,0.0,0.0,0.0,0.0,0.0,0.0,0.0,0.0,0.0
0.0,0.0,0.0,0.0,0.0,0.0,0.0,0.0,0.0,0.0,0.0,0.0,0.0,0.0,86.14764789023539,70.0,70.0,70.0,70.0,70.0,70.0,70.0,70.0,70.0,0.0,0.0,0.0,0.0,0.0,0.0,0.0,0.0,0.0,0.0,0.0,0.0,0.0,0.0,0.0,0.0,0.0,0.0,0.0,0.0,0.0,0.0,0.0,0.0,85.95864790939953
0.0,0.0,0.0,0.0,0.0,0.0,0.0,0.0,0.0,0.0,0.0,0.0,0.0,0.0,0.0,86.14208906726964,86.13653024430387,86.1309714213381,86.12541259837235,86.1198537754066,86.11429495244083,86.10873612947506,86.10317730650931,86.09761848354356,70.0,0.0,0.0,0.0,0.0,0.0,0.0,0.0,0.0,0.0,0.0,0.0,0.0,0.0,0.0,0.0,0.0,0.0,0.0,0.0,0.0,0.0,0.0,0.0,0.0
0.0,0.0,0.0,0.0,0.0,0.0,0.0,0.0,0.0,0.0,0.0,0.0,0.0,0.0,0.0,0.0,0.0,0.0,0.0,0.0,0.0,0.0,0.0,0.0,86.09205966057779,156.08650083761202,156.08094201464627,156.07538319168052,86.06982436871475,86.06426554574898,86.05870672278323,86.05314789981747,86.04758907685171,86.04203025388594,86.03647143092019,86.03091260795443,86.02535378498867,86.0197949620229,156.01423613905715,156.0086773160914,156.0031184931256,155.99755967015986,155.9920008471941,155.98644202422835,85.98088320126259,85.97532437829682,70.0,0.0,0.0
230.0,0.0,0.0,0.0,0.0,0.0,0.0,0.0,0.0,0.0,0.0,0.0,0.0,0.0,0.0,0.0,0.0,0.0,0.0,0.0,0.0,0.0,0.0,0.0,0.0,0.0,0.0,0.0,98.64,98.64,98.64,98.64,98.64,98.64,98.64,169.30023270301018,169.2932581218675,98.64,0.0,0.0,0.0,0.0,0.0,0.0,0.0,0.0,0.0,0.0,0.0
230.0,130.0,125.06238640428602,125.05812566794594,125.05386493160589,125.0496041952658,0.0,0.0,0.0,0.0,0.0,0.0,0.0,0.0,0.0,0.0,168.07248923840478,168.0655146572621,168.0585400761194,183.10156549497674,168.04459091383404,183.08761633269137,183.0806417515487,98.64,98.64,98.64,0.0,0.0,0.0,0.0,0.0,0.0,0.0,0.0,0.0,0.0,0.0,0.0,0.0,0.0,0.0,0.0,0.0,0.0,0.0,0.0,0.0,0.0,0.0
0.0,0.0,0.0,0.0,0.0,0.0,125.04534345892571,168.12957227276735,125.03410814144297,168.1183369552846,125.02287282396023,168.10710163780186,173.91819571392662,131.9235986156366,168.08643840069013,98.64,0.0,0.0,0.0,0.0,0.0,0.0,0.0,0.0,0.0,0.0,0.0,0.0,0.0,0.0,0.0,0.0,0.0,0.0,0.0,0.0,0.0,0.0,0.0,0.0,0.0,0.0,0.0,0.0,0.0,0.0,137.81510666558177,139.82950764614367,139.82524690980364
0.0,0.0,0.0,0.0,0.0,0.0,0.0,0.0,0.0,0.0,0.0,0.0,0.0,0.0,0.0,0.0,0.0,0.0,0.0,0.0,0.0,0.0,0.0,98.64,98.64,98.64,198.64,98.64,98.64,98.64,98.64,98.64,98.64,0.0,0.0,0.0,0.0,0.0,0.0,0.0,0.0,0.0,0.0,0.0,0.0,0.0,0.0,0.0,0.0
0.0,193.7066471406261,198.64,198.64,198.64,198.64,198.64,198.64,198.64,198.64,198.64,198.64,188.68579810563702,234.80981436619624,198.64,268.07946381954747,198.64,198.64,198.64,183.58999999999997,198.64,183.58999999999997,183.58999999999997,169.38366717040603,169.37669258926334,169.36971800812066,168.002743426978,267.9957688458353,169.34879426469263,169.34181968354994,169.33484510240726,169.3278705212646,169.32089594012191,98.64,169.30720728415287,98.64,98.64,169.2862835407248,183.58999999999997,183.58999999999997,183.58999999999997,183.58999999999997,183.58999999999997,283.59,283.59,283.59,185.60866171690202,183.58999999999997,183.58999999999997
0.0,0.0,0.0,0.0,0.0,0.0,0.0,0.0,0.0,0.0,0.0,0.0,0.0,0.0,0.0,0.0,0.0,0.0,0.0,0.0,0.0,0.0,0.0,0.0,0.0,0.0,0.0,0.0,0.0,0.0,0.0,0.0,0.0,165.17778812188374,98.64,98.64,98.64,98.64,182.96930895958215,182.9623343784395,173.36408487847294,182.94898930397108,182.94201472282847,0.0,0.0,0.0,0.0,0.0,0.0
0.0,0.0,0.0,0.0,0.0,0.0,0.0,0.0,0.0,0.0,0.0,0.0,0.0,0.0,0.0,0.0,0.0,0.0,0.0,0.0,0.0,0.0,0.0,0.0,0.0,0.0,0.0,0.0,0.0,0.0,0.0,0.0,0.0,0.0,0.0,0.0,0.0,0.0,0.0,0.0,0.0,0.0,0.0,0.0,0.0,0.0,0.0,0.0,0.0
0.0,0.0,0.0,0.0,0.0,0.0,0.0,0.0,0.0,0.0,0.0,0.0,0.0,0.0,0.0,0.0,0.0,0.0,0.0,0.0,0.0,0.0,0.0,0.0,0.0,0.0,0.0,0.0,0.0,0.0,0.0,0.0,0.0,0.0,0.0,0.0,0.0,0.0,0.0,0.0,0.0,0.0,0.0,0.0,0.0,0.0,0.0,0.0,0.0
0.0,0.0,0.0,0.0,0.0,0.0,0.0,0.0,0.0,0.0,0.0,0.0,0.0,0.0,0.0,0.0,0.0,0.0,0.0,0.0,0.0,0.0,0.0,0.0,0.0,0.0,0.0,0.0,0.0,0.0,0.0,0.0,0.0,0.0,0.0,0.0,0.0,0.0,0.0,0.0,0.0,0.0,0.0,0.0,0.0,0.0,0.0,0.0,0.0
0.0,0.0,0.0,0.0,0.0,0.0,0.0,0.0,0.0,0.0,0.0,0.0,0.0,0.0,0.0,0.0,0.0,0.0,0.0,0.0,0.0,0.0,0.0,0.0,0.0,0.0,0.0,0.0,0.0,0.0,0.0,0.0,0.0,0.0,0.0,0.0,0.0,0.0,0.0,0.0,0.0,0.0,0.0,0.0,0.0,0.0,0.0,0.0,0.0
0.0,0.0,0.0,0.0,0.0,0.0,0.0,0.0,0.0,0.0,0.0,0.0,0.0,0.0,0.0,0.0,0.0,0.0,0.0,0.0,0.0,0.0,0.0,0.0,0.0,0.0,0.0,0.0,0.0,0.0,0.0,0.0,0.0,0.0,0.0,0.0,0.0,0.0,0.0,0.0,0.0,0.0,0.0,0.0,0.0,0.0,0.0,0.0,0.0
0.0,0.0,0.0,0.0,0.0,0.0,0.0,0.0,0.0,0.0,0.0,0.0,0.0,0.0,0.0,0.0,0.0,0.0,0.0,0.0,0.0,0.0,0.0,0.0,0.0,0.0,0.0,0.0,0.0,0.0,0.0,0.0,0.0,0.0,0.0,0.0,0.0,0.0,0.0,0.0,0.0,0.0,0.0,0.0,0.0,0.0,0.0,0.0,0.0
0.0,0.0,0.0,0.0,0.0,0.0,0.0,0.0,0.0,0.0,0.0,0.0,0.0,0.0,0.0,0.0,0.0,0.0,0.0,0.0,0.0,0.0,0.0,0.0,0.0,0.0,0.0,0.0,0.0,0.0,0.0,0.0,0.0,0.0,0.0,0.0,0.0,0.0,0.0,0.0,0.0,0.0,0.0,0.0,0.0,0.0,0.0,0.0,0.0
0.0,28.0,28.0,28.0,28.0,28.0,28.0,28.0,28.0,28.0,28.0,28.0,28.0,28.0,28.0,28.0,28.0,28.0,28.0,28.0,28.0,28.0,28.0,28.0,28.0,28.0,28.0,28.0,28.0,28.0,28.0,28.0,28.0,28.0,28.0,28.0,28.0,28.0,28.0,28.0,28.0,28.0,28.0,28.0,28.0,28.0,28.0,28.0,28.000000000000117
0.0,0.0,0.0,0.0,0.0,0.0,0.0,0.0,0.0,0.0,0.0,0.0,0.0,0.0,0.0,0.0,0.0,0.0,0.0,0.0,0.0,0.0,0.0,0.0,0.0,0.0,0.0,0.0,0.0,0.0,0.0,0.0,0.0,0.0,0.0,0.0,0.0,0.0,0.0,0.0,0.0,0.0,0.0,0.0,0.0,0.0,0.0,0.0,0.0
0.0,0.0,0.0,0.0,0.0,0.0,0.0,0.0,0.0,0.0,0.0,0.0,0.0,0.0,0.0,0.0,0.0,0.0,0.0,0.0,0.0,0.0,0.0,0.0,0.0,0.0,0.0,0.0,0.0,0.0,0.0,0.0,0.0,0.0,0.0,0.0,0.0,0.0,0.0,0.0,0.0,0.0,0.0,0.0,0.0,0.0,0.0,0.0,0.0
0.0,0.0,0.0,0.0,0.0,0.0,0.0,0.0,0.0,0.0,0.0,0.0,0.0,0.0,0.0,0.0,0.0,0.0,0.0,0.0,0.0,0.0,0.0,0.0,0.0,0.0,0.0,0.0,0.0,0.0,0.0,0.0,0.0,0.0,0.0,0.0,0.0,0.0,0.0,0.0,0.0,0.0,0.0,0.0,0.0,0.0,0.0,0.0,0.0
0.0,0.0,0.0,0.0,0.0,0.0,0.0,0.0,0.0,0.0,0.0,0.0,0.0,0.0,0.0,0.0,0.0,0.0,0.0,0.0,0.0,0.0,0.0,0.0,0.0,0.0,0.0,0.0,0.0,0.0,0.0,0.0,0.0,0.0,0.0,0.0,0.0,0.0,0.0,0.0,0.0,0.0,0.0,0.0,0.0,0.0,0.0,0.0,0.0
0.0,0.0,0.0,0.0,0.0,0.0,0.0,0.0,0.0,0.0,0.0,0.0,0.0,0.0,0.0,0.0,0.0,0.0,0.0,0.0,0.0,0.0,0.0,0.0,0.0,0.0,0.0,0.0,0.0,0.0,0.0,0.0,0.0,0.0,0.0,0.0,0.0,0.0,0.0,0.0,0.0,0.0,0.0,0.0,0.0,0.0,0.0,0.0,0.0
0.0,0.0,0.0,0.0,0.0,0.0,0.0,0.0,0.0,0.0,0.0,0.0,0.0,0.0,0.0,0.0,0.0,0.0,0.0,0.0,0.0,0.0,0.0,0.0,0.0,0.0,0.0,0.0,0.0,0.0,0.0,0.0,0.0,0.0,0.0,0.0,0.0,0.0,0.0,0.0,0.0,0.0,0.0,0.0,0.0,0.0,0.0,0.0,0.0
0.0,0.0,0.0,0.0,0.0,0.0,0.0,0.0,0.0,0.0,0.0,0.0,0.0,0.0,0.0,0.0,0.0,0.0,0.0,0.0,0.0,0.0,0.0,0.0,0.0,0.0,0.0,0.0,0.0,0.0,0.0,0.0,0.0,0.0,0.0,0.0,0.0,0.0,0.0,0.0,0.0,0.0,0.0,0.0,0.0,0.0,0.0,0.0,0.0
0.0,0.0,0.0,0.0,0.0,0.0,0.0,0.0,0.0,0.0,0.0,0.0,0.0,0.0,0.0,0.0,0.0,0.0,0.0,0.0,0.0,0.0,0.0,0.0,0.0,0.0,0.0,0.0,0.0,0.0,0.0,0.0,0.0,0.0,0.0,0.0,0.0,0.0,0.0,0.0,0.0,0.0,0.0,0.0,0.0,0.0,0.0,0.0,0.0
0.0,0.0,0.0,0.0,0.0,0.0,0.0,0.0,0.0,0.0,0.0,0.0,0.0,0.0,0.0,0.0,0.0,0.0,0.0,0.0,0.0,0.0,0.0,0.0,0.0,0.0,0.0,0.0,0.0,0.0,0.0,0.0,0.0,0.0,0.0,0.0,0.0,0.0,0.0,0.0,0.0,0.0,0.0,0.0,0.0,0.0,0.0,0.0,0.0
300.0,258.5337100896236,164.16,164.16,164.16,164.16,164.16,164.16,0.0,0.0,0.0,0.0,0.0,0.0,0.0,0.0,0.0,0.0,164.16,164.16,164.16,164.16,253.4176652753456,164.16,164.16,164.16,164.16,164.16,253.41766527534696,353.41766527534696,253.41766527534688,164.16,164.16,164.16,164.16,164.16,164.16,253.4176652753456,253.4176652753456,243.01914162452738,253.4176652753456,253.4176652753456,253.4176652753456,253.4176652753456,253.4176652753456,253.4176652753456,229.3045399556869,200.0000000000001,0.0
300.0,264.15999999999997,164.16,164.16,164.16,164.16,164.16,164.16,164.16,264.15999999999997,164.16,0.0,0.0,0.0,0.0,0.0,0.0,0.0,0.0,0.0,0.0,164.16,164.16,164.16,164.16,164.16,164.16,164.16,164.16,164.15999999999997,164.16,200.0,0.0,0.0,0.0,0.0,0.0,0.0,0.0,0.0,0.0,0.0,0.0,0.0,0.0,0.0,0.0,0.0,0.0
300.0,0.0,0.0,0.0,0.0,0.0,0.0,0.0,0.0,0.0,0.0,0.0,164.16,164.16,164.16,164.16,164.16,164.16,164.16,217.57766527534568,164.16,164.16,164.16,164.1599999999986,228.31999999999869,164.16,164.16,164.16,164.16,164.16,164.16,164.16,164.16,164.16,164.16,164.16,164.16,164.16,164.16,164.16,164.16,164.16,164.16,164.16,164.16,164.16,164.16,217.57766527534545,317.57766527534545
0.0,0.0,194.3737100896236,194.3737100896236,194.3737100896236,194.3737100896236,194.3737100896236,271.2160631713482,371.2160631713482,371.2160631713482,371.96000000000004,471.96000000000004,371.96000000000004,382.4816021039975,282.4816021039975,382.4816021039975,371.96000000000004,343.0191416245274,243.01914162452738,0.0,0.0,0.0,0.0,0.0,0.0,0.0,0.0,0.0,0.0,0.0,164.15999999999872,164.16,264.15999999999997,164.16,264.15999999999997,164.16,164.16,164.16,164.16,164.16,164.16,164.16,164.16,164.16,164.16,164.16,164.16,164.16,164.16
0.0,0.0,0.0,0.0,0.0,0.0,0.0,0.0,0.0,0.0,0.0,0.0,0.0,0.0,0.0,0.0,0.0,238.71852365081816,164.16,264.15999999999997,228.31999999999869,164.1599999999986,164.16,253.41766527534696,353.41766527534696,417.57766527534557,417.57766527534557,417.57766527534557,328.3199999999987,228.31999999999869,164.16,217.57766527534557,317.57766527534557,417.57766527534557,317.57766527534557,217.57766527534557,164.16,164.16,164.16,164.16,164.16,164.16,164.16,164.16,164.16,164.16,164.16,164.16,264.15999999999997
0.0,0.0,0.0,0.0,0.0,0.0,0.0,200.0,264.15999999999997,164.16,263.4160631713481,327.5760631713481,263.4160631713481,363.4160631713481,352.8944610673507,363.4160631713481,263.4160631713481,164.16,164.16,264.15999999999997,353.41766527534696,253.41766527534696,164.16,164.16,0.0,0.0,0.0,0.0,0.0,0.0,0.0,0.0,0.0,0.0,0.0,200.0,253.4176652753456,164.16,164.16,164.16,164.16,164.16,164.16,164.16,164.16,164.16,164.16,164.16,164.16
200.0,0.0,0.0,0.0,0.0,0.0,0.0,0.0,0.0,0.0,0.0,0.0,0.0,0.0,210.8,210.8,210.8,210.8,210.8,210.8,226.72419071546727,310.8,210.8,210.8,0.0,0.0,0.0,0.0,0.0,0.0,0.0,0.0,0.0,0.0,0.0,0.0,210.8,210.8,221.60000000000014,321.60000000000014,421.60000000000014,521.6000000000001,454.7840303329026,454.7840303329026,454.7840303329026,510.8,410.8,310.8,210.8
200.0,0.0,0.0,0.0,0.0,0.0,0.0,0.0,0.0,0.0,0.0,0.0,0.0,0.0,0.0,0.0,0.0,0.0,0.0,0.0,0.0,0.0,0.0,0.0,0.0,0.0,0.0,210.8,210.8,210.8,210.8,210.8,210.8,210.8,210.8,210.8,210.8,210.8,0.0,0.0,0.0,0.0,0.0,0.0,0.0,0.0,0.0,0.0,0.0
0.0,0.0,0.0,0.0,0.0,0.0,0.0,0.0,0.0,0.0,0.0,210.8,257.374690068112,357.374690068112,310.79999999999995,210.8,210.8,210.8,210.8,243.98403033290265,210.8,0.0,0.0,0.0,0.0,0.0,0.0,0.0,0.0,0.0,0.0,210.8,210.8,210.8,210.8,228.43403033290252,210.8,210.8,310.8,210.8,210.8,0.0,0.0,0.0,0.0,0.0,0.0,0.0,0.0
0.0,210.79999999962746,210.79999999962746,210.79999999962746,210.79999999962746,210.79999999962746,210.79999999962746,210.8,210.8,210.8,210.8,0.0,0.0,0.0,0.0,0.0,0.0,0.0,0.0,0.0,0.0,339.2340303329026,243.98403033290265,343.98403033290265,443.98403033290265,433.1840303329026,333.1840303329026,233.18403033290258,210.8,210.8,210.8,0.0,0.0,0.0,0.0,0.0,0.0,0.0,0.0,0.0,0.0,0.0,0.0,0.0,0.0,0.0,0.0,0.0,210.8
0.0,307.87036063674924,307.87036063673526,307.87036063673526,307.87036063673526,307.87036063673526,307.87036063673526,357.374690068112,357.374690068112,357.374690068112,357.374690068112,357.374690068112,310.8,410.8,326.7241907154672,426.7241907154672,426.7241907154672,426.7241907154672,426.7241907154672,506.04999999999995,410.8,310.8,393.54016038256464,406.04999999999995,506.04999999999995,506.04999999999995,406.04999999999995,306.04999999999995,328.43403033290247,310.8,310.8,310.8,328.43403033290247,310.8,328.43403033290247,310.8,328.43403033290247,328.43403033290247,428.43403033290247,428.43403033290247,328.43403033290247,428.43403033290247,506.04999999999995,506.04999999999995,506.04999999999995,439.23403033290253,339.23403033290253,339.23403033290253,310.8
0.0,0.0,0.0,0.0,0.0,0.0,0.0,0.0,0.0,0.0,0.0,0.0,0.0,0.0,0.0,0.0,0.0,0.0,0.0,0.0,0.0,0.0,0.0,0.0,0.0,0.0,221.60000000000002,210.8,210.8,228.43403033290252,228.43403033290252,228.43403033290252,210.8,228.43403033290252,210.8,210.8,0.0,0.0,0.0,0.0,0.0,0.0,0.0,0.0,0.0,0.0,210.8,310.8,228.43403033290252
