0.0,15.600000000000009,12.469740096861557,12.460271798647476,12.450266321672729,12.440039671018205,12.429813020363689,12.419586369709172,12.409359719054656,12.399133068400133,12.38890641774561,12.378679767091093,12.368453116436577,23.35822646578206,12.35822646578206,12.337773164473013,12.327546513818497,12.31731986316398,12.307093212509464,12.296866561854948,12.286639911200417,12.276413260545901,12.266186609891385,12.255959959236868,12.245733308582345,12.23873292271761,12.234958801642641,12.231184680567672,12.227410559492704,12.223636438417735,12.219862317342773,12.216088196267826,12.212314075192893,12.208539954117967,12.20476583304304,12.200991711968115,12.197217590893189,12.193443469818263,12.189669348743337,12.18589522766841,12.182121106593478,12.178346985518544,12.174572864443618,12.170798743368692,12.167024622293766,12.16325050121884,12.159476380143914,12.155702259068946,23.151928137993934
0.0,26.77857638491387,29.9,29.9,29.9,29.9,29.9,29.9,29.9,29.9,29.9,29.9,29.9,18.9,29.889773349345475,29.9,29.9,29.9,29.9,29.9,29.9,29.9,29.9,29.9,29.9,29.9,29.9,29.9,29.9,29.9,29.9,29.9,29.9,29.9,29.9,29.9,29.9,29.9,29.9,29.9,29.9,29.9,29.9,29.9,29.9,29.9,29.9,29.9,18.9
0.0,14.375,14.375,14.375,14.375,14.375,14.375,14.375,14.375,14.375,14.375,14.375,14.375,14.375,14.375,14.375,14.375,14.375,14.375,14.375,14.375,14.375,13.818203476985715,14.375,14.375,14.375,14.375,14.375,14.375,14.375,14.375,14.375,14.375,14.375,14.375,14.375,13.818203476985715,14.375,14.375,14.375,14.375,14.375,14.375,14.375,14.375,14.375,14.375,14.375,14.375
0.0,14.375,14.375,14.375,14.375,14.375,14.375,14.375,14.375,14.375,14.375,14.375,14.375,14.375,14.375,14.375,14.375,14.375,14.375,14.375,14.375,14.375,14.375,14.375,14.375,14.375,14.375,14.375,14.375,14.375,14.375,14.375,14.375,14.375,14.375,13.818203476985715,14.375,14.375,14.375,14.375,14.375,14.375,14.375,14.375,14.375,14.375,14.375,14.375,14.375
0.0,16.1,16.1,16.1,16.1,16.1,16.1,15.54320347663647,15.543203476752886,15.543203476752886,16.1,15.543203476752886,16.1,15.543203476985717,15.543203476985717,15.543203476985717,15.543203476985717,15.543203476985717,15.543203476985717,16.1,16.1,15.543203476985717,16.1,15.543203476985717,15.543203477451378,15.543203477451378,15.543203477451378,15.543203477451378,15.543203477451378,15.543203477451378,15.543203477451378,15.543203476985717,15.543203476985717,15.543203476985717,15.543203476985717,16.1,16.1,16.1,16.1,16.1,16.1,16.1,16.1,16.1,16.1,16.1,16.1,16.1,16.1
0.0,14.950000000000003,14.950000000000003,14.950000000000003,14.950000000000003,14.950000000000003,14.950000000000003,14.950000000000003,14.950000000000003,14.950000000000003,14.950000000000003,14.950000000000003,14.950000000000003,14.950000000000003,14.950000000000003,14.950000000000003,14.950000000000003,14.950000000000003,14.950000000000003,14.950000000000003,14.393203476985718,14.950000000000003,14.950000000000003,14.950000000000003,14.950000000000003,14.950000000000003,14.950000000000003,14.950000000000003,14.950000000000003,14.950000000000003,14.950000000000003,14.950000000000003,14.950000000000003,14.950000000000003,14.950000000000003,14.950000000000003,14.950000000000003,14.950000000000003,14.950000000000003,14.950000000000003,14.950000000000003,14.393203476985718,14.950000000000003,14.393203476985718,14.950000000000003,14.393203476985718,14.950000000000003,14.950000000000003,14.950000000000003
0.0,0.0,0.0,0.0,0.0,0.0,0.0,0.0,0.0,0.0,0.0,0.0,0.0,0.0,0.0,0.0,0.0,0.0,0.0,0.0,0.0,0.0,0.0,0.0,0.0,69.0,69.0,69.0,69.0,69.0,69.0,69.0,69.0,69.0,69.0,69.0,69.0,69.0,69.0,69.0,69.0,69.0,69.0,69.0,69.0,69.0,69.0,69.0,69.0
0.0,0.0,0.0,0.0,0.0,0.0,0.0,0.0,0.0,0.0,0.0,0.0,0.0,0.0,0.0,0.0,0.0,0.0,0.0,0.0,0.0,0.0,0.0,0.0,0.0,69.0,69.0,69.0,69.0,69.0,69.0,69.0,69.0,69.0,69.0,69.0,69.0,69.0,69.0,69.0,69.0,69.0,69.0,69.0,69.0,69.0,69.0,69.0,69.0
0.0,38.8996400000005,38.8996400000005,38.8996400000005,38.8996400000005,38.8996400000005,38.8996400000005,38.8996400000005,38.8996400000005,38.8996400000005,38.8996400000005,24.0,38.8996400000005,38.8996400000005,38.8996400000005,38.89963999999823,38.8996400000005,38.899639999997774,38.89963999999959,38.8996400000005,38.8996400000005,24.0,38.8996400000005,24.0,24.0,27.899640000000502,38.8996400000005,49.8996400000005,57.598600000000005,57.598600000000005,57.598600000000005,69.0,57.598600000000005,69.0,57.598600000000005,69.0,69.0,69.0,69.0,69.0,69.0,69.0,69.0,69.0,69.0,69.0,69.0,69.0,69.0
0.0,100.0,0.0,0.0,0.0,0.0,0.0,0.0,0.0,0.0,0.0,0.0,0.0,0.0,0.0,0.0,0.0,0.0,0.0,0.0,0.0,0.0,0.0,0.0,0.0,0.0,0.0,0.0,0.0,0.0,0.0,0.0,0.0,0.0,0.0,0.0,0.0,0.0,0.0,0.0,0.0,0.0,0.0,0.0,0.0,0.0,0.0,0.0,0.0
0.0,0.0,0.0,0.0,0.0,0.0,0.0,0.0,0.0,0.0,0.0,0.0,0.0,0.0,0.0,0.0,0.0,0.0,0.0,0.0,0.0,0.0,0.0,0.0,0.0,0.0,0.0,0.0,0.0,0.0,0.0,0.0,0.0,0.0,0.0,0.0,0.0,0.0,0.0,0.0,0.0,0.0,0.0,0.0,0.0,0.0,0.0,0.0,0.0
0.0,0.0,0.0,0.0,0.0,0.0,0.0,0.0,0.0,0.0,0.0,0.0,0.0,0.0,0.0,0.0,0.0,0.0,0.0,0.0,0.0,0.0,0.0,0.0,0.0,0.0,0.0,0.0,0.0,0.0,0.0,0.0,0.0,0.0,0.0,0.0,0.0,0.0,0.0,0.0,0.0,0.0,0.0,0.0,0.0,0.0,0.0,0.0,0.0
0.0,0.0,0.0,0.0,0.0,0.0,0.0,0.0,0.0,0.0,0.0,0.0,0.0,0.0,0.0,0.0,0.0,0.0,0.0,0.0,0.0,0.0,0.0,0.0,0.0,0.0,0.0,0.0,0.0,0.0,0.0,0.0,0.0,0.0,0.0,0.0,0.0,0.0,0.0,0.0,0.0,0.0,0.0,0.0,0.0,0.0,0.0,0.0,0.0
0.0,0.0,0.0,0.0,0.0,0.0,0.0,0.0,0.0,0.0,0.0,0.0,0.0,0.0,0.0,0.0,0.0,0.0,0.0,0.0,0.0,0.0,0.0,0.0,0.0,65.6,65.6,65.6,65.6,65.6,65.6,165.6,65.6,165.6,65.6,165.6,115.6,0.0,0.0,0.0,0.0,0.0,0.0,0.0,0.0,0.0,0.0,0.0,0.0
0.0,0.0,0.0,0.0,0.0,0.0,0.0,0.0,0.0,0.0,0.0,0.0,0.0,0.0,0.0,0.0,0.0,0.0,0.0,0.0,0.0,0.0,0.0,0.0,0.0,0.0,0.0,65.6,65.6,65.6,65.6,165.6,65.6,144.58919766198284,65.6,165.6,115.6,0.0,0.0,0.0,0.0,0.0,0.0,0.0,0.0,0.0,0.0,0.0,0.0
0.0,0.0,0.0,0.0,0.0,0.0,0.0,0.0,0.0,0.0,0.0,0.0,0.0,0.0,0.0,0.0,0.0,0.0,0.0,0.0,0.0,0.0,0.0,0.0,0.0,0.0,0.0,0.0,0.0,0.0,0.0,0.0,0.0,0.0,0.0,0.0,0.0,0.0,0.0,0.0,0.0,0.0,0.0,0.0,0.0,0.0,0.0,0.0,0.0
0.0,0.0,0.0,0.0,0.0,0.0,0.0,0.0,0.0,0.0,0.0,0.0,0.0,0.0,0.0,0.0,0.0,0.0,0.0,0.0,0.0,0.0,0.0,0.0,0.0,0.0,0.0,0.0,0.0,0.0,0.0,0.0,0.0,0.0,0.0,0.0,0.0,0.0,0.0,0.0,0.0,0.0,0.0,0.0,0.0,0.0,0.0,0.0,0.0
0.0,0.0,0.0,0.0,0.0,0.0,0.0,0.0,0.0,0.0,0.0,0.0,0.0,0.0,0.0,0.0,0.0,0.0,0.0,0.0,0.0,0.0,0.0,0.0,0.0,0.0,0.0,0.0,0.0,0.0,0.0,0.0,0.0,0.0,0.0,0.0,0.0,0.0,0.0,0.0,0.0,0.0,0.0,0.0,0.0,0.0,0.0,0.0,0.0
0.0,43.7,43.7,0.0,0.0,0.0,0.0,0.0,0.0,0.0,0.0,0.0,0.0,0.0,0.0,0.0,0.0,0.0,0.0,0.0,0.0,0.0,0.0,0.0,0.0,0.0,0.0,0.0,0.0,0.0,0.0,0.0,0.0,0.0,0.0,0.0,0.0,0.0,0.0,0.0,0.0,0.0,0.0,0.0,0.0,0.0,0.0,0.0,0.0
0.0,0.0,0.0,0.0,0.0,0.0,0.0,0.0,0.0,0.0,0.0,0.0,0.0,0.0,0.0,0.0,0.0,0.0,0.0,0.0,0.0,0.0,0.0,0.0,0.0,0.0,0.0,0.0,0.0,0.0,0.0,0.0,0.0,0.0,0.0,0.0,0.0,0.0,0.0,0.0,0.0,0.0,0.0,0.0,0.0,0.0,0.0,0.0,0.0
0.0,0.0,0.0,0.0,0.0,0.0,0.0,0.0,0.0,0.0,0.0,0.0,0.0,0.0,0.0,0.0,0.0,0.0,0.0,0.0,0.0,0.0,0.0,0.0,0.0,0.0,0.0,0.0,0.0,0.0,0.0,0.0,0.0,0.0,0.0,0.0,0.0,0.0,0.0,0.0,0.0,0.0,0.0,0.0,0.0,0.0,0.0,0.0,0.0
0.0,0.0,0.0,0.0,0.0,0.0,0.0,0.0,0.0,0.0,0.0,0.0,0.0,0.0,0.0,0.0,0.0,0.0,0.0,0.0,0.0,0.0,0.0,0.0,0.0,0.0,0.0,0.0,0.0,0.0,0.0,0.0,0.0,0.0,0.0,0.0,0.0,0.0,0.0,0.0,0.0,0.0,0.0,0.0,0.0,0.0,0.0,0.0,0.0
0.0,0.0,0.0,0.0,0.0,0.0,0.0,0.0,0.0,0.0,0.0,0.0,0.0,0.0,0.0,0.0,0.0,0.0,0.0,0.0,0.0,0.0,0.0,0.0,0.0,0.0,0.0,0.0,0.0,0.0,0.0,0.0,0.0,0.0,0.0,0.0,0.0,0.0,0.0,0.0,0.0,0.0,0.0,0.0,0.0,0.0,0.0,0.0,0.0
0.0,0.0,0.0,0.0,0.0,0.0,0.0,0.0,0.0,0.0,0.0,0.0,0.0,0.0,0.0,0.0,0.0,0.0,0.0,0.0,0.0,0.0,0.0,0.0,0.0,0.0,0.0,0.0,0.0,0.0,0.0,0.0,0.0,0.0,0.0,0.0,0.0,0.0,0.0,0.0,0.0,0.0,0.0,0.0,0.0,0.0,0.0,0.0,0.0
0.0,0.0,0.0,0.0,0.0,0.0,0.0,0.0,0.0,0.0,0.0,0.0,0.0,0.0,0.0,0.0,0.0,0.0,0.0,0.0,0.0,0.0,0.0,0.0,0.0,0.0,0.0,0.0,0.0,0.0,0.0,0.0,0.0,0.0,0.0,0.0,0.0,0.0,0.0,0.0,0.0,0.0,0.0,0.0,0.0,0.0,0.0,0.0,0.0
0.0,0.0,0.0,0.0,0.0,0.0,0.0,0.0,0.0,0.0,0.0,0.0,0.0,0.0,0.0,0.0,0.0,0.0,0.0,0.0,0.0,0.0,0.0,0.0,0.0,0.0,0.0,0.0,0.0,0.0,0.0,0.0,0.0,0.0,0.0,0.0,0.0,0.0,0.0,0.0,0.0,0.0,0.0,0.0,0.0,0.0,0.0,0.0,0.0
0.0,0.0,0.0,0.0,0.0,0.0,0.0,0.0,0.0,0.0,0.0,0.0,0.0,0.0,0.0,0.0,0.0,0.0,0.0,0.0,0.0,0.0,0.0,0.0,0.0,0.0,0.0,0.0,0.0,0.0,0.0,0.0,0.0,0.0,0.0,0.0,0.0,0.0,0.0,0.0,0.0,0.0,0.0,0.0,0.0,0.0,0.0,0.0,0.0
0.0,173.00078107763503,173.00078107763503,211.6,161.6,0.0,0.0,0.0,0.0,0.0,0.0,0.0,0.0,0.0,0.0,0.0,0.0,0.0,0.0,0.0,0.0,0.0,0.0,0.0,0.0,0.0,0.0,0.0,0.0,0.0,0.0,0.0,0.0,0.0,0.0,0.0,0.0,0.0,0.0,0.0,0.0,0.0,0.0,0.0,0.0,0.0,0.0,0.0,0.0
0.0,211.6,211.6,211.00078107763503,211.00078107763503,0.0,0.0,0.0,0.0,0.0,0.0,0.0,0.0,0.0,0.0,0.0,0.0,0.0,0.0,0.0,0.0,0.0,0.0,0.0,0.0,0.0,0.0,0.0,0.0,0.0,0.0,0.0,0.0,0.0,0.0,0.0,0.0,0.0,0.0,0.0,0.0,0.0,0.0,0.0,0.0,0.0,0.0,0.0,0.0
0.0,211.6,211.6,173.6,173.6,0.0,0.0,0.0,0.0,0.0,0.0,0.0,0.0,0.0,0.0,0.0,0.0,0.0,0.0,0.0,0.0,0.0,0.0,0.0,0.0,0.0,0.0,0.0,0.0,0.0,0.0,0.0,0.0,0.0,0.0,0.0,0.0,0.0,0.0,0.0,0.0,0.0,0.0,0.0,0.0,0.0,0.0,0.0,0.0
0.0,0.0,0.0,0.0,0.0,0.0,0.0,0.0,0.0,0.0,0.0,0.0,0.0,0.0,0.0,0.0,0.0,0.0,0.0,0.0,0.0,0.0,0.0,0.0,0.0,0.0,0.0,0.0,0.0,0.0,0.0,0.0,0.0,0.0,0.0,0.0,0.0,0.0,0.0,0.0,0.0,0.0,0.0,0.0,0.0,0.0,0.0,0.0,0.0
0.0,0.0,0.0,0.0,0.0,0.0,0.0,0.0,0.0,0.0,0.0,0.0,0.0,0.0,0.0,0.0,0.0,0.0,0.0,0.0,0.0,0.0,0.0,0.0,0.0,0.0,0.0,0.0,0.0,0.0,0.0,0.0,0.0,0.0,0.0,0.0,0.0,0.0,0.0,0.0,0.0,0.0,0.0,0.0,0.0,0.0,0.0,0.0,0.0
0.0,0.0,0.0,0.0,0.0,0.0,0.0,0.0,0.0,0.0,0.0,0.0,0.0,0.0,0.0,0.0,0.0,0.0,0.0,0.0,0.0,0.0,0.0,0.0,0.0,0.0,0.0,0.0,0.0,0.0,0.0,0.0,0.0,0.0,0.0,0.0,0.0,0.0,0.0,0.0,0.0,0.0,0.0,0.0,0.0,0.0,0.0,0.0,0.0
0.0,45.508374006341796,42.4,42.4,42.4,42.4,42.4,42.4,42.4,0.0,0.0,0.0,0.0,0.0,0.0,0.0,0.0,0.0,0.0,0.0,0.0,0.0,0.0,0.0,0.0,0.0,0.0,0.0,0.0,0.0,0.0,0.0,0.0,0.0,0.0,0.0,0.0,0.0,0.0,0.0,0.0,0.0,0.0,0.0,0.0,0.0,0.0,0.0,0.0
0.0,121.9,42.4,42.4,42.4,81.50181900819842,81.50181900819842,81.50181900819842,81.50181900819842,0.0,0.0,0.0,0.0,0.0,0.0,0.0,0.0,0.0,0.0,0.0,0.0,0.0,0.0,0.0,0.0,0.0,0.0,0.0,0.0,0.0,0.0,0.0,0.0,0.0,0.0,0.0,0.0,0.0,0.0,0.0,0.0,0.0,0.0,0.0,0.0,0.0,0.0,0.0,0.0
0.0,121.9,82.60837400631473,82.60837400631473,82.60837400631473,121.9,121.9,121.9,121.9,0.0,0.0,0.0,0.0,0.0,0.0,0.0,0.0,0.0,0.0,0.0,0.0,0.0,0.0,0.0,0.0,0.0,0.0,0.0,0.0,0.0,0.0,0.0,0.0,0.0,0.0,0.0,0.0,0.0,0.0,0.0,0.0,0.0,0.0,0.0,0.0,0.0,0.0,0.0,0.0
0.0,0.0,121.9,121.9,121.9,121.9,121.9,121.9,121.9,121.9,50.71109594060065,42.39999999664724,0.0,0.0,0.0,0.0,0.0,0.0,0.0,0.0,0.0,0.0,0.0,0.0,0.0,0.0,0.0,0.0,0.0,0.0,0.0,0.0,0.0,0.0,0.0,0.0,0.0,0.0,0.0,0.0,0.0,0.0,0.0,0.0,0.0,0.0,0.0,0.0,0.0
0.0,16.8,16.8,16.8,16.8,16.8,16.8,16.8,16.8,16.8,16.8,16.8,16.8,16.8,16.8,16.8,16.8,16.8,16.8,48.3,20.288894102328552,0.0,0.0,0.0,0.0,0.0,0.0,0.0,0.0,0.0,0.0,0.0,0.0,0.0,0.0,0.0,0.0,0.0,0.0,0.0,0.0,0.0,0.0,0.0,0.0,0.0,0.0,0.0,0.0
0.0,16.8,16.8,16.8,16.8,16.8,16.8,16.8,16.8,16.8,16.8,16.8,16.8,16.8,16.8,16.8,16.8,16.8,16.8,0.0,0.0,0.0,0.0,0.0,0.0,0.0,0.0,0.0,0.0,0.0,0.0,0.0,0.0,0.0,0.0,0.0,0.0,0.0,0.0,0.0,0.0,0.0,0.0,0.0,0.0,0.0,0.0,0.0,0.0
0.0,16.8,16.8,16.8,16.8,16.8,16.8,16.8,16.8,16.8,16.8,16.8,16.8,16.8,16.8,16.8,16.8,16.8,16.8,0.0,0.0,0.0,0.0,0.0,0.0,0.0,0.0,0.0,0.0,0.0,0.0,0.0,0.0,0.0,0.0,0.0,0.0,0.0,0.0,0.0,0.0,0.0,0.0,0.0,0.0,0.0,0.0,0.0,0.0
0.0,35.25167868754184,35.251678687530756,35.251678687530756,35.251678687530756,35.251678687530756,35.251678687530756,35.251678687530756,35.251678687530756,35.251678687530756,35.251678687530756,16.8,16.8,16.8,16.8,38.938579963401736,38.938579963401736,38.938579963401736,38.938579963401736,0.0,0.0,0.0,0.0,0.0,0.0,0.0,0.0,0.0,0.0,0.0,0.0,0.0,0.0,0.0,0.0,0.0,0.0,0.0,0.0,0.0,0.0,0.0,0.0,0.0,0.0,0.0,0.0,0.0,0.0
0.0,48.3,48.3,48.3,48.3,48.3,48.3,48.3,48.3,48.3,48.3,41.250611529429776,41.2506115294284,41.2506115294284,41.2506115294284,48.3,48.3,48.3,48.3,0.0,0.0,0.0,0.0,0.0,0.0,0.0,0.0,0.0,0.0,0.0,0.0,0.0,0.0,0.0,0.0,0.0,0.0,0.0,0.0,0.0,0.0,0.0,0.0,0.0,0.0,0.0,0.0,0.0,0.0
0.0,38.0,38.0,38.0,38.0,38.0,38.0,38.0,38.0,38.0,0.0,0.0,0.0,0.0,0.0,0.0,0.0,0.0,0.0,0.0,0.0,0.0,0.0,0.0,0.0,0.0,0.0,0.0,0.0,0.0,0.0,0.0,0.0,0.0,0.0,0.0,0.0,0.0,0.0,0.0,0.0,0.0,0.0,0.0,0.0,0.0,0.0,0.0,0.0
0.0,109.25,109.25,109.25,109.25,109.25,109.25,109.25,109.25,109.25,109.25,38.0,109.25,109.25,109.25,109.25,109.25,109.25,109.25,109.25,109.25,38.0,91.57248029541273,38.0,38.0,0.0,0.0,0.0,0.0,0.0,0.0,0.0,0.0,0.0,0.0,0.0,0.0,0.0,0.0,0.0,0.0,0.0,0.0,0.0,0.0,0.0,0.0,0.0,0.0
0.0,38.0,38.0,38.0,38.0,38.0,38.0,38.0,0.0,0.0,0.0,0.0,0.0,0.0,0.0,0.0,0.0,0.0,0.0,0.0,0.0,0.0,0.0,0.0,0.0,0.0,0.0,0.0,0.0,0.0,0.0,0.0,0.0,0.0,0.0,0.0,0.0,0.0,0.0,0.0,0.0,0.0,0.0,0.0,0.0,0.0,0.0,0.0,0.0
0.0,42.24992522798544,42.249925227920215,109.25,109.25,38.0,38.0,38.0,75.49162583141282,109.25,109.25,109.25,109.25,109.25,109.25,71.91911531434798,109.25,109.25,109.25,109.25,109.25,109.25,0.0,0.0,0.0,0.0,0.0,0.0,0.0,0.0,0.0,0.0,0.0,0.0,0.0,0.0,0.0,0.0,0.0,0.0,0.0,0.0,0.0,0.0,0.0,0.0,0.0,0.0,0.0
0.0,94.3,78.96627328445473,52.56423194993393,94.3,94.3,94.3,94.3,94.3,94.3,94.3,32.8,94.3,94.3,94.3,94.29999999999998,94.3,94.3,94.3,94.3,94.3,32.8,32.8,32.8,32.8,32.8,32.8,32.8,32.8,32.8,32.8,87.10292511277729,32.8,32.8,32.8,94.3,94.3,0.0,0.0,0.0,0.0,0.0,0.0,0.0,0.0,0.0,0.0,0.0,0.0
0.0,32.8,32.8,32.8,32.8,32.8,32.8,32.8,32.8,32.8,0.0,0.0,0.0,0.0,0.0,0.0,0.0,0.0,0.0,0.0,37.646241769213844,32.8,32.8,32.8,32.8,32.8,32.8,32.8,32.8,32.8,32.8,32.8,32.8,94.3,94.3,0.0,0.0,0.0,0.0,0.0,0.0,0.0,0.0,0.0,0.0,0.0,0.0,0.0,0.0
0.0,32.8,32.8,32.8,32.8,32.8,32.8,32.8,32.8,32.8,32.8,32.8,75.09300268444447,0.0,0.0,0.0,0.0,0.0,0.0,0.0,0.0,0.0,0.0,32.8,32.8,32.8,32.8,32.8,32.8,32.8,32.8,32.8,32.8,0.0,0.0,0.0,0.0,0.0,0.0,0.0,0.0,0.0,0.0,0.0,0.0,0.0,0.0,0.0,0.0
0.0,94.3,56.95911871957236,65.01667675139984,94.3,94.3,94.3,94.3,42.29300268444446,94.3,94.3,94.3,94.3,94.3,89.59696587034503,73.86685935279667,94.3,94.3,94.3,94.3,32.80000000595368,37.646241769213844,37.646241769213844,32.79999999595721,32.79999999409456,32.79999999223192,32.79999999036927,32.8,36.460846038810885,32.8,36.460846038810885,32.8,32.8,32.8,0.0,0.0,0.0,0.0,0.0,0.0,0.0,0.0,0.0,0.0,0.0,0.0,0.0,0.0,0.0
0.0,0.0,0.0,0.0,0.0,0.0,0.0,0.0,0.0,0.0,0.0,0.0,0.0,0.0,0.0,0.0,0.0,0.0,0.0,0.0,0.0,0.0,0.0,0.0,0.0,0.0,0.0,0.0,0.0,0.0,0.0,0.0,0.0,0.0,0.0,0.0,0.0,0.0,0.0,0.0,0.0,0.0,0.0,0.0,0.0,0.0,0.0,0.0,0.0
0.0,0.0,0.0,0.0,0.0,0.0,0.0,0.0,0.0,0.0,0.0,0.0,0.0,0.0,0.0,0.0,0.0,0.0,0.0,0.0,0.0,0.0,0.0,0.0,0.0,0.0,0.0,0.0,0.0,0.0,0.0,0.0,0.0,0.0,0.0,0.0,0.0,0.0,0.0,0.0,0.0,0.0,0.0,0.0,0.0,0.0,0.0,0.0,0.0
0.0,26.89229756127247,11.280000000000001,11.280000000000001,31.28,31.28,31.28,31.28,31.28,31.28,31.28,11.280000000000001,31.28,18.614180114233505,31.28,30.002656965297668,30.002656965297668,30.002656965297668,30.002656965297668,30.002656965299277,14.725484478939363,10.879999999998393,10.879999999998393,10.879999999998393,10.879999999998393,0.0,0.0,0.0,0.0,0.0,0.0,0.0,0.0,0.0,0.0,0.0,0.0,20.880000000000003,30.880000000000003,20.880000000000003,20.880000000000003,20.880000000000003,20.880000000000003,20.880000000000003,20.880000000000003,20.880000000000003,20.880000000000003,30.880000000000003,20.880000000000003
0.0,10.880000000000003,0.0,0.0,0.0,0.0,0.0,0.0,0.0,0.0,0.0,0.0,0.0,0.0,0.0,0.0,0.0,0.0,0.0,0.0,0.0,0.0,0.0,0.0,0.0,0.0,0.0,0.0,0.0,0.0,0.0,0.0,0.0,0.0,0.0,0.0,0.0,0.0,0.0,0.0,0.0,0.0,0.0,0.0,0.0,0.0,0.0,0.0,0.0
0.0,0.0,0.0,0.0,0.0,0.0,0.0,0.0,0.0,0.0,0.0,0.0,0.0,0.0,0.0,0.0,0.0,0.0,0.0,0.0,0.0,0.0,0.0,0.0,0.0,0.0,0.0,0.0,0.0,0.0,0.0,0.0,0.0,0.0,0.0,0.0,0.0,0.0,0.0,0.0,0.0,0.0,0.0,0.0,0.0,0.0,0.0,0.0,0.0
0.0,0.0,0.0,0.0,0.0,0.0,0.0,0.0,0.0,0.0,0.0,0.0,0.0,0.0,0.0,10.880000000000003,10.88,10.88,10.88,10.879999999998393,10.880000000000003,10.88,10.88,10.88,10.88,0.0,0.0,0.0,0.0,0.0,0.0,0.0,0.0,0.0,0.0,0.0,0.0,0.0,0.0,0.0,0.0,0.0,0.0,0.0,0.0,0.0,0.0,0.0,0.0
0.0,11.40230610738294,11.402306107382842,11.402306107382842,11.402306107382842,11.402306107382842,0.0,0.0,0.0,0.0,0.0,0.0,0.0,0.0,0.0,0.0,0.0,0.0,0.0,0.0,9.390134441374144,9.390134441374144,9.390134441374144,9.390134441374144,9.390134441374144,9.390134441374144,9.390134441374144,9.390134441374144,9.390134441374144,9.390134441374144,0.0,0.0,0.0,0.0,0.0,0.0,0.0,0.0,0.0,0.0,0.0,0.0,0.0,0.0,0.0,0.0,0.0,0.0,0.0
0.0,0.0,0.0,0.0,0.0,0.0,11.402306107382842,9.390134441374144,9.390134441374144,9.390134441374144,9.390134441374144,9.390134441374144,9.390134441374144,9.390134441374144,9.390134441374144,9.390134441374144,9.390134441374144,9.390134441374144,9.390134441374144,9.390134441374144,0.0,0.0,0.0,0.0,0.0,0.0,0.0,0.0,0.0,0.0,0.0,0.0,0.0,0.0,0.0,0.0,0.0,0.0,0.0,0.0,0.0,0.0,0.0,0.0,0.0,0.0,0.0,0.0,0.0
0.0,0.0,0.0,0.0,0.0,0.0,0.0,0.0,0.0,0.0,0.0,0.0,0.0,0.0,0.0,0.0,0.0,0.0,0.0,0.0,0.0,0.0,0.0,0.0,0.0,0.0,0.0,0.0,0.0,0.0,0.0,0.0,0.0,0.0,0.0,0.0,0.0,0.0,0.0,0.0,0.0,0.0,0.0,0.0,0.0,0.0,0.0,0.0,0.0
0.0,74.4,0.0,0.0,0.0,0.0,0.0,0.0,0.0,0.0,0.0,0.0,0.0,0.0,0.0,0.0,0.0,0.0,0.0,0.0,0.0,74.4,93.9,133.9,133.9,133.9,93.9,74.4,74.4,74.4,74.4,74.4,74.4,74.4,74.4,194.4,154.4,0.0,0.0,0.0,0.0,0.0,0.0,0.0,0.0,0.0,0.0,0.0,0.0
0.0,0.0,0.0,0.0,0.0,0.0,0.0,0.0,0.0,0.0,0.0,0.0,0.0,0.0,0.0,0.0,0.0,0.0,0.0,0.0,0.0,0.0,0.0,0.0,0.0,0.0,0.0,0.0,0.0,0.0,0.0,0.0,0.0,0.0,0.0,0.0,0.0,0.0,0.0,0.0,0.0,0.0,0.0,0.0,0.0,0.0,0.0,0.0,0.0
0.0,0.0,0.0,0.0,0.0,0.0,0.0,0.0,0.0,0.0,0.0,0.0,0.0,0.0,0.0,0.0,0.0,0.0,0.0,0.0,0.0,0.0,0.0,0.0,0.0,0.0,0.0,0.0,0.0,0.0,0.0,0.0,0.0,0.0,0.0,0.0,0.0,0.0,0.0,0.0,0.0,0.0,0.0,0.0,0.0,0.0,0.0,0.0,0.0
0.0,0.0,0.0,0.0,0.0,0.0,0.0,0.0,0.0,0.0,0.0,0.0,0.0,0.0,0.0,0.0,0.0,0.0,0.0,0.0,0.0,0.0,0.0,0.0,0.0,0.0,0.0,0.0,0.0,0.0,0.0,0.0,0.0,0.0,0.0,0.0,0.0,0.0,0.0,0.0,0.0,0.0,0.0,0.0,0.0,0.0,0.0,0.0,0.0
0.0,0.0,0.0,0.0,0.0,0.0,0.0,0.0,0.0,0.0,0.0,0.0,0.0,0.0,0.0,0.0,0.0,0.0,0.0,0.0,0.0,0.0,0.0,133.9,133.9,173.9,133.9,93.9,74.4,74.4,74.4,74.4,74.4,74.4,74.4,142.11600678074007,114.4,0.0,0.0,0.0,0.0,0.0,0.0,0.0,0.0,0.0,0.0,0.0,0.0
0.0,0.0,0.0,0.0,0.0,0.0,0.0,0.0,0.0,0.0,0.0,0.0,0.0,0.0,0.0,0.0,0.0,0.0,0.0,0.0,0.0,0.0,0.0,0.0,0.0,0.0,0.0,0.0,0.0,0.0,0.0,0.0,0.0,0.0,0.0,0.0,0.0,0.0,0.0,0.0,0.0,0.0,0.0,0.0,0.0,0.0,0.0,0.0,0.0
0.0,0.0,0.0,0.0,0.0,0.0,0.0,0.0,0.0,0.0,0.0,0.0,0.0,0.0,0.0,0.0,0.0,0.0,0.0,0.0,0.0,0.0,0.0,133.9,133.9,151.13880573427224,111.13880573427224,74.4,74.4,74.4,74.4,74.4,74.4,74.4,74.4,101.07478731518992,154.4,0.0,0.0,0.0,0.0,0.0,0.0,0.0,0.0,0.0,0.0,0.0,0.0
0.0,0.0,0.0,0.0,0.0,0.0,0.0,0.0,0.0,0.0,0.0,0.0,0.0,0.0,0.0,0.0,0.0,0.0,0.0,0.0,0.0,0.0,0.0,0.0,0.0,0.0,0.0,0.0,0.0,0.0,0.0,0.0,0.0,0.0,0.0,0.0,0.0,0.0,0.0,0.0,0.0,0.0,0.0,0.0,0.0,0.0,0.0,0.0,0.0
0.0,0.0,0.0,0.0,0.0,0.0,0.0,0.0,0.0,0.0,0.0,0.0,0.0,0.0,0.0,0.0,0.0,0.0,0.0,0.0,0.0,0.0,0.0,0.0,0.0,0.0,0.0,0.0,0.0,0.0,0.0,0.0,0.0,0.0,0.0,0.0,0.0,0.0,0.0,0.0,0.0,0.0,0.0,0.0,0.0,0.0,0.0,0.0,0.0
0.0,0.0,0.0,0.0,0.0,0.0,0.0,0.0,0.0,0.0,0.0,0.0,0.0,0.0,0.0,0.0,0.0,0.0,0.0,0.0,0.0,0.0,0.0,0.0,0.0,0.0,0.0,0.0,0.0,0.0,0.0,0.0,0.0,0.0,0.0,0.0,0.0,0.0,0.0,0.0,0.0,0.0,0.0,0.0,0.0,0.0,0.0,0.0,0.0
0.0,0.0,0.0,0.0,0.0,0.0,0.0,0.0,0.0,0.0,0.0,0.0,0.0,0.0,0.0,0.0,0.0,0.0,0.0,0.0,0.0,0.0,0.0,0.0,0.0,0.0,0.0,0.0,0.0,0.0,0.0,0.0,0.0,0.0,0.0,0.0,0.0,0.0,0.0,0.0,0.0,0.0,0.0,0.0,0.0,0.0,0.0,0.0,0.0
0.0,0.0,0.0,0.0,0.0,0.0,0.0,0.0,0.0,0.0,0.0,0.0,0.0,0.0,0.0,0.0,0.0,0.0,0.0,0.0,0.0,0.0,0.0,0.0,0.0,0.0,0.0,0.0,0.0,0.0,0.0,0.0,0.0,0.0,0.0,0.0,0.0,0.0,0.0,0.0,0.0,0.0,0.0,0.0,0.0,0.0,0.0,0.0,0.0
0.0,0.0,0.0,0.0,0.0,0.0,0.0,0.0,0.0,0.0,0.0,0.0,0.0,0.0,0.0,0.0,0.0,0.0,0.0,0.0,0.0,0.0,0.0,0.0,0.0,0.0,0.0,0.0,0.0,0.0,0.0,0.0,0.0,0.0,0.0,0.0,0.0,0.0,0.0,0.0,0.0,0.0,0.0,0.0,0.0,0.0,0.0,0.0,0.0
0.0,30.245,0.0,0.0,0.0,0.0,0.0,0.0,0.0,0.0,0.0,0.0,0.0,0.0,0.0,0.0,0.0,0.0,0.0,0.0,0.0,0.0,0.0,30.245,30.245,30.245,30.245,30.245,30.245,27.86146851993554,27.86047625602792,27.8594839921203,27.85849172821268,0.0,0.0,0.0,0.0,0.0,0.0,0.0,0.0,0.0,0.0,0.0,0.0,0.0,0.0,0.0,0.0
0.0,0.0,0.0,0.0,0.0,0.0,0.0,0.0,0.0,0.0,0.0,0.0,0.0,0.0,0.0,0.0,0.0,0.0,0.0,0.0,0.0,0.0,0.0,27.867422103381248,27.86642983947363,27.865437575566016,27.864445311658397,27.863453047750777,27.862460783843158,30.245,30.245,30.245,30.245,0.0,0.0,0.0,0.0,0.0,0.0,0.0,0.0,0.0,0.0,0.0,0.0,0.0,0.0,0.0,0.0
0.0,42.519999999999996,0.0,0.0,0.0,0.0,0.0,0.0,0.0,0.0,0.0,0.0,0.0,0.0,0.0,0.0,0.0,0.0,0.0,0.0,0.0,0.0,0.0,0.0,0.0,0.0,0.0,0.0,0.0,0.0,0.0,0.0,0.0,0.0,0.0,0.0,0.0,0.0,0.0,0.0,0.0,0.0,0.0,0.0,0.0,0.0,0.0,0.0,0.0
0.0,0.0,0.0,0.0,0.0,0.0,0.0,0.0,0.0,0.0,0.0,0.0,0.0,0.0,0.0,0.0,0.0,0.0,42.519999999999996,122.245,42.519999999999996,42.519999999999996,42.519999999999996,42.519999999999996,42.519999999999996,122.245,42.519999999999996,42.52,0.0,0.0,0.0,0.0,0.0,0.0,0.0,0.0,0.0,0.0,0.0,0.0,0.0,0.0,0.0,0.0,0.0,0.0,0.0,0.0,0.0
0.0,0.0,0.0,0.0,0.0,0.0,0.0,0.0,0.0,0.0,0.0,0.0,0.0,0.0,0.0,0.0,0.0,0.0,0.0,0.0,0.0,0.0,0.0,0.0,0.0,0.0,0.0,0.0,0.0,0.0,0.0,0.0,0.0,0.0,0.0,0.0,0.0,0.0,0.0,0.0,0.0,0.0,0.0,0.0,0.0,0.0,0.0,0.0,0.0
0.0,0.0,0.0,0.0,0.0,0.0,0.0,0.0,0.0,0.0,0.0,0.0,0.0,0.0,0.0,0.0,0.0,0.0,0.0,0.0,0.0,0.0,0.0,0.0,0.0,0.0,0.0,0.0,0.0,0.0,0.0,0.0,0.0,0.0,0.0,0.0,0.0,0.0,0.0,0.0,0.0,0.0,0.0,0.0,0.0,0.0,0.0,0.0,0.0
0.0,129.99999999999983,0.0,0.0,0.0,0.0,0.0,0.0,0.0,0.0,0.0,0.0,0.0,0.0,0.0,0.0,0.0,0.0,0.0,0.0,0.0,0.0,0.0,0.0,0.0,0.0,0.0,0.0,0.0,0.0,0.0,0.0,0.0,0.0,0.0,0.0,0.0,0.0,0.0,0.0,0.0,0.0,0.0,0.0,0.0,0.0,0.0,0.0,0.0
0.0,0.0,0.0,0.0,0.0,0.0,0.0,0.0,0.0,0.0,0.0,0.0,0.0,0.0,0.0,0.0,0.0,0.0,0.0,0.0,0.0,0.0,119.2,119.2,119.2,119.2,119.2,119.2,119.2,119.2,119.2,119.2,119.2,119.2,119.2,119.2,239.2,0.0,0.0,0.0,0.0,0.0,0.0,0.0,0.0,0.0,0.0,0.0,0.0
0.0,68.0,68.0,68.0,188.0,129.1789489487686,140.8906828184999,188.0,188.0,188.0,188.0,68.0,195.5,68.0,87.90415228719895,82.48827108759576,188.0,171.29265123213776,195.5,84.33091644464264,68.0,68.0,68.0,68.0,68.0,68.0,68.0,68.0,68.0,68.0,68.0,68.0,68.0,68.0,68.0,68.0,195.5,0.0,0.0,0.0,0.0,0.0,0.0,0.0,0.0,0.0,0.0,0.0,0.0
0.0,0.0,0.0,0.0,0.0,0.0,0.0,0.0,0.0,0.0,0.0,0.0,0.0,0.0,0.0,0.0,0.0,0.0,0.0,0.0,0.0,0.0,0.0,0.0,0.0,0.0,0.0,0.0,0.0,0.0,0.0,0.0,0.0,0.0,0.0,0.0,0.0,0.0,0.0,0.0,0.0,0.0,0.0,0.0,0.0,0.0,0.0,0.0,0.0
0.0,0.0,0.0,0.0,0.0,0.0,0.0,0.0,0.0,0.0,0.0,0.0,0.0,0.0,0.0,0.0,0.0,0.0,0.0,0.0,0.0,0.0,0.0,0.0,0.0,0.0,0.0,0.0,0.0,0.0,0.0,0.0,0.0,0.0,0.0,0.0,0.0,0.0,0.0,0.0,0.0,0.0,0.0,0.0,0.0,0.0,0.0,0.0,0.0
0.0,54.4,54.4,54.4,156.4,54.4,54.39999999999999,134.39999999999998,100.45033982733528,134.39999999999998,148.82510606535516,54.39999999999999,156.4,54.39999999999999,54.39999999999999,54.39999999999999,134.39999999999998,54.39999999999999,156.4,76.4,54.4,54.4,54.4,54.4,54.4,54.4,54.4,54.4,54.4,54.4,54.4,54.4,54.4,54.4,54.4,54.4,156.4,156.4,156.4,0.0,0.0,0.0,0.0,0.0,0.0,0.0,0.0,0.0,0.0
0.0,0.0,0.0,0.0,0.0,0.0,0.0,0.0,0.0,0.0,0.0,0.0,0.0,0.0,0.0,0.0,0.0,0.0,0.0,0.0,0.0,0.0,0.0,0.0,0.0,0.0,0.0,0.0,0.0,0.0,0.0,0.0,0.0,0.0,0.0,0.0,0.0,0.0,0.0,0.0,0.0,0.0,0.0,0.0,0.0,0.0,0.0,0.0,0.0
0.0,0.0,0.0,0.0,0.0,0.0,0.0,0.0,0.0,0.0,0.0,0.0,0.0,0.0,0.0,0.0,0.0,0.0,0.0,0.0,0.0,0.0,0.0,0.0,0.0,0.0,0.0,0.0,0.0,0.0,0.0,0.0,0.0,0.0,0.0,0.0,0.0,0.0,0.0,0.0,0.0,0.0,0.0,0.0,0.0,0.0,0.0,0.0,0.0
0.0,0.0,0.0,0.0,0.0,0.0,0.0,0.0,0.0,0.0,0.0,0.0,0.0,0.0,0.0,0.0,0.0,0.0,0.0,0.0,0.0,0.0,0.0,0.0,0.0,0.0,0.0,0.0,0.0,0.0,0.0,0.0,0.0,0.0,0.0,0.0,0.0,0.0,0.0,0.0,0.0,0.0,0.0,0.0,0.0,0.0,0.0,0.0,0.0
0.0,0.0,0.0,0.0,0.0,0.0,0.0,0.0,0.0,0.0,0.0,0.0,0.0,0.0,0.0,0.0,0.0,0.0,0.0,0.0,0.0,0.0,0.0,0.0,0.0,0.0,0.0,0.0,0.0,0.0,0.0,0.0,0.0,0.0,0.0,0.0,0.0,0.0,0.0,0.0,0.0,0.0,0.0,0.0,0.0,0.0,0.0,0.0,0.0
0.0,32.0,32.0,32.0,92.0,32.0,32.0,92.0,32.0,92.0,32.0,32.0,92.0,32.0,32.0,92.0,92.0,32.0,92.0,32.0,32.0,32.0,32.0,32.0,32.0,32.0,32.0,32.0,32.0,32.0,32.0,32.0,32.0,32.0,32.0,32.0,92.0,92.0,92.0,92.0,92.0,92.0,92.0,92.0,92.0,92.0,92.0,0.0,0.0
0.0,59.527811183139505,0.0,0.0,0.0,0.0,0.0,0.0,0.0,0.0,0.0,0.0,0.0,0.0,0.0,0.0,0.0,0.0,0.0,0.0,0.0,0.0,0.0,0.0,0.0,0.0,0.0,0.0,0.0,0.0,0.0,0.0,0.0,0.0,0.0,0.0,0.0,0.0,0.0,0.0,0.0,0.0,0.0,0.0,0.0,0.0,0.0,0.0,0.0
0.0,80.5,0.0,0.0,0.0,0.0,0.0,0.0,0.0,0.0,0.0,0.0,0.0,0.0,0.0,0.0,0.0,0.0,0.0,0.0,0.0,0.0,0.0,0.0,0.0,0.0,28.0,28.0,28.0,28.0,28.0,28.0,28.0,28.0,28.0,28.0,28.0,28.0,80.5,80.5,52.30158110156947,0.0,0.0,0.0,0.0,0.0,0.0,0.0,0.0
0.0,80.5,28.0,80.5,28.0,79.72923674843072,28.0,28.0,28.0,28.0,28.0,0.0,0.0,0.0,0.0,0.0,0.0,0.0,0.0,0.0,0.0,0.0,0.0,0.0,0.0,0.0,0.0,0.0,0.0,0.0,0.0,28.0,28.0,28.0,28.0,28.0,28.0,28.0,80.5,80.5,80.5,0.0,0.0,0.0,0.0,0.0,0.0,0.0,0.0
0.0,0.0,0.0,0.0,0.0,0.0,0.0,0.0,0.0,0.0,0.0,0.0,0.0,0.0,0.0,0.0,0.0,0.0,0.0,0.0,0.0,0.0,0.0,0.0,0.0,0.0,0.0,0.0,0.0,0.0,0.0,0.0,0.0,0.0,0.0,0.0,0.0,0.0,0.0,0.0,0.0,0.0,0.0,0.0,0.0,0.0,0.0,0.0,0.0
0.0,0.0,0.0,0.0,0.0,0.0,0.0,0.0,0.0,0.0,0.0,0.0,0.0,0.0,0.0,0.0,0.0,0.0,0.0,0.0,0.0,0.0,0.0,0.0,0.0,0.0,0.0,0.0,0.0,0.0,0.0,0.0,0.0,0.0,0.0,0.0,0.0,0.0,0.0,0.0,0.0,0.0,0.0,0.0,0.0,0.0,0.0,0.0,0.0
0.0,0.0,0.0,0.0,0.0,0.0,0.0,0.0,0.0,0.0,0.0,0.0,0.0,0.0,0.0,0.0,0.0,0.0,0.0,0.0,0.0,0.0,0.0,0.0,0.0,0.0,0.0,0.0,0.0,0.0,0.0,0.0,0.0,0.0,0.0,0.0,0.0,0.0,0.0,0.0,0.0,0.0,0.0,0.0,0.0,0.0,0.0,0.0,0.0
0.0,0.0,0.0,0.0,0.0,0.0,0.0,0.0,0.0,0.0,0.0,0.0,0.0,0.0,0.0,0.0,0.0,0.0,0.0,0.0,0.0,0.0,0.0,0.0,0.0,0.0,0.0,0.0,0.0,0.0,0.0,0.0,0.0,0.0,0.0,0.0,0.0,0.0,0.0,0.0,0.0,0.0,0.0,0.0,0.0,0.0,0.0,0.0,0.0
0.0,0.0,0.0,0.0,0.0,0.0,0.0,0.0,0.0,0.0,0.0,0.0,0.0,0.0,0.0,0.0,0.0,0.0,0.0,0.0,0.0,0.0,0.0,0.0,0.0,0.0,0.0,0.0,0.0,0.0,0.0,0.0,0.0,0.0,0.0,0.0,0.0,0.0,0.0,0.0,0.0,0.0,0.0,0.0,0.0,0.0,0.0,0.0,0.0
0.0,0.0,0.0,0.0,0.0,0.0,0.0,0.0,0.0,0.0,0.0,0.0,0.0,0.0,0.0,0.0,0.0,0.0,0.0,0.0,0.0,0.0,0.0,0.0,0.0,0.0,0.0,0.0,0.0,0.0,0.0,0.0,0.0,0.0,0.0,0.0,0.0,0.0,0.0,0.0,0.0,0.0,0.0,0.0,0.0,0.0,0.0,0.0,0.0
0.0,6.8,6.8,6.8,6.8,6.8,6.8,6.8,6.8,0.0,0.0,0.0,0.0,0.0,0.0,0.0,0.0,0.0,0.0,0.0,0.0,0.0,0.0,0.0,0.0,0.0,0.0,0.0,0.0,0.0,0.0,0.0,0.0,0.0,0.0,0.0,0.0,0.0,0.0,0.0,0.0,0.0,0.0,0.0,0.0,0.0,0.0,0.0,0.0
0.0,6.8,6.8,6.8,6.8,6.8,6.8,6.8,6.8,0.0,0.0,0.0,0.0,0.0,0.0,0.0,0.0,0.0,0.0,0.0,0.0,0.0,0.0,0.0,0.0,0.0,0.0,0.0,0.0,0.0,0.0,0.0,0.0,0.0,0.0,0.0,0.0,0.0,0.0,0.0,0.0,0.0,0.0,0.0,0.0,0.0,0.0,0.0,0.0
0.0,21.6,21.6,21.6,62.1,21.6,21.6,62.1,21.6,58.231600061370244,21.6,21.6,62.1,21.599999996666668,21.6,62.1,62.1,21.6,62.1,21.6,21.6,21.6,21.6,21.6,21.6,21.6,21.6,21.6,21.6,21.6,21.6,21.6,21.6,21.6,21.6,21.6,62.1,62.1,62.1,62.1,62.1,62.1,62.1,62.1,62.1,62.1,62.1,62.1,62.1
0.0,0.0,0.0,0.0,0.0,0.0,0.0,0.0,0.0,0.0,0.0,0.0,0.0,0.0,0.0,0.0,0.0,0.0,0.0,0.0,0.0,0.0,0.0,0.0,0.0,0.0,0.0,0.0,0.0,0.0,0.0,0.0,0.0,0.0,0.0,0.0,0.0,0.0,0.0,0.0,0.0,0.0,0.0,0.0,0.0,0.0,0.0,0.0,0.0
0.0,21.6,21.6,21.6,62.1,21.6,21.6,21.6,21.6,0.0,0.0,0.0,0.0,0.0,0.0,0.0,0.0,0.0,0.0,0.0,0.0,0.0,0.0,0.0,0.0,0.0,0.0,0.0,0.0,0.0,0.0,0.0,0.0,0.0,0.0,0.0,0.0,0.0,0.0,0.0,0.0,0.0,0.0,0.0,0.0,0.0,0.0,0.0,0.0
0.0,33.6,33.6,33.6,33.6,33.6,33.6,33.6,33.6,0.0,0.0,0.0,0.0,0.0,0.0,0.0,0.0,0.0,0.0,0.0,0.0,0.0,0.0,0.0,0.0,0.0,0.0,0.0,0.0,0.0,0.0,0.0,0.0,0.0,0.0,0.0,0.0,0.0,0.0,0.0,0.0,0.0,0.0,0.0,0.0,0.0,0.0,0.0,0.0
0.0,83.60000000000005,96.6,96.6,96.6,96.6,96.6,96.6,96.6,0.0,0.0,0.0,0.0,0.0,0.0,0.0,0.0,0.0,0.0,0.0,0.0,0.0,0.0,0.0,0.0,0.0,0.0,0.0,0.0,0.0,0.0,0.0,0.0,0.0,0.0,0.0,0.0,0.0,0.0,0.0,0.0,0.0,0.0,0.0,0.0,0.0,0.0,0.0,0.0
0.0,83.60000000000005,96.6,96.6,96.6,96.6,96.6,96.6,87.62831051478634,0.0,0.0,0.0,0.0,0.0,0.0,0.0,0.0,0.0,0.0,0.0,0.0,0.0,0.0,0.0,0.0,0.0,0.0,0.0,0.0,0.0,0.0,0.0,0.0,0.0,0.0,0.0,0.0,0.0,0.0,0.0,0.0,0.0,0.0,0.0,0.0,0.0,0.0,0.0,0.0
0.0,0.0,0.0,0.0,0.0,0.0,0.0,0.0,0.0,0.0,0.0,0.0,0.0,0.0,0.0,0.0,0.0,0.0,0.0,0.0,0.0,0.0,0.0,0.0,0.0,0.0,0.0,0.0,0.0,0.0,0.0,0.0,0.0,0.0,0.0,0.0,0.0,0.0,0.0,0.0,0.0,0.0,0.0,0.0,0.0,0.0,0.0,0.0,0.0
0.0,0.0,0.0,0.0,0.0,0.0,0.0,0.0,0.0,0.0,0.0,0.0,0.0,0.0,0.0,0.0,0.0,0.0,0.0,0.0,0.0,0.0,0.0,0.0,0.0,0.0,0.0,0.0,0.0,0.0,0.0,0.0,0.0,0.0,0.0,0.0,0.0,0.0,0.0,0.0,0.0,0.0,0.0,0.0,0.0,0.0,0.0,0.0,0.0
0.0,0.0,0.0,0.0,0.0,0.0,0.0,0.0,0.0,0.0,0.0,0.0,0.0,0.0,0.0,0.0,0.0,0.0,0.0,0.0,0.0,0.0,0.0,0.0,0.0,0.0,0.0,0.0,0.0,0.0,0.0,0.0,0.0,0.0,0.0,0.0,0.0,0.0,0.0,0.0,0.0,0.0,0.0,0.0,0.0,0.0,0.0,0.0,0.0
0.0,0.0,0.0,0.0,0.0,0.0,0.0,0.0,0.0,0.0,0.0,0.0,0.0,0.0,0.0,0.0,0.0,0.0,0.0,0.0,0.0,0.0,0.0,0.0,0.0,0.0,0.0,0.0,0.0,0.0,0.0,0.0,0.0,0.0,0.0,0.0,0.0,0.0,0.0,0.0,0.0,0.0,0.0,0.0,0.0,0.0,0.0,0.0,0.0
0.0,0.0,0.0,0.0,0.0,0.0,0.0,0.0,0.0,0.0,0.0,0.0,0.0,0.0,0.0,0.0,0.0,0.0,0.0,0.0,0.0,0.0,0.0,0.0,0.0,0.0,0.0,0.0,0.0,0.0,0.0,0.0,0.0,0.0,0.0,0.0,0.0,0.0,0.0,0.0,0.0,0.0,0.0,0.0,0.0,0.0,0.0,0.0,0.0
0.0,0.0,0.0,0.0,0.0,0.0,0.0,0.0,0.0,0.0,0.0,0.0,0.0,0.0,0.0,0.0,0.0,0.0,0.0,0.0,0.0,0.0,0.0,0.0,0.0,0.0,0.0,0.0,0.0,0.0,0.0,0.0,0.0,0.0,0.0,0.0,0.0,0.0,0.0,0.0,0.0,0.0,0.0,0.0,0.0,0.0,0.0,0.0,0.0
0.0,0.0,0.0,0.0,0.0,0.0,0.0,0.0,0.0,0.0,0.0,0.0,0.0,0.0,0.0,0.0,0.0,0.0,0.0,0.0,0.0,0.0,0.0,0.0,0.0,0.0,0.0,0.0,0.0,0.0,0.0,0.0,0.0,0.0,0.0,0.0,0.0,0.0,0.0,0.0,0.0,0.0,0.0,0.0,0.0,0.0,0.0,0.0,0.0
0.0,0.0,0.0,0.0,0.0,0.0,0.0,0.0,0.0,0.0,0.0,0.0,0.0,0.0,0.0,0.0,0.0,0.0,0.0,0.0,0.0,0.0,0.0,0.0,0.0,0.0,0.0,0.0,0.0,0.0,0.0,0.0,0.0,0.0,0.0,0.0,0.0,0.0,0.0,0.0,0.0,0.0,0.0,0.0,0.0,0.0,0.0,0.0,0.0
0.0,202.4,202.4,202.4,202.4,202.4,202.4,202.4,202.4,202.00046477541264,202.4,200.99772066834112,202.4,199.9789685225246,199.44558039149933,198.91219226047497,198.3788041294506,197.84541599842623,197.31202786740187,202.4,202.4,195.71186347432877,195.1784753433044,194.64508721228003,194.11169908125476,193.57831095023084,193.04492281920602,192.51153468818165,191.9781465571573,191.44475842613292,190.91137029510855,190.3779821640842,189.84459403305982,189.31120590203545,202.4,202.4,202.4,202.4,202.4,202.4,202.4,202.4,202.4,202.4,202.4,202.4,202.4,202.4,202.4
0.0,202.4,202.4,202.4,202.4,202.4,202.4,202.4,202.4,202.4,202.4,202.4,202.4,202.4,202.4,202.4,202.4,202.4,202.4,202.4,202.4,202.4,202.4,202.4,202.4,202.4,202.4,202.4,202.4,202.4,202.4,202.4,202.4,202.4,202.4,202.4,202.4,202.4,202.4,202.4,202.4,202.4,202.4,202.4,202.4,202.4,202.4,202.4,202.4
0.0,202.4,202.4,202.4,202.4,202.4,202.4,202.4,202.4,202.4,202.4,202.4,202.4,202.4,202.4,202.4,202.4,202.4,202.4,202.4,202.4,202.4,202.4,202.4,202.4,202.4,202.4,202.4,202.4,202.4,202.4,202.4,202.4,202.4,202.4,202.4,202.4,202.4,202.4,202.4,202.4,202.4,202.4,202.4,202.4,202.4,202.4,202.4,202.4
0.0,202.4,202.4,202.4,202.4,202.4,202.4,202.4,202.4,202.4,202.4,202.4,202.4,202.4,202.4,202.4,202.4,202.4,202.4,202.4,202.4,202.4,202.4,202.4,202.4,202.4,202.4,202.4,202.4,202.4,202.4,202.4,202.4,202.4,202.4,202.4,202.4,202.4,202.4,202.4,202.4,202.4,202.4,202.4,202.4,202.4,202.4,202.4,202.4
0.0,195.5,195.5,195.5,195.5,195.5,195.5,195.5,195.5,195.5,195.5,195.5,195.5,195.5,195.5,195.5,195.5,195.5,195.5,195.5,195.5,195.5,195.5,195.5,195.5,195.5,195.5,195.5,195.5,195.5,195.5,195.5,195.5,195.5,195.5,195.5,195.5,195.5,195.5,195.5,195.5,195.5,195.5,195.5,195.5,195.5,195.5,195.5,195.5
0.0,195.5,195.5,195.5,195.5,195.5,195.5,195.5,195.5,195.5,195.5,195.5,195.5,195.5,195.5,195.5,195.5,195.5,195.5,195.5,195.5,195.5,195.5,195.5,195.5,195.5,195.5,195.5,195.5,195.5,195.5,195.5,195.5,195.5,195.5,195.5,195.5,195.5,195.5,195.5,195.5,195.5,195.5,195.5,195.5,195.5,195.5,195.5,195.5
0.0,195.5,195.5,195.5,195.5,195.5,195.5,195.5,195.5,195.5,195.5,195.5,195.5,195.5,195.5,195.5,195.5,195.5,195.5,195.5,195.5,195.5,195.5,195.5,195.5,195.5,195.5,195.5,195.5,195.5,195.5,195.5,195.5,195.5,195.5,195.5,195.5,195.5,195.5,195.5,195.5,195.5,195.5,195.5,195.5,195.5,195.5,195.5,195.5
0.0,195.5,195.5,195.5,195.5,195.5,195.5,195.5,195.5,195.5,195.5,195.5,195.5,195.5,195.5,195.5,195.5,195.5,195.5,195.5,195.5,195.5,195.5,195.5,195.5,195.5,195.5,195.5,195.5,195.5,195.5,195.5,195.5,195.5,195.5,195.5,195.5,195.5,195.5,195.5,195.5,195.5,195.5,195.5,195.5,195.5,195.5,195.5,195.5
0.0,195.5,195.5,195.5,195.5,195.5,195.5,195.5,195.5,195.5,195.5,195.5,195.5,195.5,195.5,195.5,195.5,195.5,195.5,195.5,195.5,195.5,195.5,195.5,195.5,195.5,195.5,195.5,195.5,195.5,195.5,195.5,195.5,195.5,195.5,195.5,195.5,195.5,195.5,195.5,195.5,195.5,195.5,195.5,195.5,195.5,195.5,195.5,195.5
0.0,195.5,195.5,195.5,195.5,195.5,195.5,195.5,195.5,195.5,195.5,195.5,195.5,195.5,195.5,195.5,195.5,195.5,195.5,195.5,195.5,195.5,195.5,195.5,195.5,195.5,195.5,195.5,195.5,195.5,195.5,195.5,195.5,195.5,195.5,195.5,195.5,195.5,195.5,195.5,195.5,195.5,195.5,195.5,195.5,195.5,195.5,195.5,195.5
0.0,195.5,195.5,195.5,195.5,195.5,195.5,195.5,195.5,195.5,195.5,195.5,195.5,195.5,195.5,195.5,195.5,195.5,195.5,195.5,195.5,195.5,195.5,195.5,195.5,195.5,195.5,195.5,195.5,195.5,195.5,195.5,195.5,195.5,195.5,145.34442963998663,195.5,195.5,195.5,195.5,195.5,195.5,195.5,195.5,195.5,195.5,195.5,195.5,195.5
0.0,195.5,195.5,195.5,195.5,195.5,195.5,195.5,195.5,195.5,195.5,195.5,195.5,195.5,195.5,195.5,195.5,195.5,195.5,195.5,195.5,195.5,195.5,195.5,195.5,195.5,195.5,195.5,195.5,195.5,195.5,195.5,195.5,195.5,145.877817771011,195.5,144.81104150896226,195.5,195.5,195.5,195.5,195.5,195.5,195.5,195.5,195.5,195.5,195.5,195.5
0.0,75.5,75.5,195.5,195.5,75.5,75.5,188.0,68.0,68.00000000024883,75.5,68.0,195.5,68.00000000333151,68.0,188.0,188.0,68.0,123.47389962261474,75.5,75.5,68.0,68.0,68.0,68.0,68.0,68.0,68.0,68.0,68.0,68.0,68.0,68.0,68.0,75.5,75.5,195.5,195.5,195.5,195.5,195.5,195.5,195.5,195.5,195.5,195.5,195.5,195.5,195.5
0.0,75.5,75.5,195.5,195.5,75.5,75.5,188.0,68.0,68.0,75.5,68.0,195.5,68.0,68.0,188.0,188.0,68.0,68.0,75.5,75.5,68.0,68.0,68.0,68.0,68.0,68.0,68.0,68.0,68.0,68.0,68.0,68.0,68.0,75.5,75.5,195.5,195.5,195.5,195.5,195.5,195.5,195.5,195.5,195.5,195.5,195.5,195.5,195.5
0.0,195.5,195.5,195.5,195.5,195.5,195.5,195.5,195.5,195.5,195.5,195.5,195.5,195.5,195.5,195.5,195.5,195.5,195.5,195.5,195.5,195.5,195.5,195.5,195.5,195.5,195.5,195.5,195.5,195.5,195.5,195.5,195.5,195.5,195.5,195.5,195.5,195.5,195.5,195.5,195.5,195.5,195.5,195.5,195.5,195.5,195.5,195.5,195.5
0.0,80.1,80.1,200.1,164.9571500123931,80.1,80.1,99.57039107411623,69.70183682894822,69.6,80.1,69.6,200.1,69.6,69.6,189.6,189.6,69.6,69.6,80.1,80.1,69.6,69.6,69.6,69.6,69.6,69.6,69.6,69.6,69.6,69.6,69.6,69.6,69.6,80.1,80.1,200.1,136.7098311132046,200.1,200.1,200.1,200.1,200.1,200.1,200.1,200.1,200.1,200.1,200.1
0.0,136.40771378933186,189.45588961519178,187.02884014533706,200.1,140.1,200.1,200.1,200.1,200.1,140.1,200.1,200.1,200.1,200.1,200.1,200.1,200.1,200.1,162.60728471619413,140.1,200.1,200.1,200.1,200.1,200.1,200.1,200.1,200.1,200.1,200.1,200.1,200.1,200.1,200.1,200.1,200.1,140.1,200.1,147.5066761187694,200.1,165.0190587753644,183.39083386758065,200.1,200.1,200.1,200.1,200.1,200.1
0.0,80.1,80.1,200.1,80.1,80.1,80.1,69.6,69.6,69.6,80.1,69.6,200.1,69.6,69.6,189.6,189.6,69.6,69.6,80.1,80.1,69.6,69.6,69.6,69.6,69.6,69.6,69.6,69.6,69.6,69.6,69.6,69.6,69.6,80.1,80.1,200.1,80.1,200.1,80.1,200.1,80.1,80.1,142.9806645428357,200.1,200.1,166.9192974252789,200.1,200.1
0.0,200.1,200.1,200.1,200.1,200.1,200.1,200.1,200.1,200.1,200.1,200.1,200.1,200.1,200.1,200.1,200.1,200.1,200.1,200.1,200.1,200.1,200.1,200.1,200.1,200.1,200.1,200.1,200.1,200.1,200.1,200.1,200.1,200.1,200.1,200.1,200.1,200.1,200.1,200.1,200.1,200.1,200.1,200.1,200.1,200.1,200.1,200.1,200.1
0.0,80.1,107.21006915016278,106.70869709662702,106.20732504309126,105.7059529895555,105.20458093601974,200.1,200.1,200.1,103.1990927218767,200.1,200.1,200.1,200.1,200.1,200.1,200.1,200.1,98.47863973637732,97.94525160535295,200.1,200.1,200.1,200.1,200.1,200.1,200.1,200.1,200.1,200.1,200.1,200.1,200.1,200.1,200.1,200.1,88.8776533779378,200.1,87.81087711588907,200.1,86.74410085384034,86.21071272281597,85.6773245917916,200.1,200.1,84.07716019871759,111.32015316561223,93.84633108172213
0.0,0.0,0.0,0.0,0.0,0.0,0.0,0.0,0.0,0.0,0.0,0.0,0.0,0.0,0.0,0.0,0.0,0.0,0.0,0.0,0.0,0.0,0.0,0.0,0.0,0.0,0.0,0.0,0.0,0.0,0.0,0.0,0.0,0.0,0.0,0.0,0.0,0.0,0.0,0.0,0.0,0.0,0.0,0.0,0.0,0.0,0.0,0.0,0.0
0.0,0.0,0.0,0.0,0.0,0.0,0.0,0.0,0.0,0.0,0.0,0.0,0.0,0.0,0.0,0.0,0.0,0.0,0.0,0.0,0.0,0.0,0.0,0.0,0.0,0.0,0.0,0.0,0.0,0.0,0.0,0.0,0.0,0.0,0.0,0.0,0.0,0.0,0.0,0.0,0.0,0.0,0.0,0.0,0.0,0.0,0.0,0.0,0.0
0.0,0.0,0.0,0.0,0.0,0.0,0.0,0.0,0.0,0.0,0.0,0.0,0.0,0.0,0.0,0.0,0.0,0.0,0.0,0.0,0.0,0.0,0.0,0.0,0.0,0.0,0.0,0.0,0.0,0.0,0.0,0.0,0.0,0.0,0.0,0.0,0.0,0.0,0.0,0.0,0.0,0.0,0.0,0.0,0.0,0.0,0.0,0.0,0.0
0.0,0.0,0.0,0.0,0.0,0.0,0.0,0.0,0.0,0.0,0.0,0.0,0.0,0.0,0.0,0.0,0.0,0.0,0.0,0.0,0.0,0.0,0.0,0.0,0.0,0.0,0.0,0.0,0.0,0.0,0.0,0.0,0.0,0.0,0.0,0.0,0.0,0.0,0.0,0.0,0.0,0.0,0.0,0.0,0.0,0.0,0.0,0.0,0.0
0.0,19.2,19.2,35.2,55.2,55.2,55.2,55.2,52.719043418712914,55.2,55.2,55.2,55.2,55.2,55.2,52.71904341873175,55.2,55.2,52.719043418712914,55.2,52.71904341873175,55.2,55.2,55.2,55.2,0.0,0.0,0.0,0.0,0.0,0.0,0.0,0.0,0.0,0.0,0.0,0.0,0.0,0.0,0.0,0.0,0.0,0.0,0.0,0.0,0.0,0.0,0.0,0.0
0.0,19.2,19.200000000000003,55.2,19.2,19.2,19.2,19.2,19.200000000000003,19.2,19.2,19.2,55.2,19.2,19.2,55.2,55.2,19.2,19.200000000000003,19.2,19.200000000000003,19.2,19.2,19.2,19.2,0.0,0.0,0.0,0.0,0.0,0.0,0.0,0.0,0.0,0.0,0.0,0.0,0.0,0.0,0.0,0.0,0.0,0.0,0.0,0.0,0.0,0.0,0.0,0.0
0.0,33.519043418732295,33.51904341871291,19.2,0.0,0.0,0.0,0.0,0.0,0.0,0.0,0.0,0.0,0.0,0.0,0.0,0.0,0.0,0.0,0.0,0.0,0.0,0.0,0.0,0.0,0.0,0.0,0.0,0.0,0.0,0.0,0.0,0.0,0.0,0.0,0.0,0.0,0.0,0.0,0.0,0.0,0.0,0.0,0.0,0.0,0.0,0.0,0.0,0.0
0.0,17.52,17.52,17.52,17.52,17.52,17.52,17.52,17.52,17.52,17.52,17.52,17.52,17.52,17.52,17.52,17.52000000035943,17.52,17.52,38.101976200189554,38.10197619904169,38.10197619904169,17.52,50.370000000000005,17.52,50.370000000000005,38.10197619904169,38.10197619904169,38.10197619904169,38.10197619904169,50.370000000000005,17.52,38.10197619904169,17.52,17.52,17.52,50.370000000000005,0.0,0.0,0.0,0.0,0.0,0.0,0.0,0.0,0.0,0.0,0.0,0.0
0.0,33.9516828570075,33.9516828570075,33.9516828570075,33.9516828570075,50.370000000000005,50.370000000000005,50.370000000000005,33.9516828570075,50.370000000000005,50.370000000000005,50.370000000000005,50.370000000000005,50.370000000000005,38.101976199102054,38.101976199041744,50.370000000000005,50.20537604280831,50.370000000000005,50.370000000000005,17.52000000088573,50.370000000000005,38.10197619904169,17.52,50.370000000000005,17.52,17.52,17.52,50.370000000000005,17.52,17.52,38.10197619904169,17.52,38.10197619904169,38.10197619904169,50.370000000000005,17.52,0.0,0.0,0.0,0.0,0.0,0.0,0.0,0.0,0.0,0.0,0.0,0.0
0.0,17.519999999999996,17.519999999999996,50.370000000000005,17.519999999999996,17.52,17.52,17.52,17.519999999999996,17.52,17.52,17.52,50.37,17.52,17.519999999999996,50.370000000000005,50.37,17.52,17.52,17.519999999999996,17.519999999999996,17.52,17.519999999999996,17.52,17.52,17.52,17.519999999999996,17.519999999999996,17.52,50.370000000000005,38.10197619904169,17.519999999999996,17.519999999999996,17.519999999999996,17.519999999999996,17.52,50.37,17.52,50.37,17.520000000000003,50.370000000000005,17.520000000000003,17.520000000000003,17.520000000000003,50.370000000000005,50.370000000000005,17.520000000000003,17.52,17.520000000000003
0.0,0.0,0.0,0.0,0.0,0.0,0.0,0.0,0.0,0.0,0.0,0.0,0.0,0.0,0.0,0.0,0.0,0.0,0.0,0.0,0.0,0.0,0.0,0.0,0.0,0.0,0.0,0.0,0.0,0.0,0.0,0.0,0.0,0.0,0.0,0.0,0.0,0.0,0.0,0.0,0.0,0.0,0.0,0.0,0.0,0.0,0.0,0.0,0.0
0.0,0.0,0.0,0.0,0.0,0.0,0.0,0.0,0.0,0.0,0.0,0.0,0.0,0.0,0.0,0.0,0.0,0.0,0.0,0.0,0.0,0.0,0.0,0.0,0.0,0.0,0.0,0.0,0.0,0.0,0.0,0.0,0.0,0.0,0.0,0.0,0.0,0.0,0.0,0.0,0.0,0.0,0.0,0.0,0.0,0.0,0.0,0.0,0.0
0.0,0.0,0.0,0.0,0.0,0.0,0.0,0.0,0.0,0.0,0.0,0.0,0.0,0.0,0.0,0.0,0.0,0.0,0.0,0.0,0.0,0.0,0.0,0.0,0.0,0.0,0.0,0.0,0.0,0.0,0.0,0.0,0.0,0.0,0.0,0.0,0.0,0.0,0.0,0.0,0.0,0.0,0.0,0.0,0.0,0.0,0.0,0.0,0.0
0.0,46.32,46.32,46.32,46.32,46.32,46.32,46.32,46.32,46.32,46.32,46.32,46.32,0.0,0.0,0.0,0.0,0.0,0.0,0.0,0.0,0.0,0.0,0.0,0.0,0.0,0.0,0.0,0.0,0.0,0.0,0.0,0.0,0.0,0.0,0.0,0.0,0.0,0.0,0.0,0.0,0.0,0.0,0.0,0.0,0.0,0.0,0.0,0.0
0.0,46.32,46.32,46.32,46.32,46.32,46.32,46.32,46.32,46.32,46.32,46.32,46.32,0.0,0.0,0.0,0.0,0.0,0.0,0.0,0.0,0.0,0.0,0.0,0.0,0.0,0.0,0.0,0.0,0.0,0.0,0.0,0.0,0.0,0.0,0.0,0.0,0.0,0.0,0.0,0.0,0.0,0.0,0.0,0.0,0.0,0.0,0.0,0.0
0.0,121.88387368715496,121.88387368715496,121.88387368715496,121.88387368715496,121.88387368715496,121.88387368715496,121.88387368715496,121.88387368715496,121.88387368715496,121.88387368715496,121.88387368715496,121.88387368715496,0.0,0.0,0.0,0.0,0.0,0.0,0.0,0.0,0.0,0.0,0.0,0.0,0.0,0.0,0.0,0.0,0.0,0.0,0.0,0.0,0.0,0.0,0.0,0.0,0.0,0.0,0.0,0.0,0.0,0.0,0.0,0.0,0.0,0.0,0.0,0.0
0.0,185.725,185.725,185.725,185.725,185.725,185.725,121.66231398655884,121.66231398655884,185.725,121.66231398655884,121.66231398655884,185.725,121.66231398655884,121.66231398655884,121.66231398655884,121.66231398655884,121.66231398655884,121.66231398655884,185.725,185.725,185.725,121.66231398655884,185.725,121.66231398655884,121.66231398655884,121.66231398655884,121.66231398655884,121.66231398655884,185.725,121.66231398655884,121.66231398655884,121.66231398655884,121.66231398655884,121.66231398655884,185.725,121.66231398655884,185.725,185.725,185.725,185.725,185.725,185.725,185.725,185.725,185.725,185.725,185.725,185.725
0.0,64.6,64.6,185.725,64.6,64.6,64.6,152.65690237247208,185.725,64.6,64.6,151.53820998836972,185.725,185.725,185.725,185.725,185.725,185.725,64.6,64.6,64.6,121.66231398655884,185.725,121.66231398655884,185.725,185.725,185.725,185.725,185.725,121.66231398655884,185.725,185.725,185.725,185.725,185.725,121.66231398655884,185.725,64.6,185.725,64.6,185.725,64.6,64.6,64.6,185.725,185.725,64.6,64.6,64.6
0.0,185.725,185.725,185.725,185.725,185.725,185.725,185.725,185.725,185.725,185.725,185.725,185.725,185.725,185.725,185.725,185.725,185.725,185.725,185.725,185.725,185.725,185.725,185.725,185.725,185.725,185.725,185.725,185.725,185.725,185.725,185.725,185.725,185.725,185.725,185.725,185.725,185.725,185.725,185.725,185.725,185.725,185.725,185.725,185.725,185.725,185.725,185.725,185.725
0.0,185.725,185.725,185.725,185.725,185.725,185.725,185.725,185.725,185.725,185.725,185.725,185.725,185.725,185.725,185.725,185.725,185.725,185.725,185.725,185.725,185.725,185.725,185.725,185.725,185.725,185.725,185.725,185.725,185.725,185.725,185.725,185.725,185.725,185.725,185.725,185.725,185.725,185.725,185.725,185.725,185.725,185.725,185.725,185.725,185.725,185.725,185.725,185.725
0.0,185.725,185.725,185.725,159.20442469915676,185.725,185.725,185.725,185.725,185.725,185.725,185.725,185.725,185.725,185.725,185.725,185.725,185.725,185.725,185.725,185.725,185.725,185.725,185.725,185.725,185.725,185.725,185.725,185.725,185.725,185.725,185.725,185.725,185.725,185.725,185.725,185.725,185.725,185.725,185.725,185.725,185.725,185.725,185.725,185.725,185.725,185.725,185.725,185.725
0.0,63.83303570812177,63.83303570812177,63.83303570812177,63.83303570812177,63.83303570812177,63.83303570812177,63.83303570812177,87.42000000000002,127.42000000000002,127.42000000000002,127.42000000000002,127.42000000000002,127.42000000000002,127.42000000000002,127.42000000000002,127.42000000000002,127.42000000000002,127.42000000000002,127.42000000000002,127.42000000000002,87.42000000000002,127.42000000000002,127.42000000000002,87.42000000000002,63.83303570812177,63.83303570812177,63.83303570812177,63.83303570812177,63.83303570812177,63.83303570812177,87.42000000000002,127.42000000000002,127.42000000000002,127.42000000000002,127.42000000000002,127.42000000000002,87.42000000000002,127.42000000000002,127.42000000000002,127.42000000000002,127.42000000000002,127.42000000000002,87.42000000000002,127.42000000000002,127.42000000000002,127.42000000000002,127.42000000000002,127.42000000000002
0.0,127.42000000000002,127.42000000000002,127.42000000000002,127.42000000000002,127.42000000000002,127.42000000000002,127.42000000000002,127.42000000000002,127.42000000000002,127.42000000000002,127.42000000000002,127.42000000000002,127.42000000000002,127.42000000000002,127.42000000000002,127.42000000000002,127.42000000000002,127.42000000000002,127.42000000000002,127.42000000000002,127.42000000000002,127.42000000000002,127.42000000000002,127.42000000000002,127.42000000000002,127.42000000000002,127.42000000000002,127.42000000000002,127.42000000000002,127.42000000000002,127.42000000000002,127.42000000000002,127.42000000000002,127.42000000000002,127.42000000000002,127.42000000000002,127.42000000000002,127.42000000000002,127.42000000000002,127.42000000000002,127.42000000000002,127.42000000000002,127.42000000000002,127.42000000000002,127.42000000000002,127.42000000000002,127.42000000000002,127.42000000000002
0.0,127.42000000000002,127.42000000000002,127.42000000000002,127.42000000000002,127.42000000000002,127.42000000000002,127.42000000000002,127.42000000000002,127.42000000000002,127.42000000000002,127.42000000000002,127.42000000000002,127.42000000000002,127.42000000000002,127.42000000000002,127.42000000000002,127.42000000000002,127.42000000000002,127.42000000000002,127.42000000000002,127.42000000000002,127.42000000000002,127.42000000000002,127.42000000000002,127.42000000000002,127.42000000000002,127.42000000000002,127.42000000000002,127.42000000000002,127.42000000000002,127.42000000000002,127.42000000000002,127.42000000000002,127.42000000000002,127.42000000000002,127.42000000000002,127.42000000000002,127.42000000000002,127.42000000000002,127.42000000000002,103.83303570812178,127.42000000000002,127.42000000000002,127.42000000000002,127.42000000000002,127.42000000000002,127.42000000000002,127.42000000000002
0.0,127.42000000000002,127.42000000000002,127.42000000000002,127.42000000000002,127.42000000000002,127.42000000000002,127.42000000000002,127.42000000000002,127.42000000000002,127.42000000000002,127.42000000000002,127.42000000000002,127.42000000000002,127.42000000000002,127.42000000000002,127.42000000000002,127.42000000000002,127.42000000000002,127.42000000000002,127.42000000000002,127.42000000000002,127.42000000000002,127.42000000000002,127.42000000000002,127.42000000000002,127.42000000000002,127.42000000000002,127.42000000000002,127.42000000000002,127.42000000000002,127.42000000000002,127.42000000000002,127.42000000000002,127.42000000000002,127.42000000000002,127.42000000000002,127.42000000000002,127.42000000000002,127.42000000000002,127.42000000000002,127.42000000000002,127.42000000000002,127.42000000000002,103.83303570812177,127.42000000000002,127.42000000000002,127.42000000000002,127.42000000000002
0.0,127.42000000000002,127.42000000000002,127.42000000000002,127.42000000000002,127.42000000000002,127.42000000000002,127.42000000000002,127.42000000000002,127.42000000000002,127.42000000000002,127.42000000000002,127.42000000000002,127.42000000000002,127.42000000000002,127.42000000000002,127.42000000000002,127.42000000000002,127.42000000000002,127.42000000000002,127.42000000000002,127.42000000000002,127.42000000000002,127.42000000000002,127.42000000000002,127.42000000000002,127.42000000000002,127.42000000000002,127.42000000000002,127.42000000000002,127.42000000000002,127.42000000000002,127.42000000000002,127.42000000000002,127.42000000000002,127.42000000000002,127.42000000000002,127.42000000000002,127.42000000000002,127.42000000000002,127.42000000000002,127.42000000000002,127.42000000000002,127.42000000000002,87.42000000000002,127.42000000000002,127.42000000000002,127.42000000000002,127.42000000000002
0.0,127.42000000000002,127.42000000000002,127.42000000000002,127.42000000000002,127.42000000000002,127.42000000000002,127.42000000000002,127.42000000000002,127.42000000000002,127.42000000000002,127.42000000000002,127.42000000000002,127.42000000000002,127.42000000000002,127.42000000000002,127.42000000000002,127.42000000000002,127.42000000000002,127.42000000000002,127.42000000000002,127.42000000000002,127.42000000000002,127.42000000000002,127.42000000000002,127.42000000000002,127.42000000000002,127.42000000000002,127.42000000000002,127.42000000000002,127.42000000000002,127.42000000000002,127.42000000000002,127.42000000000002,127.42000000000002,127.42000000000002,127.42000000000002,127.42000000000002,127.42000000000002,127.42000000000002,127.42000000000002,127.42000000000002,127.42000000000002,127.42000000000002,127.42000000000002,127.42000000000002,127.42000000000002,127.42000000000002,127.42000000000002
0.0,127.42000000000002,127.42000000000002,127.42000000000002,127.42000000000002,127.42000000000002,127.42000000000002,127.42000000000002,127.42000000000002,127.42000000000002,127.42000000000002,127.42000000000002,127.42000000000002,127.42000000000002,127.42000000000002,127.42000000000002,127.42000000000002,127.42000000000002,127.42000000000002,127.42000000000002,127.42000000000002,127.42000000000002,127.42000000000002,127.42000000000002,127.42000000000002,127.42000000000002,127.42000000000002,127.42000000000002,127.42000000000002,127.42000000000002,127.42000000000002,127.42000000000002,127.42000000000002,127.42000000000002,127.42000000000002,127.42000000000002,127.42000000000002,127.42000000000002,127.42,127.42000000000002,127.42000000000002,127.42000000000002,127.42000000000002,127.42000000000002,127.42000000000002,127.42000000000002,127.42000000000002,127.42000000000002,103.83303570812178
0.0,127.42000000000002,127.42000000000002,127.42000000000002,127.42000000000002,127.42000000000002,127.42000000000002,127.42000000000002,127.42000000000002,127.42000000000002,127.42000000000002,127.42000000000002,127.42000000000002,127.42000000000002,127.42000000000002,127.42000000000002,127.42000000000002,127.42000000000002,127.42000000000002,127.42000000000002,127.42000000000002,127.42000000000002,127.42000000000002,127.42000000000002,127.42000000000002,127.42000000000002,127.42000000000002,127.42000000000002,127.42000000000002,127.42000000000002,127.42000000000002,127.42000000000002,127.42000000000002,127.42000000000002,127.42000000000002,127.42000000000002,127.42000000000002,127.42000000000002,127.42000000000002,127.42000000000002,127.42000000000002,127.42000000000002,127.42000000000002,127.42000000000002,127.42000000000002,127.42000000000002,127.42000000000002,127.42000000000002,127.42000000000002
0.0,127.42000000000002,127.42000000000002,127.42000000000002,127.42000000000002,127.42000000000002,127.42000000000002,127.42000000000002,127.42000000000002,127.42000000000002,127.42000000000002,127.42000000000002,127.42000000000002,127.42000000000002,127.42000000000002,127.42000000000002,127.42000000000002,127.42000000000002,127.42000000000002,105.62420543926262,127.42000000000002,127.42000000000002,127.42000000000002,127.42000000000002,127.42000000000002,127.42000000000002,127.42000000000002,127.42000000000002,127.42000000000002,127.42000000000002,127.42000000000002,127.42000000000002,127.42000000000002,127.42000000000002,127.42000000000002,127.42000000000002,127.42000000000002,127.42000000000002,127.42,87.42,127.42,47.42,48.5626020594558,103.83303570812177,127.42000000000002,127.42000000000002,127.41999999999999,87.42,47.42
0.0,127.42000000000002,127.42000000000002,127.42000000000002,127.42000000000002,127.42000000000002,127.42000000000002,127.42000000000002,127.42000000000002,127.42000000000002,127.42000000000002,127.42000000000002,127.42000000000002,127.42000000000002,127.42000000000002,127.42000000000002,127.42000000000002,127.42000000000002,127.42000000000002,127.42000000000002,127.42000000000002,127.42000000000002,127.42000000000002,127.42000000000002,127.42000000000002,127.42000000000002,127.42000000000002,127.42000000000002,127.42000000000002,127.42000000000002,127.42000000000002,127.42000000000002,127.42000000000002,127.42000000000002,127.42000000000002,127.42000000000002,127.42000000000002,127.42000000000002,127.42000000000002,127.42000000000002,127.42000000000002,127.42000000000002,127.42000000000002,127.42000000000002,127.42000000000002,127.42000000000002,127.42000000000002,127.42000000000002,127.42000000000002
0.0,127.42000000000002,127.42000000000002,127.42000000000002,127.42000000000002,127.42000000000002,127.42000000000002,127.42000000000002,127.42000000000002,127.42000000000002,127.42000000000002,127.42000000000002,127.42000000000002,127.42000000000002,127.42000000000002,127.42000000000002,127.42000000000002,127.42000000000002,127.42000000000002,127.42000000000002,127.42000000000002,127.42000000000002,127.42000000000002,127.42000000000002,127.42000000000002,127.42000000000002,127.42000000000002,127.42000000000002,127.42000000000002,127.42000000000002,127.42000000000002,127.42000000000002,127.42000000000002,127.42000000000002,127.42000000000002,127.42000000000002,127.42000000000002,127.42000000000002,127.42000000000002,127.42000000000002,127.42000000000002,127.42000000000002,127.42000000000002,127.42000000000002,127.42000000000002,127.42000000000002,127.42000000000002,127.42000000000002,127.42000000000002
0.0,127.42000000000002,127.42000000000002,127.42000000000002,127.42000000000002,127.42000000000002,127.42000000000002,127.42000000000002,127.42000000000002,127.42000000000002,127.42000000000002,127.42000000000002,127.42000000000002,127.42000000000002,127.42000000000002,127.42000000000002,127.42000000000002,127.42000000000002,127.42000000000002,127.42000000000002,127.42000000000002,127.42000000000002,127.42000000000002,127.42000000000002,127.42000000000002,127.42000000000002,127.42000000000002,127.42000000000002,127.42000000000002,127.42000000000002,127.42000000000002,127.42000000000002,127.42000000000002,127.42000000000002,127.42000000000002,127.42000000000002,127.42000000000002,127.42000000000002,127.42000000000002,127.42000000000002,127.42000000000002,127.42000000000002,127.42000000000002,127.42000000000002,127.42000000000002,127.42000000000002,127.42000000000002,127.42000000000002,127.42000000000002
0.0,0.0,0.0,0.0,0.0,0.0,0.0,0.0,0.0,0.0,0.0,0.0,63.83303570812177,63.83303570812177,63.83303570812177,63.833035708122,63.833035708122,63.83303570812177,63.83303570812177,85.62883026885943,63.833035708122,103.83303570812177,63.83303570812177,0.0,0.0,0.0,0.0,0.0,0.0,0.0,0.0,0.0,0.0,0.0,0.0,63.83303570812177,63.83303570812177,103.83303570812177,127.42000000000002,103.83303570812178,103.83303570812178,127.42000000000002,127.42000000000002,127.42000000000002,127.42000000000002,0.0,0.0,0.0,0.0
0.0,127.42000000000002,127.42000000000002,127.42000000000002,127.42000000000002,127.42000000000002,127.42000000000002,127.42000000000002,103.83303570812177,63.83303570812177,63.83303570812177,63.83303570812177,0.0,0.0,0.0,0.0,0.0,0.0,0.0,0.0,0.0,0.0,0.0,63.83303570812177,103.83303570812177,127.42000000000002,127.42000000000002,127.42000000000002,127.42000000000002,127.42000000000002,127.42000000000002,103.83303570812177,63.83303570812177,63.83303570812177,63.83303570812177,0.0,0.0,0.0,0.0,0.0,0.0,0.0,0.0,0.0,0.0,63.83303570812177,63.833035708121784,103.83303570812178,127.42000000000002
0.0,60.0,62.06908559787712,62.06908559787712,62.06908559787712,64.56908559787712,62.06908559787712,62.06908559787712,62.06908559787712,62.06908559787712,62.06908559787712,62.06908559787712,62.06908559787712,62.06908559787712,62.06908559787712,64.56908559787712,64.56908559787712,62.06908559787712,62.06908559787712,62.06908559787712,62.06908559787712,62.06908559787712,62.06908559787712,62.06908559787712,64.56908559787712,62.06908559787712,62.06908559787712,64.56908559787712,62.06908559787712,62.06908559787712,62.06908559787712,62.06908559787712,62.06908559787712,62.06908559787712,62.06908559787712,62.06908559787712,62.06908559787712,62.06908559787712,102.06908559787712,109.56908559787712,126.5,86.5,69.56908559787712,62.06908559787712,69.56908559787712,64.56908559787712,86.5,126.5,126.5
0.0,60.0,44.0,44.0,44.0,44.0,44.0,44.0,44.0,44.0,44.0,44.0,44.0,44.0,44.0,44.0,44.0,44.0,44.0,44.0,44.0,44.0,44.0,44.0,44.0,44.0,44.0,44.0,44.0,44.0,44.0,44.0,44.0,44.0,44.0,44.0,44.0,44.0,84.0,44.0,84.0,44.0,44.0,44.0,44.0,44.0,49.0,44.0,44.0
0.0,60.0,44.0,44.0,44.0,44.0,44.0,44.0,44.0,44.0,44.0,44.0,44.0,44.0,44.0,44.0,44.0,44.0,44.0,44.00000000077671,44.0,44.0,44.0,44.0,44.0,44.0,44.0,44.0,44.0,44.0,44.0,44.0,44.0,44.0,44.0,44.0,44.0,44.0,44.0,44.0,44.0,44.0,44.0,44.0,44.0,44.0,44.0,44.0,59.56908559787712
0.0,60.0,44.0,44.0,44.0,44.0,44.0,44.0,44.0,44.0,44.0,44.0,44.0,44.0,44.0,44.0,44.0,44.0,44.0,44.0,44.0,44.0,44.0,44.0,44.0,44.0,44.0,44.0,44.0,44.0,44.0,44.0,44.0,44.0,44.0,44.0,44.0,44.0,44.0,44.0,44.0,44.0,44.0,44.0,44.0,44.0,44.0,44.0,44.0
0.0,44.0,46.5,126.5,46.5,44.0,46.5,46.5,46.5,46.5,46.5,46.5,126.5,46.5,46.5,124.0,124.0,46.5,46.5,46.5,46.5,46.5,46.5,46.5,44.0,46.5,46.5,44.0,46.5,46.5,46.5,46.5,46.5,46.5,46.5,46.5,126.5,126.5,126.5,44.0,85.56089009840792,44.0,44.0,46.5,124.0,124.0,44.0,44.0,46.5
0.0,60.0,44.0,44.0,44.0,44.0,44.0,44.0,44.0,44.0,44.0,44.0,44.0,44.0,44.0,44.0,44.00000000077671,44.0,44.0,44.0,44.00000000077671,44.0,44.0,44.0,44.0,44.0,44.0,44.0,44.0,44.0,44.0,44.0,44.0,44.0,44.0,44.0,44.0,44.0,44.0,44.0,44.0,44.0,44.0,44.0,44.0,44.0,44.0,44.0,44.0
0.0,86.5,126.5,126.5,126.5,126.5,126.5,126.5,126.5,126.5,126.5,126.5,126.5,126.5,126.5,126.5,126.5,126.5,126.5,126.5,126.5,126.5,126.5,126.5,126.5,126.5,126.5,126.5,126.5,126.5,126.5,126.5,126.5,126.5,126.5,126.5,126.5,126.5,126.5,126.5,126.5,126.5,126.5,126.5,126.5,126.5,126.5,126.5,126.5
0.0,112.06908559791782,126.5,126.5,126.5,126.5,126.5,126.5,126.5,126.5,126.5,126.5,126.5,126.5,126.5,126.5,126.5,126.5,126.5,126.5,126.5,126.5,126.5,126.5,126.5,126.5,126.5,126.5,126.5,126.5,126.5,126.5,126.5,126.5,126.5,126.5,126.5,126.5,126.5,86.5,64.56908559787712,104.56908559787712,126.5,126.5,126.5,126.5,104.56908559787712,64.56908559787712,86.5
0.0,126.5,126.5,126.5,126.5,126.5,126.5,126.5,126.5,126.5,126.5,126.5,126.5,126.5,126.5,126.5,126.5,126.5,126.5,126.5,126.5,126.5,126.5,126.5,126.5,126.5,126.5,126.5,126.5,126.5,126.5,126.5,126.5,126.5,126.5,126.5,126.5,126.5,126.5,126.5,126.5,126.5,126.5,126.5,126.5,126.5,126.5,126.5,126.5
0.0,126.5,126.5,126.5,126.5,126.5,126.5,126.5,126.5,126.5,126.5,126.5,126.5,126.5,126.5,126.5,126.5,126.5,126.5,126.5,126.5,126.5,126.5,126.5,126.5,126.5,126.5,126.5,126.5,126.5,126.5,126.5,126.5,126.5,126.5,126.5,126.5,126.5,126.5,126.5,126.5,126.5,126.5,126.5,126.5,126.5,126.5,126.5,86.5
0.0,44.0,46.5,126.5,46.5,46.5,46.5,46.5,46.5,46.5,46.5,46.5,126.5,46.5,46.5,126.5,126.5,46.5,46.5,46.5,46.5,46.5,46.5,46.5,46.5,46.5,46.5,46.5,46.5,46.5,46.5,46.5,46.5,46.5,46.5,46.5,126.5,126.5,126.5,44.0,46.5,46.5,44.0,46.5,124.0,126.5,44.0,46.5,46.5
0.0,126.5,126.5,126.5,126.5,126.5,126.5,126.5,126.5,126.5,126.5,126.5,126.5,126.5,126.5,126.5,126.5,126.5,126.5,126.5,126.5,126.5,126.5,126.5,126.5,126.5,126.5,126.5,126.5,126.5,126.5,126.5,126.5,126.5,126.5,126.5,126.5,126.5,126.5,126.5,126.5,126.5,126.5,126.5,126.5,126.5,126.5,126.5,126.5
0.0,126.5,126.5,126.5,126.5,126.5,126.5,126.5,126.5,126.5,126.5,126.5,126.5,126.5,126.5,126.5,126.5,126.5,126.5,126.5,126.5,126.5,126.5,126.5,126.5,126.5,126.5,126.5,126.5,126.5,126.5,126.5,126.5,126.5,126.5,126.5,126.5,126.5,126.5,126.5,126.5,126.5,126.5,126.5,126.5,126.5,126.5,126.5,126.5
0.0,44.0,46.5,126.5,46.5,46.5,46.5,46.5,46.5,46.5,126.5,46.5,126.5,46.5,46.5,126.5,126.5,46.5,46.5,46.5,46.5,46.5,46.5,46.5,46.5,46.5,46.5,46.5,46.5,46.5,46.5,46.5,46.5,46.5,46.5,46.5,126.5,126.5,126.5,44.0,46.5,46.5,44.0,46.5,124.0,126.5,44.0,46.5,46.5
0.0,20.199999999999996,0.0,0.0,0.0,0.0,0.0,0.0,0.0,0.0,0.0,0.0,0.0,0.0,0.0,0.0,0.0,0.0,0.0,0.0,0.0,0.0,0.0,54.95517248239592,58.075,58.075,58.075,58.075,54.95524234223815,58.075,54.955270286175036,58.075,54.95529823011181,54.9553122020814,20.199999999999996,58.075,54.95592204039906,58.075,58.075,0.0,0.0,0.0,0.0,0.0,0.0,0.0,0.0,0.0,0.0
0.0,0.0,0.0,0.0,0.0,0.0,0.0,0.0,0.0,0.0,0.0,0.0,0.0,0.0,0.0,0.0,0.0,0.0,0.0,0.0,0.0,58.075,58.075,58.075,54.955186454364366,54.955200426333974,54.955214398301266,54.95522837026898,58.075,54.9552563142057,58.075,54.955284258142555,58.075,58.075,54.476746494890186,54.95590806843329,58.075,54.9559360123675,56.52856798169101,0.0,0.0,0.0,0.0,0.0,0.0,0.0,0.0,0.0,0.0
0.0,46.0,46.0,16.138998449880184,0.0,0.0,0.0,0.0,0.0,0.0,0.0,0.0,0.0,0.0,0.0,0.0,0.0,0.0,0.0,0.0,0.0,0.0,0.0,44.465529473018506,44.46492178550825,37.927734440630076,37.927734440630076,37.927734440630076,46.0,37.927734440630076,37.927734440630076,37.927734440630076,37.927734440630076,37.927734440630076,37.927734440630076,46.0,16.0,37.927734440630076,46.0,37.927734440630076,37.927734440630076,0.0,0.0,0.0,0.0,0.0,0.0,0.0,0.0
0.0,0.0,0.0,0.0,0.0,0.0,0.0,0.0,0.0,0.0,0.0,0.0,0.0,0.0,0.0,0.0,0.0,0.0,0.0,0.0,0.0,0.0,0.0,0.0,0.0,46.0,46.0,46.0,37.927734440630076,46.0,46.0,46.0,46.0,46.0,46.0,37.927734440630076,40.65302512379865,46.0,37.927734440630076,46.0,46.0,0.0,0.0,0.0,0.0,0.0,0.0,0.0,0.0
0.0,0.0,0.0,0.0,0.0,0.0,0.0,0.0,0.0,0.0,0.0,0.0,0.0,0.0,0.0,0.0,0.0,0.0,0.0,0.0,0.0,0.0,0.0,0.0,0.0,0.0,0.0,0.0,0.0,0.0,0.0,0.0,0.0,0.0,0.0,0.0,0.0,0.0,0.0,0.0,0.0,0.0,0.0,0.0,0.0,0.0,0.0,0.0,0.0
0.0,0.0,0.0,0.0,0.0,0.0,0.0,0.0,0.0,0.0,0.0,0.0,0.0,0.0,0.0,0.0,0.0,0.0,0.0,0.0,0.0,0.0,0.0,0.0,0.0,0.0,0.0,0.0,0.0,0.0,0.0,0.0,0.0,0.0,0.0,0.0,0.0,0.0,0.0,0.0,0.0,0.0,0.0,0.0,0.0,0.0,0.0,0.0,0.0
0.0,0.0,0.0,0.0,0.0,0.0,0.0,0.0,0.0,0.0,0.0,0.0,0.0,0.0,0.0,0.0,0.0,0.0,0.0,0.0,0.0,0.0,0.0,0.0,0.0,0.0,0.0,0.0,0.0,0.0,0.0,0.0,0.0,0.0,0.0,0.0,0.0,0.0,0.0,0.0,0.0,0.0,0.0,0.0,0.0,0.0,0.0,0.0,0.0
0.0,0.0,0.0,0.0,0.0,0.0,0.0,0.0,0.0,0.0,0.0,0.0,0.0,0.0,0.0,0.0,0.0,0.0,0.0,0.0,0.0,0.0,0.0,0.0,0.0,0.0,0.0,0.0,0.0,0.0,0.0,0.0,0.0,0.0,0.0,0.0,0.0,0.0,0.0,0.0,0.0,0.0,0.0,0.0,0.0,0.0,0.0,0.0,0.0
0.0,7.4,7.4,21.275,7.4,7.4,0.0,0.0,0.0,0.0,0.0,0.0,0.0,0.0,0.0,0.0,21.275,7.4,7.4,7.4,7.4,7.4,7.4,7.4,7.4,7.4,7.4,7.4,7.4,7.4,7.4,7.4,7.4,7.4,7.4,7.4,21.275,7.4,21.275,7.4,7.4,7.4,7.4,7.4,21.275,21.275,7.4,7.4,7.4
0.0,21.275,21.275,21.275,21.275,21.275,21.275,21.275,21.275,0.0,0.0,0.0,0.0,0.0,0.0,0.0,0.0,0.0,0.0,0.0,0.0,0.0,0.0,0.0,0.0,0.0,0.0,0.0,0.0,0.0,0.0,0.0,0.0,0.0,0.0,0.0,0.0,0.0,0.0,0.0,0.0,0.0,0.0,0.0,0.0,0.0,0.0,0.0,0.0
0.0,21.275,21.275,21.275,21.275,21.275,21.275,21.275,21.275,7.4,7.4,14.506327133464062,14.506327133464062,21.275,14.506327133464062,14.506327133464062,7.4,7.4,7.4,0.0,0.0,0.0,0.0,0.0,0.0,0.0,0.0,0.0,0.0,0.0,0.0,0.0,0.0,0.0,0.0,0.0,0.0,0.0,0.0,0.0,0.0,0.0,0.0,0.0,0.0,0.0,0.0,0.0,0.0
0.0,21.275,21.275,21.275,21.275,21.275,21.275,21.275,21.275,7.4,7.4,0.0,0.0,0.0,0.0,0.0,0.0,0.0,0.0,0.0,0.0,0.0,0.0,0.0,0.0,0.0,0.0,0.0,0.0,0.0,0.0,0.0,0.0,0.0,0.0,0.0,0.0,0.0,0.0,0.0,0.0,0.0,0.0,0.0,0.0,0.0,0.0,0.0,7.4
0.0,9.600000000000001,9.600000000000001,27.6,9.600000000000001,9.6,9.6,9.600000000000001,9.600000000000001,9.600000000000001,9.6,9.600000000000001,27.6,9.6,9.6,27.6,27.6,9.600000000000001,9.6,9.6,9.6,9.6,9.6,9.6,9.6,9.6,9.6,9.6,9.6,9.6,9.6,9.6,9.6,9.6,9.6,9.6,27.6,9.6,27.6,9.6,9.6,9.6,9.6,9.6,27.6,27.6,9.6,9.6,9.6
0.0,9.600000000000001,9.600000000000001,27.6,27.6,9.600000000000001,9.600000000000001,15.387110128783746,15.387110128787384,15.387110128787384,9.600000000000001,15.387110128787384,27.6,0.0,0.0,0.0,0.0,0.0,0.0,0.0,0.0,0.0,0.0,0.0,0.0,0.0,0.0,0.0,0.0,0.0,0.0,0.0,0.0,0.0,0.0,0.0,0.0,0.0,0.0,0.0,0.0,0.0,0.0,0.0,0.0,0.0,0.0,0.0,0.0
0.0,15.38711012877829,15.38711012877829,15.38711012877829,15.38711012877829,27.6,27.6,27.6,27.6,27.6,27.6,27.6,27.6,0.0,0.0,0.0,0.0,0.0,0.0,0.0,0.0,0.0,0.0,0.0,0.0,0.0,0.0,0.0,0.0,0.0,0.0,0.0,0.0,0.0,0.0,0.0,0.0,0.0,0.0,0.0,0.0,0.0,0.0,0.0,0.0,0.0,0.0,0.0,0.0
0.0,31.0,31.625,31.625,31.625,31.625,31.625,22.978710111290113,22.978710111319216,22.978710111319216,31.625,22.978710111377424,31.625,22.97871011149384,23.603710111377424,0.0,0.0,0.0,0.0,0.0,0.0,0.0,0.0,0.0,0.0,0.0,0.0,0.0,0.0,0.0,0.0,0.0,0.0,0.0,0.0,0.0,0.0,12.081244319484554,12.081244319484554,12.081244319484554,12.081244319484554,11.0,12.081244319484554,11.0,11.0,11.0,11.0,12.081244319484554,0.0
0.0,11.0,11.0,31.625,11.0,11.0,11.0,31.625,31.625,31.625,11.0,31.625,31.625,31.625,31.625,13.004400778693775,13.004400778693775,11.0,11.0,11.0,11.0,11.0,11.0,13.004400778693775,13.004400778693775,0.0,0.0,0.0,0.0,0.0,0.0,0.0,0.0,0.0,0.0,0.0,11.0,31.625,31.625,11.0,11.0,11.0,11.0,11.0,31.625,31.625,11.0,11.0,11.0
0.0,31.625,31.625,31.625,31.625,31.625,31.625,31.625,31.625,31.625,31.625,31.625,31.625,31.625,31.0,11.0,11.0,12.706244319484554,11.625,31.625,11.625,12.706244319484554,13.004400778693775,11.0,11.0,30.548870070026027,23.706244319484554,23.706244319484554,23.706244319484554,23.706244319484554,23.706244319484554,23.706244319484554,23.706244319484554,23.706244319484554,23.706244319484554,23.706244319484554,12.706244319484554,0.0,0.0,0.0,0.0,0.0,0.0,0.0,0.0,0.0,0.0,0.0,12.081244319484554
0.0,0.0,0.0,0.0,0.0,0.0,0.0,0.0,0.0,0.0,0.0,0.0,0.0,0.0,0.0,0.0,0.0,0.0,0.0,0.0,0.0,0.0,0.0,0.0,0.0,0.0,0.0,0.0,0.0,0.0,0.0,0.0,0.0,0.0,0.0,0.0,0.0,0.0,0.0,0.0,0.0,0.0,0.0,0.0,0.0,0.0,0.0,0.0,0.0
0.0,0.0,0.0,0.0,0.0,0.0,0.0,0.0,0.0,0.0,0.0,0.0,0.0,0.0,0.0,0.0,0.0,0.0,0.0,0.0,0.0,0.0,0.0,0.0,0.0,0.0,0.0,0.0,0.0,0.0,0.0,0.0,0.0,0.0,0.0,0.0,0.0,0.0,0.0,0.0,0.0,0.0,0.0,0.0,0.0,0.0,0.0,0.0,0.0
0.0,0.0,0.0,0.0,0.0,0.0,0.0,0.0,0.0,0.0,0.0,0.0,0.0,0.0,0.0,0.0,0.0,0.0,0.0,0.0,0.0,0.0,0.0,0.0,0.0,0.0,0.0,0.0,0.0,0.0,0.0,0.0,0.0,0.0,0.0,0.0,0.0,0.0,0.0,0.0,0.0,0.0,0.0,0.0,0.0,0.0,0.0,0.0,0.0
0.0,168.0843543684815,189.75,189.75,189.75,189.75,189.75,167.99151094181258,167.9760370373678,189.75,167.94508922847814,189.75,167.91414141958853,167.8986675151437,167.88319361069892,167.8677197062541,189.75,167.83677189736449,189.75,167.80582408847482,167.79035018403005,167.77487627958521,189.75,189.75,167.72845456625078,167.71298066180594,167.69750675736117,189.75,189.75,167.65108504402673,167.6356111395819,167.62013723513707,189.75,167.5891894262474,189.75,167.5582416173578,167.54276771291296,189.75,189.75,189.75,189.75,189.75,167.4499242862421,189.75,189.75,167.40350257290856,167.38802866846493,167.3725547640201,189.75
0.0,189.75,168.06888046403668,168.05340655959185,168.03793265514707,168.02245875070224,168.0069848462574,189.75,189.75,167.96056313292297,189.75,167.92961532403336,189.75,189.75,189.75,189.75,167.85224580180926,189.75,167.82129799291965,189.75,189.75,189.75,167.75940237514038,167.7439284706956,189.75,189.75,189.75,167.68203285291634,167.6665589484715,189.75,189.75,189.75,167.60466333069223,189.75,167.57371552180263,189.75,189.75,167.5272938084721,167.51181990402335,167.49634599957852,167.48087209513375,167.46539819068892,189.75,167.43445038179948,167.41897647735178,189.75,189.75,189.75,164.96832575620763
0.0,174.8,174.8,174.8,174.8,174.8,174.8,174.8,174.8,174.8,174.8,174.8,174.8,174.8,174.8,174.8,174.8,174.8,174.8,174.8,174.8,174.8,174.8,162.08261783965014,174.8,174.8,174.8,174.8,174.8,124.80000000000001,124.80000000000001,174.8,174.8,174.8,124.80000000000001,174.8,161.98339977220297,174.8,174.8,174.8,174.8,174.8,174.8,174.8,174.8,174.8,174.8,174.8,174.8
0.0,112.11377227698364,112.11201845892441,174.8,112.10851082280607,112.10675700474695,112.10500318668784,112.10324936862872,74.80000000000001,112.0997417325105,112.09798791445138,74.80000000000001,174.8,74.80000000000001,112.09247788763588,174.8,174.8,74.80000000000001,74.80000000000001,112.08664333543146,74.80000000000001,74.80000000000001,112.08343260552004,174.8,132.6606060537061,124.80000000000001,174.8,174.8,124.80000000000001,162.04312246642547,162.03570627991695,112.03570627991695,112.0180568828024,112.00925178893806,162.00044669507355,155.63572282978168,174.8,174.8,174.8,111.95690607183775,111.94807483838275,111.94616221002696,111.95116818677045,111.95617416351394,174.8,174.8,111.97119209374435,111.97619807048784,112.92496511108499
0.0,74.80000000000001,74.80000000000001,174.8,74.80000000000001,74.80000000000001,74.80000000000001,74.80000000000001,112.10149555056961,74.80000000000001,74.80000000000001,112.09633076352947,174.8,112.09348598778007,74.80000000000001,174.8,174.8,174.8,112.08796905616902,74.80000000000001,112.08531761469379,112.08424737138995,74.80000000000001,174.8,131.67774004857532,162.07699314391294,162.05936988638894,112.05936988638894,162.05936988638894,174.8,174.8,174.791168766545,174.8,174.8,174.8,120.16722312451435,139.29860928139126,174.8,174.8,74.80000000000001,74.80000000000001,74.80000000000001,74.80000000000001,74.80000000000001,174.8,174.8,74.80000000000001,74.80000000000001,74.80000000000001
0.0,187.45,187.45,187.45,187.45,187.45,187.45,187.45,187.45,187.45,187.45,187.45,187.45,187.45,187.45,187.45,187.45,187.45,187.45,187.45,187.45,187.45,187.45,137.45,187.45,187.45,137.45881816365966,187.45,187.44116876654493,187.45,187.45,187.45,187.45,187.45,187.45,187.45,137.45,187.45,187.45,187.45,187.45,187.45,187.45,187.45,187.45,187.45,187.45,187.45,187.45
0.0,42.0,42.0,42.0,42.0,42.0,42.0,42.0,42.0,92.0,86.17284177555791,86.17284177091744,86.17284177091744,86.17284177091744,86.17284177091744,86.17284177091744,86.17284177091744,86.17284177091744,86.17284177091744,86.17284177091744,86.17284177091744,86.17284177091744,86.17284177091744,86.17284177091744,86.17284177091744,86.17284177091744,86.17284177091744,86.17284177091744,86.17284177091744,86.17284177091744,86.17284177091744,86.17284177091744,86.17284177091744,86.17284177091744,86.17284177091744,86.17284177091744,86.17284177091744,86.17284177091744,86.17284177091744,86.17284177091744,86.17284177091744,86.17284177091744,86.17284177091744,86.17284177091744,86.17284177091744,86.17284177091744,86.17284177091744,86.17284177091744,86.17284177091744
0.0,42.0,42.0,42.0,42.0,42.0,42.0,42.0,70.75,120.75,120.75,120.75,120.75,120.75,120.75,120.75,120.75,120.75,120.75,120.75,120.75,120.75,120.75,120.75,120.75,120.75,120.75,120.75,120.75,120.75,120.75,120.75,120.75,120.75,120.75,120.75,120.75,120.75,120.75,120.75,120.75,120.75,120.75,120.75,120.75,120.75,120.75,120.75,120.75
0.0,68.34176100718963,68.34176100718804,68.34176100718804,68.34176100718804,68.34176100718804,68.34176100718804,68.34176100718804,64.92284177183262,114.92284177183262,120.75,120.75,120.75,120.75,120.75,120.75,120.75,120.75,120.75,120.75,120.75,120.75,120.75,120.75,120.75,120.75,120.75,120.75,120.75,120.75,120.75,120.75,120.75,120.75,120.75,120.75,120.75,120.75,120.75,120.75,120.75,120.75,120.75,120.75,120.75,120.75,120.75,120.75,120.75
0.0,120.75,120.75,120.75,120.75,120.75,120.75,120.75,120.75,120.75,120.75,120.75,120.75,120.75,120.75,120.75,120.75,120.75,120.75,120.75,120.75,120.75,120.75,120.75,120.75,120.75,120.75,120.75,120.75,120.75,120.75,120.75,120.75,120.75,120.75,120.75,120.75,120.75,120.75,120.75,120.75,120.75,120.75,120.75,120.75,120.75,120.75,120.75,120.75
0.0,120.75,120.75,120.75,120.75,120.75,120.75,120.75,95.41891923535542,120.75,120.75,120.75,120.75,120.75,120.75,120.75,120.75,120.75,120.75,120.75,120.75,120.75,120.75,120.75,120.75,120.75,120.75,120.75,120.75,120.75,120.75,120.75,120.75,120.75,120.75,120.75,120.75,120.75,120.75,120.75,120.75,120.75,120.75,120.75,120.75,120.75,120.75,120.75,120.75
0.0,35.4,35.400000000000006,101.775,35.400000000000006,35.400000000000006,35.400000000000006,35.400000000000006,35.400000000000006,35.400000000000006,35.400000000000006,35.400000000000006,101.775,35.400000000000006,35.400000000000006,101.775,101.775,101.775,46.775000000000006,46.775000000000006,46.775000000000006,46.775000000000006,46.775000000000006,46.775000000000006,46.775000000000006,46.775000000000006,46.775000000000006,46.775000000000006,46.775000000000006,46.775000000000006,46.775000000000006,46.775000000000006,46.775000000000006,46.775000000000006,46.775000000000006,46.775000000000006,46.775000000000006,101.775,101.775,46.775000000000006,46.775000000000006,46.775000000000006,46.775000000000006,46.775000000000006,101.775,101.775,46.775000000000006,46.775000000000006,101.775
0.0,101.775,101.775,54.6515043224002,101.775,54.6515043224002,101.775,54.6515043224002,54.6515043224002,101.775,57.8646688015032,101.775,101.775,101.775,101.775,101.775,101.775,101.775,101.775,101.775,101.775,101.775,101.775,101.775,101.775,101.775,101.775,101.775,101.775,101.775,101.775,101.775,101.775,101.775,101.775,101.775,101.775,101.775,101.775,101.775,101.775,101.775,101.775,101.775,101.775,101.775,101.775,101.775,101.775
0.0,101.775,101.775,101.775,101.775,101.775,101.775,101.775,101.775,57.864668801565216,101.775,57.8646688015032,57.8646688015032,57.8646688015032,57.8646688015032,101.775,57.86466880311849,101.775,101.775,101.775,101.775,101.775,101.775,101.775,101.775,101.775,101.775,101.775,101.775,101.775,101.775,101.775,101.775,101.775,101.775,101.775,101.775,101.775,101.775,101.775,101.775,101.775,101.775,101.775,101.775,101.775,101.775,101.775,101.775
0.0,98.2765043224002,54.6515043224002,101.775,54.6515043224002,101.775,54.6515043224002,101.775,101.775,101.775,101.775,101.775,101.775,101.775,101.775,57.8646688015032,101.775,101.775,101.775,101.775,101.775,101.775,101.775,101.775,101.775,101.775,101.775,101.775,101.775,101.775,101.775,101.775,101.775,101.775,101.775,101.775,101.775,101.775,101.775,101.775,101.775,101.775,101.775,101.775,101.775,101.775,101.775,101.775,101.775
0.0,800.0,805.0,805.0,805.0,805.0,805.0,805.0,705.0,705.0,805.0,805.0,805.0,0.0,0.0,0.0,0.0,0.0,0.0,0.0,0.0,0.0,0.0,0.0,0.0,0.0,705.0,805.0,805.0,805.0,805.0,805.0,705.0,605.0,505.0,605.0,705.0,805.0,805.0,805.0,805.0,805.0,805.0,805.0,805.0,805.0,705.0,805.0,805.0
0.0,800.0,805.0,805.0,805.0,805.0,805.0,0.0,0.0,0.0,0.0,0.0,0.0,0.0,0.0,0.0,0.0,705.0,805.0,805.0,805.0,805.0,705.0,805.0,805.0,805.0,705.0,0.0,0.0,0.0,0.0,0.0,0.0,0.0,0.0,0.0,0.0,805.0,805.0,805.0,805.0,805.0,805.0,805.0,805.0,805.0,705.0,737.5972662637631,805.0
0.0,605.0,605.0,805.0,605.0,605.0,604.870261704813,605.0,531.9609637163885,505.0,605.0,605.0,805.0,605.0,605.0,723.539269190619,805.0,805.0,705.0,705.0,605.0,605.0,505.0,605.0,605.0,605.0,505.0,515.5748187296867,558.0355919623562,458.0355919623562,367.9365540091221,280.0,305.0,405.0,305.0,405.0,505.0,805.0,805.0,605.0,605.0,605.0,605.0,505.0,680.2095258724257,747.2431733342511,447.2431733342511,547.2431733342511,805.0
0.0,800.0,805.0,805.0,805.0,805.0,805.0,705.0,605.0,505.0,0.0,0.0,0.0,0.0,0.0,0.0,0.0,0.0,0.0,0.0,693.8021923626329,793.8021923626329,705.0,805.0,805.0,805.0,801.9846041420387,805.0,805.0,705.0,805.0,805.0,705.0,605.0,505.0,605.0,705.0,805.0,805.0,805.0,805.0,805.0,805.0,805.0,805.0,805.0,805.0,805.0,0.0
0.0,800.0,805.0,805.0,805.0,805.0,805.0,805.0,805.0,705.0,805.0,805.0,805.0,0.0,0.0,0.0,0.0,0.0,0.0,0.0,0.0,0.0,0.0,805.0,805.0,805.0,805.0,805.0,805.0,705.0,705.0,805.0,805.0,0.0,0.0,0.0,0.0,0.0,0.0,0.0,0.0,0.0,0.0,605.0,705.0,805.0,805.0,805.0,805.0
0.0,605.0,605.0,805.0,605.0,605.0,605.0,605.0,705.0,505.0,605.0,605.0,805.0,605.0,605.0,705.0,805.0,705.0,605.0,705.0,605.0,605.0,505.0,605.0,605.0,605.0,505.0,480.0,380.0,280.0,280.0,280.0,305.0,405.0,305.0,405.0,505.0,805.0,805.0,605.0,605.0,605.0,605.0,780.3392641676146,805.0,737.8366142429858,505.0,605.0,805.0
0.0,800.0,805.0,805.0,805.0,805.0,805.0,805.0,805.0,705.0,805.0,0.0,0.0,0.0,0.0,0.0,0.0,0.0,0.0,0.0,0.0,0.0,0.0,0.0,0.0,0.0,705.0,805.0,805.0,805.0,805.0,805.0,705.0,605.0,505.0,605.0,705.0,805.0,805.0,805.0,805.0,805.0,805.0,805.0,805.0,805.0,805.0,805.0,805.0
0.0,800.0,805.0,805.0,805.0,785.5972674909517,685.5972674909517,698.5222835010682,598.5222835010682,498.52228350106816,0.0,0.0,0.0,0.0,0.0,0.0,0.0,0.0,0.0,0.0,705.0,805.0,705.0,805.0,805.0,805.0,805.0,805.0,805.0,805.0,805.0,705.0,705.0,605.0,505.0,605.0,705.0,805.0,805.0,805.0,805.0,705.0,705.0,705.0,605.0,505.0,405.0,505.0,0.0
0.0,746.116220671709,685.9864823765201,685.8567440813313,685.7270057861415,705.0,805.0,805.0,805.0,705.0,805.0,805.0,0.0,0.0,0.0,0.0,0.0,0.0,0.0,0.0,0.0,0.0,705.0,805.0,805.0,805.0,705.0,605.0,505.0,435.2451986619144,391.56198392086117,291.56198392086117,391.56198392086117,491.56198392086117,505.0,605.0,705.0,805.0,805.0,805.0,805.0,805.0,805.0,805.0,805.0,805.0,805.0,805.0,805.0
0.0,0.0,0.0,0.0,0.0,0.0,0.0,0.0,0.0,0.0,0.0,0.0,0.0,0.0,0.0,0.0,0.0,705.0,805.0,805.0,705.0,747.3186477752606,705.0,805.0,805.0,805.0,705.0,805.0,805.0,705.0,805.0,805.0,705.0,605.0,505.0,605.0,705.0,805.0,805.0,805.0,805.0,805.0,805.0,805.0,805.0,805.0,758.9107635114575,805.0,0.0
0.0,800.0,805.0,805.0,805.0,805.0,805.0,805.0,805.0,705.0,805.0,805.0,805.0,766.8184691781535,805.0,705.0,805.0,750.5077601338489,805.0,805.0,805.0,805.0,805.0,805.0,805.0,805.0,805.0,805.0,805.0,805.0,805.0,805.0,731.7069241005902,805.0,705.0,805.0,705.0,805.0,805.0,805.0,805.0,805.0,805.0,805.0,805.0,805.0,805.0,805.0,805.0
0.0,800.0,805.0,805.0,805.0,805.0,805.0,805.0,805.0,705.0,805.0,805.0,805.0,805.0,805.0,705.0,805.0,805.0,805.0,805.0,805.0,805.0,805.0,805.0,805.0,805.0,705.0,805.0,805.0,705.0,805.0,805.0,705.0,805.0,755.89356722501,805.0,705.0,805.0,805.0,805.0,805.0,805.0,805.0,805.0,805.0,805.0,805.0,805.0,805.0
0.0,800.0,805.0,805.0,805.0,805.0,805.0,805.0,805.0,705.0,805.0,805.0,805.0,705.0,805.0,705.0,805.0,705.0,805.0,805.0,805.0,805.0,805.0,805.0,805.0,805.0,705.0,705.0,805.0,805.0,805.0,805.0,705.0,805.0,705.0,805.0,705.0,805.0,805.0,805.0,805.0,805.0,805.0,805.0,805.0,805.0,805.0,805.0,805.0
0.0,800.0,805.0,805.0,805.0,805.0,805.0,805.0,805.0,750.328548066198,805.0,805.0,805.0,705.0,805.0,705.0,805.0,705.0,805.0,805.0,805.0,805.0,805.0,805.0,805.0,805.0,705.0,705.0,605.0,705.0,805.0,805.0,705.0,805.0,705.0,805.0,705.0,805.0,805.0,805.0,805.0,705.0,705.0,805.0,805.0,805.0,679.277075448603,605.0,805.0
0.0,800.0,805.0,805.0,805.0,805.0,805.0,805.0,805.0,805.0,805.0,805.0,805.0,705.0,805.0,705.0,805.0,705.0,805.0,805.0,805.0,805.0,805.0,805.0,805.0,805.0,705.0,705.0,805.0,805.0,805.0,805.0,805.0,805.0,705.0,659.5862520402161,705.0,805.0,805.0,805.0,805.0,805.0,805.0,805.0,805.0,805.0,805.0,805.0,805.0
0.0,800.0,805.0,805.0,805.0,758.530172688055,805.0,805.0,805.0,805.0,805.0,805.0,805.0,805.0,805.0,705.0,805.0,805.0,805.0,805.0,805.0,805.0,805.0,805.0,805.0,805.0,705.0,705.0,805.0,805.0,805.0,705.0,805.0,805.0,705.0,805.0,705.0,805.0,805.0,785.8582173483719,705.0,705.0,685.4690024628035,805.0,805.0,805.0,605.0,605.0,805.0
0.0,805.0,805.0,805.0,805.0,805.0,805.0,805.0,805.0,805.0,805.0,805.0,805.0,705.0,805.0,705.0,805.0,805.0,805.0,805.0,805.0,805.0,805.0,805.0,805.0,805.0,705.0,805.0,805.0,805.0,805.0,756.4714350474787,805.0,805.0,705.0,705.0,605.0,805.0,805.0,705.0,805.0,605.0,705.0,805.0,805.0,772.861979577611,605.0,605.0,805.0
0.0,805.0,805.0,805.0,805.0,805.0,805.0,805.0,805.0,805.0,805.0,805.0,805.0,705.0,805.0,705.0,805.0,805.0,805.0,805.0,805.0,805.0,805.0,805.0,805.0,805.0,705.0,805.0,805.0,805.0,805.0,805.0,805.0,805.0,705.0,805.0,705.0,805.0,805.0,805.0,759.4138426793452,685.5987407579942,605.0,805.0,805.0,605.0,605.0,605.0,805.0
0.0,805.0,805.0,805.0,805.0,805.0,805.0,805.0,805.0,805.0,752.8451011173056,805.0,805.0,705.0,805.0,705.0,805.0,805.0,805.0,805.0,805.0,705.0,619.0276682399381,0.0,0.0,0.0,0.0,0.0,0.0,0.0,0.0,0.0,0.0,805.0,705.0,756.508387313409,656.508387313409,805.0,805.0,805.0,785.7284790531812,705.0,705.0,805.0,805.0,605.0,605.0,605.0,805.0
0.0,805.0,805.0,805.0,805.0,805.0,805.0,805.0,805.0,805.0,805.0,805.0,805.0,805.0,805.0,705.0,805.0,805.0,805.0,805.0,805.0,805.0,805.0,0.0,0.0,0.0,0.0,0.0,0.0,0.0,0.0,0.0,0.0,805.0,705.0,805.0,705.0,805.0,805.0,805.0,805.0,805.0,805.0,805.0,805.0,805.0,805.0,805.0,805.0
0.0,0.0,0.0,0.0,0.0,0.0,0.0,0.0,0.0,0.0,0.0,0.0,0.0,0.0,0.0,0.0,0.0,0.0,0.0,0.0,0.0,0.0,0.0,0.0,0.0,0.0,0.0,0.0,0.0,0.0,0.0,0.0,0.0,0.0,0.0,0.0,0.0,0.0,0.0,0.0,0.0,0.0,0.0,0.0,0.0,0.0,0.0,0.0,0.0
0.0,0.0,0.0,0.0,0.0,0.0,0.0,0.0,0.0,0.0,0.0,0.0,0.0,0.0,0.0,0.0,0.0,0.0,0.0,0.0,0.0,0.0,0.0,0.0,0.0,0.0,0.0,0.0,0.0,0.0,0.0,0.0,0.0,0.0,0.0,0.0,0.0,0.0,0.0,0.0,0.0,0.0,0.0,0.0,0.0,0.0,0.0,0.0,0.0
0.0,17.2,0.0,0.0,0.0,0.0,0.0,0.0,0.0,0.0,0.0,0.0,0.0,0.0,0.0,0.0,0.0,0.0,0.0,0.0,0.0,0.0,0.0,0.0,0.0,0.0,0.0,0.0,0.0,0.0,0.0,0.0,0.0,0.0,0.0,0.0,0.0,0.0,0.0,0.0,0.0,0.0,0.0,0.0,0.0,0.0,0.0,0.0,0.0
0.0,0.0,0.0,0.0,0.0,0.0,0.0,0.0,0.0,0.0,0.0,0.0,0.0,0.0,0.0,0.0,0.0,0.0,0.0,0.0,0.0,0.0,0.0,0.0,0.0,0.0,0.0,0.0,0.0,0.0,0.0,0.0,0.0,0.0,0.0,0.0,0.0,0.0,0.0,0.0,0.0,0.0,0.0,0.0,0.0,0.0,0.0,0.0,0.0
0.0,0.0,0.0,0.0,0.0,0.0,0.0,0.0,0.0,0.0,0.0,0.0,0.0,0.0,0.0,0.0,0.0,0.0,0.0,0.0,0.0,0.0,0.0,0.0,0.0,0.0,0.0,0.0,0.0,0.0,0.0,0.0,0.0,0.0,0.0,0.0,0.0,0.0,0.0,0.0,0.0,0.0,0.0,0.0,0.0,0.0,0.0,0.0,0.0
0.0,0.0,0.0,0.0,0.0,0.0,0.0,0.0,0.0,0.0,0.0,0.0,0.0,0.0,0.0,0.0,0.0,0.0,0.0,0.0,0.0,0.0,0.0,0.0,0.0,0.0,0.0,0.0,0.0,0.0,0.0,0.0,0.0,0.0,0.0,0.0,0.0,0.0,0.0,0.0,0.0,0.0,0.0,0.0,0.0,0.0,0.0,0.0,0.0
0.0,0.0,0.0,0.0,0.0,0.0,0.0,0.0,0.0,0.0,0.0,0.0,0.0,0.0,0.0,0.0,0.0,0.0,0.0,0.0,0.0,0.0,0.0,0.0,0.0,0.0,0.0,0.0,0.0,0.0,0.0,0.0,0.0,0.0,0.0,0.0,0.0,0.0,0.0,0.0,0.0,0.0,0.0,0.0,0.0,0.0,0.0,0.0,0.0
0.0,0.0,0.0,0.0,0.0,0.0,0.0,0.0,0.0,0.0,0.0,0.0,0.0,0.0,0.0,0.0,0.0,0.0,0.0,0.0,0.0,0.0,0.0,0.0,0.0,0.0,0.0,0.0,0.0,0.0,0.0,0.0,0.0,0.0,0.0,0.0,0.0,0.0,0.0,0.0,0.0,0.0,0.0,0.0,0.0,0.0,0.0,0.0,0.0
0.0,0.0,0.0,0.0,0.0,0.0,0.0,0.0,0.0,0.0,0.0,0.0,0.0,0.0,0.0,0.0,0.0,0.0,0.0,0.0,0.0,0.0,0.0,0.0,0.0,0.0,0.0,0.0,0.0,0.0,0.0,0.0,0.0,0.0,0.0,0.0,0.0,0.0,0.0,0.0,0.0,0.0,0.0,0.0,0.0,0.0,0.0,0.0,0.0
0.0,10.0,0.0,0.0,0.0,0.0,0.0,0.0,0.0,0.0,0.0,0.0,0.0,0.0,0.0,10.0,10.0,10.0,10.0,28.75,10.0,10.0,10.0,10.0,10.0,0.0,0.0,0.0,0.0,0.0,0.0,0.0,0.0,0.0,0.0,10.0,10.0,28.75,28.75,10.0,10.0,10.0,10.0,10.0,10.0,0.0,0.0,0.0,0.0
0.0,10.0,10.0,10.0,10.0,10.0,10.0,10.0,10.0,20.02463666955116,10.0,10.0,10.0,10.0,10.0,0.0,0.0,0.0,0.0,0.0,0.0,0.0,0.0,0.0,0.0,10.0,10.0,10.0,20.02038929517224,10.0,10.0,10.0,10.0,10.0,10.0,0.0,0.0,0.0,0.0,0.0,0.0,0.0,0.0,0.0,0.0,0.0,0.0,0.0,0.0
0.0,9.084925000000002,9.084924999999973,0.0,0.0,0.0,0.0,0.0,0.0,0.0,0.0,0.0,0.0,0.0,0.0,0.0,8.958359201307925,16.95833755377452,16.958315902538573,23.0,16.959305948903936,16.95928446330014,8.959262974021495,8.959241481067373,8.0,8.0,0.0,0.0,0.0,0.0,0.0,0.0,0.0,0.0,0.0,0.0,8.960896510391283,8.960875296833596,23.0,16.961865780952078,16.961844733176278,16.961823681800517,16.96180262682417,16.961781568246625,16.961760506067275,8.961739440285488,8.961718370900662,23.0,0.0
0.0,8.0,8.0,9.084924999999973,9.084924999999973,9.084924999999973,9.084924999999973,9.084924999999973,9.084924999999973,9.084924999999973,9.084924999999973,8.0,0.0,0.0,0.0,0.0,0.0,0.0,0.0,0.0,0.0,0.0,8.0,8.0,8.959219984437144,8.959198484130177,16.959176980145845,8.959155472483523,8.0,20.25947041336853,8.0,8.0,0.0,0.0,0.0,0.0,0.0,0.0,0.0,0.0,0.0,0.0,0.0,0.0,0.0,8.0,8.0,23.0,8.0
0.0,0.0,0.0,8.0,8.0,8.0,8.0,8.0,8.0,8.0,8.0,14.984294321920316,16.958445754428734,16.958424121699185,16.958402485269623,16.958380845139413,8.0,0.0,0.0,0.0,0.0,0.0,0.0,0.0,0.0,0.0,0.0,8.0,8.959133961142573,8.0,8.961023715577422,8.961002523776628,16.960981328351235,16.960960129300624,16.960938926624173,16.96091772032127,8.0,8.0,0.0,0.0,0.0,0.0,0.0,0.0,0.0,0.0,0.0,0.0,20.267000835433763
0.0,0.0,0.0,0.0,0.0,0.0,0.0,0.0,0.0,0.0,0.0,0.0,0.0,0.0,0.0,0.0,0.0,0.0,0.0,0.0,0.0,0.0,0.0,0.0,0.0,0.0,0.0,0.0,0.0,0.0,0.0,0.0,0.0,0.0,0.0,0.0,0.0,0.0,0.0,0.0,0.0,0.0,0.0,0.0,0.0,0.0,0.0,0.0,0.0
0.0,0.0,0.0,0.0,0.0,0.0,0.0,0.0,0.0,0.0,0.0,0.0,0.0,0.0,0.0,0.0,0.0,0.0,0.0,0.0,0.0,0.0,0.0,0.0,0.0,0.0,0.0,0.0,0.0,0.0,0.0,0.0,0.0,0.0,0.0,0.0,0.0,0.0,0.0,0.0,0.0,0.0,0.0,0.0,0.0,0.0,0.0,0.0,0.0
0.0,0.0,0.0,0.0,0.0,0.0,0.0,0.0,0.0,0.0,0.0,0.0,0.0,0.0,0.0,0.0,0.0,0.0,0.0,0.0,0.0,0.0,0.0,0.0,0.0,0.0,0.0,0.0,0.0,0.0,0.0,0.0,0.0,0.0,0.0,0.0,0.0,0.0,0.0,0.0,0.0,0.0,0.0,0.0,0.0,0.0,0.0,0.0,0.0
0.0,10.96,10.96,31.51,10.96,10.96,10.96,0.0,0.0,0.0,0.0,0.0,0.0,0.0,0.0,0.0,0.0,0.0,0.0,0.0,0.0,0.0,0.0,0.0,0.0,0.0,0.0,0.0,0.0,0.0,0.0,0.0,0.0,0.0,0.0,0.0,0.0,0.0,0.0,0.0,0.0,0.0,0.0,0.0,0.0,0.0,0.0,0.0,0.0
0.0,0.0,0.0,0.0,0.0,0.0,0.0,0.0,0.0,0.0,0.0,0.0,0.0,0.0,0.0,0.0,0.0,0.0,0.0,0.0,0.0,0.0,0.0,0.0,0.0,0.0,0.0,0.0,0.0,0.0,0.0,0.0,0.0,0.0,0.0,0.0,0.0,0.0,0.0,0.0,0.0,0.0,0.0,0.0,0.0,0.0,0.0,0.0,0.0
0.0,0.0,0.0,0.0,0.0,0.0,0.0,13.325240157758405,13.325240157758405,13.325240157758405,13.325240157758405,13.325240157758405,13.325240157758405,13.325240157758405,13.325240157758405,13.325240157758405,13.325240157758405,0.0,0.0,0.0,0.0,0.0,0.0,0.0,0.0,0.0,0.0,0.0,0.0,0.0,0.0,0.0,0.0,0.0,0.0,0.0,0.0,0.0,0.0,0.0,0.0,0.0,0.0,0.0,0.0,0.0,0.0,0.0,0.0
0.0,0.0,0.0,0.0,0.0,0.0,0.0,0.0,0.0,0.0,0.0,0.0,0.0,0.0,0.0,0.0,0.0,0.0,0.0,0.0,0.0,0.0,0.0,0.0,0.0,0.0,0.0,0.0,0.0,0.0,0.0,0.0,0.0,0.0,0.0,0.0,0.0,0.0,0.0,0.0,0.0,0.0,0.0,0.0,0.0,0.0,0.0,0.0,0.0
0.0,0.0,0.0,0.0,0.0,0.0,0.0,0.0,0.0,0.0,0.0,0.0,0.0,0.0,0.0,0.0,0.0,0.0,0.0,0.0,0.0,0.0,0.0,0.0,0.0,0.0,0.0,0.0,0.0,0.0,0.0,0.0,0.0,0.0,0.0,0.0,0.0,0.0,0.0,0.0,0.0,0.0,0.0,0.0,0.0,0.0,0.0,0.0,0.0
0.0,15.151133967982389,15.151133967980304,15.151133967980304,15.151133967980304,15.151133967980304,15.151133967980304,15.151133967980304,15.151133967980304,15.151133967980304,15.151133967980304,0.0,0.0,0.0,0.0,0.0,0.0,0.0,0.0,0.0,0.0,0.0,0.0,0.0,0.0,0.0,0.0,0.0,0.0,0.0,0.0,15.151133967980304,15.151133967980304,15.151133967980304,15.151133967980304,15.151133967980304,15.151133967980304,15.151133967980304,15.151133967980304,15.151133967980304,15.151133967980304,0.0,0.0,0.0,0.0,0.0,0.0,0.0,0.0
0.0,0.0,0.0,0.0,0.0,0.0,0.0,0.0,0.0,0.0,0.0,0.0,0.0,0.0,0.0,0.0,0.0,0.0,0.0,0.0,0.0,15.151133967980304,15.151133967980304,15.151133967980304,15.151133967980304,15.151133967980304,15.151133967980304,15.151133967980304,15.151133967980304,15.151133967980304,15.151133967980304,0.0,0.0,0.0,0.0,0.0,0.0,0.0,0.0,0.0,0.0,0.0,15.151133967980304,15.151133967980304,15.151133967980304,15.151133967980304,15.151133967980304,15.151133967980304,15.151133967980304
0.0,0.0,0.0,0.0,0.0,0.0,0.0,0.0,0.0,0.0,0.0,15.151133967980304,15.151133967980304,15.151133967980304,15.151133967980304,15.151133967980304,15.151133967980304,15.151133967980304,15.151133967980304,15.151133967980304,15.151133967980304,0.0,0.0,0.0,0.0,0.0,0.0,0.0,0.0,0.0,0.0,0.0,0.0,0.0,0.0,0.0,0.0,0.0,0.0,0.0,0.0,0.0,0.0,0.0,0.0,0.0,0.0,0.0,0.0
0.0,0.0,0.0,0.0,0.0,0.0,0.0,0.0,0.0,0.0,0.0,0.0,0.0,0.0,0.0,0.0,0.0,0.0,0.0,0.0,0.0,0.0,0.0,0.0,0.0,0.0,0.0,0.0,0.0,0.0,0.0,0.0,0.0,0.0,0.0,0.0,0.0,0.0,0.0,0.0,0.0,0.0,0.0,0.0,0.0,0.0,0.0,0.0,0.0
0.0,0.0,0.0,0.0,0.0,0.0,0.0,0.0,0.0,0.0,0.0,0.0,0.0,0.0,0.0,0.0,0.0,0.0,0.0,0.0,0.0,0.0,0.0,0.0,0.0,0.0,0.0,0.0,0.0,0.0,0.0,0.0,0.0,0.0,0.0,0.0,0.0,0.0,0.0,0.0,0.0,0.0,0.0,0.0,0.0,0.0,0.0,0.0,0.0
0.0,0.0,0.0,0.0,0.0,0.0,0.0,0.0,0.0,0.0,0.0,0.0,0.0,0.0,0.0,0.0,0.0,0.0,0.0,0.0,0.0,0.0,0.0,0.0,0.0,0.0,0.0,0.0,0.0,0.0,0.0,0.0,0.0,0.0,0.0,0.0,0.0,0.0,0.0,0.0,0.0,0.0,0.0,0.0,0.0,0.0,0.0,0.0,0.0
0.0,0.0,0.0,0.0,0.0,0.0,0.0,0.0,0.0,0.0,0.0,0.0,0.0,0.0,0.0,0.0,0.0,0.0,0.0,0.0,0.0,0.0,0.0,0.0,0.0,0.0,0.0,0.0,0.0,0.0,0.0,0.0,0.0,0.0,0.0,0.0,0.0,0.0,0.0,0.0,0.0,0.0,0.0,0.0,0.0,0.0,0.0,0.0,0.0
0.0,0.0,0.0,0.0,0.0,0.0,0.0,0.0,0.0,0.0,0.0,0.0,0.0,0.0,0.0,0.0,0.0,0.0,0.0,0.0,0.0,0.0,0.0,0.0,0.0,0.0,0.0,0.0,0.0,0.0,0.0,0.0,0.0,0.0,0.0,0.0,0.0,0.0,0.0,0.0,0.0,0.0,0.0,0.0,0.0,0.0,0.0,0.0,0.0
0.0,0.0,0.0,0.0,0.0,0.0,0.0,0.0,0.0,0.0,0.0,0.0,0.0,0.0,0.0,0.0,0.0,0.0,0.0,0.0,0.0,0.0,0.0,0.0,0.0,0.0,0.0,0.0,0.0,0.0,0.0,0.0,0.0,0.0,0.0,0.0,0.0,0.0,0.0,0.0,0.0,0.0,0.0,0.0,0.0,0.0,0.0,0.0,0.0
0.0,40.25,0.0,0.0,0.0,0.0,0.0,0.0,0.0,0.0,0.0,0.0,0.0,0.0,0.0,0.0,0.0,0.0,0.0,0.0,0.0,0.0,0.0,0.0,0.0,0.0,0.0,0.0,0.0,0.0,0.0,0.0,0.0,0.0,0.0,0.0,0.0,0.0,0.0,0.0,0.0,0.0,0.0,0.0,0.0,0.0,0.0,0.0,0.0
0.0,0.0,0.0,0.0,0.0,0.0,0.0,0.0,0.0,0.0,0.0,0.0,0.0,0.0,0.0,0.0,0.0,0.0,0.0,0.0,0.0,0.0,0.0,0.0,0.0,0.0,0.0,0.0,0.0,0.0,0.0,0.0,0.0,0.0,0.0,0.0,0.0,0.0,0.0,0.0,0.0,0.0,0.0,0.0,0.0,0.0,0.0,0.0,0.0
0.0,0.0,0.0,0.0,0.0,0.0,0.0,0.0,0.0,0.0,0.0,0.0,0.0,0.0,0.0,0.0,0.0,0.0,0.0,0.0,0.0,0.0,0.0,0.0,0.0,0.0,0.0,0.0,0.0,0.0,0.0,0.0,0.0,0.0,0.0,0.0,0.0,0.0,0.0,0.0,0.0,0.0,0.0,0.0,0.0,0.0,0.0,0.0,0.0
0.0,0.0,0.0,0.0,0.0,0.0,0.0,0.0,0.0,0.0,0.0,0.0,0.0,0.0,0.0,0.0,0.0,0.0,0.0,0.0,0.0,0.0,0.0,0.0,0.0,0.0,0.0,0.0,0.0,0.0,0.0,0.0,0.0,0.0,0.0,0.0,0.0,0.0,0.0,0.0,0.0,0.0,0.0,0.0,0.0,0.0,0.0,0.0,0.0
0.0,0.0,0.0,0.0,0.0,0.0,0.0,0.0,0.0,0.0,0.0,0.0,0.0,0.0,0.0,0.0,0.0,0.0,0.0,0.0,44.0,44.0,44.0,44.0,44.0,44.0,44.0,44.0,44.0,44.0,0.0,0.0,0.0,0.0,0.0,0.0,0.0,0.0,0.0,0.0,0.0,0.0,0.0,0.0,0.0,0.0,0.0,0.0,0.0
0.0,0.0,0.0,0.0,0.0,0.0,0.0,0.0,0.0,0.0,0.0,0.0,0.0,0.0,0.0,0.0,0.0,0.0,0.0,0.0,0.0,0.0,0.0,0.0,0.0,0.0,0.0,0.0,0.0,0.0,0.0,0.0,0.0,0.0,0.0,0.0,0.0,0.0,0.0,0.0,0.0,0.0,0.0,0.0,0.0,0.0,0.0,0.0,0.0
0.0,0.0,0.0,0.0,0.0,0.0,0.0,0.0,0.0,0.0,0.0,0.0,0.0,0.0,0.0,0.0,0.0,0.0,0.0,0.0,0.0,0.0,0.0,0.0,0.0,0.0,0.0,0.0,0.0,0.0,0.0,0.0,0.0,0.0,0.0,0.0,126.5,106.5,126.5,106.5,95.06856331236995,75.06856331236993,74.99395311002229,114.91934290767463,114.844732705327,86.5,66.49999999999999,0.0,0.0
0.0,0.0,0.0,0.0,0.0,0.0,0.0,0.0,0.0,0.0,0.0,0.0,0.0,0.0,0.0,0.0,0.0,0.0,0.0,0.0,0.0,0.0,0.0,0.0,0.0,0.0,0.0,0.0,0.0,0.0,0.0,0.0,0.0,0.0,0.0,0.0,0.0,0.0,56.92500000000001,35.91244396560283,35.98200120149458,36.05162045715359,28.347117712006693,56.925,56.925,19.8,19.8,36.92500000000001,0.0
0.0,0.0,0.0,0.0,0.0,0.0,0.0,0.0,0.0,0.0,0.0,0.0,0.0,0.0,0.0,0.0,0.0,0.0,0.0,0.0,0.0,0.0,0.0,0.0,0.0,0.0,0.0,0.0,0.0,0.0,0.0,0.0,0.0,0.0,0.0,0.0,0.0,0.0,0.0,0.0,0.0,0.0,0.0,0.0,0.0,0.0,0.0,0.0,0.0
0.0,0.0,0.0,0.0,0.0,0.0,0.0,0.0,0.0,0.0,0.0,0.0,0.0,0.0,0.0,0.0,0.0,0.0,0.0,0.0,0.0,0.0,0.0,0.0,0.0,0.0,0.0,0.0,0.0,0.0,0.0,0.0,0.0,0.0,0.0,0.0,0.0,0.0,0.0,0.0,0.0,0.0,0.0,0.0,0.0,0.0,0.0,0.0,0.0
0.0,0.0,0.0,0.0,0.0,0.0,0.0,0.0,0.0,0.0,0.0,0.0,0.0,0.0,0.0,0.0,0.0,0.0,0.0,0.0,0.0,0.0,19.8,19.8,19.8,19.8,19.8,19.8,19.8,19.8,19.8,19.8,19.8,19.8,19.8,19.8,39.8,19.8,56.92500000000001,19.799999999999997,19.799999999999997,19.799999999999997,19.799999999999997,56.925,56.925,19.8,19.8,36.92500000000001,56.92500000000001
0.0,0.0,0.0,0.0,0.0,0.0,0.0,0.0,0.0,0.0,0.0,0.0,0.0,0.0,0.0,0.0,0.0,0.0,0.0,0.0,0.0,0.0,0.0,0.0,0.0,0.0,0.0,0.0,0.0,0.0,0.0,0.0,0.0,0.0,0.0,0.0,0.0,0.0,0.0,0.0,0.0,0.0,0.0,0.0,0.0,0.0,0.0,0.0,0.0
0.0,0.0,0.0,0.0,0.0,0.0,0.0,0.0,0.0,0.0,0.0,0.0,0.0,0.0,0.0,0.0,0.0,0.0,0.0,0.0,0.0,0.0,0.0,0.0,0.0,0.0,0.0,0.0,0.0,0.0,0.0,0.0,0.0,0.0,0.0,0.0,0.0,0.0,0.0,0.0,0.0,0.0,0.0,0.0,0.0,0.0,0.0,0.0,0.0
0.0,0.0,0.0,0.0,0.0,0.0,0.0,0.0,0.0,0.0,0.0,0.0,0.0,0.0,0.0,0.0,0.0,0.0,0.0,0.0,0.0,0.0,0.0,0.0,0.0,0.0,0.0,0.0,0.0,0.0,0.0,0.0,0.0,0.0,0.0,0.0,0.0,0.0,0.0,0.0,0.0,0.0,0.0,0.0,0.0,0.0,0.0,0.0,0.0
0.0,0.0,0.0,0.0,0.0,0.0,0.0,0.0,0.0,0.0,0.0,0.0,0.0,0.0,0.0,0.0,0.0,0.0,0.0,0.0,0.0,0.0,0.0,0.0,0.0,0.0,0.0,0.0,0.0,0.0,0.0,0.0,0.0,0.0,0.0,0.0,0.0,0.0,0.0,0.0,0.0,0.0,0.0,0.0,0.0,0.0,0.0,0.0,0.0
0.0,0.0,0.0,0.0,0.0,0.0,0.0,0.0,0.0,0.0,0.0,0.0,0.0,0.0,0.0,0.0,0.0,0.0,0.0,0.0,0.0,0.0,0.0,0.0,0.0,0.0,0.0,0.0,0.0,0.0,0.0,0.0,0.0,0.0,0.0,0.0,0.0,0.0,0.0,0.0,0.0,0.0,0.0,0.0,0.0,0.0,0.0,0.0,0.0
0.0,26.4,26.4,26.4,26.4,26.4,26.4,26.4,26.4,26.4,26.4,72.59534463138107,26.4,26.4,26.4,44.71776856029384,26.4,26.4,26.4,72.54860822787134,26.4,26.4,26.4,26.4,26.4,72.51355592523902,75.9,26.4,26.4,75.9,72.48434567304542,26.4,75.9,75.9,75.9,72.45513542085183,36.35624731387986,72.44345131997437,26.4,26.4,72.42592516865818,26.4,75.9,26.4,26.4,26.4,26.4,26.4,75.9
0.0,26.4,26.4,26.4,26.4,26.4,26.4,26.4,26.4,26.4,26.4,26.4,26.4,26.4,26.4,26.4,26.4,26.4,26.4,26.4,26.4,26.4,26.4,26.4,26.4,26.4,26.4,26.4,26.4,26.4,26.4,26.4,72.47266157216797,72.46681952172924,75.9,26.4,26.4,26.4,72.43760926953564,72.43176721909697,26.4,72.42008311821951,75.9,75.9,26.4,72.39671491646459,26.4,72.38503081558719,75.9
0.0,72.65407464147303,75.9,75.9,75.9,75.9,75.9,72.61871283313599,72.61287078269726,72.60702873225853,75.9,75.9,75.9,72.58366053050366,72.57781848006493,75.9,75.9,72.5602923287488,75.9,75.9,72.54276617743261,72.53692412699388,72.53108207655521,72.52524002611642,75.9,75.9,72.50771387480029,72.50187182436156,72.49602977392283,72.49018772348415,75.9,75.9,26.4,26.4,26.4,75.9,75.9,75.9,75.9,75.9,75.9,75.9,75.9,75.9,75.9,75.9,75.9,75.9,75.9
0.0,26.4,26.4,75.9,26.4,26.4,26.4,26.4,75.9,26.4,26.4,26.4,75.9,26.4,26.4,75.9,75.9,26.4,26.4,26.4,26.4,26.4,26.4,26.4,26.4,26.4,26.4,26.4,75.9,75.9,26.4,26.4,26.4,26.4,26.4,26.4,26.4,26.4,75.9,26.4,26.4,26.4,26.4,75.9,75.9,26.4,26.4,26.4,75.9
0.0,75.9,75.9,75.9,75.9,75.9,75.9,75.9,75.9,75.9,75.9,75.9,75.9,75.9,75.9,75.9,75.9,75.9,75.9,75.9,75.9,75.9,75.9,75.9,75.9,75.9,75.9,75.9,75.9,75.9,75.9,72.4785036226067,26.4,26.4,26.4,75.9,75.9,75.9,75.9,75.9,75.9,75.9,26.4,72.40839901734205,75.9,75.9,72.39087286602592,75.9,75.9
0.0,75.9,75.9,75.9,75.9,75.9,75.9,75.9,75.9,75.9,75.9,75.9,75.9,75.9,75.9,75.9,75.9,75.9,75.9,75.9,75.9,75.9,75.9,75.9,75.9,75.9,26.4,75.9,75.9,26.4,75.9,75.9,75.9,75.9,75.9,75.9,75.9,75.9,75.9,75.9,75.9,75.9,72.41424106778078,75.9,75.9,75.9,75.9,75.9,72.37918876514846
0.0,34.0,39.62320305792069,39.62260857859418,39.62201409926767,39.62141961994118,39.620825140614684,39.620230661288176,39.61963618196167,39.61904170263517,39.61844722330868,39.61785274398217,40.25,39.616663785329166,39.61606930600267,39.61547482667616,39.614880347349654,39.614285868023146,39.61369138869665,39.61309690937016,39.61250243004365,39.61190795071714,39.611313471390645,39.61071899206415,40.25,40.25,40.25,39.608341074758144,40.25,40.25,40.25,40.25,40.25,39.60477419879912,39.60417971947261,40.25,39.60299076081962,39.602396281493114,40.25,40.25,39.600612843513616,39.60001836418711,40.25,40.25,40.25,39.5976404468811,40.25,40.25,40.25
0.0,40.25,40.25,40.25,40.25,40.25,40.25,40.25,40.25,40.25,40.25,40.25,39.61725826465566,40.25,40.25,40.25,40.25,40.25,40.25,40.25,40.25,40.25,40.25,40.25,40.25,39.60953003341113,39.60893555408464,40.25,40.25,40.25,40.25,39.60596315745214,39.60536867812563,40.25,40.25,39.60358524014612,40.25,40.25,40.25,40.25,40.25,40.25,39.59942388486061,39.598829405534104,40.25,40.25,40.25,39.596451488228084,39.59585700890159
0.0,40.25,40.25,40.25,40.25,40.25,40.25,40.25,40.25,40.25,40.25,40.25,40.25,40.25,40.25,40.25,40.25,40.25,40.25,40.25,40.25,40.25,40.25,40.25,39.61012451273764,40.25,40.25,40.25,39.607746595431635,39.60715211610513,39.60655763677863,40.25,40.25,40.25,40.25,40.25,40.25,40.25,40.25,39.60120732284012,40.25,40.25,40.25,40.25,39.59823492620761,40.25,39.59704596755459,40.25,40.25
0.0,16.905000000000005,16.905000000000005,16.905000000000005,16.905000000000005,0.0,0.0,0.0,0.0,0.0,0.0,0.0,0.0,0.0,0.0,0.0,0.0,0.0,0.0,0.0,0.0,0.0,0.0,0.0,0.0,0.0,0.0,0.0,0.0,0.0,0.0,0.0,0.0,0.0,0.0,0.0,0.0,0.0,0.0,0.0,0.0,0.0,0.0,0.0,0.0,0.0,0.0,0.0,0.0
0.0,0.0,0.0,0.0,0.0,0.0,0.0,0.0,0.0,0.0,0.0,0.0,0.0,0.0,0.0,0.0,0.0,0.0,0.0,0.0,0.0,0.0,0.0,0.0,0.0,0.0,0.0,0.0,0.0,0.0,0.0,0.0,0.0,0.0,0.0,0.0,0.0,0.0,0.0,0.0,0.0,0.0,0.0,0.0,0.0,0.0,0.0,0.0,0.0
0.0,0.0,0.0,0.0,0.0,0.0,0.0,0.0,0.0,0.0,0.0,0.0,0.0,0.0,0.0,0.0,0.0,0.0,0.0,0.0,0.0,0.0,0.0,0.0,0.0,0.0,0.0,0.0,0.0,0.0,0.0,0.0,0.0,0.0,0.0,0.0,0.0,0.0,0.0,0.0,0.0,0.0,0.0,0.0,0.0,0.0,0.0,0.0,0.0
0.0,0.0,0.0,0.0,0.0,0.0,0.0,0.0,0.0,0.0,0.0,0.0,0.0,0.0,0.0,0.0,0.0,0.0,0.0,0.0,0.0,0.0,0.0,143.75,143.75,143.75,143.75,143.75,143.75,143.75,143.75,143.75,143.75,143.75,143.75,143.75,63.75,0.0,0.0,0.0,0.0,0.0,0.0,0.0,0.0,0.0,0.0,0.0,0.0
0.0,143.75,50.0,143.75,50.0,50.0,50.0,50.0,50.0,50.0,50.0,50.0,143.75,50.0,130.0,130.0,143.75,50.0,50.0,63.75,50.0,50.0,50.0,50.0,50.0,50.0,50.0,50.0,50.0,50.0,50.0,143.75,50.0,50.0,50.0,50.0,50.0,0.0,0.0,0.0,0.0,0.0,0.0,0.0,0.0,0.0,0.0,0.0,0.0
0.0,143.75,50.0,143.75,50.0,50.0,143.75,50.0,50.0,50.0,50.0,50.0,143.75,50.0,130.0,130.0,143.75,50.0,50.0,63.75,50.0,50.0,50.0,50.0,50.0,50.0,50.0,50.0,50.0,50.0,50.0,143.75,50.0,50.0,50.0,50.0,50.0,0.0,0.0,0.0,0.0,0.0,0.0,0.0,0.0,0.0,0.0,0.0,0.0
0.0,0.0,0.0,0.0,0.0,0.0,0.0,0.0,0.0,0.0,0.0,0.0,0.0,0.0,0.0,0.0,0.0,0.0,0.0,0.0,0.0,0.0,0.0,0.0,0.0,0.0,0.0,0.0,0.0,0.0,0.0,0.0,0.0,0.0,0.0,0.0,0.0,0.0,0.0,0.0,0.0,0.0,0.0,0.0,0.0,0.0,0.0,0.0,0.0
0.0,0.0,0.0,0.0,0.0,0.0,0.0,0.0,0.0,0.0,0.0,0.0,0.0,0.0,0.0,0.0,0.0,0.0,0.0,0.0,0.0,0.0,0.0,0.0,0.0,0.0,0.0,0.0,0.0,0.0,0.0,0.0,0.0,0.0,0.0,0.0,0.0,0.0,0.0,0.0,0.0,0.0,0.0,0.0,0.0,0.0,0.0,0.0,0.0
0.0,0.0,0.0,0.0,0.0,0.0,0.0,0.0,0.0,0.0,0.0,0.0,0.0,0.0,0.0,0.0,0.0,0.0,0.0,0.0,0.0,0.0,0.0,0.0,0.0,0.0,0.0,0.0,0.0,0.0,0.0,0.0,0.0,0.0,0.0,0.0,0.0,0.0,0.0,0.0,0.0,0.0,0.0,0.0,0.0,0.0,0.0,0.0,0.0
0.0,0.0,0.0,0.0,0.0,0.0,0.0,0.0,0.0,0.0,0.0,0.0,0.0,0.0,0.0,0.0,0.0,0.0,0.0,0.0,0.0,0.0,0.0,0.0,0.0,0.0,0.0,0.0,0.0,0.0,0.0,0.0,0.0,0.0,0.0,0.0,0.0,0.0,0.0,0.0,0.0,0.0,0.0,0.0,0.0,0.0,0.0,0.0,0.0
0.0,6.0,6.0,17.25,6.0,6.0,17.25,6.0,6.0,6.0,6.0,6.0,17.25,6.0,6.0,6.0,17.25,6.0,6.0,6.0,6.0,6.0,6.0,6.0,6.0,6.0,6.0,6.0,6.0,6.0,6.0,6.0,6.0,6.0,6.0,6.0,6.0,6.0,17.25,6.0,6.0,6.0,6.0,6.0,17.25,6.0,6.0,6.0,6.0
0.0,0.0,0.0,0.0,0.0,0.0,0.0,0.0,0.0,0.0,0.0,0.0,0.0,0.0,0.0,0.0,0.0,0.0,0.0,0.0,0.0,0.0,0.0,0.0,0.0,0.0,0.0,0.0,0.0,0.0,0.0,0.0,0.0,0.0,0.0,0.0,0.0,0.0,0.0,0.0,0.0,0.0,0.0,0.0,0.0,0.0,0.0,0.0,0.0
0.0,0.0,0.0,0.0,0.0,0.0,0.0,0.0,0.0,0.0,0.0,0.0,0.0,0.0,0.0,0.0,0.0,0.0,0.0,0.0,0.0,0.0,0.0,0.0,0.0,0.0,0.0,0.0,0.0,0.0,0.0,0.0,0.0,0.0,0.0,0.0,0.0,0.0,0.0,0.0,0.0,0.0,0.0,0.0,0.0,0.0,0.0,0.0,0.0
0.0,0.0,0.0,0.0,0.0,0.0,0.0,0.0,0.0,0.0,0.0,0.0,0.0,0.0,0.0,0.0,0.0,0.0,0.0,0.0,0.0,0.0,0.0,0.0,0.0,0.0,0.0,0.0,0.0,0.0,0.0,0.0,0.0,0.0,0.0,0.0,0.0,0.0,0.0,0.0,0.0,0.0,0.0,0.0,0.0,0.0,0.0,0.0,0.0
0.0,35.72000000000002,21.504414897713445,41.504414897713445,45.195,45.195,0.0,0.0,0.0,0.0,0.0,0.0,0.0,0.0,0.0,0.0,0.0,0.0,0.0,0.0,27.928907558790456,38.37890755879045,38.37890755879045,43.15224745909084,23.152247459089878,38.37890755879045,38.37890755879045,27.928907558790456,35.720000000000006,15.719999999999992,15.719999999999992,15.719999999999992,22.658907557517182,24.159399972463355,15.719999999999992,15.719999999999992,15.719999999999992,25.195,45.195,45.195,45.195,0.0,0.0,0.0,0.0,0.0,0.0,0.0,0.0
0.0,45.195,25.195000000000007,45.195,38.52481555552196,35.720000000000006,15.719999999999995,15.719999999999999,15.719999999999999,15.719999999999999,15.719999999999999,0.0,0.0,0.0,0.0,0.0,0.0,0.0,0.0,0.0,0.0,0.0,0.0,0.0,0.0,0.0,0.0,0.0,0.0,15.719999999999992,15.719999999999992,15.719999999999992,15.719999999999992,15.719999999999992,15.719999999999992,15.719999999999992,15.719999999999992,25.195000000000014,45.195,45.195,45.195,25.195000000000014,26.088815103747407,15.719999999999995,0.0,0.0,0.0,0.0,0.0
0.0,15.759999999999998,15.76,45.31,15.759999999999998,15.759999999999998,45.31,15.76,15.76,15.76,15.76,15.76,45.31,15.76,15.76,45.31,45.31,15.76,15.759999999999998,25.310000000000002,45.31,15.76,15.76,15.759999999999998,15.76,15.76,15.76,15.759999999999998,15.76,15.759999999999998,15.759999999999998,45.31,15.76,15.76,15.76,15.759999999999998,15.759999999999998,15.76,45.31,15.759999999999998,15.759999999999998,15.76,15.76,45.31,45.31,15.759999999999998,15.76,25.310000000000002,45.31
0.0,16.0,16.0,46.0,16.0,16.0,46.0,16.0,16.0,16.0,16.0,16.0,46.0,16.0,46.0,46.0,46.0,16.0,16.0,16.0,16.0,16.0,16.0,16.0,16.0,16.0,16.0,16.0,16.0,16.0,16.0,46.0,16.0,16.0,16.0,16.0,16.0,16.0,46.0,16.0,16.0,16.0,16.0,46.0,46.0,16.0,16.0,16.0,46.0
0.0,19.97737498170295,19.977374981743196,19.977374981743196,19.977374981743196,19.977374981743196,19.977374981743196,19.977374981743196,19.977374981743196,19.977374981743196,29.977374981743196,19.977374981743196,29.977374981743196,29.97737498170295,19.97737498170295,19.97737498170295,27.98169083957569,0.0,0.0,0.0,0.0,0.0,0.0,0.0,0.0,0.0,0.0,0.0,0.0,29.97737498170295,19.97737498170295,28.867157235750195,29.97737498170295,29.97737498170295,29.97737498170295,29.97737498170295,19.97737498170295,29.97737498170295,46.0,29.97737498170295,29.97737498170295,29.97737498170295,0.0,0.0,0.0,0.0,0.0,0.0,0.0
0.0,0.0,0.0,0.0,0.0,0.0,0.0,0.0,0.0,0.0,0.0,0.0,0.0,0.0,0.0,0.0,0.0,19.97737498170295,19.97737498170295,29.97737498170295,19.97737498170295,29.97737498170295,29.97737498170295,29.97737498170295,29.97737498170295,29.97737498170295,29.97737498170295,19.97737498170295,29.97737498170295,0.0,0.0,0.0,0.0,0.0,0.0,0.0,0.0,0.0,0.0,0.0,0.0,0.0,29.97737498170295,19.97737498170295,19.97737498170295,19.97737498170295,19.97737498170295,29.97737498170295,46.0
0.0,73.02499999999998,0.0,0.0,0.0,0.0,0.0,0.0,0.0,0.0,0.0,0.0,0.0,0.0,0.0,0.0,0.0,0.0,0.0,0.0,0.0,0.0,0.0,73.025,73.025,61.089452236088306,61.08809606775753,73.025,73.025,61.084027562767346,73.025,73.025,61.07995905777665,73.025,73.025,61.07589055278592,25.4,25.4,73.025,25.4,25.4,25.4,25.4,73.025,73.025,25.400000000000006,25.4,0.0,0.0
0.0,0.0,0.0,0.0,0.0,0.0,0.0,0.0,0.0,0.0,0.0,0.0,0.0,0.0,0.0,0.0,0.0,0.0,0.0,0.0,0.0,0.0,0.0,61.09216457274886,61.09080840441834,73.025,73.025,61.08673989942784,61.08538373109822,73.025,61.08267139443734,61.08131522610688,73.025,61.07860288944639,61.077246721116154,73.025,28.025000000000006,73.025,73.025,73.025,73.025,73.025,73.025,73.025,73.025,63.68830430599411,73.025,0.0,0.0
0.0,54.969999999999985,0.0,0.0,0.0,0.0,0.0,0.0,0.0,0.0,0.0,0.0,0.0,0.0,0.0,0.0,0.0,0.0,0.0,0.0,0.0,0.0,0.0,0.0,0.0,0.0,0.0,0.0,0.0,0.0,0.0,0.0,0.0,0.0,0.0,0.0,0.0,0.0,0.0,0.0,0.0,0.0,0.0,0.0,0.0,0.0,0.0,0.0,0.0
0.0,55.89,19.44,55.89,19.44,19.44,55.89,19.439999999999994,19.439999999999994,19.439999999999994,19.44,19.439999999999994,55.89,19.439999999999994,49.44,49.44,49.44,0.0,0.0,0.0,0.0,0.0,0.0,0.0,0.0,0.0,0.0,0.0,0.0,0.0,0.0,0.0,0.0,0.0,0.0,0.0,0.0,0.0,0.0,0.0,0.0,0.0,0.0,0.0,0.0,0.0,0.0,0.0,0.0
0.0,0.0,0.0,0.0,0.0,0.0,0.0,0.0,0.0,0.0,0.0,0.0,0.0,0.0,0.0,0.0,0.0,0.0,0.0,0.0,0.0,0.0,0.0,0.0,0.0,0.0,0.0,0.0,0.0,0.0,0.0,0.0,0.0,0.0,0.0,0.0,0.0,0.0,0.0,0.0,0.0,0.0,0.0,0.0,0.0,0.0,0.0,0.0,0.0
0.0,0.0,0.0,0.0,0.0,0.0,0.0,0.0,0.0,0.0,0.0,0.0,0.0,0.0,0.0,0.0,0.0,0.0,0.0,0.0,0.0,0.0,0.0,0.0,0.0,0.0,0.0,0.0,0.0,0.0,0.0,0.0,0.0,0.0,0.0,0.0,0.0,0.0,0.0,0.0,0.0,0.0,0.0,0.0,0.0,0.0,0.0,0.0,0.0
0.0,0.0,0.0,0.0,0.0,0.0,0.0,0.0,0.0,0.0,0.0,0.0,0.0,0.0,0.0,0.0,0.0,0.0,0.0,0.0,0.0,0.0,0.0,0.0,0.0,0.0,0.0,0.0,0.0,0.0,0.0,0.0,0.0,0.0,0.0,0.0,0.0,0.0,0.0,0.0,0.0,0.0,0.0,0.0,0.0,0.0,0.0,0.0,0.0
0.0,0.0,0.0,0.0,0.0,0.0,0.0,0.0,0.0,0.0,0.0,0.0,0.0,0.0,0.0,0.0,0.0,0.0,0.0,0.0,0.0,0.0,0.0,0.0,0.0,0.0,0.0,0.0,0.0,0.0,0.0,0.0,0.0,0.0,0.0,0.0,0.0,0.0,0.0,0.0,0.0,0.0,0.0,0.0,0.0,0.0,0.0,0.0,0.0
0.0,0.0,0.0,0.0,0.0,0.0,0.0,0.0,0.0,0.0,0.0,145.59999999999997,326.85335586927664,145.59999999999997,326.85335586927664,326.85335586927664,326.85335586927664,145.59999999999997,145.59999999999997,145.59999999999997,145.59999999999997,145.59999999999997,145.59999999999997,145.59999999999997,145.59999999999997,145.59999999999997,145.59999999999997,145.59999999999997,145.59999999999997,145.59999999999997,145.59999999999997,326.85335586927664,145.59999999999997,145.59999999999997,145.59999999999997,145.59999999999997,145.59999999999997,145.59999999999997,326.85335586927664,145.59999999999997,145.59999999999997,145.59999999999997,145.59999999999997,326.85335586927664,326.85335586927664,145.59999999999997,145.59999999999997,145.59999999999997,326.85335586927664
0.0,158.0053605631544,50.0,158.0053605631544,50.0,50.0,158.0053605631544,50.0,50.0,150.0,50.0,50.0,150.0,50.0,50.0,158.0053605631544,150.0,50.0,50.0,50.0,50.0,140.11323729534462,50.0,50.0,50.0,58.00536056315438,58.00536056315438,58.00536056315438,58.00536056315438,58.00536056315438,58.00536056315438,50.0,58.00536056315438,50.0,50.0,50.0,50.0,50.0,158.0053605631544,50.0,50.0,50.0,50.0,158.0053605631544,89.19554429903901,50.0,50.0,50.0,150.0
0.0,150.0,50.0,150.0,158.0053605631544,150.0,150.0,150.0,50.0,50.0,50.0,50.0,158.0053605631544,50.0,50.0,150.0,158.0053605631544,50.0,50.0,50.0,50.0,50.0,50.0,50.0,50.0,50.0,50.0,50.0,50.0,50.0,50.0,123.97500802440622,50.0,50.0,50.0,50.0,50.0,50.0,150.0,50.0,50.0,150.0,50.0,150.0,50.0,50.0,150.0,158.0053605631544,158.0053605631544
0.0,0.0,0.0,0.0,0.0,0.0,0.0,0.0,0.0,0.0,0.0,0.0,0.0,0.0,0.0,0.0,0.0,0.0,0.0,0.0,0.0,0.0,0.0,0.0,0.0,0.0,0.0,0.0,0.0,0.0,0.0,0.0,0.0,0.0,0.0,0.0,0.0,0.0,0.0,0.0,0.0,0.0,0.0,0.0,0.0,0.0,0.0,0.0,0.0
0.0,0.0,0.0,0.0,0.0,0.0,0.0,0.0,0.0,0.0,0.0,0.0,0.0,0.0,0.0,0.0,0.0,0.0,0.0,0.0,0.0,0.0,0.0,0.0,0.0,0.0,0.0,0.0,0.0,0.0,0.0,0.0,0.0,0.0,0.0,0.0,0.0,0.0,0.0,0.0,0.0,0.0,0.0,0.0,0.0,0.0,0.0,0.0,0.0
0.0,30.0,86.25,86.25,30.0,86.25,30.0,50.103800165231746,30.0,86.25,31.65453576229082,86.25,86.25,30.0,30.0,86.25,30.0,30.0,86.25,86.25,86.25,30.0,86.25,86.25,86.25,86.25,30.0,30.0,86.25,86.25,86.25,86.25,86.25,86.25,86.25,86.25,30.0,86.25,86.25,86.25,86.25,86.25,86.25,86.25,86.25,86.25,86.25,86.25,86.25
0.0,67.34986583552497,86.25,86.25,30.0,30.0,30.0,30.0,30.0,86.25,86.25,30.0,86.25,86.25,30.0,30.0,30.0,30.0,30.0,86.25,86.25,30.0,86.25,86.25,30.0,86.25,86.25,86.25,30.0,86.25,30.0,30.0,30.0,86.25,30.0,38.53186321956582,30.0,86.25,30.0,86.25,86.25,30.0,30.0,86.25,86.25,86.25,86.25,86.25,86.25
0.0,86.25,30.0,86.25,86.25,86.25,86.25,30.0,30.0,30.0,30.0,30.0,86.25,30.0,30.0,86.25,86.25,30.0,30.0,30.0,30.0,30.0,30.0,68.09838375874516,30.0,30.0,86.25,86.25,30.0,30.0,30.0,86.25,86.25,30.0,71.15465698904859,30.0,30.0,30.0,86.25,30.0,30.0,30.0,86.25,86.25,30.0,30.0,30.0,30.0,86.25
0.0,30.0,30.0,86.25,86.25,30.0,30.0,30.0,30.0,30.0,30.0,30.0,30.0,30.0,30.0,30.0,30.0,30.0,30.0,86.25,30.0,30.0,86.25,30.0,30.0,30.0,30.0,30.0,42.181959363115226,30.0,30.0,30.0,86.25,86.25,86.25,30.0,30.0,30.0,86.25,86.25,86.25,38.53186321956582,86.25,86.25,86.25,86.25,86.25,86.25,86.25
0.0,86.25,30.0,86.25,86.25,86.25,86.25,30.0,30.0,30.000000000000004,30.0,30.0,86.25,30.0,30.0,86.25,86.25,30.0,30.0,30.0,30.0,30.0,30.0,30.0,30.0,30.0,30.0,30.0,30.0,30.0,30.0,86.25,30.0,30.0,30.0,30.0,30.0,30.0,86.25,30.0,30.0,30.0,30.0,86.25,30.0,30.0,30.0,30.0,86.25
0.0,30.0,30.0,30.0,30.0,30.0,30.0,30.0,30.0,30.0,30.0,30.0,30.0,30.0,30.0,30.0,30.0,30.0,30.0,86.25,30.0,30.0,86.25,30.0,30.0,30.81303327374252,30.0,30.0,86.25,30.0,30.0,30.0,85.62946376682692,30.0,30.0,30.0,30.0,30.0,86.25,86.25,86.25,86.25,30.0,86.25,86.25,86.25,30.0,86.25,86.25
0.0,86.25,30.0,86.25,86.25,86.25,86.25,30.0,30.0,30.0,30.0,30.0,86.25,30.0,30.0,86.25,86.25,30.0,30.0,30.0,30.0,30.0,30.0,30.0,30.0,30.0,30.0,30.0,30.0,30.0,30.0,86.25,30.0,30.0,30.0,30.0,30.0,30.0,86.25,30.0,30.0,30.0,30.0,86.25,30.0,30.0,30.0,30.0,86.25
0.0,30.0,30.0,30.0,30.0,30.0,30.0,30.0,30.0,30.0,30.0,30.0,30.0,30.0,30.0,30.0,30.0,30.0,30.0,68.53186321956582,30.0,30.0,30.0,30.0,30.0,30.0,30.0,30.0,30.0,30.0,30.0,30.0,30.0,30.0,30.0,30.0,86.25,30.0,30.0,86.25,30.0,86.25,86.25,30.0,86.25,86.25,30.0,86.25,86.25
0.0,30.0,30.0,30.0,30.0,30.0,30.0,30.0,30.0,30.0,30.0,30.0,30.0,30.0,30.0,30.0,30.0,30.0,30.0,30.0,30.0,30.0,30.0,30.0,30.0,30.0,30.0,30.0,30.0,30.0,30.0,86.25,30.0,30.0,30.0,30.0,86.25,30.0,86.25,86.25,86.25,86.25,86.25,30.0,86.25,86.25,30.0,86.25,86.25
0.0,30.0,30.0,30.0,30.0,30.0,30.0,30.0,30.0,30.0,30.0,30.0,30.0,30.0,30.0,30.0,30.0,30.0,30.0,30.0,30.0,30.0,30.0,30.0,30.0,30.0,30.0,30.0,30.0,30.0,30.0,38.53186321956582,30.0,86.25,30.0,30.0,86.25,49.091554692335365,86.25,30.0,30.0,86.25,86.25,30.0,30.0,86.25,30.0,86.25,86.25
0.0,86.25,30.0,30.0,30.0,86.25,30.0,30.0,30.0,30.0,30.0,30.0,30.0,30.0,30.0,30.0,30.0,30.0,30.0,30.0,30.0,30.0,30.0,30.0,30.0,86.25,30.0,38.53186321956582,86.25,30.0,30.0,86.25,30.0,30.0,86.25,30.0,86.25,30.0,86.25,86.25,86.25,86.25,86.25,86.25,86.25,86.25,86.25,86.25,86.25
0.0,30.0,30.0,30.0,30.0,86.25,85.67116639922094,86.25,30.0,30.0,30.0,30.0,30.0,30.0,30.0,30.0,30.0,30.0,30.0,30.0,30.0,30.0,30.0,30.0,30.0,86.25,30.0,86.25,30.0,30.0,86.25,86.25,30.0,30.0,36.8541424098208,30.0,86.25,30.0,86.25,86.25,86.25,30.0,86.25,86.25,30.0,30.0,86.25,86.25,86.25
0.0,86.25,30.0,30.0,30.0,30.0,86.25,86.25,30.0,30.0,30.0,30.0,30.0,30.0,30.0,30.0,30.0,30.0,30.0,86.25,30.0,30.0,30.0,30.0,30.0,30.0,30.0,30.0,30.0,30.0,86.25,30.0,30.0,30.0,30.0,30.0,86.25,30.0,86.25,86.25,86.25,86.25,86.25,86.25,86.25,86.25,86.25,86.25,86.25
0.0,86.25,86.25,30.0,30.0,86.25,30.0,86.25,30.0,30.0,30.0,30.0,86.25,30.0,86.25,30.0,30.0,30.0,30.0,86.25,86.25,30.0,30.0,86.25,86.25,30.0,86.25,30.0,86.25,30.0,86.25,30.0,30.0,30.0,30.0,30.0,30.0,30.0,86.25,86.25,86.25,86.25,38.53186321956582,86.25,86.25,86.25,86.25,30.0,86.25
0.0,30.0,86.25,30.0,86.25,86.25,86.25,30.0,30.0,30.0,86.25,86.25,86.25,30.0,30.0,30.0,30.0,30.0,86.25,86.25,86.25,86.25,30.0,86.25,30.0,86.25,86.25,30.0,86.25,30.0,30.0,30.0,86.25,30.0,30.0,86.25,86.25,86.25,86.25,86.25,86.25,86.25,86.25,86.25,86.25,86.25,86.25,86.25,86.25
0.0,86.25,86.25,30.0,86.25,86.25,30.0,86.25,30.0,30.0,86.25,86.25,86.25,86.25,86.25,30.0,30.0,30.0,30.0,86.25,30.0,86.25,30.0,86.25,86.25,86.25,86.25,86.25,86.25,30.0,86.25,30.0,86.25,86.25,30.0,30.0,86.25,86.25,86.25,86.25,86.25,30.0,86.25,86.25,86.25,86.25,86.25,86.25,86.25
0.0,30.0,30.0,30.0,86.25,0.0,0.0,0.0,0.0,0.0,0.0,0.0,0.0,0.0,0.0,0.0,30.0,30.0,30.0,86.25,30.0,30.0,30.0,86.25,30.0,86.25,30.0,86.25,86.25,86.25,30.0,86.25,86.25,86.25,30.0,30.0,86.25,86.25,62.505484966466184,86.25,86.25,86.25,86.25,86.25,86.25,30.0,30.0,68.53186321956582,86.25
0.0,30.0,30.0,86.25,86.25,30.0,30.0,86.25,30.0,86.25,30.0,30.0,86.25,86.25,68.53186321956582,30.0,30.0,30.0,30.0,86.25,86.25,86.25,30.0,86.25,86.25,86.25,86.25,86.25,30.0,30.0,86.25,30.0,86.25,86.25,86.25,86.25,86.25,86.25,86.25,86.25,86.25,86.25,30.0,86.25,86.25,86.25,86.25,86.25,86.25
0.0,86.25,30.0,86.25,86.25,86.25,86.25,30.0,30.0,30.0,30.0,30.0,86.25,30.0,30.0,86.25,86.25,30.0,30.0,30.0,30.0,30.0,30.0,30.0,30.0,30.0,30.0,30.0,30.0,30.0,30.0,86.25,30.0,30.0,30.0,30.0,30.0,30.0,86.25,30.0,30.0,30.0,30.0,86.25,30.0,30.0,86.25,30.0,86.25
0.0,86.25,86.25,86.25,30.0,30.0,30.0,86.25,30.0,30.0,30.0,30.0,86.25,30.0,86.25,30.0,86.25,68.53186321956582,30.0,86.25,86.25,30.0,86.25,86.25,86.25,86.25,86.25,30.0,86.25,86.25,30.0,86.25,86.25,86.25,86.25,30.0,86.25,86.25,86.25,69.47839146624628,86.25,86.25,86.25,0.0,0.0,0.0,0.0,0.0,0.0
0.0,30.0,42.28186321963449,86.25,86.25,30.0,30.0,86.25,30.0,86.25,86.25,86.25,86.25,86.25,30.0,86.25,86.25,86.25,86.25,86.25,86.25,84.9013507702093,86.25,86.25,86.25,86.25,30.0,86.25,30.0,86.25,30.0,30.0,86.25,86.25,86.25,86.25,30.0,86.25,86.25,86.25,86.25,86.25,86.25,86.25,86.25,30.0,86.25,86.25,86.25
0.0,86.25,86.25,86.25,86.25,86.25,86.25,30.0,86.25,30.0,30.0,86.25,86.25,86.25,86.25,86.25,86.25,86.25,86.25,86.25,86.25,30.0,86.25,86.25,86.25,86.25,86.25,30.0,86.25,86.25,30.0,86.25,30.0,30.0,86.25,30.0,86.25,86.25,86.25,86.25,86.25,86.25,86.25,86.25,86.25,30.0,86.25,86.25,86.25
0.0,86.25,30.0,86.25,86.25,86.25,86.25,30.0,30.0,30.0,30.0,30.0,86.25,30.0,30.0,30.0,86.25,30.0,30.0,30.0,30.0,30.0,30.0,30.0,30.0,30.0,30.0,30.0,30.0,30.0,30.0,86.25,30.0,30.0,30.0,30.0,30.0,30.0,86.25,30.0,30.0,30.0,30.0,86.25,30.0,30.0,86.25,30.0,86.25
0.0,86.25,86.25,30.0,30.0,86.25,86.25,86.25,86.25,86.25,30.0,86.25,86.25,86.25,86.25,86.25,30.0,86.25,86.25,86.25,86.25,86.25,86.25,86.25,86.25,86.25,30.0,86.25,86.25,86.25,86.25,86.25,30.0,86.25,86.25,30.0,38.53186321956582,86.25,86.25,86.25,30.0,86.25,86.25,86.25,74.54663390549264,86.25,86.25,86.25,86.25
0.0,86.25,30.0,86.25,86.25,86.25,86.25,30.0,30.0,30.0,30.0,30.0,86.25,30.0,30.0,30.0,86.25,30.0,30.0,30.0,30.0,30.0,30.0,30.0,30.0,30.0,30.0,30.0,30.0,30.0,30.0,86.25,30.0,30.0,30.0,30.0,30.0,30.0,86.25,30.0,30.0,30.0,30.0,86.25,30.0,30.0,86.25,30.0,86.25
0.0,86.25,86.25,86.25,86.25,86.25,86.25,86.25,86.25,30.0,86.25,30.0,86.25,86.25,86.25,86.25,38.53186321956582,86.25,86.25,86.25,86.25,86.25,30.0,86.25,86.25,86.25,30.0,86.25,86.25,86.25,86.25,86.25,30.0,86.25,30.0,86.25,86.25,86.25,86.25,86.25,86.25,86.25,86.25,86.25,30.0,86.25,86.25,86.25,86.25
0.0,86.25,86.25,86.25,30.0,30.0,86.25,86.25,86.25,86.25,86.25,30.0,86.25,30.0,86.25,68.53186321956582,86.25,86.25,86.25,30.0,86.25,86.25,86.25,30.0,86.25,86.25,86.25,86.25,30.0,30.0,86.25,30.0,86.25,30.0,86.25,86.25,86.25,86.25,86.25,30.0,30.0,30.0,30.0,74.30711175351837,30.0,30.0,86.25,30.0,86.25
0.0,86.25,30.0,86.25,86.25,86.25,86.25,30.0,30.0,30.0,30.0,30.0,86.25,30.0,30.0,30.0,86.25,30.0,30.0,30.0,30.0,30.0,30.0,30.0,30.0,30.0,30.0,30.0,30.0,30.0,30.0,86.25,30.0,30.0,30.0,30.0,30.0,30.0,86.25,30.0,30.0,30.0,30.0,86.25,30.0,30.0,86.25,30.0,86.25
0.0,86.25,30.0,86.25,86.25,86.25,86.25,30.0,30.0,30.0,30.0,30.0,86.25,30.0,30.0,30.0,86.25,30.0,30.0,30.0,30.0,30.0,86.25,30.0,30.0,30.0,30.0,30.0,30.0,30.0,30.0,86.25,30.0,30.0,30.0,30.0,30.0,30.0,86.25,30.0,30.0,30.0,30.0,86.25,30.0,30.0,86.25,30.0,86.25
0.0,86.25,86.25,86.25,86.25,30.0,86.25,86.25,86.25,86.25,86.25,86.25,86.25,86.25,86.25,86.25,86.25,86.25,86.25,86.25,86.25,86.25,86.25,86.25,68.53186321956582,86.25,86.25,86.25,86.25,86.25,86.25,86.25,86.25,86.25,86.25,86.25,86.25,86.25,86.25,30.0,86.25,86.25,86.25,86.25,30.0,86.25,86.25,86.25,86.25
0.0,86.25,30.0,86.25,86.25,86.25,86.25,30.0,30.0,30.0,30.0,30.0,86.25,30.0,30.0,30.0,86.25,30.0,30.0,30.0,30.0,30.0,86.25,30.0,30.0,30.0,30.0,30.0,30.0,30.0,30.0,86.25,30.0,30.0,30.0,30.0,30.0,30.0,86.25,30.0,30.0,30.0,30.0,86.25,30.0,30.0,86.25,30.0,86.25
0.0,86.25,30.0,86.25,86.25,86.25,86.25,30.0,30.0,30.0,30.0,30.0,75.26161458240232,30.0,30.0,30.0,86.25,30.0,30.0,30.0,30.0,30.0,86.25,30.0,30.0,30.0,30.0,30.0,30.0,30.0,30.0,86.25,30.0,30.0,30.0,30.0,30.0,30.0,86.25,30.0,30.0,30.0,30.0,86.25,30.0,30.0,86.25,30.0,86.25
0.0,86.25,86.25,86.25,86.25,30.0,86.25,86.25,86.25,86.25,86.25,86.25,86.25,86.25,30.0,86.25,86.25,86.25,86.25,86.25,86.25,86.25,86.25,86.25,86.25,30.0,86.25,86.25,30.0,86.25,86.25,86.25,30.0,86.25,86.25,86.25,86.25,86.25,86.25,86.25,86.25,86.25,86.25,86.25,86.25,86.25,86.25,86.25,86.25
0.0,86.25,30.0,86.25,86.25,86.25,86.25,30.0,30.0,30.0,30.0,30.0,30.0,30.0,30.0,30.0,86.25,30.0,30.0,30.0,30.0,30.0,86.25,30.0,30.0,30.0,30.0,30.0,30.0,30.0,30.0,86.25,30.0,30.0,30.0,30.0,30.0,30.0,86.25,30.0,30.0,30.0,30.0,86.25,30.0,30.0,86.25,30.0,86.25
0.0,86.25,86.25,30.0,86.25,86.25,86.25,86.25,86.25,86.25,86.25,86.25,86.25,86.25,86.25,86.25,86.25,86.25,86.25,86.25,86.25,86.25,68.53186321956582,86.25,86.25,86.25,86.25,86.25,86.25,86.25,86.25,86.25,86.25,86.25,86.25,86.25,30.0,86.25,86.25,55.30347175331954,86.25,86.25,86.25,86.25,86.25,86.25,86.25,86.25,86.25
0.0,86.25,86.25,30.0,86.25,86.25,86.25,86.25,86.25,86.25,86.25,86.25,86.25,86.25,86.25,86.25,86.25,86.25,86.25,86.25,86.25,86.25,86.25,86.25,86.25,86.25,86.25,86.25,86.25,86.25,86.25,86.25,86.25,86.25,86.25,86.25,30.0,86.25,86.25,86.25,86.25,86.25,86.25,86.25,86.25,86.25,86.25,86.25,86.25
0.0,86.25,86.25,30.0,30.0,86.25,30.0,86.25,86.25,86.25,86.25,86.25,86.25,86.25,86.25,86.25,86.25,86.25,30.0,86.25,86.25,86.25,30.0,86.25,86.25,86.25,86.25,86.25,86.25,86.25,86.25,86.25,86.25,30.0,86.25,86.25,30.0,86.25,86.25,86.25,86.25,86.25,86.25,86.25,30.0,86.25,86.25,86.25,86.25
0.0,30.0,30.0,86.25,30.0,86.25,86.25,86.25,86.25,30.0,86.25,86.25,86.25,86.25,86.25,86.25,86.25,86.25,86.25,86.25,86.25,86.25,30.0,86.25,86.25,86.25,86.25,86.25,86.25,86.25,86.25,86.25,86.25,86.25,86.25,86.25,30.0,86.25,86.25,86.25,86.25,86.25,86.25,86.25,86.25,86.25,86.25,30.0,86.25
0.0,86.25,30.0,86.25,86.25,86.25,30.0,86.25,86.25,30.0,86.25,86.25,86.25,86.25,86.25,30.0,86.25,30.0,82.74795768592497,86.25,81.20421347234043,86.25,30.0,86.25,86.25,86.25,86.25,86.25,86.25,86.25,86.25,86.25,86.25,86.25,30.0,86.25,30.0,86.25,86.25,86.25,86.25,86.25,30.0,86.25,86.25,86.25,86.25,86.25,86.25
0.0,86.25,86.25,86.25,86.25,63.4817336870976,86.25,30.0,68.53186321963449,86.25,30.0,30.0,86.25,86.25,86.25,30.0,86.25,0.0,0.0,0.0,0.0,0.0,0.0,0.0,0.0,0.0,0.0,86.25,86.25,86.25,86.25,86.25,86.25,86.25,86.25,30.0,86.25,86.25,86.25,30.0,30.0,30.0,30.0,86.25,30.0,30.0,86.25,30.0,86.25
0.0,86.25,30.0,86.25,86.25,86.25,86.25,30.0,86.25,86.25,86.25,54.72590896566213,86.25,86.25,86.25,86.25,30.0,86.25,30.0,30.0,30.0,30.0,86.25,86.25,86.25,30.0,86.25,86.25,86.25,86.25,86.25,86.25,86.25,49.25005135422023,86.25,30.0,30.0,86.25,86.25,30.0,30.0,30.0,30.0,67.56152472550212,86.25,30.0,30.0,30.0,86.25
0.0,86.25,86.25,86.25,86.25,30.0,86.25,86.25,86.25,86.25,86.25,30.0,86.25,30.0,30.0,30.0,30.0,30.0,86.25,86.25,86.25,86.25,86.25,86.25,86.25,86.25,86.25,30.0,86.25,86.25,30.0,86.25,86.25,86.25,86.25,86.25,30.0,86.25,86.25,30.0,86.25,86.25,86.25,86.25,30.0,86.25,86.25,86.25,86.25
0.0,86.25,86.25,86.25,68.53186321963449,86.25,86.25,86.25,30.0,86.25,86.25,86.25,86.25,68.53186321956582,86.25,30.0,30.0,30.0,86.25,86.25,86.25,86.25,86.25,86.25,86.25,86.25,86.25,86.25,86.25,30.0,86.25,86.25,30.0,86.25,86.25,86.25,30.0,86.25,86.25,30.0,30.0,86.25,86.25,86.25,86.25,86.25,86.25,86.25,0.0
0.0,86.25,30.0,42.28186321963449,30.0,86.25,86.25,86.25,86.25,86.25,86.25,86.25,86.25,30.0,30.0,86.25,86.25,86.25,86.25,86.25,86.25,86.25,86.25,86.25,86.25,86.25,86.25,86.25,30.0,30.0,86.25,86.25,86.25,30.0,86.25,86.25,30.0,86.25,86.25,86.25,86.25,86.25,86.25,86.25,30.0,86.25,86.25,86.25,86.25
0.0,0.0,0.0,0.0,0.0,0.0,0.0,0.0,86.25,38.23619722361309,86.25,86.25,86.25,86.25,30.0,86.25,86.25,86.25,86.25,86.25,86.25,86.25,86.25,86.25,86.25,86.25,86.25,86.25,86.25,30.0,30.0,30.0,86.25,86.25,86.25,30.0,30.0,86.25,86.25,86.25,86.25,30.0,86.25,86.25,86.25,86.25,86.25,86.25,86.25
0.0,86.25,30.0,86.25,86.25,86.25,86.25,86.25,86.25,86.25,86.25,86.25,86.25,86.25,86.25,86.25,86.25,86.25,86.25,86.25,86.25,86.25,86.25,86.25,86.25,86.25,30.0,86.25,30.0,86.25,86.25,86.25,86.25,86.25,30.0,86.25,30.0,86.25,86.25,86.25,86.25,86.25,86.25,30.0,86.25,86.25,68.53186321956582,86.25,86.25
0.0,30.0,86.25,86.25,30.0,30.0,30.0,86.25,86.25,86.25,86.25,86.25,86.25,86.25,30.0,86.25,86.25,86.25,86.25,86.25,86.25,86.25,30.0,86.25,86.25,86.25,86.25,86.25,30.0,86.25,30.0,86.25,86.25,30.0,86.25,30.0,30.0,86.25,86.25,86.25,38.53186321956582,86.25,86.25,86.25,86.25,86.25,86.25,30.0,86.25
0.0,30.0,30.0,30.0,86.25,30.0,86.25,86.25,86.25,86.25,86.25,30.0,86.25,86.25,86.25,86.25,86.25,86.25,86.25,86.25,86.25,86.25,86.25,86.25,86.25,30.0,72.58108955493458,86.25,86.25,41.68562688702549,86.25,30.0,86.25,86.25,86.25,86.25,86.25,86.25,86.25,86.25,86.25,86.25,86.25,86.25,86.25,30.0,86.25,86.25,86.25
0.0,0.0,0.0,0.0,30.0,86.25,86.25,86.25,86.25,86.25,86.25,86.25,86.25,86.25,86.25,86.25,86.25,86.25,86.25,30.0,30.0,30.0,30.0,30.0,86.25,86.25,86.25,30.0,86.25,30.0,86.25,86.25,86.25,86.25,30.0,86.25,86.25,75.69030852723046,86.25,30.0,30.0,30.0,30.0,86.25,30.0,30.0,86.25,30.0,86.25
0.0,86.25,86.25,86.25,86.25,86.25,86.25,30.0,30.0,30.0,86.25,86.25,86.25,86.25,30.0,86.25,86.25,86.25,86.25,86.25,30.0,30.0,86.25,86.25,30.0,86.25,86.25,30.0,30.0,86.25,86.25,86.25,86.25,86.25,30.0,86.25,30.0,86.25,86.25,86.25,86.25,86.25,86.25,86.25,86.25,86.25,86.25,86.25,86.25
0.0,29.32,29.32,29.32,29.32,0.0,0.0,0.0,0.0,0.0,0.0,0.0,0.0,0.0,0.0,0.0,0.0,0.0,0.0,0.0,0.0,0.0,0.0,0.0,0.0,0.0,0.0,0.0,0.0,0.0,0.0,0.0,0.0,0.0,0.0,0.0,0.0,0.0,0.0,0.0,0.0,0.0,0.0,0.0,0.0,0.0,0.0,84.295,84.29500000287605
0.0,0.0,0.0,0.0,0.0,0.0,0.0,0.0,0.0,0.0,0.0,0.0,0.0,0.0,0.0,0.0,0.0,0.0,0.0,0.0,0.0,0.0,0.0,0.0,29.32,29.32,84.295,29.32,29.32,34.87000000008689,29.32,29.32,29.32,69.3455769673014,0.0,0.0,0.0,0.0,0.0,0.0,0.0,0.0,0.0,0.0,84.295,84.295,84.295,84.295,84.295
0.0,0.0,0.0,0.0,0.0,0.0,0.0,0.0,0.0,0.0,0.0,0.0,0.0,0.0,0.0,29.32,29.32,29.319999999982088,29.320000000086793,29.32,29.32,29.32,29.32,29.32,29.32,0.0,0.0,0.0,0.0,0.0,0.0,0.0,0.0,0.0,0.0,0.0,0.0,84.295,84.295,84.295,84.295,84.295,84.295,84.295,84.295,74.84726793518918,84.295,84.295,84.295
0.0,29.32,29.32,29.32,29.32,29.32000000008668,29.32,29.32,29.32,29.32,29.32,0.0,0.0,0.0,0.0,0.0,0.0,0.0,0.0,0.0,0.0,0.0,0.0,0.0,0.0,0.0,0.0,0.0,0.0,0.0,0.0,0.0,0.0,0.0,0.0,84.295,29.32,84.295,84.295,84.295,84.295,84.295,84.295,38.6815139815462,84.295,29.32,84.295,84.295,84.295
0.0,29.32,29.32,29.32000000008668,29.32,0.0,0.0,0.0,0.0,0.0,0.0,0.0,0.0,0.0,0.0,29.32,29.32,29.32,29.32,29.32,29.32,29.32,29.32,29.32,29.32,0.0,0.0,0.0,0.0,0.0,0.0,0.0,0.0,0.0,0.0,0.0,0.0,84.295,84.295,84.295,84.295,84.295,84.295,84.295,84.295,84.295,84.295,0.0,0.0
0.0,0.0,0.0,0.0,0.0,0.0,0.0,0.0,0.0,0.0,0.0,0.0,29.32,29.32,29.32,29.32,29.32,29.32,29.32,84.295,29.32,29.32,0.0,0.0,0.0,0.0,0.0,0.0,0.0,0.0,0.0,0.0,0.0,0.0,0.0,0.0,0.0,84.295,84.295,84.295,84.295,84.295,84.295,29.32,84.295,84.295,84.295,84.295,84.295
0.0,84.295,29.32,84.295,84.295,84.295,84.295,29.32,29.32,29.32,29.32,29.32,29.32,29.32,29.32,29.32,84.295,29.32,29.32,29.32,29.32,29.32,84.295,0.0,0.0,0.0,0.0,0.0,0.0,0.0,0.0,0.0,0.0,0.0,0.0,0.0,0.0,29.32,84.295,84.295,29.32,29.32,29.32,84.295,29.32,29.32,84.295,29.32,84.295
0.0,84.295,29.32,84.295,84.295,84.295,84.295,29.32,29.32,29.32,29.32,29.32,29.32,29.32,29.32,29.32,84.295,29.32,29.32,29.32,29.32,29.32,84.295,29.32,29.32,29.32,29.32,29.32,29.32,29.32,29.32,84.295,29.32,29.32,29.32,29.32,29.32,29.32,84.295,84.295,29.32,29.32,84.295,84.295,29.32,29.32,84.295,29.32,84.295
0.0,29.32,29.32,0.0,0.0,0.0,0.0,0.0,0.0,0.0,0.0,0.0,0.0,0.0,29.32,29.32,29.32,29.32,29.32,29.32,29.32,29.32,29.32,29.32,0.0,0.0,0.0,0.0,0.0,0.0,0.0,0.0,0.0,0.0,0.0,0.0,29.32,29.32,84.295,84.295,29.32,29.32,84.295,84.295,29.32,29.32,84.295,29.32,84.295
0.0,0.0,0.0,0.0,0.0,0.0,0.0,0.0,0.0,0.0,0.0,0.0,0.0,0.0,0.0,29.32,29.32000000008668,29.32,29.32,41.70671271786844,29.32,29.32,29.32,29.32,29.32,84.295,84.295,29.32,29.32,29.32,29.32,29.32,29.32,29.32,29.32,29.32,29.32,84.295,84.295,84.295,84.295,84.295,84.295,29.32,84.295,84.295,84.295,84.295,84.295
0.0,84.295,29.32,84.295,84.295,84.295,29.319999999983906,29.32,29.32,29.32,29.32,0.0,0.0,0.0,0.0,0.0,0.0,0.0,0.0,0.0,0.0,0.0,0.0,29.32,29.32,84.295,84.295,29.32,29.32,29.32,63.8017127178691,29.32,29.32,29.32,29.32,29.32,29.32,29.32,84.295,84.295,29.32,29.32,84.295,84.295,84.295,29.32,84.295,29.32,84.295
0.0,66.65671271786996,29.32,0.0,0.0,0.0,0.0,0.0,0.0,0.0,0.0,0.0,0.0,29.32,29.32,29.32,29.32,29.32,29.32,29.32,29.32,29.32,29.32,0.0,0.0,0.0,0.0,0.0,0.0,0.0,0.0,0.0,0.0,0.0,0.0,0.0,0.0,84.295,84.295,84.295,84.295,84.295,84.295,29.32,84.295,84.295,84.295,84.295,84.295
0.0,0.0,0.0,0.0,0.0,0.0,0.0,0.0,0.0,0.0,0.0,0.0,0.0,0.0,0.0,0.0,0.0,29.32,29.32,29.32,29.32,29.32,29.32,84.295,29.32,84.295,29.32,0.0,0.0,0.0,0.0,0.0,0.0,0.0,0.0,0.0,0.0,84.295,84.295,84.295,84.295,76.8617712557927,84.295,84.295,84.295,84.295,84.295,0.0,0.0
0.0,29.32,29.32,29.32,0.0,0.0,0.0,0.0,0.0,0.0,0.0,0.0,0.0,0.0,0.0,0.0,0.0,0.0,0.0,0.0,0.0,29.32,84.295,84.295,29.32,29.320000000086765,29.32,29.32,29.32,29.32,29.32,0.0,0.0,0.0,0.0,0.0,0.0,0.0,0.0,0.0,0.0,84.295,84.295,84.295,84.295,84.295,84.295,84.295,84.295
0.0,0.0,0.0,0.0,0.0,0.0,0.0,0.0,0.0,0.0,0.0,0.0,0.0,0.0,0.0,0.0,0.0,0.0,0.0,0.0,29.32,29.32,29.32,29.32,29.32,29.32,29.32,29.32,29.32,29.32,0.0,0.0,0.0,0.0,0.0,0.0,0.0,0.0,0.0,0.0,84.295,84.295,84.295,84.295,84.295,84.295,84.295,84.295,84.295
0.0,29.32,29.32,29.32,29.32,29.32,29.32,29.32,29.32,0.0,0.0,0.0,0.0,0.0,0.0,0.0,0.0,0.0,0.0,0.0,0.0,0.0,0.0,0.0,0.0,0.0,0.0,0.0,0.0,0.0,0.0,0.0,0.0,0.0,0.0,0.0,0.0,84.295,84.295,84.295,84.295,84.295,84.295,84.295,84.295,84.295,84.295,84.295,84.295
0.0,29.32,29.32,0.0,0.0,0.0,0.0,0.0,0.0,0.0,0.0,0.0,0.0,29.32,29.32,54.87577716360328,29.32,29.32,29.32,84.295,29.32,29.32,29.32,0.0,0.0,0.0,0.0,0.0,0.0,0.0,0.0,0.0,0.0,0.0,29.32,29.32,29.32,84.295,84.295,51.84439759553409,84.295,29.32,84.295,84.295,84.295,29.32,84.295,29.32,84.295
0.0,0.0,0.0,0.0,0.0,0.0,0.0,0.0,0.0,0.0,0.0,0.0,0.0,0.0,0.0,0.0,0.0,0.0,0.0,0.0,0.0,0.0,0.0,0.0,0.0,0.0,0.0,0.0,0.0,0.0,0.0,0.0,0.0,0.0,0.0,0.0,29.32,84.295,84.295,84.295,84.295,84.295,84.295,84.295,84.295,84.295,29.32,84.295,84.295
0.0,29.32,29.32,29.32,29.32,29.32,29.32,29.32,29.32,29.32,29.32,29.32,29.32,29.32,29.32,29.32,29.32,29.32,29.32,0.0,0.0,0.0,0.0,0.0,0.0,0.0,0.0,0.0,0.0,0.0,0.0,0.0,0.0,0.0,0.0,0.0,29.32,84.295,84.295,84.295,84.295,84.295,84.295,84.295,84.295,84.295,84.295,84.295,84.295
0.0,0.0,0.0,0.0,0.0,0.0,0.0,0.0,0.0,0.0,0.0,0.0,0.0,0.0,0.0,0.0,0.0,0.0,0.0,0.0,0.0,0.0,0.0,0.0,0.0,0.0,0.0,0.0,0.0,0.0,0.0,0.0,0.0,29.32,29.32,29.32,29.32,84.295,84.295,84.295,84.295,84.295,84.295,84.295,84.295,84.295,53.23651398235718,84.295,84.295
0.0,29.32,29.32,29.32,29.32,29.32,29.32,29.32,29.32,29.32,29.320000000086566,29.32,29.32,29.32,29.32,29.32,0.0,0.0,0.0,0.0,0.0,0.0,0.0,0.0,0.0,0.0,0.0,0.0,0.0,0.0,0.0,0.0,0.0,0.0,0.0,29.32,29.32,84.295,84.295,84.295,84.295,84.295,84.295,84.295,84.295,84.295,84.295,84.295,84.295
0.0,0.0,0.0,0.0,0.0,0.0,0.0,0.0,0.0,0.0,0.0,0.0,0.0,0.0,0.0,0.0,0.0,0.0,0.0,0.0,0.0,0.0,29.32,29.32,29.32,84.295,29.32,29.32,29.32,29.32,29.32,29.32,0.0,0.0,0.0,0.0,0.0,0.0,0.0,0.0,0.0,0.0,84.295,84.295,84.295,84.295,84.295,84.295,84.295
0.0,0.0,0.0,0.0,0.0,0.0,0.0,0.0,0.0,0.0,0.0,0.0,29.32,29.32,29.32,29.32,29.32,29.32,29.32,29.32,29.32,29.32,29.32,46.66671271786842,81.5200000000882,29.32,0.0,0.0,0.0,0.0,0.0,0.0,0.0,0.0,0.0,0.0,0.0,84.295,84.295,84.295,84.295,84.295,84.295,84.295,84.295,84.295,84.295,84.295,84.295
0.0,0.0,0.0,0.0,0.0,0.0,0.0,0.0,0.0,0.0,0.0,29.32,29.32,29.32,29.32,29.32,29.32,29.32,29.32,84.295,29.32,29.320000000086907,0.0,0.0,0.0,0.0,0.0,0.0,0.0,0.0,0.0,0.0,0.0,0.0,0.0,29.32,29.32,84.295,84.295,84.295,84.295,84.295,84.295,84.295,84.295,84.295,29.32,84.295,84.295
0.0,0.0,0.0,0.0,0.0,0.0,0.0,0.0,0.0,0.0,0.0,0.0,0.0,0.0,0.0,0.0,0.0,0.0,0.0,0.0,0.0,0.0,0.0,0.0,0.0,0.0,0.0,0.0,0.0,0.0,0.0,0.0,0.0,0.0,0.0,0.0,0.0,0.0,0.0,0.0,0.0,0.0,0.0,0.0,0.0,0.0,0.0,0.0,0.0
0.0,0.0,0.0,0.0,0.0,0.0,0.0,0.0,0.0,0.0,0.0,0.0,0.0,0.0,0.0,0.0,0.0,0.0,0.0,0.0,0.0,0.0,0.0,0.0,0.0,0.0,0.0,0.0,0.0,0.0,0.0,0.0,0.0,0.0,0.0,0.0,0.0,0.0,0.0,0.0,0.0,0.0,0.0,0.0,0.0,0.0,0.0,0.0,0.0
0.0,0.0,0.0,0.0,0.0,0.0,0.0,0.0,0.0,0.0,0.0,0.0,0.0,0.0,0.0,0.0,0.0,0.0,0.0,0.0,0.0,0.0,0.0,0.0,0.0,0.0,0.0,0.0,0.0,0.0,0.0,0.0,0.0,0.0,0.0,0.0,0.0,0.0,0.0,0.0,0.0,0.0,0.0,0.0,0.0,0.0,0.0,0.0,0.0
0.0,0.0,0.0,0.0,0.0,0.0,0.0,0.0,0.0,0.0,0.0,0.0,0.0,0.0,0.0,0.0,0.0,0.0,0.0,0.0,0.0,0.0,0.0,0.0,0.0,0.0,0.0,0.0,0.0,0.0,0.0,0.0,0.0,0.0,0.0,0.0,0.0,0.0,0.0,0.0,0.0,0.0,0.0,0.0,0.0,0.0,0.0,0.0,0.0
0.0,0.0,0.0,0.0,0.0,0.0,0.0,0.0,0.0,0.0,0.0,0.0,0.0,0.0,0.0,0.0,0.0,0.0,0.0,0.0,0.0,0.0,0.0,0.0,0.0,0.0,0.0,0.0,0.0,0.0,0.0,0.0,0.0,0.0,0.0,0.0,0.0,0.0,0.0,0.0,0.0,0.0,0.0,0.0,0.0,0.0,0.0,27.84,80.04000000000003
0.0,0.0,0.0,0.0,0.0,0.0,0.0,0.0,0.0,0.0,0.0,0.0,0.0,0.0,0.0,0.0,0.0,0.0,0.0,0.0,0.0,0.0,0.0,0.0,0.0,0.0,0.0,0.0,0.0,0.0,0.0,0.0,0.0,0.0,0.0,0.0,0.0,0.0,0.0,0.0,0.0,0.0,0.0,0.0,0.0,0.0,0.0,0.0,0.0
0.0,80.04,27.83999999999999,80.03999999999999,80.04,80.03999999999999,80.04,27.84,27.839999999999996,27.83999999999999,27.83999999999999,27.84,27.839999999999996,27.83999999999999,27.84,27.839999999999996,80.03999999999999,27.83999999999999,27.839999999999996,80.03999999999999,27.839999999999996,27.83999999999999,80.04,27.839999999999996,27.84,27.83999999999999,27.839999999999996,27.83999999999999,27.83999999999999,27.83999999999999,27.83999999999999,80.04,27.83999999999999,27.840000000000003,27.839999999999996,27.839999999999996,27.839999999999996,27.839999999999996,80.04,80.04,27.83999999999999,27.83999999999999,80.03999999999999,80.03999999999999,80.03999999999999,27.839999999999996,80.03999999999999,27.839999999999975,80.04
0.0,80.04,27.83999999999999,80.04,80.03999999999999,80.04,80.04,27.839999999999996,27.83999999999999,27.839999999999996,27.83999999999999,27.839999999999996,27.83999999999999,27.839999999999996,27.839999999999996,27.83999999999999,80.03999999999999,27.839999999999996,27.83999999999999,80.04,27.83999999999999,27.83999999999999,80.03999999999999,27.839999999999996,27.839999999999996,27.840000000000003,27.839999999999996,27.83999999999999,27.83999999999999,27.840000000000003,27.83999999999999,80.04,27.840000000000003,27.83999999999999,27.839999999999996,27.839999999999996,27.84000000003134,27.839999999999996,80.03999999999999,80.03999999999999,27.839999999999996,27.83999999999999,80.03999999999999,80.03999999999999,80.03999999999999,27.839999999999996,80.03999999999999,27.839999999999975,80.04
0.0,80.03999999999999,27.83999999999999,80.03999999999999,80.04,80.04,80.04,27.83999999999999,27.840000000000003,27.83999999999999,27.839999999999996,27.83999999999999,27.839999999999996,27.839999999999996,27.83999999999999,27.83999999999999,80.03999999999999,27.83999999999999,27.83999999999999,80.04,27.839999999999996,27.83999999999999,80.04,27.839999999999996,27.839999999999996,27.83999999999999,27.839999999999996,27.839999999999996,27.83999999999999,27.839999999999996,27.83999999999999,80.04,27.83999999999999,27.839999999999975,27.839999999999996,27.839999999999996,27.839999999999996,27.83999999999999,80.04,80.03999999999999,27.839999999999996,27.839999999999996,80.03999999999999,80.04,80.03999999999999,27.839999999999996,80.04,27.839999999999975,80.04
0.0,80.04,27.83999999999999,80.04,80.03999999999999,80.04,80.03999999999999,27.83999999999999,27.83999999999999,27.83999999999999,27.83999999999999,27.83999999999999,27.83999999999999,27.83999999999999,27.83999999999999,27.839999999999996,80.03999999999999,27.840000000000003,27.83999999999999,80.04,27.839999999999996,27.83999999999999,80.03999999999999,27.83999999999999,27.83999999999999,27.839999999999996,27.839999999999996,27.83999999999999,27.83999999999999,27.839999999999996,27.83999999999999,80.04,27.839999999999975,27.83999999999999,27.83999999999999,27.839999999999996,27.839999999999996,27.83999999999999,80.04,80.03999999999999,27.83999999999999,27.83999999999999,80.03999999999999,80.04,80.04,27.839999999999996,80.03999999999999,27.83999999999999,80.04
0.0,80.04,80.0400000000711,80.04,80.03999999999999,80.04,80.03999999999999,27.83999999999999,27.83999999999999,27.839999999999996,27.839999999999996,27.839999999999996,27.83999999999999,27.83999999999999,27.83999999999999,27.83999999999999,38.65534888385865,27.83999999999999,27.83999999999999,80.03999999999999,27.839999999999996,27.83999999999999,27.83999999999999,80.04,27.83999999999999,0.0,0.0,0.0,0.0,0.0,0.0,0.0,0.0,0.0,0.0,80.04,27.83999999999999,27.839999999999996,80.03999999999999,80.04,27.83999999999999,27.83999999999999,80.03999999999999,80.04,80.03999999999999,27.83999999999999,80.04,27.840000000000003,80.03999999999999
0.0,80.04,80.04,80.04,80.03999999999999,80.04,80.03999999999999,27.83999999999999,27.839999999999996,27.839999999999996,27.839999999999996,27.83999999999999,27.83999999999999,27.83999999999999,27.83999999999999,27.83999999999999,80.04,27.83999999999999,27.83999999999999,80.03999999999999,27.839999999999996,27.839999999999996,65.25204309603313,27.83999999999999,27.83999999999999,27.83999999999999,27.83999999999999,36.481712717868305,27.83999999999999,80.04,27.83999999999999,27.83999999999999,27.83999999999999,27.83999999999999,27.83999999999999,27.83999999999999,27.83999999999999,27.839999999999996,80.04,80.04,27.839999999999996,27.83999999999999,80.03999999999999,80.04,80.04,27.840000000000003,80.03999999999999,27.83999999999999,80.03999999999999
0.0,80.04,80.04,80.04,80.04,80.03999999999999,80.03999999999999,27.839999999999996,27.839999999999975,27.839999999999996,27.83999999999999,27.83999999999999,27.83999999999999,27.83999999999999,27.83999999999999,27.83999999999999,27.83999999999999,27.83999999999999,27.83999999999999,80.04,27.839999999999996,27.839999999999996,27.83999999999999,27.83999999999999,27.83999999999999,0.0,0.0,0.0,0.0,0.0,0.0,0.0,0.0,0.0,0.0,0.0,0.0,27.83999999999999,80.04,80.04,27.83999999999999,27.83999999999999,80.04,80.04,80.04,27.839999999999996,80.04,27.83999999999999,80.03999999999999
0.0,0.0,0.0,0.0,0.0,0.0,0.0,0.0,0.0,0.0,0.0,0.0,0.0,0.0,0.0,0.0,0.0,0.0,0.0,0.0,0.0,0.0,0.0,0.0,0.0,0.0,0.0,0.0,0.0,0.0,0.0,0.0,0.0,0.0,0.0,0.0,0.0,80.04,80.04,80.04,80.04,80.04,80.04,80.04,80.04,80.04,80.04,0.0,0.0
0.0,0.0,0.0,0.0,0.0,0.0,0.0,0.0,0.0,0.0,0.0,0.0,0.0,0.0,0.0,0.0,0.0,0.0,0.0,0.0,0.0,0.0,0.0,27.83999999999999,27.83999999999999,27.83999999999999,27.83999999999999,27.83999999999999,27.83999999999999,27.83999999999999,27.83999999999999,27.83999999999999,27.83999999999999,27.83999999999999,27.83999999999999,27.83999999999999,27.840000000055056,80.04,80.04,80.04,80.04,80.04,80.04,80.04,80.04,80.04,80.04,0.0,0.0
0.0,27.83999999999999,27.83999999999999,27.83999999999999,27.840000000086548,27.83999999999999,0.0,0.0,0.0,0.0,0.0,0.0,0.0,0.0,0.0,0.0,0.0,0.0,0.0,0.0,0.0,0.0,0.0,0.0,0.0,0.0,0.0,0.0,0.0,0.0,0.0,0.0,0.0,0.0,0.0,0.0,0.0,80.04,80.04,80.04,80.04,80.04,80.04,80.04,80.04,80.04,80.04,0.0,0.0
0.0,27.83999999999999,27.83999999999999,27.83999999999999,27.83999999999999,27.83999999999999,27.83999999999999,27.83999999999999,27.83999999998389,27.83999999999999,27.83999999999999,27.83999999999999,50.40171271786831,27.83999999999999,27.83999999999999,0.0,0.0,0.0,0.0,0.0,0.0,0.0,0.0,0.0,0.0,0.0,0.0,0.0,0.0,0.0,0.0,0.0,0.0,0.0,0.0,0.0,27.83999999999999,80.04000000006617,80.04,80.04,80.03999999999998,80.04,80.04,80.04,80.04,80.04,80.04,80.04,80.04
0.0,0.0,0.0,0.0,0.0,0.0,0.0,0.0,0.0,0.0,0.0,0.0,80.04,27.839999999981274,27.83999999999999,27.83999999999999,27.83999999999999,27.83999999999999,27.83999999999999,27.83999999999999,27.840000000086775,27.83999999999999,42.62795690405365,0.0,0.0,0.0,0.0,0.0,0.0,0.0,0.0,0.0,0.0,0.0,80.04,27.83999999999999,27.83999999999999,80.04,80.04,80.04,80.04,80.04,80.04,80.04,48.9815139827855,80.04,27.83999999999999,80.04,80.04
0.0,0.0,0.0,0.0,0.0,0.0,0.0,0.0,0.0,0.0,0.0,0.0,0.0,0.0,0.0,0.0,0.0,0.0,0.0,0.0,0.0,0.0,0.0,0.0,0.0,0.0,0.0,0.0,27.83999999999999,27.83999999999999,27.83999999999999,27.83999999999999,27.83999999999999,27.83999999999999,80.04,48.92171271786846,27.83999999999999,80.04,80.04,80.04,80.04,80.04,80.04,80.04,80.04,80.04,80.04,0.0,0.0
0.0,0.0,0.0,0.0,27.83999999999999,27.83999999999999,27.83999999999999,27.83999999999999,27.83999999999999,27.83999999999999,27.83999999999999,27.83999999999999,27.83999999999999,27.83999999999999,27.83999999999999,27.83999999999999,0.0,0.0,0.0,0.0,0.0,0.0,0.0,0.0,0.0,0.0,0.0,0.0,0.0,0.0,0.0,0.0,0.0,0.0,27.83999999999999,27.83999999999999,27.83999999999999,80.04,80.04,80.04,80.04,27.840000000000003,80.04,80.04,80.04,27.839999999999996,80.04,34.00527943722392,80.04
0.0,0.0,27.840000000015607,27.83999999999999,27.83999999999999,27.83999999999999,27.83999999999999,27.83999999999999,27.83999999999999,27.83999999998491,27.83999999999999,27.839999999984798,0.0,0.0,0.0,0.0,0.0,0.0,0.0,0.0,0.0,0.0,0.0,0.0,0.0,0.0,0.0,0.0,0.0,0.0,0.0,0.0,0.0,0.0,0.0,0.0,0.0,80.04,80.04,80.04,80.04,80.04,80.04,80.04,80.04,80.04,27.83999999999999,80.04,80.04
0.0,27.839999999999996,80.04,80.04,80.04,80.04,80.04,27.839999999999996,27.839999999999996,27.839999999999996,27.83999999999999,27.839999999999996,27.839999999999996,27.83999999999999,27.83999999999999,27.839999999999996,80.04,27.83999999999999,27.83999999999999,80.04,27.83999999999999,27.83999999999999,80.03999999999999,0.0,0.0,0.0,0.0,0.0,0.0,0.0,0.0,0.0,0.0,27.840000000000003,27.83999999999999,27.839999999999996,27.839999999999996,27.83999999999999,60.22952417449674,80.04,27.83999999999999,27.839999999999996,80.04,80.04,27.839999999999996,27.839999999999996,80.04,27.839999999999975,80.04
0.0,27.839999999999996,80.03999999999999,80.03999999999999,27.83999999999999,80.04,27.83999999999999,27.839999999984343,27.83999999999999,27.83999999999999,27.840000000000003,27.83999999999999,27.839999999999996,27.83999999999999,0.0,0.0,0.0,0.0,0.0,0.0,0.0,0.0,0.0,0.0,27.83999999999999,27.83999999999999,80.04,80.04,27.83999999999999,27.83999999999999,27.83999999999999,80.04,80.04,27.83999999999999,60.32171271786844,27.83999999999999,27.83999999999999,27.83999999999999,27.84,80.04,27.83999999999999,27.83999999999999,80.04,80.04,27.83999999999999,27.839999999999996,80.04,27.840000000000003,80.04
0.0,27.83999999999999,27.83999999999999,80.04,27.839999999999996,80.04,80.03999999999999,27.839999999999996,27.839999999999996,27.83999999999999,27.83999999999999,27.83999999999999,27.839999999999996,27.83999999999999,27.839999999999996,27.839999999999996,80.04,27.83999999999999,27.840000000000003,80.04,27.839999999999996,27.839999999999996,80.03999999999999,27.83999999999999,0.0,0.0,0.0,0.0,0.0,0.0,0.0,0.0,0.0,0.0,0.0,27.83999999999999,27.83999999999999,27.83999999999999,27.839999999999996,80.04,27.83999999999999,27.839999999999996,80.04,80.04,27.839999999999996,27.839999999999996,80.04,27.839999999999975,80.04
0.0,0.0,0.0,0.0,0.0,27.83999999999999,27.83999999999999,27.83999999999999,27.83999999999999,27.83999999999999,27.83999999999999,27.83999999999999,27.83999999999999,27.83999999999999,27.83999999998207,0.0,0.0,0.0,0.0,0.0,0.0,0.0,0.0,0.0,0.0,27.83999999999999,51.0367127178683,80.04,27.83999999999999,27.83999999999999,27.83999999999999,80.04,80.04,27.83999999999999,27.83999999999999,0.0,0.0,0.0,0.0,0.0,0.0,0.0,0.0,0.0,0.0,0.0,0.0,0.0,0.0
0.0,0.0,0.0,0.0,0.0,0.0,0.0,27.83999999999999,27.83999999999999,27.83999999999999,27.83999999999999,27.83999999999999,27.83999999999999,27.83999999999999,27.83999999999999,27.83999999999999,27.83999999999999,0.0,0.0,0.0,0.0,0.0,0.0,0.0,0.0,0.0,0.0,0.0,33.00171271786914,80.04,27.83999999999999,33.39000000008687,33.39000000008676,27.83999999999999,27.83999999999999,27.83999999999999,27.83999999999999,80.04,80.04,80.03999999999998,0.0,0.0,0.0,0.0,0.0,0.0,0.0,0.0,0.0
0.0,224.88991003731223,0.0,0.0,0.0,0.0,0.0,0.0,0.0,0.0,0.0,0.0,0.0,0.0,0.0,0.0,0.0,0.0,0.0,0.0,0.0,0.0,0.0,0.0,0.0,0.0,0.0,0.0,0.0,0.0,0.0,0.0,0.0,394.9081904531281,281.85,481.85,281.85,481.85,481.85,394.5193750776375,194.5193750776375,194.45533867673294,394.45533867673294,481.85,481.85,481.85,281.85,0.0,0.0
0.0,0.0,0.0,0.0,0.0,0.0,0.0,0.0,0.0,0.0,0.0,0.0,0.0,0.0,0.0,0.0,0.0,0.0,0.0,0.0,0.0,0.0,0.0,0.0,0.0,0.0,0.0,0.0,481.85,481.85,481.85,481.85,481.85,481.85,481.85,367.6,167.6,367.6,194.64744787944664,394.64744787944664,481.85,481.85,281.85,281.85,481.85,481.85,481.85,0.0,0.0
0.0,0.0,0.0,0.0,0.0,0.0,0.0,0.0,0.0,0.0,0.0,0.0,0.0,0.0,0.0,0.0,0.0,0.0,0.0,0.0,0.0,0.0,0.0,0.0,0.0,0.0,0.0,0.0,481.85,481.85,481.85,481.85,481.85,481.85,281.85,423.2114842803512,223.21148428035124,423.2114842803512,481.85,481.85,481.85,481.85,481.85,394.32726587492425,281.9140364009047,481.85,481.85,0.0,0.0
0.0,0.0,0.0,0.0,0.0,0.0,0.0,0.0,0.0,0.0,0.0,0.0,0.0,0.0,0.0,0.0,0.0,0.0,0.0,0.0,0.0,0.0,0.0,0.0,0.0,481.85,481.85,481.85,481.85,481.85,481.85,481.85,481.85,281.85,304.9362169466333,367.6,167.6,367.6,481.85,369.1165885214582,481.85,481.85,481.785963599096,481.85,394.1991930731151,194.1991930731151,394.13515667221054,0.0,0.0
0.0,126.0,326.0,326.0,126.0,326.0,326.0,126.0,126.0,0.0,0.0,0.0,0.0,0.0,0.0,0.0,0.0,0.0,0.0,0.0,0.0,126.0,126.0,126.0,362.25,126.0,126.0,126.0,126.0,126.0,126.0,326.0,126.0,126.0,126.0,126.0,126.0,126.0,126.0,362.25,126.0,126.0,362.25,362.25,126.0,126.0,362.25,0.0,0.0
0.0,126.0,0.0,0.0,0.0,0.0,0.0,0.0,0.0,0.0,0.0,0.0,0.0,0.0,0.0,0.0,0.0,0.0,0.0,0.0,0.0,0.0,0.0,0.0,0.0,0.0,0.0,0.0,126.0,126.0,126.0,326.0,126.0,126.0,126.0,126.0,126.0,126.0,126.0,362.25,126.0,126.0,362.25,362.25,126.0,126.0,362.25,0.0,0.0
0.0,0.0,0.0,0.0,0.0,0.0,0.0,0.0,0.0,0.0,0.0,0.0,0.0,0.0,0.0,0.0,0.0,0.0,0.0,0.0,0.0,0.0,0.0,0.0,0.0,0.0,0.0,0.0,0.0,0.0,0.0,0.0,0.0,0.0,0.0,126.0,126.0,162.25,362.25,362.25,362.25,259.42738990948965,276.60964734039413,126.0,126.0,0.0,0.0,0.0,0.0
0.0,0.0,0.0,0.0,0.0,0.0,0.0,0.0,0.0,0.0,0.0,0.0,0.0,0.0,0.0,0.0,0.0,0.0,0.0,0.0,0.0,0.0,0.0,0.0,0.0,0.0,0.0,0.0,0.0,0.0,0.0,0.0,0.0,0.0,0.0,126.0,126.0,162.25,362.25,362.25,362.25,162.25,126.0,126.0,126.0,0.0,0.0,0.0,0.0
0.0,215.5049761132251,156.5,356.5,356.5,0.0,0.0,0.0,0.0,0.0,0.0,0.0,0.0,0.0,0.0,0.0,0.0,0.0,0.0,0.0,0.0,0.0,0.0,0.0,0.0,0.0,124.0,124.0,124.0,124.0,124.0,124.0,130.74686050779766,130.74686050779766,123.99999999999997,124.0,124.0,137.11472806075807,337.11472806075807,356.5,356.5,156.5,124.0,324.0,124.0,124.0,324.0,0.0,0.0
0.0,0.0,0.0,0.0,0.0,0.0,0.0,0.0,0.0,0.0,0.0,0.0,0.0,0.0,0.0,0.0,0.0,0.0,0.0,0.0,0.0,0.0,0.0,0.0,0.0,0.0,0.0,0.0,0.0,0.0,0.0,0.0,0.0,0.0,0.0,0.0,0.0,0.0,0.0,0.0,205.45385080817118,172.95385080817118,145.70166916542382,124.0,124.0,278.70232810252537,326.7023281025255,356.5,251.96288533459958
0.0,0.0,0.0,0.0,0.0,0.0,0.0,0.0,0.0,0.0,0.0,0.0,0.0,0.0,0.0,0.0,0.0,0.0,0.0,0.0,0.0,0.0,0.0,0.0,0.0,0.0,0.0,0.0,0.0,0.0,0.0,0.0,0.0,0.0,124.0,124.0,124.0,156.5,356.5,245.75497195993523,124.0,156.5,356.5,210.70166916542382,317.68784686848846,124.0,0.0,0.0,0.0
0.0,124.0,183.00497611316683,0.0,0.0,0.0,0.0,0.0,0.0,0.0,0.0,0.0,0.0,0.0,0.0,0.0,0.0,0.0,0.0,0.0,0.0,0.0,0.0,0.0,0.0,0.0,0.0,0.0,0.0,0.0,0.0,0.0,0.0,0.0,0.0,0.0,124.0,124.0,324.0,356.5,156.5,356.5,356.5,324.0,124.0,124.0,0.0,0.0,0.0
0.0,0.0,0.0,0.0,0.0,0.0,0.0,0.0,0.0,0.0,0.0,0.0,0.0,0.0,0.0,0.0,0.0,0.0,0.0,0.0,0.0,0.0,0.0,0.0,0.0,0.0,0.0,0.0,0.0,0.0,0.0,0.0,0.0,0.0,408.25,308.5423115642982,408.25,243.26923372543592,408.25,408.25,251.0583379137954,371.73663915983434,238.0053193878001,142.0,0.0,0.0,0.0,0.0,0.0
0.0,0.0,0.0,0.0,0.0,0.0,0.0,0.0,0.0,0.0,0.0,0.0,0.0,0.0,0.0,0.0,0.0,0.0,0.0,0.0,0.0,0.0,0.0,0.0,0.0,0.0,0.0,0.0,0.0,0.0,0.0,0.0,0.0,0.0,0.0,408.25,408.25,408.25,283.14644689791794,408.25,142.0,163.68278502059476,363.6827850205948,163.6827850205948,273.1576036769375,0.0,0.0,0.0,0.0
0.0,0.0,0.0,0.0,0.0,0.0,0.0,0.0,0.0,0.0,0.0,0.0,0.0,0.0,0.0,0.0,0.0,0.0,0.0,0.0,0.0,0.0,0.0,0.0,0.0,0.0,0.0,0.0,0.0,0.0,0.0,266.70509648590223,408.25,408.25,408.25,342.0,142.0,208.25,408.25,408.25,408.25,0.0,0.0,0.0,0.0,0.0,0.0,0.0,0.0
0.0,0.0,0.0,0.0,0.0,0.0,0.0,0.0,0.0,0.0,0.0,0.0,0.0,0.0,0.0,0.0,0.0,0.0,0.0,0.0,0.0,0.0,0.0,0.0,0.0,0.0,0.0,0.0,0.0,0.0,0.0,0.0,0.0,0.0,408.25,408.25,309.55265322264836,408.25,408.25,408.25,208.25,408.25,342.0,142.0,0.0,0.0,0.0,0.0,0.0
0.0,72.8,72.8,0.0,0.0,0.0,0.0,0.0,0.0,0.0,0.0,0.0,0.0,0.0,0.0,0.0,0.0,0.0,0.0,0.0,0.0,0.0,0.0,0.0,0.0,0.0,0.0,0.0,0.0,0.0,0.0,0.0,0.0,0.0,0.0,0.0,0.0,0.0,0.0,0.0,0.0,0.0,0.0,0.0,0.0,0.0,0.0,0.0,0.0
0.0,72.8,72.8,0.0,0.0,0.0,0.0,0.0,0.0,0.0,0.0,0.0,0.0,0.0,0.0,0.0,0.0,0.0,0.0,0.0,0.0,0.0,0.0,0.0,0.0,0.0,0.0,0.0,0.0,0.0,0.0,0.0,0.0,0.0,0.0,209.3,209.3,209.3,209.30000000000013,209.30000000000013,209.3,209.3,209.3,209.3,209.3,0.0,0.0,0.0,0.0
0.0,72.8,72.8,0.0,0.0,0.0,0.0,0.0,0.0,0.0,0.0,0.0,0.0,0.0,0.0,0.0,0.0,0.0,0.0,0.0,0.0,0.0,0.0,0.0,0.0,0.0,0.0,0.0,0.0,0.0,0.0,0.0,0.0,0.0,0.0,0.0,209.3,209.3,209.3,209.3,209.3,209.3,209.3,209.3,209.3,105.14044919546052,0.0,0.0,0.0
0.0,117.32731129818013,117.32731129818013,0.0,0.0,0.0,0.0,0.0,0.0,0.0,0.0,0.0,0.0,0.0,0.0,0.0,0.0,0.0,0.0,0.0,0.0,0.0,0.0,0.0,0.0,0.0,0.0,0.0,0.0,0.0,0.0,0.0,0.0,0.0,0.0,0.0,209.30000000000013,209.3,209.3,209.3,209.30000000000013,209.3,209.3,209.3,209.30000000000018,209.3,0.0,0.0,0.0
0.0,0.0,0.0,0.0,0.0,0.0,0.0,0.0,0.0,0.0,0.0,0.0,0.0,0.0,0.0,0.0,0.0,0.0,0.0,0.0,0.0,0.0,0.0,0.0,0.0,0.0,0.0,0.0,0.0,0.0,0.0,0.0,0.0,0.0,0.0,0.0,0.0,0.0,0.0,0.0,0.0,0.0,0.0,0.0,0.0,0.0,201.25,201.25,70.0
0.0,0.0,0.0,0.0,0.0,0.0,0.0,0.0,0.0,0.0,0.0,0.0,0.0,0.0,0.0,0.0,0.0,0.0,0.0,0.0,0.0,0.0,0.0,0.0,0.0,0.0,0.0,0.0,0.0,0.0,70.0,70.0,196.95907641205545,196.95907641205545,201.25,171.31410956285544,201.25,201.2500000000001,201.25,201.25,201.25,0.0,0.0,0.0,0.0,0.0,0.0,0.0,0.0
0.0,32.8,32.8,32.8,32.8,32.8,32.8,32.8,32.8,0.0,0.0,0.0,0.0,0.0,0.0,0.0,0.0,0.0,0.0,0.0,0.0,0.0,0.0,0.0,0.0,0.0,0.0,0.0,0.0,0.0,0.0,0.0,83.89596398861687,69.65534905963975,32.8,32.8,32.8,61.89660845645726,94.3,32.8,36.8337215458842,94.3,32.8,36.824218261644674,32.8,0.0,0.0,0.0,0.0
0.0,0.0,0.0,0.0,0.0,0.0,0.0,0.0,0.0,0.0,0.0,0.0,0.0,0.0,0.0,0.0,0.0,0.0,0.0,0.0,0.0,0.0,0.0,0.0,0.0,0.0,0.0,0.0,0.0,0.0,0.0,0.0,0.0,0.0,36.852926768255756,36.85050447687179,61.8999183776461,32.8,57.082172016502696,36.83614383726818,32.8,38.45015676114441,36.82664055302867,32.8,0.0,0.0,0.0,0.0,0.0
0.0,34.5,34.5,0.0,0.0,0.0,0.0,0.0,0.0,0.0,0.0,0.0,0.0,0.0,0.0,0.0,0.0,0.0,0.0,0.0,0.0,0.0,0.0,0.0,0.0,0.0,0.0,12.0,12.0,12.0,12.0,12.0,12.0,12.0,34.5,34.5,34.5,12.0,34.5,34.5,34.5,12.0,12.0,34.5,34.5,34.5,0.0,0.0,0.0
0.0,34.5,34.5,12.0,12.0,12.0,12.0,31.87231017034081,12.0,12.0,12.0,0.0,0.0,0.0,0.0,0.0,0.0,0.0,0.0,0.0,0.0,0.0,0.0,0.0,0.0,0.0,0.0,0.0,0.0,0.0,0.0,12.0,12.0,12.0,12.0,34.5,12.0,34.5,34.5,34.5,34.5,34.5,34.5,34.5,0.0,0.0,0.0,0.0,0.0
0.0,34.5,34.5,12.0,12.0,12.0,12.0,12.0,12.0,12.0,12.0,0.0,0.0,0.0,0.0,0.0,0.0,0.0,0.0,0.0,0.0,0.0,0.0,0.0,0.0,0.0,0.0,0.0,0.0,0.0,0.0,0.0,0.0,0.0,34.5,12.0,34.5,34.5,34.5,34.5,34.5,34.5,34.5,34.5,12.0,0.0,0.0,0.0,0.0
0.0,0.0,0.0,0.0,0.0,0.0,0.0,0.0,0.0,0.0,0.0,0.0,0.0,0.0,0.0,0.0,0.0,0.0,0.0,0.0,12.0,34.5,34.5,34.5,14.838038605454855,14.838038605454855,12.0,12.0,12.0,12.0,12.0,12.0,12.0,12.0,34.5,19.123997575776116,12.0,19.123997575776116,34.5,34.5,34.5,19.123997575776116,19.123997575776116,34.5,34.5,34.5,12.0,0.0,0.0
0.0,12.0,12.000000000071115,34.5,12.0,34.5,34.5,12.0,12.0,12.0,12.0,12.0,12.0,12.0,12.0,12.0,34.5,12.0,34.5,34.5,12.0,12.0,12.0,12.0,12.0,12.0,12.0,12.0,12.0,12.0,12.0,12.0,12.0,12.0,12.0,12.0,12.0,12.0,12.0,34.5,12.0,12.0,34.5,34.5,12.0,12.0,34.5,12.0,34.5
0.0,34.5,34.5,31.862770057485093,31.865154885559377,31.8675399449033,12.0,12.0,31.874694516440726,12.0,12.0,12.0,0.0,0.0,0.0,0.0,0.0,0.0,0.0,0.0,0.0,0.0,0.0,0.0,34.5,34.5,14.838038605454855,12.0,25.338038605454855,12.0,25.338038605454855,12.0,12.0,12.0,34.5,12.0,19.123997575776116,34.5,34.5,34.5,34.5,34.5,34.5,34.5,34.5,34.5,21.49589213644454,0.0,0.0
0.0,50.0,50.0,143.75,50.0,0.0,0.0,0.0,0.0,0.0,0.0,0.0,0.0,0.0,0.0,0.0,0.0,0.0,0.0,0.0,0.0,0.0,0.0,50.0,50.0,50.0,50.0,50.0,59.82483218402083,59.82483218402083,50.0,50.0,50.0,50.0,50.0,143.75,50.0,50.0,50.0,143.75,50.0,50.0,143.75,143.75,50.0,50.0,143.75,50.0,143.75
0.0,0.0,0.0,0.0,0.0,0.0,0.0,0.0,0.0,0.0,0.0,0.0,0.0,0.0,0.0,0.0,0.0,0.0,0.0,0.0,0.0,0.0,0.0,0.0,0.0,0.0,0.0,0.0,0.0,0.0,0.0,0.0,0.0,0.0,0.0,0.0,0.0,0.0,0.0,0.0,0.0,0.0,0.0,0.0,0.0,0.0,0.0,0.0,0.0
0.0,143.75,143.75,143.75,143.75,66.19452298371601,66.19686829777154,66.19921383926481,66.20155939169508,66.20390502723232,66.20624986729928,0.0,0.0,0.0,0.0,0.0,0.0,0.0,0.0,0.0,0.0,0.0,0.0,0.0,0.0,0.0,0.0,0.0,0.0,0.0,0.0,0.0,0.0,0.0,0.0,0.0,0.0,0.0,0.0,0.0,0.0,0.0,0.0,0.0,0.0,0.0,0.0,0.0,0.0
0.0,0.0,0.0,0.0,0.0,0.0,0.0,0.0,0.0,0.0,0.0,0.0,0.0,0.0,0.0,0.0,0.0,0.0,0.0,0.0,0.0,0.0,0.0,0.0,0.0,0.0,0.0,0.0,0.0,0.0,0.0,0.0,0.0,0.0,0.0,0.0,0.0,0.0,0.0,0.0,0.0,0.0,0.0,0.0,0.0,0.0,0.0,0.0,0.0
0.0,56.94436057874975,56.94436057874975,55.60474163105722,55.60474163100487,56.94436057883706,56.94436057895348,0.0,0.0,0.0,0.0,0.0,0.0,0.0,0.0,0.0,0.0,0.0,0.0,0.0,0.0,0.0,0.0,0.0,0.0,0.0,0.0,0.0,0.0,0.0,0.0,0.0,0.0,0.0,0.0,0.0,0.0,0.0,0.0,0.0,0.0,34.673502374727086,56.14257208047134,25.0,71.875,34.673502374727086,25.0,71.875,34.673502374727086
0.0,25.0,25.0,71.875,25.0,71.875,71.875,25.0,25.0,25.0,25.0,25.0,25.0,25.0,25.0,0.0,0.0,0.0,0.0,0.0,0.0,0.0,0.0,0.0,0.0,24.999999999999986,24.999999999999986,24.999999999999986,24.999999999999986,24.999999999999986,24.999999999999986,24.999999999999986,24.999999999999986,24.999999999999986,24.999999999999986,24.999999999999986,24.999999999999986,24.999999999999986,25.0,71.875,25.0,25.0,71.875,71.875,25.0,25.0,71.875,25.0,71.875
0.0,49.795,49.795,49.795,49.795,49.795,49.795,46.20867109796498,46.2156067304542,0.0,0.0,0.0,0.0,0.0,0.0,0.0,0.0,0.0,0.0,46.43776172323089,49.795,46.449811533495904,49.795,49.795,46.46879697625016,46.47573260873938,49.795,46.48960387371778,49.795,46.50347513869619,49.795,46.51734640367462,49.795,49.795,46.53815330114227,49.795,49.795,49.795,46.53166226047932,46.53059022985403,49.795,49.795,49.795,49.795,46.562151239274186,49.795,46.57602250425262,46.58295813674181,46.589893769231
0.0,49.795,49.795,49.795,46.18786420049739,49.795,49.795,49.795,49.795,21.02457163450204,49.795,49.795,49.795,17.32,17.320000000000004,17.320000000000004,49.795,17.320000000000004,49.795,49.795,46.44469735572008,49.795,46.45492571127173,49.795,49.795,49.795,49.795,49.795,49.795,49.795,49.795,49.795,46.52428203616384,46.531217668653056,49.795,49.795,49.795,46.534507648167164,49.795,49.795,49.795,46.541344341806536,49.795,49.795,49.795,49.795,49.795,49.795,49.795
0.0,46.16705730302971,46.17399293551895,46.18092856800817,49.795,46.194799832986604,46.20173546547579,49.795,49.795,49.795,49.795,49.795,49.795,17.320000000000007,17.32,17.32,49.795,17.32,49.795,49.795,49.795,49.795,49.795,46.461861343760944,49.795,49.795,46.482668241228595,49.795,46.49653950620697,49.795,46.510410771185406,49.795,49.795,49.795,49.795,46.54019842354293,46.53735303585506,49.795,49.795,49.795,46.53440870931732,49.795,46.54827997429575,46.55521560678497,49.795,46.5690868717634,49.795,49.795,49.795
0.0,57.5,20.0,20.0,20.0,20.0,0.0,0.0,0.0,0.0,0.0,0.0,0.0,0.0,0.0,0.0,0.0,0.0,0.0,0.0,57.5,55.05400038243067,55.008143666908225,57.5,54.93860905364136,57.5,54.96694414979265,54.986204607311976,54.96851546471143,54.94064050323229,57.5,57.5,57.5,57.5,54.93813316617063,57.5,54.96951682646866,57.5,57.5,57.5,54.95897497721376,57.5,54.997495892245524,55.01675634976141,57.5,57.5,55.07453772230906,57.5,57.5
0.0,54.035069761395704,20.0,20.0,20.0,20.0,20.0,20.0,20.0,20.0,20.0,20.0,57.5,20.0,20.0,20.0,20.0,20.0,36.60757445785122,57.5,55.099801889695584,57.5,57.5,54.96218306300477,57.5,54.94768369228021,57.5,57.5,57.5,57.5,54.93952932299098,54.93841814274968,54.93730696250839,54.93619578226708,57.5,54.95025636895278,57.5,54.98877728398455,54.96424590184121,54.93971451969787,57.5,54.97823543472964,57.5,57.5,55.03601680727729,55.055277264793176,57.5,55.093798179824944,55.11305863734083
0.0,26.0,26.0,65.60082939527177,74.75,74.75,74.75,26.0,26.0,66.00391004961574,65.91470948555929,65.75915606391877,0.0,0.0,0.0,0.0,0.0,0.0,0.0,0.0,0.0,0.0,45.86023269297972,66.58306594203847,74.75,74.75,39.96915303470007,45.86023269297972,45.86023269297972,74.75,74.75,74.75,74.75,74.75,66.45055686845393,66.36135630439745,26.0,74.75,66.61105499283548,74.75,66.61105499283548,66.59488240067273,74.75,74.75,74.75,66.26650783431234,74.75,0.0,0.0
0.0,70.95761729850558,26.0,74.75,26.04276312545592,65.5924566325744,44.79703405069037,26.0,45.167712415724665,74.75,74.75,74.75,74.75,74.75,74.75,26.0,74.75,74.75,74.75,74.75,74.75,74.75,74.75,74.75,66.51047660921321,66.42127604515673,26.0,74.75,74.75,45.86023269297972,45.86023269297972,45.86023269297972,52.05750036201121,66.53975743251038,74.75,74.75,26.0,66.61105499283548,74.75,66.61105499283548,74.75,74.75,66.53410952648176,66.4449089624253,66.35570839836882,74.75,66.17730727025588,74.75,54.6698382973935
0.0,170.0,170.0,470.0,170.0,470.0,488.75,170.0,170.0,170.0,170.0,170.0,170.0,170.0,170.0,170.0,209.7056999827933,170.0,488.75,488.75,170.0,170.0,170.0,170.0,488.75,170.0,170.0,170.0,170.0,170.0,170.0,0.0,0.0,0.0,0.0,0.0,0.0,0.0,0.0,0.0,0.0,0.0,0.0,0.0,0.0,0.0,0.0,0.0,0.0
0.0,0.0,0.0,0.0,0.0,0.0,0.0,0.0,0.0,0.0,0.0,0.0,0.0,0.0,0.0,0.0,0.0,0.0,0.0,0.0,0.0,170.0,170.0,170.0,470.0,170.0,170.0,243.9496202056955,470.0000000000001,278.23968148141665,488.75,0.0,0.0,0.0,0.0,0.0,0.0,0.0,0.0,0.0,0.0,0.0,0.0,0.0,0.0,0.0,0.0,0.0,0.0
0.0,0.0,0.0,0.0,0.0,0.0,0.0,0.0,0.0,0.0,0.0,0.0,0.0,0.0,0.0,0.0,0.0,0.0,0.0,0.0,0.0,170.0,170.0,339.42304929051033,188.75,488.75,488.75,488.75,188.75,488.75,221.90103324072766,0.0,0.0,0.0,0.0,0.0,0.0,0.0,0.0,0.0,0.0,0.0,0.0,0.0,0.0,0.0,0.0,0.0,0.0
0.0,78.38550186444945,78.38550186444945,78.38550186444945,78.38550186444945,78.38550186444945,78.38550186444945,97.60118495621782,88.04010666702283,88.04066367004008,88.04122067990656,88.04177769662239,97.60408758218233,172.5,88.04571397619202,0.0,0.0,0.0,0.0,0.0,0.0,0.0,0.0,0.0,0.0,72.98214117636536,60.0,92.19297797676052,60.0,117.15812932048584,172.5,172.5,172.5,117.15812932048584,117.15812932048584,117.158129320495,172.5,0.0,0.0,0.0,0.0,0.0,0.0,0.0,0.0,0.0,0.0,0.0,0.0
0.0,60.0,60.0,60.0,60.0,60.0,60.0,0.0,0.0,0.0,0.0,0.0,0.0,0.0,0.0,0.0,0.0,88.04738521264727,172.5,172.5,88.05114805726485,88.05170519605404,88.05226234169417,88.05281949418531,97.61512951552223,172.5,125.23033710191643,172.5,60.0,172.5,172.5,117.158129320495,172.5,172.5,172.5,172.5,117.158129320495,0.0,0.0,0.0,0.0,0.0,0.0,0.0,0.0,0.0,0.0,0.0,0.0
0.0,0.0,0.0,0.0,0.0,0.0,0.0,0.0,0.0,0.0,0.0,0.0,0.0,0.0,0.0,0.0,0.0,0.0,0.0,0.0,0.0,0.0,0.0,0.0,0.0,0.0,0.0,0.0,144.69562087895298,172.5,117.158129320495,172.5,117.158129320495,172.5,172.5,172.5,172.5,86.67809225002969,0.0,0.0,0.0,0.0,0.0,0.0,0.0,0.0,0.0,0.0,0.0
0.0,74.12703482533158,74.12703482532565,74.12703482532565,74.12703482532565,74.12703482532565,74.12703482532565,75.67595794109533,75.67595794109533,75.67595794109533,75.67595794109533,75.67595794109533,75.67595794109533,54.35129509664766,49.352148699143555,0.0,0.0,0.0,0.0,0.0,0.0,0.0,0.0,0.0,0.0,0.0,0.0,0.0,49.358504467332494,49.3587957824734,54.35858620872758,133.6156498627574,100.66951119416795,139.84,139.84,114.13743905633376,114.13743905633888,114.13743905633888,114.13743905633376,114.13743905633376,114.13743905633376,114.13743905633888,114.13743905633888,0.0,0.0,0.0,0.0,0.0,0.0
0.0,0.0,0.0,0.0,0.0,0.0,0.0,0.0,0.0,0.0,0.0,0.0,0.0,0.0,0.0,49.35243993612989,49.352731176697446,49.35302242084629,54.352812776107534,139.84,49.355080560863016,49.35537183390138,49.35566311052143,49.35595439072319,93.70846732335895,0.0,0.0,0.0,0.0,0.0,0.0,0.0,0.0,0.0,0.0,139.84,139.84,139.84,139.84,139.84,139.84,139.84,139.84,48.64,48.64,0.0,0.0,0.0,0.0
0.0,0.0,0.0,0.0,0.0,0.0,0.0,0.0,0.0,0.0,0.0,0.0,0.0,0.0,0.0,0.0,0.0,0.0,0.0,0.0,0.0,0.0,0.0,0.0,0.0,0.0,0.0,0.0,0.0,0.0,0.0,0.0,0.0,0.0,0.0,0.0,0.0,0.0,0.0,0.0,0.0,0.0,0.0,0.0,0.0,0.0,0.0,0.0,0.0
0.0,0.0,0.0,0.0,0.0,0.0,0.0,0.0,0.0,0.0,0.0,0.0,0.0,0.0,0.0,0.0,0.0,0.0,0.0,0.0,0.0,0.0,0.0,0.0,0.0,0.0,0.0,0.0,0.0,0.0,0.0,0.0,0.0,0.0,0.0,0.0,0.0,0.0,0.0,0.0,0.0,0.0,0.0,0.0,0.0,0.0,0.0,0.0,0.0
0.0,0.0,0.0,0.0,0.0,0.0,0.0,0.0,0.0,0.0,0.0,0.0,0.0,0.0,0.0,0.0,0.0,0.0,0.0,0.0,0.0,0.0,0.0,0.0,0.0,0.0,0.0,0.0,0.0,0.0,0.0,0.0,0.0,0.0,0.0,0.0,0.0,0.0,0.0,0.0,0.0,0.0,0.0,0.0,0.0,0.0,0.0,0.0,0.0
0.0,0.0,0.0,0.0,0.0,0.0,0.0,0.0,0.0,0.0,0.0,0.0,0.0,0.0,0.0,0.0,0.0,0.0,0.0,0.0,0.0,0.0,0.0,0.0,0.0,0.0,0.0,0.0,0.0,0.0,0.0,0.0,0.0,0.0,0.0,0.0,0.0,0.0,0.0,0.0,0.0,0.0,0.0,0.0,0.0,0.0,0.0,0.0,0.0
0.0,72.19999999999999,72.19999999999999,198.06262387470093,72.19999999999999,198.06262387470093,198.06262387470093,72.19999999999999,72.19999999999999,72.19999999999999,72.19999999999999,72.19999999999999,72.19999999999999,72.19999999999999,72.19999999999999,72.19999999999999,72.19999999999999,72.19999999999999,198.06262387470093,198.06262387470093,72.19999999999999,72.19999999999999,72.19999999999999,72.19999999999999,198.06262387470093,72.19999999999999,72.2,72.2,72.2,72.2,72.2,72.2,72.2,72.2,72.2,72.2,72.2,72.19999999999999,72.19999999999999,198.06262387470093,72.19999999999999,198.06262387470093,198.06262387470093,198.06262387470093,72.19999999999999,72.19999999999999,198.06262387470093,72.19999999999999,198.06262387470093
0.0,0.0,0.0,0.0,0.0,0.0,0.0,0.0,0.0,0.0,0.0,0.0,0.0,0.0,0.0,0.0,0.0,0.0,0.0,0.0,0.0,0.0,0.0,0.0,0.0,0.0,0.0,0.0,0.0,0.0,0.0,0.0,0.0,0.0,0.0,0.0,0.0,0.0,0.0,0.0,0.0,0.0,0.0,0.0,0.0,0.0,0.0,0.0,0.0
0.0,0.0,0.0,0.0,0.0,0.0,0.0,0.0,0.0,0.0,0.0,0.0,0.0,0.0,0.0,0.0,0.0,0.0,0.0,0.0,0.0,0.0,0.0,0.0,0.0,0.0,0.0,0.0,0.0,0.0,0.0,0.0,0.0,0.0,0.0,0.0,0.0,0.0,0.0,0.0,0.0,0.0,0.0,0.0,0.0,0.0,0.0,0.0,0.0
0.0,72.2,72.2,72.2,72.2,207.575,207.575,72.2,72.2,72.2,72.2,72.2,72.2,72.2,72.2,72.2,72.2,72.2,207.575,207.575,207.575,72.2,72.2,72.2,207.575,72.2,72.2,72.2,72.2,72.2,72.2,72.2,72.2,72.2,72.2,72.2,72.2,72.2,72.2,207.575,72.2,207.575,207.575,207.575,72.2,72.2,207.575,207.575,207.575
0.0,86.3686188851396,86.3686188851396,86.3686188851396,86.3686188851396,86.3686188851396,86.3686188851396,86.3686188851396,86.3686188851396,86.3686188851405,86.3686188851396,86.3686188851396,86.3686188851396,86.3686188851396,86.3686188851396,86.3686188851396,86.3686188851396,86.3686188851396,136.3686188851396,86.3686188851396,136.3686188851396,86.3686188851396,86.3686188851396,86.3686188851396,86.3686188851396,86.3686188851396,86.3686188851396,86.3686188851396,86.3686188851396,86.3686188851396,86.3686188851396,86.3686188851396,86.3686188851396,86.3686188851396,86.3686188851396,86.3686188851396,86.3686188851396,88.29361888513955,138.29361888513955,131.3740079732048,156.285,106.285,86.3686188851396,86.3686188851396,86.3686188851396,86.3686188851396,86.3686188851396,86.3686188851396,86.3686188851396
0.0,156.285,156.285,156.285,156.285,156.285,156.285,156.285,156.285,156.285,156.285,156.285,156.285,156.285,156.285,156.285,156.285,156.285,156.285,106.285,156.285,156.285,156.285,156.285,156.285,156.285,156.285,156.285,156.285,156.285,156.285,156.285,156.285,156.285,156.285,156.285,156.285,156.285,156.285,106.285,156.285,156.285,156.285,156.285,156.285,156.285,156.285,156.285,156.285
0.0,156.285,156.285,156.285,156.285,156.285,156.285,156.285,156.285,156.285,156.285,156.285,156.285,156.285,156.285,156.285,156.285,156.285,156.285,106.285,156.285,156.285,156.285,156.285,156.285,156.285,156.285,156.285,156.285,156.285,156.285,156.285,156.285,156.285,156.285,156.285,156.285,156.285,156.285,156.285,156.285,156.285,156.285,156.285,156.285,156.285,156.285,156.285,156.285
0.0,156.285,156.285,156.285,156.285,156.285,156.285,156.285,156.285,156.285,156.285,156.285,156.285,156.285,156.285,156.285,156.285,156.285,156.285,106.285,156.285,156.285,156.285,156.285,156.285,156.285,156.285,156.285,156.285,156.285,156.285,156.285,156.285,156.285,156.285,156.285,156.285,156.285,156.285,106.285,156.285,156.285,156.285,156.285,156.285,156.285,156.285,156.285,156.285
0.0,156.285,156.285,156.285,156.285,156.285,156.285,156.285,156.285,156.285,156.285,156.285,156.285,156.285,156.285,156.285,156.285,156.285,156.285,106.285,156.285,156.285,156.285,156.285,156.285,156.285,156.285,156.285,156.285,156.285,156.285,156.285,156.285,156.285,156.285,156.285,156.285,154.36,104.36,54.36,88.2936188851396,138.2936188851396,156.285,156.285,156.285,156.285,156.285,156.285,156.285
0.0,156.285,156.285,156.285,156.285,156.285,156.285,156.285,156.285,156.285,156.285,156.285,156.285,156.285,156.285,156.285,156.285,156.285,156.28500000000003,106.28500000000003,156.28500000000003,156.285,156.285,156.285,156.285,156.285,156.285,156.285,156.285,156.285,156.285,156.285,156.285,156.285,156.285,156.285,156.285,156.285,156.285,106.285,156.285,156.285,156.285,156.285,156.285,156.285,156.285,156.285,156.285
0.0,56.285,56.285,56.285,56.285,156.285,156.285,56.285,56.285,56.285,56.285,56.285,56.285,56.285,56.285,56.285,56.285,56.285,156.285,154.36,56.285,56.285,56.285,56.285,156.285,56.285,56.285,56.285,56.285,56.285,56.285,56.285,56.285,56.285,56.285,56.285,56.285,56.285000000000025,56.285,156.285,54.36,54.36,156.285,156.285,56.285,56.285,156.285,56.285,156.285
0.0,156.285,156.285,156.285,156.285,156.285,156.285,156.285,156.285,156.285,156.285,156.285,156.285,156.285,156.285,156.285,156.285,156.285,106.285,56.285,106.285,156.285,156.285,156.285,156.285,156.285,156.285,156.285,156.285,156.285,156.285,156.285,156.285,156.285,156.285,156.285,156.285,156.285,156.285,106.285,156.285,156.285,156.285,156.285,156.285,156.285,156.285,156.285,156.285
0.0,20.474867924868764,20.507742490761583,20.54061705665447,20.573491622547294,20.60636618844012,20.639240754332945,20.672115320225657,20.704989886118483,20.737864452011195,20.77073901790402,20.803613583796732,9.0,20.86936271558227,20.902237281475095,20.935111847367807,20.967986413260633,21.000860979153458,9.0,0.0,0.0,0.0,0.0,0.0,0.0,0.0,0.0,0.0,0.0,0.0,0.0,0.0,0.0,0.0,0.0,0.0,0.0,0.0,0.0,0.0,0.0,0.0,0.0,0.0,0.0,0.0,0.0,0.0,0.0
0.0,0.0,0.0,0.0,0.0,0.0,0.0,0.0,0.0,0.0,0.0,0.0,0.0,0.0,0.0,0.0,0.0,0.0,0.0,0.0,0.0,0.0,0.0,0.0,0.0,0.0,0.0,0.0,0.0,0.0,0.0,0.0,0.0,0.0,0.0,0.0,0.0,0.0,0.0,0.0,0.0,0.0,0.0,0.0,0.0,0.0,0.0,0.0,25.875
0.0,0.0,0.0,0.0,0.0,0.0,0.0,0.0,0.0,0.0,0.0,0.0,0.0,0.0,0.0,0.0,0.0,0.0,0.0,0.0,0.0,0.0,0.0,0.0,0.0,0.0,0.0,0.0,0.0,0.0,0.0,0.0,0.0,0.0,0.0,0.0,0.0,0.0,0.0,0.0,0.0,0.0,0.0,0.0,0.0,0.0,0.0,0.0,0.0
0.0,0.0,0.0,0.0,0.0,0.0,0.0,0.0,0.0,0.0,0.0,0.0,0.0,0.0,0.0,0.0,0.0,0.0,0.0,0.0,0.0,0.0,0.0,0.0,0.0,0.0,0.0,0.0,0.0,0.0,0.0,0.0,0.0,0.0,0.0,0.0,0.0,0.0,0.0,0.0,0.0,0.0,0.0,0.0,0.0,0.0,0.0,0.0,0.0
0.0,0.0,0.0,0.0,0.0,0.0,0.0,0.0,0.0,0.0,0.0,0.0,0.0,0.0,0.0,0.0,0.0,0.0,0.0,0.0,0.0,0.0,0.0,0.0,0.0,0.0,0.0,0.0,0.0,0.0,0.0,0.0,0.0,0.0,0.0,0.0,0.0,0.0,0.0,0.0,0.0,0.0,0.0,0.0,0.0,0.0,0.0,0.0,0.0
0.0,0.0,0.0,0.0,0.0,0.0,0.0,0.0,0.0,0.0,0.0,0.0,0.0,0.0,0.0,0.0,0.0,0.0,0.0,0.0,0.0,0.0,0.0,0.0,0.0,0.0,0.0,0.0,0.0,0.0,0.0,0.0,0.0,0.0,0.0,0.0,0.0,0.0,0.0,0.0,0.0,0.0,0.0,0.0,0.0,0.0,0.0,0.0,0.0
0.0,0.0,0.0,0.0,0.0,0.0,0.0,0.0,0.0,0.0,0.0,0.0,0.0,0.0,0.0,0.0,0.0,0.0,0.0,0.0,0.0,0.0,0.0,0.0,0.0,0.0,0.0,0.0,0.0,0.0,0.0,0.0,0.0,0.0,0.0,0.0,0.0,0.0,0.0,0.0,0.0,0.0,0.0,0.0,0.0,0.0,0.0,0.0,0.0
0.0,0.0,0.0,0.0,0.0,0.0,0.0,0.0,0.0,0.0,0.0,0.0,0.0,0.0,0.0,0.0,0.0,0.0,0.0,0.0,0.0,0.0,0.0,0.0,0.0,0.0,0.0,0.0,0.0,0.0,0.0,0.0,0.0,0.0,0.0,0.0,0.0,0.0,0.0,0.0,0.0,0.0,0.0,0.0,0.0,0.0,0.0,0.0,0.0
0.0,0.0,0.0,0.0,0.0,0.0,0.0,0.0,0.0,0.0,0.0,0.0,0.0,0.0,0.0,0.0,0.0,0.0,0.0,0.0,0.0,0.0,0.0,0.0,0.0,0.0,0.0,0.0,0.0,0.0,0.0,0.0,0.0,0.0,0.0,0.0,0.0,0.0,0.0,0.0,0.0,0.0,0.0,0.0,0.0,0.0,0.0,0.0,0.0
0.0,0.0,0.0,0.0,0.0,0.0,0.0,0.0,0.0,0.0,0.0,0.0,0.0,0.0,0.0,0.0,0.0,0.0,0.0,0.0,0.0,0.0,0.0,0.0,0.0,0.0,0.0,0.0,0.0,0.0,0.0,0.0,0.0,0.0,0.0,0.0,0.0,0.0,0.0,0.0,0.0,0.0,0.0,0.0,0.0,0.0,0.0,0.0,0.0
0.0,0.0,0.0,0.0,0.0,0.0,0.0,0.0,0.0,0.0,0.0,0.0,0.0,0.0,0.0,0.0,0.0,0.0,0.0,0.0,0.0,0.0,0.0,0.0,0.0,0.0,0.0,0.0,0.0,0.0,0.0,0.0,0.0,0.0,0.0,0.0,0.0,0.0,0.0,0.0,0.0,0.0,0.0,0.0,0.0,0.0,0.0,0.0,0.0
0.0,0.0,0.0,0.0,0.0,0.0,0.0,0.0,0.0,0.0,0.0,0.0,0.0,0.0,0.0,0.0,0.0,0.0,0.0,0.0,0.0,0.0,0.0,179.07761915898786,229.1360470025674,190.0,140.0,140.0,140.0,140.0,140.0,140.0,140.0,140.0,140.0,152.5,302.5,252.5,302.5,352.5,202.5,0.0,0.0,0.0,0.0,0.0,0.0,0.0,0.0
0.0,0.0,0.0,0.0,0.0,0.0,0.0,0.0,0.0,0.0,0.0,0.0,0.0,0.0,0.0,0.0,0.0,0.0,0.0,0.0,0.0,0.0,0.0,0.0,0.0,0.0,0.0,0.0,0.0,0.0,0.0,0.0,0.0,0.0,0.0,0.0,0.0,0.0,0.0,0.0,0.0,0.0,0.0,0.0,0.0,0.0,0.0,0.0,0.0
0.0,0.0,0.0,0.0,0.0,0.0,0.0,0.0,0.0,0.0,0.0,0.0,0.0,0.0,0.0,0.0,0.0,0.0,0.0,0.0,0.0,0.0,0.0,0.0,0.0,190.0,140.0,140.0,140.0,140.0,140.0,140.0,140.0,140.0,152.5,202.5,352.5,302.5,352.5,402.5,252.5,0.0,0.0,0.0,0.0,0.0,0.0,0.0,0.0
0.0,0.0,0.0,0.0,0.0,0.0,0.0,0.0,0.0,0.0,0.0,0.0,0.0,0.0,0.0,0.0,0.0,0.0,0.0,0.0,0.0,0.0,0.0,0.0,0.0,0.0,0.0,0.0,0.0,0.0,0.0,0.0,0.0,0.0,0.0,0.0,0.0,0.0,0.0,0.0,0.0,0.0,0.0,0.0,0.0,0.0,0.0,0.0,0.0
0.0,0.0,0.0,0.0,0.0,0.0,0.0,0.0,0.0,0.0,0.0,0.0,0.0,0.0,0.0,0.0,0.0,0.0,0.0,0.0,0.0,0.0,0.0,0.0,0.0,0.0,0.0,0.0,0.0,0.0,0.0,156.0,156.0,156.0,198.5,248.5,398.5,348.5,398.5,448.5,298.5,0.0,0.0,0.0,0.0,0.0,0.0,0.0,0.0
0.0,0.0,0.0,0.0,0.0,0.0,0.0,0.0,0.0,0.0,0.0,0.0,0.0,0.0,0.0,0.0,0.0,0.0,0.0,0.0,0.0,0.0,0.0,0.0,0.0,0.0,0.0,0.0,0.0,0.0,0.0,0.0,0.0,0.0,0.0,0.0,0.0,0.0,0.0,0.0,0.0,0.0,0.0,0.0,0.0,0.0,0.0,0.0,0.0
0.0,0.0,0.0,0.0,0.0,0.0,0.0,0.0,0.0,0.0,0.0,0.0,0.0,0.0,0.0,0.0,0.0,0.0,0.0,0.0,0.0,0.0,0.0,0.0,0.0,0.0,0.0,0.0,0.0,0.0,0.0,0.0,0.0,0.0,0.0,0.0,0.0,0.0,0.0,0.0,0.0,0.0,0.0,0.0,0.0,0.0,0.0,0.0,0.0
0.0,0.0,0.0,0.0,0.0,0.0,0.0,0.0,0.0,0.0,0.0,0.0,0.0,0.0,0.0,0.0,0.0,0.0,0.0,0.0,0.0,0.0,0.0,0.0,0.0,0.0,0.0,0.0,0.0,0.0,0.0,0.0,0.0,0.0,0.0,0.0,0.0,0.0,0.0,0.0,0.0,0.0,0.0,0.0,0.0,0.0,0.0,0.0,0.0
0.0,0.0,0.0,0.0,0.0,0.0,0.0,0.0,0.0,0.0,0.0,0.0,0.0,0.0,0.0,0.0,0.0,0.0,0.0,0.0,0.0,0.0,0.0,0.0,0.0,0.0,0.0,0.0,0.0,0.0,0.0,0.0,0.0,0.0,0.0,0.0,0.0,0.0,0.0,0.0,0.0,0.0,0.0,0.0,0.0,0.0,0.0,0.0,0.0
0.0,0.0,0.0,0.0,0.0,0.0,0.0,0.0,0.0,0.0,0.0,0.0,0.0,0.0,0.0,0.0,0.0,0.0,0.0,0.0,0.0,0.0,0.0,0.0,0.0,0.0,0.0,0.0,0.0,0.0,0.0,0.0,0.0,0.0,0.0,0.0,0.0,0.0,0.0,0.0,0.0,0.0,0.0,0.0,0.0,0.0,0.0,0.0,0.0
0.0,0.0,0.0,0.0,0.0,0.0,0.0,0.0,0.0,0.0,0.0,0.0,0.0,0.0,0.0,0.0,0.0,0.0,0.0,0.0,0.0,0.0,0.0,0.0,0.0,0.0,0.0,0.0,0.0,0.0,0.0,0.0,0.0,0.0,0.0,0.0,0.0,0.0,0.0,0.0,0.0,0.0,0.0,0.0,0.0,0.0,0.0,0.0,0.0
0.0,0.0,0.0,0.0,0.0,0.0,0.0,0.0,0.0,0.0,0.0,0.0,0.0,0.0,0.0,0.0,0.0,0.0,0.0,0.0,0.0,0.0,0.0,0.0,0.0,206.0,156.0,156.0,156.0,156.0,156.0,156.0,156.0,156.0,189.1680203197901,239.16802031979012,389.1680203197901,339.1680203197901,448.5,439.1680203197901,289.1680203197901,0.0,0.0,0.0,0.0,0.0,0.0,0.0,0.0
0.0,0.0,0.0,0.0,0.0,0.0,0.0,0.0,0.0,0.0,0.0,0.0,0.0,0.0,0.0,0.0,0.0,0.0,0.0,0.0,0.0,0.0,0.0,0.0,0.0,0.0,0.0,0.0,0.0,0.0,0.0,0.0,0.0,0.0,0.0,0.0,0.0,0.0,0.0,0.0,0.0,0.0,0.0,0.0,0.0,0.0,0.0,0.0,0.0
0.0,0.0,0.0,0.0,0.0,0.0,0.0,0.0,0.0,0.0,0.0,0.0,0.0,0.0,0.0,0.0,0.0,0.0,0.0,0.0,0.0,0.0,0.0,206.0,156.0,206.0,156.0,156.0,156.0,156.0,156.0,156.0,156.0,156.0,156.0,198.5,348.5,298.5,448.5,398.5,248.5,398.5,448.5,448.5,348.5,340.2145415957241,390.2145415957241,340.2145415957241,0.0
0.0,0.0,0.0,0.0,0.0,0.0,0.0,0.0,0.0,0.0,0.0,0.0,0.0,0.0,0.0,0.0,0.0,0.0,0.0,0.0,0.0,0.0,0.0,0.0,0.0,0.0,0.0,0.0,0.0,0.0,0.0,0.0,0.0,0.0,0.0,0.0,0.0,0.0,0.0,0.0,0.0,0.0,0.0,0.0,0.0,0.0,0.0,0.0,0.0
0.0,0.0,0.0,0.0,0.0,0.0,0.0,0.0,0.0,0.0,0.0,0.0,0.0,0.0,0.0,0.0,0.0,0.0,0.0,0.0,0.0,0.0,0.0,0.0,0.0,0.0,0.0,0.0,0.0,0.0,0.0,0.0,0.0,0.0,0.0,0.0,0.0,0.0,0.0,0.0,0.0,0.0,0.0,0.0,0.0,0.0,0.0,0.0,0.0
0.0,0.0,0.0,0.0,0.0,0.0,0.0,0.0,0.0,0.0,0.0,0.0,0.0,0.0,0.0,0.0,0.0,0.0,0.0,0.0,0.0,0.0,0.0,0.0,0.0,0.0,0.0,0.0,0.0,0.0,0.0,0.0,0.0,0.0,0.0,0.0,0.0,0.0,0.0,0.0,0.0,0.0,0.0,0.0,0.0,0.0,0.0,0.0,0.0
0.0,70.0,70.0,70.0,0.0,0.0,0.0,0.0,0.0,0.0,0.0,0.0,0.0,0.0,0.0,0.0,0.0,0.0,0.0,0.0,0.0,0.0,0.0,0.0,0.0,0.0,0.0,0.0,70.0,70.0,70.0,70.0,70.0,70.0,70.0,70.0,70.0,70.0,0.0,0.0,0.0,0.0,0.0,0.0,0.0,0.0,0.0,0.0,0.0
0.0,86.21991258842627,86.21435376582451,86.20879494285875,70.0,70.0,70.0,70.0,0.0,0.0,0.0,0.0,0.0,0.0,0.0,0.0,0.0,0.0,0.0,0.0,0.0,0.0,0.0,0.0,0.0,0.0,0.0,0.0,0.0,0.0,0.0,0.0,0.0,0.0,0.0,0.0,0.0,0.0,0.0,0.0,0.0,0.0,0.0,0.0,70.0,70.0,85.96976555533104,155.96420673236528,70.0
0.0,0.0,0.0,0.0,86.20323611989298,86.19767729692722,86.19211847396147,86.1865596509957,156.18100082802994,156.17544200506418,156.16988318209843,156.16432435913268,156.15876553616692,156.15320671320114,70.0,0.0,0.0,0.0,0.0,0.0,0.0,0.0,0.0,0.0,0.0,0.0,0.0,0.0,0.0,0.0,0.0,0.0,0.0,0.0,0.0,0.0,0.0,0.0,0.0,0.0,0.0,0.0,0.0,0.0,0.0,0.0,0.0,0.0,0.0
0.0,0.0,0.0,0.0,0.0,0.0,0.0,0.0,0.0,0.0,0.0,0.0,0.0,0.0,86.14764789023539,70.0,70.0,70.0,70.0,70.0,70.0,70.0,70.0,70.0,0.0,0.0,0.0,0.0,0.0,0.0,0.0,0.0,0.0,0.0,0.0,0.0,0.0,0.0,0.0,0.0,0.0,0.0,0.0,0.0,0.0,0.0,0.0,0.0,85.95864790939953
0.0,0.0,0.0,0.0,0.0,0.0,0.0,0.0,0.0,0.0,0.0,0.0,0.0,0.0,0.0,86.14208906726964,86.13653024430387,86.1309714213381,86.12541259837235,86.1198537754066,86.11429495244083,86.10873612947506,86.10317730650931,86.09761848354356,70.0,0.0,0.0,0.0,0.0,0.0,0.0,0.0,0.0,0.0,0.0,0.0,0.0,0.0,0.0,0.0,0.0,0.0,0.0,0.0,0.0,0.0,0.0,0.0,0.0
0.0,0.0,0.0,0.0,0.0,0.0,0.0,0.0,0.0,0.0,0.0,0.0,0.0,0.0,0.0,0.0,0.0,0.0,0.0,0.0,0.0,0.0,0.0,0.0,86.09205966057779,156.08650083761202,156.08094201464627,156.07538319168052,86.06982436871475,86.06426554574898,86.05870672278323,86.05314789981747,86.04758907685171,86.04203025388594,86.03647143092019,86.03091260795443,86.02535378498867,86.0197949620229,156.01423613905715,156.0086773160914,156.0031184931256,155.99755967015986,155.9920008471941,155.98644202422835,85.98088320126259,85.97532437829682,70.0,0.0,0.0
0.0,0.0,0.0,0.0,0.0,0.0,0.0,0.0,0.0,0.0,0.0,0.0,0.0,0.0,0.0,0.0,0.0,0.0,0.0,0.0,0.0,0.0,0.0,0.0,0.0,0.0,0.0,0.0,98.64,98.64,98.64,98.64,98.64,98.64,98.64,169.30023270301018,169.2932581218675,98.64,0.0,0.0,0.0,0.0,0.0,0.0,0.0,0.0,0.0,0.0,0.0
0.0,130.0,125.06238640428602,125.05812566794594,125.05386493160589,125.0496041952658,0.0,0.0,0.0,0.0,0.0,0.0,0.0,0.0,0.0,0.0,168.07248923840478,168.0655146572621,168.0585400761194,183.10156549497674,168.04459091383404,183.08761633269137,183.0806417515487,98.64,98.64,98.64,0.0,0.0,0.0,0.0,0.0,0.0,0.0,0.0,0.0,0.0,0.0,0.0,0.0,0.0,0.0,0.0,0.0,0.0,0.0,0.0,0.0,0.0,0.0
0.0,0.0,0.0,0.0,0.0,0.0,125.04534345892571,168.12957227276735,125.03410814144297,168.1183369552846,125.02287282396023,168.10710163780186,173.91819571392662,131.9235986156366,168.08643840069013,98.64,0.0,0.0,0.0,0.0,0.0,0.0,0.0,0.0,0.0,0.0,0.0,0.0,0.0,0.0,0.0,0.0,0.0,0.0,0.0,0.0,0.0,0.0,0.0,0.0,0.0,0.0,0.0,0.0,0.0,0.0,137.81510666558177,139.82950764614367,139.82524690980364
0.0,0.0,0.0,0.0,0.0,0.0,0.0,0.0,0.0,0.0,0.0,0.0,0.0,0.0,0.0,0.0,0.0,0.0,0.0,0.0,0.0,0.0,0.0,98.64,98.64,98.64,198.64,98.64,98.64,98.64,98.64,98.64,98.64,0.0,0.0,0.0,0.0,0.0,0.0,0.0,0.0,0.0,0.0,0.0,0.0,0.0,0.0,0.0,0.0
0.0,98.64,98.63999999999999,98.63999999999999,283.59,283.59,283.59,98.63999999999999,98.63999999999999,98.63999999999999,98.63999999999999,98.63999999999999,98.64,138.80957695235736,98.63999999999999,268.07946381954747,98.63999999999999,98.63999999999999,283.59,283.59,283.59,283.59,98.64,169.38366717040603,169.37669258926334,169.36971800812066,168.002743426978,267.9957688458353,169.34879426469263,169.34181968354994,169.33484510240726,169.3278705212646,169.32089594012191,98.64,169.30720728415287,98.64,98.64,98.64,283.59,283.59,98.64,283.59,283.59,283.59,183.58999999999997,183.58999999999997,283.59,283.59,283.59
0.0,0.0,0.0,0.0,0.0,0.0,0.0,0.0,0.0,0.0,0.0,0.0,0.0,0.0,0.0,0.0,0.0,0.0,0.0,0.0,0.0,0.0,0.0,0.0,0.0,0.0,0.0,0.0,0.0,0.0,0.0,0.0,0.0,165.17778812188374,98.64,98.64,98.64,98.64,182.96930895958215,182.9623343784395,173.36408487847294,182.94898930397108,182.94201472282847,0.0,0.0,0.0,0.0,0.0,0.0
0.0,0.0,0.0,0.0,0.0,0.0,0.0,0.0,0.0,0.0,0.0,0.0,0.0,0.0,0.0,0.0,0.0,0.0,0.0,0.0,0.0,0.0,0.0,0.0,0.0,0.0,0.0,0.0,0.0,0.0,0.0,0.0,0.0,0.0,0.0,0.0,0.0,0.0,0.0,0.0,0.0,0.0,0.0,0.0,0.0,0.0,0.0,0.0,0.0
0.0,0.0,0.0,0.0,0.0,0.0,0.0,0.0,0.0,0.0,0.0,0.0,0.0,0.0,0.0,0.0,0.0,0.0,0.0,0.0,0.0,0.0,0.0,0.0,0.0,0.0,0.0,0.0,0.0,0.0,0.0,0.0,0.0,0.0,0.0,0.0,0.0,0.0,0.0,0.0,0.0,0.0,0.0,0.0,0.0,0.0,0.0,0.0,0.0
0.0,0.0,0.0,0.0,0.0,0.0,0.0,0.0,0.0,0.0,0.0,0.0,0.0,0.0,0.0,0.0,0.0,0.0,0.0,0.0,0.0,0.0,0.0,0.0,0.0,0.0,0.0,0.0,0.0,0.0,0.0,0.0,0.0,0.0,0.0,0.0,0.0,0.0,0.0,0.0,0.0,0.0,0.0,0.0,0.0,0.0,0.0,0.0,0.0
0.0,0.0,0.0,0.0,0.0,0.0,0.0,0.0,0.0,0.0,0.0,0.0,0.0,0.0,0.0,0.0,0.0,0.0,0.0,0.0,0.0,0.0,0.0,0.0,0.0,0.0,0.0,0.0,0.0,0.0,0.0,0.0,0.0,0.0,0.0,0.0,0.0,0.0,0.0,0.0,0.0,0.0,0.0,0.0,0.0,0.0,0.0,0.0,0.0
0.0,0.0,0.0,0.0,0.0,0.0,0.0,0.0,0.0,0.0,0.0,0.0,0.0,0.0,0.0,0.0,0.0,0.0,0.0,0.0,0.0,0.0,0.0,0.0,0.0,0.0,0.0,0.0,0.0,0.0,0.0,0.0,0.0,0.0,0.0,0.0,0.0,0.0,0.0,0.0,0.0,0.0,0.0,0.0,0.0,0.0,0.0,0.0,0.0
0.0,0.0,0.0,0.0,0.0,0.0,0.0,0.0,0.0,0.0,0.0,0.0,0.0,0.0,0.0,0.0,0.0,0.0,0.0,0.0,0.0,0.0,0.0,0.0,0.0,0.0,0.0,0.0,0.0,0.0,0.0,0.0,0.0,0.0,0.0,0.0,0.0,0.0,0.0,0.0,0.0,0.0,0.0,0.0,0.0,0.0,0.0,0.0,0.0
0.0,0.0,0.0,0.0,0.0,0.0,0.0,0.0,0.0,0.0,0.0,0.0,0.0,0.0,0.0,0.0,0.0,0.0,0.0,0.0,0.0,0.0,0.0,0.0,0.0,0.0,0.0,0.0,0.0,0.0,0.0,0.0,0.0,0.0,0.0,0.0,0.0,0.0,0.0,0.0,0.0,0.0,0.0,0.0,0.0,0.0,0.0,0.0,0.0
0.0,28.0,28.0,28.0,80.5,80.5,80.5,28.0,28.0,28.0,28.0,28.0,28.0,28.0,28.0,28.0,28.0,28.0,80.5,80.5,80.5,28.0,28.0,28.0,28.0,28.0,28.0,28.0,28.0,28.0,28.0,28.0,28.0,28.0,28.0,28.0,80.5,28.0,80.5,80.5,28.0,80.5,80.5,80.5,28.0,28.0,80.5,80.5,80.5
0.0,0.0,0.0,0.0,0.0,0.0,0.0,0.0,0.0,0.0,0.0,0.0,0.0,0.0,0.0,0.0,0.0,0.0,0.0,0.0,0.0,0.0,0.0,0.0,0.0,0.0,0.0,0.0,0.0,0.0,0.0,0.0,0.0,0.0,0.0,0.0,0.0,0.0,0.0,0.0,0.0,0.0,0.0,0.0,0.0,0.0,0.0,0.0,0.0
0.0,0.0,0.0,0.0,0.0,0.0,0.0,0.0,0.0,0.0,0.0,0.0,0.0,0.0,0.0,0.0,0.0,0.0,0.0,0.0,0.0,0.0,0.0,0.0,0.0,0.0,0.0,0.0,0.0,0.0,0.0,0.0,0.0,0.0,0.0,0.0,0.0,0.0,0.0,0.0,0.0,0.0,0.0,0.0,0.0,0.0,0.0,0.0,0.0
0.0,0.0,0.0,0.0,0.0,0.0,0.0,0.0,0.0,0.0,0.0,0.0,0.0,0.0,0.0,0.0,0.0,0.0,0.0,0.0,0.0,0.0,0.0,0.0,0.0,0.0,0.0,0.0,0.0,0.0,0.0,0.0,0.0,0.0,0.0,0.0,0.0,0.0,0.0,0.0,0.0,0.0,0.0,0.0,0.0,0.0,0.0,0.0,0.0
0.0,0.0,0.0,0.0,0.0,0.0,0.0,0.0,0.0,0.0,0.0,0.0,0.0,0.0,0.0,0.0,0.0,0.0,0.0,0.0,0.0,0.0,0.0,0.0,0.0,0.0,0.0,0.0,0.0,0.0,0.0,0.0,0.0,0.0,0.0,0.0,0.0,0.0,0.0,0.0,0.0,0.0,0.0,0.0,0.0,0.0,0.0,0.0,0.0
0.0,0.0,0.0,0.0,0.0,0.0,0.0,0.0,0.0,0.0,0.0,0.0,0.0,0.0,0.0,0.0,0.0,0.0,0.0,0.0,0.0,0.0,0.0,0.0,0.0,0.0,0.0,0.0,0.0,0.0,0.0,0.0,0.0,0.0,0.0,0.0,0.0,0.0,0.0,0.0,0.0,0.0,0.0,0.0,0.0,0.0,0.0,0.0,0.0
0.0,0.0,0.0,0.0,0.0,0.0,0.0,0.0,0.0,0.0,0.0,0.0,0.0,0.0,0.0,0.0,0.0,0.0,0.0,0.0,0.0,0.0,0.0,0.0,0.0,0.0,0.0,0.0,0.0,0.0,0.0,0.0,0.0,0.0,0.0,0.0,0.0,0.0,0.0,0.0,0.0,0.0,0.0,0.0,0.0,0.0,0.0,0.0,0.0
0.0,0.0,0.0,0.0,0.0,0.0,0.0,0.0,0.0,0.0,0.0,0.0,0.0,0.0,0.0,0.0,0.0,0.0,0.0,0.0,0.0,0.0,0.0,0.0,0.0,0.0,0.0,0.0,0.0,0.0,0.0,0.0,0.0,0.0,0.0,0.0,0.0,0.0,0.0,0.0,0.0,0.0,0.0,0.0,0.0,0.0,0.0,0.0,0.0
0.0,0.0,0.0,0.0,0.0,0.0,0.0,0.0,0.0,0.0,0.0,0.0,0.0,0.0,0.0,0.0,0.0,0.0,0.0,0.0,0.0,0.0,0.0,0.0,0.0,0.0,0.0,0.0,0.0,0.0,0.0,0.0,0.0,0.0,0.0,0.0,0.0,0.0,0.0,0.0,0.0,0.0,0.0,0.0,0.0,0.0,0.0,0.0,0.0
0.0,0.0,0.0,0.0,0.0,0.0,0.0,0.0,0.0,0.0,0.0,0.0,0.0,0.0,0.0,0.0,0.0,0.0,0.0,0.0,0.0,0.0,0.0,0.0,0.0,0.0,0.0,0.0,0.0,0.0,0.0,0.0,0.0,0.0,0.0,0.0,0.0,0.0,0.0,0.0,0.0,0.0,0.0,0.0,0.0,0.0,0.0,0.0,0.0
0.0,258.5337100896236,164.16,164.16,164.16,164.16,164.16,164.16,0.0,0.0,0.0,0.0,0.0,0.0,0.0,0.0,0.0,0.0,164.16,164.16,164.16,164.16,253.4176652753456,164.16,164.16,164.16,164.16,164.16,253.41766527534696,353.41766527534696,253.41766527534688,164.16,164.16,164.16,164.16,164.16,164.16,253.4176652753456,253.4176652753456,243.01914162452738,253.4176652753456,253.4176652753456,253.4176652753456,253.4176652753456,253.4176652753456,253.4176652753456,229.3045399556869,200.0000000000001,0.0
0.0,264.15999999999997,164.16,164.16,164.16,164.16,164.16,164.16,164.16,264.15999999999997,164.16,0.0,0.0,0.0,0.0,0.0,0.0,0.0,0.0,0.0,0.0,164.16,164.16,164.16,164.16,164.16,164.16,164.16,164.16,164.15999999999997,164.16,200.0,0.0,0.0,0.0,0.0,0.0,0.0,0.0,0.0,0.0,0.0,0.0,0.0,0.0,0.0,0.0,0.0,0.0
0.0,0.0,0.0,0.0,0.0,0.0,0.0,0.0,0.0,0.0,0.0,0.0,164.16,164.16,164.16,164.16,164.16,164.16,164.16,217.57766527534568,164.16,164.16,164.16,164.1599999999986,228.31999999999869,164.16,164.16,164.16,164.16,164.16,164.16,164.16,164.16,164.16,164.16,164.16,164.16,164.16,164.16,164.16,164.16,164.16,164.16,164.16,164.16,164.16,164.16,217.57766527534545,417.57766527534545
0.0,0.0,194.3737100896236,194.3737100896236,194.3737100896236,194.3737100896236,194.3737100896236,271.2160631713482,371.2160631713482,371.2160631713482,371.96000000000004,471.96000000000004,371.96000000000004,382.4816021039975,282.4816021039975,382.4816021039975,371.96000000000004,343.0191416245274,243.01914162452738,0.0,0.0,0.0,0.0,0.0,0.0,0.0,0.0,0.0,0.0,0.0,164.15999999999872,164.16,264.15999999999997,164.16,264.15999999999997,164.16,164.16,164.16,164.16,164.16,164.16,164.16,164.16,164.16,164.16,164.16,164.16,164.16,256.3807703795284
0.0,0.0,0.0,0.0,0.0,0.0,0.0,0.0,0.0,0.0,0.0,0.0,0.0,0.0,0.0,0.0,0.0,238.71852365081816,164.16,264.15999999999997,228.31999999999869,164.1599999999986,164.16,253.41766527534696,353.41766527534696,417.57766527534557,417.57766527534557,417.57766527534557,328.3199999999987,228.31999999999869,164.16,217.57766527534557,317.57766527534557,417.57766527534557,317.57766527534557,217.57766527534557,164.16,164.16,164.16,164.16,164.16,164.16,164.16,164.16,164.16,164.16,164.16,164.16,264.15999999999997
0.0,0.0,0.0,0.0,0.0,0.0,0.0,200.0,264.15999999999997,164.16,263.4160631713481,327.5760631713481,263.4160631713481,363.4160631713481,352.8944610673507,363.4160631713481,263.4160631713481,164.16,164.16,264.15999999999997,353.41766527534696,253.41766527534696,164.16,164.16,0.0,0.0,0.0,0.0,0.0,0.0,0.0,0.0,0.0,0.0,0.0,200.0,253.4176652753456,164.16,164.16,164.16,164.16,164.16,164.16,164.16,164.16,164.16,164.16,164.16,164.16
0.0,0.0,0.0,0.0,0.0,0.0,0.0,0.0,0.0,0.0,0.0,0.0,0.0,0.0,210.8,210.8,210.8,210.8,210.8,210.8,226.72419071546727,310.8,210.8,210.8,0.0,0.0,0.0,0.0,0.0,0.0,0.0,0.0,0.0,0.0,0.0,0.0,210.8,210.8,221.60000000000014,321.60000000000014,421.60000000000014,521.6000000000001,454.7840303329026,454.7840303329026,454.7840303329026,510.8,410.8,310.8,210.8
0.0,0.0,0.0,0.0,0.0,0.0,0.0,0.0,0.0,0.0,0.0,0.0,0.0,0.0,0.0,0.0,0.0,0.0,0.0,0.0,0.0,0.0,0.0,0.0,0.0,0.0,0.0,210.8,210.8,210.8,210.8,210.8,210.8,210.8,210.8,210.8,210.8,210.8,0.0,0.0,0.0,0.0,0.0,0.0,0.0,0.0,0.0,0.0,0.0
0.0,0.0,0.0,0.0,0.0,0.0,0.0,0.0,0.0,0.0,0.0,210.8,257.374690068112,357.374690068112,310.79999999999995,210.8,210.8,210.8,210.8,243.98403033290265,210.8,0.0,0.0,0.0,0.0,0.0,0.0,0.0,0.0,0.0,0.0,210.8,210.8,210.8,210.8,228.43403033290252,210.8,210.8,310.8,210.8,210.8,0.0,0.0,0.0,0.0,0.0,0.0,0.0,0.0
0.0,210.79999999962746,210.79999999962746,210.79999999962746,210.79999999962746,210.79999999962746,210.79999999962746,210.8,210.8,210.8,210.8,0.0,0.0,0.0,0.0,0.0,0.0,0.0,0.0,0.0,0.0,339.2340303329026,243.98403033290265,343.98403033290265,443.98403033290265,433.1840303329026,333.1840303329026,233.18403033290258,210.8,210.8,210.8,0.0,0.0,0.0,0.0,0.0,0.0,0.0,0.0,0.0,0.0,0.0,0.0,0.0,0.0,0.0,0.0,0.0,210.8
0.0,210.8,210.8,210.8,407.87036063673526,407.87036063673526,407.87036063673526,257.374690068112,257.374690068112,257.374690068112,257.374690068112,257.374690068112,210.8,310.8,226.72419071546722,326.7241907154672,326.7241907154672,326.7241907154672,526.7241907154672,606.05,510.8,410.8,293.54016038256464,306.04999999999995,406.04999999999995,406.04999999999995,306.04999999999995,210.8,228.43403033290247,210.8,210.8,210.8,228.43403033290247,410.8,228.43403033290247,210.8,428.43403033290247,228.43403033290247,528.4340303329025,528.4340303329025,228.43403033290247,528.4340303329025,606.05,606.05,406.04999999999995,339.23403033290253,439.23403033290253,439.23403033290253,410.8
0.0,0.0,0.0,0.0,0.0,0.0,0.0,0.0,0.0,0.0,0.0,0.0,0.0,0.0,0.0,0.0,0.0,0.0,0.0,0.0,0.0,0.0,0.0,0.0,0.0,0.0,221.60000000000002,210.8,210.8,228.43403033290252,228.43403033290252,228.43403033290252,210.8,228.43403033290252,210.8,210.8,0.0,0.0,0.0,0.0,0.0,0.0,0.0,0.0,0.0,0.0,210.8,310.8,228.43403033290252
