4.6,15.600000000000014,12.469740096861553,23.45026632167272,12.450266321672721,12.440039671018203,18.910226650654515,29.9,29.900000000000006,18.900000000000006,12.388906417745607,12.378679767091088,18.910226650654526,29.900000000000006,29.900000000000006,29.900000000000006,29.900000000000006,29.900000000000006,29.900000000000006,29.900000000000006,18.900000000000006,23.266186609891378,12.266186609891378,23.25595995923686,12.255959959236858,15.6,12.234958801642756,23.23118468056788,18.90377412107489,29.900000000000006,29.900000000000006,29.900000000000006,29.900000000000006,26.50099171196883,15.50099171196883,26.497217590893946,15.497217590893946,26.493443469819063,15.493443469819063,18.9,23.17834698551954,12.178346985519541,18.9,12.17079874336977,23.16702462229489,12.167024622294889,18.903774121074882,29.900000000000006,18.9
0.0,26.77857638491387,29.900000000000006,18.910005476974753,29.900000000000006,29.900000000000006,23.419586369709172,12.41958636970917,12.409359719054645,23.399133068400126,29.900000000000006,29.900000000000006,23.358226465782053,12.35822646578205,12.34799981512753,12.337773164473012,12.327546513818492,12.317319863163974,12.307093212509455,12.296866561854936,23.286639911200417,18.910226650654522,29.900000000000006,18.900000000000006,29.88977334934549,26.538732922717642,29.900000000000006,18.900000000000006,23.22363643841811,12.223636438418112,12.21986231734323,12.216088196268348,12.212314075193468,15.607548242149768,26.603774121074885,15.603774121074885,26.6,15.6,26.596225878925118,23.185895227669306,18.903774121074882,29.9,23.174572864444663,29.900000000000006,18.900000000000006,29.896225878925122,23.155702259070246,12.155702259070244,23.15192813799537
5.0,14.375,14.375,13.818203476440338,13.818203476440338,14.375,14.375,14.375,14.375,14.375,13.818203476440338,14.375,14.375,14.375,14.375,14.375,14.375,14.375,13.818203476440338,14.375,14.375,14.375,14.375,14.375,14.375,14.375,14.375,14.375,14.375,14.375,14.375,14.375,13.818203476440331,14.375,14.375,14.375,13.818203476440338,13.818203476440331,14.375,14.375,13.818203476440338,14.375,14.375,13.818203476440331,13.818203476440331,14.375,14.375,14.375,13.818203476440338
5.0,14.375,14.375,14.375,14.375,14.375,13.818203476440331,14.375,13.818203476440338,14.375,14.375,14.375,14.375,13.818203476440338,14.375,14.375,13.818203476440338,13.818203476440338,14.375,13.818203476440331,14.375,13.818203476440331,14.375,13.818203476440331,13.818203476440331,14.375,14.375,13.818203476440338,14.375,14.375,14.375,14.375,14.375,14.375,13.818203476440331,13.818203476440331,14.375,14.375,13.818203476440338,13.818203476440338,14.375,14.375,14.375,14.375,14.375,13.818203476440331,14.375,13.818203476440331,14.375
0.0,16.1,15.543203476520056,16.1,16.1,15.54320347644034,16.1,16.1,16.1,15.54320347644034,16.1,15.54320347644034,15.54320347644034,16.1,16.1,15.54320347644034,16.1,16.1,16.1,16.1,16.1,16.1,15.54320347644034,16.1,16.1,16.1,15.54320347644034,16.1,15.54320347644034,16.1,16.1,15.54320347644034,16.1,16.1,16.1,16.1,16.1,16.1,16.1,16.1,16.1,15.54320347644034,15.54320347644034,16.1,16.1,16.1,15.54320347644034,16.1,16.1
0.0,14.39320347646185,14.950000000000003,14.950000000000003,14.950000000000003,14.950000000000003,14.950000000000003,14.393203476440341,14.950000000000003,14.950000000000003,14.950000000000003,14.950000000000003,14.950000000000003,14.950000000000003,14.393203476440341,14.950000000000003,14.950000000000003,14.950000000000003,14.950000000000003,14.950000000000003,14.393203476440341,14.950000000000003,14.950000000000003,14.950000000000003,14.950000000000003,14.393203476440334,14.950000000000003,14.950000000000003,14.950000000000003,14.393203476440341,14.393203476440334,14.950000000000003,14.950000000000003,14.393203476440334,14.950000000000003,14.950000000000003,14.950000000000003,14.950000000000003,14.950000000000003,14.950000000000003,14.950000000000003,14.950000000000003,14.950000000000003,14.950000000000003,14.950000000000003,14.950000000000003,14.950000000000003,14.950000000000003,14.950000000000003
24.0,0.0,0.0,0.0,0.0,0.0,0.0,0.0,0.0,0.0,0.0,0.0,0.0,0.0,0.0,0.0,0.0,0.0,0.0,0.0,0.0,0.0,0.0,0.0,0.0,69.0,69.0,69.0,69.0,69.0,69.0,69.0,69.0,68.5986,68.5986,69.0,69.0,68.5986,68.5986,69.0,68.5986,69.0,69.0,69.0,69.0,69.0,68.5986,69.0,69.0
24.0,27.899640000000502,27.899640000000502,27.899640000000502,27.899640000000502,27.899640000000502,27.899640000000502,27.899640000000502,27.899640000000502,27.899640000000502,27.899640000000502,27.899640000000502,27.899640000000502,27.899640000000502,27.899640000000502,0.0,0.0,0.0,0.0,0.0,0.0,0.0,0.0,0.0,0.0,69.0,69.0,69.0,69.0,68.5986,68.5986,69.0,68.5986,69.0,69.0,68.5986,68.5986,69.0,69.0,68.5986,69.0,69.0,69.0,68.5986,68.5986,68.5986,69.0,68.5986,69.0
0.0,0.0,0.0,0.0,0.0,0.0,0.0,0.0,0.0,0.0,0.0,0.0,0.0,0.0,0.0,27.899640000000502,27.899640000000502,27.899640000000502,27.899640000000502,27.899640000000502,27.899640000000502,27.899640000000502,27.899640000000502,27.899640000000502,27.899640000000502,38.8996400000005,49.8996400000005,60.8996400000005,68.5986,69.0,69.0,68.5986,69.0,69.0,69.0,69.0,69.0,69.0,69.0,69.0,69.0,68.5986,68.5986,69.0,69.0,69.0,69.0,69.0,68.5986
150.0,0.0,0.0,0.0,0.0,0.0,0.0,0.0,0.0,0.0,0.0,0.0,0.0,0.0,0.0,0.0,0.0,0.0,0.0,0.0,0.0,0.0,0.0,0.0,0.0,0.0,0.0,0.0,0.0,0.0,0.0,0.0,0.0,0.0,0.0,0.0,0.0,0.0,0.0,0.0,0.0,0.0,0.0,0.0,0.0,0.0,0.0,0.0,0.0
150.0,0.0,0.0,0.0,0.0,0.0,0.0,0.0,0.0,0.0,0.0,0.0,0.0,0.0,0.0,0.0,0.0,0.0,0.0,0.0,0.0,0.0,0.0,0.0,0.0,0.0,0.0,0.0,0.0,0.0,0.0,0.0,0.0,0.0,0.0,0.0,0.0,0.0,0.0,0.0,0.0,0.0,0.0,0.0,0.0,0.0,0.0,0.0,0.0
150.0,100.0,0.0,0.0,0.0,0.0,0.0,0.0,0.0,0.0,0.0,0.0,0.0,0.0,0.0,0.0,0.0,0.0,0.0,0.0,0.0,0.0,0.0,0.0,0.0,0.0,0.0,0.0,0.0,0.0,0.0,0.0,0.0,0.0,0.0,0.0,0.0,0.0,0.0,0.0,0.0,0.0,0.0,0.0,0.0,0.0,0.0,0.0,0.0
0.0,0.0,0.0,0.0,0.0,0.0,0.0,0.0,0.0,0.0,0.0,0.0,0.0,0.0,0.0,0.0,0.0,0.0,0.0,0.0,0.0,0.0,0.0,0.0,0.0,0.0,0.0,0.0,0.0,0.0,0.0,0.0,0.0,0.0,0.0,0.0,0.0,0.0,0.0,0.0,0.0,0.0,0.0,0.0,0.0,0.0,0.0,0.0,0.0
0.0,0.0,0.0,0.0,0.0,0.0,0.0,0.0,0.0,0.0,0.0,0.0,0.0,0.0,0.0,0.0,0.0,0.0,0.0,0.0,0.0,0.0,0.0,0.0,0.0,0.0,0.0,0.0,0.0,0.0,0.0,0.0,0.0,0.0,0.0,0.0,0.0,0.0,0.0,0.0,0.0,0.0,0.0,0.0,0.0,0.0,0.0,0.0,0.0
0.0,0.0,0.0,0.0,0.0,0.0,0.0,0.0,0.0,0.0,0.0,0.0,0.0,0.0,0.0,0.0,0.0,0.0,0.0,0.0,0.0,0.0,0.0,0.0,0.0,0.0,0.0,0.0,0.0,0.0,0.0,0.0,0.0,0.0,0.0,0.0,0.0,0.0,0.0,0.0,0.0,0.0,0.0,0.0,0.0,0.0,0.0,0.0,0.0
0.0,0.0,0.0,0.0,0.0,0.0,0.0,0.0,0.0,0.0,0.0,0.0,0.0,0.0,0.0,0.0,0.0,0.0,0.0,0.0,0.0,0.0,0.0,0.0,0.0,0.0,0.0,0.0,0.0,0.0,0.0,0.0,0.0,0.0,0.0,0.0,0.0,0.0,0.0,0.0,0.0,0.0,0.0,0.0,0.0,0.0,0.0,0.0,0.0
0.0,0.0,0.0,0.0,0.0,0.0,0.0,0.0,0.0,0.0,0.0,0.0,0.0,0.0,0.0,0.0,0.0,0.0,0.0,0.0,0.0,0.0,65.6,65.6,65.6,65.6,65.6,65.6,65.6,65.6,65.6,65.6,65.6,65.6,65.6,65.6,65.6,0.0,0.0,0.0,0.0,0.0,0.0,0.0,0.0,0.0,0.0,0.0,0.0
20.0,0.0,0.0,0.0,0.0,0.0,0.0,0.0,0.0,0.0,0.0,0.0,0.0,0.0,0.0,0.0,0.0,0.0,0.0,0.0,0.0,0.0,0.0,0.0,0.0,0.0,0.0,0.0,0.0,0.0,0.0,0.0,0.0,0.0,0.0,0.0,0.0,0.0,0.0,0.0,0.0,0.0,0.0,0.0,0.0,0.0,0.0,0.0,0.0
20.0,0.0,0.0,0.0,0.0,0.0,0.0,0.0,0.0,0.0,0.0,0.0,0.0,0.0,0.0,0.0,0.0,0.0,0.0,0.0,0.0,0.0,0.0,0.0,0.0,0.0,0.0,0.0,0.0,0.0,0.0,0.0,0.0,0.0,0.0,0.0,0.0,0.0,0.0,0.0,0.0,0.0,0.0,0.0,0.0,0.0,0.0,0.0,0.0
40.0,0.0,0.0,0.0,0.0,0.0,0.0,0.0,0.0,0.0,0.0,0.0,0.0,0.0,0.0,0.0,0.0,0.0,0.0,0.0,0.0,0.0,0.0,0.0,0.0,0.0,0.0,0.0,0.0,0.0,0.0,0.0,0.0,0.0,0.0,0.0,0.0,0.0,0.0,0.0,0.0,0.0,0.0,0.0,0.0,0.0,0.0,0.0,0.0
40.0,0.0,0.0,0.0,0.0,0.0,0.0,0.0,0.0,0.0,0.0,0.0,0.0,0.0,0.0,0.0,0.0,0.0,0.0,0.0,0.0,0.0,0.0,0.0,0.0,0.0,0.0,0.0,0.0,0.0,0.0,0.0,0.0,0.0,0.0,0.0,0.0,0.0,0.0,0.0,0.0,0.0,0.0,0.0,0.0,0.0,0.0,0.0,0.0
50.0,0.0,0.0,0.0,0.0,0.0,0.0,0.0,0.0,0.0,0.0,0.0,0.0,0.0,0.0,0.0,0.0,0.0,0.0,0.0,0.0,0.0,0.0,0.0,0.0,0.0,0.0,0.0,0.0,0.0,0.0,0.0,0.0,0.0,0.0,0.0,0.0,0.0,0.0,0.0,0.0,0.0,0.0,0.0,0.0,0.0,0.0,0.0,0.0
50.0,0.0,0.0,0.0,0.0,0.0,0.0,0.0,0.0,0.0,0.0,0.0,0.0,0.0,0.0,0.0,0.0,0.0,0.0,0.0,0.0,0.0,0.0,0.0,0.0,0.0,0.0,0.0,0.0,0.0,0.0,0.0,0.0,0.0,0.0,0.0,0.0,0.0,0.0,0.0,0.0,0.0,0.0,0.0,0.0,0.0,0.0,0.0,0.0
50.0,0.0,0.0,0.0,0.0,0.0,0.0,0.0,0.0,0.0,0.0,0.0,0.0,0.0,0.0,0.0,0.0,0.0,0.0,0.0,0.0,0.0,0.0,0.0,0.0,0.0,0.0,0.0,0.0,0.0,0.0,0.0,0.0,0.0,0.0,0.0,0.0,0.0,0.0,0.0,0.0,0.0,0.0,0.0,0.0,0.0,0.0,0.0,0.0
50.0,0.0,0.0,0.0,0.0,0.0,0.0,0.0,0.0,0.0,0.0,0.0,0.0,0.0,0.0,0.0,0.0,0.0,0.0,0.0,0.0,0.0,0.0,0.0,0.0,0.0,0.0,0.0,0.0,0.0,0.0,0.0,0.0,0.0,0.0,0.0,0.0,0.0,0.0,0.0,0.0,0.0,0.0,0.0,0.0,0.0,0.0,0.0,0.0
0.0,0.0,0.0,0.0,0.0,0.0,0.0,0.0,0.0,0.0,0.0,0.0,0.0,0.0,0.0,0.0,0.0,0.0,0.0,0.0,0.0,0.0,0.0,0.0,0.0,0.0,0.0,0.0,0.0,0.0,0.0,0.0,0.0,0.0,0.0,0.0,0.0,0.0,0.0,0.0,0.0,0.0,0.0,0.0,0.0,0.0,0.0,0.0,0.0
0.0,0.0,0.0,0.0,0.0,0.0,0.0,0.0,0.0,0.0,0.0,0.0,0.0,0.0,0.0,0.0,0.0,0.0,0.0,0.0,0.0,0.0,0.0,0.0,0.0,0.0,0.0,0.0,0.0,0.0,0.0,0.0,0.0,0.0,0.0,0.0,0.0,0.0,0.0,0.0,0.0,0.0,0.0,0.0,0.0,0.0,0.0,0.0,0.0
150.0,200.00000000000017,211.6,211.6,211.00078107763503,0.0,0.0,0.0,0.0,0.0,0.0,0.0,0.0,0.0,0.0,0.0,0.0,0.0,0.0,0.0,0.0,0.0,0.0,0.0,0.0,0.0,0.0,0.0,0.0,0.0,0.0,0.0,0.0,0.0,0.0,0.0,0.0,0.0,0.0,0.0,0.0,0.0,0.0,0.0,0.0,0.0,0.0,0.0,0.0
150.0,172.60078107763482,211.00078107763503,211.00078107763503,211.6,0.0,0.0,0.0,0.0,0.0,0.0,0.0,0.0,0.0,0.0,0.0,0.0,0.0,0.0,0.0,0.0,0.0,0.0,0.0,0.0,0.0,0.0,0.0,0.0,0.0,0.0,0.0,0.0,0.0,0.0,0.0,0.0,0.0,0.0,0.0,0.0,0.0,0.0,0.0,0.0,0.0,0.0,0.0,0.0
150.0,123.6,73.6,73.6,73.6,0.0,0.0,0.0,0.0,0.0,0.0,0.0,0.0,0.0,0.0,0.0,0.0,0.0,0.0,0.0,0.0,0.0,0.0,0.0,0.0,0.0,0.0,0.0,0.0,0.0,0.0,0.0,0.0,0.0,0.0,0.0,0.0,0.0,0.0,0.0,0.0,0.0,0.0,0.0,0.0,0.0,0.0,0.0,0.0
0.0,0.0,0.0,0.0,0.0,0.0,0.0,0.0,0.0,0.0,0.0,0.0,0.0,0.0,0.0,0.0,0.0,0.0,0.0,0.0,0.0,0.0,0.0,0.0,0.0,0.0,0.0,0.0,0.0,0.0,0.0,0.0,0.0,0.0,0.0,0.0,0.0,0.0,0.0,0.0,0.0,0.0,0.0,0.0,0.0,0.0,0.0,0.0,0.0
0.0,0.0,0.0,0.0,0.0,0.0,0.0,0.0,0.0,0.0,0.0,0.0,0.0,0.0,0.0,0.0,0.0,0.0,0.0,0.0,0.0,0.0,0.0,0.0,0.0,0.0,0.0,0.0,0.0,0.0,0.0,0.0,0.0,0.0,0.0,0.0,0.0,0.0,0.0,0.0,0.0,0.0,0.0,0.0,0.0,0.0,0.0,0.0,0.0
0.0,0.0,0.0,0.0,0.0,0.0,0.0,0.0,0.0,0.0,0.0,0.0,0.0,0.0,0.0,0.0,0.0,0.0,0.0,0.0,0.0,0.0,0.0,0.0,0.0,0.0,0.0,0.0,0.0,0.0,0.0,0.0,0.0,0.0,0.0,0.0,0.0,0.0,0.0,0.0,0.0,0.0,0.0,0.0,0.0,0.0,0.0,0.0,0.0
100.0,121.9,121.9,121.9,121.9,121.9,121.90000000000003,121.9,121.9,0.0,0.0,0.0,0.0,0.0,0.0,0.0,0.0,0.0,0.0,0.0,0.0,0.0,0.0,0.0,0.0,0.0,0.0,0.0,0.0,0.0,0.0,0.0,0.0,0.0,0.0,0.0,0.0,0.0,0.0,0.0,0.0,0.0,0.0,0.0,0.0,0.0,0.0,0.0,0.0
100.0,45.508374006341796,45.50837400631474,121.9,121.9,121.9,121.9,121.90000000000003,121.90000000000003,0.0,0.0,0.0,0.0,0.0,0.0,0.0,0.0,0.0,0.0,0.0,0.0,0.0,0.0,0.0,0.0,0.0,0.0,0.0,0.0,0.0,0.0,0.0,0.0,0.0,0.0,0.0,0.0,0.0,0.0,0.0,0.0,0.0,0.0,0.0,0.0,0.0,0.0,0.0,0.0
100.0,121.9,121.9,45.50837400631474,45.50837400631474,121.90000000000003,121.9,121.9,121.9,0.0,0.0,0.0,0.0,0.0,0.0,0.0,0.0,0.0,0.0,0.0,0.0,0.0,0.0,0.0,0.0,0.0,0.0,0.0,0.0,0.0,0.0,0.0,0.0,0.0,0.0,0.0,0.0,0.0,0.0,0.0,0.0,0.0,0.0,0.0,0.0,0.0,0.0,0.0,0.0
0.0,0.0,0.0,0.0,0.0,0.0,0.0,0.0,0.0,0.0,0.0,0.0,0.0,0.0,0.0,0.0,0.0,0.0,0.0,0.0,0.0,0.0,0.0,0.0,0.0,0.0,0.0,0.0,0.0,0.0,0.0,0.0,0.0,0.0,0.0,0.0,0.0,0.0,0.0,0.0,0.0,0.0,0.0,0.0,0.0,0.0,0.0,0.0,0.0
38.0,48.3,48.3,37.35167868753075,37.35167868753075,48.3,37.35167868753075,48.3,16.8,0.0,0.0,0.0,0.0,0.0,0.0,0.0,0.0,0.0,0.0,0.0,0.0,0.0,0.0,0.0,0.0,0.0,0.0,0.0,0.0,0.0,0.0,0.0,0.0,0.0,0.0,0.0,0.0,0.0,0.0,0.0,0.0,0.0,0.0,0.0,0.0,0.0,0.0,0.0,0.0
38.0,37.351678687541835,48.3,48.3,48.3,48.3,48.3,16.8,16.8,48.3,20.551678687530753,48.3,26.550611529428394,16.8,16.8,16.8,24.238579963401733,48.3,48.3,0.0,0.0,0.0,0.0,0.0,0.0,0.0,0.0,0.0,0.0,0.0,0.0,0.0,0.0,0.0,0.0,0.0,0.0,0.0,0.0,0.0,0.0,0.0,0.0,0.0,0.0,0.0,0.0,0.0,0.0
38.0,48.3,37.35167868753075,48.3,48.3,37.35167868753075,48.3,35.25167868753074,16.8,16.8,16.8,16.8,48.3,48.3,26.550611529428394,48.3,48.3,48.3,48.3,0.0,0.0,0.0,0.0,0.0,0.0,0.0,0.0,0.0,0.0,0.0,0.0,0.0,0.0,0.0,0.0,0.0,0.0,0.0,0.0,0.0,0.0,0.0,0.0,0.0,0.0,0.0,0.0,0.0,0.0
0.0,0.0,0.0,0.0,0.0,0.0,0.0,16.8,48.3,48.3,48.3,16.8,16.8,16.8,48.3,48.3,16.8,24.238579963401733,41.03857996340173,0.0,0.0,0.0,0.0,0.0,0.0,0.0,0.0,0.0,0.0,0.0,0.0,0.0,0.0,0.0,0.0,0.0,0.0,0.0,0.0,0.0,0.0,0.0,0.0,0.0,0.0,0.0,0.0,0.0,0.0
0.0,0.0,0.0,0.0,0.0,0.0,0.0,16.8,35.25167868753074,20.551678687530753,48.3,26.55061152942976,16.8,26.550611529428394,16.8,24.238579963401733,48.3,16.8,0.0,0.0,0.0,0.0,0.0,0.0,0.0,0.0,0.0,0.0,0.0,0.0,0.0,0.0,0.0,0.0,0.0,0.0,0.0,0.0,0.0,0.0,0.0,0.0,0.0,0.0,0.0,0.0,0.0,0.0,0.0
95.0,38.0,80.24992522792022,80.24992522792022,38.0,75.491625831415,75.49162583141282,38.0,38.0,38.0,38.0,38.0,38.0,38.0,38.0,38.0,38.0,38.0,67.16911531434573,43.50210927966472,38.0,0.0,0.0,0.0,0.0,0.0,0.0,0.0,0.0,0.0,0.0,0.0,0.0,0.0,0.0,0.0,0.0,0.0,0.0,0.0,0.0,0.0,0.0,0.0,0.0,0.0,0.0,0.0,0.0
95.0,109.25,109.25,109.25,80.24992522792022,38.0,38.0,109.25,108.74162583141282,108.74162583141282,108.74162583141282,38.0,108.74162583141282,38.0,38.0,38.0,38.0,38.0,38.0,38.0,38.0,109.25,109.25,0.0,0.0,0.0,0.0,0.0,0.0,0.0,0.0,0.0,0.0,0.0,0.0,0.0,0.0,0.0,0.0,0.0,0.0,0.0,0.0,0.0,0.0,0.0,0.0,0.0,0.0
95.0,80.24992522798544,38.0,38.0,109.25,109.25,109.25,75.49162583141282,38.0,38.0,38.0,108.74162583141282,38.0,108.74162583141282,108.74162583141282,38.0,67.16911531434573,67.16911531434573,38.0,109.25,43.50210927966472,38.0,81.50210927966472,0.0,0.0,0.0,0.0,0.0,0.0,0.0,0.0,0.0,0.0,0.0,0.0,0.0,0.0,0.0,0.0,0.0,0.0,0.0,0.0,0.0,0.0,0.0,0.0,0.0,0.0
0.0,0.0,0.0,0.0,0.0,0.0,0.0,0.0,38.0,38.0,38.0,38.0,38.0,38.0,38.0,67.16911531434798,38.0,38.0,38.0,38.0,109.25,81.50210927966472,38.0,0.0,0.0,0.0,0.0,0.0,0.0,0.0,0.0,0.0,0.0,0.0,0.0,0.0,0.0,0.0,0.0,0.0,0.0,0.0,0.0,0.0,0.0,0.0,0.0,0.0,0.0
80.0,42.29300268444446,42.29300268444446,32.8,42.29300268444446,94.3,94.3,75.09300268444447,94.3,94.3,94.3,94.3,94.3,94.3,73.86685935279665,94.3,32.8,37.64624176921542,32.8,32.8,66.34624177046267,32.8,32.8,32.8,66.34624177511928,32.8,32.8,32.8,32.8,36.46084603881127,32.8,32.8,70.6670218748152,32.8,32.8,0.0,0.0,0.0,0.0,0.0,0.0,0.0,0.0,0.0,0.0,0.0,0.0,0.0,0.0
80.0,32.8,32.8,32.8,94.3,32.8,75.09300268444447,32.8,0.0,0.0,0.0,0.0,0.0,0.0,0.0,0.0,0.0,0.0,0.0,32.8,32.8,66.34624177232531,66.34624177325664,66.34624177325664,32.8,32.8,32.8,32.8,36.460846038810885,32.8,32.8,32.8,32.8,70.6670218748152,70.6670218748152,0.0,0.0,0.0,0.0,0.0,0.0,0.0,0.0,0.0,0.0,0.0,0.0,0.0,0.0
80.0,32.8,94.3,42.29300268444446,32.8,75.09300268444447,32.8,94.3,94.3,94.3,94.3,94.3,94.3,73.86685935280958,94.3,73.86685935279665,94.3,94.3,37.64624176921383,32.8,32.8,32.8,32.8,32.8,32.8,32.8,32.8,32.8,32.8,32.8,32.8,70.6670218748152,32.8,32.8,32.8,0.0,0.0,0.0,0.0,0.0,0.0,0.0,0.0,0.0,0.0,0.0,0.0,0.0,0.0
80.0,94.3,32.8,94.3,32.8,0.0,0.0,0.0,0.0,0.0,0.0,0.0,0.0,0.0,0.0,0.0,41.06685935279667,32.8,94.3,66.34624177046267,32.8,32.8,32.8,32.8,32.8,66.34624177698193,66.34624177884457,36.460846038812505,32.8,32.8,36.460846038810814,32.8,32.8,32.8,32.8,0.0,0.0,0.0,0.0,0.0,0.0,0.0,0.0,0.0,0.0,0.0,0.0,0.0,0.0
16.48,0.0,0.0,0.0,0.0,0.0,0.0,0.0,0.0,0.0,0.0,0.0,0.0,0.0,0.0,0.0,0.0,0.0,0.0,0.0,0.0,0.0,0.0,0.0,0.0,0.0,0.0,0.0,0.0,0.0,0.0,0.0,0.0,0.0,0.0,0.0,0.0,0.0,0.0,0.0,0.0,0.0,0.0,0.0,0.0,0.0,0.0,0.0,0.0
0.0,0.0,0.0,0.0,0.0,0.0,0.0,0.0,0.0,0.0,0.0,0.0,0.0,0.0,0.0,0.0,0.0,0.0,0.0,0.0,0.0,0.0,0.0,0.0,0.0,0.0,0.0,0.0,0.0,0.0,0.0,0.0,0.0,0.0,0.0,0.0,0.0,0.0,0.0,0.0,0.0,0.0,0.0,0.0,0.0,0.0,0.0,0.0,0.0
10.88,10.88,10.88,10.88,0.0,0.0,0.0,0.0,0.0,0.0,0.0,0.0,0.0,0.0,0.0,0.0,0.0,0.0,0.0,0.0,0.0,0.0,0.0,0.0,0.0,0.0,0.0,0.0,0.0,0.0,0.0,0.0,0.0,0.0,0.0,0.0,0.0,0.0,0.0,0.0,0.0,0.0,0.0,0.0,0.0,0.0,0.0,0.0,0.0
10.88,20.002656965298364,20.002656965298364,20.002656965298364,30.00265696529837,20.002656965298364,10.88,0.0,0.0,0.0,0.0,0.0,0.0,0.0,0.0,0.0,0.0,0.0,0.0,0.0,0.0,0.0,0.0,0.0,0.0,0.0,0.0,0.0,0.0,0.0,0.0,0.0,0.0,0.0,0.0,0.0,0.0,0.0,0.0,0.0,0.0,0.0,0.0,0.0,0.0,0.0,0.0,0.0,0.0
0.0,0.0,0.0,0.0,0.0,10.88,20.002656965298364,10.88,10.88,10.88,20.002656965299273,10.88,20.002656965299273,10.88,10.88,0.0,0.0,0.0,0.0,0.0,0.0,0.0,0.0,0.0,0.0,0.0,10.88,10.88,10.88,10.88,10.88,10.88,10.88,10.88,10.88,10.88,0.0,0.0,0.0,0.0,0.0,0.0,0.0,0.0,0.0,0.0,0.0,0.0,0.0
0.0,0.0,0.0,0.0,0.0,0.0,0.0,20.002656965298364,20.002656965298364,20.002656965298364,10.88,20.002656965299273,10.88,20.002656965299273,20.002656965299273,30.00265696529928,30.88265696529767,30.88265696529767,30.88265696529767,30.88265696529767,30.88265696529767,30.88265696529767,30.88265696529767,30.88265696529767,30.88265696529767,0.0,0.0,0.0,0.0,0.0,0.0,0.0,0.0,0.0,0.0,0.0,0.0,0.0,0.0,0.0,0.0,0.0,0.0,10.88,10.88,10.88,10.88,10.88,10.88
6.4,11.40230610738294,11.402306107382842,11.402306107382842,11.402306107382842,11.402306107382842,11.402306107382842,0.0,0.0,0.0,0.0,0.0,0.0,0.0,0.0,0.0,0.0,0.0,0.0,0.0,0.0,0.0,0.0,0.0,0.0,0.0,0.0,0.0,0.0,0.0,0.0,0.0,0.0,0.0,0.0,0.0,0.0,0.0,0.0,0.0,0.0,0.0,0.0,0.0,0.0,0.0,0.0,0.0,0.0
0.0,0.0,0.0,0.0,0.0,0.0,0.0,9.390134441374144,9.390134441374144,9.390134441374144,9.390134441374144,9.390134441374144,9.390134441374144,9.390134441374144,9.390134441374144,9.390134441374144,9.390134441374144,9.390134441374144,9.390134441374144,9.390134441374144,9.390134441374144,9.390134441374144,9.390134441374144,9.390134441374144,9.390134441374144,9.390134441374144,9.390134441374144,9.390134441374144,9.390134441374144,9.390134441374144,9.390134441374144,0.0,0.0,0.0,0.0,0.0,0.0,0.0,0.0,0.0,0.0,0.0,0.0,0.0,0.0,0.0,0.0,0.0,0.0
150.0,0.0,0.0,0.0,0.0,0.0,0.0,0.0,0.0,0.0,0.0,0.0,0.0,0.0,0.0,0.0,0.0,0.0,0.0,0.0,0.0,0.0,0.0,0.0,0.0,0.0,0.0,114.4,154.4,114.4,74.4,74.4,89.20786894905564,129.20786894905564,169.20786894905567,209.20786894905567,169.20786894905567,0.0,0.0,0.0,0.0,0.0,0.0,0.0,0.0,0.0,0.0,0.0,0.0
150.0,110.0,0.0,0.0,0.0,0.0,0.0,0.0,0.0,0.0,0.0,0.0,0.0,0.0,0.0,0.0,0.0,0.0,0.0,0.0,0.0,0.0,0.0,0.0,0.0,0.0,0.0,173.9,213.9,173.9,133.9,93.9,74.4,114.4,154.4,194.4,154.4,0.0,0.0,0.0,0.0,0.0,0.0,0.0,0.0,0.0,0.0,0.0,0.0
150.0,0.0,0.0,0.0,0.0,0.0,0.0,0.0,0.0,0.0,0.0,0.0,0.0,0.0,0.0,0.0,0.0,0.0,0.0,0.0,0.0,0.0,0.0,0.0,0.0,0.0,0.0,114.4,154.4,114.4,74.4,74.4,93.9,133.9,173.9,213.9,173.9,0.0,0.0,0.0,0.0,0.0,0.0,0.0,0.0,0.0,0.0,0.0,0.0
150.0,0.0,0.0,0.0,0.0,0.0,0.0,0.0,0.0,0.0,0.0,0.0,0.0,0.0,0.0,0.0,0.0,0.0,0.0,0.0,0.0,0.0,0.0,0.0,0.0,0.0,0.0,173.9,213.9,173.9,133.9,93.9,93.9,133.9,173.9,213.9,173.9,0.0,0.0,0.0,0.0,0.0,0.0,0.0,0.0,0.0,0.0,0.0,0.0
150.0,0.0,0.0,0.0,0.0,0.0,0.0,0.0,0.0,0.0,0.0,0.0,0.0,0.0,0.0,0.0,0.0,0.0,0.0,0.0,0.0,0.0,0.0,0.0,0.0,0.0,0.0,173.9,213.9,173.9,133.9,93.9,74.4,114.4,74.4,114.4,74.4,0.0,0.0,0.0,0.0,0.0,0.0,0.0,0.0,0.0,0.0,0.0,0.0
0.0,0.0,0.0,0.0,0.0,0.0,0.0,0.0,0.0,0.0,0.0,0.0,0.0,0.0,0.0,0.0,0.0,0.0,0.0,0.0,0.0,0.0,0.0,0.0,0.0,0.0,0.0,114.4,154.4,114.4,74.4,79.47746033871249,74.4,114.4,154.4,194.4,154.4,0.0,0.0,0.0,0.0,0.0,0.0,0.0,0.0,0.0,0.0,0.0,0.0
0.0,0.0,0.0,0.0,0.0,0.0,0.0,0.0,0.0,0.0,0.0,0.0,0.0,0.0,0.0,0.0,0.0,0.0,0.0,0.0,0.0,0.0,0.0,0.0,0.0,0.0,0.0,155.6966917617467,195.6966917617467,155.6966917617467,115.6966917617467,75.6966917617467,74.4,114.4,144.6474652591187,184.6474652591187,144.6474652591187,0.0,0.0,0.0,0.0,0.0,0.0,0.0,0.0,0.0,0.0,0.0,0.0
0.0,0.0,0.0,0.0,0.0,0.0,0.0,0.0,0.0,0.0,0.0,0.0,0.0,0.0,0.0,0.0,0.0,0.0,0.0,0.0,0.0,74.4,74.4,114.4,154.4,194.4,154.4,173.9,213.9,173.9,133.9,93.9,93.9,133.9,173.9,213.9,0.0,0.0,0.0,0.0,0.0,0.0,0.0,0.0,0.0,0.0,0.0,0.0,0.0
200.0,0.0,0.0,0.0,0.0,0.0,0.0,0.0,0.0,0.0,0.0,0.0,0.0,0.0,0.0,0.0,0.0,0.0,0.0,0.0,0.0,0.0,0.0,0.0,0.0,0.0,0.0,0.0,0.0,0.0,0.0,0.0,0.0,0.0,0.0,0.0,0.0,0.0,0.0,0.0,0.0,0.0,0.0,0.0,0.0,0.0,0.0,0.0,0.0
200.0,0.0,0.0,0.0,0.0,0.0,0.0,0.0,0.0,0.0,0.0,0.0,0.0,0.0,0.0,0.0,0.0,0.0,0.0,0.0,0.0,0.0,0.0,0.0,0.0,0.0,0.0,0.0,0.0,0.0,0.0,0.0,0.0,0.0,0.0,0.0,0.0,0.0,0.0,0.0,0.0,0.0,0.0,0.0,0.0,0.0,0.0,0.0,0.0
200.0,0.0,0.0,0.0,0.0,0.0,0.0,0.0,0.0,0.0,0.0,0.0,0.0,0.0,0.0,0.0,0.0,0.0,0.0,0.0,0.0,0.0,0.0,0.0,0.0,0.0,0.0,0.0,0.0,0.0,0.0,0.0,0.0,0.0,0.0,0.0,0.0,0.0,0.0,0.0,0.0,0.0,0.0,0.0,0.0,0.0,0.0,0.0,0.0
200.0,0.0,0.0,0.0,0.0,0.0,0.0,0.0,0.0,0.0,0.0,0.0,0.0,0.0,0.0,0.0,0.0,0.0,0.0,0.0,0.0,0.0,0.0,0.0,0.0,0.0,0.0,0.0,0.0,0.0,0.0,0.0,0.0,0.0,0.0,0.0,0.0,0.0,0.0,0.0,0.0,0.0,0.0,0.0,0.0,0.0,0.0,0.0,0.0
0.0,0.0,0.0,0.0,0.0,0.0,0.0,0.0,0.0,0.0,0.0,0.0,0.0,0.0,0.0,0.0,0.0,0.0,0.0,0.0,0.0,0.0,0.0,0.0,0.0,0.0,0.0,0.0,0.0,0.0,0.0,0.0,0.0,0.0,0.0,0.0,0.0,0.0,0.0,0.0,0.0,0.0,0.0,0.0,0.0,0.0,0.0,0.0,0.0
0.0,0.0,0.0,0.0,0.0,0.0,0.0,0.0,0.0,0.0,0.0,0.0,0.0,0.0,0.0,0.0,0.0,0.0,0.0,0.0,0.0,0.0,0.0,0.0,0.0,0.0,0.0,0.0,0.0,0.0,0.0,0.0,0.0,0.0,0.0,0.0,0.0,0.0,0.0,0.0,0.0,0.0,0.0,0.0,0.0,0.0,0.0,0.0,0.0
10.52,30.245,0.0,0.0,0.0,0.0,0.0,0.0,0.0,0.0,0.0,0.0,0.0,0.0,0.0,0.0,0.0,0.0,0.0,0.0,0.0,10.52,10.52,30.245,27.866149430203276,27.865157166295656,27.864164902388044,30.245,27.862180374572812,30.245,30.245,30.245,27.858211318942335,0.0,0.0,0.0,0.0,0.0,0.0,0.0,0.0,0.0,0.0,0.0,0.0,0.0,0.0,0.0,0.0
0.0,0.0,0.0,0.0,0.0,0.0,0.0,0.0,0.0,0.0,0.0,0.0,0.0,0.0,0.0,0.0,0.0,0.0,0.0,0.0,0.0,0.0,0.0,27.867141694110895,30.245,30.245,30.245,27.86317263848043,30.245,27.861188110665193,27.860195846757573,27.859203582849954,30.245,0.0,0.0,0.0,0.0,0.0,0.0,0.0,0.0,0.0,0.0,0.0,0.0,0.0,0.0,0.0,0.0
42.52,42.52,0.0,0.0,0.0,0.0,0.0,0.0,0.0,0.0,0.0,0.0,0.0,0.0,0.0,0.0,0.0,0.0,0.0,0.0,0.0,0.0,0.0,0.0,0.0,0.0,0.0,0.0,0.0,0.0,0.0,0.0,0.0,0.0,0.0,0.0,0.0,0.0,0.0,0.0,0.0,0.0,0.0,0.0,0.0,0.0,0.0,0.0,0.0
0.0,0.0,0.0,0.0,0.0,0.0,0.0,0.0,0.0,0.0,0.0,0.0,0.0,0.0,0.0,0.0,0.0,0.0,0.0,0.0,0.0,0.0,0.0,0.0,0.0,0.0,0.0,0.0,0.0,0.0,0.0,0.0,0.0,0.0,0.0,0.0,0.0,0.0,0.0,0.0,0.0,0.0,0.0,0.0,0.0,0.0,0.0,0.0,0.0
250.0,0.0,0.0,0.0,0.0,0.0,0.0,0.0,0.0,0.0,0.0,0.0,0.0,0.0,0.0,0.0,0.0,0.0,0.0,0.0,0.0,0.0,0.0,0.0,0.0,0.0,0.0,0.0,0.0,0.0,0.0,0.0,0.0,0.0,0.0,0.0,0.0,0.0,0.0,0.0,0.0,0.0,0.0,0.0,0.0,0.0,0.0,0.0,0.0
250.0,129.99999999999983,0.0,0.0,0.0,0.0,0.0,0.0,0.0,0.0,0.0,0.0,0.0,0.0,0.0,0.0,0.0,0.0,0.0,0.0,0.0,0.0,0.0,0.0,0.0,0.0,0.0,0.0,0.0,0.0,0.0,0.0,0.0,0.0,0.0,0.0,0.0,0.0,0.0,0.0,0.0,0.0,0.0,0.0,0.0,0.0,0.0,0.0,0.0
250.0,0.0,0.0,0.0,0.0,0.0,0.0,0.0,0.0,0.0,0.0,0.0,0.0,0.0,0.0,0.0,0.0,0.0,0.0,0.0,0.0,0.0,0.0,0.0,0.0,0.0,0.0,0.0,0.0,0.0,0.0,0.0,0.0,0.0,0.0,0.0,0.0,0.0,0.0,0.0,0.0,0.0,0.0,0.0,0.0,0.0,0.0,0.0,0.0
0.0,0.0,0.0,0.0,0.0,0.0,0.0,0.0,0.0,0.0,0.0,0.0,0.0,0.0,0.0,0.0,0.0,0.0,0.0,0.0,0.0,0.0,119.2,119.2,119.2,119.2,119.2,119.2,119.2,119.2,119.2,119.2,119.2,119.2,119.2,119.2,119.2,0.0,0.0,0.0,0.0,0.0,0.0,0.0,0.0,0.0,0.0,0.0,0.0
150.0,0.0,0.0,0.0,0.0,0.0,0.0,0.0,0.0,0.0,0.0,0.0,0.0,0.0,0.0,0.0,0.0,0.0,0.0,0.0,0.0,68.0,68.0,68.0,75.5,195.5,75.5,68.0,68.0,68.0,68.0,0.0,0.0,0.0,0.0,0.0,0.0,0.0,0.0,0.0,0.0,0.0,0.0,0.0,0.0,0.0,0.0,0.0,0.0
150.0,68.0,0.0,0.0,0.0,0.0,0.0,0.0,0.0,0.0,0.0,0.0,0.0,0.0,0.0,0.0,0.0,0.0,0.0,0.0,0.0,0.0,0.0,0.0,0.0,0.0,0.0,68.0,68.0,68.0,68.0,68.0,68.0,68.0,68.0,188.0,68.0,0.0,0.0,0.0,0.0,0.0,0.0,0.0,0.0,0.0,0.0,0.0,0.0
0.0,0.0,0.0,0.0,0.0,0.0,0.0,0.0,0.0,0.0,0.0,0.0,0.0,0.0,0.0,0.0,0.0,0.0,0.0,0.0,0.0,0.0,0.0,0.0,0.0,0.0,0.0,68.0,68.0,68.0,68.0,68.0,68.0,68.0,68.0,166.50878465664766,68.0,0.0,0.0,0.0,0.0,0.0,0.0,0.0,0.0,0.0,0.0,0.0,0.0
120.0,54.4,0.0,0.0,0.0,0.0,0.0,0.0,0.0,0.0,0.0,0.0,0.0,0.0,0.0,0.0,0.0,0.0,0.0,0.0,0.0,0.0,0.0,0.0,0.0,0.0,0.0,0.0,0.0,54.4,54.4,54.4,54.4,54.4,54.4,54.4,61.85003598999224,141.85003598999225,156.4,0.0,0.0,0.0,0.0,0.0,0.0,0.0,0.0,0.0,0.0
120.0,0.0,0.0,0.0,0.0,0.0,0.0,0.0,0.0,0.0,0.0,0.0,0.0,0.0,0.0,0.0,0.0,0.0,0.0,0.0,0.0,0.0,54.4,54.4,54.4,54.4,54.4,54.4,54.4,54.4,54.4,54.4,54.4,54.4,54.4,54.4,54.4,134.4,141.81228562772338,0.0,0.0,0.0,0.0,0.0,0.0,0.0,0.0,0.0,0.0
0.0,0.0,0.0,0.0,0.0,0.0,0.0,0.0,0.0,0.0,0.0,0.0,0.0,0.0,0.0,0.0,0.0,0.0,0.0,0.0,0.0,0.0,0.0,0.0,0.0,0.0,0.0,0.0,0.0,54.4,54.4,54.4,54.4,54.4,54.4,54.4,76.40000000000003,156.40000000000003,134.4,0.0,0.0,0.0,0.0,0.0,0.0,0.0,0.0,0.0,0.0
80.0,0.0,0.0,0.0,0.0,0.0,0.0,0.0,0.0,0.0,0.0,0.0,0.0,0.0,0.0,0.0,0.0,0.0,0.0,0.0,0.0,0.0,0.0,32.0,32.0,32.0,32.0,32.0,32.0,32.0,32.0,32.0,32.0,32.0,32.0,32.0,32.0,32.0,92.0,32.0,32.0,32.0,32.0,32.0,32.0,32.0,32.0,0.0,0.0
80.0,0.0,0.0,0.0,0.0,0.0,0.0,0.0,0.0,0.0,0.0,0.0,0.0,0.0,0.0,0.0,0.0,0.0,0.0,0.0,0.0,0.0,0.0,0.0,0.0,0.0,0.0,0.0,0.0,0.0,0.0,0.0,0.0,0.0,0.0,0.0,0.0,0.0,0.0,0.0,0.0,0.0,0.0,0.0,0.0,0.0,0.0,0.0,0.0
0.0,0.0,0.0,0.0,0.0,0.0,0.0,0.0,0.0,0.0,0.0,0.0,0.0,0.0,0.0,0.0,0.0,0.0,0.0,0.0,0.0,0.0,0.0,0.0,0.0,0.0,0.0,0.0,0.0,0.0,0.0,0.0,32.0,32.0,32.0,32.0,32.0,32.0,92.0,32.0,32.0,32.0,0.0,0.0,0.0,0.0,0.0,0.0,0.0
70.0,80.5,0.0,0.0,0.0,0.0,0.0,0.0,0.0,0.0,0.0,0.0,0.0,0.0,0.0,0.0,0.0,0.0,0.0,0.0,0.0,0.0,0.0,0.0,0.0,0.0,0.0,0.0,0.0,0.0,0.0,0.0,0.0,0.0,0.0,0.0,0.0,0.0,0.0,0.0,0.0,0.0,0.0,0.0,0.0,0.0,0.0,0.0,0.0
70.0,62.48341636299989,0.0,0.0,0.0,0.0,0.0,0.0,0.0,0.0,0.0,0.0,0.0,0.0,0.0,0.0,0.0,0.0,0.0,0.0,0.0,0.0,28.0,28.0,28.0,80.5,28.0,28.0,77.36950610321246,28.0,28.0,28.0,28.0,28.0,28.0,80.5,28.0,80.5,80.5,80.5,80.5,0.0,0.0,0.0,0.0,0.0,0.0,0.0,0.0
0.0,0.0,0.0,0.0,0.0,0.0,0.0,0.0,0.0,0.0,0.0,0.0,0.0,0.0,0.0,0.0,0.0,0.0,0.0,0.0,0.0,0.0,0.0,0.0,0.0,0.0,0.0,0.0,0.0,0.0,0.0,0.0,0.0,0.0,0.0,0.0,0.0,0.0,0.0,0.0,0.0,0.0,0.0,0.0,0.0,0.0,0.0,0.0,0.0
350.0,0.0,0.0,0.0,0.0,0.0,0.0,0.0,0.0,0.0,0.0,0.0,0.0,0.0,0.0,0.0,0.0,0.0,0.0,0.0,0.0,0.0,0.0,0.0,0.0,0.0,0.0,0.0,0.0,0.0,0.0,0.0,0.0,0.0,0.0,0.0,0.0,0.0,0.0,0.0,0.0,0.0,0.0,0.0,0.0,0.0,0.0,0.0,0.0
350.0,0.0,0.0,0.0,0.0,0.0,0.0,0.0,0.0,0.0,0.0,0.0,0.0,0.0,0.0,0.0,0.0,0.0,0.0,0.0,0.0,0.0,0.0,0.0,0.0,0.0,0.0,0.0,0.0,0.0,0.0,0.0,0.0,0.0,0.0,0.0,0.0,0.0,0.0,0.0,0.0,0.0,0.0,0.0,0.0,0.0,0.0,0.0,0.0
350.0,0.0,0.0,0.0,0.0,0.0,0.0,0.0,0.0,0.0,0.0,0.0,0.0,0.0,0.0,0.0,0.0,0.0,0.0,0.0,0.0,0.0,0.0,0.0,0.0,0.0,0.0,0.0,0.0,0.0,0.0,0.0,0.0,0.0,0.0,0.0,0.0,0.0,0.0,0.0,0.0,0.0,0.0,0.0,0.0,0.0,0.0,0.0,0.0
350.0,0.0,0.0,0.0,0.0,0.0,0.0,0.0,0.0,0.0,0.0,0.0,0.0,0.0,0.0,0.0,0.0,0.0,0.0,0.0,0.0,0.0,0.0,0.0,0.0,0.0,0.0,0.0,0.0,0.0,0.0,0.0,0.0,0.0,0.0,0.0,0.0,0.0,0.0,0.0,0.0,0.0,0.0,0.0,0.0,0.0,0.0,0.0,0.0
0.0,0.0,0.0,0.0,0.0,0.0,0.0,0.0,0.0,0.0,0.0,0.0,0.0,0.0,0.0,0.0,0.0,0.0,0.0,0.0,0.0,0.0,0.0,0.0,0.0,0.0,0.0,0.0,0.0,0.0,0.0,0.0,0.0,0.0,0.0,0.0,0.0,0.0,0.0,0.0,0.0,0.0,0.0,0.0,0.0,0.0,0.0,0.0,0.0
0.0,0.0,0.0,0.0,0.0,0.0,0.0,0.0,0.0,0.0,0.0,0.0,0.0,0.0,0.0,0.0,0.0,0.0,0.0,0.0,0.0,0.0,0.0,0.0,0.0,0.0,0.0,0.0,0.0,0.0,0.0,0.0,0.0,0.0,0.0,0.0,0.0,0.0,0.0,0.0,0.0,0.0,0.0,0.0,0.0,0.0,0.0,0.0,0.0
6.8,19.550000000000004,19.550000000000004,19.550000000000004,19.550000000000004,19.550000000000004,19.550000000000004,19.550000000000004,19.550000000000004,19.550000000000004,19.55,19.550000000000004,19.550000000000004,19.550000000000004,19.550000000000004,19.550000000000004,19.550000000000004,19.550000000000004,6.8,0.0,0.0,0.0,0.0,0.0,0.0,0.0,0.0,0.0,0.0,6.8,6.8,6.8,6.8,6.8,6.8,13.318397952400598,6.8,13.318397952400598,6.8,13.318397952400598,13.318397952400598,6.8,6.8,6.8,13.318397952400598,13.318397952400598,13.318397952400598,13.318397952400598,13.318397952400598
6.8,19.550000000000004,19.550000000000004,19.550000000000004,19.550000000000004,19.550000000000004,19.550000000000004,19.550000000000004,0.0,0.0,0.0,0.0,0.0,0.0,0.0,0.0,0.0,0.0,13.318397952400602,19.550000000000004,19.550000000000004,19.550000000000004,19.550000000000004,19.550000000000004,19.550000000000004,19.550000000000004,19.550000000000004,19.550000000000004,19.550000000000004,13.318397952400602,13.318397952400602,13.318397952400602,13.318397952400602,13.318397952400598,13.318397952400598,6.8,13.318397952400598,6.8,13.318397952400598,6.8,6.8,13.318397952400598,13.318397952400598,13.318397952400598,6.8,6.8,6.8,6.8,6.8
0.0,0.0,0.0,0.0,0.0,0.0,0.0,0.0,0.0,0.0,0.0,0.0,0.0,0.0,0.0,0.0,0.0,0.0,0.0,0.0,0.0,0.0,0.0,0.0,0.0,0.0,0.0,0.0,0.0,0.0,0.0,0.0,0.0,0.0,0.0,0.0,0.0,0.0,0.0,0.0,0.0,0.0,0.0,0.0,0.0,0.0,0.0,0.0,0.0
0.0,0.0,0.0,0.0,0.0,0.0,0.0,0.0,0.0,0.0,0.0,0.0,0.0,0.0,0.0,0.0,0.0,0.0,0.0,0.0,0.0,0.0,0.0,0.0,0.0,0.0,0.0,0.0,0.0,0.0,0.0,0.0,0.0,0.0,0.0,0.0,0.0,0.0,0.0,0.0,0.0,0.0,0.0,0.0,0.0,0.0,0.0,0.0,0.0
21.6,43.032655092295755,21.6,62.1,21.6,62.1,62.1,21.6,62.1,0.0,0.0,0.0,0.0,0.0,0.0,0.0,0.0,0.0,0.0,0.0,0.0,0.0,0.0,0.0,0.0,0.0,0.0,0.0,0.0,0.0,0.0,0.0,0.0,0.0,0.0,0.0,0.0,0.0,0.0,0.0,0.0,0.0,0.0,0.0,0.0,0.0,0.0,0.0,0.0
33.6,46.599999999999994,96.6,96.6,96.6,64.5326550922936,33.6,42.032655092293595,33.6,0.0,0.0,0.0,0.0,0.0,0.0,0.0,0.0,0.0,0.0,0.0,0.0,0.0,0.0,0.0,0.0,0.0,0.0,0.0,0.0,0.0,0.0,0.0,0.0,0.0,0.0,0.0,0.0,0.0,0.0,0.0,0.0,0.0,0.0,0.0,0.0,0.0,0.0,0.0,0.0
33.6,83.60000000000005,96.6,46.599999999999994,42.032655092293595,33.6,83.6,96.6,84.0826550922936,0.0,0.0,0.0,0.0,0.0,0.0,0.0,0.0,0.0,0.0,0.0,0.0,0.0,0.0,0.0,0.0,0.0,0.0,0.0,0.0,0.0,0.0,0.0,0.0,0.0,0.0,0.0,0.0,0.0,0.0,0.0,0.0,0.0,0.0,0.0,0.0,0.0,0.0,0.0,0.0
33.6,83.60000000000005,42.032655092293595,51.532655092293595,96.6,96.6,77.5326550922936,96.6,96.6,0.0,0.0,0.0,0.0,0.0,0.0,0.0,0.0,0.0,0.0,0.0,0.0,0.0,0.0,0.0,0.0,0.0,0.0,0.0,0.0,0.0,0.0,0.0,0.0,0.0,0.0,0.0,0.0,0.0,0.0,0.0,0.0,0.0,0.0,0.0,0.0,0.0,0.0,0.0,0.0
0.0,0.0,0.0,0.0,0.0,0.0,0.0,0.0,0.0,0.0,0.0,0.0,0.0,0.0,0.0,0.0,0.0,0.0,0.0,0.0,0.0,0.0,0.0,0.0,0.0,0.0,0.0,0.0,0.0,0.0,0.0,0.0,0.0,0.0,0.0,0.0,0.0,0.0,0.0,0.0,0.0,0.0,0.0,0.0,0.0,0.0,0.0,0.0,0.0
0.0,0.0,0.0,0.0,0.0,0.0,0.0,0.0,0.0,0.0,0.0,0.0,0.0,0.0,0.0,0.0,0.0,0.0,0.0,0.0,0.0,0.0,0.0,0.0,0.0,0.0,0.0,0.0,0.0,0.0,0.0,0.0,0.0,0.0,0.0,0.0,0.0,0.0,0.0,0.0,0.0,0.0,0.0,0.0,0.0,0.0,0.0,0.0,0.0
270.0,0.0,0.0,0.0,0.0,0.0,0.0,0.0,0.0,0.0,0.0,0.0,0.0,0.0,0.0,0.0,0.0,0.0,0.0,0.0,0.0,0.0,0.0,0.0,0.0,0.0,0.0,0.0,0.0,0.0,0.0,0.0,0.0,0.0,0.0,0.0,0.0,0.0,0.0,0.0,0.0,0.0,0.0,0.0,0.0,0.0,0.0,0.0,0.0
270.0,0.0,0.0,0.0,0.0,0.0,0.0,0.0,0.0,0.0,0.0,0.0,0.0,0.0,0.0,0.0,0.0,0.0,0.0,0.0,0.0,0.0,0.0,0.0,0.0,0.0,0.0,0.0,0.0,0.0,0.0,0.0,0.0,0.0,0.0,0.0,0.0,0.0,0.0,0.0,0.0,0.0,0.0,0.0,0.0,0.0,0.0,0.0,0.0
270.0,0.0,0.0,0.0,0.0,0.0,0.0,0.0,0.0,0.0,0.0,0.0,0.0,0.0,0.0,0.0,0.0,0.0,0.0,0.0,0.0,0.0,0.0,0.0,0.0,0.0,0.0,0.0,0.0,0.0,0.0,0.0,0.0,0.0,0.0,0.0,0.0,0.0,0.0,0.0,0.0,0.0,0.0,0.0,0.0,0.0,0.0,0.0,0.0
270.0,0.0,0.0,0.0,0.0,0.0,0.0,0.0,0.0,0.0,0.0,0.0,0.0,0.0,0.0,0.0,0.0,0.0,0.0,0.0,0.0,0.0,0.0,0.0,0.0,0.0,0.0,0.0,0.0,0.0,0.0,0.0,0.0,0.0,0.0,0.0,0.0,0.0,0.0,0.0,0.0,0.0,0.0,0.0,0.0,0.0,0.0,0.0,0.0
270.0,0.0,0.0,0.0,0.0,0.0,0.0,0.0,0.0,0.0,0.0,0.0,0.0,0.0,0.0,0.0,0.0,0.0,0.0,0.0,0.0,0.0,0.0,0.0,0.0,0.0,0.0,0.0,0.0,0.0,0.0,0.0,0.0,0.0,0.0,0.0,0.0,0.0,0.0,0.0,0.0,0.0,0.0,0.0,0.0,0.0,0.0,0.0,0.0
270.0,0.0,0.0,0.0,0.0,0.0,0.0,0.0,0.0,0.0,0.0,0.0,0.0,0.0,0.0,0.0,0.0,0.0,0.0,0.0,0.0,0.0,0.0,0.0,0.0,0.0,0.0,0.0,0.0,0.0,0.0,0.0,0.0,0.0,0.0,0.0,0.0,0.0,0.0,0.0,0.0,0.0,0.0,0.0,0.0,0.0,0.0,0.0,0.0
170.0,202.4,142.4,142.4,202.4,202.4,202.4,202.4,202.4,202.4,202.4,202.4,202.4,202.4,182.8333881310241,202.4,202.4,202.4,202.4,202.4,202.4,202.4,202.4,202.4,202.4,202.4,202.4,142.4,202.4,142.4,202.4,142.4,202.4,202.4,202.4,142.4,202.4,202.4,202.4,202.4,202.4,202.4,202.4,202.4,167.54393646076096,202.4,202.4,202.4,202.4
170.0,158.80771378932877,202.4,202.4,142.4,202.4,175.0045809360131,142.4,202.4,166.00046477540536,142.4,202.4,202.4,202.4,202.4,202.4,202.4,202.4,202.4,202.4,202.4,202.4,202.4,202.4,202.4,142.4,202.4,142.4,155.97814655715138,202.4,202.4,202.4,202.4,202.4,202.4,202.4,202.4,171.27765337793244,202.4,202.4,169.67748898485843,202.4,202.4,202.4,202.4,202.4,202.4,202.4,202.4
170.0,202.4,142.4,202.4,202.4,202.4,202.4,202.4,202.4,202.4,202.4,202.4,202.4,202.4,202.4,202.4,202.4,202.4,202.4,202.4,202.4,202.4,202.4,202.4,202.4,202.4,142.4,202.4,202.4,155.444758426127,202.4,202.4,202.4,142.4,82.4,142.4,202.4,202.4,202.4,202.4,202.4,202.4,202.4,202.4,202.4,202.4,202.4,202.4,202.4
170.0,202.4,142.4,202.4,202.4,202.4,202.4,202.4,166.50183682894112,202.4,202.4,202.4,202.4,142.4,202.4,202.4,142.4,202.4,202.4,202.4,202.4,202.4,202.4,142.4,202.4,202.4,142.4,202.4,202.4,202.4,202.4,142.4,153.84459403305436,202.4,202.4,202.4,142.4,202.4,202.4,202.4,202.4,169.14410085383406,202.4,202.4,202.4,202.4,202.4,202.4,202.4
170.0,195.5,195.5,195.5,195.5,135.9562213197687,195.5,195.5,195.5,135.5,195.5,195.5,195.5,195.5,135.5,195.5,195.5,195.5,195.5,195.5,195.5,195.5,195.5,195.5,171.31169908124912,195.5,195.5,195.5,195.5,195.5,195.5,195.5,135.5,195.5,195.5,195.5,195.5,195.5,195.5,195.5,195.5,135.5,195.5,195.5,195.5,160.1105483297365,195.5,195.5,135.5
170.0,195.5,162.6100691501556,195.5,195.5,195.5,195.5,135.5,135.5,195.5,195.5,195.5,195.5,135.5,195.5,195.5,195.5,195.5,195.5,135.5,195.5,195.5,195.5,171.84508721227348,195.5,195.5,195.5,195.5,135.5,135.5,195.5,195.5,195.5,195.5,195.5,135.5,195.5,135.5,135.5,135.5,195.5,195.5,195.5,195.5,195.5,195.5,195.5,195.5,195.5
170.0,195.5,195.5,135.5,195.5,195.5,195.5,167.60320888247634,195.5,195.5,135.5,195.5,195.5,195.5,135.5,195.5,195.5,195.5,174.51202786739532,195.5,195.5,195.5,195.5,195.5,195.5,150.67831095022484,135.5,195.5,195.5,195.5,195.5,195.5,195.5,146.4112059020299,195.5,195.5,195.5,195.5,195.5,195.5,195.5,195.5,195.5,195.5,195.5,195.5,195.5,138.94377206768786,135.5
170.0,195.5,195.5,195.5,195.5,188.0,128.0,188.0,195.5,195.5,195.5,195.5,195.5,195.5,195.5,195.5,195.5,195.5,195.5,173.97863973637095,195.5,195.5,195.5,195.5,195.5,195.5,195.5,135.5,195.5,195.5,195.5,195.5,195.5,135.5,135.5,195.5,195.5,195.5,195.5,195.5,195.5,195.5,135.5,101.17732459178524,135.5,135.5,195.5,195.5,138.4103839366635
170.0,195.5,195.5,195.5,195.5,195.5,195.5,195.5,195.5,195.5,195.5,135.5,195.5,135.5,195.5,195.5,195.5,195.5,195.5,195.5,195.5,195.5,195.5,195.5,195.5,195.5,195.5,195.5,135.5,195.5,135.5,195.5,135.5,195.5,195.5,195.5,195.5,195.5,195.5,195.5,195.5,195.5,195.5,195.5,195.5,195.5,195.5,135.5,195.5
170.0,195.5,195.5,195.5,195.5,195.5,195.5,195.5,195.5,195.5,195.5,195.5,135.5,195.5,135.5,195.5,195.5,195.5,135.5,195.5,195.5,195.5,135.5,195.5,135.5,135.5,195.5,195.5,195.5,195.5,195.5,195.5,195.5,195.5,135.5,195.5,195.5,195.5,195.5,163.3108771158827,195.5,195.5,195.5,195.5,195.5,195.5,195.5,195.5,195.5
170.0,195.5,195.5,195.5,195.5,195.5,195.5,195.5,195.5,195.5,195.5,195.5,195.5,195.5,195.5,195.5,195.5,195.5,195.5,195.5,195.5,195.5,172.37847534329785,195.5,195.5,195.5,195.5,195.5,195.5,195.5,195.5,195.5,195.5,135.5,195.5,135.5,195.5,195.5,195.5,195.5,195.5,195.5,195.5,195.5,195.5,195.5,195.5,195.5,195.5
170.0,135.5,195.5,195.5,195.5,195.5,195.5,195.5,195.5,195.5,158.59909272186997,158.09772066833375,195.5,195.5,195.5,195.5,195.5,135.5,195.5,195.5,195.5,195.5,195.5,195.5,195.5,135.5,195.5,135.5,195.5,135.5,135.5,195.5,195.5,195.5,145.87781777100508,195.5,135.5,195.5,195.5,195.5,135.5,195.5,195.5,195.5,195.5,195.5,195.5,135.5,195.5
170.0,195.5,195.5,195.5,195.5,135.5,195.5,135.5,75.5,75.5,135.5,195.5,195.5,195.5,195.5,195.5,195.5,195.5,195.5,195.5,195.5,195.5,195.5,195.5,195.5,195.5,195.5,195.5,195.5,135.5,195.5,135.5,195.5,195.5,195.5,195.5,144.8110415089568,195.5,195.5,195.5,195.5,195.5,195.5,195.5,195.5,195.5,135.5,195.5,195.5
170.0,195.5,195.5,195.5,195.5,195.5,135.5,195.5,195.5,195.5,195.5,195.5,135.5,195.5,195.5,195.5,195.5,195.5,195.5,195.5,195.5,135.5,195.5,195.5,195.5,195.5,195.5,195.5,195.5,195.5,195.5,195.5,195.5,195.5,195.5,195.5,195.5,195.5,195.5,195.5,195.5,195.5,195.5,195.5,195.5,195.5,159.57716019871214,135.5,195.5
170.0,195.5,195.5,195.5,135.5,195.5,195.5,135.5,195.5,195.5,195.5,195.5,195.5,157.07896852251815,116.11219226046933,176.11219226046933,175.57880412944496,195.5,195.5,195.5,135.5,195.5,195.5,195.5,195.5,195.5,195.5,195.5,195.5,195.5,135.5,195.5,195.5,195.5,195.5,195.5,195.5,195.5,195.5,195.5,195.5,195.5,195.5,195.5,195.5,195.5,195.5,135.5,195.5
170.0,200.1,200.1,140.1,166.20732504308444,112.74973166977952,140.1,200.1,200.1,200.1,200.1,140.1,200.1,140.1,200.1,200.1,200.1,179.6454159984205,200.1,200.1,178.0452516053465,177.51186347432213,200.1,200.1,200.1,200.1,200.1,200.1,200.1,200.1,200.1,200.1,140.1,200.1,200.1,200.1,140.1,200.1,200.1,200.1,200.1,200.1,166.3107127228095,200.1,200.1,200.1,200.1,200.1,140.1
170.0,200.1,140.1,166.7086970966202,200.1,200.1,140.1,200.1,200.1,200.1,200.1,200.1,162.1963486147979,200.1,200.1,140.1,200.1,200.1,200.1,200.1,200.1,200.1,200.1,200.1,200.1,200.1,200.1,200.1,140.1,200.1,152.61137029510292,140.1,200.1,140.1,200.1,149.94442963998063,200.1,200.1,200.1,200.1,200.1,200.1,200.1,200.1,200.1,200.1,200.1,200.1,200.1
170.0,200.1,200.1,200.1,140.1,140.1,200.1,200.1,140.1,200.1,200.1,200.1,200.1,200.1,200.1,200.1,200.1,200.1,200.1,200.1,200.1,200.1,200.1,200.1,200.1,200.1,200.1,199.56661186897554,140.1,200.1,140.1,152.0779821640781,200.1,200.1,200.1,200.1,200.1,200.1,200.1,200.1,200.1,200.1,200.1,200.1,200.1,200.1,200.1,200.1,140.1
170.0,200.1,200.1,140.1,200.1,200.1,200.1,200.1,200.1,140.1,200.1,200.1,140.1,200.1,200.1,200.1,200.1,200.1,200.1,200.1,200.1,200.1,200.1,200.1,200.1,140.1,94.74492281919993,154.74492281919993,200.1,200.1,200.1,200.1,200.1,200.1,200.1,200.1,200.1,200.1,168.44426524690743,200.1,200.1,200.1,200.1,200.1,200.1,200.1,200.1,200.1,200.1
0.0,0.0,200.1,200.1,140.1,200.1,200.1,200.1,200.1,200.1,140.1,80.1,140.1,200.1,200.1,0.0,0.0,0.0,0.0,0.0,0.0,0.0,0.0,0.0,0.0,200.1,200.1,200.1,200.1,200.1,200.1,200.1,140.1,200.1,200.1,200.1,140.1,0.0,0.0,0.0,0.0,0.0,0.0,0.0,0.0,0.0,0.0,200.1,200.1
14.0,0.0,0.0,0.0,0.0,0.0,0.0,0.0,0.0,0.0,0.0,0.0,0.0,0.0,0.0,0.0,0.0,0.0,0.0,0.0,0.0,0.0,0.0,0.0,0.0,0.0,0.0,0.0,0.0,0.0,0.0,0.0,0.0,0.0,0.0,0.0,0.0,0.0,0.0,0.0,0.0,0.0,0.0,0.0,0.0,0.0,0.0,0.0,0.0
14.0,0.0,0.0,0.0,0.0,0.0,0.0,0.0,0.0,0.0,0.0,0.0,0.0,0.0,0.0,0.0,0.0,0.0,0.0,0.0,0.0,0.0,0.0,0.0,0.0,0.0,0.0,0.0,0.0,0.0,0.0,0.0,0.0,0.0,0.0,0.0,0.0,0.0,0.0,0.0,0.0,0.0,0.0,0.0,0.0,0.0,0.0,0.0,0.0
14.0,0.0,0.0,0.0,0.0,0.0,0.0,0.0,0.0,0.0,0.0,0.0,0.0,0.0,0.0,0.0,0.0,0.0,0.0,0.0,0.0,0.0,0.0,0.0,0.0,0.0,0.0,0.0,0.0,0.0,0.0,0.0,0.0,0.0,0.0,0.0,0.0,0.0,0.0,0.0,0.0,0.0,0.0,0.0,0.0,0.0,0.0,0.0,0.0
14.0,0.0,0.0,0.0,0.0,0.0,0.0,0.0,0.0,0.0,0.0,0.0,0.0,0.0,0.0,0.0,0.0,0.0,0.0,0.0,0.0,0.0,0.0,0.0,0.0,0.0,0.0,0.0,0.0,0.0,0.0,0.0,0.0,0.0,0.0,0.0,0.0,0.0,0.0,0.0,0.0,0.0,0.0,0.0,0.0,0.0,0.0,0.0,0.0
19.2,39.20000000000003,19.2,39.2,19.2,39.2,53.51904341871291,33.51904341871291,36.719043418712914,55.2,55.2,36.719043418712914,36.719043418712914,36.719043418712914,36.719043418712914,55.2,36.719043418712914,36.719043418712914,36.719043418712914,36.719043418712914,36.719043418712914,36.719043418712914,55.2,55.2,36.719043418712914,0.0,0.0,0.0,0.0,0.0,0.0,0.0,0.0,0.0,0.0,0.0,0.0,0.0,0.0,0.0,0.0,0.0,0.0,0.0,0.0,0.0,0.0,0.0,0.0
19.2,19.2,19.2,19.2,39.2,19.2,19.2,39.2,55.2,36.719043418712914,36.719043418712914,55.2,55.2,55.2,55.2,36.719043418712914,55.2,55.2,55.2,55.2,55.2,55.2,36.719043418712914,36.719043418712914,55.2,0.0,0.0,0.0,0.0,0.0,0.0,0.0,0.0,0.0,0.0,0.0,0.0,0.0,0.0,0.0,0.0,0.0,0.0,0.0,0.0,0.0,0.0,0.0,0.0
19.2,33.519043418732295,53.51904341871291,33.51904341871291,33.51904341871291,33.51904341871291,19.200000000000003,19.2,0.0,0.0,0.0,0.0,0.0,0.0,0.0,0.0,0.0,0.0,0.0,0.0,0.0,0.0,0.0,0.0,0.0,0.0,0.0,0.0,0.0,0.0,0.0,0.0,0.0,0.0,0.0,0.0,0.0,0.0,0.0,0.0,0.0,0.0,0.0,0.0,0.0,0.0,0.0,0.0,0.0
17.52,17.52,17.52,33.9516828570075,33.9516828570075,33.9516828570075,50.370000000000005,50.370000000000005,33.9516828570075,33.9516828570075,50.370000000000005,50.370000000000005,50.370000000000005,38.10197619910356,50.370000000000005,38.10197619904169,50.370000000000005,50.370000000000005,50.370000000000005,38.10197619904169,50.370000000000005,50.370000000000005,38.10197619904169,17.52,17.52,50.370000000000005,50.370000000000005,17.52,17.52,38.10197619904169,50.370000000000005,50.370000000000005,50.370000000000005,17.52,50.370000000000005,50.370000000000005,50.370000000000005,21.362025494127796,21.36202549240228,21.36202549425762,21.36202549425762,21.36202549425762,21.36202549425762,21.36202549425762,21.36202549425762,21.36202549425762,21.36202549425762,21.36202549425762,21.36202549425762
17.52,50.370000000000005,33.9516828570075,50.370000000000005,50.370000000000005,50.370000000000005,17.52,17.52,50.370000000000005,50.370000000000005,17.52,17.52,17.52,17.52,17.52,17.52,17.52,17.52,38.10197619904169,50.370000000000005,38.10197619904169,17.52,17.52,50.370000000000005,50.370000000000005,17.52,17.52,50.370000000000005,50.370000000000005,50.370000000000005,38.10197619904169,17.52,17.52,38.10197619904169,38.10197619904169,17.52,17.52,0.0,0.0,0.0,0.0,0.0,0.0,0.0,0.0,0.0,0.0,0.0,0.0
17.52,33.9516828570075,50.370000000000005,17.52,17.52,17.52,33.9516828570075,33.9516828570075,17.52,17.52,33.9516828570075,33.9516828570075,33.9516828570075,50.370000000000005,38.101976199102054,50.370000000000005,38.101976199102054,38.101976199102054,17.52,17.52,17.52,38.10197619904169,50.370000000000005,38.10197619904169,38.10197619904169,38.10197619904169,38.10197619904169,38.10197619904169,38.10197619904169,17.52,17.52,38.10197619904169,38.10197619904169,50.370000000000005,17.52,38.10197619904169,38.10197619904169,0.0,0.0,0.0,0.0,0.0,0.0,0.0,0.0,0.0,0.0,0.0,0.0
35.2,0.0,0.0,0.0,0.0,0.0,0.0,0.0,0.0,0.0,0.0,0.0,0.0,0.0,0.0,0.0,0.0,0.0,0.0,0.0,0.0,0.0,0.0,0.0,0.0,0.0,0.0,0.0,0.0,0.0,0.0,0.0,0.0,0.0,0.0,0.0,0.0,0.0,0.0,0.0,0.0,0.0,0.0,0.0,0.0,0.0,0.0,0.0,0.0
35.2,0.0,0.0,0.0,0.0,0.0,0.0,0.0,0.0,0.0,0.0,0.0,0.0,0.0,0.0,0.0,0.0,0.0,0.0,0.0,0.0,0.0,0.0,0.0,0.0,0.0,0.0,0.0,0.0,0.0,0.0,0.0,0.0,0.0,0.0,0.0,0.0,0.0,0.0,0.0,0.0,0.0,0.0,0.0,0.0,0.0,0.0,0.0,0.0
35.2,0.0,0.0,0.0,0.0,0.0,0.0,0.0,0.0,0.0,0.0,0.0,0.0,0.0,0.0,0.0,0.0,0.0,0.0,0.0,0.0,0.0,0.0,0.0,0.0,0.0,0.0,0.0,0.0,0.0,0.0,0.0,0.0,0.0,0.0,0.0,0.0,0.0,0.0,0.0,0.0,0.0,0.0,0.0,0.0,0.0,0.0,0.0,0.0
46.32,46.32,46.32,46.32,46.32,46.32,46.32,46.32,121.88387368715496,46.32,46.32,53.170000000000016,133.17000000000002,0.0,0.0,0.0,0.0,0.0,0.0,0.0,0.0,0.0,0.0,0.0,0.0,0.0,0.0,0.0,0.0,0.0,0.0,0.0,0.0,0.0,0.0,0.0,0.0,0.0,0.0,0.0,0.0,0.0,0.0,0.0,0.0,0.0,0.0,0.0,0.0
46.32,121.8838736872504,121.88387368737347,121.88387368737347,46.32,46.32,121.88387368715496,46.32,46.32,121.88387368715496,121.88387368715496,115.03387368715494,0.0,0.0,0.0,0.0,0.0,0.0,0.0,0.0,0.0,0.0,0.0,0.0,0.0,0.0,0.0,0.0,0.0,0.0,0.0,0.0,0.0,0.0,0.0,0.0,0.0,0.0,0.0,0.0,0.0,0.0,0.0,0.0,0.0,0.0,0.0,0.0,0.0
46.32,46.32,46.32,46.32,121.88387368737347,121.88387368715496,46.32,121.88387368715496,46.32,46.32,46.32,46.32,81.35387368715493,0.0,0.0,0.0,0.0,0.0,0.0,0.0,0.0,0.0,0.0,0.0,0.0,0.0,0.0,0.0,0.0,0.0,0.0,0.0,0.0,0.0,0.0,0.0,0.0,0.0,0.0,0.0,0.0,0.0,0.0,0.0,0.0,0.0,0.0,0.0,0.0
64.6,185.725,185.725,185.725,185.725,121.66231398655876,185.725,185.725,185.725,185.725,185.725,185.725,185.725,185.725,185.725,185.725,185.725,185.725,185.725,185.725,185.725,185.725,185.725,121.66231398655876,185.725,185.725,185.725,185.725,121.66231398655876,185.725,185.725,121.66231398655876,185.725,121.66231398655876,185.725,185.725,185.725,185.725,185.725,185.725,185.725,185.725,185.725,185.725,185.725,121.66231398655876,185.725,185.725,185.725
64.6,185.725,185.725,185.725,121.66231398655876,185.725,121.66231398655876,185.725,185.725,185.725,121.66231398655876,121.66231398655876,185.725,185.725,185.725,185.725,185.725,185.725,185.725,185.725,121.66231398655876,185.725,185.725,185.725,185.725,185.725,185.725,121.66231398655876,185.725,185.725,185.725,185.725,185.725,185.725,121.66231398655876,121.66231398655876,185.725,185.725,185.725,185.725,121.66231398655876,121.66231398655876,185.725,185.725,185.725,185.725,185.725,185.725,185.725
64.6,132.35187974478143,185.725,121.66231398655876,185.725,185.725,185.725,121.66231398655876,121.66231398655876,121.66231398655876,185.725,185.725,185.725,185.725,185.725,185.725,185.725,121.66231398655876,185.725,185.725,185.725,121.66231398655876,185.725,185.725,185.725,185.725,185.725,185.725,185.725,121.66231398655876,185.725,185.725,185.725,185.725,185.725,185.725,185.725,185.725,185.725,121.66231398655876,185.725,185.725,185.725,185.725,185.725,185.725,185.725,121.66231398655876,185.725
0.0,185.725,185.725,185.725,185.725,185.725,185.725,185.725,185.725,185.725,185.725,185.725,185.725,121.66231398655876,185.725,121.66231398655876,185.725,185.725,185.725,185.725,185.725,185.725,121.66231398655876,185.725,121.66231398655876,121.66231398655876,121.66231398655876,185.725,185.725,185.725,185.725,185.725,121.66231398655876,185.725,185.725,185.725,121.66231398655876,185.725,121.66231398655876,185.725,185.725,185.725,185.725,121.66231398655876,121.66231398655876,185.725,185.725,185.725,121.66231398655876
0.0,185.725,121.66231398655876,185.725,185.725,185.725,185.725,185.725,185.725,185.725,185.725,185.725,121.66231398655876,185.725,121.66231398655876,185.725,121.66231398655876,185.725,121.66231398655876,121.66231398655876,185.725,185.725,185.725,185.725,185.725,185.725,185.725,185.725,185.725,185.725,121.66231398655876,185.725,185.725,185.725,185.725,185.725,185.725,121.66231398655876,185.725,185.725,185.725,185.725,121.66231398655876,185.725,185.725,185.725,121.66231398655876,185.725,185.725
100.0,127.42000000000002,96.41303570812175,127.42000000000002,127.42000000000002,96.41303570812175,127.42000000000002,127.42000000000002,87.42000000000003,127.42000000000002,127.42000000000002,127.42000000000002,127.42000000000002,127.42000000000002,127.42000000000002,127.42000000000002,127.42000000000002,127.42000000000002,127.42000000000002,127.42000000000002,127.42000000000002,127.42000000000002,127.42000000000002,127.42000000000002,120.0,127.42000000000002,127.42000000000002,127.42000000000002,127.42000000000002,127.42000000000002,127.42000000000002,87.42000000000002,127.42000000000002,127.42000000000002,127.42000000000002,127.42000000000002,127.42000000000002,127.42000000000002,127.41999999999999,127.41999999999999,127.41999999999999,127.42000000000002,127.42000000000002,127.42000000000002,127.42000000000002,127.42000000000002,127.42000000000002,127.41999999999999,127.41999999999999
100.0,127.42000000000002,127.42000000000002,127.42000000000002,127.42000000000002,127.42000000000002,127.42000000000002,127.42000000000002,127.42000000000002,127.42000000000002,127.42000000000002,127.42000000000002,127.41999999999999,127.42000000000002,127.42000000000002,127.42000000000002,127.42000000000002,127.42000000000002,127.42000000000002,127.42000000000002,127.42000000000002,127.42000000000002,127.42000000000002,127.42000000000002,127.42000000000002,127.42000000000002,127.42000000000002,127.42000000000002,127.42000000000002,87.42000000000002,87.42000000000002,127.42000000000002,127.42000000000002,127.42000000000002,127.42000000000002,103.83303570812178,127.42000000000002,127.42000000000002,127.41999999999999,127.41999999999999,127.41999999999999,127.42000000000002,127.41999999999999,127.42000000000002,127.42000000000002,127.42000000000002,127.41999999999999,127.42000000000002,127.42000000000002
100.0,123.83303570812177,127.42000000000002,87.42000000000002,127.42000000000002,127.42000000000002,127.42000000000002,103.83303570812178,127.42000000000002,127.42000000000002,127.41999999999999,127.42000000000002,127.42000000000002,127.42000000000002,127.42000000000002,127.42000000000002,127.42000000000002,127.42000000000002,127.42000000000002,127.42000000000002,127.42000000000002,127.42000000000002,127.42000000000002,87.42000000000002,127.42000000000002,127.42000000000002,127.42000000000002,127.42000000000002,127.42000000000002,96.41303570812175,87.42000000000002,127.42000000000002,87.42000000000002,127.42000000000002,127.42000000000002,87.42000000000002,127.42000000000002,87.42,127.41999999999999,127.42000000000002,127.42000000000002,127.42000000000002,127.42000000000002,127.41999999999999,127.41999999999999,127.42000000000002,127.42000000000002,127.42000000000002,127.42000000000002
100.0,127.42000000000002,127.42000000000002,127.42000000000002,87.42000000000002,87.42000000000002,127.42000000000002,127.41999999999999,127.42000000000002,127.42000000000002,127.42000000000002,127.42000000000002,127.42000000000002,127.42000000000002,127.42000000000002,127.42000000000002,127.42000000000002,127.42000000000002,127.42000000000002,127.42000000000002,127.42000000000002,127.42000000000002,127.42000000000002,127.42000000000002,127.42000000000002,87.42000000000002,127.42000000000002,127.42000000000002,87.42000000000002,87.42000000000002,127.42000000000002,87.42000000000002,127.42000000000002,87.42000000000002,103.83303570812178,127.42000000000002,127.42000000000002,127.42000000000002,127.42000000000002,127.42000000000002,127.42000000000002,127.42000000000002,127.42000000000002,127.41999999999999,127.42000000000007,127.41999999999999,127.42000000000002,127.42000000000002,127.41999999999999
100.0,87.42000000000002,127.42000000000002,127.42000000000002,87.42000000000002,87.42000000000002,127.42000000000002,127.41999999999999,127.42000000000002,127.42000000000002,127.41999999999999,127.42000000000002,127.42000000000002,127.42000000000002,127.42000000000002,127.42000000000002,127.42000000000002,127.42000000000002,127.42000000000002,127.42000000000002,127.42000000000002,127.42000000000002,127.42000000000002,127.42000000000002,127.42000000000002,127.41999999999999,87.42,127.41999999999999,87.42000000000002,127.42000000000002,127.42000000000002,127.42000000000002,127.42000000000002,127.42000000000002,127.42000000000002,127.42000000000002,127.42000000000002,103.8330357081219,127.42000000000002,127.42000000000002,127.42000000000002,127.42000000000002,127.41999999999999,127.41999999999999,127.41999999999999,127.42000000000002,87.42000000000002,127.42000000000002,127.42000000000002
100.0,60.0,47.420000000000016,87.42000000000002,127.42000000000002,127.42000000000002,127.42000000000002,127.42000000000002,127.42000000000002,127.42000000000002,127.42000000000002,127.42000000000002,127.42000000000002,127.42000000000002,127.42000000000002,127.42000000000002,127.42000000000002,127.42000000000002,127.42000000000002,127.42000000000002,127.42000000000002,87.42000000000002,127.42000000000002,127.42000000000002,127.42000000000002,127.42000000000002,127.41999999999999,127.42000000000002,127.42000000000002,127.42000000000002,127.42000000000002,87.42000000000002,127.42000000000002,127.42000000000002,127.42000000000002,127.42000000000002,127.42000000000002,127.42000000000002,87.42,127.42000000000002,127.41999999999999,127.42000000000002,127.41999999999999,127.42000000000002,127.42000000000002,127.42000000000002,127.42000000000002,127.42000000000002,127.41999999999999
100.0,127.42000000000002,127.42000000000002,87.42000000000002,47.420000000000016,87.42000000000002,127.42000000000002,127.42000000000002,127.42000000000002,127.42000000000002,127.42000000000002,127.42000000000002,127.42000000000002,127.42000000000002,127.42000000000002,127.42000000000002,127.42000000000002,127.42000000000002,127.42000000000002,127.42000000000002,127.42000000000002,127.42000000000002,127.42000000000002,127.42000000000002,87.42000000000002,47.420000000000016,56.41303570812177,96.41303570812177,127.42000000000002,127.42000000000002,87.42000000000002,127.42000000000002,127.42000000000002,103.83303570812177,127.42000000000002,127.42000000000002,127.42000000000002,127.41999999999999,127.42000000000053,127.42000000000002,127.42000000000002,127.41999999999999,127.42000000000002,127.42000000000002,127.42000000000002,127.42000000000002,127.42000000000002,127.41999999999999,127.42000000000021
100.0,127.42000000000002,127.42000000000002,127.42000000000002,96.41303570812175,127.42000000000002,127.42000000000002,127.42000000000002,127.42000000000002,127.41999999999999,127.42000000000002,127.42000000000002,127.42000000000002,127.42000000000002,127.42000000000002,127.42000000000002,127.42000000000002,127.42000000000002,127.42000000000002,127.42000000000002,127.42000000000002,127.42000000000002,127.42000000000002,127.42000000000002,127.42000000000002,127.42000000000002,87.42000000000002,47.420000000000016,87.42000000000002,127.42000000000002,96.41303570812175,127.42000000000002,96.41303570812175,127.42000000000002,127.41999999999999,127.42000000000002,127.42000000000002,127.42000000000002,127.41999999999999,127.42000000000002,127.42000000000002,127.42000000000002,127.42000000000002,127.42000000000002,127.42000000000002,127.42000000000002,127.42000000000002,127.42000000000002,127.42000000000002
100.0,127.42000000000002,87.42000000000002,127.42000000000002,127.42000000000002,127.42000000000002,103.83303570812177,127.42000000000002,127.41999999999999,127.42000000000002,127.42000000000002,127.42000000000002,127.42000000000002,127.42000000000002,127.42000000000002,127.42000000000002,127.42000000000002,127.42000000000002,127.42000000000002,127.42000000000002,127.42000000000002,127.42000000000002,127.42000000000002,127.42000000000002,87.42000000000002,96.41303570812177,87.42000000000002,127.42000000000002,127.42000000000002,87.42000000000002,87.42000000000002,127.42000000000002,87.42000000000002,127.42000000000002,127.42000000000002,127.42000000000002,127.42000000000002,127.42000000000002,127.41999999999999,127.41999999999999,127.42000000000002,127.42000000000002,127.41999999999999,127.42000000000002,127.42000000000002,127.42000000000002,127.42000000000002,127.42000000000002,127.41999999999999
100.0,127.42000000000002,87.42000000000002,127.42000000000002,127.42000000000002,127.42000000000002,87.42000000000002,127.42000000000002,127.42000000000002,127.42000000000002,127.42000000000002,127.42000000000002,127.42000000000002,127.42000000000002,127.42000000000002,127.42000000000002,127.42000000000002,127.42000000000002,127.42000000000002,127.42000000000002,127.42000000000002,127.42000000000002,127.42000000000002,127.42000000000002,87.42,127.41999999999999,127.42000000000002,87.42000000000002,127.42000000000002,127.42000000000002,127.42000000000002,96.41303570812175,87.42000000000002,127.42000000000002,127.42000000000002,127.42000000000002,127.42000000000002,127.41999999999999,127.41999999999999,127.42000000000002,127.42000000000002,127.42000000000002,127.42000000000002,127.42000000000002,127.42000000000002,127.41999999999999,127.42000000000002,127.42000000000002,127.42000000000002
100.0,127.42000000000002,127.42000000000002,96.41303570812175,127.42000000000002,87.42000000000002,127.42000000000002,87.42000000000002,127.42000000000002,127.42000000000002,87.42000000000002,127.42000000000002,127.42000000000002,127.42000000000002,127.42000000000002,127.42000000000002,127.42000000000002,127.42000000000002,127.42000000000002,127.42000000000002,127.42000000000002,127.42000000000002,127.42000000000002,127.42000000000002,127.42000000000002,127.42000000000002,127.42000000000002,127.42000000000002,96.41303570812175,87.42000000000002,127.42000000000002,127.42000000000002,127.42000000000002,127.42000000000002,87.42000000000002,127.41999999999999,87.42,127.41999999999999,127.42000000000002,127.42000000000002,127.42000000000002,127.42000000000002,127.41999999999999,127.42000000000002,127.41999999999999,127.41999999999999,127.42000000000002,127.42000000000002,87.42
100.0,87.42000000000002,127.42000000000002,127.42000000000002,127.42000000000002,127.42000000000002,127.42000000000002,127.42000000000002,127.42000000000002,127.42000000000002,127.42000000000002,127.41999999999999,127.42000000000002,127.42000000000002,127.42000000000002,127.42000000000002,127.42000000000002,127.42000000000002,127.42000000000002,127.42000000000002,127.42000000000002,127.42000000000002,127.42000000000002,127.42000000000002,127.42000000000002,127.42000000000002,127.42000000000002,87.42000000000002,127.42000000000002,127.42000000000002,127.42000000000002,127.42000000000002,127.42000000000002,127.42000000000002,127.42000000000002,127.42000000000002,103.83303570812178,127.42000000000002,127.41999999999999,127.42000000000002,127.42000000000002,127.42000000000002,127.42000000000002,127.42000000000002,87.42,127.42000000000002,127.41999999999999,127.42000000000002,127.42000000000002
100.0,87.42000000000002,127.42000000000002,87.42000000000002,127.42000000000002,127.42000000000002,0.0,0.0,0.0,0.0,0.0,0.0,0.0,0.0,0.0,0.0,63.83303570812177,63.83303570812177,63.83303570812177,63.83303570812177,63.83303570812177,103.83303570812177,63.83303570812177,103.83303570812177,63.83303570812177,87.42000000000002,127.42000000000002,127.42000000000002,127.42000000000002,127.42000000000002,127.42000000000002,87.42000000000002,127.42000000000002,0.0,0.0,0.0,0.0,0.0,0.0,0.0,0.0,0.0,0.0,63.833035708121784,103.83303570812178,63.833035708121784,103.83303570812178,63.833035708121784,103.83303570812178
100.0,127.42000000000002,127.42000000000002,127.42000000000002,127.42000000000002,127.42000000000002,127.42000000000002,127.42000000000002,103.83303570812178,63.833035708121784,103.83303570812178,63.833035708121784,63.833035708121784,63.83303570812177,0.0,0.0,0.0,0.0,0.0,0.0,0.0,0.0,0.0,0.0,127.42000000000002,127.42000000000002,127.42000000000002,127.42000000000002,87.42000000000002,127.42000000000002,127.42000000000002,127.42000000000002,87.42000000000002,127.42000000000002,127.42000000000002,127.42000000000002,127.42000000000002,127.41999999999999,103.83303570812178,63.833035708121784,63.833035708121784,63.833035708121784,63.8330357081219,0.0,0.0,0.0,0.0,0.0,0.0
100.0,126.5,86.5,84.0,44.0,84.0,124.0,106.06908559787712,66.06908559787712,106.06908559787712,86.5,126.5,126.5,86.5,126.5,126.5,86.5,46.5,86.5,126.5,86.5,126.5,86.5,126.5,86.5,74.06908559787712,114.06908559787712,126.5,126.5,86.5,46.5,67.56908559787712,107.56908559787712,126.5,126.5,86.5,126.5,86.5,126.5,126.5,126.5,126.5,126.5,126.5,86.5,126.5,86.5,126.5,126.5
100.0,126.5,88.56908559787712,48.56908559787712,88.56908559787712,84.0,86.5,126.5,89.0,126.5,124.0,84.0,44.0,44.0,84.0,124.0,126.5,126.5,126.5,86.5,46.5,46.5,86.5,126.5,86.5,46.5,86.5,126.5,126.5,126.5,126.5,86.5,46.5,86.5,126.5,126.5,86.5,111.56908559787712,126.5,118.06908559787712,126.5,126.5,126.5,118.06908559787712,126.5,126.5,126.5,126.5,126.5
100.0,86.5,126.5,126.5,86.5,84.0,124.0,86.5,126.5,86.5,126.5,86.5,126.5,86.5,126.5,126.5,86.5,46.5,84.0,44.0,44.0,84.0,124.0,126.5,86.5,46.5,86.5,86.5,126.5,126.5,126.5,126.5,86.5,86.5,126.5,126.5,86.5,126.5,118.06908559787712,126.5,126.5,126.5,126.5,126.5,126.5,126.5,126.5,0.0,0.0
100.0,60.0,44.0,44.0,46.5,86.5,126.5,126.5,126.5,86.5,126.5,126.5,86.5,107.56908559787712,107.56908559787712,126.5,107.56908559787712,126.5,126.5,126.5,126.5,126.5,126.5,126.5,86.5,126.5,126.5,86.5,126.5,86.5,126.5,126.5,126.5,126.5,126.5,126.5,126.5,86.5,126.5,126.5,126.5,126.5,126.5,126.5,126.5,126.5,0.0,0.0,0.0
100.0,60.0,100.0,86.5,126.5,86.5,84.0,44.0,44.0,84.0,124.0,126.5,126.5,126.5,126.5,86.5,46.5,84.0,44.0,0.0,0.0,0.0,0.0,0.0,0.0,0.0,0.0,0.0,0.0,107.56908559787712,126.5,126.5,86.5,46.5,86.5,46.5,86.5,126.5,126.5,126.5,126.5,118.06908559787712,126.5,126.5,126.5,86.5,126.5,126.5,0.0
100.0,60.0,44.0,44.0,44.0,84.0,46.5,86.5,126.5,126.5,126.5,126.5,110.06908559787712,126.5,86.5,110.06908559787712,126.5,126.5,126.5,126.5,126.5,86.5,126.5,126.5,126.5,126.5,124.0,84.0,44.0,44.0,44.0,46.5,86.5,126.5,0.0,0.0,0.0,0.0,0.0,0.0,0.0,0.0,0.0,0.0,126.5,86.5,126.5,126.5,126.5
100.0,126.5,86.5,126.5,126.5,126.5,86.5,126.5,86.5,126.5,126.5,126.5,126.5,126.5,126.5,126.5,126.5,126.5,86.5,46.5,86.5,86.5,126.5,126.5,86.5,86.5,126.5,126.5,86.5,126.5,126.5,126.5,126.5,86.5,126.5,126.5,0.0,0.0,0.0,0.0,0.0,0.0,0.0,0.0,0.0,0.0,126.5,118.06908559787712,126.5
100.0,86.5,126.5,86.5,126.5,124.0,84.0,124.0,84.0,44.0,72.56908559787712,44.0,46.5,86.5,126.5,86.5,126.5,103.56908559787712,63.56908559787712,103.56908559787712,63.56908559787712,44.0,44.0,44.0,77.5,117.5,0.0,0.0,0.0,0.0,0.0,0.0,0.0,0.0,0.0,0.0,126.5,126.5,126.5,126.5,126.5,126.5,118.06908559787712,126.5,126.5,126.5,0.0,0.0,0.0
100.0,60.0,44.0,84.0,44.0,84.0,124.0,89.0,86.5,126.5,126.5,126.5,86.5,126.5,126.5,86.5,126.5,126.5,126.5,126.5,126.5,106.06908559787712,126.5,86.5,126.5,126.5,126.5,126.5,114.06908559787712,126.5,126.5,126.5,126.5,126.5,86.5,126.5,126.5,86.5,126.5,126.5,126.5,126.5,126.5,126.5,111.56908559787712,126.5,126.5,126.5,126.5
100.0,124.0,84.0,44.0,84.0,44.0,46.5,86.5,126.5,86.5,126.5,112.56908559787712,126.5,86.5,46.5,84.0,44.0,84.0,86.5,126.5,126.5,126.5,0.0,0.0,0.0,0.0,0.0,0.0,0.0,0.0,0.0,0.0,84.0,44.0,46.5,86.5,126.5,126.5,126.5,126.5,126.5,126.5,126.5,126.5,126.5,111.56908559787712,111.56908559787712,126.5,118.06908559787712
100.0,126.5,126.5,126.5,126.5,86.5,126.5,126.5,126.5,126.5,0.0,0.0,0.0,0.0,0.0,0.0,0.0,0.0,0.0,0.0,86.5,126.5,126.5,86.5,126.5,126.5,126.5,126.5,126.5,86.5,107.56908559787712,126.5,122.5,86.5,126.5,86.5,126.5,126.5,126.5,126.5,126.5,126.5,126.5,126.5,86.5,86.5,126.5,126.5,126.5
100.0,67.06908559791782,86.5,126.5,126.5,124.0,84.0,0.0,0.0,0.0,0.0,0.0,0.0,0.0,0.0,0.0,0.0,46.5,86.5,126.5,126.5,126.5,110.06908559787712,74.06908559787712,114.06908559787712,126.5,126.5,126.5,126.5,86.5,46.5,44.0,44.0,84.0,65.06908559787712,105.06908559787712,0.0,0.0,0.0,0.0,0.0,0.0,0.0,0.0,0.0,0.0,86.5,126.5,126.5
100.0,60.0,86.5,126.5,89.0,49.0,44.0,84.0,124.0,86.5,46.5,86.5,126.5,126.5,86.5,86.5,126.5,86.5,126.5,90.5,84.0,44.0,46.5,86.5,126.5,126.5,126.5,126.5,126.5,126.5,126.5,126.5,126.5,103.56908559787712,126.5,86.5,111.56908559787712,126.5,126.5,126.5,118.06908559787712,126.5,126.5,126.5,86.5,126.5,86.5,126.5,126.5
100.0,86.5,126.5,102.5,97.5,109.56908559787712,69.56908559787712,44.0,44.0,44.0,44.0,84.0,124.0,126.5,86.5,86.5,126.5,126.5,86.5,126.5,126.5,126.5,126.5,120.0,126.5,126.5,86.5,114.06908559787712,126.5,126.5,126.5,126.5,86.5,126.5,86.5,126.5,126.5,126.5,0.0,0.0,0.0,0.0,0.0,0.0,0.0,0.0,0.0,0.0,126.5
20.2,20.2,0.0,0.0,0.0,0.0,0.0,0.0,0.0,0.0,0.0,0.0,0.0,0.0,0.0,0.0,0.0,0.0,0.0,0.0,20.2,20.2,20.2,58.075,58.075,54.956109423239255,54.95612339520768,58.075,58.075,54.956165311113025,58.075,58.075,54.95620722701837,58.075,54.95623517095525,58.075,54.95626311489214,54.956277086860595,56.52890905618405,0.0,0.0,0.0,0.0,0.0,0.0,0.0,0.0,0.0,0.0
0.0,0.0,0.0,0.0,0.0,0.0,0.0,0.0,0.0,0.0,0.0,0.0,0.0,0.0,0.0,0.0,0.0,0.0,0.0,0.0,0.0,0.0,0.0,54.95608147930237,54.9560954512708,58.075,58.075,54.95613736717614,54.9561513391446,58.075,54.95617928308148,54.95619325504991,58.075,54.956221198986796,58.075,54.95624914292368,58.075,58.075,58.075,0.0,0.0,0.0,0.0,0.0,0.0,0.0,0.0,0.0,0.0
16.0,46.0,46.0,16.138998449880184,0.0,0.0,0.0,0.0,0.0,0.0,0.0,0.0,0.0,0.0,0.0,0.0,0.0,0.0,0.0,0.0,0.0,0.0,0.0,0.0,0.0,37.92773444063009,46.0,46.0,37.92773444063009,37.92773444063009,46.0,37.92773444063009,37.92773444063009,46.0,37.92773444063009,37.92773444063009,46.0,46.0,46.0,37.92773444063009,46.0,0.0,0.0,0.0,0.0,0.0,0.0,0.0,0.0
0.0,0.0,0.0,0.0,0.0,0.0,0.0,0.0,0.0,0.0,0.0,0.0,0.0,0.0,0.0,0.0,0.0,0.0,0.0,0.0,0.0,0.0,16.11584884211602,16.114784821025943,16.113720784180323,46.0,37.92773444063009,37.92773444063009,46.0,46.0,37.92773444063009,46.0,46.0,37.92773444063009,46.0,46.0,37.92773444063009,37.92773444063009,37.92773444063009,46.0,37.92773444063009,0.0,0.0,0.0,0.0,0.0,0.0,0.0,0.0
41.4,0.0,0.0,0.0,0.0,0.0,0.0,0.0,0.0,0.0,0.0,0.0,0.0,0.0,0.0,0.0,0.0,0.0,0.0,0.0,0.0,0.0,0.0,0.0,0.0,0.0,0.0,0.0,0.0,0.0,0.0,0.0,0.0,0.0,0.0,0.0,0.0,0.0,0.0,0.0,0.0,0.0,0.0,0.0,0.0,0.0,0.0,0.0,0.0
0.0,0.0,0.0,0.0,0.0,0.0,0.0,0.0,0.0,0.0,0.0,0.0,0.0,0.0,0.0,0.0,0.0,0.0,0.0,0.0,0.0,0.0,0.0,0.0,0.0,0.0,0.0,0.0,0.0,0.0,0.0,0.0,0.0,0.0,0.0,0.0,0.0,0.0,0.0,0.0,0.0,0.0,0.0,0.0,0.0,0.0,0.0,0.0,0.0
0.0,0.0,0.0,0.0,0.0,0.0,0.0,0.0,0.0,0.0,0.0,0.0,0.0,0.0,0.0,0.0,0.0,0.0,0.0,0.0,0.0,0.0,0.0,0.0,0.0,0.0,0.0,0.0,0.0,0.0,0.0,0.0,0.0,0.0,0.0,0.0,0.0,0.0,0.0,0.0,0.0,0.0,0.0,0.0,0.0,0.0,0.0,0.0,0.0
0.0,0.0,0.0,0.0,0.0,0.0,0.0,0.0,0.0,0.0,0.0,0.0,0.0,0.0,0.0,0.0,0.0,0.0,0.0,0.0,0.0,0.0,0.0,0.0,0.0,0.0,0.0,0.0,0.0,0.0,0.0,0.0,0.0,0.0,0.0,0.0,0.0,0.0,0.0,0.0,0.0,0.0,0.0,0.0,0.0,0.0,0.0,0.0,0.0
7.4,21.275,21.275,21.275,21.275,21.275,21.275,21.275,21.275,0.0,0.0,0.0,0.0,0.0,0.0,0.0,0.0,0.0,0.0,0.0,0.0,0.0,0.0,7.4,7.399999999999986,7.4,7.399999999999986,7.399999999999986,14.396171507855497,21.275,21.275,7.4,7.4,7.4,7.4,14.396171507855504,14.396171507855504,14.396171507855504,7.4,7.4,7.4,0.0,0.0,0.0,0.0,0.0,0.0,0.0,0.0
7.4,21.275,21.275,21.275,21.275,21.275,21.275,21.275,21.275,0.0,0.0,0.0,0.0,0.0,0.0,0.0,0.0,0.0,0.0,0.0,0.0,0.0,0.0,0.0,0.0,0.0,0.0,0.0,0.0,0.0,0.0,0.0,0.0,0.0,0.0,0.0,0.0,0.0,0.0,0.0,0.0,0.0,0.0,0.0,0.0,0.0,0.0,0.0,0.0
0.0,21.275,21.275,21.275,21.275,21.275,21.275,21.275,21.275,14.39617150752253,14.396171507855497,14.396171507855497,7.4,7.4,14.396171507855497,14.396171507855497,7.4,7.4,7.4,0.0,0.0,0.0,0.0,0.0,0.0,0.0,0.0,0.0,0.0,0.0,0.0,14.396171507855497,14.396171507855497,14.396171507855504,14.396171507855504,7.4,7.4,7.4,7.4,7.4,7.399999999999986,14.506327133464062,14.506327133464062,14.506327133464062,14.506327133464062,14.506327133464062,14.506327133464062,7.4,0.0
0.0,21.275,21.275,21.275,21.275,21.275,21.275,21.275,21.275,7.4,7.4,7.4,14.396171507855497,14.396171507855497,7.4,7.4,7.4,7.4,7.4,14.506327133464062,14.506327133464062,14.506327133464062,14.506327133464062,7.4,7.4,7.4,7.4,7.4,7.4,0.0,0.0,0.0,0.0,0.0,0.0,0.0,0.0,0.0,0.0,0.0,0.0,0.0,0.0,0.0,0.0,0.0,0.0,7.4,14.506327133464062
9.6,27.6,27.6,27.6,27.6,27.6,27.6,15.387110128783746,27.6,27.6,15.387110128787384,15.387110128787384,27.6,0.0,0.0,0.0,0.0,0.0,0.0,0.0,0.0,0.0,0.0,0.0,0.0,0.0,0.0,13.329653020563581,13.32965302056357,13.329653020563581,13.32965302056357,13.32965302056357,9.599999999999993,9.6,9.6,9.6,9.6,9.6,9.6,9.6,9.6,9.6,13.329653020563581,13.329653020563581,13.32965302056357,13.083238017289867,13.083238017289867,13.083238017289867,0.0
0.0,15.38711012877829,15.38711012877829,15.38711012877829,27.6,27.6,15.387110128780108,27.6,15.387110128787384,15.387110128787384,27.6,27.6,27.6,9.6,9.6,9.599999999999993,9.599999999999993,9.599999999999993,9.6,9.599999999999993,13.329653020563581,13.329653020563581,0.0,0.0,0.0,0.0,0.0,0.0,0.0,0.0,0.0,0.0,9.6,9.599999999999993,9.599999999999993,9.599999999999993,9.599999999999993,9.6,9.6,9.6,9.6,9.6,0.0,0.0,0.0,0.0,0.0,0.0,0.0
0.0,27.6,27.6,27.6,15.38711012877829,15.387110128780108,27.6,27.6,27.6,27.6,27.6,27.6,15.387110128801936,9.599999999720607,9.599999999999993,9.6,9.6,9.6,9.599999999999993,9.6,0.0,0.0,0.0,0.0,0.0,0.0,0.0,0.0,0.0,0.0,0.0,0.0,0.0,0.0,0.0,0.0,0.0,0.0,0.0,0.0,0.0,0.0,0.0,0.0,0.0,0.0,0.0,0.0,0.0
11.0,22.97871011126101,31.625,22.978710111268285,22.97871011127556,31.0,22.978710111290113,31.625,31.625,31.625,31.625,22.978710111377424,31.625,31.625,31.625,11.625,20.05874540986746,11.05874540986746,31.05874540986746,31.05874540986746,31.05874540986746,31.05874540986746,24.004400778693775,24.004400778693775,24.004400778693775,12.706244319484554,11.0,12.706244319484554,12.706244319484554,11.0,11.0,11.0,11.0,11.0,11.0,20.05874540986746,0.0,0.0,0.0,0.0,0.0,0.0,0.0,0.0,0.0,0.0,11.0,12.706244319484554,11.625
0.0,31.625,22.97871011126101,31.625,31.625,24.22871011127556,31.625,22.978710111290113,22.978710111319216,31.625,22.978710111319216,31.625,22.978710111377424,22.97871011149384,22.978710111377424,0.0,0.0,0.0,0.0,0.0,0.0,0.0,0.0,0.0,0.0,11.0,12.706244319484554,11.0,11.0,13.004400778693775,13.00440077869376,13.004400778693775,13.00440077869376,13.00440077869376,20.05874540986746,11.0,0.0,0.0,0.0,0.0,0.0,0.0,0.0,0.0,0.0,0.0,13.00440077869376,11.0,12.081244319484554
0.0,31.625,31.625,31.625,31.625,31.0,31.625,31.625,31.625,22.978710111319216,31.625,31.625,31.625,31.625,31.625,19.43374540954171,11.0,20.0,0.0,0.0,0.0,0.0,0.0,0.0,0.0,0.0,0.0,0.0,0.0,0.0,0.0,0.0,0.0,0.0,0.0,0.0,31.05874540986746,31.05874540986746,31.05874540986746,31.058745409867466,31.058745409867466,31.058745409867466,31.058745409867466,31.058745409867466,24.004400778693775,24.004400778693775,0.0,0.0,0.0
46.96,0.0,0.0,0.0,0.0,0.0,0.0,0.0,0.0,0.0,0.0,0.0,0.0,0.0,0.0,0.0,0.0,0.0,0.0,0.0,0.0,0.0,0.0,0.0,0.0,0.0,0.0,0.0,0.0,0.0,0.0,0.0,0.0,0.0,0.0,0.0,0.0,0.0,0.0,0.0,0.0,0.0,0.0,0.0,0.0,0.0,0.0,0.0,0.0
0.0,0.0,0.0,0.0,0.0,0.0,0.0,0.0,0.0,0.0,0.0,0.0,0.0,0.0,0.0,0.0,0.0,0.0,0.0,0.0,0.0,0.0,0.0,0.0,0.0,0.0,0.0,0.0,0.0,0.0,0.0,0.0,0.0,0.0,0.0,0.0,0.0,0.0,0.0,0.0,0.0,0.0,0.0,0.0,0.0,0.0,0.0,0.0,0.0
0.0,0.0,0.0,0.0,0.0,0.0,0.0,0.0,0.0,0.0,0.0,0.0,0.0,0.0,0.0,0.0,0.0,0.0,0.0,0.0,0.0,0.0,0.0,0.0,0.0,0.0,0.0,0.0,0.0,0.0,0.0,0.0,0.0,0.0,0.0,0.0,0.0,0.0,0.0,0.0,0.0,0.0,0.0,0.0,0.0,0.0,0.0,0.0,0.0
50.0,189.75,189.75,189.75,168.0379326551469,168.02245875070213,168.0069848462573,189.75,189.75,167.9605631329228,167.94508922847803,189.75,189.75,189.75,189.75,167.86771970625392,167.85224580180915,189.75,189.75,189.75,189.75,167.77487627958504,189.75,189.75,189.75,167.71298066180583,189.75,189.75,189.75,167.65108504402656,167.63561113958173,167.62013723513695,167.60466333069212,167.5891894262473,167.5737155218025,189.75,189.75,189.75,189.75,189.75,189.75,167.46539819068875,167.44992428624397,189.75,167.41897647735436,167.4035025729096,189.75,189.75,189.75
0.0,168.08435436848146,168.06888046403657,168.05340655959174,189.75,189.75,189.75,167.99151094181246,167.97603703736763,189.75,189.75,167.9296153240332,167.91414141958836,167.8986675151436,167.88319361069875,189.75,189.75,167.83677189736432,167.82129799291948,167.8058240884747,167.79035018402988,189.75,167.75940237514027,167.74392847069544,167.7284545662506,189.75,167.697506757361,167.68203285291617,167.6665589484714,189.75,189.75,189.75,189.75,189.75,189.75,167.55824161735768,167.54276771291285,167.52729380846802,167.51181990402324,167.4963459995784,167.48087209513358,189.75,189.75,167.4344503817992,189.75,189.75,167.38802866846476,167.37255476401992,164.9739349434817
150.0,174.8,174.8,174.8,124.80000000000001,112.10675700474701,162.10500318668784,112.10500318668784,112.10149555056967,112.09974173251055,162.09798791445138,112.09798791445138,112.0947702797447,162.09348598778007,174.8,174.8,174.8,124.80000000000001,174.79867427926246,174.8,124.80000000000001,174.8,174.8,174.8,174.8,124.80000000000001,174.8,174.8,174.8,174.8,174.8,162.02821028490126,174.8,124.80000000000001,174.8,174.8,174.8,174.8,174.8,174.8,174.8,174.8,124.80000000000001,174.8,124.80000000000001,174.8,174.8,174.8,162.92685678460646
150.0,174.8,162.11026464086524,112.11026464086524,162.11026464086524,174.8,174.8,174.8,174.8,174.8,124.80000000000001,174.8,174.8,124.80000000000001,124.80000000000001,174.8,124.80000000000001,162.08929477690657,112.08929477690657,162.08664333543146,174.8,124.80081476587009,174.8,174.8,162.08180307378012,162.07730450577247,124.80818237014523,174.8,162.04457502519176,112.04457502519176,124.80000000000001,174.8,124.80000000000001,162.01091145903212,161.9932882015081,111.99328820150811,111.98445696805311,111.97562573459811,161.9756257345981,174.8,174.8,124.80000000000001,174.8,174.8,174.8,174.8,174.8,174.8,124.80000000000001
150.0,174.8,174.8,174.8,174.8,174.8,174.8,174.8,174.8,174.8,174.8,174.7983428490781,174.8,174.8,174.8,174.79899189985582,174.8,174.8,174.8,174.8,174.8,174.8,174.8,174.8,174.8,174.8,174.8,174.8,174.8,174.8,174.8,124.80000000000001,174.8,174.8,174.8,174.8,174.8,174.8,124.80000000000001,111.95797633748327,161.94917124361888,161.94728475485385,161.95231687118803,161.95734898752218,161.96269246571592,111.96834730576924,111.97400214582254,161.97400214582254,174.8
150.0,124.76377227698356,137.45175381805916,187.45,187.44824618194082,187.45,137.45,187.44824618194087,187.45,187.45,187.45,187.45,187.45,187.45,174.74247788763586,124.74247788763586,174.74046168734748,187.45,187.45,137.45,174.73531761469377,174.73343260551997,124.73343260551997,124.73261783965006,137.45,187.45,174.71093976548207,124.71093976548207,137.4581823701451,187.45,174.68639265504652,187.45,174.66971655289643,187.45,137.45881816365966,187.45,187.45,187.45,187.44116876654482,187.45,137.45,187.45,187.45,137.45,187.45,187.45,187.45,137.4556548400533,187.45
80.0,47.09176100718963,97.09176100718963,120.75,92.0,42.0,42.0,42.0,92.0,120.75,120.75,120.75,120.75,120.75,120.75,120.75,120.75,120.75,86.17284177091744,86.17284177091744,120.75,120.75,120.75,120.75,86.17284177091744,120.75,120.75,120.75,86.17284177091744,120.75,86.17284177091744,120.75,120.75,120.75,86.17284177091744,120.75,120.75,120.75,120.75,120.75,86.17284177091744,120.75,120.75,120.75,120.75,120.75,120.75,120.75,120.75
80.0,120.75,120.75,120.75,120.75,97.09176100718804,97.09176100718804,120.75,120.75,120.75,86.17284177555791,120.75,120.75,120.75,120.75,86.17284177091744,86.17284177091744,120.75,120.75,120.75,120.75,86.17284177091744,120.75,120.75,120.75,120.75,120.75,86.17284177091744,120.75,120.75,120.75,120.75,120.75,120.75,120.75,120.75,86.17284177091744,120.75,120.75,120.75,120.75,86.17284177091744,120.75,120.75,120.75,120.75,120.75,120.75,86.17284177091744
80.0,92.0,42.0,42.0,42.0,92.0,92.0,42.0,42.0,92.0,120.75,120.75,86.17284177091744,120.75,120.75,120.75,120.75,120.75,120.75,120.75,86.17284177091744,120.75,120.75,86.17284177091744,120.75,120.75,120.75,120.75,120.75,120.75,120.75,86.17284177091744,120.75,120.75,120.75,86.17284177091744,120.75,114.92284177091744,86.17284177091744,86.17284177091744,120.75,120.75,120.75,120.75,86.17284177091744,86.17284177091744,120.75,86.17284177091744,120.75
80.0,92.0,42.0,68.34176100718804,97.09176100718804,120.75,120.75,120.75,70.75,120.75,120.75,86.17284177091744,120.75,86.17284177091744,120.75,120.75,120.75,86.17284177091744,120.75,120.75,120.75,120.75,120.75,120.75,120.75,120.75,120.75,120.75,120.75,86.17284177091744,120.75,120.75,120.75,86.17284177091744,120.75,120.75,120.75,120.75,120.75,120.75,120.75,120.75,120.75,120.75,120.75,120.75,86.17284177091744,120.75,120.75
80.0,42.0,91.99999999999841,42.0,42.0,42.0,42.0,68.34176100718804,68.34176100718804,114.92284177183262,120.75,120.75,120.75,120.75,86.17284177091744,120.75,120.75,120.75,120.75,120.75,120.75,120.75,86.17284177091744,120.75,120.75,86.17284177091744,86.17284177091744,120.75,120.75,120.75,120.75,120.75,86.17284177091744,120.75,120.75,120.75,120.75,92.0,120.75,120.75,120.75,120.75,86.17284177091744,86.17284177091744,120.75,120.75,120.75,120.75,120.75
80.0,101.775,101.775,101.775,101.775,101.775,66.0265043224002,98.2765043224002,101.775,101.775,101.775,101.775,101.775,101.775,101.775,101.775,101.775,101.775,101.775,101.775,101.775,101.775,101.775,101.775,101.775,101.775,101.775,101.775,101.775,101.775,101.775,101.775,101.775,101.775,101.775,101.775,101.775,101.775,101.775,101.775,101.775,101.775,101.775,101.775,101.775,101.775,101.775,101.775,101.775
80.0,43.2765043224002,98.2765043224002,98.2765043224002,43.2765043224002,54.6515043224002,90.4,101.775,98.2765043224002,101.775,101.775,101.775,101.775,101.775,101.775,101.775,101.775,101.775,101.775,101.775,101.775,101.775,101.775,101.775,101.775,101.775,101.775,101.775,101.775,101.775,101.775,101.775,101.775,101.775,101.775,101.775,101.775,101.775,101.775,101.775,101.775,101.775,101.775,101.775,101.775,101.775,101.775,101.775,101.775
80.0,101.775,46.775000000000006,101.775,101.775,101.775,101.775,46.775000000000006,101.775,101.775,46.775000000000006,46.4896688015032,46.4896688015032,46.4896688015032,46.4896688015032,46.4896688015032,46.775000000000006,101.775,101.775,101.775,101.775,101.775,101.775,101.775,101.775,101.775,101.775,101.775,101.775,101.775,101.775,101.775,101.775,101.775,101.775,101.775,101.775,101.775,101.775,101.775,101.775,101.775,101.775,101.775,101.775,101.775,101.775,101.775,101.775
80.0,101.775,101.775,46.775000000000006,101.775,90.4,90.4,101.775,46.775000000000006,46.489668801565216,101.4896688015032,101.775,101.775,101.775,101.775,101.775,101.4896688015032,101.775,101.775,101.775,101.77500000000026,101.775,101.775,101.775,101.775,101.775,101.775,101.775,101.775,101.775,101.775,101.775,101.775,101.775,101.775,101.775,101.775,101.775,101.775,101.775,101.775,101.775,101.775,101.775,101.775,101.775,101.775,101.775,101.775
700.0,800.0,805.0,805.0,805.0,805.0,805.0,710.2564708965037,610.2564708965037,510.25647089650374,610.2564708965037,510.25647089650374,610.2564708965037,510.25647089650374,605.0,505.0,605.0,705.0,805.0,805.0,705.0,0.0,0.0,0.0,0.0,0.0,0.0,0.0,0.0,0.0,0.0,0.0,805.0,805.0,705.0,805.0,705.0,805.0,805.0,805.0,805.0,805.0,805.0,805.0,805.0,805.0,805.0,805.0,805.0
700.0,800.0,805.0,805.0,780.0,680.0,580.0,480.0,380.0,280.0,0.0,0.0,0.0,0.0,0.0,0.0,0.0,0.0,0.0,0.0,793.8021923626329,805.0,805.0,805.0,805.0,805.0,805.0,805.0,805.0,805.0,805.0,805.0,705.0,805.0,0.0,0.0,0.0,0.0,0.0,0.0,0.0,0.0,0.0,0.0,0.0,805.0,805.0,805.0,805.0
700.0,800.0,805.0,805.0,780.0,680.0,580.0,480.0,380.0,280.0,380.0,280.0,0.0,0.0,0.0,0.0,0.0,0.0,0.0,0.0,0.0,0.0,705.0,805.0,805.0,805.0,805.0,805.0,805.0,805.0,805.0,805.0,0.0,0.0,0.0,0.0,0.0,0.0,0.0,0.0,0.0,0.0,805.0,805.0,805.0,805.0,805.0,805.0,805.0
700.0,800.0,805.0,805.0,805.0,805.0,805.0,705.0,605.0,505.0,605.0,505.0,605.0,505.0,605.0,505.0,605.0,705.0,805.0,805.0,705.0,805.0,805.0,805.0,805.0,805.0,805.0,805.0,805.0,805.0,805.0,805.0,705.0,805.0,705.0,805.0,705.0,805.0,805.0,805.0,805.0,805.0,805.0,805.0,805.0,805.0,805.0,805.0,0.0
700.0,800.0,705.0,805.0,805.0,805.0,805.0,705.0,605.0,505.0,605.0,705.0,805.0,0.0,0.0,0.0,0.0,0.0,0.0,0.0,0.0,0.0,0.0,0.0,0.0,0.0,0.0,0.0,0.0,0.0,805.0,805.0,705.0,805.0,705.0,805.0,705.0,805.0,805.0,805.0,805.0,805.0,805.0,805.0,705.0,705.0,805.0,784.9429876043705,805.0
700.0,800.0,805.0,805.0,805.0,805.0,705.0,805.0,805.0,0.0,0.0,0.0,0.0,0.0,0.0,0.0,0.0,0.0,0.0,805.0,705.0,805.0,705.0,805.0,805.0,805.0,805.0,805.0,805.0,805.0,805.0,805.0,705.0,805.0,705.0,672.5852879190097,705.0,805.0,805.0,805.0,805.0,805.0,705.0,805.0,805.0,0.0,0.0,0.0,0.0
700.0,800.0,805.0,805.0,805.0,805.0,805.0,705.0,805.0,705.0,805.0,0.0,0.0,0.0,0.0,0.0,0.0,0.0,0.0,0.0,0.0,805.0,787.7942948050422,805.0,705.0,805.0,763.8978157403617,805.0,805.0,805.0,800.9127421722151,805.0,705.0,805.0,705.0,805.0,705.0,805.0,805.0,805.0,805.0,805.0,785.5884208491516,805.0,805.0,805.0,805.0,705.0,805.0
700.0,800.0,710.1297382951889,610.1297382951889,710.1297382951889,705.0,805.0,705.0,605.0,505.0,605.0,505.0,605.0,505.0,605.0,505.0,605.0,705.0,805.0,805.0,705.0,605.0,505.0,605.0,705.0,805.0,805.0,805.0,805.0,805.0,705.0,805.0,705.0,805.0,705.0,805.0,705.0,805.0,805.0,805.0,805.0,805.0,805.0,785.4586825539627,805.0,804.8702617048111,805.0,705.0,805.0
0.0,805.0,805.0,805.0,705.0,605.0,505.0,405.0,305.0,305.0,405.0,505.0,605.0,505.0,605.0,505.0,605.0,705.0,805.0,805.0,705.0,805.0,0.0,0.0,0.0,0.0,0.0,0.0,0.0,0.0,0.0,0.0,805.0,805.0,705.0,605.0,705.0,805.0,805.0,805.0,805.0,805.0,705.0,705.0,805.0,805.0,805.0,805.0,0.0
0.0,0.0,805.0,705.0,805.0,805.0,805.0,805.0,705.0,642.4163981771508,742.4163981771508,705.0,805.0,0.0,0.0,0.0,0.0,0.0,0.0,0.0,0.0,0.0,0.0,0.0,0.0,0.0,0.0,0.0,0.0,0.0,0.0,0.0,0.0,0.0,0.0,805.0,705.0,805.0,805.0,805.0,805.0,805.0,705.0,605.0,685.3289442587738,585.3289442587738,685.3289442587738,705.0,805.0
700.0,800.0,705.0,805.0,805.0,705.0,805.0,705.0,705.0,805.0,805.0,805.0,805.0,705.0,705.0,605.0,705.0,805.0,805.0,805.0,805.0,805.0,805.0,805.0,805.0,805.0,805.0,805.0,805.0,805.0,805.0,805.0,705.0,610.3007921740227,510.3007921740227,605.0,705.0,805.0,805.0,805.0,805.0,805.0,805.0,805.0,805.0,805.0,805.0,805.0,805.0
700.0,751.116220671709,651.116220671709,551.116220671709,605.0,705.0,805.0,705.0,805.0,805.0,805.0,805.0,805.0,705.0,805.0,705.0,805.0,805.0,805.0,805.0,805.0,705.0,805.0,781.8847220483094,805.0,805.0,805.0,805.0,805.0,805.0,805.0,805.0,705.0,605.0,505.0,605.0,705.0,805.0,805.0,805.0,805.0,805.0,805.0,805.0,805.0,805.0,805.0,805.0,805.0
700.0,800.0,700.0,600.0,500.0,505.0,605.0,705.0,605.0,705.0,805.0,805.0,805.0,705.0,605.0,505.0,605.0,705.0,805.0,805.0,805.0,705.0,805.0,805.0,705.0,805.0,805.0,0.0,0.0,0.0,0.0,0.0,0.0,0.0,0.0,0.0,0.0,805.0,805.0,805.0,805.0,805.0,805.0,805.0,705.0,805.0,805.0,805.0,805.0
700.0,800.0,805.0,804.8702616960782,805.0,805.0,805.0,705.0,705.0,805.0,805.0,805.0,805.0,705.0,804.1113344210677,704.1113344210677,804.1113344210677,766.7178225608768,805.0,805.0,805.0,705.0,805.0,805.0,805.0,805.0,805.0,805.0,805.0,805.0,805.0,805.0,705.0,805.0,705.0,805.0,705.0,805.0,805.0,805.0,805.0,805.0,805.0,805.0,805.0,805.0,805.0,805.0,805.0
700.0,800.0,805.0,805.0,805.0,805.0,805.0,705.0,805.0,805.0,805.0,805.0,805.0,729.0935493264114,805.0,705.0,805.0,705.0,805.0,805.0,805.0,805.0,805.0,805.0,705.7152797446179,805.0,805.0,805.0,805.0,805.0,705.0,805.0,705.0,805.0,705.0,805.0,705.0,805.0,805.0,805.0,805.0,805.0,805.0,805.0,805.0,805.0,805.0,805.0,805.0
700.0,800.0,805.0,805.0,805.0,805.0,805.0,705.0,805.0,805.0,805.0,805.0,805.0,705.0,605.0,505.0,605.0,705.0,805.0,805.0,805.0,805.0,805.0,705.0,705.0,805.0,805.0,805.0,805.0,805.0,705.0,805.0,705.0,805.0,705.0,805.0,705.0,805.0,805.0,805.0,805.0,805.0,805.0,805.0,805.0,805.0,705.0,805.0,805.0
0.0,605.0,505.0,605.0,705.0,805.0,730.4997687831947,630.4997687831947,605.0,705.0,805.0,771.9936739714867,805.0,705.0,605.0,505.0,605.0,705.0,805.0,805.0,805.0,805.0,805.0,805.0,705.0,805.0,805.0,805.0,805.0,805.0,705.0,805.0,805.0,805.0,705.0,605.0,705.0,805.0,805.0,805.0,805.0,805.0,805.0,805.0,805.0,805.0,805.0,805.0,805.0
0.0,805.0,705.0,805.0,805.0,805.0,805.0,705.0,731.2104319388192,805.0,805.0,805.0,805.0,705.0,805.0,705.0,805.0,705.0,805.0,805.0,805.0,799.8097909828703,805.0,805.0,805.0,805.0,805.0,805.0,805.0,805.0,805.0,805.0,705.0,805.0,705.0,805.0,705.0,805.0,805.0,805.0,805.0,805.0,805.0,805.0,805.0,805.0,705.0,805.0,805.0
0.0,805.0,705.0,805.0,705.0,805.0,705.0,790.6916422051381,704.347469137473,804.347469137473,805.0,805.0,805.0,705.0,605.0,505.0,605.0,705.0,805.0,805.0,805.0,805.0,805.0,805.0,805.0,805.0,705.0,805.0,805.0,805.0,805.0,805.0,705.0,805.0,705.0,805.0,705.0,805.0,805.0,805.0,805.0,805.0,805.0,805.0,805.0,805.0,739.2607681225254,805.0,805.0
0.0,805.0,734.7405234183534,634.7405234183534,630.5972674909517,730.5972674909517,805.0,805.0,705.0,705.0,805.0,805.0,805.0,805.0,805.0,705.0,805.0,705.0,805.0,805.0,805.0,805.0,805.0,705.0,805.0,805.0,805.0,805.0,805.0,805.0,805.0,805.0,732.3587643787632,805.0,705.0,805.0,705.0,805.0,805.0,805.0,805.0,805.0,805.0,805.0,805.0,805.0,805.0,805.0,805.0
5.52,0.0,0.0,0.0,0.0,0.0,0.0,0.0,0.0,0.0,0.0,0.0,0.0,0.0,0.0,0.0,0.0,0.0,0.0,0.0,0.0,0.0,0.0,0.0,0.0,0.0,0.0,0.0,0.0,0.0,0.0,0.0,0.0,0.0,0.0,0.0,0.0,0.0,0.0,0.0,0.0,0.0,0.0,0.0,0.0,0.0,0.0,0.0,0.0
0.0,0.0,0.0,0.0,0.0,0.0,0.0,0.0,0.0,0.0,0.0,0.0,0.0,0.0,0.0,0.0,0.0,0.0,0.0,0.0,0.0,0.0,0.0,0.0,0.0,0.0,0.0,0.0,0.0,0.0,0.0,0.0,0.0,0.0,0.0,0.0,0.0,0.0,0.0,0.0,0.0,0.0,0.0,0.0,0.0,0.0,0.0,0.0,0.0
17.2,17.2,0.0,0.0,0.0,0.0,0.0,0.0,0.0,0.0,0.0,0.0,0.0,0.0,0.0,0.0,0.0,0.0,0.0,0.0,0.0,0.0,17.2,17.2,17.2,17.2,17.2,17.2,17.2,17.2,17.2,17.2,17.2,17.2,17.2,17.2,17.2,0.0,0.0,0.0,0.0,0.0,0.0,0.0,0.0,0.0,0.0,0.0,0.0
0.0,0.0,0.0,0.0,0.0,0.0,0.0,0.0,0.0,0.0,0.0,0.0,0.0,0.0,0.0,0.0,0.0,0.0,0.0,0.0,0.0,0.0,0.0,0.0,0.0,0.0,0.0,0.0,0.0,0.0,0.0,0.0,0.0,0.0,0.0,0.0,0.0,0.0,0.0,0.0,0.0,0.0,0.0,0.0,0.0,0.0,0.0,0.0,0.0
11.2,0.0,0.0,0.0,0.0,0.0,0.0,0.0,0.0,0.0,0.0,0.0,0.0,0.0,0.0,0.0,0.0,0.0,0.0,0.0,0.0,0.0,0.0,0.0,0.0,0.0,0.0,0.0,0.0,0.0,0.0,0.0,0.0,0.0,0.0,0.0,0.0,0.0,0.0,0.0,0.0,0.0,0.0,0.0,0.0,0.0,0.0,0.0,0.0
0.0,0.0,0.0,0.0,0.0,0.0,0.0,0.0,0.0,0.0,0.0,0.0,0.0,0.0,0.0,0.0,0.0,0.0,0.0,0.0,0.0,0.0,0.0,0.0,0.0,0.0,0.0,0.0,0.0,0.0,0.0,0.0,0.0,0.0,0.0,0.0,0.0,0.0,0.0,0.0,0.0,0.0,0.0,0.0,0.0,0.0,0.0,0.0,0.0
29.6,0.0,0.0,0.0,0.0,0.0,0.0,0.0,0.0,0.0,0.0,0.0,0.0,0.0,0.0,0.0,0.0,0.0,0.0,0.0,0.0,0.0,0.0,0.0,0.0,0.0,0.0,0.0,0.0,0.0,0.0,0.0,0.0,0.0,0.0,0.0,0.0,0.0,0.0,0.0,0.0,0.0,0.0,0.0,0.0,0.0,0.0,0.0,0.0
0.0,0.0,0.0,0.0,0.0,0.0,0.0,0.0,0.0,0.0,0.0,0.0,0.0,0.0,0.0,0.0,0.0,0.0,0.0,0.0,0.0,0.0,0.0,0.0,0.0,0.0,0.0,0.0,0.0,0.0,0.0,0.0,0.0,0.0,0.0,0.0,0.0,0.0,0.0,0.0,0.0,0.0,0.0,0.0,0.0,0.0,0.0,0.0,0.0
0.0,0.0,0.0,0.0,0.0,0.0,0.0,0.0,0.0,0.0,0.0,0.0,0.0,0.0,0.0,0.0,0.0,0.0,0.0,0.0,0.0,0.0,0.0,0.0,0.0,0.0,0.0,0.0,0.0,0.0,0.0,0.0,0.0,0.0,0.0,0.0,0.0,0.0,0.0,0.0,0.0,0.0,0.0,0.0,0.0,0.0,0.0,0.0,0.0
10.0,28.75,18.402150377355312,0.0,0.0,0.0,0.0,0.0,0.0,0.0,0.0,0.0,0.0,0.0,0.0,0.0,0.0,0.0,0.0,0.0,0.0,0.0,0.0,0.0,0.0,0.0,0.0,0.0,20.02605948102319,20.024380826283736,14.638980375987117,20.021944336636125,17.162486044520847,10.0,10.0,10.0,10.0,28.75,28.75,0.0,0.0,0.0,0.0,0.0,0.0,0.0,0.0,0.0,0.0
0.0,0.0,0.0,0.0,0.0,0.0,0.0,0.0,10.84591719796718,10.0,10.0,10.0,10.211533554370174,10.211533554370174,10.845917197967015,10.0,10.0,10.0,11.057306093277884,10.0,10.0,10.0,10.0,10.423030934697453,10.0,10.423030934697453,10.0,10.211533554370174,0.0,0.0,0.0,0.0,0.0,0.0,0.0,0.0,0.0,0.0,0.0,0.0,0.0,0.0,0.0,0.0,0.0,0.0,0.0,0.0,0.0
8.0,17.084925000000002,8.0,9.084924999999973,9.084924999999973,0.0,0.0,0.0,0.0,0.0,0.0,0.0,0.0,0.0,0.0,0.0,0.0,8.0,8.0,8.95750213294549,8.957480338821018,8.957458540968926,8.0,9.084925000000144,8.0,8.95750213294549,8.0,0.0,0.0,0.0,0.0,0.0,0.0,0.0,0.0,0.0,0.0,17.084925000000144,23.0,23.0,19.755307547420735,23.0,21.2776569123278,16.96164569517236,16.961624609753578,16.961603520728392,16.96158242809619,20.261919299102495,0.0
0.0,0.0,9.084924999999973,8.0,8.0,9.084924999999973,9.084924999999973,9.084924999999973,8.0,9.084924999999973,9.084924999999973,8.0,8.0,8.0,0.0,0.0,0.0,0.0,0.0,0.0,0.0,0.0,0.0,0.0,0.0,0.0,0.0,8.957458540968926,8.0,8.957523923342983,8.95750213294549,8.0,8.957458540968926,9.212391459031238,8.0,9.212391459031238,8.957458540968926,0.0,0.0,0.0,0.0,0.0,0.0,0.0,0.0,0.0,0.0,0.0,20.263830987409523
0.0,0.0,0.0,0.0,0.0,8.0,8.0,8.0,9.084924999999973,8.0,8.0,20.257794706634666,14.023204093367653,8.0,12.43782539999923,12.43782539999923,12.43782539999923,8.0,9.467258987264788,8.0,8.0,8.0,9.084925000000144,8.0,9.467258987264689,8.0,8.957480338821018,8.0,9.59466006392141,8.0,8.0,8.957480338821018,8.0,8.0,8.957458540968926,8.0,8.0,0.0,0.0,0.0,0.0,0.0,0.0,0.0,0.0,0.0,0.0,8.0,8.0
40.76,0.0,0.0,0.0,0.0,0.0,0.0,0.0,0.0,0.0,0.0,0.0,0.0,0.0,0.0,0.0,0.0,0.0,0.0,0.0,0.0,0.0,0.0,0.0,0.0,0.0,0.0,0.0,0.0,0.0,0.0,0.0,0.0,0.0,0.0,0.0,0.0,0.0,0.0,0.0,0.0,0.0,0.0,0.0,0.0,0.0,0.0,0.0,0.0
0.0,0.0,0.0,0.0,0.0,0.0,0.0,0.0,0.0,0.0,0.0,0.0,0.0,0.0,0.0,0.0,0.0,0.0,0.0,0.0,0.0,0.0,0.0,0.0,0.0,0.0,0.0,0.0,0.0,0.0,0.0,0.0,0.0,0.0,0.0,0.0,0.0,0.0,0.0,0.0,0.0,0.0,0.0,0.0,0.0,0.0,0.0,0.0,0.0
0.0,0.0,0.0,0.0,0.0,0.0,0.0,0.0,0.0,0.0,0.0,0.0,0.0,0.0,0.0,0.0,0.0,0.0,0.0,0.0,0.0,0.0,0.0,0.0,0.0,0.0,0.0,0.0,0.0,0.0,0.0,0.0,0.0,0.0,0.0,0.0,0.0,0.0,0.0,0.0,0.0,0.0,0.0,0.0,0.0,0.0,0.0,0.0,0.0
10.96,13.325240157758426,13.325240157758405,13.325240157758405,13.325240157758405,13.325240157758405,13.325240157758405,13.325240157758405,0.0,0.0,0.0,0.0,0.0,0.0,0.0,0.0,0.0,0.0,0.0,0.0,0.0,0.0,0.0,0.0,0.0,0.0,0.0,0.0,0.0,0.0,0.0,0.0,0.0,0.0,0.0,0.0,0.0,0.0,0.0,0.0,0.0,0.0,0.0,0.0,0.0,0.0,0.0,0.0,0.0
0.0,0.0,0.0,0.0,0.0,0.0,0.0,0.0,0.0,0.0,0.0,0.0,0.0,0.0,0.0,0.0,0.0,0.0,0.0,0.0,0.0,0.0,0.0,0.0,0.0,0.0,0.0,0.0,0.0,0.0,0.0,0.0,0.0,0.0,0.0,0.0,0.0,0.0,0.0,0.0,0.0,0.0,0.0,0.0,0.0,0.0,0.0,0.0,0.0
0.0,0.0,0.0,0.0,0.0,0.0,0.0,0.0,13.325240157758405,13.325240157758405,13.325240157758405,13.325240157758405,13.325240157758405,13.325240157758405,13.325240157758405,13.325240157758405,13.325240157758405,12.799999999959255,0.0,0.0,0.0,0.0,0.0,0.0,0.0,0.0,0.0,0.0,0.0,0.0,0.0,0.0,0.0,0.0,0.0,0.0,0.0,0.0,0.0,0.0,0.0,0.0,0.0,0.0,0.0,0.0,0.0,0.0,0.0
0.0,0.0,0.0,0.0,0.0,0.0,0.0,0.0,0.0,0.0,0.0,0.0,0.0,0.0,0.0,0.0,0.0,0.0,0.0,0.0,0.0,0.0,0.0,0.0,0.0,0.0,0.0,0.0,0.0,0.0,0.0,0.0,0.0,0.0,0.0,0.0,0.0,0.0,0.0,0.0,0.0,0.0,0.0,0.0,0.0,0.0,0.0,0.0,0.0
0.0,0.0,0.0,0.0,0.0,0.0,0.0,0.0,0.0,0.0,0.0,0.0,0.0,0.0,0.0,0.0,0.0,0.0,0.0,0.0,0.0,0.0,0.0,0.0,0.0,0.0,0.0,0.0,0.0,0.0,0.0,0.0,0.0,0.0,0.0,0.0,0.0,0.0,0.0,0.0,0.0,0.0,0.0,0.0,0.0,0.0,0.0,0.0,0.0
10.8,0.0,0.0,0.0,0.0,0.0,0.0,0.0,0.0,0.0,0.0,0.0,0.0,0.0,0.0,0.0,0.0,0.0,0.0,0.0,0.0,15.151133967980304,15.151133967980304,15.151133967980304,15.151133967980304,15.151133967980304,15.151133967980304,15.151133967980304,15.151133967980304,15.151133967980304,15.151133967980304,0.0,0.0,0.0,0.0,0.0,0.0,0.0,0.0,0.0,0.0,0.0,0.0,0.0,0.0,0.0,0.0,0.0,15.151133967980304
0.0,0.0,0.0,0.0,0.0,0.0,0.0,0.0,15.151133967980304,15.151133967980304,15.151133967980304,15.151133967980304,15.151133967980304,15.151133967980304,15.151133967980304,15.151133967980304,15.151133967980304,15.151133967980304,15.151133967980304,0.0,0.0,0.0,0.0,0.0,0.0,0.0,0.0,0.0,0.0,0.0,0.0,0.0,0.0,0.0,0.0,0.0,0.0,0.0,0.0,0.0,0.0,0.0,0.0,0.0,0.0,0.0,0.0,0.0,0.0
0.0,0.0,0.0,0.0,0.0,0.0,0.0,0.0,0.0,0.0,0.0,0.0,0.0,0.0,0.0,0.0,0.0,0.0,0.0,0.0,0.0,0.0,0.0,0.0,0.0,0.0,0.0,0.0,0.0,0.0,0.0,0.0,0.0,0.0,0.0,0.0,0.0,0.0,15.151133967980304,15.151133967980304,15.151133967980304,15.151133967980304,15.151133967980304,15.151133967980304,15.151133967980304,15.151133967980304,15.151133967980304,15.151133967980304,0.0
0.0,0.0,0.0,0.0,0.0,0.0,0.0,0.0,0.0,0.0,0.0,0.0,0.0,0.0,0.0,0.0,0.0,0.0,0.0,0.0,0.0,0.0,0.0,0.0,0.0,0.0,0.0,0.0,0.0,0.0,0.0,0.0,0.0,0.0,0.0,0.0,0.0,0.0,0.0,0.0,0.0,0.0,0.0,0.0,0.0,0.0,0.0,0.0,0.0
22.4,0.0,0.0,0.0,0.0,0.0,0.0,0.0,0.0,0.0,0.0,0.0,0.0,0.0,0.0,0.0,0.0,0.0,0.0,0.0,0.0,0.0,0.0,0.0,0.0,0.0,0.0,0.0,0.0,0.0,0.0,0.0,0.0,0.0,0.0,0.0,0.0,0.0,0.0,0.0,0.0,0.0,0.0,0.0,0.0,0.0,0.0,0.0,0.0
0.0,0.0,0.0,0.0,0.0,0.0,0.0,0.0,0.0,0.0,0.0,0.0,0.0,0.0,0.0,0.0,0.0,0.0,0.0,0.0,0.0,0.0,0.0,0.0,0.0,0.0,0.0,0.0,0.0,0.0,0.0,0.0,0.0,0.0,0.0,0.0,0.0,0.0,0.0,0.0,0.0,0.0,0.0,0.0,0.0,0.0,0.0,0.0,0.0
18.68,0.0,0.0,0.0,0.0,0.0,0.0,0.0,0.0,0.0,0.0,0.0,0.0,0.0,0.0,0.0,0.0,0.0,0.0,0.0,0.0,0.0,0.0,0.0,0.0,0.0,0.0,0.0,0.0,0.0,0.0,0.0,0.0,0.0,0.0,0.0,0.0,0.0,0.0,0.0,0.0,0.0,0.0,0.0,0.0,0.0,0.0,0.0,0.0
0.0,0.0,0.0,0.0,0.0,0.0,0.0,0.0,0.0,0.0,0.0,0.0,0.0,0.0,0.0,0.0,0.0,0.0,0.0,0.0,0.0,0.0,0.0,0.0,0.0,0.0,0.0,0.0,0.0,0.0,0.0,0.0,0.0,0.0,0.0,0.0,0.0,0.0,0.0,0.0,0.0,0.0,0.0,0.0,0.0,0.0,0.0,0.0,0.0
0.0,0.0,0.0,0.0,0.0,0.0,0.0,0.0,0.0,0.0,0.0,0.0,0.0,0.0,0.0,0.0,0.0,0.0,0.0,0.0,0.0,0.0,0.0,0.0,0.0,0.0,0.0,0.0,0.0,0.0,0.0,0.0,0.0,0.0,0.0,0.0,0.0,0.0,0.0,0.0,0.0,0.0,0.0,0.0,0.0,0.0,0.0,0.0,0.0
14.0,40.25,0.0,0.0,0.0,0.0,0.0,0.0,0.0,0.0,0.0,0.0,0.0,0.0,0.0,0.0,0.0,0.0,0.0,0.0,0.0,0.0,0.0,0.0,0.0,0.0,0.0,0.0,0.0,0.0,0.0,0.0,0.0,0.0,0.0,0.0,0.0,0.0,0.0,0.0,0.0,0.0,0.0,0.0,0.0,0.0,0.0,0.0,0.0
0.0,0.0,0.0,0.0,0.0,0.0,0.0,0.0,0.0,0.0,0.0,0.0,0.0,0.0,0.0,0.0,0.0,0.0,0.0,0.0,0.0,0.0,0.0,0.0,0.0,0.0,0.0,0.0,0.0,0.0,0.0,0.0,0.0,0.0,0.0,0.0,0.0,0.0,0.0,0.0,0.0,0.0,0.0,0.0,0.0,0.0,0.0,0.0,0.0
0.0,0.0,0.0,0.0,0.0,0.0,0.0,0.0,0.0,0.0,0.0,0.0,0.0,0.0,0.0,0.0,0.0,0.0,0.0,0.0,0.0,0.0,0.0,0.0,0.0,0.0,0.0,0.0,0.0,0.0,0.0,0.0,0.0,0.0,0.0,0.0,0.0,0.0,0.0,0.0,0.0,0.0,0.0,0.0,0.0,0.0,0.0,0.0,0.0
0.0,0.0,0.0,0.0,0.0,0.0,0.0,0.0,0.0,0.0,0.0,0.0,0.0,0.0,0.0,0.0,0.0,0.0,0.0,0.0,0.0,0.0,0.0,0.0,0.0,0.0,0.0,0.0,0.0,0.0,0.0,0.0,0.0,0.0,0.0,0.0,0.0,0.0,0.0,0.0,0.0,0.0,0.0,0.0,0.0,0.0,0.0,0.0,0.0
44.0,0.0,0.0,0.0,0.0,0.0,0.0,0.0,0.0,0.0,0.0,0.0,0.0,0.0,0.0,0.0,0.0,0.0,0.0,0.0,0.0,0.0,0.0,0.0,44.0,44.0,50.21333383254003,50.17943587194256,50.14553791171767,44.0,44.0,44.0,44.0,44.0,44.0,48.97654413265383,68.97654413265383,86.5,106.5,126.5,0.0,0.0,0.0,0.0,0.0,0.0,0.0,0.0,0.0
0.0,0.0,0.0,0.0,0.0,0.0,0.0,0.0,0.0,0.0,0.0,0.0,0.0,0.0,0.0,0.0,0.0,0.0,0.0,0.0,0.0,0.0,0.0,0.0,0.0,0.0,0.0,0.0,0.0,44.0,44.0,44.0,44.0,44.0,44.0,64.0,84.0,95.83187042769435,115.83187042769435,115.53084630017304,0.0,0.0,0.0,0.0,0.0,0.0,0.0,0.0,0.0
0.0,0.0,0.0,0.0,0.0,0.0,0.0,0.0,0.0,0.0,0.0,0.0,0.0,0.0,0.0,0.0,0.0,0.0,0.0,0.0,0.0,0.0,0.0,0.0,0.0,0.0,0.0,0.0,0.0,0.0,0.0,0.0,0.0,0.0,0.0,0.0,0.0,106.5,126.5,106.5,94.29905953077991,74.29905953077991,54.299059530779914,44.0,44.0,44.0,44.0,0.0,0.0
19.8,0.0,0.0,0.0,0.0,0.0,0.0,0.0,0.0,0.0,0.0,0.0,0.0,0.0,0.0,0.0,0.0,0.0,0.0,0.0,0.0,0.0,0.0,0.0,0.0,0.0,0.0,0.0,0.0,0.0,0.0,0.0,0.0,0.0,0.0,0.0,0.0,0.0,0.0,0.0,0.0,0.0,0.0,0.0,0.0,0.0,0.0,0.0,0.0
0.0,0.0,0.0,0.0,0.0,0.0,0.0,0.0,0.0,0.0,0.0,0.0,0.0,0.0,0.0,0.0,0.0,0.0,0.0,0.0,0.0,0.0,0.0,0.0,0.0,0.0,0.0,0.0,0.0,0.0,0.0,0.0,0.0,0.0,0.0,0.0,0.0,0.0,56.925,56.925,56.925,56.92500000000001,36.92500000000001,23.944314000295734,43.94431400029573,36.248215239896965,36.27065377291479,36.29311231294666,0.0
0.0,0.0,0.0,0.0,0.0,0.0,0.0,0.0,0.0,0.0,0.0,0.0,0.0,0.0,0.0,0.0,0.0,0.0,0.0,0.0,0.0,0.0,0.0,0.0,0.0,0.0,0.0,0.0,19.8,19.8,19.8,39.749232287378604,19.8,39.8,39.7490963672292,19.8,19.8,39.8,0.0,0.0,0.0,0.0,0.0,0.0,0.0,0.0,0.0,0.0,36.315590877831575
0.0,0.0,0.0,0.0,0.0,0.0,0.0,0.0,0.0,0.0,0.0,0.0,0.0,0.0,0.0,0.0,0.0,0.0,0.0,0.0,0.0,0.0,0.0,19.8,19.8,19.8,34.98065286660325,34.958100644897634,19.8,19.799999999860322,19.8,28.27110198730547,48.27110198730547,28.321914966270185,28.42367688471016,48.42367688471016,48.4746259050156,46.78575621070205,56.92500000000001,56.92500000000001,56.92500000000001,56.925,36.925,34.95950627920762,0.0,0.0,0.0,0.0,0.0
53.2,0.0,0.0,0.0,0.0,0.0,0.0,0.0,0.0,0.0,0.0,0.0,0.0,0.0,0.0,0.0,0.0,0.0,0.0,0.0,0.0,0.0,0.0,0.0,0.0,0.0,0.0,0.0,0.0,0.0,0.0,0.0,0.0,0.0,0.0,0.0,0.0,0.0,0.0,0.0,0.0,0.0,0.0,0.0,0.0,0.0,0.0,0.0,0.0
0.0,0.0,0.0,0.0,0.0,0.0,0.0,0.0,0.0,0.0,0.0,0.0,0.0,0.0,0.0,0.0,0.0,0.0,0.0,0.0,0.0,0.0,0.0,0.0,0.0,0.0,0.0,0.0,0.0,0.0,0.0,0.0,0.0,0.0,0.0,0.0,0.0,0.0,0.0,0.0,0.0,0.0,0.0,0.0,0.0,0.0,0.0,0.0,0.0
0.0,0.0,0.0,0.0,0.0,0.0,0.0,0.0,0.0,0.0,0.0,0.0,0.0,0.0,0.0,0.0,0.0,0.0,0.0,0.0,0.0,0.0,0.0,0.0,0.0,0.0,0.0,0.0,0.0,0.0,0.0,0.0,0.0,0.0,0.0,53.2,53.2,82.94999999999999,152.95,152.95,82.94999999999999,53.2,53.2,53.2,53.2,0.0,0.0,0.0,0.0
16.72,0.0,0.0,0.0,0.0,0.0,0.0,0.0,0.0,0.0,0.0,0.0,0.0,0.0,0.0,0.0,0.0,0.0,0.0,0.0,0.0,0.0,0.0,0.0,0.0,0.0,0.0,0.0,0.0,0.0,0.0,0.0,0.0,0.0,0.0,0.0,0.0,0.0,0.0,0.0,0.0,0.0,0.0,0.0,0.0,0.0,0.0,0.0,0.0
16.76,0.0,0.0,0.0,0.0,0.0,0.0,0.0,0.0,0.0,0.0,0.0,0.0,0.0,0.0,0.0,0.0,0.0,0.0,0.0,0.0,0.0,0.0,0.0,0.0,0.0,0.0,0.0,0.0,0.0,0.0,0.0,0.0,0.0,0.0,0.0,0.0,0.0,0.0,0.0,0.0,0.0,0.0,0.0,0.0,0.0,0.0,0.0,0.0
60.0,75.9,26.4,26.4,0.0,0.0,0.0,0.0,0.0,0.0,0.0,0.0,0.0,0.0,75.9,75.9,75.9,75.9,49.45535277078821,75.9,75.9,49.43782661947208,75.9,75.9,75.9,75.9,75.9,75.9,49.39693226640102,49.39109021596224,49.385248165523564,75.9,75.9,75.9,75.9,26.4,72.45019586289126,75.9,72.43851176201386,26.4,75.9,75.9,26.4,26.4,75.9,49.297617408942784,75.9,75.9,49.28009125762665
0.0,26.4,75.9,26.4,49.53637966886336,75.9,75.9,75.9,75.9,75.9,49.501186681819746,75.9,49.4895025809424,75.9,75.9,49.47287892210434,49.46703687166567,49.46119482122688,75.9,49.44951072034942,75.9,75.9,75.9,26.4,26.4,75.9,49.40861636727848,75.9,75.9,75.9,75.9,49.37940611508489,49.373564064646104,75.9,75.9,75.9,75.9,72.44435381245253,75.9,75.9,75.9,26.4,75.9,75.9,0.0,0.0,0.0,0.0,0.0
0.0,26.4,75.9,75.9,75.9,49.5304813446601,75.9,49.51871283313599,75.9,49.50702873225853,75.9,75.9,75.9,0.0,0.0,0.0,0.0,0.0,0.0,0.0,0.0,0.0,0.0,75.9,72.52030046815585,75.9,75.9,49.4027743168397,75.9,75.9,75.9,75.9,75.9,75.9,75.9,75.9,26.4,75.9,26.4,75.9,72.4268276611364,26.4,26.4,75.9,75.9,75.9,75.9,75.9,75.9
0.0,75.9,75.9,75.9,75.9,75.9,49.52458302045696,75.9,49.512870782697206,75.9,75.9,75.9,75.9,75.9,49.47872097254313,75.9,75.9,75.9,75.9,75.9,49.44366866991075,75.9,75.9,26.4,75.9,0.0,0.0,0.0,0.0,0.0,0.0,0.0,0.0,0.0,0.0,72.45603791333,26.4,26.4,75.9,72.43266971157513,75.9,75.9,72.41514356025894,75.9,75.9,75.9,75.9,75.9,75.9
0.0,72.65407464147299,72.64817631726973,75.9,75.9,75.9,75.9,75.9,75.9,75.9,75.9,49.49534463138107,75.9,75.9,75.9,75.9,75.9,75.9,75.9,75.9,75.9,75.9,75.9,75.9,26.4,75.9,75.9,75.9,75.9,75.9,75.9,75.9,75.9,49.36772201420743,75.9,26.4,75.9,26.4,75.9,26.4,26.4,75.9,75.9,72.40930150982027,75.9,75.9,75.9,75.9,75.9
0.0,75.9,26.4,72.64227799306653,75.9,75.9,75.9,75.9,75.9,75.9,75.9,75.9,75.9,75.9,75.9,75.9,75.9,75.9,75.9,75.9,75.9,75.9,49.43198456903329,72.52614251859458,75.9,49.41445841771716,75.9,75.9,75.9,75.9,75.9,75.9,75.9,75.9,49.361879963768644,75.9,75.9,75.9,26.4,75.9,26.4,72.42098561069767,75.9,26.4,49.30345945938146,75.9,49.291775358504,49.285933308065324,75.9
14.0,34.0,40.25,40.25,39.622014099267666,39.62141961994118,40.25,40.25,40.25,40.25,40.25,39.61785274398217,40.25,40.25,40.25,40.25,40.25,39.61428586802316,39.61369138869664,40.25,40.25,40.25,40.25,39.61071899206415,39.61012451273763,40.25,39.60893555408462,40.25,40.25,40.25,39.60655763677861,40.25,40.25,40.25,40.25,40.25,40.25,39.60239628149312,40.25,40.25,39.600612843513595,40.25,40.25,40.25,40.25,40.25,40.25,40.25,40.25
0.0,40.25,40.25,40.25,40.25,40.25,39.620825140614656,40.25,39.61963618196165,39.61904170263517,39.61844722330865,40.25,40.25,39.616663785329166,40.25,40.25,40.25,40.25,40.25,39.61309690937016,39.612502430043634,40.25,40.25,40.25,40.25,39.60953003341114,40.25,40.25,39.607746595431614,39.607152116105134,40.25,39.60596315745213,40.25,40.25,39.604179719472604,40.25,39.6029907608196,40.25,39.6018018021666,40.25,40.25,39.600018364187115,40.25,39.598829405534104,40.25,40.25,40.25,39.5964514882281,40.25
0.0,40.25,39.623203057920676,39.62260857859419,40.25,40.25,40.25,39.620230661288176,40.25,40.25,40.25,40.25,39.617258264655646,40.25,39.61606930600264,39.61547482667616,39.61488034734964,40.25,40.25,40.25,40.25,39.61190795071715,39.61131347139063,40.25,40.25,40.25,40.25,39.60834107475814,40.25,40.25,40.25,40.25,39.60536867812561,39.60477419879913,40.25,39.603585240146124,40.25,40.25,40.25,39.60120732284012,40.25,40.25,39.59942388486059,40.25,39.59823492620758,39.5976404468811,39.59704596755458,40.25,39.59585700890159
5.88,16.905000000000005,16.905000000000005,16.905000000000005,16.905000000000005,0.0,0.0,0.0,0.0,0.0,0.0,0.0,0.0,0.0,0.0,0.0,0.0,0.0,0.0,0.0,0.0,0.0,0.0,0.0,0.0,0.0,0.0,0.0,0.0,0.0,0.0,0.0,0.0,0.0,0.0,0.0,0.0,0.0,0.0,0.0,0.0,0.0,0.0,0.0,0.0,0.0,0.0,0.0,0.0
0.0,0.0,0.0,0.0,0.0,0.0,0.0,0.0,0.0,0.0,0.0,0.0,0.0,0.0,0.0,0.0,0.0,0.0,0.0,0.0,0.0,0.0,0.0,0.0,0.0,0.0,0.0,0.0,0.0,0.0,0.0,0.0,0.0,0.0,0.0,0.0,0.0,0.0,0.0,0.0,0.0,0.0,0.0,0.0,0.0,0.0,0.0,0.0,0.0
0.0,0.0,0.0,0.0,0.0,0.0,0.0,0.0,0.0,0.0,0.0,0.0,0.0,0.0,0.0,0.0,0.0,0.0,0.0,0.0,0.0,0.0,0.0,0.0,0.0,0.0,0.0,0.0,0.0,0.0,0.0,0.0,0.0,0.0,0.0,0.0,0.0,0.0,0.0,0.0,0.0,0.0,0.0,0.0,0.0,0.0,0.0,0.0,0.0
120.0,143.75,0.0,0.0,0.0,0.0,0.0,0.0,0.0,0.0,0.0,0.0,0.0,0.0,0.0,0.0,0.0,0.0,0.0,0.0,0.0,0.0,0.0,143.75,143.75,143.75,143.75,118.10857341665796,143.75,143.75,118.04741271034557,143.75,118.00663890613731,117.98422059043888,117.9588238757612,143.75,117.90613647563583,0.0,0.0,0.0,0.0,0.0,0.0,0.0,0.0,0.0,0.0,0.0,0.0
120.0,143.75,0.0,0.0,0.0,0.0,0.0,0.0,0.0,0.0,0.0,0.0,0.0,0.0,0.0,0.0,0.0,0.0,0.0,0.0,0.0,0.0,0.0,143.75,143.75,143.75,143.75,143.75,118.08818651455383,143.75,143.75,143.75,143.75,143.75,143.75,143.75,143.75,0.0,0.0,0.0,0.0,0.0,0.0,0.0,0.0,0.0,0.0,0.0,0.0
0.0,0.0,0.0,0.0,0.0,0.0,0.0,0.0,0.0,0.0,0.0,0.0,0.0,0.0,0.0,0.0,0.0,0.0,0.0,0.0,0.0,50.0,50.0,118.19012102507449,118.16973412297037,118.14934722086623,118.1289603187621,143.75,143.75,118.0677996124497,143.75,118.02702580824143,143.75,143.75,143.75,117.93248017569852,143.75,0.0,0.0,0.0,0.0,0.0,0.0,0.0,0.0,0.0,0.0,0.0,0.0
14.0,0.0,0.0,0.0,0.0,0.0,0.0,0.0,0.0,0.0,0.0,0.0,0.0,0.0,0.0,0.0,0.0,0.0,0.0,0.0,0.0,0.0,0.0,0.0,0.0,0.0,0.0,0.0,0.0,0.0,0.0,0.0,0.0,0.0,0.0,0.0,0.0,0.0,0.0,0.0,0.0,0.0,0.0,0.0,0.0,0.0,0.0,0.0,0.0
0.0,0.0,0.0,0.0,0.0,0.0,0.0,0.0,0.0,0.0,0.0,0.0,0.0,0.0,0.0,0.0,0.0,0.0,0.0,0.0,0.0,0.0,0.0,0.0,0.0,0.0,0.0,0.0,0.0,0.0,0.0,0.0,0.0,0.0,0.0,0.0,0.0,0.0,0.0,0.0,0.0,0.0,0.0,0.0,0.0,0.0,0.0,0.0,0.0
0.0,0.0,0.0,0.0,0.0,0.0,0.0,0.0,0.0,0.0,0.0,0.0,0.0,0.0,0.0,0.0,0.0,0.0,0.0,0.0,0.0,0.0,0.0,0.0,0.0,0.0,0.0,0.0,0.0,0.0,0.0,0.0,0.0,0.0,0.0,0.0,0.0,0.0,0.0,0.0,0.0,0.0,0.0,0.0,0.0,0.0,0.0,0.0,0.0
0.0,0.0,0.0,0.0,0.0,0.0,0.0,0.0,0.0,0.0,0.0,0.0,0.0,0.0,0.0,0.0,0.0,0.0,0.0,0.0,0.0,0.0,0.0,0.0,0.0,0.0,0.0,0.0,0.0,0.0,0.0,0.0,0.0,0.0,0.0,0.0,0.0,0.0,0.0,0.0,0.0,0.0,0.0,0.0,0.0,0.0,0.0,0.0,0.0
6.0,10.920745000000112,10.920745000000023,10.920745000000023,10.920745000000023,10.920745000000023,10.920745000000023,10.920745000000023,10.920745000000023,10.92074500000039,10.92074500000039,10.92074500000039,0.0,0.0,0.0,0.0,0.0,0.0,0.0,0.0,0.0,0.0,0.0,0.0,0.0,0.0,0.0,0.0,0.0,0.0,0.0,0.0,0.0,0.0,0.0,0.0,0.0,0.0,0.0,0.0,0.0,0.0,0.0,0.0,0.0,0.0,0.0,0.0,0.0
0.0,0.0,0.0,0.0,0.0,0.0,0.0,0.0,0.0,0.0,0.0,0.0,10.92074500000039,10.92074500000039,10.92074500000039,10.92074500000039,10.92074500000039,10.92074500000039,10.92074500000039,10.92074500000039,10.92074500000039,10.92074500000039,10.92074500000039,10.92074500000039,10.92074500000039,0.0,0.0,0.0,0.0,0.0,0.0,0.0,0.0,0.0,0.0,10.92074500000039,10.92074500000039,10.92074500000039,10.92074500000039,10.92074500000039,10.92074500000039,10.92074500000039,10.92074500000039,10.92074500000039,10.92074500000039,10.92074500000039,10.92074500000039,0.0,0.0
0.0,0.0,0.0,0.0,0.0,0.0,0.0,0.0,0.0,0.0,0.0,0.0,0.0,0.0,0.0,0.0,0.0,0.0,0.0,0.0,0.0,0.0,0.0,0.0,0.0,10.92074500000039,10.92074500000039,10.92074500000039,10.92074500000039,10.92074500000039,10.92074500000039,10.92074500000039,10.92074500000039,10.92074500000039,10.92074500000039,0.0,0.0,0.0,0.0,0.0,0.0,0.0,0.0,0.0,0.0,0.0,0.0,10.92074500000039,10.92074500000039
0.0,0.0,0.0,0.0,0.0,0.0,0.0,0.0,0.0,0.0,0.0,0.0,0.0,0.0,0.0,0.0,0.0,0.0,0.0,0.0,0.0,0.0,0.0,0.0,0.0,0.0,0.0,0.0,0.0,0.0,0.0,0.0,0.0,0.0,0.0,0.0,0.0,0.0,0.0,0.0,0.0,0.0,0.0,0.0,0.0,0.0,0.0,0.0,0.0
15.72,35.720000000000034,31.954975610362226,45.19500000000001,45.19500000000001,45.19500000000001,0.0,0.0,0.0,0.0,0.0,0.0,0.0,0.0,0.0,0.0,0.0,0.0,0.0,18.49390755879044,38.49390755879044,32.20890755879045,15.72,15.72,15.72,15.72,15.72,15.72,32.20890755879045,15.72,15.72,15.72,15.72,15.72,15.72,15.72,25.195000000000007,45.19500000000001,45.19500000000001,31.97878699838145,18.30419534590785,15.72,35.72,15.72,15.72,15.72,25.195000000000007,45.19500000000001,45.195
0.0,41.442804316937945,45.19500000000001,45.19500000000001,45.19500000000001,41.46648949043072,21.466489490430718,15.72,15.72,15.72,15.72,15.72,15.72,15.719999999999999,35.72,15.72,15.72,25.195000000000007,45.19500000000001,45.19500000000001,25.195000000000007,15.72,32.208907558792085,32.2089075587921,15.72,32.20890755879045,32.20890755879045,15.72,15.72,15.72,32.20890755879045,32.20890755879045,32.20890755879045,15.72,32.20890755879045,33.38811351963341,21.554444411633533,41.55444441163353,45.195,45.19500000000001,35.72,15.72,35.72,0.0,0.0,0.0,0.0,0.0,0.0
0.0,45.31000000000001,45.31000000000001,32.05714690368279,32.04431819705676,35.76,15.76,15.76,15.76,15.76,33.02719220838844,0.0,0.0,0.0,0.0,0.0,0.0,0.0,0.0,0.0,0.0,15.76,15.76,15.76,32.24890755879045,15.76,15.76,32.24890755879045,15.76,32.24890755879045,15.76,15.76,15.76,32.24890755879045,15.76,15.76,15.76,35.76,32.106615705007485,45.31000000000001,25.31000000000001,15.76,35.76,0.0,0.0,0.0,0.0,0.0,0.0
16.0,23.97737498170295,23.977374981743196,16.0,0.0,0.0,0.0,0.0,0.0,0.0,0.0,0.0,0.0,0.0,16.0,16.0,16.0,23.97737498170295,16.0,23.97737498170295,16.0,16.0,23.97737498170295,23.97737498170295,16.0,16.0,16.0,16.0,16.0,19.97737498170295,39.97737498170295,36.0,16.0,19.97737498170295,39.97737498170295,23.97737498170295,16.0,23.97737498170295,16.0,23.97737498170295,16.0,16.0,23.97737498170295,16.0,23.97737498170295,23.97737498170295,16.0,16.0,16.0
0.0,16.0,16.0,20.0,16.0,19.977374981743196,39.977374981743196,19.977374981743196,16.0,16.0,16.0,16.0,36.0,39.97737498170295,19.97737498170295,16.0,23.97737498170295,16.0,16.0,16.0,16.0,16.0,16.0,16.0,23.97737498170295,39.97737498170295,39.97737498170295,39.97737498170295,39.97737498170295,36.0,16.0,19.97737498170295,39.97737498170295,36.0,16.0,16.0,23.97737498170295,16.0,23.97737498170295,16.0,23.97737498170295,16.0,16.0,16.0,16.0,16.0,23.97737498170295,23.97737498170295,23.97737498170295
0.0,16.0,16.0,19.977374981743196,39.977374981743196,36.0,16.0,36.0,39.977374981743196,39.977374981743196,39.977374981743196,39.977374981743196,19.977374981743196,16.0,20.0,23.97737498170295,16.0,16.0,23.97737498170295,16.0,23.97737498170295,23.97737498170295,16.0,16.0,16.0,0.0,0.0,0.0,0.0,0.0,0.0,0.0,0.0,0.0,0.0,16.0,16.0,16.0,16.0,16.0,16.0,23.97737498170295,16.0,23.97737498170295,16.0,16.0,16.0,16.0,16.0
25.4,70.40000000000006,0.0,0.0,0.0,0.0,0.0,0.0,0.0,0.0,0.0,0.0,0.0,0.0,0.0,0.0,0.0,0.0,0.0,0.0,0.0,0.0,0.0,73.025,61.09035717861512,73.025,73.025,73.025,61.084932505294155,73.025,73.025,61.080864000303436,73.025,73.025,61.076795495312716,61.07543932698247,73.025,61.07272699032199,63.69637082199175,61.07001465366151,73.025,73.025,73.025,73.025,61.0632338120103,73.025,73.025,0.0,0.0
0.0,0.0,0.0,0.0,0.0,0.0,0.0,0.0,0.0,0.0,0.0,0.0,0.0,0.0,0.0,0.0,0.0,0.0,0.0,0.0,0.0,25.4,25.4,61.09171334694536,73.025,61.08900101028488,61.08764484195464,61.0862886736244,73.025,61.083576336963915,61.082220168633675,73.025,61.079507831973196,61.078151663642956,73.025,73.025,61.07408315865223,73.025,70.4,73.025,61.06865848533127,61.06730231700103,61.06594614867078,61.06458998034054,73.025,61.06187764368006,61.060521475349816,0.0,0.0
19.12,19.12,0.0,0.0,0.0,0.0,0.0,0.0,0.0,0.0,0.0,0.0,0.0,0.0,0.0,0.0,0.0,0.0,0.0,0.0,0.0,0.0,0.0,0.0,0.0,0.0,0.0,0.0,0.0,0.0,0.0,0.0,0.0,0.0,0.0,0.0,0.0,0.0,0.0,0.0,0.0,0.0,0.0,0.0,0.0,0.0,0.0,0.0,0.0
0.0,0.0,0.0,0.0,0.0,0.0,0.0,0.0,0.0,0.0,0.0,0.0,0.0,0.0,0.0,0.0,0.0,0.0,0.0,0.0,0.0,0.0,0.0,0.0,0.0,0.0,0.0,0.0,0.0,0.0,0.0,0.0,0.0,0.0,0.0,0.0,0.0,0.0,0.0,0.0,0.0,0.0,0.0,0.0,0.0,0.0,0.0,0.0,0.0
350.0,0.0,0.0,0.0,0.0,0.0,0.0,0.0,0.0,0.0,0.0,226.85335586927664,226.85335586927664,226.85335586927664,226.85335586927664,226.85335586927664,226.85335586927664,226.85335586927664,226.85335586927664,226.85335586927664,226.85335586927664,0.0,0.0,0.0,0.0,0.0,0.0,0.0,0.0,0.0,0.0,0.0,226.85335586927664,226.85335586927664,226.85335586927664,226.85335586927664,226.85335586927664,226.85335586927664,226.85335586927664,226.85335586927664,226.85335586927664,226.85335586927664,226.85335586927664,226.85335586927664,226.85335586927664,226.85335586927664,0.0,0.0,0.0
350.0,0.0,0.0,0.0,0.0,0.0,0.0,0.0,0.0,0.0,0.0,0.0,0.0,0.0,0.0,0.0,0.0,0.0,0.0,0.0,0.0,0.0,0.0,0.0,0.0,0.0,0.0,0.0,0.0,0.0,0.0,0.0,0.0,0.0,0.0,0.0,0.0,0.0,0.0,0.0,0.0,0.0,0.0,0.0,0.0,0.0,0.0,0.0,0.0
350.0,0.0,0.0,0.0,0.0,0.0,0.0,0.0,0.0,0.0,0.0,0.0,0.0,0.0,0.0,0.0,0.0,0.0,0.0,0.0,0.0,0.0,0.0,0.0,0.0,0.0,0.0,0.0,0.0,0.0,0.0,0.0,0.0,0.0,0.0,0.0,0.0,0.0,0.0,0.0,0.0,0.0,0.0,0.0,0.0,0.0,0.0,226.85335586927664,226.85335586927664
350.0,0.0,0.0,0.0,0.0,0.0,0.0,0.0,0.0,0.0,0.0,0.0,0.0,0.0,0.0,0.0,0.0,0.0,0.0,0.0,0.0,226.85335586927664,226.85335586927664,226.85335586927664,226.85335586927664,226.85335586927664,226.85335586927664,226.85335586927664,226.85335586927664,226.85335586927664,226.85335586927664,226.85335586927664,0.0,0.0,0.0,0.0,0.0,0.0,0.0,0.0,0.0,0.0,0.0,0.0,0.0,0.0,0.0,0.0,0.0
350.0,0.0,0.0,0.0,0.0,0.0,0.0,0.0,0.0,0.0,0.0,0.0,0.0,0.0,0.0,0.0,0.0,0.0,0.0,0.0,0.0,0.0,0.0,0.0,0.0,0.0,0.0,0.0,0.0,0.0,0.0,0.0,0.0,0.0,0.0,0.0,0.0,0.0,0.0,0.0,0.0,0.0,0.0,0.0,0.0,0.0,0.0,0.0,0.0
150.0,0.0,0.0,0.0,0.0,0.0,0.0,0.0,0.0,0.0,0.0,0.0,0.0,0.0,0.0,0.0,0.0,0.0,0.0,0.0,0.0,0.0,0.0,0.0,0.0,0.0,0.0,0.0,0.0,50.0,50.0,50.0,58.00536056315438,58.00536056315438,58.00536056315438,58.00536056315438,50.0,50.0,58.00536056315438,0.0,0.0,0.0,0.0,0.0,0.0,0.0,0.0,0.0,0.0
150.0,58.00536056315438,108.00536056315438,108.00536056315438,108.00536056315438,108.00536056315438,108.00536056315438,108.00536056315438,108.00536056315438,108.00536056315438,108.00536056315438,108.00536056315438,108.00536056315438,108.00536056315438,50.0,50.0,50.0,58.00536056315438,50.0,58.00536056315438,50.0,50.0,50.0,50.0,50.0,58.00536056315438,50.0,58.00536056315438,58.00536056315438,58.00536056315438,58.00536056315438,58.00536056315438,50.0,50.0,50.0,50.0,58.00536056315438,0.0,0.0,0.0,0.0,0.0,0.0,0.0,0.0,0.0,0.0,0.0,58.00536056315438
150.0,0.0,0.0,0.0,0.0,0.0,0.0,0.0,0.0,0.0,0.0,0.0,0.0,0.0,0.0,0.0,0.0,0.0,0.0,0.0,0.0,0.0,0.0,0.0,0.0,0.0,0.0,0.0,0.0,0.0,0.0,0.0,0.0,0.0,0.0,0.0,0.0,58.00536056315438,50.0,50.0,58.00536056315438,58.00536056315438,58.00536056315438,58.00536056315438,58.00536056315438,58.00536056315438,50.0,0.0,0.0
150.0,50.0,0.0,0.0,0.0,0.0,0.0,0.0,0.0,0.0,0.0,0.0,0.0,0.0,58.00536056315438,58.00536056315438,58.00536056315438,50.0,58.00536056315438,50.0,58.00536056315438,58.00536056315438,58.00536056315438,58.00536056315438,58.00536056315438,50.0,58.00536056315438,50.0,50.0,0.0,0.0,0.0,0.0,0.0,0.0,0.0,0.0,0.0,0.0,58.00536056315438,50.0,50.0,50.0,50.0,50.0,50.0,58.00536056315438,108.00536056315438,50.0
70.0,86.25,86.25,86.25,53.53186321963449,79.78186321963449,83.53186321963449,86.25,86.25,86.25,30.0,30.0,86.25,86.25,86.25,86.25,30.0,86.25,86.25,30.0,86.25,86.25,86.25,30.0,86.25,57.28186321956582,86.25,86.25,30.0,30.0,30.0,30.0,30.0,30.0,86.25,30.0,30.0,86.25,86.25,86.25,30.0,86.25,86.25,86.24999999999955,86.25,30.0,86.25,30.0,86.25
70.0,86.25,86.25,86.25,86.25,86.25,86.25,83.53186321963449,86.25,86.25,30.0,30.0,86.25,86.25,86.25,86.25,86.25,86.25,86.25,30.0,86.25,86.25,86.25,30.0,86.25,86.25,86.25,86.25,30.0,30.0,30.0,30.0,30.0,30.0,86.25,30.0,30.0,86.25,86.25,86.25,30.0,86.25,86.25,86.25,86.25,30.0,86.25,30.0,86.25
70.0,86.25,86.25,86.25,86.25,86.25,86.25,86.25,86.25,86.25,30.0,30.0,86.25,86.25,86.25,86.25,86.25,86.25,86.25,30.0,86.25,86.25,86.25,30.0,86.25,0.0,0.0,0.0,0.0,0.0,0.0,0.0,0.0,0.0,0.0,30.0,30.0,86.25,86.25,86.25,86.25,86.25,86.25,86.25,86.25,86.25,86.25,30.0,86.25
70.0,86.25,86.25,86.25,86.25,86.25,86.25,86.25,86.25,86.25,57.281863219605384,30.0,86.25,86.25,86.25,30.0,86.25,86.25,86.25,30.0,86.25,86.25,86.25,30.0,86.25,86.25,86.25,86.25,86.25,86.25,30.0,30.0,30.0,30.0,86.25,30.0,30.0,86.25,86.25,86.25,86.25,86.25,86.25,86.25,86.25,86.25,0.0,0.0,0.0
70.0,86.25,86.25,86.25,86.25,86.25,86.25,86.25,86.25,86.25,86.25,30.0,86.25,86.25,86.25,86.25,86.25,86.25,86.25,30.0,86.25,86.25,86.25,30.0,0.0,0.0,0.0,0.0,0.0,0.0,0.0,0.0,0.0,0.0,0.0,0.0,0.0,0.0,86.25,86.25,86.25,61.031863219566276,86.25,86.25,86.25,86.25,86.25,86.25,86.25
70.0,86.25,86.25,30.0,86.25,86.25,86.25,86.25,86.25,86.25,86.25,86.25,86.25,86.25,86.25,86.25,86.25,30.0,86.25,30.0,86.25,86.25,86.25,30.0,86.25,86.25,86.25,86.25,30.0,86.25,30.0,30.0,30.0,30.0,86.25,86.25,86.25,0.0,0.0,0.0,0.0,0.0,0.0,0.0,0.0,0.0,0.0,86.25,86.25
70.0,86.25,86.25,30.0,86.25,86.25,86.25,86.25,86.25,86.25,86.25,86.25,86.25,86.25,86.25,86.25,86.25,30.0,86.25,30.0,86.25,86.25,79.78186321956582,30.0,86.25,86.25,86.25,86.25,86.25,86.25,30.0,30.0,30.0,30.0,86.25,86.25,86.25,0.0,0.0,0.0,0.0,0.0,0.0,0.0,0.0,0.0,0.0,86.25,86.25
70.0,86.25,49.78186321963449,30.0,86.25,86.25,0.0,0.0,0.0,0.0,0.0,0.0,0.0,0.0,0.0,0.0,86.25,30.0,86.25,30.0,86.25,86.25,86.25,30.0,86.25,86.25,86.25,86.25,57.28186321956582,86.25,30.0,30.0,30.0,30.0,86.25,86.25,86.25,86.25,86.25,86.25,86.25,86.25,86.25,86.25,86.25,86.25,0.0,0.0,0.0
70.0,86.25,86.25,30.0,86.25,86.25,86.25,86.25,86.25,86.25,86.25,86.25,86.25,86.25,86.25,86.25,86.25,30.0,86.25,30.0,86.25,86.25,86.25,30.0,86.25,86.25,86.25,86.25,86.25,86.25,86.25,86.25,86.25,86.25,86.25,86.25,86.25,86.25,86.25,86.25,86.25,86.25,86.25,86.25,86.25,31.03186321956582,30.0,86.25,86.25
70.0,86.25,86.25,30.0,86.25,86.25,86.25,86.25,86.25,57.281863219605384,86.25,86.25,86.25,86.25,86.25,86.25,86.25,30.0,86.25,30.0,86.25,86.25,86.25,0.0,0.0,0.0,0.0,0.0,0.0,0.0,0.0,0.0,0.0,0.0,0.0,86.25,86.25,86.25,86.25,86.25,86.25,86.25,86.25,86.25,86.25,86.25,30.0,86.25,86.25
70.0,86.25,0.0,0.0,0.0,0.0,0.0,0.0,0.0,0.0,0.0,0.0,0.0,0.0,0.0,86.25,86.25,30.0,86.25,86.25,86.25,86.25,86.25,86.25,86.25,86.25,86.25,86.25,86.25,86.25,86.25,86.25,0.0,0.0,0.0,0.0,0.0,0.0,0.0,0.0,0.0,0.0,0.0,0.0,0.0,0.0,30.0,86.25,86.25
70.0,86.25,86.25,30.0,86.25,86.25,86.25,86.25,86.25,30.0,86.25,86.25,86.25,86.25,86.25,86.25,30.0,30.0,0.0,0.0,0.0,0.0,0.0,0.0,0.0,0.0,0.0,0.0,86.25,86.25,86.25,86.25,86.25,86.25,86.25,86.25,86.25,86.25,0.0,0.0,0.0,0.0,0.0,0.0,0.0,0.0,0.0,0.0,86.25
70.0,86.25,86.25,86.25,86.25,86.25,86.25,86.25,86.25,30.0,86.25,86.25,86.25,86.25,86.25,86.25,30.0,86.25,0.0,0.0,0.0,0.0,0.0,0.0,0.0,0.0,0.0,0.0,86.25,86.25,86.25,86.25,86.25,86.25,86.25,86.25,86.25,86.25,86.25,86.25,86.25,86.25,0.0,0.0,0.0,0.0,0.0,0.0,0.0
70.0,86.25,30.0,86.25,86.25,86.25,86.25,86.25,86.25,30.0,86.25,86.25,86.25,86.25,86.25,86.25,30.0,30.0,86.25,86.25,86.25,86.25,86.25,86.25,86.25,86.25,86.25,86.25,86.25,83.53186321956582,86.25,86.25,86.25,86.25,0.0,0.0,0.0,0.0,0.0,0.0,0.0,0.0,0.0,0.0,0.0,0.0,30.0,86.25,86.25
70.0,86.25,30.0,86.25,86.25,86.25,86.25,86.25,83.53186321963449,30.0,86.25,86.25,86.25,86.25,86.25,86.25,30.0,86.25,86.25,86.25,86.25,0.0,0.0,0.0,0.0,0.0,0.0,0.0,0.0,0.0,0.0,86.25,86.25,86.25,86.25,86.25,86.25,86.25,86.25,86.25,86.25,86.25,86.25,86.25,30.0,86.25,57.28186321956582,86.25,86.25
70.0,86.25,30.0,86.25,86.25,86.25,86.25,86.25,86.25,86.25,86.25,86.25,86.25,30.0,86.25,86.25,30.0,86.25,86.25,86.25,86.25,86.25,86.25,86.25,86.25,86.25,86.25,86.25,30.0,30.0,86.25,86.25,86.25,86.25,86.25,86.25,86.25,86.25,86.25,86.25,86.25,86.25,86.25,86.25,61.03186321956582,86.25,86.25,86.25,86.25
70.0,86.25,30.0,86.25,86.25,86.25,86.25,86.25,86.25,86.25,86.25,86.25,86.25,30.0,86.25,86.25,30.0,86.25,86.25,86.25,86.25,86.25,86.25,86.25,86.25,86.25,86.25,86.25,86.25,30.0,86.25,86.25,86.25,86.25,86.25,86.25,86.25,86.25,86.25,86.25,86.25,86.25,86.25,86.25,86.25,86.25,86.25,86.25,86.25
70.0,86.25,30.0,86.25,86.25,86.25,86.25,30.0,86.25,86.25,86.25,86.25,86.25,30.0,86.25,86.25,46.03186321956582,86.25,30.0,86.25,86.25,86.25,86.25,86.25,86.25,30.0,86.25,86.25,0.0,0.0,0.0,0.0,0.0,0.0,0.0,0.0,0.0,0.0,86.25,86.25,86.25,86.25,86.25,86.25,86.25,86.25,86.25,86.25,86.25
70.0,86.25,30.0,86.25,86.25,86.25,86.25,30.0,86.25,86.25,86.25,86.25,86.25,30.0,86.25,86.25,86.25,30.0,86.25,49.78186321956582,86.25,86.25,86.25,86.25,86.25,30.0,86.25,86.25,86.25,30.0,86.25,86.25,86.25,86.25,86.25,86.25,86.25,86.25,86.25,30.0,86.25,86.25,86.25,86.25,86.25,86.25,86.25,86.25,86.25
70.0,86.25,30.0,86.25,86.25,86.25,86.25,30.0,86.25,86.25,86.25,86.25,86.25,30.0,86.25,86.25,86.25,86.25,86.25,86.25,86.25,86.25,86.25,86.25,86.25,30.0,86.25,86.25,86.25,86.25,86.25,86.25,86.25,86.25,86.25,86.25,86.25,86.25,86.25,61.03186321956582,86.25,86.25,86.25,86.25,86.25,86.25,86.25,86.25,86.25
70.0,86.25,0.0,0.0,0.0,0.0,0.0,0.0,0.0,0.0,0.0,0.0,0.0,0.0,0.0,0.0,0.0,0.0,0.0,0.0,0.0,86.25,86.25,86.25,86.25,30.0,86.25,86.25,86.25,86.25,86.25,86.25,86.25,86.25,86.25,86.25,86.25,86.25,86.25,86.25,86.25,86.25,86.25,86.25,86.25,86.25,86.25,86.25,0.0
70.0,86.25,30.0,86.25,86.25,86.25,86.25,30.0,86.25,86.25,86.25,86.25,86.25,30.0,86.25,86.25,86.25,86.25,86.25,86.25,86.25,86.25,86.25,86.25,86.25,86.25,86.25,86.25,86.25,86.25,86.25,86.25,86.25,86.25,0.0,0.0,0.0,0.0,0.0,0.0,0.0,0.0,0.0,0.0,86.25,86.25,86.25,86.25,86.25
70.0,86.25,30.0,86.25,86.25,86.25,86.25,30.0,30.0,86.25,86.25,86.25,30.0,30.0,86.25,86.25,86.25,86.25,86.25,0.0,0.0,0.0,0.0,0.0,0.0,0.0,0.0,0.0,0.0,0.0,0.0,0.0,86.25,86.25,86.25,86.25,86.25,86.25,86.25,86.25,86.25,86.25,86.25,86.25,86.25,86.25,86.25,0.0,0.0
70.0,86.25,30.0,86.25,86.25,86.25,86.25,30.0,30.0,86.25,86.25,86.25,30.0,30.0,86.25,86.25,86.25,86.25,86.25,86.25,86.25,86.25,86.25,86.25,86.25,86.25,86.25,31.03186321956582,86.25,86.25,86.25,86.25,86.25,86.25,86.25,86.25,86.25,86.25,86.25,86.25,86.25,86.25,86.25,86.25,86.25,86.25,86.25,30.0,86.25
70.0,86.25,86.25,53.53186321963449,86.25,86.25,86.25,86.25,30.0,86.25,86.25,86.25,86.25,30.0,30.0,30.0,86.25,86.25,49.78186321956582,86.25,86.25,86.25,86.25,86.25,86.25,86.25,86.25,86.25,86.25,86.25,86.25,86.25,86.25,86.25,86.25,86.25,86.25,86.25,86.25,86.25,86.25,86.25,86.25,86.25,86.25,86.25,86.25,30.0,86.25
70.0,86.25,86.25,0.0,0.0,0.0,0.0,0.0,0.0,0.0,0.0,0.0,0.0,86.25,30.0,30.0,86.25,30.0,86.25,86.25,86.25,86.25,86.25,86.25,86.25,86.25,86.25,86.25,86.25,86.25,86.25,86.25,86.25,86.25,86.25,86.25,86.25,86.25,86.25,86.25,86.25,86.25,0.0,0.0,0.0,0.0,0.0,0.0,0.0
70.0,86.25,86.25,86.25,86.25,86.25,86.25,86.25,30.0,86.25,86.25,30.0,86.25,86.25,30.0,86.25,86.25,46.03186321956582,86.25,86.25,49.78186321956582,86.25,86.25,86.25,86.25,86.25,86.25,86.25,86.25,86.25,86.25,86.25,86.25,86.25,86.25,86.25,86.25,86.25,61.03186321956582,86.25,86.25,86.25,86.25,86.25,86.25,86.25,86.25,86.25,86.25
70.0,79.78186321962994,86.25,86.25,86.25,86.25,86.25,86.25,30.0,86.25,86.25,86.25,30.0,86.25,30.0,86.25,86.25,86.25,86.25,86.25,30.0,79.78186321956582,86.25,86.25,86.25,86.25,86.25,86.25,86.25,86.25,86.25,86.25,86.25,86.25,86.25,86.25,86.25,86.25,30.0,86.25,86.25,86.25,86.25,86.25,86.25,86.25,86.25,86.25,86.25
70.0,30.0,86.25,86.25,30.0,86.25,86.25,86.25,30.0,0.0,0.0,0.0,0.0,0.0,0.0,0.0,0.0,0.0,0.0,86.25,30.0,86.25,30.0,86.25,86.25,86.25,86.25,86.25,86.25,86.25,86.25,86.25,86.25,86.25,86.25,86.25,86.25,86.25,86.25,86.25,86.25,0.0,0.0,0.0,0.0,0.0,0.0,0.0,0.0
70.0,30.0,86.25,86.25,0.0,0.0,0.0,0.0,0.0,0.0,0.0,0.0,0.0,0.0,0.0,0.0,0.0,0.0,86.25,86.25,30.0,86.25,86.25,79.78186321956582,86.25,86.25,86.25,86.25,86.25,86.25,86.25,86.25,86.25,86.25,86.25,86.25,86.25,86.25,86.25,86.25,86.25,86.25,86.25,86.25,86.25,86.25,86.25,83.53186321956628,0.0
70.0,0.0,0.0,0.0,0.0,0.0,0.0,0.0,0.0,0.0,0.0,86.25,86.25,86.25,30.0,86.25,86.25,86.25,86.25,86.25,30.0,86.25,86.25,86.25,86.25,86.25,86.25,86.25,86.25,86.25,86.25,86.25,86.25,86.25,86.25,86.25,86.25,86.25,86.25,86.25,86.25,86.25,86.25,86.25,86.25,86.25,86.25,86.25,61.03186321956582
70.0,30.0,86.25,30.0,30.0,86.25,86.25,86.25,86.25,86.25,86.25,86.25,86.25,86.25,30.0,86.25,86.25,86.25,86.25,86.25,30.0,0.0,0.0,0.0,0.0,0.0,0.0,0.0,0.0,0.0,0.0,0.0,0.0,0.0,0.0,0.0,0.0,0.0,0.0,0.0,86.25,86.25,86.25,86.25,86.25,86.25,86.25,86.25,86.25
70.0,30.0,86.25,86.25,30.0,86.25,0.0,0.0,0.0,0.0,0.0,0.0,0.0,0.0,0.0,0.0,30.0,86.25,86.25,86.25,30.0,86.25,86.25,86.25,86.25,86.25,86.25,86.25,86.25,86.25,86.25,86.25,86.25,86.25,86.25,86.25,86.25,86.25,86.25,86.25,86.25,86.25,86.25,86.25,86.25,86.25,86.25,86.25,86.25
70.0,30.0,86.25,86.25,30.0,86.25,86.25,86.25,86.25,86.25,86.25,86.25,86.25,86.25,30.0,86.25,30.0,86.25,86.25,86.25,30.0,86.25,86.25,86.25,86.25,86.25,31.03186321956582,86.25,86.25,86.25,86.25,86.25,86.25,86.25,86.25,86.25,86.25,86.25,86.25,86.25,86.25,86.25,86.25,86.25,86.25,86.25,86.25,86.25,86.25
70.0,30.0,86.25,86.25,30.0,86.25,86.25,86.25,86.25,86.25,86.25,86.25,86.25,0.0,0.0,0.0,0.0,0.0,0.0,0.0,0.0,0.0,0.0,86.25,86.25,86.25,30.0,86.25,86.25,86.25,86.25,86.25,86.25,86.25,86.25,86.25,86.25,86.25,86.25,86.25,86.25,86.25,86.25,86.25,86.25,86.25,86.25,86.25,86.25
70.0,30.0,86.25,86.25,30.0,30.0,86.25,86.25,86.25,86.25,86.25,86.25,86.25,86.25,30.0,30.0,86.25,86.25,86.25,86.25,30.0,86.25,86.25,86.25,86.25,86.25,30.0,86.25,86.25,30.0,86.25,86.25,86.25,86.25,86.25,86.25,86.25,86.25,86.25,86.25,86.25,86.25,86.25,86.25,86.25,86.25,86.25,86.25,0.0
70.0,30.0,86.25,86.25,30.0,30.0,86.25,86.25,86.25,86.25,86.25,86.25,30.0,79.78186321956582,30.0,30.0,86.25,86.25,86.25,86.25,30.0,86.25,86.25,86.25,86.25,86.25,86.25,86.25,86.25,86.25,86.25,86.25,86.25,86.25,30.0,86.25,86.25,86.25,86.25,86.25,86.25,86.25,86.25,86.25,86.25,86.25,86.25,86.25,86.25
70.0,30.0,86.25,86.25,86.25,30.0,86.25,86.25,86.25,86.25,86.25,86.25,30.0,86.25,86.25,30.0,86.25,86.25,86.25,86.25,30.0,86.25,86.25,86.25,86.25,86.25,86.25,86.25,86.25,86.25,86.25,86.25,86.25,86.25,30.0,0.0,0.0,0.0,0.0,0.0,0.0,0.0,0.0,0.0,0.0,0.0,0.0,30.0,86.25
70.0,86.25,86.25,86.25,86.25,30.0,86.25,86.25,86.25,86.25,86.25,86.25,86.25,86.25,86.25,30.0,30.0,86.25,86.25,86.25,86.25,86.25,86.25,86.25,86.25,86.25,86.25,86.25,86.25,86.25,86.25,86.25,86.25,86.25,86.25,86.25,86.25,86.25,86.25,86.25,86.25,86.25,86.25,86.25,86.25,86.25,86.25,86.25,86.25
70.0,86.25,0.0,0.0,0.0,0.0,0.0,0.0,0.0,0.0,0.0,0.0,30.0,86.25,86.25,86.25,30.0,86.25,86.25,86.25,86.25,86.25,86.25,86.25,86.25,86.25,86.25,86.25,86.25,86.25,86.25,86.25,86.25,86.25,86.25,86.25,86.25,86.25,86.25,86.25,86.25,86.25,86.25,86.25,86.25,86.25,86.25,86.25,86.25
70.0,86.25,86.25,86.25,86.25,30.0,86.25,86.25,86.25,86.25,86.25,86.25,86.25,86.25,86.25,86.25,30.0,86.25,0.0,0.0,0.0,0.0,0.0,0.0,0.0,0.0,0.0,0.0,0.0,86.25,86.25,86.25,86.25,86.25,86.25,86.25,86.25,86.25,86.25,86.25,86.25,86.25,86.25,86.25,86.25,86.25,86.25,0.0,0.0
70.0,86.25,86.25,86.25,86.25,30.0,86.25,86.25,86.25,86.25,86.25,86.25,30.0,86.25,86.25,86.25,30.0,86.25,30.0,86.25,86.25,30.0,86.25,86.25,86.25,86.25,86.25,86.25,86.25,86.25,86.25,0.0,0.0,0.0,0.0,0.0,0.0,0.0,0.0,0.0,0.0,0.0,86.25,86.25,86.25,86.25,86.25,86.25,86.25
70.0,86.25,86.25,0.0,0.0,0.0,0.0,0.0,0.0,0.0,0.0,0.0,0.0,86.25,86.25,30.0,86.25,86.25,30.0,86.25,86.25,30.0,30.0,86.25,30.0,86.25,86.25,30.0,86.25,86.25,86.25,86.25,86.25,86.25,86.25,86.25,0.0,0.0,0.0,0.0,0.0,0.0,0.0,0.0,0.0,0.0,86.25,86.25,86.25
70.0,86.25,86.25,86.25,86.25,30.0,86.25,86.25,86.25,86.25,86.25,86.25,86.25,86.25,86.25,86.25,86.25,86.25,30.0,86.25,86.25,30.0,30.0,86.25,30.0,86.25,0.0,0.0,0.0,0.0,0.0,0.0,0.0,0.0,0.0,0.0,86.25,86.25,86.25,86.25,86.25,86.25,86.25,86.25,86.25,86.25,86.25,86.25,86.25
0.0,0.0,86.25,86.25,86.25,30.0,30.0,86.25,86.25,86.25,86.25,86.25,86.25,86.25,86.25,86.25,86.25,86.25,30.0,86.25,86.25,30.0,30.0,86.25,30.0,86.25,86.25,30.0,86.25,86.25,86.25,86.25,86.25,86.25,86.25,86.25,86.25,86.25,86.25,86.25,86.25,86.25,86.25,86.25,86.25,86.25,86.25,86.25,30.0
0.0,0.0,0.0,0.0,0.0,30.0,30.0,86.25,86.25,86.25,86.25,86.25,86.25,86.25,86.25,49.78186321956582,86.25,86.25,30.0,86.25,86.25,30.0,30.0,86.25,30.0,86.25,86.25,86.25,86.25,86.25,86.25,86.25,86.25,86.25,86.25,86.25,86.25,86.25,86.25,86.25,31.031863219566276,86.25,86.25,86.25,86.25,86.25,86.25,86.25,86.25
0.0,0.0,0.0,0.0,86.25,86.25,30.0,86.25,86.25,86.25,86.25,86.25,86.25,86.25,79.78186321956582,30.0,86.25,86.25,30.0,86.25,86.25,30.0,30.0,86.25,0.0,0.0,0.0,0.0,0.0,0.0,0.0,0.0,0.0,0.0,0.0,86.25,86.25,86.25,86.25,86.25,86.25,86.25,86.25,86.25,86.25,86.25,86.25,0.0,0.0
0.0,0.0,86.25,86.25,86.25,86.25,30.0,86.25,86.25,86.25,86.25,86.25,86.25,86.25,86.25,86.25,86.25,30.0,30.0,86.25,86.25,30.0,30.0,86.25,30.0,86.25,86.25,86.25,86.25,86.25,86.25,86.25,86.25,86.25,86.25,86.25,86.25,86.25,86.25,86.25,86.25,30.0,86.25,86.25,86.25,86.25,86.25,86.25,0.0
0.0,0.0,86.25,86.25,86.25,86.25,30.0,86.25,86.25,86.25,86.25,86.25,86.25,86.25,86.25,86.25,86.25,30.0,30.0,86.25,86.25,30.0,30.0,86.25,30.0,86.25,86.25,86.25,86.25,86.25,86.25,86.25,86.25,86.25,86.25,0.0,0.0,0.0,0.0,0.0,0.0,0.0,0.0,0.0,0.0,86.25,86.25,86.25,86.25
0.0,0.0,86.25,86.25,86.25,86.25,30.0,86.25,86.25,86.25,30.0,83.53186321960538,53.531863219605384,86.25,86.25,30.0,86.25,30.0,30.0,86.25,86.25,30.0,30.0,86.25,83.53186321956582,86.25,86.25,86.25,86.25,86.25,83.53186321956582,83.53186321956582,83.53186321956582,83.53186321956582,31.03186321956582,57.28186321956582,57.28186321956582,0.0,0.0,0.0,0.0,0.0,0.0,0.0,0.0,0.0,0.0,86.25,86.25
70.0,29.32,29.32,0.0,0.0,0.0,0.0,0.0,0.0,0.0,0.0,0.0,0.0,0.0,0.0,0.0,0.0,0.0,0.0,0.0,0.0,0.0,0.0,0.0,0.0,0.0,0.0,0.0,0.0,29.32,29.32,52.586712717781836,29.319999999999997,29.32,29.32,29.32,29.32,84.295,84.295,29.32,84.295,29.32,49.871513979862485,58.19651397986321,84.295,84.295,84.295,84.295,0.0
70.0,37.33671271786438,29.32,29.32,0.0,0.0,0.0,0.0,0.0,0.0,0.0,0.0,0.0,0.0,0.0,0.0,0.0,84.295,29.32,29.32,29.32,29.32,29.32,29.32,29.32,29.32,29.32,29.32,81.90671271778162,29.32,29.32,84.295,29.32,29.32,29.32,84.295,29.32,84.295,84.295,29.32,29.32,29.32,84.295,84.295,84.295,84.295,84.295,84.295,84.295
70.0,29.32,29.32,29.32,29.32,29.32,29.32,29.32,29.32,84.295,84.295,29.32,29.32,84.295,29.32,84.295,82.49671271778163,29.32,29.32,29.32,29.32,29.32,29.32,29.32,0.0,0.0,0.0,0.0,0.0,0.0,0.0,0.0,0.0,0.0,0.0,0.0,29.32,84.295,84.295,29.32,29.32,29.32,84.295,84.295,84.295,29.32,84.295,84.295,84.295
70.0,0.0,0.0,0.0,0.0,0.0,0.0,0.0,0.0,0.0,0.0,0.0,0.0,0.0,0.0,0.0,0.0,0.0,0.0,0.0,0.0,29.32,29.32,29.32,29.32,47.62671271778153,29.32,29.32,29.32,29.32,29.320000000000007,29.32,0.0,0.0,0.0,0.0,0.0,0.0,0.0,0.0,0.0,0.0,84.295,84.295,84.295,29.32,84.295,84.295,84.295
70.0,29.32,29.32,68.13671271783045,29.32,0.0,0.0,0.0,0.0,0.0,0.0,0.0,0.0,0.0,0.0,0.0,0.0,0.0,0.0,0.0,0.0,0.0,0.0,0.0,0.0,0.0,0.0,0.0,0.0,0.0,0.0,0.0,29.32,29.32,29.32,84.295,29.32,84.295,84.295,29.32,29.32,29.32,0.0,0.0,0.0,0.0,0.0,0.0,0.0
70.0,29.32,29.32,29.32,29.32,84.295,29.32,84.295,84.295,29.32,29.32,29.32,29.32,29.32,0.0,0.0,0.0,0.0,0.0,0.0,0.0,0.0,0.0,0.0,0.0,0.0,0.0,0.0,0.0,0.0,0.0,0.0,0.0,0.0,0.0,73.98671271778183,29.32,41.756513979956836,29.32,84.295,29.32,29.32,84.295,84.295,84.295,29.32,84.295,84.295,84.295
70.0,0.0,0.0,0.0,0.0,0.0,0.0,0.0,0.0,0.0,0.0,0.0,0.0,0.0,0.0,0.0,0.0,0.0,0.0,0.0,0.0,0.0,0.0,0.0,0.0,0.0,29.32,29.32,29.32,29.32,29.32,29.32,29.32,29.32,29.32,29.32,29.32,84.295,29.32,84.295,29.32,29.32,84.295,84.295,84.295,29.32,29.32,84.295,84.295
70.0,29.32,29.32,29.32,29.32,84.295,29.32,0.0,0.0,0.0,0.0,0.0,0.0,0.0,0.0,0.0,0.0,43.96171271778151,29.32,29.32,29.32,29.32,29.32,29.32,29.32,84.295,46.14671271778185,0.0,0.0,0.0,0.0,0.0,0.0,0.0,0.0,0.0,0.0,84.295,84.295,84.295,43.641513979863845,29.32,84.295,84.295,84.295,29.32,29.32,84.295,0.0
70.0,0.0,0.0,0.0,0.0,0.0,0.0,0.0,0.0,0.0,0.0,0.0,0.0,0.0,0.0,0.0,0.0,0.0,0.0,0.0,0.0,0.0,0.0,0.0,0.0,0.0,0.0,0.0,0.0,0.0,0.0,0.0,0.0,0.0,0.0,0.0,0.0,84.295,84.295,84.295,84.295,84.295,84.295,84.295,84.295,84.295,29.32,84.295,84.295
70.0,0.0,0.0,0.0,0.0,0.0,0.0,0.0,0.0,0.0,0.0,0.0,0.0,0.0,0.0,0.0,0.0,0.0,0.0,0.0,0.0,0.0,0.0,0.0,0.0,0.0,0.0,0.0,0.0,0.0,0.0,0.0,0.0,29.32,29.32,29.32,29.32,84.295,84.295,84.295,84.295,84.295,84.295,84.295,84.295,84.295,84.295,0.0,0.0
70.0,0.0,0.0,0.0,0.0,0.0,0.0,0.0,0.0,0.0,0.0,29.32,84.295,84.295,29.32,29.32,29.32,29.32,29.32,29.32,29.32,0.0,0.0,0.0,0.0,0.0,0.0,0.0,0.0,0.0,0.0,0.0,0.0,0.0,0.0,0.0,0.0,84.295,84.295,84.295,84.295,84.295,84.295,84.295,84.295,84.295,84.295,0.0,0.0
70.0,29.32,29.32,29.32,29.32,84.295,29.32,84.295,29.32,29.32,84.295,84.295,84.295,29.32,29.32,29.32,29.32,29.32,29.32,29.32,29.32,69.61671271784093,69.61671271784093,29.32,29.32,29.32,0.0,0.0,0.0,0.0,0.0,0.0,0.0,0.0,0.0,0.0,0.0,84.295,84.295,84.295,84.295,84.295,84.295,84.295,84.295,84.295,84.295,84.295,84.295
70.0,29.32,29.32,29.32,29.32,45.37171271778159,73.21171271778162,84.295,84.295,0.0,0.0,0.0,0.0,0.0,0.0,0.0,0.0,0.0,0.0,0.0,0.0,0.0,0.0,0.0,0.0,0.0,0.0,0.0,0.0,0.0,0.0,0.0,0.0,0.0,0.0,0.0,29.32,84.295,84.295,84.295,84.295,84.295,84.295,84.295,84.295,84.295,84.295,84.295,84.295
70.0,0.0,0.0,0.0,0.0,0.0,0.0,0.0,0.0,0.0,0.0,29.32,84.295,77.46671271778168,29.32,29.32,29.32,29.32,29.32,29.32,29.32,29.32,29.32,0.0,0.0,0.0,0.0,0.0,0.0,0.0,0.0,0.0,0.0,0.0,0.0,0.0,0.0,84.295,84.295,84.295,84.295,84.295,84.295,84.295,84.295,84.295,84.295,84.295,84.295
70.0,29.32,37.3367127178421,29.32,29.32,29.32,84.295,84.295,83.13171271778135,84.295,0.0,0.0,0.0,0.0,0.0,0.0,0.0,0.0,0.0,0.0,29.32,29.32,29.32,29.32,29.32,84.295,84.295,29.32,29.32,29.32,0.0,0.0,0.0,0.0,0.0,0.0,0.0,0.0,0.0,0.0,0.0,0.0,84.295,84.295,84.295,84.295,84.295,84.295,84.295
70.0,29.32,29.32,29.32,84.295,29.32,84.295,84.295,84.295,29.32,0.0,0.0,0.0,0.0,0.0,0.0,0.0,0.0,0.0,0.0,0.0,0.0,0.0,0.0,0.0,0.0,0.0,0.0,0.0,0.0,29.32,29.32,29.32,29.32,29.32,29.32,29.32,84.295,84.295,84.295,84.295,84.295,84.295,84.295,0.0,0.0,0.0,0.0,0.0
70.0,0.0,0.0,0.0,0.0,0.0,0.0,0.0,0.0,0.0,0.0,0.0,0.0,0.0,0.0,0.0,0.0,0.0,0.0,0.0,0.0,0.0,0.0,0.0,0.0,0.0,0.0,0.0,0.0,29.32,29.32,29.32,29.32,29.32,29.32,29.32,29.32,84.295,84.295,84.295,84.295,84.295,84.295,84.295,54.12651397986282,84.295,84.295,84.295,0.0
70.0,29.32,29.32,29.32,45.96171271778168,29.32,84.295,0.0,0.0,0.0,0.0,0.0,0.0,0.0,0.0,0.0,0.0,29.32,29.32,29.32,29.32,29.32,29.32,29.32,29.32,29.32,84.295,29.32,0.0,0.0,0.0,0.0,0.0,0.0,0.0,0.0,0.0,0.0,0.0,0.0,84.295,84.295,84.295,84.295,84.295,68.00151397986373,29.32,84.295,84.295
70.0,29.32,29.32,29.32,29.32,29.32,29.32,77.5817127177814,29.32,84.295,84.295,29.32,84.295,29.32,29.32,0.0,0.0,0.0,0.0,0.0,0.0,0.0,0.0,0.0,0.0,0.0,0.0,0.0,0.0,0.0,0.0,0.0,0.0,0.0,0.0,0.0,0.0,0.0,84.295,84.295,84.295,84.295,84.295,84.295,84.295,84.295,29.32,84.295,84.295
70.0,0.0,0.0,0.0,0.0,0.0,0.0,0.0,0.0,0.0,0.0,0.0,0.0,0.0,0.0,0.0,0.0,0.0,0.0,0.0,0.0,0.0,0.0,0.0,0.0,0.0,29.32,29.32,84.295,29.32,29.32,84.295,29.32,29.32,29.32,29.32,29.32,84.295,84.295,84.295,84.295,84.295,84.295,84.295,84.295,84.295,29.32,84.295,0.0
70.0,29.32,29.32,29.32,29.32,29.32,29.32,29.32,29.32,84.295,84.295,29.32,0.0,0.0,0.0,0.0,0.0,0.0,0.0,0.0,0.0,0.0,0.0,0.0,0.0,0.0,0.0,0.0,0.0,0.0,0.0,0.0,0.0,0.0,0.0,0.0,0.0,84.295,84.295,84.295,84.295,84.295,84.295,29.32,84.295,84.295,29.32,34.0215139798635,84.295
70.0,0.0,0.0,0.0,0.0,0.0,0.0,0.0,0.0,0.0,0.0,0.0,0.0,29.32,29.32,77.65171271778156,29.32,29.32,29.32,29.32,29.32,29.32,29.32,29.32,29.32,29.32,29.32,0.0,0.0,0.0,0.0,0.0,0.0,0.0,0.0,0.0,0.0,84.295,84.295,84.295,84.295,84.295,84.295,29.32,84.295,84.295,73.55151397986334,84.295,84.295
70.0,0.0,0.0,0.0,0.0,0.0,0.0,0.0,0.0,0.0,0.0,0.0,0.0,29.32,29.32,84.295,29.32,29.32,29.32,29.32,29.32,29.32,29.32,29.32,29.32,29.32,29.32,29.32,84.295,0.0,0.0,0.0,0.0,0.0,0.0,0.0,0.0,0.0,0.0,0.0,0.0,0.0,0.0,0.0,0.0,0.0,0.0,84.295,84.295
70.0,29.32,29.32,0.0,0.0,0.0,0.0,0.0,0.0,0.0,0.0,0.0,0.0,29.32,29.32,84.295,29.32,29.32,29.32,84.295,29.32,29.32,29.32,29.32,0.0,0.0,0.0,0.0,0.0,0.0,0.0,0.0,0.0,0.0,0.0,0.0,0.0,84.295,84.295,84.295,84.295,84.295,84.295,29.32,84.295,84.295,84.295,84.295,84.295
60.0,27.84,27.84,27.84,27.84,27.84,0.0,0.0,0.0,0.0,0.0,0.0,0.0,0.0,0.0,0.0,0.0,0.0,0.0,0.0,0.0,0.0,0.0,0.0,0.0,0.0,0.0,0.0,27.839999999999996,27.84,80.04000000000002,27.839999999999996,80.04000000000002,27.84,79.5367127177816,27.84,27.84,27.84,0.0,0.0,0.0,0.0,0.0,0.0,0.0,0.0,0.0,0.0,0.0
60.0,27.84,27.84,27.84,27.839999999999996,27.839999999999996,27.84,0.0,0.0,0.0,0.0,0.0,0.0,0.0,0.0,0.0,0.0,0.0,0.0,0.0,0.0,0.0,0.0,0.0,27.84,27.84,27.84,27.84,27.84,56.656712717781545,80.04000000000002,27.84,80.04000000000002,27.84,0.0,0.0,0.0,0.0,0.0,0.0,0.0,0.0,0.0,0.0,0.0,0.0,0.0,0.0,0.0
60.0,27.84,27.84,27.84,27.84,27.84,0.0,0.0,0.0,0.0,0.0,0.0,0.0,0.0,0.0,0.0,0.0,0.0,0.0,0.0,0.0,0.0,0.0,0.0,0.0,27.84,27.84,80.04000000000002,27.84,27.84,56.656712717781886,27.84,28.81671271778157,27.839999999999996,80.04000000000002,0.0,0.0,0.0,0.0,0.0,0.0,0.0,0.0,0.0,0.0,0.0,0.0,0.0,0.0
60.0,27.84,27.84,27.84,27.84,0.0,0.0,0.0,0.0,0.0,0.0,0.0,0.0,0.0,0.0,0.0,0.0,0.0,0.0,0.0,0.0,0.0,0.0,27.84,27.84,27.839999999999996,27.839999999999996,56.65671271778177,27.84,80.04000000000002,27.84,27.84,80.04000000000002,27.84,80.04000000000002,0.0,0.0,0.0,0.0,0.0,0.0,0.0,0.0,0.0,0.0,0.0,0.0,0.0,0.0
60.0,27.84,27.84,27.84,27.84,27.84,27.84,0.0,0.0,0.0,0.0,0.0,0.0,0.0,0.0,0.0,0.0,0.0,0.0,0.0,0.0,0.0,27.84,27.84,27.84,27.84,27.84,80.04000000000002,27.84,80.04000000000002,27.84,27.84,0.0,0.0,0.0,0.0,0.0,0.0,0.0,0.0,0.0,0.0,0.0,0.0,0.0,0.0,0.0,0.0,0.0
60.0,27.84,27.84,27.84,27.84,27.84,27.839999999999996,27.84,0.0,0.0,0.0,0.0,0.0,0.0,0.0,0.0,0.0,0.0,0.0,0.0,0.0,0.0,0.0,27.84,27.84,27.84,27.84,80.04000000000002,27.83999999999999,80.04000000000002,80.04000000000002,27.84,27.84,0.0,0.0,0.0,0.0,0.0,0.0,0.0,0.0,0.0,0.0,0.0,0.0,0.0,0.0,0.0,0.0
60.0,27.84,27.84,27.84,80.04000000000002,27.84,27.84,27.84,27.84,0.0,0.0,0.0,0.0,0.0,0.0,0.0,0.0,0.0,0.0,0.0,27.84,27.84,27.84,27.84,80.04000000000002,27.84,27.84,27.84,27.84,27.84,27.84,27.84,27.84,79.5367127177816,27.84,27.84,27.84,80.04000000000002,80.04000000000002,80.04000000000002,80.04000000000002,80.04000000000002,80.04000000000002,27.84,80.04000000000002,80.04000000000002,80.04000000000002,27.84,80.04000000000002
60.0,0.0,0.0,0.0,0.0,0.0,0.0,0.0,0.0,0.0,0.0,0.0,0.0,0.0,0.0,0.0,0.0,0.0,0.0,0.0,0.0,0.0,0.0,0.0,0.0,0.0,0.0,0.0,0.0,0.0,0.0,0.0,0.0,0.0,0.0,0.0,0.0,80.04000000000002,80.04000000000002,80.04000000000002,80.04000000000002,80.04000000000002,80.04000000000002,27.84,80.04000000000002,80.04000000000002,80.04000000000002,27.84,80.04000000000002
60.0,0.0,0.0,0.0,0.0,0.0,0.0,0.0,0.0,0.0,0.0,0.0,0.0,80.04000000000002,27.84,27.84,27.84,27.84,27.84,70.32171271778141,27.84,27.84,27.84,0.0,0.0,0.0,0.0,0.0,0.0,0.0,0.0,0.0,0.0,0.0,0.0,0.0,0.0,0.0,0.0,80.04000000000002,80.04000000000002,80.04000000000002,80.04000000000002,27.84,80.04000000000002,27.84,80.04000000000002,27.84,80.04000000000002
60.0,0.0,0.0,0.0,0.0,0.0,0.0,0.0,0.0,0.0,0.0,0.0,27.84,27.84,27.84,27.84,27.84,27.84,27.84,27.84,27.84,27.84,27.84,27.84,27.84,27.84,27.84,27.84,27.84,27.84,27.84,27.84,27.84,80.04000000000002,27.84,27.84,27.84,80.04000000000002,80.04000000000002,80.04000000000002,80.04000000000002,80.04000000000002,80.04000000000002,27.84,80.04000000000002,27.84,80.04000000000002,27.84,80.04000000000002
60.0,27.84,27.84,27.84,0.0,0.0,0.0,0.0,0.0,0.0,0.0,0.0,0.0,0.0,0.0,27.84,27.84,27.84,27.84,27.84,27.84,27.84,27.84,27.84,27.84,27.84,27.84,27.84,80.04000000000002,27.84,27.84,27.84,27.84,27.84,27.84,27.84,27.84,80.04000000000002,80.04000000000002,80.04000000000002,80.04000000000002,80.04000000000002,80.04000000000002,80.04000000000002,80.04000000000002,80.04000000000002,80.04000000000002,27.84,80.04000000000002
60.0,27.84,27.84,27.84,27.84,27.84,27.84,27.84,27.84,27.84,80.04000000000002,64.32171271778145,0.0,0.0,0.0,0.0,0.0,0.0,0.0,0.0,0.0,0.0,0.0,0.0,0.0,27.84,27.84,27.84,27.84,27.83999999999999,27.84,27.84,27.84,27.84,27.84,27.84,27.84,80.04000000000002,80.04000000000002,80.04000000000002,80.04000000000002,80.04000000000002,0.0,0.0,0.0,0.0,0.0,0.0,0.0
60.0,0.0,0.0,0.0,0.0,0.0,0.0,0.0,0.0,0.0,0.0,0.0,0.0,0.0,0.0,0.0,0.0,0.0,0.0,0.0,0.0,0.0,0.0,0.0,0.0,0.0,0.0,0.0,0.0,0.0,0.0,0.0,27.84,27.84,27.84,27.84,27.84,80.04000000000002,80.04000000000002,80.04000000000002,80.04000000000002,80.04000000000002,80.04000000000002,80.04000000000002,80.04000000000002,80.04000000000002,80.04000000000002,80.04000000000002,80.04000000000002
60.0,0.0,0.0,0.0,0.0,0.0,0.0,0.0,0.0,0.0,0.0,0.0,0.0,0.0,0.0,0.0,0.0,0.0,0.0,0.0,27.84,27.84,27.84,27.84,27.84,27.84,27.84,27.84,27.84,27.84,27.84,0.0,0.0,0.0,0.0,0.0,0.0,0.0,0.0,0.0,0.0,80.04000000000002,80.04000000000002,80.04000000000002,80.04000000000002,80.04000000000002,80.04000000000002,80.04000000000002,80.04000000000008
60.0,27.84,27.84,27.84,0.0,0.0,0.0,0.0,0.0,0.0,0.0,0.0,0.0,0.0,27.84,27.84,27.84,27.84,27.84,27.84,27.84,27.84,27.84,27.84,27.84,0.0,0.0,0.0,0.0,0.0,0.0,0.0,0.0,0.0,0.0,0.0,0.0,0.0,0.0,0.0,0.0,0.0,0.0,0.0,80.04000000000002,80.04000000000002,80.04000000000002,80.04000000000002,80.04000000000002
60.0,0.0,0.0,0.0,0.0,0.0,0.0,0.0,0.0,0.0,0.0,80.04000000000002,27.84,27.84,27.84,27.84,27.84,27.84,27.84,27.84,27.84,27.84,0.0,0.0,0.0,0.0,0.0,0.0,0.0,0.0,0.0,0.0,27.84,27.84,27.84,27.84,27.84,27.84,80.04000000000002,80.04000000000002,80.04000000000002,80.04000000000002,80.04000000000002,80.04000000000002,80.04000000000002,80.04000000000002,80.04000000000002,80.04000000000002,0.0
60.0,27.84,27.84,27.84,27.84,27.84,27.84,27.84,27.84,80.04000000000002,80.04000000000002,80.04000000000002,80.04000000000002,27.84,27.84,27.84,27.84,27.84,80.04000000000002,27.84,0.0,0.0,0.0,0.0,0.0,0.0,0.0,0.0,0.0,0.0,0.0,0.0,0.0,0.0,0.0,0.0,0.0,80.04000000000002,80.04000000000002,80.04000000000002,80.04000000000002,80.04000000000002,80.04000000000002,80.04000000000002,80.04000000000002,80.04000000000002,80.04000000000002,80.04000000000002,80.04000000000002
60.0,27.84,27.84,0.0,0.0,0.0,0.0,0.0,0.0,0.0,0.0,0.0,0.0,27.84,80.04000000000002,27.84,27.84,27.84,45.25671271778157,27.84,27.84,27.84,27.84,27.84,27.84,0.0,0.0,0.0,0.0,0.0,0.0,0.0,0.0,0.0,0.0,27.84,27.84,80.04000000000002,80.04000000000002,80.04000000000002,80.04000000000002,80.04000000000002,27.84,80.04000000000002,27.84,80.04000000000002,80.04000000000002,80.04000000000002,0.0
60.0,0.0,0.0,0.0,0.0,0.0,0.0,0.0,0.0,0.0,0.0,0.0,0.0,27.84,80.04000000000002,27.84,27.84,27.84,27.84,27.84,68.13671271784094,27.84,27.84,27.84,0.0,0.0,0.0,0.0,0.0,0.0,0.0,0.0,0.0,0.0,27.84,27.84,27.84,80.04000000000002,80.04000000000002,80.04000000000002,80.04000000000002,80.04000000000002,27.84,80.04000000000002,27.84,80.04000000000002,80.04000000000002,80.04000000000002,80.04000000000002
0.0,0.0,0.0,27.84,27.84,27.84,27.84,27.84,80.04000000000002,80.04000000000002,27.84,80.04000000000002,80.04000000000002,27.84,80.04000000000002,27.84,27.84,27.84,27.84,0.0,0.0,0.0,0.0,0.0,0.0,0.0,0.0,0.0,0.0,0.0,0.0,0.0,0.0,0.0,0.0,0.0,27.84,80.04000000000002,80.04000000000002,80.04000000000002,80.04000000000002,80.04000000000002,27.84,80.04000000000002,27.84,80.04000000000002,0.0,0.0,0.0
0.0,0.0,0.0,0.0,0.0,0.0,0.0,0.0,0.0,0.0,0.0,0.0,0.0,0.0,0.0,0.0,0.0,0.0,0.0,0.0,0.0,0.0,0.0,0.0,0.0,0.0,0.0,0.0,0.0,0.0,0.0,27.84,27.84,27.84,27.84,27.84,27.84,80.04000000000002,80.04000000000002,80.04000000000002,80.04000000000002,80.04000000000002,27.84,80.04000000000002,27.84,80.04000000000002,80.04000000000002,80.04000000000002,80.04000000000002
0.0,0.0,0.0,0.0,0.0,0.0,27.84,27.84,80.04000000000002,31.636712717781307,38.07671271778145,80.04000000000002,27.84,27.84,80.04000000000002,27.84,27.84,27.84,27.84,27.84,27.84,27.84,27.84,27.84,27.84,27.84,27.84,27.84,27.84,27.84,27.84,27.84,27.84,80.04000000000002,27.839999999999996,27.84,80.04000000000002,80.04000000000002,80.04000000000002,80.04000000000002,80.04000000000002,80.04000000000002,27.84,80.04000000000002,27.84,80.04000000000002,80.04000000000002,80.04000000000002,80.04000000000002
0.0,0.0,0.0,0.0,0.0,0.0,0.0,0.0,0.0,0.0,0.0,0.0,0.0,0.0,0.0,0.0,27.84,27.84,27.84,27.84,27.84,27.84,27.84,27.84,27.84,27.84,0.0,0.0,0.0,0.0,0.0,0.0,0.0,0.0,0.0,0.0,0.0,80.04000000000002,80.04000000000002,80.04000000000002,80.04000000000002,80.04000000000002,27.84,80.04000000000002,27.84,80.04000000000002,80.04000000000002,80.04000000000002,80.04000000000002
0.0,0.0,0.0,0.0,0.0,0.0,0.0,0.0,27.84,80.04000000000002,80.04000000000002,27.84,80.04000000000002,27.84,30.8167127177814,27.84,27.84,27.84,27.84,27.84,27.84,27.84,27.84,27.84,76.05671271778164,27.84,27.84,27.84,27.84,27.84,27.84,80.04000000000002,27.84,27.84,27.84,27.84,43.77671271778158,80.04000000000002,80.04000000000002,80.04000000000002,80.04000000000002,80.04000000000002,27.84,80.04000000000002,27.84,80.04000000000002,80.04000000000002,80.04000000000002,80.04000000000002
0.0,0.0,0.0,0.0,0.0,0.0,0.0,0.0,0.0,0.0,0.0,0.0,0.0,0.0,0.0,0.0,80.04000000000002,27.84,27.84,27.84,27.84,27.84,27.84,69.61671271785141,27.84,27.84,27.84,27.84,0.0,0.0,0.0,0.0,0.0,0.0,0.0,0.0,0.0,0.0,0.0,0.0,0.0,0.0,0.0,0.0,0.0,0.0,80.04000000000002,80.04000000000002,80.04000000000019
0.0,0.0,0.0,27.84,27.84,27.84,27.84,27.84,27.84,27.84,80.04000000000002,80.04000000000002,33.116712717781425,27.84,27.84,27.84,80.04000000000002,27.84,27.84,27.84,27.84,27.84,27.84,27.84,27.84,0.0,0.0,0.0,0.0,0.0,0.0,0.0,0.0,0.0,0.0,0.0,0.0,80.04000000000002,38.79651397986265,68.7065139798625,80.04000000000002,69.29651397986265,80.04000000000002,80.04000000000002,80.04000000000002,80.04000000000002,80.04000000000002,80.04000000000002,80.04000000000002
400.0,200.0,0.0,0.0,0.0,0.0,0.0,0.0,0.0,0.0,0.0,0.0,0.0,0.0,0.0,0.0,0.0,0.0,0.0,0.0,0.0,0.0,0.0,481.85,481.85,309.30027803186385,167.6,167.6,238.03918014648764,194.78057064530458,394.7805706453046,194.78057064530458,394.65249784349544,194.65249784349544,258.780054157201,372.00447915339055,481.85,481.85,481.85,481.85,481.85,481.85,394.0353550105578,194.0353550105578,394.0353550105578,281.85,481.85,0.0,0.0
400.0,0.0,0.0,0.0,0.0,0.0,0.0,0.0,0.0,0.0,0.0,0.0,0.0,0.0,0.0,0.0,0.0,0.0,0.0,0.0,0.0,0.0,0.0,0.0,0.0,481.85,481.85,281.85,481.85,301.0850510625942,481.85,481.78596359909557,481.85,481.7859635990958,481.85,418.5633117566306,218.56331175663058,418.5633117566306,394.22746421327133,194.22746421327133,394.163427812367,481.85,281.85,481.7859635990957,481.85,393.84324580784414,393.7792094069398,0.0,0.0
400.0,0.0,0.0,0.0,0.0,0.0,0.0,0.0,0.0,0.0,0.0,0.0,0.0,0.0,0.0,0.0,0.0,0.0,0.0,0.0,0.0,0.0,0.0,481.85,341.9204286642396,481.85,481.85,281.85,481.85,481.85,281.85,481.85,481.85,481.85,281.85,481.85,481.85,481.85,481.85,481.85,281.85,394.0993914114624,481.85,481.85,481.7219271981911,481.85,281.85,0.0,0.0
400.0,0.0,0.0,0.0,0.0,0.0,0.0,0.0,0.0,0.0,0.0,0.0,0.0,0.0,0.0,0.0,0.0,0.0,0.0,0.0,0.0,0.0,167.6,367.6,167.6,367.6,434.9078570561078,238.70960306230575,438.70960306230575,481.85,481.85,481.85,281.85,481.85,481.85,367.6,167.6,257.6422252584498,281.9140364009047,481.85,481.85,281.85,481.85,481.85,281.85,481.85,481.85,0.0,0.0
300.0,126.0,0.0,0.0,0.0,0.0,0.0,0.0,0.0,0.0,0.0,0.0,0.0,0.0,0.0,0.0,0.0,0.0,0.0,0.0,0.0,0.0,0.0,0.0,0.0,0.0,0.0,0.0,0.0,0.0,0.0,0.0,0.0,0.0,0.0,0.0,0.0,126.0,268.07364326918605,362.25,362.25,326.82828399441274,126.82828399441274,126.0,126.0,126.0,126.0,0.0,0.0
300.0,0.0,0.0,0.0,0.0,0.0,0.0,0.0,0.0,0.0,0.0,0.0,0.0,0.0,0.0,0.0,0.0,0.0,0.0,0.0,0.0,0.0,126.0,126.0,126.0,126.0,126.0,126.0,126.0,126.0,126.0,126.0,126.0,126.0,126.0,126.0,126.0,126.0,326.0,362.25,0.0,0.0,0.0,0.0,0.0,0.0,0.0,0.0,0.0
300.0,0.0,0.0,0.0,0.0,0.0,0.0,0.0,0.0,0.0,0.0,0.0,0.0,0.0,0.0,0.0,0.0,0.0,0.0,0.0,0.0,0.0,0.0,0.0,0.0,0.0,0.0,0.0,0.0,0.0,0.0,0.0,0.0,0.0,0.0,0.0,0.0,162.25,362.25,362.25,362.25,162.25,126.0,126.0,126.0,126.0,126.0,0.0,0.0
300.0,0.0,0.0,0.0,0.0,0.0,0.0,0.0,0.0,0.0,0.0,0.0,0.0,0.0,0.0,0.0,0.0,0.0,0.0,0.0,0.0,0.0,0.0,0.0,0.0,0.0,0.0,0.0,0.0,0.0,0.0,0.0,0.0,0.0,0.0,0.0,0.0,286.91577648114014,362.25,231.83318640596667,362.25,362.25,323.1375734764255,126.0,126.0,126.0,126.0,0.0,0.0
300.0,124.0,215.50497611316683,124.0,252.15949565811786,133.33280237016737,124.0,0.0,0.0,0.0,0.0,0.0,0.0,0.0,0.0,0.0,0.0,0.0,0.0,0.0,0.0,0.0,0.0,0.0,0.0,0.0,0.0,0.0,0.0,0.0,0.0,0.0,124.0,124.0,124.0,124.0,124.0,138.8879376610558,338.8879376610558,234.84006753062476,356.5,237.95385080817118,178.20166916542382,124.0,324.0,166.1268075135273,124.0,124.32384925850249,0.0
300.0,215.5049761132251,124.0,252.15949565811786,124.0,0.0,0.0,0.0,0.0,0.0,0.0,0.0,0.0,0.0,0.0,0.0,0.0,0.0,0.0,0.0,0.0,0.0,0.0,0.0,0.0,0.0,0.0,0.0,0.0,0.0,0.0,0.0,0.0,0.0,0.0,0.0,124.0,124.0,291.73019831625953,356.5,156.5,124.0,124.0,145.70166916542382,124.0,124.0,0.0,0.0,0.0
300.0,0.0,0.0,0.0,0.0,0.0,0.0,0.0,0.0,0.0,0.0,0.0,0.0,0.0,0.0,0.0,0.0,0.0,0.0,124.0,124.0,124.0,123.99999999999997,124.0,123.99999999999997,133.33280237076946,133.33280237076946,133.33280237076946,133.33280237076946,0.0,0.0,0.0,0.0,0.0,0.0,0.0,0.0,0.0,0.0,124.0,156.5,356.5,356.5,356.5,324.0,124.0,124.0,324.0,255.76351999176458
300.0,0.0,0.0,0.0,0.0,0.0,0.0,0.0,0.0,0.0,0.0,0.0,0.0,0.0,0.0,130.7468605077977,130.74686050779766,130.7468605077977,130.74686050779766,124.0,124.0,124.0,124.0,124.0,124.0,0.0,0.0,0.0,0.0,0.0,0.0,0.0,0.0,0.0,0.0,0.0,0.0,0.0,356.5,156.5,172.95385080817118,124.0,324.0,356.5,210.70166916542382,124.0,149.09887239389036,124.0,0.0
142.0,0.0,0.0,0.0,0.0,0.0,0.0,0.0,0.0,0.0,0.0,0.0,0.0,0.0,0.0,0.0,0.0,0.0,0.0,0.0,0.0,0.0,0.0,0.0,0.0,0.0,0.0,0.0,0.0,0.0,0.0,0.0,266.59861990046795,142.0,342.0,408.25,408.25,375.65612897824553,349.26787284575767,282.97572849432004,408.25,253.7479020777257,0.0,0.0,0.0,0.0,0.0,0.0,0.0
0.0,0.0,0.0,0.0,0.0,0.0,0.0,0.0,0.0,0.0,0.0,0.0,0.0,0.0,0.0,0.0,0.0,0.0,0.0,0.0,0.0,0.0,0.0,0.0,0.0,0.0,0.0,0.0,0.0,0.0,0.0,0.0,0.0,0.0,408.25,352.308031121235,408.25,408.25,408.25,408.25,342.0,142.0,231.31071196347682,142.0,279.3487783006624,0.0,0.0,0.0,0.0
0.0,0.0,0.0,0.0,0.0,0.0,0.0,0.0,0.0,0.0,0.0,0.0,0.0,0.0,0.0,0.0,0.0,0.0,0.0,0.0,0.0,0.0,0.0,0.0,0.0,0.0,0.0,0.0,0.0,0.0,0.0,0.0,0.0,149.45525129664475,349.45525129664475,149.45525129664475,142.0,342.0,408.25,408.25,349.2079419750776,149.20794197507757,142.0,342.0,0.0,0.0,0.0,0.0,0.0
0.0,0.0,0.0,0.0,0.0,0.0,0.0,0.0,0.0,0.0,0.0,0.0,0.0,0.0,0.0,0.0,0.0,0.0,0.0,0.0,0.0,0.0,0.0,0.0,0.0,0.0,0.0,0.0,0.0,0.0,0.0,0.0,0.0,0.0,408.25,408.25,309.4498688373251,142.0,342.0,408.25,408.25,208.25,142.0,327.06025248815894,0.0,0.0,0.0,0.0,0.0
150.0,117.32731129828493,117.32731129828493,0.0,0.0,0.0,0.0,0.0,0.0,0.0,0.0,0.0,0.0,0.0,0.0,0.0,0.0,0.0,0.0,0.0,0.0,0.0,0.0,0.0,0.0,0.0,0.0,0.0,0.0,0.0,0.0,0.0,0.0,0.0,0.0,0.0,209.3,209.30000000000007,209.3,209.30000000000013,209.3,153.9534335166315,209.3,209.3,72.8,72.8,0.0,0.0,0.0
150.0,72.8,72.8,72.79999999934807,0.0,0.0,0.0,0.0,0.0,0.0,0.0,0.0,0.0,0.0,0.0,0.0,0.0,0.0,0.0,0.0,0.0,0.0,0.0,0.0,0.0,0.0,0.0,0.0,0.0,0.0,0.0,0.0,0.0,0.0,0.0,0.0,209.3,209.3,209.3,209.3,209.3,209.3,153.95343351663143,72.8,72.8,209.3,0.0,0.0,0.0
150.0,72.8,72.8,0.0,0.0,0.0,0.0,0.0,0.0,0.0,0.0,0.0,0.0,0.0,0.0,0.0,0.0,0.0,0.0,0.0,0.0,0.0,0.0,0.0,0.0,0.0,0.0,0.0,0.0,0.0,0.0,0.0,0.0,0.0,0.0,209.3,209.30000000000007,209.3,209.30000000000013,209.3,209.30000000000013,209.3,209.3,72.8,72.79999999999993,72.8,0.0,0.0,0.0
150.0,72.8,72.8,0.0,0.0,0.0,0.0,0.0,0.0,0.0,0.0,0.0,0.0,0.0,0.0,0.0,0.0,0.0,0.0,72.8,126.95907641205545,126.95907641205545,196.95907641205545,72.8,72.8,72.8,72.8,72.8,72.8,0.0,0.0,0.0,0.0,0.0,0.0,0.0,0.0,0.0,0.0,0.0,0.0,0.0,0.0,0.0,0.0,0.0,0.0,0.0,0.0
0.0,0.0,0.0,0.0,0.0,0.0,0.0,0.0,0.0,0.0,0.0,0.0,0.0,0.0,0.0,0.0,0.0,0.0,0.0,0.0,0.0,0.0,0.0,0.0,0.0,0.0,0.0,0.0,0.0,0.0,0.0,0.0,0.0,0.0,0.0,0.0,0.0,201.25,201.25,201.25,201.25,201.25,201.25,83.648170652359,70.0,119.90365025561579,135.3652421840736,0.0,0.0
0.0,0.0,0.0,0.0,0.0,0.0,0.0,0.0,0.0,0.0,0.0,0.0,70.0,70.00000000000003,70.0,70.00000000000003,70.0,196.95907641205545,196.95907641205545,124.15907641205546,70.0,70.0,0.0,0.0,0.0,0.0,0.0,0.0,0.0,0.0,0.0,0.0,0.0,0.0,0.0,0.0,0.0,0.0,0.0,0.0,0.0,201.25,201.25,70.0,70.0,70.0,70.0,70.0,70.0
32.8,32.80000000000002,32.799999965677365,32.8,32.8,32.79999971913624,32.8,0.0,0.0,0.0,0.0,0.0,0.0,0.0,0.0,0.0,0.0,0.0,0.0,0.0,32.8,32.8,32.8,32.8,32.8,32.8,48.85730987916864,48.855624806901524,32.8,32.8,32.8,32.8,94.3,94.3,94.3,63.9829430543854,32.8,61.885441146120286,78.87512167775722,61.876284640495285,32.8,61.86966479811757,0.0,0.0,0.0,0.0,0.0,0.0,0.0
32.8,0.0,0.0,0.0,0.0,0.0,0.0,0.0,0.0,0.0,0.0,0.0,0.0,0.0,0.0,0.0,0.0,0.0,0.0,0.0,0.0,0.0,0.0,0.0,0.0,0.0,0.0,0.0,0.0,0.0,0.0,0.0,0.0,0.0,87.39999999999999,87.4,61.888751067309144,32.8,87.4,32.8,61.87297471930643,32.8,83.75441209415594,32.8,32.8,0.0,0.0,0.0,0.0
12.0,34.5,34.5,0.0,0.0,0.0,0.0,0.0,0.0,0.0,0.0,0.0,0.0,0.0,12.0,12.0,20.82797396332017,20.82797396332017,20.82797396332017,20.82797396332017,34.5,34.5,33.39120789214202,33.39359380120341,0.0,0.0,0.0,0.0,0.0,0.0,0.0,0.0,0.0,0.0,34.5,34.5,34.5,27.272256590684236,34.5,34.5,27.272256590684236,34.5,34.5,34.5,12.0,12.0,0.0,0.0,0.0
0.0,34.5,34.5,12.0,12.0,21.3675399449033,34.5,12.0,21.374695409802015,12.0,12.0,0.0,0.0,0.0,0.0,0.0,0.0,0.0,0.0,0.0,0.0,0.0,0.0,0.0,0.0,0.0,0.0,0.0,0.0,0.0,0.0,0.0,0.0,0.0,34.5,34.5,34.5,34.5,27.272256590684236,34.5,34.5,34.5,34.5,27.272256590684236,34.5,0.0,0.0,0.0,0.0
0.0,34.5,34.5,34.5,21.365154885559377,12.0,21.369925015368466,21.372309569823457,12.0,12.0,12.0,12.0,0.0,0.0,0.0,0.0,0.0,0.0,0.0,0.0,0.0,0.0,0.0,0.0,34.5,33.39836587293982,34.5,34.5,34.5,34.5,12.0,21.4151170227869,12.0,31.91989061976011,34.5,34.5,34.5,34.5,34.5,34.5,34.5,34.5,27.272256590684236,34.5,34.5,20.01770208394511,12.0,12.0,0.0
0.0,0.0,0.0,0.0,0.0,0.0,0.0,0.0,0.0,0.0,0.0,0.0,0.0,0.0,0.0,0.0,0.0,0.0,0.0,0.0,0.0,16.76469758977293,34.5,34.5,33.39597979480169,34.5,21.40075203562084,21.403138282847706,34.5,33.23780416556997,34.5,34.5,34.5,12.0,26.406540368222664,34.5,34.5,34.5,34.5,34.5,34.5,34.5,34.5,34.5,34.5,12.0,12.0,0.0,0.0
0.0,34.5,34.5,21.362770057485136,34.5,34.5,12.0,34.5,34.5,27.26469758977293,27.26469758977293,12.0,20.82797396332017,20.82797396332017,12.0,12.0,0.0,0.0,0.0,0.0,0.0,0.0,0.0,0.0,0.0,0.0,0.0,0.0,0.0,0.0,0.0,0.0,0.0,12.0,34.5,27.272256590684236,34.5,34.5,34.5,27.272256590684236,34.5,27.272256590684236,34.5,34.5,26.622226512002783,12.0,12.0,12.0,20.82797396332017
0.0,0.0,0.0,0.0,0.0,0.0,0.0,0.0,0.0,0.0,0.0,0.0,0.0,0.0,0.0,0.0,0.0,0.0,0.0,0.0,0.0,0.0,0.0,0.0,0.0,0.0,12.0,12.0,33.23780416556997,34.5,21.412730351147616,12.0,21.417503778990067,12.0,34.5,34.5,27.272256590684236,34.5,34.5,34.5,34.5,34.5,34.5,34.5,34.5,12.0,32.020092474914094,0.0,0.0
50.0,143.75,143.75,143.75,143.75,0.0,0.0,0.0,0.0,0.0,0.0,0.0,0.0,0.0,0.0,0.0,0.0,0.0,0.0,0.0,0.0,0.0,50.0,50.0,66.22248963424687,66.22483601137873,66.2271824716468,66.22952901505397,66.23187564160322,66.23422235129753,50.0,50.0,0.0,0.0,0.0,0.0,0.0,0.0,0.0,0.0,0.0,0.0,0.0,0.0,0.0,0.0,0.0,0.0,66.34923873904646
0.0,0.0,0.0,0.0,0.0,0.0,0.0,0.0,0.0,0.0,0.0,0.0,0.0,0.0,0.0,0.0,0.0,0.0,0.0,0.0,0.0,0.0,0.0,0.0,0.0,0.0,0.0,0.0,0.0,0.0,0.0,0.0,0.0,0.0,0.0,0.0,0.0,0.0,143.75,143.75,95.94672656308157,50.0,143.75,50.0,95.94672656308157,143.75,123.48171203828937,66.34688795426746,0.0
0.0,143.75,143.75,143.75,143.75,66.19452298371606,66.19686829777154,66.19921383926481,66.20155939169508,66.20390443666489,66.20625074585853,50.0,50.0,0.0,0.0,0.0,0.0,0.0,0.0,0.0,0.0,0.0,0.0,0.0,0.0,0.0,0.0,0.0,0.0,0.0,49.99999999999993,49.99999999999993,66.24365548941257,66.24600261648723,66.24834982672463,66.25069712012774,143.75,52.19672656308157,143.75,50.0,50.0,50.0,55.83913893305868,95.94672656308157,50.0,0.0,0.0,0.0,0.0
0.0,0.0,0.0,0.0,0.0,0.0,0.0,0.0,0.0,0.0,0.0,0.0,0.0,0.0,0.0,0.0,0.0,0.0,0.0,0.0,0.0,0.0,0.0,0.0,0.0,0.0,0.0,0.0,0.0,0.0,0.0,0.0,0.0,0.0,0.0,0.0,0.0,143.75,143.75,118.90521665529502,50.0,95.94672656308157,143.75,50.0,50.0,52.19672656308157,50.0,0.0,0.0
25.0,56.94436057874975,71.875,55.60474163105722,55.60474163100487,71.875,71.875,0.0,0.0,0.0,0.0,0.0,0.0,0.0,0.0,0.0,0.0,0.0,0.0,0.0,0.0,0.0,0.0,0.0,0.0,0.0,0.0,0.0,0.0,0.0,0.0,27.678398723945193,41.78866715931625,41.78866715931625,27.68234070663477,27.6833215397558,27.68430240762944,27.685283310256914,55.792868773723185,56.14257208047134,71.875,56.94436057873662,56.14257208047134,56.14257208047134,71.875,25.0,25.0,56.14257208047134,0.0
0.0,71.875,56.94436057874975,71.875,71.875,56.94436057883706,56.94436057895348,27.661808887362216,27.662788962846705,27.663769133374412,27.664749308472544,27.66572927150971,27.666709762849173,0.0,0.0,0.0,0.0,0.0,0.0,0.0,0.0,0.0,0.0,0.0,0.0,0.0,0.0,0.0,0.0,0.0,0.0,0.0,0.0,0.0,0.0,0.0,0.0,0.0,25.0,25.0,56.94436057873659,71.875,25.0,25.0,56.94436057873662,56.14257208047134,56.14257208047134,25.0,71.79119127023866
17.32,49.795,49.795,49.795,49.795,49.795,49.795,17.619320074716583,17.32,17.32,46.27165569276039,17.32,49.795,17.32,49.795,17.32,46.367953529576226,46.37488916206544,46.38182479455466,49.795,49.795,49.795,46.40956732451153,46.41650295700069,46.423438589489905,49.795,49.795,49.795,49.795,49.795,46.465052384425206,49.795,46.47892364940364,49.795,49.795,49.795,49.795,49.795,49.795,49.795,49.795,49.795,46.54827997429575,49.795,49.795,49.795,49.795,49.795,49.795
0.0,46.16705730302971,49.795,49.795,49.795,46.194799832986604,49.795,17.32,48.74949352413136,17.32,49.795,17.32,46.30374874404146,17.32,46.33584802257732,17.32,49.795,49.795,49.795,46.38876042704388,49.795,46.40263169202231,49.795,49.795,49.795,49.795,46.43730985446834,49.795,49.795,49.795,49.795,46.47198801691442,49.795,46.48585928189286,49.795,49.795,46.50666617936045,46.51360181184967,49.795,49.795,49.795,46.541344341806536,49.795,46.55521560678497,46.562151239274186,46.5690868717634,46.57602250425262,49.795,46.589893769231
0.0,49.795,46.17399293551895,46.18092856800817,46.18786420049739,49.795,46.20173546547582,49.795,17.32,17.32,49.795,17.32,49.795,17.32,49.795,17.32,49.795,49.795,49.795,49.795,46.395696059533094,49.795,49.795,49.795,49.795,46.43037422197912,49.795,46.444245486957556,46.45118111944677,46.45811675193599,49.795,49.795,49.795,49.795,46.492794914382046,46.499730546871234,49.795,49.795,46.520537444338885,46.5274730768281,46.53440870931732,49.795,49.795,49.795,49.795,49.795,49.795,46.58295813674178,49.795
20.0,57.5,20.0,20.0,0.0,0.0,0.0,0.0,0.0,0.0,0.0,0.0,0.0,0.0,0.0,0.0,0.0,0.0,0.0,57.5,54.969390669146605,54.968279488905296,54.967168308664,54.966057128422705,54.964945948181395,54.963834767940085,54.96272358769879,54.97179822633609,54.97068704609478,54.95939004697489,57.5,54.96735350537088,57.5,54.95494532600969,54.95383414576838,57.5,57.5,54.96068642392308,54.95957524368177,54.95846406344047,57.5,57.5,55.01624543598811,57.5,55.05476635101991,57.5,57.5,57.5,55.11305863734083
0.0,54.035069761395704,20.0,28.475846713494846,57.5,37.724070856140315,20.0,20.0,20.0,20.0,20.0,20.0,20.0,20.0,23.070591540593796,20.0,20.0,20.0,57.5,54.999543392524984,57.5,57.5,57.5,57.5,57.5,57.5,57.5,57.5,57.5,57.5,54.96846468561219,57.5,54.95605650625099,57.5,57.5,54.95272296552707,54.95161178528578,57.5,57.5,57.5,54.97772452095634,54.99698497847223,57.5,55.03550589350402,57.5,55.07018628464168,55.080071970286255,55.093798179824944,57.5
26.0,26.0,26.0,74.75,74.75,74.75,26.0,26.0,26.0,26.0,49.997915038298075,26.0,74.75,44.260704115246,66.52723490008964,26.0,66.29575514958032,35.40200805836575,74.75,74.75,45.86023269297971,45.86023269297971,45.86023269297971,74.75,74.75,74.75,26.0,74.75,66.56645471080725,73.81481011109625,45.86023269297971,74.75,74.75,45.86023269297971,45.86023269297971,74.75,73.81481011109625,66.56645471080725,66.4772541467508,66.38805358269431,66.29885301863783,66.20965245458137,66.12045189052489,74.75,74.75,65.93494815717332,65.84574759311684,26.0,26.0
0.0,70.9576172985056,26.0,26.131963689512318,65.68165719663085,65.59245663257437,26.0,26.0,26.0,26.0,74.75,26.0,66.56645471080725,26.0,74.75,26.0,74.75,26.0,45.86023269297971,45.86023269297971,74.75,74.75,74.75,45.86023269297971,45.86023269297971,66.56645471080725,73.81481011109625,45.86023269297971,74.75,26.0,74.75,45.86023269297971,45.86023269297971,74.75,74.75,66.56645471080725,26.0,74.75,74.75,74.75,74.75,74.75,74.75,58.22404982759099,54.72539829867489,74.75,74.75,0.0,0.0
300.0,170.0,0.0,0.0,0.0,0.0,0.0,0.0,0.0,0.0,0.0,0.0,0.0,0.0,0.0,0.0,0.0,0.0,0.0,0.0,0.0,182.4103411050963,170.0,470.0,467.08965914403376,467.0789035710425,467.06814799803135,488.75,488.75,488.75,467.0251257060863,0.0,0.0,0.0,0.0,0.0,0.0,0.0,0.0,0.0,0.0,0.0,0.0,0.0,0.0,0.0,0.0,0.0,0.0
0.0,0.0,0.0,0.0,0.0,0.0,0.0,0.0,0.0,0.0,0.0,0.0,0.0,0.0,0.0,0.0,0.0,0.0,0.0,170.0,170.0,170.0,185.85041471700526,485.85041471700526,488.75,488.75,488.75,467.05739242506,467.0466368520489,467.03588127907756,488.75,0.0,0.0,0.0,0.0,0.0,0.0,0.0,0.0,0.0,0.0,0.0,0.0,0.0,0.0,0.0,0.0,0.0,0.0
0.0,0.0,0.0,0.0,0.0,0.0,0.0,0.0,0.0,0.0,0.0,0.0,0.0,0.0,0.0,0.0,0.0,0.0,0.0,0.0,0.0,0.0,0.0,0.0,0.0,0.0,0.0,0.0,0.0,0.0,0.0,0.0,0.0,0.0,0.0,0.0,0.0,0.0,0.0,0.0,0.0,0.0,0.0,0.0,0.0,0.0,0.0,0.0,0.0
150.0,60.0,60.0,78.38550186444945,60.0,138.38550186444945,138.38550186444945,88.03943209478359,0.0,0.0,0.0,0.0,0.0,0.0,0.0,0.0,0.0,0.0,0.0,0.0,0.0,0.0,0.0,0.0,0.0,0.0,0.0,60.0,60.0,172.5,172.5,117.158129320495,172.5,117.158129320495,172.5,172.5,117.158129320495,0.0,0.0,0.0,0.0,0.0,0.0,0.0,0.0,0.0,0.0,0.0,0.0
150.0,78.38550186444945,78.38550186444947,60.0,78.38550186444947,0.0,0.0,0.0,0.0,0.0,0.0,0.0,0.0,0.0,0.0,0.0,0.0,0.0,0.0,0.0,0.0,0.0,0.0,0.0,0.0,88.035893097658,88.03645004886249,60.0,61.653418543494865,117.1581293204859,172.5,172.5,172.5,172.5,172.5,172.5,172.5,0.0,0.0,0.0,0.0,0.0,0.0,0.0,0.0,0.0,0.0,0.0,0.0
0.0,0.0,0.0,0.0,0.0,0.0,0.0,0.0,0.0,0.0,0.0,0.0,0.0,0.0,0.0,0.0,0.0,0.0,0.0,0.0,0.0,0.0,0.0,0.0,0.0,0.0,0.0,60.0,60.0,172.5,117.158129320495,172.5,117.1581293204859,172.5,117.1581293204859,117.158129320495,172.5,0.0,0.0,0.0,0.0,0.0,0.0,0.0,0.0,0.0,0.0,0.0,0.0
120.0,74.12703482533158,74.12703482532565,74.12703482532567,74.12703482532565,74.12703482532565,74.12703482532565,75.67595794109533,75.67595794109533,75.67595794109533,75.67595794109533,75.67595794109533,75.67595794109533,49.3517959894096,0.0,0.0,0.0,0.0,0.0,0.0,0.0,0.0,0.0,0.0,0.0,0.0,0.0,0.0,0.0,0.0,0.0,49.34994557419534,49.350236784090626,49.16952361221466,48.64,114.13743905633376,114.13743905633888,139.84,139.84,114.13743905633888,139.84,114.13743905633888,114.13743905633888,0.0,0.0,0.0,0.0,0.0,0.0
0.0,0.0,0.0,0.0,0.0,0.0,0.0,0.0,0.0,0.0,0.0,0.0,0.0,0.0,0.0,0.0,0.0,0.0,0.0,0.0,0.0,0.0,0.0,0.0,0.0,0.0,0.0,0.0,0.0,0.0,0.0,0.0,0.0,48.64,50.07362528100269,139.84,139.84,114.13743905633888,114.13743905633376,139.84,114.13743905633376,139.84,139.84,0.0,0.0,0.0,0.0,0.0,0.0
150.0,0.0,0.0,0.0,0.0,0.0,0.0,0.0,0.0,0.0,0.0,0.0,0.0,0.0,0.0,0.0,0.0,0.0,0.0,0.0,0.0,0.0,0.0,0.0,0.0,0.0,0.0,0.0,0.0,0.0,0.0,0.0,0.0,0.0,0.0,0.0,0.0,0.0,0.0,0.0,0.0,0.0,0.0,0.0,0.0,0.0,0.0,0.0,0.0
150.0,0.0,0.0,0.0,0.0,0.0,0.0,0.0,0.0,0.0,0.0,0.0,0.0,0.0,0.0,0.0,0.0,0.0,0.0,0.0,0.0,0.0,0.0,0.0,0.0,0.0,0.0,0.0,0.0,0.0,0.0,0.0,0.0,0.0,0.0,0.0,0.0,0.0,0.0,0.0,0.0,0.0,0.0,0.0,0.0,0.0,0.0,0.0,0.0
0.0,0.0,0.0,0.0,0.0,0.0,0.0,0.0,0.0,0.0,0.0,0.0,0.0,0.0,0.0,0.0,0.0,0.0,0.0,0.0,0.0,0.0,0.0,0.0,0.0,0.0,0.0,0.0,0.0,0.0,0.0,0.0,0.0,0.0,0.0,0.0,0.0,0.0,0.0,0.0,0.0,0.0,0.0,0.0,0.0,0.0,0.0,0.0,0.0
150.0,0.0,0.0,0.0,0.0,0.0,0.0,0.0,0.0,0.0,0.0,0.0,0.0,0.0,0.0,0.0,0.0,0.0,0.0,0.0,0.0,0.0,0.0,0.0,0.0,133.43762387470093,133.43762387470093,72.2,72.2,72.19999999979046,105.63762387470092,205.63762387470092,205.63762387470092,133.43762387470093,133.43762387470093,133.43762387470093,72.2,0.0,0.0,0.0,0.0,0.0,0.0,0.0,0.0,0.0,0.0,100.0,98.06262387470093
150.0,0.0,0.0,0.0,0.0,0.0,0.0,0.0,0.0,0.0,0.0,0.0,0.0,0.0,0.0,0.0,0.0,0.0,0.0,0.0,0.0,0.0,0.0,0.0,0.0,0.0,0.0,0.0,0.0,0.0,0.0,0.0,0.0,0.0,0.0,0.0,0.0,0.0,0.0,0.0,0.0,0.0,0.0,0.0,0.0,0.0,0.0,0.0,0.0
150.0,0.0,0.0,0.0,0.0,0.0,0.0,0.0,0.0,0.0,0.0,0.0,0.0,0.0,0.0,72.2,133.43762387491046,133.43762387491046,72.2,72.2,133.43762387491046,133.43762387491046,72.2,72.2,72.2,0.0,0.0,0.0,0.0,0.0,0.0,0.0,0.0,0.0,0.0,0.0,0.0,0.0,0.0,0.0,0.0,0.0,0.0,0.0,0.0,0.0,0.0,0.0,0.0
150.0,72.2,133.43762387491046,133.43762387491046,72.2,133.43762387470093,72.2,0.0,0.0,0.0,0.0,0.0,0.0,0.0,0.0,0.0,0.0,0.0,0.0,0.0,0.0,0.0,0.0,0.0,0.0,0.0,0.0,0.0,0.0,0.0,0.0,0.0,0.0,72.2,72.2,72.2,133.43762387470093,205.63762387470092,205.63762387470092,205.63762387470092,205.63762387470092,205.63762387470092,205.63762387470092,0.0,0.0,0.0,0.0,0.0,0.0
150.0,133.4376238749332,72.2,72.2,133.43762387491046,72.2,133.43762387470093,205.63762387470092,205.63762387470092,205.63762387470092,205.63762387470092,205.63762387470092,205.63762387470092,205.63762387470092,205.63762387470092,133.43762387491046,72.2,72.2,133.43762387491046,133.43762387491046,72.2,72.2,133.43762387491046,133.43762387491046,133.43762387470093,72.2,72.2,133.43762387470093,133.43762387470093,133.43762387491046,100.0,0.0,0.0,0.0,0.0,0.0,0.0,0.0,0.0,0.0,0.0,0.0,0.0,205.63762387470092,205.63762387470092,205.63762387470092,205.63762387470092,105.63762387470092,107.57499999999999
120.0,156.285,106.285,56.285,106.285,156.285,156.285,156.285,106.285,56.285,56.285,106.285,156.285,106.285,56.285,106.285,156.285,130.1601071131711,156.285,156.285,156.285,136.3686188851396,156.285,106.285,156.285,156.285,156.285,156.285,106.285,156.285,106.285,156.285,156.285,106.285,138.29361888513958,156.285,106.285,156.285,106.285,106.285,156.285,156.285,156.285,156.285,156.285,154.36,104.36,54.36,54.36
120.0,156.285,106.285,156.285,156.285,106.285,156.285,156.285,156.285,106.285,136.36861888513963,120.37305693085341,124.23236669414415,74.23236669414415,56.285,106.285,156.285,106.285,156.285,106.285,156.285,106.285,156.285,156.285,156.285,138.2936188851396,88.2936188851396,138.29361888513958,156.285,156.285,156.285,156.285,156.285,156.285,156.285,106.285,136.3686188851396,156.285,156.285,156.285,156.285,106.285,86.3686188851396,136.3686188851396,156.285,156.285,156.285,156.285,138.2936188851397
120.0,86.3686188851396,136.3686188851396,156.285,156.285,106.285,156.285,106.285,156.285,106.285,156.285,106.285,104.36,54.36,54.36,54.36,104.36,54.36,56.285,106.285,156.285,156.285,156.285,106.285,156.285,156.285,156.285,156.285,156.285,106.285,156.285,156.285,138.2936188851396,106.285,156.285,156.285,156.285,106.285,156.285,136.3686188851396,136.3686188851396,86.3686188851396,106.285,156.285,136.3686188851396,88.29361888513958,138.29361888513958,156.285,156.285
120.0,156.285,156.28500000000003,136.3686188851396,156.285,156.285,106.285,156.285,106.285,156.285,156.285,156.285,156.285,106.285,134.72562483573532,84.72562483573532,89.17879686386202,139.17879686386203,102.54119019583119,152.54119019583118,106.285,156.285,156.285,156.285,106.285,56.285,104.36,54.36,86.3686188851396,136.3686188851396,86.3686188851396,54.36,104.36,154.36,104.36000000000001,136.3686188851396,156.285,106.285,156.285,156.285,156.285,156.285,156.285,156.285,156.285,156.285,156.285,138.2936188851397,156.285
120.0,156.285,156.285,156.285,136.3686188851396,156.285,106.285,156.285,156.285,125.62286450991235,156.285,106.285,156.285,106.285,156.285,106.285,56.285,106.285,156.285,140.11242868930844,156.285,156.285,136.3686188851396,156.285,156.285,154.35999999999999,156.285,156.285,156.285,156.285,156.285,138.29361888513958,156.285,156.285,156.285,156.285,106.285,156.285,136.3686188851396,156.285,156.285,156.285,156.285,106.285,56.285,106.285,156.285,156.285,156.285
0.0,106.285,156.285,156.285,106.285,156.285,136.3686188851396,106.285,156.285,156.285,156.285,154.36,104.36,54.36,54.36,54.36,54.36,56.285,106.285,156.285,136.3686188851396,156.285,156.285,136.3686188851396,156.285,156.285,156.285,156.285,156.285,156.285,156.285,156.285,156.285,156.285,156.285,156.285,156.285,136.3686188851396,156.285,106.285,106.285,156.285,156.285,156.285,156.285,156.285,156.285,156.285,156.285
0.0,156.285,156.285,156.285,156.285,136.3686188851396,156.285,136.3686188851396,136.3686188851396,156.285,156.285,106.285,156.285,106.285,80.16505632162257,54.36,54.36,104.36,106.285,156.285,156.285,106.285,106.285,156.285,136.3686188851396,156.285,156.285,156.285,156.285,106.285,156.285,156.285,156.285,156.285,156.285,106.285,156.285,156.285,106.285,156.285,156.285,156.285,156.285,106.285,156.285,156.285,106.285,156.285,156.285
0.0,156.285,156.285,156.285,156.285,156.285,156.285,156.285,156.285,156.285,156.285,156.285,156.285,106.285,104.36,54.36,54.36,104.36,154.36,156.285,106.285,156.285,106.285,156.285,106.285,156.285,156.285,156.285,156.285,156.285,156.285,156.285,106.285,138.2936188851396,106.285,156.285,156.285,156.285,156.285,156.285,106.285,156.285,156.285,156.285,156.285,156.285,156.285,156.285,156.285
9.0,20.474867924868764,20.507742490761583,20.54061705665447,20.573491622547294,20.60636618844012,0.0,0.0,0.0,0.0,0.0,0.0,0.0,0.0,0.0,0.0,9.0,9.0,9.0,12.066610110938882,12.099484676831707,9.0,12.165233808617245,9.0,12.230982940402782,25.875,0.0,0.0,0.0,0.0,0.0,0.0,0.0,0.0,0.0,0.0,9.0,25.875,25.875,9.0,9.0,9.0,9.0,9.0,25.875,9.0,0.0,0.0,0.0
9.0,0.0,0.0,0.0,0.0,0.0,0.0,0.0,0.0,0.0,0.0,0.0,0.0,0.0,0.0,0.0,0.0,0.0,0.0,9.0,9.0,12.13235924272442,9.0,12.198108374509957,9.0,23.609776473572765,21.295463803934126,21.328338369826838,21.361212935719664,21.394087501612375,21.4269620675052,9.0,9.0,9.0,9.0,9.0,9.0,25.875,25.875,0.0,0.0,0.0,0.0,0.0,0.0,0.0,0.0,0.0,0.0
350.0,0.0,0.0,0.0,0.0,0.0,0.0,0.0,0.0,0.0,0.0,0.0,0.0,0.0,0.0,0.0,0.0,0.0,0.0,0.0,0.0,0.0,0.0,0.0,0.0,0.0,0.0,0.0,0.0,0.0,0.0,0.0,0.0,0.0,0.0,0.0,0.0,0.0,0.0,0.0,0.0,0.0,0.0,0.0,0.0,0.0,0.0,0.0,0.0
350.0,0.0,0.0,0.0,0.0,0.0,0.0,0.0,0.0,0.0,0.0,0.0,0.0,0.0,0.0,0.0,0.0,0.0,0.0,0.0,0.0,0.0,0.0,0.0,0.0,0.0,0.0,0.0,0.0,0.0,0.0,0.0,0.0,0.0,0.0,0.0,0.0,0.0,0.0,0.0,0.0,0.0,0.0,0.0,0.0,0.0,0.0,0.0,0.0
350.0,0.0,0.0,0.0,0.0,0.0,0.0,0.0,0.0,0.0,0.0,0.0,0.0,0.0,0.0,0.0,0.0,0.0,0.0,0.0,0.0,0.0,0.0,0.0,0.0,0.0,0.0,0.0,0.0,0.0,0.0,0.0,0.0,0.0,0.0,0.0,0.0,0.0,0.0,0.0,0.0,0.0,0.0,0.0,0.0,0.0,0.0,0.0,0.0
350.0,0.0,0.0,0.0,0.0,0.0,0.0,0.0,0.0,0.0,0.0,0.0,0.0,0.0,0.0,0.0,0.0,0.0,0.0,0.0,0.0,0.0,0.0,0.0,0.0,0.0,0.0,0.0,0.0,0.0,0.0,0.0,0.0,0.0,0.0,0.0,0.0,0.0,0.0,0.0,0.0,0.0,0.0,0.0,0.0,0.0,0.0,0.0,0.0
350.0,0.0,0.0,0.0,0.0,0.0,0.0,0.0,0.0,0.0,0.0,0.0,0.0,0.0,0.0,0.0,0.0,0.0,0.0,0.0,0.0,0.0,0.0,0.0,0.0,0.0,0.0,0.0,0.0,0.0,0.0,0.0,0.0,0.0,0.0,0.0,0.0,0.0,0.0,0.0,0.0,0.0,0.0,0.0,0.0,0.0,0.0,0.0,0.0
350.0,0.0,0.0,0.0,0.0,0.0,0.0,0.0,0.0,0.0,0.0,0.0,0.0,0.0,0.0,0.0,0.0,0.0,0.0,0.0,0.0,0.0,0.0,0.0,0.0,0.0,0.0,0.0,0.0,0.0,0.0,0.0,0.0,0.0,0.0,0.0,0.0,0.0,0.0,0.0,0.0,0.0,0.0,0.0,0.0,0.0,0.0,0.0,0.0
350.0,0.0,0.0,0.0,0.0,0.0,0.0,0.0,0.0,0.0,0.0,0.0,0.0,0.0,0.0,0.0,0.0,0.0,0.0,0.0,0.0,0.0,0.0,0.0,0.0,0.0,0.0,0.0,0.0,0.0,0.0,0.0,0.0,0.0,0.0,0.0,0.0,402.5,380.01408206515515,330.01408206515515,280.01408206515515,230.01408206515515,180.01408206515515,143.96999733035102,193.96999733035102,144.5718375490037,140.0,140.0,0.0
350.0,0.0,0.0,0.0,0.0,0.0,0.0,0.0,0.0,0.0,0.0,0.0,0.0,0.0,0.0,0.0,0.0,0.0,0.0,0.0,0.0,0.0,0.0,0.0,0.0,0.0,0.0,0.0,0.0,0.0,0.0,0.0,0.0,0.0,0.0,0.0,0.0,402.5,352.5,302.5,252.5,202.5,152.5,140.0,190.0,190.0,140.0,165.22273314480506,0.0
350.0,0.0,0.0,0.0,0.0,0.0,0.0,0.0,0.0,0.0,0.0,0.0,0.0,0.0,0.0,0.0,0.0,0.0,0.0,0.0,0.0,0.0,0.0,0.0,0.0,0.0,0.0,0.0,0.0,0.0,0.0,0.0,0.0,0.0,0.0,0.0,0.0,0.0,0.0,0.0,0.0,0.0,0.0,0.0,0.0,0.0,0.0,0.0,0.0
350.0,0.0,0.0,0.0,0.0,0.0,0.0,0.0,0.0,0.0,0.0,0.0,0.0,0.0,0.0,0.0,0.0,0.0,0.0,0.0,0.0,0.0,0.0,0.0,0.0,0.0,0.0,0.0,0.0,0.0,0.0,0.0,0.0,0.0,0.0,0.0,0.0,0.0,0.0,0.0,0.0,0.0,0.0,0.0,0.0,0.0,0.0,0.0,0.0
0.0,0.0,0.0,0.0,0.0,0.0,0.0,0.0,0.0,0.0,0.0,0.0,0.0,0.0,0.0,0.0,0.0,0.0,0.0,0.0,0.0,0.0,0.0,0.0,0.0,0.0,0.0,0.0,0.0,0.0,0.0,140.0,140.0,152.5,202.5,252.5,302.5,352.5,402.5,352.5,302.5,0.0,0.0,0.0,0.0,0.0,0.0,0.0,0.0
0.0,0.0,0.0,0.0,0.0,0.0,0.0,0.0,0.0,0.0,0.0,0.0,0.0,0.0,0.0,0.0,0.0,0.0,0.0,0.0,0.0,0.0,0.0,0.0,0.0,0.0,0.0,0.0,0.0,0.0,0.0,0.0,0.0,0.0,0.0,0.0,0.0,0.0,0.0,0.0,0.0,0.0,0.0,0.0,0.0,0.0,0.0,0.0,0.0
350.0,0.0,0.0,0.0,0.0,0.0,0.0,0.0,0.0,0.0,0.0,0.0,0.0,0.0,0.0,0.0,0.0,0.0,0.0,0.0,0.0,0.0,0.0,0.0,0.0,0.0,0.0,0.0,0.0,0.0,0.0,0.0,0.0,0.0,0.0,0.0,0.0,0.0,0.0,0.0,0.0,0.0,0.0,0.0,0.0,0.0,0.0,0.0,0.0
350.0,0.0,0.0,0.0,0.0,0.0,0.0,0.0,0.0,0.0,0.0,0.0,0.0,0.0,0.0,0.0,0.0,0.0,0.0,0.0,0.0,0.0,0.0,0.0,0.0,0.0,0.0,0.0,0.0,0.0,0.0,0.0,0.0,0.0,0.0,0.0,0.0,0.0,0.0,0.0,0.0,0.0,0.0,0.0,0.0,0.0,0.0,0.0,0.0
350.0,0.0,0.0,0.0,0.0,0.0,0.0,0.0,0.0,0.0,0.0,0.0,0.0,0.0,0.0,0.0,0.0,0.0,0.0,0.0,0.0,0.0,0.0,0.0,0.0,0.0,0.0,0.0,0.0,0.0,0.0,0.0,0.0,0.0,0.0,0.0,0.0,0.0,0.0,0.0,0.0,0.0,0.0,0.0,0.0,0.0,0.0,0.0,0.0
350.0,0.0,0.0,0.0,0.0,0.0,0.0,0.0,0.0,0.0,0.0,0.0,0.0,0.0,0.0,0.0,0.0,0.0,0.0,0.0,0.0,0.0,0.0,0.0,0.0,0.0,0.0,0.0,0.0,0.0,0.0,0.0,0.0,0.0,0.0,0.0,0.0,0.0,0.0,0.0,0.0,0.0,0.0,0.0,0.0,0.0,0.0,0.0,0.0
350.0,0.0,0.0,0.0,0.0,0.0,0.0,0.0,0.0,0.0,0.0,0.0,0.0,0.0,0.0,0.0,0.0,0.0,0.0,0.0,0.0,0.0,0.0,0.0,0.0,0.0,0.0,0.0,0.0,0.0,0.0,0.0,0.0,0.0,0.0,0.0,0.0,0.0,0.0,0.0,0.0,0.0,0.0,0.0,0.0,0.0,0.0,0.0,0.0
350.0,0.0,0.0,0.0,0.0,0.0,0.0,0.0,0.0,0.0,0.0,0.0,0.0,0.0,0.0,0.0,0.0,0.0,0.0,0.0,0.0,0.0,0.0,0.0,0.0,0.0,0.0,0.0,0.0,0.0,0.0,0.0,0.0,0.0,0.0,0.0,398.5,448.5,398.5,348.5,298.5,248.5,198.5,156.0,179.94397857776346,156.0,0.0,0.0,0.0
350.0,0.0,0.0,0.0,0.0,0.0,0.0,0.0,0.0,0.0,0.0,0.0,0.0,0.0,0.0,0.0,0.0,0.0,0.0,0.0,0.0,0.0,0.0,0.0,0.0,0.0,0.0,0.0,0.0,0.0,0.0,0.0,0.0,0.0,0.0,0.0,0.0,0.0,0.0,0.0,0.0,0.0,0.0,0.0,0.0,0.0,0.0,0.0,0.0
350.0,0.0,0.0,0.0,0.0,0.0,0.0,0.0,0.0,0.0,0.0,0.0,0.0,0.0,0.0,0.0,0.0,0.0,0.0,0.0,0.0,0.0,0.0,0.0,0.0,0.0,0.0,0.0,0.0,0.0,0.0,0.0,0.0,0.0,0.0,0.0,0.0,0.0,0.0,0.0,0.0,0.0,0.0,0.0,0.0,0.0,0.0,0.0,0.0
350.0,0.0,0.0,0.0,0.0,0.0,0.0,0.0,0.0,0.0,0.0,0.0,0.0,0.0,0.0,0.0,0.0,0.0,0.0,0.0,0.0,0.0,0.0,0.0,0.0,0.0,0.0,0.0,0.0,0.0,0.0,0.0,0.0,0.0,0.0,0.0,0.0,0.0,0.0,0.0,0.0,0.0,0.0,0.0,0.0,0.0,0.0,0.0,0.0
0.0,0.0,0.0,0.0,0.0,0.0,0.0,0.0,0.0,0.0,0.0,0.0,0.0,0.0,0.0,0.0,0.0,0.0,0.0,0.0,0.0,0.0,0.0,0.0,0.0,0.0,0.0,0.0,0.0,0.0,0.0,0.0,0.0,0.0,0.0,0.0,0.0,0.0,0.0,0.0,0.0,0.0,0.0,0.0,0.0,0.0,0.0,0.0,0.0
0.0,0.0,0.0,0.0,0.0,0.0,0.0,0.0,0.0,0.0,0.0,0.0,0.0,0.0,0.0,0.0,0.0,0.0,0.0,0.0,0.0,0.0,0.0,0.0,0.0,0.0,0.0,0.0,0.0,0.0,0.0,0.0,0.0,0.0,0.0,0.0,0.0,0.0,0.0,0.0,0.0,0.0,0.0,0.0,0.0,0.0,0.0,0.0,0.0
61.56,0.0,0.0,0.0,0.0,0.0,0.0,0.0,0.0,0.0,0.0,0.0,0.0,0.0,0.0,0.0,0.0,0.0,0.0,0.0,0.0,0.0,0.0,0.0,0.0,0.0,0.0,0.0,0.0,0.0,0.0,0.0,0.0,0.0,0.0,0.0,0.0,0.0,0.0,0.0,0.0,0.0,0.0,0.0,0.0,0.0,0.0,0.0,0.0
0.0,0.0,0.0,0.0,0.0,0.0,0.0,0.0,0.0,0.0,0.0,0.0,0.0,0.0,0.0,0.0,0.0,0.0,0.0,0.0,0.0,0.0,0.0,0.0,0.0,0.0,0.0,0.0,0.0,0.0,0.0,0.0,0.0,0.0,0.0,0.0,0.0,0.0,0.0,0.0,0.0,0.0,0.0,0.0,0.0,0.0,0.0,0.0,0.0
0.0,0.0,0.0,0.0,0.0,0.0,0.0,0.0,0.0,0.0,0.0,0.0,0.0,0.0,0.0,0.0,0.0,0.0,0.0,0.0,0.0,0.0,0.0,0.0,0.0,0.0,0.0,0.0,0.0,0.0,0.0,0.0,0.0,0.0,0.0,0.0,0.0,0.0,0.0,0.0,0.0,0.0,0.0,0.0,0.0,0.0,0.0,0.0,0.0
150.0,0.0,0.0,0.0,0.0,0.0,0.0,0.0,0.0,0.0,0.0,0.0,0.0,0.0,0.0,0.0,70.0,70.0,86.12541259837248,86.11985377540671,70.0,70.0,70.0,86.09761848354367,86.09205966057792,86.08650083761216,0.0,0.0,0.0,0.0,0.0,0.0,0.0,0.0,0.0,0.0,156.02535378498877,156.019794962023,86.01423613905726,70.0,86.00311849312573,70.0,85.99200084719422,70.0,85.98088320126269,85.97532437829692,70.0,85.96420673236538,0.0
150.0,0.0,0.0,0.0,0.0,0.0,0.0,0.0,0.0,0.0,0.0,0.0,0.0,0.0,0.0,0.0,0.0,0.0,0.0,0.0,0.0,0.0,0.0,0.0,0.0,0.0,0.0,0.0,0.0,0.0,0.0,0.0,0.0,0.0,0.0,0.0,0.0,0.0,0.0,0.0,0.0,0.0,0.0,0.0,0.0,0.0,0.0,0.0,85.95864790939962
0.0,0.0,0.0,0.0,0.0,0.0,0.0,0.0,0.0,0.0,0.0,0.0,0.0,0.0,0.0,0.0,0.0,0.0,0.0,0.0,0.0,0.0,0.0,70.0,70.0,70.0,156.08094201464638,156.07538319168063,156.06982436871488,156.06426554574912,156.05870672278337,156.0531478998176,156.04758907685184,0.0,0.0,0.0,0.0,0.0,0.0,0.0,0.0,0.0,0.0,0.0,0.0,0.0,0.0,0.0,0.0
0.0,156.21991258620204,156.21435376582465,156.2087949428589,156.20323611989315,156.1976772969274,156.1921184739616,156.18655965099586,156.1810008280301,156.17544200506433,156.1698831820986,156.16432435913282,156.15876553616704,86.15320671320129,70.0,70.0,0.0,0.0,0.0,0.0,0.0,0.0,0.0,0.0,0.0,0.0,0.0,0.0,0.0,0.0,0.0,0.0,0.0,0.0,0.0,0.0,0.0,0.0,0.0,0.0,0.0,0.0,0.0,0.0,0.0,0.0,0.0,0.0,0.0
0.0,0.0,0.0,0.0,0.0,0.0,0.0,0.0,0.0,0.0,0.0,0.0,0.0,70.0,86.14764789023552,86.14208906726975,86.136530244304,86.13097142133824,70.0,70.0,86.11429495244096,86.1087361294752,86.10317730650944,0.0,0.0,0.0,0.0,0.0,0.0,0.0,0.0,0.0,0.0,0.0,0.0,0.0,0.0,0.0,0.0,0.0,0.0,0.0,0.0,0.0,0.0,0.0,0.0,0.0,70.0
0.0,0.0,0.0,0.0,0.0,0.0,0.0,0.0,0.0,0.0,0.0,0.0,0.0,0.0,0.0,0.0,0.0,0.0,0.0,0.0,0.0,0.0,0.0,0.0,0.0,0.0,0.0,0.0,0.0,0.0,0.0,0.0,0.0,0.0,0.0,0.0,0.0,0.0,70.0,86.0086773160915,70.0,85.99755967015997,70.0,85.98644202422845,70.0,70.0,85.96976555533114,70.0,0.0
230.0,225.06664713974112,125.06664713974112,98.64,198.6357392636599,98.64,198.63573926365993,0.0,0.0,0.0,0.0,0.0,0.0,0.0,0.0,0.0,0.0,0.0,0.0,0.0,0.0,0.0,0.0,0.0,0.0,98.64,169.36875486808054,169.36178028693786,169.35480570579517,98.64,98.64,98.64,169.32690738122443,267.95993280008173,169.3129582189391,169.3059836377964,267.93900905665373,0.0,0.0,0.0,0.0,0.0,0.0,0.0,0.0,0.0,0.0,139.8346544931129,126.14039375677288
230.0,0.0,0.0,0.0,0.0,0.0,0.0,0.0,0.0,0.0,0.0,0.0,0.0,0.0,0.0,0.0,0.0,0.0,0.0,0.0,0.0,0.0,0.0,98.64,98.64,169.3757294492232,98.64,98.64,98.64,98.64,169.3408565435098,98.64,98.64,0.0,0.0,0.0,0.0,0.0,0.0,0.0,0.0,0.0,0.0,0.0,0.0,0.0,0.0,0.0,0.0
0.0,0.0,0.0,0.0,0.0,0.0,0.0,0.0,98.64,98.64,156.76812610071897,98.64,98.64,169.45938059563127,98.64,169.4454314333459,98.64,169.43148227106053,98.64,98.64,169.4105585276325,98.64,169.39660936534716,98.64,169.3827040303659,98.64,98.64,98.64,98.64,169.3478311246525,98.64,169.33388196236712,98.64,98.64,98.64,98.64,0.0,0.0,0.0,0.0,0.0,0.0,0.0,0.0,0.0,0.0,0.0,0.0,98.64
0.0,0.0,0.0,0.0,0.0,0.0,0.0,225.04108272258566,126.39682198624563,98.64,98.64,126.3821263629323,169.46635517677393,98.64,169.4524060144886,98.64,98.64,98.64,169.42450768991785,169.4175331087752,98.64,98.64,98.64,168.69377615118378,98.64,0.0,0.0,0.0,0.0,0.0,0.0,0.0,0.0,0.0,0.0,0.0,0.0,0.0,0.0,0.0,0.0,0.0,0.0,98.64,198.64,224.79317596579307,224.78891522945307,183.58999999999997,98.64
0.0,98.64,198.63573926454495,225.058125667946,125.058125667946,225.04960419526583,125.04960419526583,98.64,98.64,126.39256124990555,98.64,98.64,98.64,98.64,98.64,98.64,169.43845685220322,98.64,98.64,98.64,98.64,169.40358394648985,98.64,0.0,0.0,0.0,0.0,0.0,0.0,0.0,0.0,0.0,0.0,0.0,98.64,98.64,98.64,98.64,98.64,98.64,98.64,98.64,140.3754641313244,98.64,0.0,0.0,0.0,0.0,0.0
0.0,0.0,0.0,0.0,0.0,0.0,0.0,0.0,0.0,0.0,0.0,0.0,0.0,0.0,0.0,0.0,0.0,0.0,0.0,0.0,0.0,0.0,0.0,0.0,0.0,0.0,0.0,0.0,0.0,0.0,0.0,0.0,0.0,0.0,0.0,0.0,0.0,267.93203447551105,267.92505989436836,267.9180853132257,267.911110732083,267.90413615094036,226.16169743847325,126.16169743847325,124.79743670213318,98.64,98.64,0.0,0.0
0.0,0.0,0.0,0.0,0.0,0.0,0.0,0.0,0.0,0.0,0.0,0.0,0.0,0.0,0.0,0.0,0.0,0.0,0.0,0.0,0.0,0.0,0.0,0.0,0.0,0.0,0.0,0.0,0.0,0.0,0.0,0.0,0.0,0.0,0.0,0.0,0.0,0.0,0.0,0.0,0.0,0.0,0.0,0.0,0.0,0.0,0.0,0.0,0.0
0.0,0.0,0.0,0.0,0.0,0.0,0.0,0.0,0.0,0.0,0.0,0.0,0.0,0.0,0.0,0.0,0.0,0.0,0.0,0.0,0.0,0.0,0.0,0.0,0.0,0.0,0.0,0.0,0.0,0.0,0.0,0.0,0.0,0.0,0.0,0.0,0.0,0.0,0.0,0.0,0.0,0.0,0.0,0.0,0.0,0.0,0.0,0.0,0.0
0.0,0.0,0.0,0.0,0.0,0.0,0.0,0.0,0.0,0.0,0.0,0.0,0.0,0.0,0.0,0.0,0.0,0.0,0.0,0.0,0.0,0.0,0.0,0.0,0.0,0.0,0.0,0.0,0.0,0.0,0.0,0.0,0.0,0.0,0.0,0.0,0.0,0.0,0.0,0.0,0.0,0.0,0.0,0.0,0.0,0.0,0.0,0.0,0.0
0.0,0.0,0.0,0.0,0.0,0.0,0.0,0.0,0.0,0.0,0.0,0.0,0.0,0.0,0.0,0.0,0.0,0.0,0.0,0.0,0.0,0.0,0.0,0.0,0.0,0.0,0.0,0.0,0.0,0.0,0.0,0.0,0.0,0.0,0.0,0.0,0.0,0.0,0.0,0.0,0.0,0.0,0.0,0.0,0.0,0.0,0.0,0.0,0.0
0.0,0.0,0.0,0.0,0.0,0.0,0.0,0.0,0.0,0.0,0.0,0.0,0.0,0.0,0.0,0.0,0.0,0.0,0.0,0.0,0.0,0.0,0.0,0.0,0.0,0.0,0.0,0.0,0.0,0.0,0.0,0.0,0.0,0.0,0.0,0.0,0.0,0.0,0.0,0.0,0.0,0.0,0.0,0.0,0.0,0.0,0.0,0.0,0.0
0.0,0.0,0.0,0.0,0.0,0.0,0.0,0.0,0.0,0.0,0.0,0.0,0.0,0.0,0.0,0.0,0.0,0.0,0.0,0.0,0.0,0.0,0.0,0.0,0.0,0.0,0.0,0.0,0.0,0.0,0.0,0.0,0.0,0.0,0.0,0.0,0.0,0.0,0.0,0.0,0.0,0.0,0.0,0.0,0.0,0.0,0.0,0.0,0.0
0.0,0.0,0.0,0.0,0.0,0.0,0.0,0.0,0.0,0.0,0.0,0.0,0.0,0.0,0.0,0.0,0.0,0.0,0.0,0.0,0.0,0.0,0.0,0.0,0.0,0.0,0.0,0.0,0.0,0.0,0.0,0.0,0.0,0.0,0.0,0.0,0.0,0.0,0.0,0.0,0.0,0.0,0.0,0.0,0.0,0.0,0.0,0.0,0.0
0.0,0.0,0.0,0.0,0.0,0.0,0.0,0.0,0.0,0.0,0.0,0.0,0.0,0.0,0.0,0.0,0.0,0.0,0.0,0.0,0.0,0.0,0.0,0.0,0.0,0.0,0.0,0.0,0.0,0.0,0.0,0.0,0.0,0.0,0.0,0.0,0.0,0.0,0.0,0.0,0.0,0.0,0.0,0.0,0.0,0.0,0.0,0.0,0.0
0.0,0.0,0.0,0.0,0.0,0.0,0.0,0.0,0.0,0.0,0.0,0.0,0.0,0.0,0.0,0.0,0.0,0.0,0.0,0.0,0.0,0.0,0.0,0.0,0.0,0.0,0.0,0.0,0.0,0.0,0.0,0.0,0.0,0.0,0.0,0.0,0.0,0.0,0.0,0.0,0.0,0.0,0.0,0.0,0.0,0.0,0.0,0.0,0.0
0.0,0.0,0.0,0.0,0.0,0.0,0.0,0.0,0.0,0.0,0.0,0.0,0.0,0.0,0.0,0.0,0.0,0.0,0.0,0.0,0.0,0.0,0.0,0.0,0.0,0.0,0.0,0.0,0.0,0.0,0.0,0.0,0.0,0.0,0.0,0.0,0.0,0.0,0.0,0.0,0.0,0.0,0.0,0.0,0.0,0.0,0.0,0.0,0.0
0.0,0.0,0.0,0.0,0.0,0.0,0.0,0.0,0.0,0.0,0.0,0.0,0.0,0.0,0.0,0.0,0.0,0.0,0.0,0.0,0.0,0.0,0.0,0.0,0.0,0.0,0.0,0.0,0.0,0.0,0.0,0.0,0.0,0.0,0.0,0.0,0.0,0.0,0.0,0.0,0.0,0.0,0.0,0.0,0.0,0.0,0.0,0.0,0.0
0.0,0.0,0.0,0.0,0.0,0.0,0.0,0.0,0.0,0.0,0.0,0.0,0.0,0.0,0.0,0.0,0.0,0.0,0.0,0.0,0.0,0.0,0.0,0.0,0.0,0.0,0.0,0.0,0.0,0.0,0.0,0.0,0.0,0.0,0.0,0.0,0.0,0.0,0.0,0.0,0.0,0.0,0.0,0.0,0.0,0.0,0.0,0.0,0.0
0.0,0.0,0.0,0.0,0.0,0.0,0.0,0.0,0.0,0.0,0.0,0.0,0.0,0.0,0.0,0.0,0.0,0.0,0.0,0.0,0.0,0.0,0.0,0.0,0.0,0.0,0.0,0.0,0.0,0.0,0.0,0.0,0.0,0.0,0.0,0.0,0.0,0.0,0.0,0.0,0.0,0.0,0.0,0.0,0.0,0.0,0.0,0.0,0.0
0.0,0.0,0.0,0.0,0.0,0.0,0.0,0.0,0.0,0.0,0.0,0.0,0.0,0.0,0.0,0.0,0.0,0.0,0.0,0.0,0.0,0.0,0.0,0.0,0.0,0.0,0.0,0.0,0.0,0.0,0.0,0.0,0.0,0.0,0.0,0.0,0.0,0.0,0.0,0.0,0.0,0.0,0.0,0.0,0.0,0.0,0.0,0.0,0.0
0.0,0.0,0.0,0.0,0.0,0.0,0.0,0.0,0.0,0.0,0.0,0.0,0.0,0.0,0.0,0.0,0.0,0.0,0.0,0.0,0.0,0.0,0.0,0.0,0.0,0.0,0.0,0.0,0.0,0.0,0.0,0.0,0.0,0.0,0.0,0.0,0.0,0.0,0.0,0.0,0.0,0.0,0.0,0.0,0.0,0.0,0.0,0.0,0.0
0.0,0.0,0.0,0.0,0.0,0.0,0.0,0.0,0.0,0.0,0.0,0.0,0.0,0.0,0.0,0.0,0.0,0.0,0.0,0.0,0.0,0.0,0.0,0.0,0.0,0.0,0.0,0.0,0.0,0.0,0.0,0.0,0.0,0.0,0.0,0.0,0.0,0.0,0.0,0.0,0.0,0.0,0.0,0.0,0.0,0.0,0.0,0.0,0.0
0.0,0.0,0.0,0.0,0.0,0.0,0.0,0.0,0.0,0.0,0.0,0.0,0.0,0.0,0.0,0.0,0.0,0.0,0.0,0.0,0.0,0.0,0.0,0.0,0.0,0.0,0.0,0.0,0.0,0.0,0.0,0.0,0.0,0.0,0.0,0.0,0.0,0.0,0.0,0.0,0.0,0.0,0.0,0.0,0.0,0.0,0.0,0.0,0.0
300.0,0.0,0.0,0.0,0.0,0.0,0.0,0.0,0.0,0.0,0.0,0.0,0.0,0.0,0.0,0.0,0.0,0.0,0.0,0.0,0.0,0.0,0.0,0.0,0.0,0.0,0.0,0.0,0.0,0.0,0.0,164.16,164.16,164.16,264.15999999999985,317.3494364998197,371.96000000000004,471.96000000000004,371.96000000000004,271.96000000000004,171.96000000000004,253.18943649981986,353.18943649981986,264.15999999999997,164.16,164.16,164.16,164.16,264.15999999999997
300.0,359.2437895592563,264.15999999999997,164.16,228.31999999708364,164.16,164.16,0.0,0.0,0.0,0.0,0.0,0.0,0.0,0.0,0.0,0.0,0.0,0.0,0.0,0.0,0.0,0.0,0.0,0.0,0.0,0.0,0.0,0.0,471.96000000000004,471.96000000000004,371.96000000000004,471.96000000000004,471.96000000000004,471.96000000000004,464.15999999999997,364.15999999999997,264.15999999999997,164.16,164.16,264.15999999999997,264.15999999999997,164.16,253.18943649981975,0.0,0.0,0.0,0.0,0.0
300.0,199.99999999999983,295.08378956017657,395.0837895605978,330.9237895630929,230.92378956214267,164.16,199.99999999906163,0.0,0.0,0.0,0.0,0.0,0.0,0.0,0.0,0.0,0.0,0.0,0.0,0.0,0.0,0.0,0.0,0.0,0.0,471.9599999999999,371.96,471.9599999999999,471.96000000000004,471.96000000000004,409.54943649981976,309.54943649981976,309.54943649981976,209.54943649981976,164.16,209.54943649981976,209.54943649981976,245.38943649981968,345.3894364998197,245.3894364998198,264.15999999999985,164.16,164.16,164.16,164.16,264.15999999999997,364.15999999999997,0.0
0.0,0.0,0.0,0.0,0.0,0.0,0.0,0.0,0.0,200.0,300.0,264.15999999999997,164.16,164.16,164.16,187.18227441035287,287.1822744103529,209.54943649981976,309.54943649981976,209.54943649981976,309.54943649981976,264.15999999999997,264.15999999999997,264.1600000000001,264.15999999999997,164.16,164.16000000000003,164.16,0.0,0.0,0.0,0.0,0.0,0.0,0.0,0.0,0.0,0.0,0.0,0.0,0.0,0.0,0.0,0.0,253.18943649981964,353.18943649981964,353.18943649981975,253.18943649981975,307.6888015238526
0.0,0.0,0.0,0.0,0.0,164.16,230.9237895622832,330.92378956276775,430.9237895627681,330.9237895627681,330.9237895627681,407.7661426405683,407.7661426405683,386.52716208946686,286.52716208946686,186.52716208946686,264.15999999999997,164.16,164.16,264.15999999999997,264.15999999999997,209.54943649981965,309.54943649981965,209.54943649981965,309.54943649981965,309.54943649981976,309.54943649981976,409.54943649981976,471.96000000000004,0.0,0.0,0.0,0.0,0.0,0.0,0.0,0.0,0.0,0.0,0.0,0.0,0.0,0.0,0.0,0.0,0.0,0.0,0.0,373.8206349759671
0.0,0.0,0.0,0.0,0.0,0.0,0.0,305.16235307780016,405.16235307780016,305.16235307780016,205.16235307780016,164.16,264.15999999999997,285.39898055110143,385.39898055110143,462.3767061407485,362.3767061407485,462.3767061407485,471.96000000000004,471.96000000000004,371.96000000000004,471.96000000000004,371.96000000000004,471.96000000000004,371.96000000000004,471.96000000000004,0.0,0.0,0.0,0.0,0.0,0.0,0.0,0.0,0.0,0.0,0.0,0.0,164.15999999999997,164.15999999999997,264.15999999999997,164.16,264.15999999999997,264.15999999999997,364.15999999999997,264.15999999999997,164.15999999999997,164.16,0.0
200.0,300.00000000000017,210.8,210.8,0.0,0.0,0.0,0.0,0.0,0.0,0.0,0.0,0.0,0.0,0.0,0.0,0.0,0.0,0.0,0.0,0.0,0.0,210.8,210.8,310.8,310.79999999999995,218.55983961743527,318.5598396174353,418.5598396174353,339.2340303329023,239.2340303329023,306.04999999999995,0.0,0.0,0.0,0.0,0.0,0.0,0.0,0.0,0.0,0.0,0.0,0.0,0.0,410.79999999999984,310.8,210.8,210.8
200.0,218.67036063637653,307.87036063673526,307.87036063673526,407.87036063673554,507.8703606367358,0.0,0.0,0.0,0.0,0.0,0.0,0.0,0.0,0.0,0.0,0.0,0.0,0.0,0.0,0.0,0.0,0.0,0.0,0.0,0.0,0.0,0.0,0.0,0.0,0.0,0.0,0.0,0.0,0.0,0.0,0.0,0.0,0.0,0.0,0.0,0.0,0.0,0.0,0.0,0.0,0.0,210.8,310.8
0.0,0.0,0.0,0.0,0.0,0.0,0.0,0.0,0.0,0.0,0.0,0.0,0.0,0.0,0.0,0.0,0.0,0.0,0.0,0.0,0.0,0.0,210.8,231.47419071546733,331.47419071546733,431.47419071546733,531.4741907154673,431.47419071546733,331.47419071546733,410.8000000000003,410.8,310.8,210.8,0.0,0.0,0.0,0.0,0.0,0.0,0.0,0.0,0.0,0.0,339.2340303329026,439.2340303329024,339.2340303329026,439.2340303329026,539.2340303329024,439.2340303329026
0.0,0.0,0.0,0.0,0.0,0.0,518.6703606363627,568.1746900681121,568.1746900681123,568.1746900681123,568.1746900681123,568.1746900681121,568.1746900681121,606.05,606.05,606.05,606.05,542.2741907154673,442.2741907154673,342.2741907154673,0.0,0.0,0.0,0.0,0.0,0.0,0.0,0.0,0.0,0.0,0.0,0.0,506.04999999999995,606.05,606.05,506.04999999999995,406.04999999999995,339.2340303329024,239.23403033290242,339.2340303329024,439.2340303329024,539.2340303329024,539.2340303329025,0.0,0.0,0.0,0.0,0.0,0.0
0.0,0.0,0.0,0.0,0.0,0.0,0.0,0.0,0.0,0.0,0.0,0.0,0.0,0.0,0.0,0.0,242.27419071546728,306.04999999999995,406.04999999999995,506.04999999999995,606.05,606.05,506.04999999999995,406.04999999999995,318.5598396174353,218.55983961743527,0.0,0.0,0.0,0.0,0.0,0.0,0.0,0.0,0.0,0.0,210.8,310.8,310.79999999999995,310.8,210.8,210.8,210.8,310.8,310.8,210.8,210.8,0.0,0.0
0.0,0.0,0.0,0.0,0.0,0.0,0.0,0.0,0.0,0.0,0.0,0.0,0.0,0.0,0.0,0.0,0.0,0.0,0.0,0.0,0.0,0.0,0.0,0.0,0.0,0.0,210.79999999999995,210.8,210.79999999999984,210.8,310.8,343.98403033290265,243.98403033290265,343.98403033290265,354.7840303329026,443.98403033290265,343.98403033290265,310.8000000000002,410.8000000000002,310.8000000000002,310.79999999999995,210.8,210.8,310.8,210.8,0.0,0.0,0.0,0.0
