0.0,26.600000000000016,29.891163711947648,18.910005476974753,29.900000000000006,18.900000000000006,29.889773349345482,18.889773349345482,12.409359719054645,23.399133068400126,29.900000000000006,18.900000000000006,12.36845311643657,23.358226465782053,26.647999815127534,29.900000000000006,29.900000000000006,29.900000000000006,29.900000000000006,18.900000000000006,26.566186609891382,15.566186609891382,26.555959959236866,15.555959959236866,26.54573330858235,15.54573330858235,23.23118468056788,12.231184680567875,23.22363643841811,12.223636438418112,12.21986231734323,12.216088196268348,23.208539954118585,12.208539954118585,12.204765833043703,12.200991711968824,12.197217590893942,23.18966934874419,23.189669348744186,12.185895227669304,12.182121106594415,23.174572864444656,12.174572864444652,23.16702462229489,12.167024622294889,23.159476380145136,12.159476380145133,12.155702259070244,23.151928137995363
0.0,26.77857638491387,15.778576384913865,23.45026632167272,12.450266321672721,23.440039671018205,12.440039671018205,23.42981302036369,29.900000000000006,18.900000000000006,12.388906417745607,23.378679767091086,29.900000000000006,18.900000000000006,15.6,12.337773164473012,12.327546513818492,12.317319863163974,12.307093212509455,23.296866561854934,15.620453301309041,26.610226650654518,15.610226650654518,26.6,15.6,26.592999614135294,18.903774121074893,29.900000000000006,18.90377412107489,29.900000000000006,29.900000000000006,29.900000000000006,18.903774121074882,29.900000000000006,29.900000000000006,29.900000000000006,29.900000000000006,18.90377412107488,29.9,29.9,29.900000000000006,18.903774121074893,29.900000000000006,18.90377412107489,29.900000000000006,18.90377412107488,29.9,29.900000000000006,18.900000000000006
0.0,14.375,14.375,14.375,14.375,14.375,14.375,14.375,14.375,14.375,14.375,14.375,14.375,14.375,14.375,14.375,14.375,14.375,14.375,14.375,14.375,14.375,14.375,14.375,14.375,14.375,14.375,14.375,14.375,14.375,14.375,14.375,14.375,14.375,14.375,14.375,14.375,14.375,14.375,14.375,14.375,14.375,14.375,14.375,14.375,14.375,14.375,14.375,14.375
0.0,14.375,14.375,14.375,14.375,14.375,14.375,14.375,14.375,14.375,14.375,14.375,14.375,14.375,14.375,14.375,14.375,14.375,14.375,14.375,14.375,14.375,14.375,14.375,14.375,14.375,14.375,14.375,14.375,14.375,14.375,14.375,14.375,14.375,14.375,14.375,14.375,14.375,14.375,14.375,14.375,14.375,14.375,14.375,14.375,14.375,14.375,14.375,14.375
0.0,16.1,16.1,16.1,16.1,16.1,16.1,16.1,16.1,16.1,16.1,16.1,16.1,16.1,16.1,16.1,16.1,16.1,16.1,16.1,16.1,16.1,16.1,16.1,16.1,16.1,16.1,16.1,16.1,16.1,16.1,16.1,16.1,16.1,16.1,16.1,16.1,16.1,16.1,16.1,16.1,16.1,16.1,16.1,16.1,16.1,16.1,16.1,16.1
0.0,14.95,14.950000000000003,14.950000000000003,14.95,14.950000000000003,14.95,14.950000000000003,14.950000000000003,14.950000000000003,14.950000000000003,14.950000000000003,14.950000000000003,14.950000000000003,14.950000000000003,14.950000000000003,14.950000000000003,14.950000000000003,14.950000000000003,14.950000000000003,14.950000000000003,14.950000000000003,14.95,14.950000000000003,14.950000000000003,14.950000000000003,14.950000000000003,14.950000000000003,14.950000000000003,14.950000000000003,14.950000000000003,14.950000000000003,14.950000000000003,14.95,14.950000000000003,14.950000000000003,14.950000000000003,14.95,14.95,14.950000000000003,14.950000000000003,14.950000000000003,14.950000000000003,14.950000000000003,14.95,14.950000000000003,14.950000000000003,14.950000000000003,14.95
0.0,38.8996400000005,38.8996400000005,38.8996400000005,38.8996400000005,38.8996400000005,0.0,0.0,0.0,0.0,0.0,0.0,0.0,0.0,0.0,0.0,0.0,0.0,0.0,0.0,0.0,0.0,0.0,0.0,0.0,69.0,69.0,69.0,69.0,69.0,68.5986,68.5986,68.5986,69.0,69.0,68.5986,69.0,69.0,69.0,69.0,68.5986,68.5986,69.0,69.0,68.5986,69.0,69.0,69.0,68.5986
0.0,0.0,0.0,0.0,0.0,0.0,0.0,0.0,0.0,0.0,0.0,0.0,0.0,0.0,0.0,0.0,0.0,0.0,0.0,0.0,0.0,0.0,0.0,0.0,0.0,69.0,69.0,69.0,68.5986,68.5986,69.0,69.0,69.0,69.0,69.0,69.0,68.5986,68.5986,69.0,69.0,69.0,69.0,68.5986,69.0,69.0,68.5986,68.5986,69.0,69.0
0.0,0.0,0.0,0.0,0.0,0.0,38.8996400000005,38.8996400000005,38.8996400000005,38.8996400000005,38.8996400000005,38.8996400000005,38.8996400000005,38.8996400000005,38.8996400000005,38.8996400000005,38.8996400000005,38.8996400000005,38.8996400000005,38.8996400000005,38.8996400000005,38.8996400000005,38.8996400000005,38.8996400000005,38.8996400000005,49.8996400000005,60.8996400000005,69.0,69.0,69.0,69.0,69.0,69.0,68.5986,68.5986,69.0,69.0,69.0,68.5986,69.0,69.0,69.0,69.0,68.5986,69.0,69.0,69.0,68.5986,69.0
0.0,0.0,0.0,0.0,0.0,0.0,0.0,0.0,0.0,0.0,0.0,0.0,0.0,0.0,0.0,0.0,0.0,0.0,0.0,0.0,0.0,0.0,0.0,0.0,0.0,0.0,0.0,0.0,0.0,0.0,0.0,0.0,0.0,0.0,0.0,0.0,0.0,0.0,0.0,0.0,0.0,0.0,0.0,0.0,0.0,0.0,0.0,0.0,0.0
0.0,100.0,0.0,0.0,0.0,0.0,0.0,0.0,0.0,0.0,0.0,0.0,0.0,0.0,0.0,0.0,0.0,0.0,0.0,0.0,0.0,0.0,0.0,0.0,0.0,0.0,0.0,0.0,0.0,0.0,0.0,0.0,0.0,0.0,0.0,0.0,0.0,0.0,0.0,0.0,0.0,0.0,0.0,0.0,0.0,0.0,0.0,0.0,0.0
0.0,0.0,0.0,0.0,0.0,0.0,0.0,0.0,0.0,0.0,0.0,0.0,0.0,0.0,0.0,0.0,0.0,0.0,0.0,0.0,0.0,0.0,0.0,0.0,0.0,0.0,0.0,0.0,0.0,0.0,0.0,0.0,0.0,0.0,0.0,0.0,0.0,0.0,0.0,0.0,0.0,0.0,0.0,0.0,0.0,0.0,0.0,0.0,0.0
0.0,0.0,0.0,0.0,0.0,0.0,0.0,0.0,0.0,0.0,0.0,0.0,0.0,0.0,0.0,0.0,0.0,0.0,0.0,0.0,0.0,0.0,0.0,0.0,0.0,0.0,0.0,0.0,0.0,0.0,0.0,0.0,0.0,0.0,0.0,0.0,0.0,0.0,0.0,0.0,0.0,0.0,0.0,0.0,0.0,0.0,0.0,0.0,0.0
0.0,0.0,0.0,0.0,0.0,0.0,0.0,0.0,0.0,0.0,0.0,0.0,0.0,0.0,0.0,0.0,0.0,0.0,0.0,0.0,0.0,0.0,65.6,65.6,65.6,65.6,65.6,65.6,65.6,65.6,65.6,65.6,65.6,65.6,65.6,65.6,65.6,0.0,0.0,0.0,0.0,0.0,0.0,0.0,0.0,0.0,0.0,0.0,0.0
0.0,0.0,0.0,0.0,0.0,0.0,0.0,0.0,0.0,0.0,0.0,0.0,0.0,0.0,0.0,0.0,0.0,0.0,0.0,0.0,0.0,0.0,0.0,0.0,0.0,0.0,0.0,0.0,0.0,0.0,0.0,0.0,0.0,0.0,0.0,0.0,0.0,0.0,0.0,0.0,0.0,0.0,0.0,0.0,0.0,0.0,0.0,0.0,0.0
0.0,0.0,0.0,0.0,0.0,0.0,0.0,0.0,0.0,0.0,0.0,0.0,0.0,0.0,0.0,0.0,0.0,0.0,0.0,0.0,0.0,0.0,0.0,0.0,0.0,0.0,0.0,0.0,0.0,0.0,0.0,0.0,0.0,0.0,0.0,0.0,0.0,0.0,0.0,0.0,0.0,0.0,0.0,0.0,0.0,0.0,0.0,0.0,0.0
0.0,0.0,0.0,0.0,0.0,0.0,0.0,0.0,0.0,0.0,0.0,0.0,0.0,0.0,0.0,0.0,0.0,0.0,0.0,0.0,0.0,0.0,0.0,0.0,0.0,0.0,0.0,0.0,0.0,0.0,0.0,0.0,0.0,0.0,0.0,0.0,0.0,0.0,0.0,0.0,0.0,0.0,0.0,0.0,0.0,0.0,0.0,0.0,0.0
0.0,0.0,0.0,0.0,0.0,0.0,0.0,0.0,0.0,0.0,0.0,0.0,0.0,0.0,0.0,0.0,0.0,0.0,0.0,0.0,0.0,0.0,0.0,0.0,0.0,0.0,0.0,0.0,0.0,0.0,0.0,0.0,0.0,0.0,0.0,0.0,0.0,0.0,0.0,0.0,0.0,0.0,0.0,0.0,0.0,0.0,0.0,0.0,0.0
0.0,0.0,0.0,0.0,0.0,0.0,0.0,0.0,0.0,0.0,0.0,0.0,0.0,0.0,0.0,0.0,0.0,0.0,0.0,0.0,0.0,0.0,0.0,0.0,0.0,0.0,0.0,0.0,0.0,0.0,0.0,0.0,0.0,0.0,0.0,0.0,0.0,0.0,0.0,0.0,0.0,0.0,0.0,0.0,0.0,0.0,0.0,0.0,0.0
0.0,0.0,0.0,0.0,0.0,0.0,0.0,0.0,0.0,0.0,0.0,0.0,0.0,0.0,0.0,0.0,0.0,0.0,0.0,0.0,0.0,0.0,0.0,0.0,0.0,0.0,0.0,0.0,0.0,0.0,0.0,0.0,0.0,0.0,0.0,0.0,0.0,0.0,0.0,0.0,0.0,0.0,0.0,0.0,0.0,0.0,0.0,0.0,0.0
0.0,0.0,0.0,0.0,0.0,0.0,0.0,0.0,0.0,0.0,0.0,0.0,0.0,0.0,0.0,0.0,0.0,0.0,0.0,0.0,0.0,0.0,0.0,0.0,0.0,0.0,0.0,0.0,0.0,0.0,0.0,0.0,0.0,0.0,0.0,0.0,0.0,0.0,0.0,0.0,0.0,0.0,0.0,0.0,0.0,0.0,0.0,0.0,0.0
0.0,0.0,0.0,0.0,0.0,0.0,0.0,0.0,0.0,0.0,0.0,0.0,0.0,0.0,0.0,0.0,0.0,0.0,0.0,0.0,0.0,0.0,0.0,0.0,0.0,0.0,0.0,0.0,0.0,0.0,0.0,0.0,0.0,0.0,0.0,0.0,0.0,0.0,0.0,0.0,0.0,0.0,0.0,0.0,0.0,0.0,0.0,0.0,0.0
0.0,0.0,0.0,0.0,0.0,0.0,0.0,0.0,0.0,0.0,0.0,0.0,0.0,0.0,0.0,0.0,0.0,0.0,0.0,0.0,0.0,0.0,0.0,0.0,0.0,0.0,0.0,0.0,0.0,0.0,0.0,0.0,0.0,0.0,0.0,0.0,0.0,0.0,0.0,0.0,0.0,0.0,0.0,0.0,0.0,0.0,0.0,0.0,0.0
0.0,0.0,0.0,0.0,0.0,0.0,0.0,0.0,0.0,0.0,0.0,0.0,0.0,0.0,0.0,0.0,0.0,0.0,0.0,0.0,0.0,0.0,0.0,0.0,0.0,0.0,0.0,0.0,0.0,0.0,0.0,0.0,0.0,0.0,0.0,0.0,0.0,0.0,0.0,0.0,0.0,0.0,0.0,0.0,0.0,0.0,0.0,0.0,0.0
0.0,0.0,0.0,0.0,0.0,0.0,0.0,0.0,0.0,0.0,0.0,0.0,0.0,0.0,0.0,0.0,0.0,0.0,0.0,0.0,0.0,0.0,0.0,0.0,0.0,0.0,0.0,0.0,0.0,0.0,0.0,0.0,0.0,0.0,0.0,0.0,0.0,0.0,0.0,0.0,0.0,0.0,0.0,0.0,0.0,0.0,0.0,0.0,0.0
0.0,0.0,0.0,0.0,0.0,0.0,0.0,0.0,0.0,0.0,0.0,0.0,0.0,0.0,0.0,0.0,0.0,0.0,0.0,0.0,0.0,0.0,0.0,0.0,0.0,0.0,0.0,0.0,0.0,0.0,0.0,0.0,0.0,0.0,0.0,0.0,0.0,0.0,0.0,0.0,0.0,0.0,0.0,0.0,0.0,0.0,0.0,0.0,0.0
0.0,0.0,0.0,0.0,0.0,0.0,0.0,0.0,0.0,0.0,0.0,0.0,0.0,0.0,0.0,0.0,0.0,0.0,0.0,0.0,0.0,0.0,0.0,0.0,0.0,0.0,0.0,0.0,0.0,0.0,0.0,0.0,0.0,0.0,0.0,0.0,0.0,0.0,0.0,0.0,0.0,0.0,0.0,0.0,0.0,0.0,0.0,0.0,0.0
0.0,211.6,211.6,211.00078107763503,211.00078107763503,0.0,0.0,0.0,0.0,0.0,0.0,0.0,0.0,0.0,0.0,0.0,0.0,0.0,0.0,0.0,0.0,0.0,0.0,0.0,0.0,0.0,0.0,0.0,0.0,0.0,0.0,0.0,0.0,0.0,0.0,0.0,0.0,0.0,0.0,0.0,0.0,0.0,0.0,0.0,0.0,0.0,0.0,0.0,0.0
0.0,135.19999999999982,73.6,73.6,73.6,0.0,0.0,0.0,0.0,0.0,0.0,0.0,0.0,0.0,0.0,0.0,0.0,0.0,0.0,0.0,0.0,0.0,0.0,0.0,0.0,0.0,0.0,0.0,0.0,0.0,0.0,0.0,0.0,0.0,0.0,0.0,0.0,0.0,0.0,0.0,0.0,0.0,0.0,0.0,0.0,0.0,0.0,0.0,0.0
0.0,184.20078107763464,211.00078107763503,211.6,211.6,0.0,0.0,0.0,0.0,0.0,0.0,0.0,0.0,0.0,0.0,0.0,0.0,0.0,0.0,0.0,0.0,0.0,0.0,0.0,0.0,0.0,0.0,0.0,0.0,0.0,0.0,0.0,0.0,0.0,0.0,0.0,0.0,0.0,0.0,0.0,0.0,0.0,0.0,0.0,0.0,0.0,0.0,0.0,0.0
0.0,0.0,0.0,0.0,0.0,0.0,0.0,0.0,0.0,0.0,0.0,0.0,0.0,0.0,0.0,0.0,0.0,0.0,0.0,0.0,0.0,0.0,0.0,0.0,0.0,0.0,0.0,0.0,0.0,0.0,0.0,0.0,0.0,0.0,0.0,0.0,0.0,0.0,0.0,0.0,0.0,0.0,0.0,0.0,0.0,0.0,0.0,0.0,0.0
0.0,0.0,0.0,0.0,0.0,0.0,0.0,0.0,0.0,0.0,0.0,0.0,0.0,0.0,0.0,0.0,0.0,0.0,0.0,0.0,0.0,0.0,0.0,0.0,0.0,0.0,0.0,0.0,0.0,0.0,0.0,0.0,0.0,0.0,0.0,0.0,0.0,0.0,0.0,0.0,0.0,0.0,0.0,0.0,0.0,0.0,0.0,0.0,0.0
0.0,0.0,0.0,0.0,0.0,0.0,0.0,0.0,0.0,0.0,0.0,0.0,0.0,0.0,0.0,0.0,0.0,0.0,0.0,0.0,0.0,0.0,0.0,0.0,0.0,0.0,0.0,0.0,0.0,0.0,0.0,0.0,0.0,0.0,0.0,0.0,0.0,0.0,0.0,0.0,0.0,0.0,0.0,0.0,0.0,0.0,0.0,0.0,0.0
0.0,121.9,121.9,121.9,121.9,121.90000000000003,121.9,121.9,121.9,0.0,0.0,0.0,0.0,0.0,0.0,0.0,0.0,0.0,0.0,0.0,0.0,0.0,0.0,0.0,0.0,0.0,0.0,0.0,0.0,0.0,0.0,0.0,0.0,0.0,0.0,0.0,0.0,0.0,0.0,0.0,0.0,0.0,0.0,0.0,0.0,0.0,0.0,0.0,0.0
0.0,121.9,121.9,121.9,121.9,121.9,121.90000000000003,121.90000000000003,121.9,0.0,0.0,0.0,0.0,0.0,0.0,0.0,0.0,0.0,0.0,0.0,0.0,0.0,0.0,0.0,0.0,0.0,0.0,0.0,0.0,0.0,0.0,0.0,0.0,0.0,0.0,0.0,0.0,0.0,0.0,0.0,0.0,0.0,0.0,0.0,0.0,0.0,0.0,0.0,0.0
0.0,77.11638468797037,121.9,121.9,121.9,97.96679239807551,87.95838754822988,121.9,121.90000000000003,0.0,0.0,0.0,0.0,0.0,0.0,0.0,0.0,0.0,0.0,0.0,0.0,0.0,0.0,0.0,0.0,0.0,0.0,0.0,0.0,0.0,0.0,0.0,0.0,0.0,0.0,0.0,0.0,0.0,0.0,0.0,0.0,0.0,0.0,0.0,0.0,0.0,0.0,0.0,0.0
0.0,0.0,0.0,0.0,0.0,0.0,0.0,0.0,0.0,0.0,0.0,0.0,0.0,0.0,0.0,0.0,0.0,0.0,0.0,0.0,0.0,0.0,0.0,0.0,0.0,0.0,0.0,0.0,0.0,0.0,0.0,0.0,0.0,0.0,0.0,0.0,0.0,0.0,0.0,0.0,0.0,0.0,0.0,0.0,0.0,0.0,0.0,0.0,0.0
0.0,16.8,48.3,48.3,48.3,16.8,16.8,48.3,48.3,48.3,48.3,48.3,48.3,48.3,48.3,48.3,48.3,48.3,48.3,0.0,0.0,0.0,0.0,0.0,0.0,0.0,0.0,0.0,0.0,0.0,0.0,0.0,0.0,0.0,0.0,0.0,0.0,0.0,0.0,0.0,0.0,0.0,0.0,0.0,0.0,0.0,0.0,0.0,0.0
0.0,16.8,48.3,24.19412314046779,30.806924194005756,16.8,16.8,48.3,48.3,48.3,48.3,48.3,48.3,48.3,48.3,48.3,48.3,48.3,48.3,0.0,0.0,0.0,0.0,0.0,0.0,0.0,0.0,0.0,0.0,0.0,0.0,0.0,0.0,0.0,0.0,0.0,0.0,0.0,0.0,0.0,0.0,0.0,0.0,0.0,0.0,0.0,0.0,0.0,0.0
0.0,16.8,48.3,16.8,16.8,16.8,16.8,48.3,25.47795565523884,48.3,48.3,48.3,48.3,48.3,48.3,48.3,48.3,48.3,48.3,0.0,0.0,0.0,0.0,0.0,0.0,0.0,0.0,0.0,0.0,0.0,0.0,0.0,0.0,0.0,0.0,0.0,0.0,0.0,0.0,0.0,0.0,0.0,0.0,0.0,0.0,0.0,0.0,0.0,0.0
0.0,16.8,48.3,16.8,16.8,16.8,16.8,48.3,16.8,48.3,48.3,48.3,48.3,41.82957489464981,41.43767380903866,48.3,48.3,48.3,48.3,0.0,0.0,0.0,0.0,0.0,0.0,0.0,0.0,0.0,0.0,0.0,0.0,0.0,0.0,0.0,0.0,0.0,0.0,0.0,0.0,0.0,0.0,0.0,0.0,0.0,0.0,0.0,0.0,0.0,0.0
0.0,16.8,18.96865920627158,16.8,16.8,16.8,16.8,48.3,16.8,48.3,48.3,48.3,48.3,16.8,16.8,48.3,48.3,48.3,48.3,0.0,0.0,0.0,0.0,0.0,0.0,0.0,0.0,0.0,0.0,0.0,0.0,0.0,0.0,0.0,0.0,0.0,0.0,0.0,0.0,0.0,0.0,0.0,0.0,0.0,0.0,0.0,0.0,0.0,0.0
0.0,38.0,38.0,38.0,38.0,38.0,38.0,109.25,38.0,109.25,109.25,109.25,109.25,38.0,38.0,109.25,109.25,72.7140793478132,72.30190584909013,109.25,109.25,38.24611112181066,109.25,0.0,0.0,0.0,0.0,0.0,0.0,0.0,0.0,0.0,0.0,0.0,0.0,0.0,0.0,0.0,0.0,0.0,0.0,0.0,0.0,0.0,0.0,0.0,0.0,0.0,0.0
0.0,38.0,38.0,38.0,38.0,38.0,38.0,109.25,38.0,109.25,109.25,109.25,105.59598276513071,38.0,38.0,109.25,109.25,38.0,38.0,109.25,97.85498730368482,38.0,109.25,0.0,0.0,0.0,0.0,0.0,0.0,0.0,0.0,0.0,0.0,0.0,0.0,0.0,0.0,0.0,0.0,0.0,0.0,0.0,0.0,0.0,0.0,0.0,0.0,0.0,0.0
0.0,38.0,38.0,38.0,38.0,38.0,38.0,109.25,38.0,109.25,109.25,49.39802638447853,38.0,38.0,38.0,109.25,109.25,38.0,38.0,109.25,38.0,38.0,38.317339784976454,0.0,0.0,0.0,0.0,0.0,0.0,0.0,0.0,0.0,0.0,0.0,0.0,0.0,0.0,0.0,0.0,0.0,0.0,0.0,0.0,0.0,0.0,0.0,0.0,0.0,0.0
0.0,38.0,38.0,38.0,38.0,38.0,38.0,109.25,38.0,109.25,109.25,38.0,38.0,38.0,38.0,81.18874932915347,109.25,38.0,38.0,109.25,38.0,38.0,0.0,0.0,0.0,0.0,0.0,0.0,0.0,0.0,0.0,0.0,0.0,0.0,0.0,0.0,0.0,0.0,0.0,0.0,0.0,0.0,0.0,0.0,0.0,0.0,0.0,0.0,0.0
0.0,32.8,32.8,32.8,32.8,32.8,32.8,94.3,32.8,94.3,94.3,32.8,32.8,32.8,32.8,32.8,94.3,32.8,32.8,94.3,32.8,32.8,32.8,94.3,43.418212653240104,94.3,94.3,94.3,94.3,94.3,94.3,94.3,94.3,94.3,94.3,0.0,0.0,0.0,0.0,0.0,0.0,0.0,0.0,0.0,0.0,0.0,0.0,0.0,0.0
0.0,32.8,32.8,32.8,32.8,32.8,32.8,94.3,32.8,94.3,94.3,32.8,32.8,32.8,32.8,32.8,94.3,32.8,32.8,94.3,32.8,32.8,32.8,94.3,32.8,94.3,41.04868292877583,70.28102805638488,94.3,94.3,94.3,94.3,94.3,94.3,0.0,0.0,0.0,0.0,0.0,0.0,0.0,0.0,0.0,0.0,0.0,0.0,0.0,0.0,0.0
0.0,32.8,32.8,32.8,32.8,32.8,32.8,94.3,32.8,94.3,94.3,32.8,32.8,32.8,32.8,32.8,94.3,32.8,32.8,94.3,32.8,32.8,32.8,94.3,32.8,94.3,32.8,32.8,34.75551944298262,88.78872886265411,59.03133623497489,94.3,94.3,94.3,94.3,0.0,0.0,0.0,0.0,0.0,0.0,0.0,0.0,0.0,0.0,0.0,0.0,0.0,0.0
0.0,32.8,32.8,32.8,32.8,32.8,32.8,94.3,32.8,94.3,94.3,32.8,32.8,32.8,32.8,32.8,94.3,32.8,32.8,94.3,32.8,32.8,32.8,94.3,32.8,94.3,32.8,32.8,32.8,32.8,32.8,94.3,33.15571539293552,94.3,94.3,0.0,0.0,0.0,0.0,0.0,0.0,0.0,0.0,0.0,0.0,0.0,0.0,0.0,0.0
0.0,0.0,0.0,0.0,0.0,0.0,0.0,0.0,0.0,0.0,0.0,0.0,0.0,0.0,0.0,0.0,0.0,0.0,0.0,0.0,0.0,0.0,0.0,0.0,0.0,0.0,0.0,0.0,0.0,0.0,0.0,0.0,0.0,0.0,0.0,0.0,0.0,0.0,0.0,0.0,0.0,0.0,0.0,0.0,0.0,0.0,0.0,0.0,0.0
0.0,0.0,0.0,0.0,0.0,0.0,0.0,0.0,0.0,0.0,0.0,0.0,0.0,0.0,0.0,0.0,0.0,0.0,0.0,0.0,0.0,0.0,0.0,0.0,0.0,0.0,0.0,0.0,0.0,0.0,0.0,0.0,0.0,0.0,0.0,0.0,0.0,0.0,0.0,0.0,0.0,0.0,0.0,0.0,0.0,0.0,0.0,0.0,0.0
0.0,10.88,10.88,10.88,0.0,0.0,0.0,0.0,0.0,0.0,0.0,0.0,0.0,0.0,0.0,0.0,0.0,0.0,0.0,0.0,0.0,0.0,0.0,0.0,0.0,0.0,0.0,0.0,0.0,0.0,0.0,0.0,0.0,0.0,0.0,0.0,0.0,0.0,10.88,20.880000000000003,10.88,10.88,10.88,10.88,10.88,10.88,20.880000000000003,10.88,0.0
0.0,10.88,10.88,10.88,10.88,10.88,10.88,20.880000000000003,10.88,20.880000000000003,20.880000000000003,10.88,10.88,10.88,10.88,10.88,30.002656965299273,10.88,10.88,20.880000000000003,10.88,10.88,10.88,30.002656965299273,10.88,12.157343034700721,10.88,10.88,10.88,10.88,10.88,0.0,0.0,0.0,0.0,0.0,0.0,0.0,0.0,0.0,0.0,0.0,0.0,0.0,0.0,0.0,0.0,0.0,20.87999999895692
0.0,0.0,0.0,0.0,10.88,10.88,10.88,30.002656965298364,10.88,30.002656965298364,13.375538104129502,10.88,10.88,10.88,10.88,0.0,0.0,0.0,0.0,0.0,0.0,0.0,0.0,0.0,0.0,0.0,0.0,0.0,0.0,0.0,0.0,0.0,0.0,0.0,0.0,0.0,0.0,0.0,0.0,0.0,0.0,0.0,0.0,0.0,0.0,0.0,0.0,0.0,0.0
0.0,0.0,0.0,0.0,0.0,0.0,0.0,0.0,0.0,0.0,0.0,0.0,0.0,0.0,0.0,10.88,20.880000000000003,10.88,10.88,30.002656965299273,10.88,10.88,10.88,18.14276120755759,10.88,0.0,0.0,0.0,0.0,0.0,0.0,0.0,0.0,0.0,0.0,0.0,0.0,0.0,0.0,0.0,0.0,0.0,0.0,0.0,0.0,0.0,0.0,0.0,0.0
0.0,6.4,6.4,6.4,0.0,0.0,0.0,0.0,0.0,0.0,0.0,0.0,0.0,0.0,0.0,0.0,0.0,0.0,0.0,0.0,0.0,6.4,6.4,6.4,6.4,18.4,6.4,6.4,6.4,6.4,6.4,0.0,0.0,0.0,0.0,0.0,0.0,0.0,0.0,0.0,0.0,0.0,0.0,0.0,0.0,0.0,0.0,0.0,0.0
0.0,0.0,0.0,0.0,6.4,6.4,6.4,18.4,6.4,18.4,6.4,6.4,6.4,6.4,6.4,6.4,18.4,6.4,6.4,18.4,6.4,0.0,0.0,0.0,0.0,0.0,0.0,0.0,0.0,0.0,0.0,0.0,0.0,0.0,0.0,0.0,0.0,0.0,0.0,0.0,0.0,0.0,0.0,0.0,0.0,0.0,0.0,0.0,0.0
0.0,0.0,0.0,0.0,0.0,0.0,0.0,0.0,0.0,0.0,0.0,0.0,0.0,0.0,0.0,0.0,0.0,0.0,0.0,0.0,0.0,0.0,0.0,0.0,0.0,0.0,0.0,114.4,154.4,114.4,74.4,74.4,114.4,154.4,114.4,114.4,74.4,0.0,0.0,0.0,0.0,0.0,0.0,0.0,0.0,0.0,0.0,0.0,0.0
0.0,0.0,0.0,0.0,0.0,0.0,0.0,0.0,0.0,0.0,0.0,0.0,0.0,0.0,0.0,0.0,0.0,0.0,0.0,0.0,0.0,0.0,0.0,0.0,0.0,0.0,0.0,114.4,154.4,114.4,74.4,74.4,114.4,154.4,114.4,154.4,114.4,0.0,0.0,0.0,0.0,0.0,0.0,0.0,0.0,0.0,0.0,0.0,0.0
0.0,74.40000000000009,0.0,0.0,0.0,0.0,0.0,0.0,0.0,0.0,0.0,0.0,0.0,0.0,0.0,0.0,0.0,0.0,0.0,0.0,0.0,0.0,74.4,74.4,74.4,74.4,74.4,114.4,154.4,114.4,74.4,74.4,114.4,154.4,114.4,114.4,74.4,0.0,0.0,0.0,0.0,0.0,0.0,0.0,0.0,0.0,0.0,0.0,0.0
0.0,0.0,0.0,0.0,0.0,0.0,0.0,0.0,0.0,0.0,0.0,0.0,0.0,0.0,0.0,0.0,0.0,0.0,0.0,0.0,0.0,0.0,0.0,0.0,0.0,0.0,0.0,114.4,154.4,114.4,74.4,74.4,114.4,154.4,114.4,114.4,74.4,0.0,0.0,0.0,0.0,0.0,0.0,0.0,0.0,0.0,0.0,0.0,0.0
0.0,0.0,0.0,0.0,0.0,0.0,0.0,0.0,0.0,0.0,0.0,0.0,0.0,0.0,0.0,0.0,0.0,0.0,0.0,0.0,0.0,0.0,0.0,0.0,0.0,0.0,0.0,83.58489344194403,123.58489344194403,83.58489344194403,74.4,74.4,114.4,154.4,114.4,136.03803705200738,96.03803705200738,0.0,0.0,0.0,0.0,0.0,0.0,0.0,0.0,0.0,0.0,0.0,0.0
0.0,0.0,0.0,0.0,0.0,0.0,0.0,0.0,0.0,0.0,0.0,0.0,0.0,0.0,0.0,0.0,0.0,0.0,0.0,0.0,0.0,0.0,0.0,0.0,0.0,0.0,0.0,114.4,154.4,114.4,74.4,106.0923686105005,146.0923686105005,186.0923686105005,146.0923686105005,186.0923686105005,146.0923686105005,0.0,0.0,0.0,0.0,0.0,0.0,0.0,0.0,0.0,0.0,0.0,0.0
0.0,0.0,0.0,0.0,0.0,0.0,0.0,0.0,0.0,0.0,0.0,0.0,0.0,0.0,0.0,0.0,0.0,0.0,0.0,0.0,0.0,0.0,0.0,0.0,0.0,0.0,0.0,114.4,154.4,114.4,74.4,74.4,114.4,154.4,114.4,114.4,74.4,0.0,0.0,0.0,0.0,0.0,0.0,0.0,0.0,0.0,0.0,0.0,0.0
0.0,0.0,0.0,0.0,0.0,0.0,0.0,0.0,0.0,0.0,0.0,0.0,0.0,0.0,0.0,0.0,0.0,0.0,0.0,0.0,0.0,0.0,0.0,0.0,0.0,0.0,0.0,0.0,0.0,0.0,0.0,0.0,0.0,0.0,0.0,0.0,0.0,0.0,0.0,0.0,0.0,0.0,0.0,0.0,0.0,0.0,0.0,0.0,0.0
0.0,0.0,0.0,0.0,0.0,0.0,0.0,0.0,0.0,0.0,0.0,0.0,0.0,0.0,0.0,0.0,0.0,0.0,0.0,0.0,0.0,0.0,0.0,0.0,0.0,0.0,0.0,0.0,0.0,0.0,0.0,0.0,0.0,0.0,0.0,0.0,0.0,0.0,0.0,0.0,0.0,0.0,0.0,0.0,0.0,0.0,0.0,0.0,0.0
0.0,0.0,0.0,0.0,0.0,0.0,0.0,0.0,0.0,0.0,0.0,0.0,0.0,0.0,0.0,0.0,0.0,0.0,0.0,0.0,0.0,0.0,0.0,0.0,0.0,0.0,0.0,0.0,0.0,0.0,0.0,0.0,0.0,0.0,0.0,0.0,0.0,0.0,0.0,0.0,0.0,0.0,0.0,0.0,0.0,0.0,0.0,0.0,0.0
0.0,0.0,0.0,0.0,0.0,0.0,0.0,0.0,0.0,0.0,0.0,0.0,0.0,0.0,0.0,0.0,0.0,0.0,0.0,0.0,0.0,0.0,0.0,0.0,0.0,0.0,0.0,0.0,0.0,0.0,0.0,0.0,0.0,0.0,0.0,0.0,0.0,0.0,0.0,0.0,0.0,0.0,0.0,0.0,0.0,0.0,0.0,0.0,0.0
0.0,0.0,0.0,0.0,0.0,0.0,0.0,0.0,0.0,0.0,0.0,0.0,0.0,0.0,0.0,0.0,0.0,0.0,0.0,0.0,0.0,0.0,0.0,0.0,0.0,0.0,0.0,0.0,0.0,0.0,0.0,0.0,0.0,0.0,0.0,0.0,0.0,0.0,0.0,0.0,0.0,0.0,0.0,0.0,0.0,0.0,0.0,0.0,0.0
0.0,0.0,0.0,0.0,0.0,0.0,0.0,0.0,0.0,0.0,0.0,0.0,0.0,0.0,0.0,0.0,0.0,0.0,0.0,0.0,0.0,0.0,0.0,0.0,0.0,0.0,0.0,0.0,0.0,0.0,0.0,0.0,0.0,0.0,0.0,0.0,0.0,0.0,0.0,0.0,0.0,0.0,0.0,0.0,0.0,0.0,0.0,0.0,0.0
0.0,0.0,0.0,0.0,0.0,0.0,0.0,0.0,0.0,0.0,0.0,0.0,0.0,0.0,0.0,0.0,0.0,0.0,0.0,0.0,0.0,0.0,0.0,0.0,0.0,0.0,0.0,0.0,0.0,0.0,0.0,0.0,0.0,0.0,0.0,0.0,0.0,0.0,0.0,0.0,0.0,0.0,0.0,0.0,0.0,0.0,0.0,0.0,0.0
0.0,10.52,0.0,0.0,0.0,0.0,0.0,0.0,0.0,0.0,0.0,0.0,0.0,0.0,0.0,0.0,0.0,0.0,0.0,0.0,0.0,0.0,10.52,10.52,10.52,30.245,10.52,10.52,10.52,10.52,10.52,30.245,10.52,0.0,0.0,0.0,0.0,0.0,0.0,0.0,0.0,0.0,0.0,0.0,0.0,0.0,0.0,0.0,0.0
0.0,0.0,0.0,0.0,0.0,0.0,0.0,0.0,0.0,0.0,0.0,0.0,0.0,0.0,0.0,0.0,0.0,0.0,0.0,0.0,0.0,0.0,0.0,10.52,10.52,30.245,10.52,10.52,10.52,10.52,10.52,30.245,10.52,0.0,0.0,0.0,0.0,0.0,0.0,0.0,0.0,0.0,0.0,0.0,0.0,0.0,0.0,0.0,0.0
0.0,42.52,0.0,0.0,0.0,0.0,0.0,0.0,0.0,0.0,0.0,0.0,0.0,0.0,0.0,0.0,0.0,0.0,0.0,0.0,0.0,0.0,0.0,0.0,0.0,0.0,0.0,0.0,0.0,0.0,0.0,0.0,0.0,0.0,0.0,0.0,0.0,0.0,0.0,0.0,0.0,0.0,0.0,0.0,0.0,0.0,0.0,0.0,0.0
0.0,0.0,0.0,0.0,0.0,0.0,0.0,0.0,0.0,0.0,0.0,0.0,0.0,0.0,0.0,0.0,0.0,0.0,0.0,0.0,0.0,0.0,0.0,0.0,0.0,0.0,0.0,0.0,0.0,0.0,0.0,0.0,0.0,0.0,0.0,0.0,0.0,0.0,0.0,0.0,0.0,0.0,0.0,0.0,0.0,0.0,0.0,0.0,0.0
0.0,0.0,0.0,0.0,0.0,0.0,0.0,0.0,0.0,0.0,0.0,0.0,0.0,0.0,0.0,0.0,0.0,0.0,0.0,0.0,0.0,0.0,0.0,0.0,119.2,119.2,119.2,119.2,119.2,119.2,119.2,119.2,119.2,119.2,119.2,0.0,0.0,0.0,0.0,0.0,0.0,0.0,0.0,0.0,0.0,0.0,0.0,0.0,0.0
0.0,119.2,0.0,0.0,0.0,0.0,0.0,0.0,0.0,0.0,0.0,0.0,0.0,0.0,0.0,0.0,0.0,0.0,0.0,0.0,0.0,0.0,0.0,0.0,0.0,0.0,0.0,0.0,0.0,0.0,0.0,0.0,0.0,0.0,0.0,0.0,0.0,0.0,0.0,0.0,0.0,0.0,0.0,0.0,0.0,0.0,0.0,0.0,0.0
0.0,0.0,0.0,0.0,0.0,0.0,0.0,0.0,0.0,0.0,0.0,0.0,0.0,0.0,0.0,0.0,0.0,0.0,0.0,0.0,0.0,0.0,0.0,0.0,0.0,0.0,0.0,0.0,0.0,0.0,0.0,0.0,0.0,0.0,0.0,0.0,0.0,0.0,0.0,0.0,0.0,0.0,0.0,0.0,0.0,0.0,0.0,0.0,0.0
0.0,0.0,0.0,0.0,0.0,0.0,0.0,0.0,0.0,0.0,0.0,0.0,0.0,0.0,0.0,0.0,0.0,0.0,0.0,0.0,0.0,0.0,0.0,0.0,0.0,0.0,0.0,0.0,0.0,0.0,0.0,0.0,0.0,0.0,0.0,0.0,0.0,0.0,0.0,0.0,0.0,0.0,0.0,0.0,0.0,0.0,0.0,0.0,0.0
0.0,0.0,0.0,0.0,0.0,0.0,0.0,0.0,0.0,0.0,0.0,0.0,0.0,0.0,0.0,0.0,0.0,0.0,0.0,0.0,0.0,0.0,0.0,0.0,0.0,0.0,0.0,0.0,0.0,0.0,0.0,0.0,0.0,0.0,0.0,0.0,0.0,0.0,0.0,0.0,0.0,0.0,0.0,0.0,0.0,0.0,0.0,0.0,0.0
0.0,68.0,0.0,0.0,0.0,0.0,0.0,0.0,0.0,0.0,0.0,0.0,0.0,0.0,0.0,0.0,0.0,0.0,0.0,0.0,0.0,0.0,68.0,68.0,68.0,68.0,68.0,68.0,68.0,68.0,68.0,68.0,0.0,0.0,0.0,0.0,0.0,0.0,0.0,0.0,0.0,0.0,0.0,0.0,0.0,0.0,0.0,0.0,0.0
0.0,0.0,0.0,0.0,0.0,0.0,0.0,0.0,0.0,0.0,0.0,0.0,0.0,0.0,0.0,0.0,0.0,0.0,0.0,0.0,0.0,0.0,0.0,0.0,0.0,0.0,0.0,68.0,68.0,68.0,68.0,68.0,68.0,68.0,67.99999799404996,68.0,68.0,0.0,0.0,0.0,0.0,0.0,0.0,0.0,0.0,0.0,0.0,0.0,0.0
0.0,54.4,0.0,0.0,0.0,0.0,0.0,0.0,0.0,0.0,0.0,0.0,0.0,0.0,0.0,0.0,0.0,0.0,0.0,0.0,0.0,0.0,0.0,0.0,0.0,0.0,0.0,0.0,0.0,54.4,54.4,54.4,54.4,54.4,54.4,54.4,61.83945198226539,141.8394519822654,156.40000000000003,0.0,0.0,0.0,0.0,0.0,0.0,0.0,0.0,0.0,0.0
0.0,0.0,0.0,0.0,0.0,0.0,0.0,0.0,0.0,0.0,0.0,0.0,0.0,0.0,0.0,0.0,0.0,0.0,0.0,0.0,0.0,0.0,54.4,54.4,54.4,54.4,54.4,54.4,54.4,54.4,54.4,54.4,54.4,54.4,54.4,54.4,54.4,156.4,156.40000000000003,0.0,0.0,0.0,0.0,0.0,0.0,0.0,0.0,0.0,0.0
0.0,0.0,0.0,0.0,0.0,0.0,0.0,0.0,0.0,0.0,0.0,0.0,0.0,0.0,0.0,0.0,0.0,0.0,0.0,0.0,0.0,0.0,0.0,0.0,0.0,0.0,0.0,0.0,0.0,54.4,54.4,54.4,54.4,54.4,54.4,54.4,76.40000000000003,156.40000000000003,119.79583987524649,0.0,0.0,0.0,0.0,0.0,0.0,0.0,0.0,0.0,0.0
0.0,0.0,0.0,0.0,0.0,0.0,0.0,0.0,0.0,0.0,0.0,0.0,0.0,0.0,0.0,0.0,0.0,0.0,0.0,0.0,0.0,0.0,0.0,0.0,0.0,0.0,0.0,0.0,0.0,0.0,0.0,0.0,0.0,0.0,0.0,0.0,0.0,92.0,92.0,92.0,92.0,92.0,92.0,92.0,92.0,92.0,92.0,0.0,0.0
0.0,0.0,0.0,0.0,0.0,0.0,0.0,0.0,0.0,0.0,0.0,0.0,0.0,0.0,0.0,0.0,0.0,0.0,0.0,0.0,0.0,0.0,0.0,0.0,0.0,0.0,0.0,0.0,0.0,0.0,32.0,92.0,32.0,81.28910767413194,92.0,92.0,92.0,92.0,92.0,92.0,0.0,0.0,0.0,0.0,0.0,0.0,0.0,0.0,0.0
0.0,0.0,0.0,0.0,0.0,0.0,0.0,0.0,0.0,0.0,0.0,0.0,0.0,0.0,0.0,0.0,0.0,0.0,0.0,0.0,0.0,0.0,0.0,0.0,32.0,92.0,32.0,32.0,32.0,32.0,32.0,92.0,32.0,32.0,77.56822972297127,92.0,92.0,92.0,92.0,0.0,0.0,0.0,0.0,0.0,0.0,0.0,0.0,0.0,0.0
0.0,28.0,0.0,0.0,0.0,0.0,0.0,0.0,0.0,0.0,0.0,0.0,0.0,0.0,0.0,0.0,0.0,0.0,0.0,0.0,0.0,0.0,0.0,0.0,0.0,0.0,0.0,0.0,0.0,0.0,0.0,80.5,28.0,28.0,28.0,80.5,80.5,80.5,80.5,80.5,80.5,0.0,0.0,0.0,0.0,0.0,0.0,0.0,0.0
0.0,28.0,0.0,0.0,0.0,0.0,0.0,0.0,0.0,0.0,0.0,0.0,0.0,0.0,0.0,0.0,0.0,0.0,0.0,0.0,0.0,0.0,0.0,0.0,0.0,0.0,28.0,28.0,28.0,28.0,28.0,80.5,28.0,28.0,28.0,80.5,80.5,80.5,80.5,80.5,80.5,0.0,0.0,0.0,0.0,0.0,0.0,0.0,0.0
0.0,0.0,0.0,0.0,0.0,0.0,0.0,0.0,0.0,0.0,0.0,0.0,0.0,0.0,0.0,0.0,0.0,0.0,0.0,0.0,0.0,0.0,0.0,0.0,0.0,0.0,0.0,0.0,0.0,0.0,0.0,0.0,0.0,0.0,0.0,0.0,0.0,0.0,0.0,0.0,0.0,0.0,0.0,0.0,0.0,0.0,0.0,0.0,0.0
0.0,0.0,0.0,0.0,0.0,0.0,0.0,0.0,0.0,0.0,0.0,0.0,0.0,0.0,0.0,0.0,0.0,0.0,0.0,0.0,0.0,0.0,0.0,0.0,0.0,0.0,0.0,0.0,0.0,0.0,0.0,0.0,0.0,0.0,0.0,0.0,0.0,0.0,0.0,0.0,0.0,0.0,0.0,0.0,0.0,0.0,0.0,0.0,0.0
0.0,0.0,0.0,0.0,0.0,0.0,0.0,0.0,0.0,0.0,0.0,0.0,0.0,0.0,0.0,0.0,0.0,0.0,0.0,0.0,0.0,0.0,0.0,0.0,0.0,0.0,0.0,0.0,0.0,0.0,0.0,0.0,0.0,0.0,0.0,0.0,0.0,0.0,0.0,0.0,0.0,0.0,0.0,0.0,0.0,0.0,0.0,0.0,0.0
0.0,0.0,0.0,0.0,0.0,0.0,0.0,0.0,0.0,0.0,0.0,0.0,0.0,0.0,0.0,0.0,0.0,0.0,0.0,0.0,0.0,0.0,0.0,0.0,0.0,0.0,0.0,0.0,0.0,0.0,0.0,0.0,0.0,0.0,0.0,0.0,0.0,0.0,0.0,0.0,0.0,0.0,0.0,0.0,0.0,0.0,0.0,0.0,0.0
0.0,0.0,0.0,0.0,0.0,0.0,0.0,0.0,0.0,0.0,0.0,0.0,0.0,0.0,0.0,0.0,0.0,0.0,0.0,0.0,0.0,0.0,0.0,0.0,0.0,0.0,0.0,0.0,0.0,0.0,0.0,0.0,0.0,0.0,0.0,0.0,0.0,0.0,0.0,0.0,0.0,0.0,0.0,0.0,0.0,0.0,0.0,0.0,0.0
0.0,0.0,0.0,0.0,0.0,0.0,0.0,0.0,0.0,0.0,0.0,0.0,0.0,0.0,0.0,0.0,0.0,0.0,0.0,0.0,0.0,0.0,0.0,0.0,0.0,0.0,0.0,0.0,0.0,0.0,0.0,0.0,0.0,0.0,0.0,0.0,0.0,0.0,0.0,0.0,0.0,0.0,0.0,0.0,0.0,0.0,0.0,0.0,0.0
0.0,0.0,0.0,0.0,0.0,0.0,0.0,0.0,0.0,0.0,0.0,0.0,0.0,0.0,0.0,0.0,0.0,0.0,0.0,0.0,0.0,0.0,0.0,0.0,0.0,0.0,0.0,0.0,0.0,0.0,0.0,0.0,0.0,0.0,0.0,0.0,0.0,0.0,0.0,0.0,0.0,0.0,0.0,0.0,0.0,0.0,0.0,0.0,0.0
0.0,6.800000000000001,6.8,6.800000000000001,6.800000000000001,6.800000000000001,6.800000000000001,19.55,6.8,19.55,6.8,6.800000000000001,6.800000000000001,6.800000000000001,6.800000000000001,6.800000000000001,19.550000000000004,6.800000000000001,6.800000000000001,19.550000000000004,6.800000000000001,6.800000000000001,6.800000000000001,0.0,0.0,0.0,0.0,0.0,0.0,0.0,0.0,0.0,0.0,6.8,6.8,19.55,19.55,19.55,19.55,19.55,19.55,19.55,19.55,19.55,19.55,0.0,0.0,0.0,0.0
0.0,6.800000000000001,6.8,6.800000000000001,6.800000000000001,6.800000000000001,6.800000000000001,19.55,6.8,19.55,6.8,0.0,0.0,0.0,0.0,0.0,0.0,0.0,0.0,0.0,0.0,0.0,0.0,6.800000000000001,6.800000000000001,19.550000000000004,6.800000000000001,6.800000000000001,6.800000000000001,6.800000000000001,6.800000000000001,19.550000000000004,6.800000000000001,6.8,6.8,19.55,19.55,19.55,19.55,19.55,19.55,19.55,19.55,19.55,19.55,19.550000000000004,19.550000000000004,19.550000000000004,0.0
0.0,0.0,0.0,0.0,0.0,0.0,0.0,0.0,0.0,0.0,0.0,0.0,0.0,0.0,0.0,0.0,0.0,0.0,0.0,0.0,0.0,0.0,0.0,0.0,0.0,0.0,0.0,0.0,0.0,0.0,0.0,0.0,0.0,0.0,0.0,0.0,0.0,0.0,0.0,0.0,0.0,0.0,0.0,0.0,0.0,0.0,0.0,0.0,0.0
0.0,0.0,0.0,0.0,0.0,0.0,0.0,0.0,0.0,0.0,0.0,0.0,0.0,0.0,0.0,0.0,0.0,0.0,0.0,0.0,0.0,0.0,0.0,0.0,0.0,0.0,0.0,0.0,0.0,0.0,0.0,0.0,0.0,0.0,0.0,0.0,0.0,0.0,0.0,0.0,0.0,0.0,0.0,0.0,0.0,0.0,0.0,0.0,0.0
0.0,21.6,21.6,21.6,21.6,21.6,21.6,62.1,21.6,0.0,0.0,0.0,0.0,0.0,0.0,0.0,0.0,0.0,0.0,0.0,0.0,0.0,0.0,0.0,0.0,0.0,0.0,0.0,0.0,0.0,0.0,0.0,0.0,0.0,0.0,0.0,0.0,0.0,0.0,0.0,0.0,0.0,0.0,0.0,0.0,0.0,0.0,0.0,0.0
0.0,33.6,83.6,96.6,51.532655092293595,40.032655092293595,90.0326550922936,40.032655092293595,90.0326550922936,0.0,0.0,0.0,0.0,0.0,0.0,0.0,0.0,0.0,0.0,0.0,0.0,0.0,0.0,0.0,0.0,0.0,0.0,0.0,0.0,0.0,0.0,0.0,0.0,0.0,0.0,0.0,0.0,0.0,0.0,0.0,0.0,0.0,0.0,0.0,0.0,0.0,0.0,0.0,33.6
0.0,33.6,96.6,64.5326550922936,96.6,83.6,33.599999999999994,83.6,33.6,0.0,0.0,0.0,0.0,0.0,0.0,0.0,0.0,0.0,0.0,0.0,0.0,0.0,0.0,0.0,0.0,0.0,0.0,0.0,0.0,0.0,0.0,0.0,0.0,0.0,0.0,0.0,0.0,0.0,0.0,0.0,0.0,0.0,0.0,0.0,0.0,0.0,0.0,0.0,0.0
0.0,33.6,33.6,33.6,46.599999999999994,96.6,96.6,96.6,96.6,0.0,0.0,0.0,0.0,0.0,0.0,0.0,0.0,0.0,0.0,0.0,0.0,0.0,0.0,0.0,0.0,0.0,0.0,0.0,0.0,0.0,0.0,0.0,0.0,0.0,0.0,0.0,0.0,0.0,0.0,0.0,0.0,0.0,0.0,0.0,0.0,0.0,0.0,0.0,0.0
0.0,0.0,0.0,0.0,0.0,0.0,0.0,0.0,0.0,0.0,0.0,0.0,0.0,0.0,0.0,0.0,0.0,0.0,0.0,0.0,0.0,0.0,0.0,0.0,0.0,0.0,0.0,0.0,0.0,0.0,0.0,0.0,0.0,0.0,0.0,0.0,0.0,0.0,0.0,0.0,0.0,0.0,0.0,0.0,0.0,0.0,0.0,0.0,0.0
0.0,0.0,0.0,0.0,0.0,0.0,0.0,0.0,0.0,0.0,0.0,0.0,0.0,0.0,0.0,0.0,0.0,0.0,0.0,0.0,0.0,0.0,0.0,0.0,0.0,0.0,0.0,0.0,0.0,0.0,0.0,0.0,0.0,0.0,0.0,0.0,0.0,0.0,0.0,0.0,0.0,0.0,0.0,0.0,0.0,0.0,0.0,0.0,0.0
0.0,0.0,0.0,0.0,0.0,0.0,0.0,0.0,0.0,0.0,0.0,0.0,0.0,0.0,0.0,0.0,0.0,0.0,0.0,0.0,0.0,0.0,0.0,0.0,0.0,0.0,0.0,0.0,0.0,0.0,0.0,0.0,0.0,0.0,0.0,0.0,0.0,0.0,0.0,0.0,0.0,0.0,0.0,0.0,0.0,0.0,0.0,0.0,0.0
0.0,0.0,0.0,0.0,0.0,0.0,0.0,0.0,0.0,0.0,0.0,0.0,0.0,0.0,0.0,0.0,0.0,0.0,0.0,0.0,0.0,0.0,0.0,0.0,0.0,0.0,0.0,0.0,0.0,0.0,0.0,0.0,0.0,0.0,0.0,0.0,0.0,0.0,0.0,0.0,0.0,0.0,0.0,0.0,0.0,0.0,0.0,0.0,0.0
0.0,0.0,0.0,0.0,0.0,0.0,0.0,0.0,0.0,0.0,0.0,0.0,0.0,0.0,0.0,0.0,0.0,0.0,0.0,0.0,0.0,0.0,0.0,0.0,0.0,0.0,0.0,0.0,0.0,0.0,0.0,0.0,0.0,0.0,0.0,0.0,0.0,0.0,0.0,0.0,0.0,0.0,0.0,0.0,0.0,0.0,0.0,0.0,0.0
0.0,0.0,0.0,0.0,0.0,0.0,0.0,0.0,0.0,0.0,0.0,0.0,0.0,0.0,0.0,0.0,0.0,0.0,0.0,0.0,0.0,0.0,0.0,0.0,0.0,0.0,0.0,0.0,0.0,0.0,0.0,0.0,0.0,0.0,0.0,0.0,0.0,0.0,0.0,0.0,0.0,0.0,0.0,0.0,0.0,0.0,0.0,0.0,0.0
0.0,0.0,0.0,0.0,0.0,0.0,0.0,0.0,0.0,0.0,0.0,0.0,0.0,0.0,0.0,0.0,0.0,0.0,0.0,0.0,0.0,0.0,0.0,0.0,0.0,0.0,0.0,0.0,0.0,0.0,0.0,0.0,0.0,0.0,0.0,0.0,0.0,0.0,0.0,0.0,0.0,0.0,0.0,0.0,0.0,0.0,0.0,0.0,0.0
0.0,0.0,0.0,0.0,0.0,0.0,0.0,0.0,0.0,0.0,0.0,0.0,0.0,0.0,0.0,0.0,0.0,0.0,0.0,0.0,0.0,0.0,0.0,0.0,0.0,0.0,0.0,0.0,0.0,0.0,0.0,0.0,0.0,0.0,0.0,0.0,0.0,0.0,0.0,0.0,0.0,0.0,0.0,0.0,0.0,0.0,0.0,0.0,0.0
0.0,162.80000000000013,202.4,202.4,202.4,202.4,202.4,202.4,202.4,142.4,202.4,202.4,202.4,202.4,202.4,202.4,202.4,202.4,202.4,202.4,142.4,202.4,202.4,142.4,202.4,202.4,202.4,202.4,142.4,202.4,202.4,202.4,202.4,202.4,202.4,202.4,202.4,142.4,202.4,202.4,142.4,202.4,202.4,202.4,201.86661186897572,202.4,202.4,202.4,202.4
0.0,162.80000000000013,202.4,142.4,202.4,202.4,202.4,142.4,202.4,202.4,180.99909272186915,202.4,202.4,142.4,202.4,202.4,202.4,202.4,176.8120278673955,202.4,202.4,202.4,202.4,202.4,202.4,202.4,202.4,202.4,202.4,142.4,202.4,202.4,202.4,202.4,202.4,202.4,202.4,202.4,202.4,202.4,202.4,202.4,202.4,202.4,202.4,202.4,202.4,142.4,202.4
0.0,99.10771378932807,142.4,202.4,202.4,202.4,142.4,202.4,142.4,202.4,202.4,202.4,202.4,202.4,202.4,178.4121922604686,202.4,202.4,202.4,202.4,202.4,202.4,142.4,202.4,142.4,202.4,202.4,202.4,202.4,202.4,202.4,202.4,202.4,202.4,202.4,167.74442963998035,202.4,202.4,202.4,202.4,202.4,142.4,142.4,202.4,202.4,202.4,202.4,202.4,202.4
0.0,102.80000000000013,202.4,202.4,142.90137205353585,202.4,202.4,202.4,142.4,202.4,202.4,202.4,202.4,202.4,202.4,202.4,202.4,202.4,202.4,202.4,202.4,202.4,202.4,202.4,202.4,202.4,202.4,202.4,142.4,202.4,202.4,202.4,202.4,202.4,202.4,202.4,202.4,202.4,202.4,202.4,202.4,202.4,202.4,202.4,202.4,202.4,202.4,145.8437720676875,165.4103839366635
0.0,153.5,195.5,195.5,135.5,135.5,195.5,195.5,195.5,195.5,195.5,195.5,195.5,195.5,195.5,195.5,195.5,195.5,195.5,195.5,135.5,75.5,135.5,195.5,195.5,195.5,135.5,195.5,135.5,195.5,195.5,195.5,195.5,195.5,195.5,195.5,195.5,195.5,195.5,172.75164172348155,135.5,195.5,195.5,195.5,195.5,195.5,195.5,195.5,195.5
0.0,153.5,195.5,195.5,195.5,195.5,195.5,159.60183682894012,99.60183682894012,135.5,195.5,173.5977206683333,195.5,195.5,172.04558039149288,195.5,195.5,195.5,195.5,135.5,195.5,195.5,195.5,151.74508721227312,151.2116990812492,195.5,195.5,195.5,195.5,195.5,149.39983560692644,162.97798216407773,195.5,195.5,195.5,195.5,160.3110415089559,195.5,135.5,195.5,142.67748898485843,195.5,141.61071272280924,135.5,195.5,195.5,135.5,195.5,195.5
0.0,153.5,195.5,195.5,195.5,195.5,195.5,195.5,195.5,135.5,195.5,135.5,173.09634861479753,195.5,195.5,195.5,195.5,195.5,135.5,195.5,135.5,195.5,135.5,195.5,195.5,195.5,135.5,195.5,195.5,195.5,195.5,195.5,195.5,195.5,195.5,195.5,195.5,195.5,195.5,195.5,195.5,195.5,195.5,195.5,195.5,195.5,139.47716019871223,195.5,195.5
0.0,93.5,195.5,195.5,195.5,195.5,195.5,195.5,195.5,195.5,195.5,195.5,195.5,195.5,195.5,195.5,195.5,195.5,195.5,195.5,195.5,195.5,152.27847534329794,195.5,195.5,150.14492281920047,90.14492281920047,89.6115346881761,149.6115346881761,89.6115346881761,149.6115346881761,195.5,195.5,195.5,195.5,195.5,195.5,195.5,195.5,195.5,195.5,195.5,135.5,195.5,135.5,195.5,195.5,195.5,195.5
0.0,153.5,195.5,195.5,195.5,195.5,195.5,195.5,195.5,195.5,0.0,0.0,0.0,0.0,0.0,0.0,0.0,0.0,0.0,0.0,195.5,195.5,195.5,195.5,135.5,195.5,195.5,195.5,135.5,195.5,0.0,0.0,0.0,0.0,0.0,0.0,0.0,0.0,0.0,0.0,195.5,195.5,135.5,195.5,195.5,147.5105483297366,195.5,195.5,195.5
0.0,153.5,195.5,195.5,195.5,195.5,195.5,195.5,195.5,195.5,195.5,195.5,195.5,195.5,195.5,195.5,195.5,195.5,195.5,195.5,195.5,194.96661186897563,195.5,195.5,195.5,195.5,195.5,195.5,195.5,195.5,195.5,195.5,195.5,195.5,195.5,195.5,195.5,195.5,195.5,195.5,195.5,142.1441008538336,195.5,195.5,195.5,195.5,195.5,195.5,195.5
0.0,153.5,195.5,195.5,195.5,195.5,195.5,195.5,195.5,195.5,195.5,195.5,195.5,195.5,195.5,195.5,195.5,135.5,195.5,169.37863973637104,195.5,195.5,195.5,195.5,195.5,195.5,195.5,195.5,195.5,195.5,195.5,195.5,195.5,195.5,195.5,195.5,195.5,195.5,195.5,195.5,195.5,195.5,195.5,195.5,195.5,195.5,195.5,135.5,195.5
0.0,93.5,195.5,195.5,195.5,195.5,195.5,195.5,195.5,195.5,195.5,195.5,195.5,195.5,195.5,195.5,195.5,195.5,195.5,195.5,195.5,195.5,195.5,195.5,195.5,195.5,195.5,135.5,195.5,195.5,195.5,195.5,195.5,195.5,195.5,195.5,195.5,195.5,195.5,195.5,195.5,135.5,195.5,141.07732459178533,81.07732459178533,68.0,75.5,135.5,195.5
0.0,93.5,195.5,162.10869709661938,195.5,195.5,195.5,195.5,195.5,135.5,195.5,195.5,195.5,172.57896852251724,195.5,195.5,135.5,195.5,195.5,195.5,195.5,195.5,195.5,135.5,195.5,135.5,195.5,135.5,195.5,135.5,195.5,195.5,195.5,195.5,135.5,195.5,195.5,195.5,195.5,195.5,195.5,195.5,195.5,135.5,195.5,195.5,195.5,195.5,195.5
0.0,153.5,195.5,195.5,135.5,195.5,195.5,195.5,195.5,195.5,135.5,195.5,195.5,195.5,195.5,195.5,195.5,170.44541599841978,195.5,195.5,195.5,195.5,195.5,135.5,195.5,135.5,135.5,195.5,195.5,195.5,195.5,135.5,195.5,195.5,195.5,195.5,195.5,195.5,195.5,195.5,135.5,195.5,195.5,135.5,195.5,195.5,195.5,195.5,195.5
0.0,153.5,195.5,195.5,195.5,195.5,195.5,195.5,195.5,195.5,195.5,195.5,195.5,195.5,195.5,195.5,195.5,195.5,195.5,195.5,135.5,195.5,195.5,195.5,135.5,195.5,195.5,195.5,194.96661186897518,194.43322373795036,195.5,195.5,195.5,135.5,195.5,195.5,195.5,195.5,195.5,195.5,195.5,135.5,195.5,195.5,135.5,75.5,135.5,195.5,195.5
0.0,159.7000000000001,167.21006915015505,200.1,165.70595298954777,105.70595298954777,80.1,140.1,200.1,163.70046477540473,200.1,200.1,200.1,200.1,140.1,200.1,175.57880412944405,200.1,200.1,200.1,200.1,200.1,200.1,140.1,200.1,140.63338813102428,200.1,200.1,200.1,140.1,200.1,200.1,200.1,200.1,200.1,200.1,200.1,200.1,200.1,200.1,200.1,140.1,140.1,200.1,200.1,200.1,200.1,200.1,200.1
0.0,159.7000000000001,140.1,200.1,200.1,200.1,200.1,175.49679111752403,200.1,200.1,200.1,200.1,200.1,200.1,200.1,200.1,200.1,200.1,200.1,200.1,157.94525160534658,97.94525160534658,140.1,200.1,140.1,200.1,200.1,200.1,200.1,200.1,200.1,200.1,140.1,200.1,165.97781777100454,200.1,140.1,200.1,200.1,200.1,200.1,200.1,200.1,200.1,140.1,200.1,200.1,140.1,200.1
0.0,159.7000000000001,140.1,140.1,200.1,200.1,140.1,200.1,200.1,200.1,200.1,200.1,200.1,200.1,200.1,140.1,200.1,200.1,200.1,200.1,200.1,200.1,200.1,200.1,200.1,200.1,200.1,140.1,200.1,200.1,200.1,200.1,200.1,166.5112059020289,200.1,200.1,200.1,200.1,163.84426524690707,200.1,140.1,200.1,200.1,200.1,200.1,200.1,200.1,200.1,200.1
0.0,159.7000000000001,200.1,200.1,200.1,140.1,165.204580936012,105.20458093601201,140.1,200.1,200.1,200.1,140.1,200.1,200.1,200.1,200.1,200.1,200.1,200.1,200.1,140.1,200.1,200.1,200.1,140.1,200.1,200.1,200.1,200.1,200.1,200.1,200.1,200.1,200.1,200.1,200.1,200.1,200.1,200.1,200.1,200.1,200.1,140.1,200.1,200.1,200.1,200.1,200.1
0.0,200.1,140.1,80.1,140.1,140.1,200.1,200.1,200.1,200.1,200.1,200.1,200.1,200.1,200.1,200.1,200.1,200.1,200.1,200.1,200.1,200.1,200.1,200.1,200.1,200.1,200.1,200.1,200.1,200.1,200.1,200.1,167.04459403305327,200.1,200.1,140.1,200.1,200.1,200.1,200.1,200.1,200.1,200.1,200.1,200.1,200.1,200.1,200.1,0.0
0.0,0.0,0.0,0.0,0.0,0.0,0.0,0.0,0.0,0.0,0.0,0.0,0.0,0.0,0.0,0.0,0.0,0.0,0.0,0.0,0.0,0.0,0.0,0.0,0.0,0.0,0.0,0.0,0.0,0.0,0.0,0.0,0.0,0.0,0.0,0.0,0.0,0.0,0.0,0.0,0.0,0.0,0.0,0.0,0.0,0.0,0.0,0.0,0.0
0.0,0.0,0.0,0.0,0.0,0.0,0.0,0.0,0.0,0.0,0.0,0.0,0.0,0.0,0.0,0.0,0.0,0.0,0.0,0.0,0.0,0.0,0.0,0.0,0.0,0.0,0.0,0.0,0.0,0.0,0.0,0.0,0.0,0.0,0.0,0.0,0.0,0.0,0.0,0.0,0.0,0.0,0.0,0.0,0.0,0.0,0.0,0.0,0.0
0.0,0.0,0.0,0.0,0.0,0.0,0.0,0.0,0.0,0.0,0.0,0.0,0.0,0.0,0.0,0.0,0.0,0.0,0.0,0.0,0.0,0.0,0.0,0.0,0.0,0.0,0.0,0.0,0.0,0.0,0.0,0.0,0.0,0.0,0.0,0.0,0.0,0.0,0.0,0.0,0.0,0.0,0.0,0.0,0.0,0.0,0.0,0.0,0.0
0.0,0.0,0.0,0.0,0.0,0.0,0.0,0.0,0.0,0.0,0.0,0.0,0.0,0.0,0.0,0.0,0.0,0.0,0.0,0.0,0.0,0.0,0.0,0.0,0.0,0.0,0.0,0.0,0.0,0.0,0.0,0.0,0.0,0.0,0.0,0.0,0.0,0.0,0.0,0.0,0.0,0.0,0.0,0.0,0.0,0.0,0.0,0.0,0.0
0.0,19.2,55.2,36.719043418712914,36.719043418712914,36.719043418712914,36.719043418712914,36.719043418712914,55.2,36.719043418712914,36.719043418712914,36.719043418712914,55.2,36.719043418712914,55.2,36.719043418712914,36.719043418712914,55.2,36.719043418712914,36.719043418712914,36.719043418712914,36.719043418712914,55.2,36.719043418712914,55.2,0.0,0.0,0.0,0.0,0.0,0.0,0.0,0.0,0.0,0.0,0.0,0.0,0.0,0.0,0.0,0.0,0.0,0.0,0.0,0.0,0.0,0.0,0.0,0.0
0.0,19.2,36.719043418712914,55.2,55.2,55.2,55.2,55.2,36.719043418712914,55.2,55.2,55.2,36.719043418712914,55.2,36.719043418712914,55.2,55.2,36.719043418712914,55.2,55.2,55.2,55.2,36.719043418712914,55.2,36.719043418712914,0.0,0.0,0.0,0.0,0.0,0.0,0.0,0.0,0.0,0.0,0.0,0.0,0.0,0.0,0.0,0.0,0.0,0.0,0.0,0.0,0.0,0.0,0.0,0.0
0.0,19.2,0.0,0.0,0.0,0.0,0.0,0.0,0.0,0.0,0.0,0.0,0.0,0.0,0.0,0.0,0.0,0.0,0.0,0.0,0.0,0.0,0.0,0.0,0.0,0.0,0.0,0.0,0.0,0.0,0.0,0.0,0.0,0.0,0.0,0.0,0.0,0.0,0.0,0.0,0.0,0.0,0.0,0.0,0.0,0.0,0.0,0.0,0.0
0.0,17.52,17.519999999999996,17.519999999999996,17.52,17.52,17.519999999999996,50.37,17.52,50.36999999999999,17.519999999999996,17.519999999999996,17.52,17.52,17.519999999999996,17.52,50.36999999999999,17.519999999999996,17.52,50.36999999999999,17.519999999999996,17.52,17.519999999999996,17.52,17.52,50.36999999999999,17.519999999999996,17.519999999999996,17.52,17.52,17.52,50.37,17.52,17.52,17.519999999999996,50.370000000000005,50.37,0.0,0.0,0.0,0.0,0.0,0.0,0.0,0.0,0.0,0.0,0.0,0.0
0.0,17.519999999999996,17.52,17.52,17.519999999999996,17.519999999999996,17.52,50.370000000000005,17.519999999999996,50.370000000000005,17.52,17.52,17.519999999999996,17.52,17.52,17.52,50.37,17.52,17.519999999999996,50.370000000000005,17.52,17.52,17.52,17.52,17.519999999999996,50.37,17.52,17.52,17.52,17.519999999999996,17.52,50.36999999999999,17.52,17.52,17.52,50.37,50.370000000000005,0.0,0.0,0.0,0.0,0.0,0.0,0.0,0.0,0.0,0.0,50.37,50.37
0.0,17.52,17.52,17.52,17.52,17.52,17.52,50.36999999999999,17.52,50.37,17.52,17.52,17.52,17.519999999999996,17.52,17.519999999999996,50.370000000000005,17.52,17.52,50.37,17.52,17.519999999999996,17.52,17.519999999999996,17.52,50.370000000000005,17.52,17.52,17.519999999999996,17.52,17.519999999999996,50.370000000000005,17.519999999999996,17.519999999999996,17.52,50.36999999999999,50.36999999999999,50.37,50.37,21.36202549425762,21.36202549425762,50.37,50.37,50.37,50.37,0.0,0.0,0.0,0.0
0.0,0.0,0.0,0.0,0.0,0.0,0.0,0.0,0.0,0.0,0.0,0.0,0.0,0.0,0.0,0.0,0.0,0.0,0.0,0.0,0.0,0.0,0.0,0.0,0.0,0.0,0.0,0.0,0.0,0.0,0.0,0.0,0.0,0.0,0.0,0.0,0.0,0.0,0.0,0.0,0.0,0.0,0.0,0.0,0.0,0.0,0.0,0.0,0.0
0.0,0.0,0.0,0.0,0.0,0.0,0.0,0.0,0.0,0.0,0.0,0.0,0.0,0.0,0.0,0.0,0.0,0.0,0.0,0.0,0.0,0.0,0.0,0.0,0.0,0.0,0.0,0.0,0.0,0.0,0.0,0.0,0.0,0.0,0.0,0.0,0.0,0.0,0.0,0.0,0.0,0.0,0.0,0.0,0.0,0.0,0.0,0.0,0.0
0.0,0.0,0.0,0.0,0.0,0.0,0.0,0.0,0.0,0.0,0.0,0.0,0.0,0.0,0.0,0.0,0.0,0.0,0.0,0.0,0.0,0.0,0.0,0.0,0.0,0.0,0.0,0.0,0.0,0.0,0.0,0.0,0.0,0.0,0.0,0.0,0.0,0.0,0.0,0.0,0.0,0.0,0.0,0.0,0.0,0.0,0.0,0.0,0.0
0.0,46.32000000000001,46.31999999999999,46.32,46.31999999999999,46.32,46.31999999999999,57.60612631262652,46.32,133.17,46.32,46.32,46.31999999999999,0.0,0.0,0.0,0.0,0.0,0.0,0.0,0.0,0.0,0.0,0.0,0.0,0.0,0.0,0.0,0.0,0.0,0.0,0.0,0.0,0.0,0.0,0.0,0.0,0.0,0.0,0.0,0.0,0.0,0.0,0.0,0.0,0.0,0.0,0.0,0.0
0.0,46.32,46.32,46.31999999999999,46.32,46.32,46.32,133.17,46.32,57.60612631262652,46.32,46.32,46.32,0.0,0.0,0.0,0.0,0.0,0.0,0.0,0.0,0.0,0.0,0.0,0.0,0.0,0.0,0.0,0.0,0.0,0.0,0.0,0.0,0.0,0.0,0.0,0.0,0.0,0.0,0.0,0.0,0.0,0.0,0.0,0.0,0.0,0.0,0.0,0.0
0.0,46.32,46.32,46.32,46.32,46.31999999999999,46.32,57.60612631262652,46.31999999999999,57.60612631262652,46.31999999999999,46.31999999999999,46.32,0.0,0.0,0.0,0.0,0.0,0.0,0.0,0.0,0.0,0.0,0.0,0.0,0.0,0.0,0.0,0.0,0.0,0.0,0.0,0.0,0.0,0.0,0.0,0.0,0.0,0.0,0.0,0.0,0.0,0.0,0.0,0.0,0.0,0.0,0.0,0.0
0.0,64.6,64.6,64.6,64.6,64.6,64.6,185.725,185.725,185.725,64.6,64.6,64.6,64.6,64.6,64.6,185.725,64.6,64.6,185.725,64.6,64.6,64.6,64.6,64.6,69.15347237592161,64.6,64.6,64.6,64.6,64.6,185.725,64.6,64.6,64.6,185.725,125.25538565898316,177.49053758827466,185.725,185.725,185.725,185.725,185.725,185.725,185.725,185.725,185.725,185.725,185.725
0.0,64.6,64.6,64.6,64.6,64.6,64.6,185.725,185.725,185.725,64.6,64.6,64.6,64.6,64.6,64.6,185.725,64.6,64.6,185.725,64.6,64.6,64.6,64.6,64.6,64.6,64.6,64.6,64.6,64.6,64.6,185.725,64.6,64.6,64.6,185.725,64.6,64.6,119.19597660541771,95.9402518871776,185.725,185.725,185.725,185.725,185.725,185.725,185.725,185.725,185.725
0.0,64.6,64.6,64.6,64.6,64.6,64.6,185.725,185.725,185.725,64.6,64.6,64.6,64.6,64.6,64.6,185.725,64.6,64.6,185.725,64.6,64.6,64.6,64.6,64.6,64.6,64.6,64.6,64.6,64.6,64.6,185.725,64.6,64.6,64.6,185.725,64.6,64.6,64.6,64.6,112.7729009444736,185.725,185.725,185.725,185.725,185.725,185.725,185.725,185.725
0.0,64.6,64.6,64.6,64.6,64.6,64.6,185.725,185.725,185.725,64.6,64.6,64.6,64.6,64.6,64.6,185.725,64.6,64.6,185.725,64.6,64.6,64.6,64.6,64.6,64.6,64.6,64.6,64.6,64.6,64.6,185.725,64.6,64.6,64.6,185.725,64.6,64.6,64.6,64.6,64.6,109.04446810547066,112.71073648859075,180.38235475247174,176.98498373856827,185.725,185.725,185.725,185.725
0.0,64.6,64.6,64.6,64.6,64.6,64.6,185.725,185.725,185.725,64.6,64.6,64.6,64.6,64.6,64.6,185.725,64.6,64.6,185.725,64.6,64.6,64.6,64.6,64.6,64.6,64.6,64.6,64.6,64.6,64.6,84.66143666055063,64.6,64.6,64.6,185.725,64.6,64.6,64.6,64.6,64.6,64.6,64.6,64.6,64.6,147.01986179238196,185.725,158.64984807677166,117.53285106947214
0.0,111.74000000000007,127.42000000000002,103.83303570812177,103.83303570812177,127.42000000000002,127.42000000000002,127.42000000000002,127.42000000000002,127.42000000000002,127.42000000000002,127.42000000000002,127.42000000000002,127.42000000000002,127.42000000000002,127.42000000000002,127.42000000000002,127.42000000000002,127.42000000000002,127.42000000000002,127.42000000000002,127.42000000000002,127.42000000000002,87.42000000000002,96.41303570812175,56.413035708121754,87.42000000000002,127.42000000000002,127.42000000000002,103.83303570812177,127.42000000000002,127.42000000000002,127.42000000000002,87.42000000000002,87.42000000000002,127.42000000000002,127.42000000000002,127.42000000000002,127.42000000000002,127.42000000000002,127.41999999999999,127.42000000000002,127.42000000000002,127.42000000000002,127.42000000000002,127.42000000000002,127.42000000000002,127.42000000000002,127.42000000000002
0.0,88.15303570812182,63.83303570812177,87.42000000000002,127.42000000000002,127.42000000000002,127.42000000000002,127.42000000000002,127.42000000000002,127.42000000000002,127.42000000000002,127.42000000000002,127.42000000000002,127.42000000000002,127.42000000000002,127.42000000000002,127.42000000000002,127.42000000000002,127.42000000000002,127.42000000000002,127.42000000000002,127.42000000000002,127.42000000000002,127.42000000000002,127.42000000000002,127.42000000000002,127.42000000000002,127.42000000000002,87.42000000000002,127.42000000000002,127.42000000000002,127.42000000000002,127.42000000000002,127.42000000000002,47.420000000000016,127.42000000000002,127.42000000000002,127.42000000000002,127.42000000000002,127.42000000000002,127.42000000000002,127.42000000000002,127.41999999999999,127.42000000000002,127.42000000000002,127.42000000000002,127.42000000000002,127.42000000000002,127.42000000000002
0.0,111.74000000000007,127.42000000000002,127.42000000000002,127.42000000000002,127.42000000000002,127.42000000000002,127.42000000000002,127.42000000000002,127.42000000000002,127.42000000000002,127.42000000000002,127.42000000000002,127.42000000000002,127.42000000000002,127.42000000000002,127.42000000000002,127.42000000000002,127.42000000000002,87.42000000000007,127.42000000000002,127.42000000000002,127.42000000000002,127.42000000000002,127.42000000000002,127.42000000000002,127.42000000000002,127.42000000000002,127.42000000000002,87.42000000000002,127.42000000000002,127.42000000000002,127.42000000000002,127.42000000000002,87.42000000000002,127.42000000000002,127.42000000000002,127.42000000000002,127.42000000000002,127.42000000000002,87.42000000000002,127.41999999999999,127.41999999999999,127.42000000000002,87.42000000000002,127.42000000000002,127.41999999999999,127.42000000000002,127.42000000000002
0.0,111.74000000000007,127.42000000000002,127.42000000000002,127.42000000000002,127.42000000000002,127.42000000000002,127.42000000000002,127.42000000000002,127.42000000000002,127.42000000000002,127.42000000000002,127.42000000000002,127.42000000000002,127.42000000000002,127.42000000000002,127.42000000000002,127.42000000000002,127.42000000000002,127.42000000000002,127.42000000000002,87.42000000000002,127.42000000000002,127.42000000000002,87.42000000000002,127.42000000000002,127.42000000000002,127.42000000000002,127.42000000000002,127.42000000000002,127.42000000000002,127.42000000000002,127.42000000000002,127.42000000000002,127.42000000000002,127.42000000000002,127.42000000000002,127.42000000000002,127.42000000000002,127.42000000000002,127.42000000000002,127.42000000000002,127.42000000000002,127.42000000000002,127.42000000000002,127.42000000000002,127.42000000000002,127.41999999999999,127.42000000000002
0.0,71.74000000000007,127.42000000000002,127.42000000000002,127.42000000000002,127.42000000000002,127.42000000000002,127.42000000000002,127.42000000000002,127.42000000000002,127.42000000000002,127.42000000000002,127.42000000000002,127.42000000000002,127.42000000000002,127.42000000000002,127.42000000000002,127.42000000000002,127.42000000000002,127.42000000000002,127.42000000000002,127.42000000000002,127.42000000000002,127.42000000000002,127.42000000000002,127.42000000000002,127.42000000000002,87.42000000000002,127.42000000000002,127.42000000000002,87.42000000000002,63.83303570812177,103.83303570812177,127.42000000000002,127.42000000000002,127.42000000000002,127.42000000000002,127.42000000000002,127.42000000000002,127.42000000000002,127.42000000000002,127.42000000000002,127.42000000000002,127.42000000000002,127.42000000000002,127.42000000000002,127.42000000000002,127.42000000000002,127.41999999999999
0.0,111.74000000000007,127.42000000000002,127.42000000000002,127.42000000000002,127.42000000000002,127.42000000000002,127.42000000000002,127.42000000000002,127.42000000000002,127.42000000000002,127.42000000000002,127.42000000000002,127.42000000000002,127.42000000000002,127.42000000000002,127.42000000000002,127.42000000000002,127.42000000000002,127.42000000000002,127.42000000000002,127.42000000000002,127.42000000000002,127.42000000000002,87.42000000000002,87.42000000000002,127.42000000000002,127.42000000000002,127.42000000000002,127.42000000000002,127.42000000000002,127.42000000000002,127.42000000000002,127.42000000000002,127.42000000000002,127.42000000000002,127.42000000000002,127.42000000000002,127.42000000000002,127.42000000000002,127.42000000000002,127.42000000000002,127.41999999999999,127.42000000000002,127.42000000000002,127.42000000000002,127.41999999999999,87.42,127.41999999999999
0.0,111.74000000000007,127.42000000000002,127.42000000000002,127.42000000000002,87.42000000000002,127.42000000000002,127.42000000000002,127.42000000000002,127.42000000000002,127.42000000000002,127.42000000000002,127.42000000000002,127.42000000000002,127.42000000000002,127.42000000000002,127.42000000000002,127.42000000000002,127.42000000000002,127.42000000000002,127.42000000000002,127.42000000000002,127.42000000000002,127.42000000000002,87.42000000000002,87.42000000000002,127.42000000000002,103.83303570812177,127.42000000000002,127.42000000000002,127.42000000000002,127.42000000000002,127.42000000000002,127.42000000000002,127.42000000000002,127.42000000000002,127.42000000000002,127.42000000000002,127.41999999999999,127.41999999999999,127.41999999999999,127.42000000000002,127.41999999999999,127.42000000000002,127.42000000000002,127.42000000000002,127.42000000000002,127.42000000000002,127.42000000000002
0.0,111.74000000000007,127.42000000000002,127.42000000000002,87.42000000000002,127.42000000000002,87.42000000000002,127.42000000000002,127.42000000000002,127.42000000000002,127.42000000000002,127.42000000000002,127.42000000000002,127.42000000000002,127.42000000000002,127.42000000000002,127.42000000000002,127.42000000000002,127.42000000000002,127.42000000000002,127.42000000000002,127.42000000000002,127.42000000000002,127.42000000000002,127.42000000000002,127.42000000000002,103.83303570812177,127.42000000000002,103.83303570812177,127.42000000000002,103.83303570812177,127.42000000000002,127.42000000000002,103.83303570812177,127.42000000000002,127.42000000000002,127.42000000000002,127.42000000000002,127.42000000000002,127.42000000000002,127.42000000000002,127.42000000000002,127.42000000000002,127.42000000000002,127.42000000000002,127.42000000000002,127.41999999999999,127.42000000000002,127.42000000000002
0.0,111.74000000000007,127.42000000000002,127.42000000000002,127.42000000000002,127.42000000000002,127.42000000000002,127.42000000000002,87.42000000000002,127.42000000000002,127.42000000000002,127.42000000000002,127.42000000000002,127.42000000000002,127.42000000000002,127.42000000000002,127.42000000000002,127.42000000000002,127.42000000000002,127.42000000000002,127.42000000000002,127.42000000000002,127.42000000000002,127.42000000000002,127.42000000000002,127.42000000000002,127.42000000000002,127.42000000000002,127.42000000000002,127.42000000000002,127.42000000000002,127.42000000000002,127.42000000000002,127.42000000000002,103.83303570812177,87.42000000000002,127.42000000000002,127.42000000000002,127.41999999999999,127.42000000000002,127.42000000000002,127.42000000000002,127.42000000000002,127.42000000000002,127.42000000000002,127.42000000000002,127.42000000000002,127.41999999999999,127.41999999999999
0.0,123.56680619600355,127.42000000000002,127.42000000000002,127.42000000000002,127.42000000000002,103.83303570812177,127.42000000000002,127.42000000000002,127.42000000000002,127.42000000000002,127.42000000000002,127.42000000000002,127.42000000000002,127.42000000000002,127.42000000000002,127.42000000000002,127.42000000000002,127.42000000000002,127.42000000000002,127.42000000000002,127.42000000000002,127.42000000000002,127.42000000000002,127.42000000000002,127.42000000000002,127.42000000000002,127.42000000000002,127.42000000000002,127.42000000000002,127.42000000000002,127.42000000000002,87.42000000000002,127.42000000000002,127.42000000000002,127.42000000000002,127.42000000000002,127.42000000000002,127.42000000000002,127.42000000000002,127.42000000000002,127.42000000000002,127.42000000000002,127.42000000000002,127.42000000000002,127.42000000000002,127.42000000000002,127.42000000000002,127.41999999999999
0.0,127.42000000000002,127.42000000000002,127.42000000000002,127.42000000000002,127.42000000000002,127.42000000000002,87.42000000000002,127.42000000000002,127.42000000000002,127.42000000000002,127.42000000000002,127.42000000000002,127.42000000000002,127.42000000000002,127.42000000000002,127.42000000000002,127.42000000000002,127.42000000000002,127.42000000000002,127.42000000000002,127.42000000000002,127.42000000000002,127.42000000000002,127.42000000000002,127.42000000000002,127.42000000000002,127.42000000000002,127.42000000000002,127.42000000000002,127.42000000000002,127.42000000000002,127.42000000000002,127.42000000000002,127.42000000000002,127.42000000000002,103.83303570812177,127.42000000000002,127.42000000000002,127.42000000000002,127.42000000000002,127.42000000000002,127.42000000000002,127.42000000000002,127.42000000000002,127.42000000000002,127.42000000000002,127.42000000000002,127.41999999999999
0.0,127.42000000000002,127.42000000000002,127.42000000000002,127.42000000000002,127.42000000000002,127.42000000000002,103.83303570812177,127.42000000000002,127.42000000000002,127.42000000000002,127.42000000000002,127.42000000000002,127.42000000000002,127.42000000000002,127.42000000000002,127.42000000000002,127.42000000000002,127.42000000000002,127.42000000000002,127.42000000000002,127.42000000000002,127.42000000000002,127.42000000000002,87.42000000000002,127.42000000000002,0.0,0.0,0.0,0.0,0.0,0.0,0.0,0.0,0.0,0.0,127.42000000000002,127.42000000000002,127.42000000000002,127.42000000000002,127.42000000000002,127.42000000000002,127.41999999999999,127.42000000000002,127.42000000000002,127.42000000000002,127.42000000000002,127.42000000000002,127.42000000000002
0.0,0.0,0.0,0.0,0.0,0.0,0.0,0.0,0.0,0.0,0.0,63.83303570812177,63.83303570812177,63.83303570812177,63.83303570812177,63.83303570812177,63.83303570812177,63.83303570812177,63.83303570812177,103.83303570812177,63.83303570812177,103.83303570812177,63.83303570812177,103.83303570812177,127.42000000000002,87.42000000000002,127.42000000000002,127.42000000000002,127.42000000000002,127.42000000000002,127.42000000000002,127.42000000000002,127.42000000000002,127.42000000000002,127.42000000000002,127.42000000000002,47.420000000000016,63.83303570812177,63.833035708121784,63.833035708121784,103.83303570812178,63.833035708121784,63.8330357081219,63.83303570812177,103.83303570812177,63.83303570812177,63.833035708121784,103.83303570812178,0.0
0.0,127.42000000000002,127.42000000000002,127.42000000000002,127.42000000000002,103.83303570812177,127.42000000000002,127.42000000000002,103.83303570812177,63.83303570812177,63.83303570812177,0.0,0.0,0.0,0.0,0.0,0.0,0.0,0.0,0.0,0.0,0.0,0.0,0.0,127.42000000000002,127.42000000000002,127.42000000000002,127.42000000000002,127.42000000000002,127.42000000000002,127.42000000000002,127.42000000000002,127.42000000000002,127.42000000000002,127.42000000000002,103.83303570812177,0.0,0.0,0.0,0.0,0.0,0.0,0.0,0.0,0.0,0.0,0.0,0.0,63.8330357081219
0.0,60.0,100.0,86.5,126.5,86.5,126.5,86.5,126.5,86.5,126.5,126.5,86.5,46.5,44.0,84.0,124.0,126.5,126.5,86.5,126.5,86.5,86.5,126.5,86.5,46.5,86.5,126.5,126.5,86.5,46.5,44.0,44.0,44.0,44.0,84.0,44.0,44.0,84.0,44.0,84.0,44.0,44.0,84.0,44.0,44.0,44.0,84.0,86.5
0.0,60.0,57.4999999999593,86.5,126.5,86.5,126.5,126.5,124.0,84.0,44.0,44.0,44.0,46.5,86.5,126.5,86.5,126.5,126.5,126.5,126.5,126.5,126.5,126.5,86.5,84.0,44.0,84.0,124.0,86.5,126.5,126.5,126.5,126.5,126.5,86.5,46.5,126.5,86.5,46.5,44.0,84.0,124.0,84.0,44.0,44.0,44.0,44.0,59.56908559787712
0.0,60.0,100.0,60.0,44.0,44.0,64.56908559787712,64.56908559787712,44.0,44.0,44.0,84.0,124.0,102.06908559787712,126.5,86.5,124.0,126.5,86.5,126.5,86.5,46.5,46.5,86.5,126.5,126.5,86.5,126.5,124.0,84.0,44.0,44.0,44.0,44.0,44.0,84.0,124.0,84.0,44.0,64.56908559787712,44.0,44.0,84.0,44.0,44.0,44.0,44.0,44.0,44.0
0.0,60.0,68.0,108.0,86.5,126.5,86.5,126.5,86.5,126.5,126.5,126.5,126.5,126.5,86.5,46.5,44.0,84.0,44.0,84.0,124.0,86.5,126.5,86.5,126.5,126.5,126.5,126.5,126.5,126.5,86.5,126.5,126.5,86.5,126.5,126.5,126.5,126.5,86.5,126.5,86.5,126.5,86.5,124.0,84.0,44.0,44.0,44.0,84.0
0.0,126.5,126.5,86.5,126.5,126.5,126.5,86.5,46.5,44.0,44.0,84.0,44.0,84.0,84.0,44.0,67.06908559787712,107.06908559787712,67.06908559787712,86.5,126.5,126.5,86.5,126.5,126.5,126.5,126.5,107.06908559787712,67.06908559787712,44.0,84.0,84.0,124.0,44.0,100.93091440212288,126.5,86.5,46.5,86.5,126.5,126.5,86.5,46.5,44.0,44.0,44.0,44.0,62.06908559787712,44.0
0.0,60.0,86.5,126.5,86.5,126.5,86.5,126.5,86.5,107.06908559787712,67.06908559787712,44.0,84.0,44.0,84.0,44.0,46.5,86.5,126.5,86.5,46.5,86.5,126.5,86.5,126.5,126.5,86.5,46.5,86.5,86.5,126.5,126.5,126.5,86.5,84.0,44.0,44.0,44.0,44.0,44.0,44.0,84.0,124.0,84.0,44.0,44.0,46.5,86.5,126.5
0.0,126.5,126.5,104.56908559787712,64.56908559787712,44.0,44.0,84.0,86.5,126.5,126.5,126.5,86.5,126.5,126.5,86.5,126.5,86.5,46.5,86.5,84.0,44.0,44.0,84.0,44.0,84.0,124.0,84.0,44.0,44.0,84.0,124.0,84.0,124.0,86.5,126.5,126.5,126.5,126.5,86.5,86.5,126.5,86.5,126.5,126.5,107.06908559787712,104.56908559787712,126.5,86.5
0.0,60.0,44.0,44.0,44.0,44.0,84.0,44.0,64.56908559787712,86.5,126.5,86.5,126.5,86.5,86.5,86.5,126.5,86.5,126.5,126.5,126.5,126.5,126.5,124.0,86.5,126.5,124.0,84.0,44.0,64.56908559787712,104.56908559787712,107.06908559787712,126.5,124.0,84.0,44.0,84.0,44.0,84.0,124.0,126.5,126.5,124.0,126.5,126.5,126.5,126.5,126.5,86.5
0.0,126.5,126.5,126.5,124.0,84.0,44.0,44.0,44.0,44.0,44.0,46.5,86.5,126.5,126.5,86.5,126.5,126.5,126.5,126.5,126.5,126.5,86.5,46.5,44.0,44.0,44.0,46.5,86.5,126.5,86.5,126.5,109.56908559787712,69.56908559787712,109.56908559787712,84.0,44.0,84.0,44.0,44.0,64.56908559787712,104.56908559787712,126.5,86.5,126.5,126.5,126.5,126.5,86.5
0.0,84.0,44.0,46.5,86.5,126.5,86.5,126.5,126.5,126.5,86.5,126.5,86.5,46.5,64.56908559787712,84.0,44.0,44.0,84.0,44.0,44.0,59.56908559787712,44.0,44.0,44.0,69.56908559787712,109.56908559787712,86.5,126.5,126.5,86.5,126.5,121.5,86.5,126.5,126.5,126.5,126.5,126.5,124.0,84.0,44.0,44.0,46.5,86.5,126.5,126.5,86.5,126.5
0.0,120.06908559791782,80.06908559791782,44.0,84.0,44.0,84.0,44.0,46.5,86.5,126.5,86.5,126.5,126.5,86.5,126.5,126.5,86.5,46.5,86.5,46.5,86.5,126.5,124.0,84.0,44.0,44.0,44.0,44.0,84.0,84.0,44.0,44.0,84.0,46.5,86.5,46.5,86.5,126.5,126.5,126.5,86.5,107.06908559787712,67.06908559787712,107.06908559787712,126.5,126.5,126.5,126.5
0.0,126.5,126.5,126.5,86.5,126.5,126.5,126.5,124.0,84.0,124.0,84.0,44.0,44.0,44.0,64.56908559787712,84.0,44.0,44.0,44.0,44.0,84.0,84.0,44.0,44.0,44.0,84.0,124.0,86.5,126.5,126.5,86.5,46.5,44.0,44.0,44.0,84.0,86.5,126.5,86.5,126.5,126.5,86.5,126.5,126.5,126.5,126.5,86.5,46.5
0.0,60.0,44.0,84.0,44.0,84.0,46.5,86.5,126.5,126.5,126.5,126.5,86.5,124.0,84.0,44.0,44.0,44.0,84.0,64.56908559787712,104.56908559787712,126.5,86.5,81.5,121.5,81.5,44.0,44.0,44.0,44.0,84.0,44.0,46.5,86.5,126.5,126.5,86.5,126.5,126.5,126.5,86.5,46.5,46.5,86.5,126.5,126.5,126.5,126.5,126.5
0.0,126.5,126.5,126.5,126.5,107.06908559787712,124.0,84.0,124.0,84.0,44.0,64.56908559787712,104.56908559787712,126.5,126.5,126.5,86.5,81.5,121.5,81.5,44.0,44.0,59.56908559787712,69.56908559787712,109.56908559787712,126.5,126.5,126.5,126.5,126.5,86.5,46.5,86.5,126.5,107.06908559787712,67.06908559787712,107.06908559787712,104.56908559787712,64.56908559787712,86.5,126.5,126.5,126.5,126.5,126.5,126.5,126.5,86.5,126.5
0.0,20.2,0.0,0.0,0.0,0.0,0.0,0.0,0.0,0.0,0.0,0.0,0.0,0.0,0.0,0.0,0.0,0.0,0.0,0.0,20.2,20.2,20.2,20.200000000000003,20.200000000000003,20.200000000000003,20.200000000000003,20.200000000000003,20.200000000000003,20.200000000000003,20.200000000000003,20.200000000000003,20.200000000000003,20.200000000000003,20.200000000000003,58.075,20.200000000000003,20.200000000000003,20.200000000000003,0.0,0.0,0.0,0.0,0.0,0.0,0.0,0.0,0.0,0.0
0.0,0.0,0.0,0.0,0.0,0.0,0.0,0.0,0.0,0.0,0.0,0.0,0.0,0.0,0.0,0.0,0.0,0.0,0.0,0.0,0.0,0.0,0.0,20.200000000000003,20.200000000000003,20.200000000000003,20.200000000000003,20.200000000000003,20.200000000000003,20.200000000000003,20.200000000000003,20.200000000000003,20.200000000000003,20.200000000000003,20.200000000000003,58.075,20.200000000000003,20.200000000000003,20.200000000000003,0.0,0.0,0.0,0.0,0.0,0.0,0.0,0.0,0.0,0.0
0.0,16.0,16.0,16.0,0.0,0.0,0.0,0.0,0.0,0.0,0.0,0.0,0.0,0.0,0.0,0.0,0.0,0.0,0.0,0.0,0.0,0.0,16.0,16.0,16.0,16.0,16.0,16.0,16.0,16.0,16.0,16.0,16.0,16.0,16.0,46.0,16.0,16.0,16.0,16.0,16.0,0.0,0.0,0.0,0.0,0.0,0.0,0.0,0.0
0.0,0.0,0.0,0.0,0.0,0.0,0.0,0.0,0.0,0.0,0.0,0.0,0.0,0.0,0.0,0.0,0.0,0.0,0.0,0.0,0.0,0.0,0.0,0.0,0.0,16.0,16.0,16.0,16.0,16.0,16.0,16.0,16.0,16.0,16.0,46.0,16.0,16.0,16.0,16.0,16.0,0.0,0.0,0.0,0.0,0.0,0.0,0.0,0.0
0.0,0.0,0.0,0.0,0.0,0.0,0.0,0.0,0.0,0.0,0.0,0.0,0.0,0.0,0.0,0.0,0.0,0.0,0.0,0.0,0.0,0.0,0.0,0.0,0.0,0.0,0.0,0.0,0.0,0.0,0.0,0.0,0.0,0.0,0.0,0.0,0.0,0.0,0.0,0.0,0.0,0.0,0.0,0.0,0.0,0.0,0.0,0.0,0.0
0.0,0.0,0.0,0.0,0.0,0.0,0.0,0.0,0.0,0.0,0.0,0.0,0.0,0.0,0.0,0.0,0.0,0.0,0.0,0.0,0.0,0.0,0.0,0.0,0.0,0.0,0.0,0.0,0.0,0.0,0.0,0.0,0.0,0.0,0.0,0.0,0.0,0.0,0.0,0.0,0.0,0.0,0.0,0.0,0.0,0.0,0.0,0.0,0.0
0.0,0.0,0.0,0.0,0.0,0.0,0.0,0.0,0.0,0.0,0.0,0.0,0.0,0.0,0.0,0.0,0.0,0.0,0.0,0.0,0.0,0.0,0.0,0.0,0.0,0.0,0.0,0.0,0.0,0.0,0.0,0.0,0.0,0.0,0.0,0.0,0.0,0.0,0.0,0.0,0.0,0.0,0.0,0.0,0.0,0.0,0.0,0.0,0.0
0.0,0.0,0.0,0.0,0.0,0.0,0.0,0.0,0.0,0.0,0.0,0.0,0.0,0.0,0.0,0.0,0.0,0.0,0.0,0.0,0.0,0.0,0.0,0.0,0.0,0.0,0.0,0.0,0.0,0.0,0.0,0.0,0.0,0.0,0.0,0.0,0.0,0.0,0.0,0.0,0.0,0.0,0.0,0.0,0.0,0.0,0.0,0.0,0.0
0.0,7.4,7.4,7.4,7.4,7.4,7.4,21.275,7.4,0.0,0.0,0.0,0.0,0.0,0.0,0.0,0.0,0.0,0.0,0.0,0.0,0.0,0.0,0.0,0.0,0.0,0.0,0.0,0.0,0.0,0.0,0.0,0.0,0.0,0.0,0.0,7.4,7.4,7.4,7.4,7.4,7.4,7.399999999999986,7.399999999999999,7.399999999999999,7.399999999999999,0.0,0.0,0.0
0.0,7.4,7.4,7.4,7.4,7.4,7.4,21.275,7.4,0.0,0.0,0.0,0.0,0.0,0.0,0.0,0.0,0.0,0.0,0.0,0.0,0.0,0.0,0.0,0.0,0.0,0.0,0.0,0.0,0.0,0.0,0.0,0.0,0.0,0.0,0.0,0.0,0.0,7.4,7.4,7.399999999999986,7.399999999999986,7.4,7.4,7.4,7.4,21.275,7.4,0.0
0.0,7.4,7.4,7.4,7.4,7.4,7.4,21.275,7.4,21.275,7.4,7.4,7.4,7.4,7.399999999999986,7.4,21.275,7.4,7.4,21.275,7.4,7.4,7.4,7.399999999999986,7.4,7.399999999999986,7.4,7.4,7.4,7.4,7.4,7.4,7.4,0.0,0.0,0.0,0.0,0.0,0.0,0.0,0.0,0.0,0.0,7.4,7.4,7.4,21.275,7.4,7.4
0.0,7.4,7.4,7.4,7.4,7.4,7.4,21.275,7.4,21.275,7.4,7.4,7.4,7.4,7.4,7.4,21.275,7.4,7.4,21.275,7.4,7.4,7.4,7.4,7.4,7.4,7.4,7.4,7.4,7.4,7.399999999999986,7.4,0.0,0.0,0.0,0.0,0.0,0.0,0.0,0.0,0.0,0.0,0.0,0.0,0.0,0.0,0.0,0.0,0.0
0.0,9.600000000000001,9.600000000000001,9.600000000000001,9.6,9.600000000000001,9.6,27.6,9.6,27.6,9.600000000000001,9.600000000000001,9.600000000000001,0.0,0.0,0.0,0.0,0.0,0.0,0.0,0.0,0.0,0.0,9.6,9.6,9.6,9.6,9.6,9.6,9.6,9.6,9.6,9.6,0.0,0.0,0.0,0.0,0.0,0.0,0.0,0.0,0.0,0.0,9.6,9.6,9.6,27.6,9.6,9.6
0.0,9.600000000000001,9.6,9.600000000000001,9.600000000000001,9.600000000000001,9.600000000000001,27.6,27.6,27.6,9.600000000000001,9.600000000000001,9.6,0.0,0.0,0.0,0.0,0.0,0.0,0.0,0.0,0.0,0.0,0.0,0.0,0.0,0.0,0.0,0.0,0.0,0.0,0.0,0.0,0.0,0.0,0.0,0.0,0.0,0.0,0.0,0.0,0.0,0.0,0.0,0.0,0.0,0.0,0.0,0.0
0.0,9.6,9.600000000000001,9.6,9.600000000000001,9.6,9.600000000000001,27.6,27.6,27.6,9.6,9.6,9.600000000000001,9.6,9.6,9.6,27.6,9.6,9.6,27.6,9.6,9.6,9.6,0.0,0.0,0.0,0.0,0.0,0.0,0.0,0.0,0.0,0.0,9.6,9.6,27.6,9.6,9.6,9.6,9.6,9.6,9.6,9.6,0.0,0.0,0.0,0.0,0.0,0.0
0.0,11.0,31.625,22.978710111268285,31.625,31.625,31.625,22.978710111290113,31.625,31.625,31.625,31.625,22.978710111377424,22.97871011149384,31.625,11.625,11.0,13.004400778693775,11.0,13.004400778693775,11.0,13.004400778693775,13.004400778693775,13.004400778693775,24.004400778693775,24.004400778693775,24.004400778693775,24.004400778693775,11.0,13.00440077869376,11.0,11.0,11.0,13.004400778693775,11.000000000000014,11.000000000000014,0.0,0.0,0.0,0.0,0.0,0.0,0.0,0.0,0.0,0.0,11.0,13.00440077869376,11.0
0.0,23.60371011126101,31.625,31.625,31.625,22.97871011127556,22.978710111290113,31.625,31.625,22.978710111319216,22.978710111319216,22.978710111377424,31.625,31.625,31.625,12.379400778693775,13.004400778693775,11.0,13.004400778693775,11.0,13.00440077869376,11.0,11.0,11.0,0.0,0.0,0.0,0.0,0.0,0.0,0.0,0.0,0.0,0.0,11.0,11.0,11.0,11.0,12.706244319484554,12.706244319484554,12.706244319484554,12.706244319484554,11.0,12.706244319484554,0.0,0.0,0.0,0.0,0.0
0.0,31.625,22.97871011126101,31.625,22.97871011127556,31.625,31.625,31.625,22.978710111319216,31.625,31.625,31.625,31.625,31.625,22.978710111377424,0.0,0.0,0.0,0.0,0.0,0.0,0.0,0.0,0.0,0.0,0.0,0.0,0.0,13.004400778693775,11.0,13.004400778693775,13.00440077869376,13.004400778693775,11.0,11.0,11.0,13.00440077869376,13.004400778693775,11.0,11.0,11.0,11.0,12.706244319484554,11.0,24.004400778693775,24.004400778693775,13.00440077869376,11.0,13.00440077869376
0.0,0.0,0.0,0.0,0.0,0.0,0.0,0.0,0.0,0.0,0.0,0.0,0.0,0.0,0.0,0.0,0.0,0.0,0.0,0.0,0.0,0.0,0.0,0.0,0.0,0.0,0.0,0.0,0.0,0.0,0.0,0.0,0.0,0.0,0.0,0.0,0.0,0.0,0.0,0.0,0.0,0.0,0.0,0.0,0.0,0.0,0.0,0.0,0.0
0.0,0.0,0.0,0.0,0.0,0.0,0.0,0.0,0.0,0.0,0.0,0.0,0.0,0.0,0.0,0.0,0.0,0.0,0.0,0.0,0.0,0.0,0.0,0.0,0.0,0.0,0.0,0.0,0.0,0.0,0.0,0.0,0.0,0.0,0.0,0.0,0.0,0.0,0.0,0.0,0.0,0.0,0.0,0.0,0.0,0.0,0.0,0.0,0.0
0.0,0.0,0.0,0.0,0.0,0.0,0.0,0.0,0.0,0.0,0.0,0.0,0.0,0.0,0.0,0.0,0.0,0.0,0.0,0.0,0.0,0.0,0.0,0.0,0.0,0.0,0.0,0.0,0.0,0.0,0.0,0.0,0.0,0.0,0.0,0.0,0.0,0.0,0.0,0.0,0.0,0.0,0.0,0.0,0.0,0.0,0.0,0.0,0.0
0.0,50.0,50.0,50.0,50.0,50.0,50.0,189.75,189.75,189.75,50.0,50.0,50.0,50.0,50.0,50.0,189.75,50.0,50.0,189.75,50.0,50.0,50.0,50.0,50.0,50.0,50.0,50.0,50.0,50.0,50.0,50.0,50.0,50.0,50.0,189.75,50.0,50.0,50.0,50.0,50.0,50.0,50.0,50.0,50.0,50.0,189.75,50.0,50.0
0.0,50.0,50.0,50.0,50.0,50.0,50.0,189.75,189.75,189.75,50.0,50.0,50.0,50.0,50.0,50.0,189.75,50.0,50.0,189.75,50.0,50.0,50.0,50.0,50.0,50.0,50.0,50.0,50.0,50.0,50.0,50.0,50.0,50.0,50.0,189.75,50.0,50.0,50.0,50.0,50.0,50.0,50.0,50.0,50.0,50.0,189.75,50.0,50.0
0.0,174.8,124.80000000000001,174.8,162.10851082280607,174.8,174.8,174.7982461819409,174.8,162.0997417325105,112.0997417325105,162.0997417325105,174.8,124.80000000000001,112.09247788763594,162.0914697874917,162.0904616873475,162.08929477690657,174.8,174.8,124.80000000000001,174.8,124.80000000000001,174.8,174.8,124.80000000000001,174.8,162.0641928860514,162.05057786231993,162.0417727684556,162.03296767459125,162.01535748686263,112.01535748686263,162.00655239299823,174.8,161.98894220526955,124.80880509386441,174.8,174.8,174.8,174.8,174.8,161.9480623635169,174.8,174.8,174.8,124.80543178702109,112.92428342470643,162.92428342470643
0.0,174.8,174.8,174.8,124.80000000000001,124.80000000000001,174.8,174.8,124.80000000000001,174.8,174.7982461819409,174.8,174.8,174.8,174.8,174.8,174.8,174.8,174.8,174.8,174.8,174.8,174.8,162.0845028488239,174.8,174.8,174.8,124.80000000000001,174.8,174.8,124.80000000000001,174.8,174.8,174.8,174.8,124.80000000000001,174.8,174.8,161.95372182981225,111.95372182981225,111.94491673594791,161.94303024718272,174.8,174.8,161.96435772458014,111.96435772458014,161.96435772458014,174.8,124.80000000000001
0.0,112.1137722769837,162.1137722769837,124.80000000000001,174.8,174.8,124.80000000000001,174.8,174.8,124.80000000000001,174.8,137.5018187512744,174.8,174.7987157080355,174.8,124.80000000000001,174.8,124.80000000000001,112.08796905616907,162.08664333543146,162.0853176146938,112.08531761469379,162.0853176146938,174.8,174.8,174.7951900701329,124.79519007013289,174.7951900701329,174.8,124.80000000000001,174.8,124.8088050938643,174.8,174.8,124.80000000000001,174.8,174.8,174.8,137.6374730763235,174.8,174.8,124.80000000000001,174.8,174.8,137.64107406244094,174.8,174.8,173.85053820322898,174.8
0.0,187.45,187.4482461819407,174.76026464086516,187.45,174.75675700474693,174.75500318668782,124.75500318668782,174.7514955505696,187.45,187.45,174.74477027974456,124.74477027974456,174.74477027974456,187.45,187.45,137.45,187.45,187.45,137.45,187.45,187.44892975669626,187.44811499082624,137.44811499082624,124.73180307378004,174.73180307378004,174.7229979799157,187.45,137.45,187.45,187.45,187.45,187.45,137.45,174.64774729913387,187.45,174.6213320175408,124.6213320175408,174.6213320175408,187.45,187.45,187.45,137.45,124.60309447985102,174.60309447985102,187.45,187.45,187.45,187.45
0.0,120.75,97.09176100718804,120.75,120.75,120.75,70.75,120.75,120.75,120.75,120.75,120.75,120.75,86.17284177091744,120.75,120.75,120.75,120.75,120.75,120.75,120.75,86.17284177091744,120.75,120.75,120.75,120.75,120.75,86.17284177091744,86.17284177091744,120.75,120.75,86.17284177091744,120.75,120.75,86.17284177091744,86.17284177091744,120.75,120.75,120.75,120.75,120.75,120.75,120.75,120.75,86.17284177091744,86.17284177091744,86.17284177091744,120.75,120.75
0.0,42.0,42.0,42.0,68.34176100718804,42.0,42.0,42.0,92.0,120.75,120.75,120.75,120.75,120.75,86.17284177091744,120.75,86.17284177091744,120.75,86.17284177091744,86.17284177091744,120.75,120.75,120.75,86.17284177091744,120.75,120.75,86.17284177091744,120.75,120.75,86.17284177091744,120.75,120.75,86.17284177091744,86.17284177091744,120.75,120.75,120.75,86.17284177091744,86.17284177091744,86.17284177091744,120.75,120.75,120.75,120.75,120.75,120.75,120.75,86.17284177091744,120.75
0.0,92.0,42.0,68.34176100718804,42.0,68.34176100718804,118.34176100718804,118.34176100718804,68.34176100718804,118.34176100718804,120.75,120.75,120.75,120.75,120.75,120.75,120.75,120.75,120.75,120.75,120.75,120.75,120.75,120.75,120.75,120.75,120.75,120.75,120.75,120.75,86.17284177091744,120.75,120.75,120.75,120.75,120.75,86.17284177091744,120.75,120.75,120.75,86.17284177091744,120.75,86.17284177091744,86.17284177091744,120.75,120.75,120.75,120.75,120.75
0.0,97.09176100718963,120.75,120.75,120.75,120.75,120.75,70.75,70.75,120.75,120.75,120.75,86.17284177091744,120.75,120.75,120.75,120.75,120.75,120.75,120.75,86.17284177091744,120.75,86.17284177091744,120.75,86.17284177091744,120.75,120.75,120.75,120.75,120.75,120.75,120.75,120.75,120.75,120.75,120.75,120.75,120.75,120.75,120.75,120.75,120.75,120.75,120.75,120.75,120.75,120.75,120.75,86.17284177091744
0.0,42.0,92.0,42.0,42.0,42.0,42.0,42.0,42.0,88.58108076464458,86.17284177555791,86.17284177091744,120.75,120.75,120.75,86.17284177091744,120.75,86.17284177091744,120.75,120.75,120.75,120.75,120.75,120.75,120.75,86.17284177091744,120.75,120.75,120.75,120.75,120.75,120.75,120.75,120.75,120.75,120.75,120.75,120.75,120.75,120.75,120.75,86.17284177091744,120.75,120.75,120.75,120.75,120.75,120.75,120.75
0.0,43.2765043224002,43.2765043224002,98.2765043224002,46.775000000000006,101.775,101.775,101.775,101.775,101.775,101.775,101.775,101.775,101.775,101.775,101.775,101.775,101.775,101.775,101.775,101.775,101.775,101.775,101.775,101.775,101.775,101.775,101.775,101.775,101.775,101.775,101.775,101.775,101.775,101.775,101.775,101.775,101.775,101.775,101.775,101.775,101.775,101.775,101.775,101.775,101.775,101.775,101.775,101.775
0.0,101.775,101.775,101.775,101.775,101.775,46.775000000000006,101.775,101.775,101.775,101.775,101.775,101.775,101.775,101.775,101.775,101.775,101.775,101.775,101.775,101.775,101.775,101.775,101.775,101.775,101.775,101.775,101.775,101.775,101.775,101.775,101.775,101.775,101.775,101.775,101.775,101.775,101.775,101.775,101.775,101.775,101.775,101.775,101.775,101.775,101.775,101.775,101.775,101.775
0.0,101.775,101.775,46.775000000000006,98.2765043224002,98.2765043224002,98.2765043224002,43.2765043224002,98.2765043224002,101.4896688015032,46.4896688015032,46.4896688015032,46.775000000000006,101.775,101.775,46.775000000000006,101.4896688015032,101.775,101.775,101.775,101.775,101.775,101.775,101.775,101.775,101.775,101.775,101.775,101.775,101.775,101.775,101.775,101.775,101.775,101.775,101.775,101.775,101.775,101.775,101.775,101.775,101.775,101.775,101.775,101.775,101.775,101.775,101.775,101.775
0.0,101.775,101.775,101.775,101.775,46.775000000000006,101.775,101.775,46.775000000000006,46.77500000006202,101.775,101.775,101.4896688015032,46.4896688015032,46.4896688015032,101.4896688015032,46.775000000000006,101.775,101.775,101.775,101.775,101.775,101.775,101.775,101.775,101.775,101.775,101.775,101.775,101.775,101.775,101.775,101.775,101.775,101.775,101.775,101.775,101.775,101.775,101.775,101.775,101.775,101.775,101.775,101.775,101.775,101.775,101.775,101.775
0.0,700.0,705.0,705.0,785.0,805.0,805.0,805.0,805.0,705.0,805.0,705.0,805.0,0.0,0.0,0.0,0.0,0.0,0.0,0.0,0.0,0.0,0.0,805.0,805.0,805.0,805.0,805.0,805.0,805.0,805.0,805.0,805.0,805.0,805.0,805.0,805.0,805.0,805.0,805.0,805.0,805.0,805.0,805.0,805.0,805.0,705.0,805.0,0.0
0.0,700.0,705.0,705.0,785.0,805.0,805.0,0.0,0.0,0.0,0.0,0.0,0.0,0.0,0.0,0.0,0.0,605.0,705.0,805.0,761.9578378285335,805.0,805.0,805.0,805.0,805.0,805.0,805.0,805.0,805.0,805.0,805.0,805.0,805.0,805.0,805.0,805.0,805.0,805.0,805.0,805.0,805.0,805.0,805.0,805.0,805.0,729.4382890785528,805.0,805.0
0.0,700.0,705.0,705.0,785.0,805.0,805.0,805.0,0.0,0.0,0.0,0.0,0.0,0.0,0.0,0.0,0.0,0.0,0.0,0.0,0.0,0.0,0.0,0.0,0.0,0.0,0.0,0.0,0.0,0.0,0.0,0.0,0.0,0.0,0.0,0.0,0.0,805.0,805.0,805.0,805.0,805.0,805.0,805.0,805.0,805.0,805.0,805.0,805.0
0.0,700.0,705.0,705.0,785.0,805.0,805.0,805.0,805.0,805.0,805.0,705.0,805.0,0.0,0.0,0.0,0.0,0.0,0.0,0.0,0.0,0.0,0.0,805.0,805.0,805.0,805.0,705.0,805.0,805.0,805.0,805.0,805.0,805.0,805.0,805.0,705.0,805.0,805.0,805.0,805.0,805.0,805.0,805.0,805.0,805.0,805.0,805.0,805.0
0.0,700.0,705.0,805.0,785.0,805.0,805.0,805.0,805.0,805.0,805.0,705.0,653.1487246619579,553.1487246619579,0.0,0.0,0.0,0.0,0.0,0.0,0.0,0.0,0.0,0.0,0.0,805.0,805.0,722.1933043665977,805.0,805.0,805.0,805.0,805.0,805.0,805.0,805.0,805.0,805.0,705.0,805.0,805.0,805.0,805.0,705.0,805.0,805.0,705.0,805.0,0.0
0.0,700.0,705.0,805.0,785.0,805.0,805.0,805.0,805.0,792.2084448646619,805.0,705.0,605.0,505.0,598.842420675068,498.84242067506796,598.842420675068,605.0,705.0,805.0,705.0,805.0,805.0,805.0,805.0,705.0,678.2776047030402,705.0,805.0,805.0,805.0,805.0,805.0,805.0,705.0,805.0,705.0,805.0,805.0,805.0,805.0,805.0,705.0,785.3619797359231,805.0,805.0,705.0,805.0,805.0
0.0,700.0,705.0,805.0,785.0,805.0,705.0,805.0,805.0,0.0,0.0,0.0,0.0,0.0,0.0,0.0,0.0,0.0,0.0,805.0,805.0,805.0,705.0,805.0,705.0,740.845953511167,640.845953511167,705.0,805.0,805.0,805.0,805.0,805.0,805.0,805.0,805.0,782.5789478453207,805.0,705.0,804.8702617048111,805.0,805.0,805.0,805.0,805.0,805.0,705.0,720.3128398791305,620.3128398791305
0.0,605.0,705.0,705.0,785.0,805.0,805.0,0.0,0.0,0.0,0.0,0.0,0.0,0.0,0.0,0.0,0.0,0.0,805.0,805.0,705.0,805.0,705.0,605.0,505.0,605.0,705.0,805.0,0.0,0.0,0.0,0.0,0.0,0.0,0.0,0.0,0.0,0.0,686.0106712118686,586.0106712118686,585.7511946214909,585.621456326302,685.621456326302,705.0,805.0,805.0,705.0,805.0,805.0
0.0,805.0,705.0,805.0,805.0,805.0,719.5687290989554,805.0,805.0,805.0,780.4746049530521,680.4746049530521,705.0,605.0,505.0,405.0,505.0,605.0,705.0,805.0,805.0,805.0,705.0,805.0,805.0,805.0,805.0,705.0,805.0,805.0,805.0,805.0,805.0,805.0,805.0,805.0,0.0,0.0,0.0,0.0,0.0,0.0,0.0,0.0,0.0,0.0,0.0,0.0,805.0
0.0,0.0,0.0,0.0,0.0,0.0,0.0,0.0,0.0,0.0,780.0,680.0,580.0,480.0,380.0,280.0,380.0,436.8443545340995,536.8443545340995,636.8443545340995,536.8443545340995,593.8021923626329,593.8021923626329,693.8021923626329,711.0251463651439,705.0,805.0,805.0,805.0,805.0,805.0,805.0,805.0,805.0,705.0,805.0,805.0,805.0,805.0,705.0,805.0,705.0,704.8702617048093,705.0,805.0,705.0,605.0,705.0,0.0
0.0,700.0,705.0,705.0,785.0,805.0,805.0,705.0,805.0,805.0,805.0,705.0,805.0,705.0,805.0,705.0,805.0,805.0,805.0,805.0,805.0,805.0,805.0,705.0,705.0,805.0,705.0,805.0,805.0,805.0,805.0,805.0,805.0,805.0,705.0,805.0,705.0,805.0,805.0,805.0,805.0,805.0,805.0,805.0,805.0,705.0,805.0,805.0,805.0
0.0,665.1297382951907,605.0,805.0,785.0,705.0,705.0,805.0,805.0,805.0,805.0,804.7930901376395,805.0,705.0,805.0,705.0,805.0,805.0,805.0,805.0,805.0,705.0,805.0,805.0,705.0,805.0,805.0,705.0,805.0,805.0,805.0,805.0,805.0,805.0,805.0,805.0,705.0,805.0,805.0,805.0,805.0,805.0,805.0,805.0,805.0,805.0,805.0,769.5536033891876,805.0
0.0,700.0,605.0,805.0,685.0,805.0,805.0,805.0,805.0,805.0,805.0,705.0,805.0,705.0,805.0,705.0,805.0,805.0,805.0,805.0,805.0,805.0,805.0,805.0,705.0,805.0,805.0,705.0,805.0,805.0,805.0,805.0,805.0,805.0,805.0,805.0,705.0,805.0,805.0,805.0,805.0,805.0,805.0,805.0,705.0,705.0,805.0,805.0,805.0
0.0,700.0,705.0,785.8567440813313,785.0,805.0,805.0,805.0,805.0,805.0,805.0,705.0,805.0,705.0,805.0,705.0,805.0,805.0,805.0,805.0,805.0,805.0,805.0,705.0,605.0,705.0,805.0,805.0,805.0,805.0,805.0,805.0,805.0,805.0,705.0,805.0,705.0,805.0,805.0,805.0,805.0,805.0,805.0,805.0,705.0,770.0386304383658,805.0,805.0,805.0
0.0,700.0,705.0,805.0,765.5972674909517,685.5972674909517,585.5972674909517,620.7047547381571,720.6073652387022,805.0,805.0,805.0,805.0,705.0,805.0,705.0,805.0,805.0,805.0,705.0,805.0,805.0,805.0,711.3192627800108,611.3192627800108,711.3192627800108,805.0,805.0,805.0,805.0,805.0,805.0,805.0,805.0,805.0,805.0,705.0,805.0,805.0,805.0,805.0,805.0,805.0,805.0,705.0,805.0,805.0,805.0,805.0
0.0,700.0,705.0,805.0,685.0,805.0,805.0,805.0,805.0,805.0,805.0,705.0,805.0,705.0,805.0,705.0,805.0,805.0,805.0,805.0,805.0,805.0,805.0,805.0,705.0,805.0,705.0,805.0,805.0,805.0,805.0,805.0,805.0,805.0,803.85654720192,805.0,705.0,805.0,805.0,805.0,805.0,805.0,805.0,805.0,805.0,805.0,805.0,805.0,805.0
0.0,805.0,805.0,805.0,805.0,805.0,805.0,705.0,805.0,805.0,805.0,805.0,805.0,705.0,805.0,705.0,805.0,805.0,805.0,705.0,805.0,805.0,805.0,0.0,0.0,0.0,0.0,0.0,0.0,0.0,0.0,0.0,0.0,0.0,0.0,805.0,705.0,805.0,805.0,805.0,805.0,805.0,805.0,805.0,785.2322414407339,805.0,805.0,805.0,805.0
0.0,805.0,805.0,805.0,805.0,805.0,805.0,805.0,805.0,805.0,805.0,805.0,805.0,705.0,805.0,705.0,805.0,805.0,805.0,761.9578378285335,805.0,805.0,805.0,705.0,705.0,805.0,805.0,0.0,0.0,0.0,0.0,0.0,0.0,0.0,0.0,0.0,0.0,805.0,805.0,805.0,705.0,805.0,805.0,805.0,805.0,805.0,805.0,805.0,805.0
0.0,685.9864823765183,785.9864823765183,805.0,705.1297382951907,705.0,805.0,805.0,805.0,805.0,805.0,805.0,805.0,705.0,805.0,705.0,805.0,805.0,805.0,805.0,805.0,705.0,805.0,705.0,805.0,805.0,0.0,0.0,0.0,0.0,0.0,0.0,0.0,0.0,0.0,0.0,805.0,805.0,805.0,805.0,805.0,805.0,805.0,805.0,805.0,805.0,805.0,805.0,805.0
0.0,805.0,805.0,705.0,805.0,805.0,705.0,805.0,805.0,805.0,805.0,705.0,805.0,705.0,805.0,705.0,805.0,739.001703339159,805.0,705.0,805.0,705.0,805.0,805.0,805.0,805.0,805.0,805.0,805.0,805.0,805.0,805.0,805.0,805.0,805.0,805.0,705.0,805.0,805.0,805.0,805.0,805.0,805.0,805.0,805.0,805.0,805.0,705.0,805.0
0.0,0.0,0.0,0.0,0.0,0.0,0.0,0.0,0.0,0.0,0.0,0.0,0.0,0.0,0.0,0.0,0.0,0.0,0.0,0.0,0.0,0.0,0.0,0.0,0.0,0.0,0.0,0.0,0.0,0.0,0.0,0.0,0.0,0.0,0.0,0.0,0.0,0.0,0.0,0.0,0.0,0.0,0.0,0.0,0.0,0.0,0.0,0.0,0.0
0.0,0.0,0.0,0.0,0.0,0.0,0.0,0.0,0.0,0.0,0.0,0.0,0.0,0.0,0.0,0.0,0.0,0.0,0.0,0.0,0.0,0.0,0.0,0.0,0.0,0.0,0.0,0.0,0.0,0.0,0.0,0.0,0.0,0.0,0.0,0.0,0.0,0.0,0.0,0.0,0.0,0.0,0.0,0.0,0.0,0.0,0.0,0.0,0.0
0.0,17.2,0.0,0.0,0.0,0.0,0.0,0.0,0.0,0.0,0.0,0.0,0.0,0.0,0.0,0.0,0.0,0.0,0.0,0.0,0.0,0.0,17.2,17.2,17.2,17.2,17.2,17.2,17.2,17.2,17.2,17.199999966011127,17.2,17.2,17.2,17.2,17.2,0.0,0.0,0.0,0.0,0.0,0.0,0.0,0.0,0.0,0.0,0.0,0.0
0.0,0.0,0.0,0.0,0.0,0.0,0.0,0.0,0.0,0.0,0.0,0.0,0.0,0.0,0.0,0.0,0.0,0.0,0.0,0.0,0.0,0.0,0.0,0.0,0.0,0.0,0.0,0.0,0.0,0.0,0.0,0.0,0.0,0.0,0.0,0.0,0.0,0.0,0.0,0.0,0.0,0.0,0.0,0.0,0.0,0.0,0.0,0.0,0.0
0.0,0.0,0.0,0.0,0.0,0.0,0.0,0.0,0.0,0.0,0.0,0.0,0.0,0.0,0.0,0.0,0.0,0.0,0.0,0.0,0.0,0.0,0.0,0.0,0.0,0.0,0.0,0.0,0.0,0.0,0.0,0.0,0.0,0.0,0.0,0.0,0.0,0.0,0.0,0.0,0.0,0.0,0.0,0.0,0.0,0.0,0.0,0.0,0.0
0.0,0.0,0.0,0.0,0.0,0.0,0.0,0.0,0.0,0.0,0.0,0.0,0.0,0.0,0.0,0.0,0.0,0.0,0.0,0.0,0.0,0.0,0.0,0.0,0.0,0.0,0.0,0.0,0.0,0.0,0.0,0.0,0.0,0.0,0.0,0.0,0.0,0.0,0.0,0.0,0.0,0.0,0.0,0.0,0.0,0.0,0.0,0.0,0.0
0.0,0.0,0.0,0.0,0.0,0.0,0.0,0.0,0.0,0.0,0.0,0.0,0.0,0.0,0.0,0.0,0.0,0.0,0.0,0.0,0.0,0.0,0.0,0.0,0.0,0.0,0.0,0.0,0.0,0.0,0.0,0.0,0.0,0.0,0.0,0.0,0.0,0.0,0.0,0.0,0.0,0.0,0.0,0.0,0.0,0.0,0.0,0.0,0.0
0.0,0.0,0.0,0.0,0.0,0.0,0.0,0.0,0.0,0.0,0.0,0.0,0.0,0.0,0.0,0.0,0.0,0.0,0.0,0.0,0.0,0.0,0.0,0.0,0.0,0.0,0.0,0.0,0.0,0.0,0.0,0.0,0.0,0.0,0.0,0.0,0.0,0.0,0.0,0.0,0.0,0.0,0.0,0.0,0.0,0.0,0.0,0.0,0.0
0.0,0.0,0.0,0.0,0.0,0.0,0.0,0.0,0.0,0.0,0.0,0.0,0.0,0.0,0.0,0.0,0.0,0.0,0.0,0.0,0.0,0.0,0.0,0.0,0.0,0.0,0.0,0.0,0.0,0.0,0.0,0.0,0.0,0.0,0.0,0.0,0.0,0.0,0.0,0.0,0.0,0.0,0.0,0.0,0.0,0.0,0.0,0.0,0.0
0.0,10.0,0.0,0.0,0.0,0.0,0.0,0.0,0.0,0.0,0.0,0.0,0.0,0.0,10.0,10.0,28.75,10.0,10.0,28.75,10.0,10.0,10.0,10.0,10.0,10.0,10.0,10.0,10.0,10.0,10.0,0.0,0.0,0.0,0.0,0.0,0.0,0.0,0.0,0.0,0.0,0.0,0.0,0.0,0.0,0.0,0.0,0.0,0.0
0.0,10.0,10.0,28.75,10.0,10.0,10.0,28.75,28.75,28.75,10.0,0.0,0.0,0.0,0.0,0.0,0.0,0.0,0.0,0.0,0.0,0.0,0.0,0.0,0.0,0.0,0.0,0.0,10.0,10.0,10.0,10.0,10.0,10.0,10.0,28.75,10.0,10.0,10.0,0.0,0.0,0.0,0.0,0.0,0.0,0.0,0.0,0.0,0.0
0.0,8.0,8.0,23.0,8.0,8.0,8.0,23.0,23.0,23.0,0.0,0.0,0.0,0.0,0.0,0.0,0.0,0.0,0.0,0.0,0.0,0.0,0.0,0.0,0.0,0.0,0.0,0.0,0.0,0.0,0.0,0.0,0.0,0.0,0.0,0.0,0.0,0.0,0.0,0.0,0.0,0.0,0.0,0.0,0.0,0.0,0.0,0.0,0.0
0.0,0.0,0.0,0.0,0.0,8.0,8.0,23.0,23.0,23.0,8.0,8.0,8.0,8.0,8.0,0.0,0.0,0.0,0.0,0.0,0.0,0.0,0.0,0.0,0.0,8.0,8.0,8.0,8.0,8.0,8.0,8.0,8.0,8.0,8.0,23.0,0.0,0.0,0.0,0.0,0.0,0.0,0.0,0.0,0.0,0.0,23.0,8.0,8.0
0.0,0.0,0.0,0.0,0.0,0.0,0.0,0.0,0.0,0.0,8.0,8.0,8.0,8.0,8.0,8.0,23.0,8.0,8.0,23.0,8.0,8.0,8.0,0.0,0.0,0.0,0.0,0.0,0.0,0.0,0.0,0.0,0.0,8.0,8.0,23.0,8.0,8.0,8.0,8.0,8.0,8.0,8.0,0.0,0.0,0.0,0.0,0.0,0.0
0.0,0.0,0.0,0.0,0.0,0.0,0.0,0.0,0.0,0.0,0.0,0.0,0.0,0.0,0.0,0.0,0.0,0.0,0.0,0.0,0.0,0.0,0.0,0.0,0.0,0.0,0.0,0.0,0.0,0.0,0.0,0.0,0.0,0.0,0.0,0.0,0.0,0.0,0.0,0.0,0.0,0.0,0.0,0.0,0.0,0.0,0.0,0.0,0.0
0.0,0.0,0.0,0.0,0.0,0.0,0.0,0.0,0.0,0.0,0.0,0.0,0.0,0.0,0.0,0.0,0.0,0.0,0.0,0.0,0.0,0.0,0.0,0.0,0.0,0.0,0.0,0.0,0.0,0.0,0.0,0.0,0.0,0.0,0.0,0.0,0.0,0.0,0.0,0.0,0.0,0.0,0.0,0.0,0.0,0.0,0.0,0.0,0.0
0.0,0.0,0.0,0.0,0.0,0.0,0.0,0.0,0.0,0.0,0.0,0.0,0.0,0.0,0.0,0.0,0.0,0.0,0.0,0.0,0.0,0.0,0.0,0.0,0.0,0.0,0.0,0.0,0.0,0.0,0.0,0.0,0.0,0.0,0.0,0.0,0.0,0.0,0.0,0.0,0.0,0.0,0.0,0.0,0.0,0.0,0.0,0.0,0.0
0.0,10.96,10.96,31.51,10.96,10.96,0.0,0.0,0.0,0.0,0.0,0.0,0.0,0.0,0.0,0.0,0.0,0.0,0.0,0.0,0.0,0.0,0.0,0.0,0.0,0.0,0.0,0.0,0.0,0.0,0.0,0.0,0.0,0.0,0.0,0.0,0.0,0.0,0.0,0.0,0.0,0.0,0.0,0.0,0.0,0.0,0.0,0.0,0.0
0.0,0.0,0.0,0.0,0.0,0.0,0.0,0.0,0.0,0.0,0.0,0.0,0.0,0.0,0.0,0.0,0.0,0.0,0.0,0.0,0.0,0.0,0.0,0.0,0.0,0.0,0.0,0.0,0.0,0.0,0.0,0.0,0.0,0.0,0.0,0.0,0.0,0.0,0.0,0.0,0.0,0.0,0.0,0.0,0.0,0.0,0.0,0.0,0.0
0.0,0.0,0.0,0.0,0.0,0.0,12.8,36.8,36.8,36.8,12.8,12.8,12.8,12.8,12.8,12.8,36.8,0.0,0.0,0.0,0.0,0.0,0.0,0.0,0.0,0.0,0.0,0.0,0.0,0.0,0.0,0.0,0.0,0.0,0.0,0.0,0.0,0.0,0.0,0.0,0.0,0.0,0.0,0.0,0.0,0.0,0.0,0.0,0.0
0.0,0.0,0.0,0.0,0.0,0.0,0.0,0.0,0.0,0.0,0.0,0.0,0.0,0.0,0.0,0.0,0.0,0.0,0.0,0.0,0.0,0.0,0.0,0.0,0.0,0.0,0.0,0.0,0.0,0.0,0.0,0.0,0.0,0.0,0.0,0.0,0.0,0.0,0.0,0.0,0.0,0.0,0.0,0.0,0.0,0.0,0.0,0.0,0.0
0.0,0.0,0.0,0.0,0.0,0.0,0.0,0.0,0.0,0.0,0.0,0.0,0.0,0.0,0.0,0.0,0.0,0.0,0.0,0.0,0.0,0.0,0.0,0.0,0.0,0.0,0.0,0.0,0.0,0.0,0.0,0.0,0.0,0.0,0.0,0.0,0.0,0.0,0.0,0.0,0.0,0.0,0.0,0.0,0.0,0.0,0.0,0.0,0.0
0.0,10.8,10.8,31.049999999999997,10.8,10.8,10.8,31.049999999999997,31.049999999999997,31.049999999999997,0.0,0.0,0.0,0.0,0.0,0.0,0.0,0.0,0.0,0.0,0.0,0.0,0.0,0.0,0.0,0.0,0.0,0.0,0.0,0.0,0.0,0.0,0.0,0.0,0.0,0.0,0.0,0.0,0.0,0.0,0.0,0.0,0.0,0.0,0.0,0.0,0.0,0.0,0.0
0.0,0.0,0.0,0.0,0.0,0.0,0.0,0.0,0.0,0.0,0.0,0.0,0.0,0.0,0.0,0.0,0.0,0.0,0.0,0.0,0.0,0.0,0.0,0.0,0.0,0.0,0.0,0.0,0.0,0.0,0.0,0.0,0.0,0.0,0.0,0.0,0.0,0.0,0.0,0.0,0.0,0.0,0.0,0.0,0.0,0.0,0.0,0.0,0.0
0.0,0.0,0.0,0.0,0.0,0.0,0.0,0.0,0.0,0.0,0.0,0.0,0.0,0.0,0.0,0.0,0.0,0.0,0.0,0.0,0.0,9.6,9.6,9.6,9.6,9.6,9.6,9.6,9.6,9.6,9.6,9.6,27.6,0.0,0.0,0.0,0.0,0.0,0.0,0.0,0.0,0.0,0.0,9.6,9.6,9.6,27.6,9.6,9.6
0.0,0.0,0.0,0.0,0.0,0.0,0.0,0.0,0.0,0.0,9.6,9.6,9.6,9.6,9.6,9.6,27.6,9.6,9.6,27.6,9.6,0.0,0.0,0.0,0.0,0.0,0.0,0.0,0.0,0.0,0.0,0.0,0.0,9.6,9.6,27.6,9.6,9.6,9.6,9.6,9.6,9.6,9.6,0.0,0.0,0.0,0.0,0.0,0.0
0.0,0.0,0.0,0.0,0.0,0.0,0.0,0.0,0.0,0.0,0.0,0.0,0.0,0.0,0.0,0.0,0.0,0.0,0.0,0.0,0.0,0.0,0.0,0.0,0.0,0.0,0.0,0.0,0.0,0.0,0.0,0.0,0.0,0.0,0.0,0.0,0.0,0.0,0.0,0.0,0.0,0.0,0.0,0.0,0.0,0.0,0.0,0.0,0.0
0.0,0.0,0.0,0.0,0.0,0.0,0.0,0.0,0.0,0.0,0.0,0.0,0.0,0.0,0.0,0.0,0.0,0.0,0.0,0.0,0.0,0.0,0.0,0.0,0.0,0.0,0.0,0.0,0.0,0.0,0.0,0.0,0.0,0.0,0.0,0.0,0.0,0.0,0.0,0.0,0.0,0.0,0.0,0.0,0.0,0.0,0.0,0.0,0.0
0.0,0.0,0.0,0.0,0.0,0.0,0.0,0.0,0.0,0.0,0.0,0.0,0.0,0.0,0.0,0.0,0.0,0.0,0.0,0.0,0.0,0.0,0.0,0.0,0.0,0.0,0.0,0.0,0.0,0.0,0.0,0.0,0.0,0.0,0.0,0.0,0.0,0.0,0.0,0.0,0.0,0.0,0.0,0.0,0.0,0.0,0.0,0.0,0.0
0.0,0.0,0.0,0.0,0.0,0.0,0.0,0.0,0.0,0.0,0.0,0.0,0.0,0.0,0.0,0.0,0.0,0.0,0.0,0.0,0.0,0.0,0.0,0.0,0.0,0.0,0.0,0.0,0.0,0.0,0.0,0.0,0.0,0.0,0.0,0.0,0.0,0.0,0.0,0.0,0.0,0.0,0.0,0.0,0.0,0.0,0.0,0.0,0.0
0.0,0.0,0.0,0.0,0.0,0.0,0.0,0.0,0.0,0.0,0.0,0.0,0.0,0.0,0.0,0.0,0.0,0.0,0.0,0.0,0.0,0.0,0.0,0.0,0.0,0.0,0.0,0.0,0.0,0.0,0.0,0.0,0.0,0.0,0.0,0.0,0.0,0.0,0.0,0.0,0.0,0.0,0.0,0.0,0.0,0.0,0.0,0.0,0.0
0.0,14.0,14.0,40.25,14.0,0.0,0.0,0.0,0.0,0.0,0.0,0.0,0.0,0.0,0.0,0.0,0.0,0.0,0.0,0.0,0.0,0.0,0.0,0.0,0.0,0.0,0.0,0.0,0.0,0.0,0.0,0.0,0.0,0.0,0.0,0.0,0.0,0.0,0.0,0.0,0.0,0.0,0.0,0.0,0.0,0.0,0.0,0.0,0.0
0.0,0.0,0.0,0.0,0.0,0.0,0.0,0.0,0.0,0.0,0.0,0.0,0.0,0.0,0.0,0.0,0.0,0.0,0.0,0.0,0.0,0.0,0.0,0.0,0.0,0.0,0.0,0.0,0.0,0.0,0.0,0.0,0.0,0.0,0.0,0.0,0.0,0.0,0.0,0.0,0.0,0.0,0.0,0.0,0.0,0.0,0.0,0.0,0.0
0.0,0.0,0.0,0.0,0.0,0.0,0.0,0.0,0.0,0.0,0.0,0.0,0.0,0.0,0.0,0.0,0.0,0.0,0.0,0.0,0.0,0.0,0.0,0.0,0.0,0.0,0.0,0.0,0.0,0.0,0.0,0.0,0.0,0.0,0.0,0.0,0.0,0.0,0.0,0.0,0.0,0.0,0.0,0.0,0.0,0.0,0.0,0.0,0.0
0.0,0.0,0.0,0.0,0.0,0.0,0.0,0.0,0.0,0.0,0.0,0.0,0.0,0.0,0.0,0.0,0.0,0.0,0.0,0.0,0.0,0.0,0.0,0.0,0.0,0.0,0.0,0.0,0.0,0.0,0.0,0.0,0.0,0.0,0.0,0.0,0.0,0.0,0.0,0.0,0.0,0.0,0.0,0.0,0.0,0.0,0.0,0.0,0.0
0.0,0.0,0.0,0.0,0.0,0.0,0.0,0.0,0.0,0.0,0.0,0.0,0.0,0.0,0.0,0.0,0.0,0.0,0.0,0.0,44.0,44.0,44.0,44.0,44.0,44.0,46.51533728545464,44.0,44.0,44.0,0.0,0.0,0.0,0.0,0.0,0.0,0.0,0.0,0.0,0.0,0.0,0.0,0.0,0.0,0.0,0.0,0.0,0.0,0.0
0.0,0.0,0.0,0.0,0.0,0.0,0.0,0.0,0.0,0.0,0.0,0.0,0.0,0.0,0.0,0.0,0.0,0.0,0.0,0.0,0.0,0.0,0.0,0.0,0.0,0.0,0.0,44.0,44.0,44.0,44.0,44.0,44.0,46.5,66.5,86.5,106.5,126.5,106.5,126.5,106.5,86.5,66.5,46.5,44.0,64.0,0.0,0.0,0.0
0.0,0.0,0.0,0.0,0.0,0.0,0.0,0.0,0.0,0.0,0.0,0.0,0.0,0.0,0.0,0.0,0.0,0.0,0.0,0.0,0.0,0.0,0.0,0.0,0.0,0.0,0.0,0.0,0.0,0.0,0.0,0.0,0.0,0.0,0.0,0.0,0.0,0.0,0.0,0.0,0.0,0.0,0.0,0.0,0.0,0.0,0.0,0.0,0.0
0.0,0.0,0.0,0.0,0.0,0.0,0.0,0.0,0.0,0.0,0.0,0.0,0.0,0.0,0.0,0.0,0.0,0.0,0.0,0.0,0.0,0.0,0.0,0.0,0.0,0.0,0.0,0.0,0.0,0.0,0.0,0.0,0.0,0.0,0.0,0.0,0.0,0.0,0.0,0.0,0.0,0.0,0.0,0.0,0.0,0.0,0.0,0.0,19.799999998882413
0.0,0.0,0.0,0.0,0.0,0.0,0.0,0.0,0.0,0.0,0.0,0.0,0.0,0.0,0.0,0.0,0.0,0.0,0.0,0.0,0.0,0.0,0.0,0.0,0.0,0.0,0.0,0.0,0.0,0.0,0.0,0.0,0.0,0.0,0.0,0.0,0.0,0.0,56.92500000000001,38.97110063816164,56.92500000000001,56.92500000000001,56.92500000000001,47.82022141254823,52.66848699435259,37.70342106467503,35.851888940306296,50.87611946994987,0.0
0.0,0.0,0.0,0.0,0.0,0.0,0.0,0.0,0.0,0.0,0.0,0.0,0.0,0.0,0.0,0.0,0.0,0.0,0.0,0.0,0.0,0.0,34.9878814586887,35.00158660407059,35.01530396945971,35.029033565751895,35.04277540385266,35.0412811416574,36.92500000000001,56.92500000000001,56.92500000000001,48.330967352304114,0.0,0.0,0.0,0.0,0.0,0.0,0.0,0.0,0.0,0.0,0.0,0.0,0.0,0.0,0.0,0.0,0.0
0.0,0.0,0.0,0.0,0.0,0.0,0.0,0.0,0.0,0.0,0.0,0.0,0.0,0.0,0.0,0.0,0.0,0.0,0.0,0.0,0.0,0.0,0.0,0.0,0.0,0.0,0.0,0.0,0.0,0.0,0.0,19.8,35.17711388308459,35.19859738308502,35.22010003855725,37.11689003853134,52.14224848927047,36.92500000000001,36.92500000000001,56.92500000000001,39.040821629037964,39.110604785691436,25.57903804308766,19.8,0.0,0.0,0.0,0.0,0.0
0.0,0.0,0.0,0.0,0.0,0.0,0.0,0.0,0.0,0.0,0.0,0.0,0.0,0.0,0.0,0.0,0.0,0.0,0.0,0.0,0.0,0.0,0.0,0.0,0.0,0.0,0.0,0.0,0.0,0.0,0.0,0.0,0.0,0.0,0.0,0.0,0.0,0.0,0.0,0.0,0.0,0.0,0.0,0.0,0.0,0.0,0.0,0.0,0.0
0.0,0.0,0.0,0.0,0.0,0.0,0.0,0.0,0.0,0.0,0.0,0.0,0.0,0.0,0.0,0.0,0.0,0.0,0.0,0.0,0.0,0.0,0.0,0.0,0.0,0.0,0.0,0.0,0.0,0.0,0.0,0.0,0.0,0.0,0.0,0.0,0.0,0.0,0.0,0.0,0.0,0.0,0.0,0.0,0.0,0.0,0.0,0.0,0.0
0.0,0.0,0.0,0.0,0.0,0.0,0.0,0.0,0.0,0.0,0.0,0.0,0.0,0.0,0.0,0.0,0.0,0.0,0.0,0.0,0.0,0.0,0.0,0.0,0.0,0.0,0.0,0.0,0.0,0.0,0.0,0.0,0.0,0.0,0.0,0.0,0.0,0.0,0.0,0.0,0.0,0.0,0.0,0.0,0.0,0.0,0.0,0.0,0.0
0.0,0.0,0.0,0.0,0.0,0.0,0.0,0.0,0.0,0.0,0.0,0.0,0.0,0.0,0.0,0.0,0.0,0.0,0.0,0.0,0.0,0.0,0.0,0.0,0.0,0.0,0.0,0.0,0.0,0.0,0.0,0.0,0.0,0.0,0.0,0.0,0.0,0.0,0.0,0.0,0.0,0.0,0.0,0.0,0.0,0.0,0.0,0.0,0.0
0.0,0.0,0.0,0.0,0.0,0.0,0.0,0.0,0.0,0.0,0.0,0.0,0.0,0.0,0.0,0.0,0.0,0.0,0.0,0.0,0.0,0.0,0.0,0.0,0.0,0.0,0.0,0.0,0.0,0.0,0.0,0.0,0.0,0.0,0.0,0.0,0.0,0.0,0.0,0.0,0.0,0.0,0.0,0.0,0.0,0.0,0.0,0.0,0.0
0.0,26.4,26.4,75.9,26.4,26.4,26.4,75.9,75.9,75.9,26.4,26.4,26.4,26.4,26.4,26.4,75.9,26.4,26.4,75.9,26.4,26.4,26.4,26.4,26.4,26.4,26.4,26.4,26.4,26.4,26.4,26.4,26.4,26.4,26.4,75.9,26.4,26.4,26.4,26.4,26.4,26.4,26.4,26.4,26.4,26.4,75.9,26.4,26.4
0.0,26.4,26.4,75.9,26.4,26.4,26.4,75.9,75.9,75.9,26.4,26.4,26.4,26.4,26.4,26.4,75.9,26.4,26.4,75.9,26.4,26.4,26.4,26.4,26.4,26.4,26.4,26.4,26.4,26.4,26.4,26.4,26.4,26.4,26.4,75.9,26.4,26.4,26.4,26.4,26.4,26.4,26.4,26.4,26.4,26.4,75.9,26.4,26.4
0.0,26.4,26.4,75.9,26.4,26.4,26.4,75.9,75.9,75.9,26.4,26.4,26.4,26.4,26.4,26.4,75.9,26.4,26.4,75.9,26.4,26.4,26.4,26.4,26.4,26.4,26.4,26.4,26.4,75.9,26.4,26.4,26.4,26.4,26.4,75.9,26.4,26.4,26.4,26.4,26.4,26.4,26.4,26.4,26.4,26.4,75.9,26.4,26.4
0.0,26.4,26.4,75.9,26.4,26.4,26.4,75.9,75.9,75.9,26.4,26.4,26.4,26.4,26.4,26.4,75.9,26.4,26.4,75.9,26.4,26.4,26.4,26.4,26.4,26.4,26.4,26.4,26.4,75.9,26.4,26.4,26.4,26.4,26.4,75.9,26.4,26.4,75.9,26.4,26.4,26.4,26.4,26.4,26.4,26.4,75.9,26.4,75.9
0.0,26.4,26.4,75.9,26.4,26.4,26.4,75.9,75.9,75.9,26.4,26.4,26.4,26.4,26.4,26.4,75.9,26.4,26.4,75.9,26.4,26.4,26.4,26.4,26.4,26.4,26.4,26.4,26.4,75.9,26.4,26.4,26.4,26.4,26.4,75.9,26.4,26.4,75.9,26.4,26.4,26.4,26.4,26.4,26.4,26.4,75.9,26.4,75.9
0.0,26.4,26.4,75.9,26.4,26.4,26.4,75.9,75.9,75.9,26.4,26.4,26.4,26.4,26.4,26.4,75.9,26.4,26.4,75.9,26.4,26.4,26.4,26.4,26.4,26.4,26.4,26.4,26.4,75.9,26.4,26.4,26.4,26.4,26.4,75.9,26.4,26.4,75.9,26.4,26.4,26.4,26.4,26.4,26.4,26.4,75.9,26.4,75.9
0.0,14.0,40.25,40.25,40.25,40.25,40.25,40.25,40.25,39.61904170263517,40.25,19.61785274398217,19.617258264655646,40.25,40.25,40.25,39.61488034734964,40.25,40.25,40.25,40.25,20.25,39.61131347139063,40.25,40.25,40.25,40.25,40.25,40.25,39.607152116105134,40.25,40.25,40.25,40.25,39.604179719472604,40.25,40.25,20.25,40.25,39.60120732284012,40.25,39.600018364187115,39.59942388486059,40.25,39.59823492620758,40.25,39.59704596755458,40.25,39.59585700890159
0.0,40.25,40.25,40.25,40.25,40.25,40.25,40.25,40.25,40.25,39.61844722330865,40.25,40.25,40.25,39.61606930600264,39.61547482667616,40.25,20.25,20.25,40.25,40.25,19.611907950717153,40.25,40.25,39.61012451273763,39.60953003341114,39.60893555408462,39.60834107475814,40.25,40.25,39.60655763677861,39.60596315745213,39.60536867812561,39.60477419879913,40.25,39.603585240146124,39.6029907608196,40.25,40.25,40.25,40.25,40.25,40.25,40.25,40.25,39.5976404468811,40.25,40.25,40.25
0.0,40.25,39.623203057920676,39.62260857859419,39.622014099267666,39.62141961994118,39.620825140614656,39.620230661288176,39.61963618196165,40.25,40.25,40.25,40.25,19.616663785329166,40.25,40.25,40.25,19.61428586802316,19.613691388696637,39.61309690937016,19.612502430043634,40.25,40.25,39.61071899206415,40.25,40.25,40.25,40.25,39.607746595431614,40.25,40.25,40.25,40.25,40.25,40.25,40.25,40.25,39.60239628149312,39.6018018021666,40.25,39.600612843513595,40.25,40.25,39.598829405534104,40.25,40.25,40.25,39.5964514882281,40.25
0.0,5.879999999999999,5.879999999999999,16.905000000000005,5.879999999999999,0.0,0.0,0.0,0.0,0.0,0.0,0.0,0.0,0.0,0.0,0.0,0.0,0.0,0.0,0.0,0.0,0.0,0.0,0.0,0.0,0.0,0.0,0.0,0.0,0.0,0.0,0.0,0.0,0.0,0.0,0.0,0.0,0.0,0.0,0.0,0.0,0.0,0.0,0.0,0.0,0.0,0.0,0.0,0.0
0.0,0.0,0.0,0.0,0.0,0.0,0.0,0.0,0.0,0.0,0.0,0.0,0.0,0.0,0.0,0.0,0.0,0.0,0.0,0.0,0.0,0.0,0.0,0.0,0.0,0.0,0.0,0.0,0.0,0.0,0.0,0.0,0.0,0.0,0.0,0.0,0.0,0.0,0.0,0.0,0.0,0.0,0.0,0.0,0.0,0.0,0.0,0.0,0.0
0.0,0.0,0.0,0.0,0.0,0.0,0.0,0.0,0.0,0.0,0.0,0.0,0.0,0.0,0.0,0.0,0.0,0.0,0.0,0.0,0.0,0.0,0.0,0.0,0.0,0.0,0.0,0.0,0.0,0.0,0.0,0.0,0.0,0.0,0.0,0.0,0.0,0.0,0.0,0.0,0.0,0.0,0.0,0.0,0.0,0.0,0.0,0.0,0.0
0.0,143.75,0.0,0.0,0.0,0.0,0.0,0.0,0.0,0.0,0.0,0.0,0.0,0.0,0.0,0.0,0.0,0.0,0.0,0.0,0.0,0.0,0.0,143.75,143.75,143.75,118.13165108928884,143.75,118.09087728508058,118.07049038297643,143.75,143.75,118.00932967666405,143.75,143.75,143.75,117.90882724616259,0.0,0.0,0.0,0.0,0.0,0.0,0.0,0.0,0.0,0.0,0.0,0.0
0.0,143.75,0.0,0.0,0.0,0.0,0.0,0.0,0.0,0.0,0.0,0.0,0.0,0.0,0.0,0.0,0.0,0.0,0.0,0.0,0.0,0.0,0.0,131.94281179560124,143.75,118.15203799139297,143.75,118.1112641871847,143.75,143.75,118.05010348087231,118.02971657876819,143.75,143.75,143.75,117.93517094622527,143.75,0.0,0.0,0.0,0.0,0.0,0.0,0.0,0.0,0.0,0.0,0.0,0.0
0.0,0.0,0.0,0.0,0.0,0.0,0.0,0.0,0.0,0.0,0.0,0.0,0.0,0.0,0.0,0.0,0.0,0.0,0.0,0.0,0.0,0.0,50.0,130.0,118.1724248934971,143.75,143.75,143.75,143.75,143.75,143.75,143.75,143.75,117.98691136096564,117.96151464628795,143.75,143.75,0.0,0.0,0.0,0.0,0.0,0.0,0.0,0.0,0.0,0.0,0.0,0.0
0.0,0.0,0.0,0.0,0.0,0.0,0.0,0.0,0.0,0.0,0.0,0.0,0.0,0.0,0.0,0.0,0.0,0.0,0.0,0.0,0.0,0.0,0.0,0.0,0.0,0.0,0.0,0.0,0.0,0.0,0.0,0.0,0.0,0.0,0.0,0.0,0.0,0.0,0.0,0.0,0.0,0.0,0.0,0.0,0.0,0.0,0.0,0.0,0.0
0.0,0.0,0.0,0.0,0.0,0.0,0.0,0.0,0.0,0.0,0.0,0.0,0.0,0.0,0.0,0.0,0.0,0.0,0.0,0.0,0.0,0.0,0.0,0.0,0.0,0.0,0.0,0.0,0.0,0.0,0.0,0.0,0.0,0.0,0.0,0.0,0.0,0.0,0.0,0.0,0.0,0.0,0.0,0.0,0.0,0.0,0.0,0.0,0.0
0.0,0.0,0.0,0.0,0.0,0.0,0.0,0.0,0.0,0.0,0.0,0.0,0.0,0.0,0.0,0.0,0.0,0.0,0.0,0.0,0.0,0.0,0.0,0.0,0.0,0.0,0.0,0.0,0.0,0.0,0.0,0.0,0.0,0.0,0.0,0.0,0.0,0.0,0.0,0.0,0.0,0.0,0.0,0.0,0.0,0.0,0.0,0.0,0.0
0.0,0.0,0.0,0.0,0.0,0.0,0.0,0.0,0.0,0.0,0.0,0.0,0.0,0.0,0.0,0.0,0.0,0.0,0.0,0.0,0.0,0.0,0.0,0.0,0.0,0.0,0.0,0.0,0.0,0.0,0.0,0.0,0.0,0.0,0.0,0.0,0.0,0.0,0.0,0.0,0.0,0.0,0.0,0.0,0.0,0.0,0.0,0.0,0.0
0.0,6.0,6.0,17.25,6.0,0.0,0.0,0.0,0.0,0.0,0.0,0.0,0.0,0.0,0.0,0.0,0.0,0.0,0.0,0.0,0.0,0.0,0.0,0.0,0.0,0.0,0.0,0.0,0.0,0.0,0.0,0.0,0.0,0.0,0.0,0.0,0.0,0.0,0.0,0.0,0.0,0.0,0.0,0.0,0.0,0.0,0.0,0.0,0.0
0.0,0.0,0.0,0.0,0.0,0.0,0.0,0.0,0.0,0.0,0.0,0.0,0.0,0.0,0.0,0.0,0.0,0.0,0.0,0.0,0.0,0.0,0.0,0.0,0.0,0.0,0.0,0.0,6.0,17.25,6.0,6.0,6.0,6.0,6.0,17.25,6.0,6.0,0.0,0.0,0.0,0.0,0.0,0.0,0.0,0.0,0.0,0.0,6.0
0.0,0.0,0.0,0.0,0.0,7.2,7.2,20.7,20.7,20.7,7.2,7.2,7.2,7.2,7.2,7.2,20.7,7.2,7.2,20.7,7.2,7.2,7.2,7.2,7.2,7.2,7.2,7.2,0.0,0.0,0.0,0.0,0.0,0.0,0.0,0.0,0.0,0.0,7.2,7.2,7.2,7.2,7.2,7.2,7.2,7.2,20.7,7.2,0.0
0.0,0.0,0.0,0.0,0.0,0.0,0.0,0.0,0.0,0.0,0.0,0.0,0.0,0.0,0.0,0.0,0.0,0.0,0.0,0.0,0.0,0.0,0.0,0.0,0.0,0.0,0.0,0.0,0.0,0.0,0.0,0.0,0.0,0.0,0.0,0.0,0.0,0.0,0.0,0.0,0.0,0.0,0.0,0.0,0.0,0.0,0.0,0.0,0.0
0.0,15.719999999999999,45.19500000000001,45.19500000000001,45.19500000000001,35.720849447407005,15.720849447407005,15.72,0.0,0.0,0.0,0.0,0.0,0.0,0.0,0.0,0.0,0.0,0.0,45.19500000000001,25.195000000000007,45.19500000000001,45.19500000000001,45.19500000000001,25.195000000000007,45.19500000000001,25.195000000000007,38.37890755879044,45.19500000000001,25.195000000000007,15.72,35.72,45.19500000000001,35.72,15.72,15.72,15.72,45.19500000000001,45.19500000000001,31.97878699838145,45.19500000000001,25.195000000000007,45.19500000000001,0.0,0.0,0.0,0.0,0.0,0.0
0.0,45.19500000000001,45.19500000000001,31.942146903682797,45.19500000000001,35.72,15.72,15.72,15.72,15.72,15.72,15.72,22.93048127503789,15.72,15.719999999999999,15.72,35.09449922205238,15.72,15.72,18.49390755879044,15.72,0.0,0.0,0.0,0.0,0.0,0.0,0.0,0.0,0.0,0.0,0.0,0.0,26.354628923734708,15.72,15.72,15.72,41.55444441163353,31.99161570500749,45.19500000000001,40.168803517491796,20.168803517491796,35.72,15.72,15.719999999999999,15.72,25.10020510813042,45.100205108130424,45.100205108130424
0.0,45.31000000000001,32.06997561033184,45.31000000000001,32.04431819705677,45.31000000000001,15.76,15.76,15.76,15.76,15.76,0.0,0.0,0.0,0.0,0.0,0.0,0.0,0.0,0.0,0.0,0.0,0.0,0.0,38.49390755879044,18.49390755879044,38.49390755879044,25.31000000000001,45.31000000000001,25.31000000000001,34.32789966377277,27.968907556881533,18.493907558152998,35.75999999999891,15.759999999998909,15.76,15.76,35.76,45.31,25.31000000000001,37.107154774263606,21.54241670038977,21.542416700389765,0.0,0.0,0.0,0.0,0.0,0.0
0.0,16.0,16.0,36.0,16.0,16.0,16.0,43.977374981743196,36.0,36.0,16.0,16.0,16.0,16.0,16.0,16.0,36.0,16.0,16.0,36.0,16.0,16.0,16.0,16.0,16.0,16.0,16.0,16.0,16.0,36.0,16.0,16.0,16.0,16.0,16.0,43.97737498170295,16.0,16.0,43.97737498170295,16.0,16.0,16.0,16.0,16.0,16.0,16.0,43.97737498170295,16.0,36.0
0.0,36.0,16.0,43.977374981743196,16.0,16.0,16.0,36.0,36.0,43.977374981743196,16.0,16.0,16.0,16.0,16.0,16.0,43.97737498170295,16.0,16.0,43.97737498170295,16.0,16.0,16.0,16.0,16.0,16.0,16.0,16.0,16.0,43.97737498170295,16.0,16.0,16.0,16.0,16.0,36.0,16.0,16.0,16.0,16.0,16.0,16.0,16.0,16.0,16.0,16.0,36.0,16.0,43.97737498170295
0.0,43.97737498170295,16.0,36.0,16.0,16.0,16.0,36.0,43.977374981743196,36.0,16.0,16.0,16.0,16.0,16.0,16.0,36.0,16.0,16.0,36.0,16.0,16.0,16.0,16.0,16.0,16.0,16.0,16.0,16.0,36.0,16.0,16.0,16.0,16.0,16.0,36.0,16.0,16.0,36.0,16.0,16.0,16.0,16.0,16.0,16.0,16.0,36.0,16.0,36.0
0.0,73.025,0.0,0.0,0.0,0.0,0.0,0.0,0.0,0.0,0.0,0.0,0.0,0.0,0.0,0.0,0.0,0.0,0.0,0.0,0.0,0.0,25.4,61.091938962323034,61.090582793992795,61.089226625662555,61.087870457332315,73.025,61.085158120671835,61.08380195234159,73.025,73.025,73.025,61.07837727902063,61.07702111069039,73.025,73.025,73.025,61.07159643736943,61.07024026903918,61.06888410070894,73.025,73.025,61.06481559571822,73.025,61.06210325905774,73.025,0.0,0.0
0.0,0.0,0.0,0.0,0.0,0.0,0.0,0.0,0.0,0.0,0.0,0.0,0.0,0.0,0.0,0.0,0.0,0.0,0.0,0.0,0.0,0.0,0.0,73.025,73.025,73.025,73.025,61.086514289002075,73.025,73.025,61.08244578401135,61.08108961568111,61.07973344735087,73.025,73.025,61.07566494236015,61.07430877402991,61.07295260569967,73.025,73.025,73.025,61.0675279323787,61.06617176404846,73.025,61.06345942738798,73.025,61.06074709072749,0.0,0.0
0.0,19.12,0.0,0.0,0.0,0.0,0.0,0.0,0.0,0.0,0.0,0.0,0.0,0.0,0.0,0.0,0.0,0.0,0.0,0.0,0.0,0.0,0.0,0.0,0.0,0.0,0.0,0.0,0.0,0.0,0.0,0.0,0.0,0.0,0.0,0.0,0.0,0.0,0.0,0.0,0.0,0.0,0.0,0.0,0.0,0.0,0.0,0.0,0.0
0.0,0.0,0.0,0.0,0.0,0.0,0.0,0.0,0.0,0.0,0.0,0.0,0.0,0.0,0.0,0.0,0.0,0.0,0.0,0.0,0.0,0.0,0.0,0.0,0.0,0.0,0.0,0.0,0.0,0.0,0.0,0.0,0.0,0.0,0.0,0.0,0.0,0.0,0.0,0.0,0.0,0.0,0.0,0.0,0.0,0.0,0.0,0.0,0.0
0.0,0.0,0.0,0.0,0.0,0.0,0.0,0.0,0.0,0.0,0.0,0.0,0.0,0.0,0.0,0.0,0.0,0.0,0.0,0.0,0.0,0.0,0.0,145.6,145.6,145.6,145.6,145.6,145.6,326.85335586927664,145.6,145.6,145.6,0.0,0.0,0.0,0.0,0.0,0.0,0.0,0.0,0.0,0.0,0.0,0.0,0.0,0.0,0.0,0.0
0.0,0.0,0.0,0.0,0.0,0.0,0.0,0.0,0.0,0.0,0.0,0.0,0.0,0.0,0.0,0.0,0.0,0.0,0.0,0.0,0.0,0.0,0.0,0.0,0.0,0.0,0.0,0.0,0.0,0.0,0.0,0.0,0.0,0.0,0.0,0.0,0.0,0.0,0.0,0.0,0.0,0.0,0.0,0.0,0.0,0.0,0.0,0.0,0.0
0.0,0.0,0.0,0.0,0.0,0.0,0.0,0.0,0.0,0.0,0.0,0.0,0.0,0.0,0.0,0.0,0.0,0.0,0.0,0.0,0.0,0.0,0.0,0.0,0.0,0.0,0.0,0.0,0.0,0.0,0.0,0.0,0.0,0.0,0.0,0.0,0.0,0.0,0.0,0.0,0.0,0.0,0.0,145.6,145.6,145.6,326.85335586927664,145.6,326.85335586927664
0.0,0.0,0.0,0.0,0.0,0.0,0.0,0.0,0.0,0.0,0.0,145.6,145.6,145.6,145.6,145.6,326.85335586927664,145.6,145.6,326.85335586927664,145.6,145.6,145.6,0.0,0.0,0.0,0.0,0.0,0.0,0.0,0.0,0.0,0.0,0.0,0.0,0.0,0.0,0.0,0.0,0.0,0.0,0.0,0.0,0.0,0.0,0.0,0.0,0.0,0.0
0.0,0.0,0.0,0.0,0.0,0.0,0.0,0.0,0.0,0.0,0.0,0.0,0.0,0.0,0.0,0.0,0.0,0.0,0.0,0.0,0.0,0.0,0.0,0.0,0.0,0.0,0.0,0.0,0.0,0.0,0.0,0.0,0.0,145.6,145.6,326.85335586927664,145.6,145.6,326.85335586927664,145.6,145.6,145.6,145.6,0.0,0.0,0.0,0.0,0.0,0.0
0.0,0.0,0.0,0.0,0.0,0.0,0.0,0.0,0.0,0.0,0.0,0.0,0.0,0.0,0.0,0.0,0.0,0.0,0.0,150.0,50.0,50.0,50.0,50.0,50.0,50.0,50.0,50.0,50.0,0.0,0.0,0.0,0.0,0.0,0.0,0.0,0.0,0.0,0.0,0.0,0.0,0.0,0.0,0.0,0.0,0.0,0.0,0.0,0.0
0.0,0.0,0.0,0.0,0.0,0.0,0.0,0.0,0.0,0.0,0.0,0.0,0.0,0.0,0.0,0.0,0.0,0.0,0.0,0.0,0.0,0.0,0.0,0.0,0.0,0.0,0.0,0.0,0.0,0.0,50.0,50.0,50.0,50.0,50.0,158.0053605631544,50.0,50.0,150.0,50.0,0.0,0.0,0.0,0.0,0.0,0.0,0.0,0.0,0.0
0.0,150.0,50.0,158.0053605631544,50.0,50.0,50.0,150.0,150.0,150.0,0.0,0.0,0.0,0.0,0.0,0.0,0.0,0.0,0.0,0.0,50.0,50.0,50.0,50.0,50.0,50.0,50.0,50.0,50.0,201.24999999999994,0.0,0.0,0.0,0.0,0.0,0.0,0.0,0.0,0.0,0.0,0.0,0.0,0.0,0.0,0.0,0.0,158.0053605631544,50.0,201.24999999999994
0.0,158.0053605631544,50.0,150.0,50.0,50.0,50.0,158.0053605631544,158.0053605631544,158.0053605631544,50.0,50.0,50.0,50.0,50.0,50.0,201.24999999999994,50.0,50.0,158.0053605631544,0.0,0.0,0.0,0.0,0.0,0.0,0.0,0.0,0.0,0.0,50.0,50.0,50.0,50.0,50.0,150.0,50.0,50.0,158.0053605631544,50.0,50.0,50.0,50.0,50.0,50.0,50.0,150.0,50.0,0.0
0.0,86.25,30.0,86.25,30.0,30.0,30.0,86.25,86.25,86.25,30.0,30.0,30.0,30.0,30.0,30.0,86.25,30.0,30.0,86.25,30.0,30.0,30.0,30.0,0.0,0.0,0.0,0.0,0.0,0.0,0.0,0.0,0.0,0.0,30.0,86.25,30.0,30.0,86.25,30.0,30.0,30.0,30.0,30.0,30.0,30.0,86.25,30.0,86.25
0.0,86.25,30.0,86.25,30.0,30.0,86.25,86.25,86.25,86.25,30.0,30.0,30.0,30.0,30.0,30.0,86.25,30.0,30.0,0.0,0.0,0.0,0.0,0.0,0.0,0.0,0.0,0.0,0.0,86.25,30.0,30.0,30.0,30.0,30.0,86.25,30.0,30.0,86.25,30.0,30.0,30.0,30.0,30.0,30.0,30.0,86.25,30.0,86.25
0.0,86.25,30.0,86.25,30.0,30.0,86.25,86.25,86.25,86.25,30.0,30.0,30.0,30.0,30.0,30.0,86.25,30.0,30.0,86.25,30.0,30.0,30.0,30.0,30.0,30.0,30.0,30.0,30.0,86.25,30.0,30.0,30.0,30.0,30.0,86.25,30.0,30.0,86.25,30.0,30.0,30.0,30.0,30.0,30.0,30.0,86.25,30.0,86.25
0.0,86.25,30.0,86.25,30.0,30.0,86.25,86.25,86.25,86.25,30.0,30.0,86.25,30.0,30.0,30.0,86.25,30.0,30.0,86.25,30.0,30.0,30.0,30.0,30.0,30.0,30.0,30.0,86.25,86.25,30.0,30.0,30.0,30.0,30.0,79.75511273257916,30.0,30.0,86.25,30.0,30.0,30.0,30.0,30.0,30.0,30.0,86.25,30.0,86.25
0.0,86.25,30.0,86.25,30.0,30.0,86.25,86.25,86.25,86.25,30.0,30.0,86.25,30.0,30.0,86.25,86.25,30.0,30.0,86.25,30.0,30.0,30.0,30.0,30.0,30.0,30.0,30.0,86.25,86.25,30.0,30.0,30.0,30.0,30.0,30.0,30.0,30.0,86.25,30.0,30.0,30.0,30.0,30.0,30.0,30.0,86.25,30.0,86.25
0.0,86.25,30.0,86.25,30.0,30.0,86.25,86.25,86.25,86.25,30.0,30.0,86.25,30.0,30.0,86.25,86.25,30.0,30.0,86.25,30.0,30.0,30.0,30.0,30.0,30.0,30.0,30.0,86.25,86.25,30.0,30.0,30.0,30.0,30.0,30.0,30.0,30.0,86.25,30.0,30.0,30.0,30.0,86.25,30.0,30.0,86.25,30.0,86.25
0.0,86.25,30.0,86.25,30.0,30.0,86.25,86.25,86.25,86.25,30.0,30.0,86.25,30.0,30.0,86.25,86.25,30.0,30.0,86.25,30.0,30.0,30.0,30.0,30.0,30.0,30.0,30.0,86.25,86.25,30.0,30.0,30.0,30.0,30.0,30.0,30.0,30.0,86.25,30.0,30.0,30.0,30.0,86.25,30.0,30.0,86.25,30.0,86.25
0.0,86.25,30.0,86.25,30.0,30.0,86.25,86.25,86.25,86.25,30.0,30.0,86.25,30.0,30.0,86.25,86.25,30.0,30.0,86.25,30.0,30.0,30.0,30.0,30.0,30.0,30.0,30.0,86.25,86.25,30.0,86.25,30.0,30.0,30.0,30.0,86.25,30.0,86.25,30.0,30.0,30.0,30.0,86.25,30.0,30.0,86.25,30.0,86.25
0.0,86.25,30.0,86.25,30.0,30.0,86.25,86.25,86.25,86.25,30.0,30.0,86.25,30.0,30.0,86.25,86.25,30.0,30.0,40.25827615984463,30.0,30.0,30.0,30.0,30.0,30.0,30.0,30.0,86.25,86.25,30.0,86.25,30.0,30.0,30.0,30.0,30.0,30.0,86.25,30.0,30.0,30.0,30.0,86.25,30.0,30.0,86.25,30.0,86.25
0.0,86.25,30.0,86.25,30.0,30.0,86.25,86.25,86.25,86.25,30.0,30.0,86.25,30.0,30.0,86.25,86.25,30.0,30.0,30.0,30.0,30.0,30.0,30.0,0.0,0.0,0.0,0.0,0.0,0.0,0.0,0.0,0.0,0.0,0.0,0.0,0.0,0.0,0.0,0.0,0.0,30.0,30.0,86.25,30.0,30.0,86.25,30.0,86.25
0.0,86.25,30.0,86.25,30.0,30.0,86.25,86.25,86.25,86.25,30.0,30.0,86.25,30.0,30.0,86.25,86.25,30.0,30.0,30.0,30.0,30.0,30.0,30.0,30.0,30.0,30.0,30.0,86.25,86.25,30.0,86.25,30.0,30.0,30.0,30.0,30.0,30.0,86.25,30.0,30.0,30.0,30.0,86.25,30.0,30.0,86.25,30.0,86.25
0.0,86.25,30.0,86.25,30.0,86.25,86.25,86.25,86.25,86.25,30.0,30.0,86.25,30.0,30.0,86.25,86.25,30.0,30.0,30.0,30.0,30.0,30.0,30.0,30.0,30.0,30.0,30.0,86.25,86.25,30.0,86.25,30.0,30.0,30.0,30.0,30.0,30.0,86.25,30.0,30.0,30.0,30.0,86.25,30.0,30.0,86.25,30.0,86.25
0.0,86.25,30.0,86.25,30.0,86.25,86.25,86.25,86.25,86.25,30.0,30.0,86.25,30.0,30.0,86.25,86.25,30.0,30.0,30.0,30.0,30.0,30.0,30.0,30.0,30.0,30.0,30.0,86.25,86.25,30.0,86.25,30.0,30.0,30.0,30.0,30.0,30.0,86.25,30.0,30.0,30.0,30.0,86.25,30.0,30.0,86.25,30.0,0.0
0.0,86.25,30.0,86.25,30.0,86.25,86.25,86.25,86.25,86.25,30.0,30.0,86.25,30.0,30.0,86.25,86.25,30.0,30.0,30.0,30.0,30.0,30.0,30.0,30.0,30.0,30.0,30.0,86.25,30.0,30.0,86.25,30.0,30.0,30.0,30.0,30.0,30.0,86.25,30.0,30.0,30.0,30.0,86.25,30.0,30.0,86.25,30.0,86.25
0.0,86.25,30.0,86.25,30.0,86.25,86.25,86.25,86.25,86.25,30.0,30.0,86.25,30.0,30.0,86.25,86.25,30.0,30.0,30.0,30.0,30.0,30.0,30.0,30.0,30.0,30.0,30.0,86.25,30.0,30.0,86.25,30.0,30.0,30.0,30.0,30.0,30.0,86.25,30.0,30.0,30.0,30.0,86.25,30.0,30.0,86.25,30.0,86.25
0.0,86.25,30.0,86.25,86.25,86.25,86.25,86.25,86.25,86.25,30.0,30.0,86.25,30.0,30.0,86.25,86.25,30.0,30.0,30.0,30.0,30.0,30.0,30.0,30.0,30.0,30.0,30.0,30.0,30.0,30.0,86.25,30.0,30.0,30.0,30.0,30.0,30.0,86.25,30.0,30.0,30.0,30.0,86.25,30.0,30.0,86.25,30.0,86.25
0.0,86.25,30.0,86.25,86.25,86.25,86.25,86.25,86.25,56.15550711493279,30.0,30.0,86.25,30.0,30.0,86.25,86.25,30.0,30.0,30.0,30.0,30.0,30.0,30.0,30.0,30.0,30.0,30.0,30.0,30.0,30.0,86.25,30.0,30.0,30.0,30.0,30.0,30.0,86.25,30.0,30.0,30.0,30.0,86.25,30.0,30.0,86.25,30.0,86.25
0.0,86.25,30.0,86.25,86.25,86.25,86.25,86.25,86.25,30.0,30.0,30.0,86.25,30.0,30.0,86.25,86.25,30.0,30.0,30.0,30.0,30.0,30.0,30.0,30.0,30.0,30.0,30.0,30.0,30.0,30.0,86.25,30.0,30.0,30.0,30.0,30.0,30.0,86.25,30.0,30.0,30.0,30.0,86.25,30.0,0.0,0.0,0.0,0.0
0.0,86.25,30.0,86.25,86.25,86.25,86.25,86.25,86.25,30.0,30.0,30.0,86.25,30.0,30.0,86.25,86.25,86.25,30.0,30.0,30.0,30.0,30.0,30.0,30.0,30.0,30.0,30.0,30.0,30.0,30.0,86.25,30.0,30.0,30.0,30.0,30.0,30.0,86.25,30.0,30.0,30.0,30.0,86.25,30.0,30.0,86.25,30.0,86.25
0.0,86.25,30.0,86.25,86.25,86.25,86.25,86.25,86.25,30.0,30.0,30.0,86.25,30.0,30.0,86.25,86.25,86.25,30.0,30.0,30.0,30.0,30.0,30.0,30.0,30.0,30.0,86.25,30.0,30.0,30.0,86.25,30.0,30.0,30.0,30.0,30.0,30.0,86.25,30.0,30.0,30.0,30.0,86.25,30.0,30.0,86.25,30.0,86.25
0.0,86.25,30.0,86.25,86.25,86.25,86.25,38.505665071196745,86.25,30.0,30.0,30.0,86.25,30.0,30.0,86.25,45.11168778358615,86.25,30.0,30.0,30.0,30.0,30.0,30.0,30.0,30.0,30.0,86.25,30.0,30.0,30.0,86.25,30.0,30.0,30.0,30.0,30.0,30.0,86.25,30.0,30.0,30.0,30.0,86.25,30.0,30.0,86.25,30.0,86.25
0.0,86.25,30.0,86.25,86.25,86.25,86.25,30.0,86.25,30.0,30.0,30.0,86.25,30.0,30.0,86.25,30.0,86.25,30.0,30.0,30.0,30.0,30.0,30.0,30.0,30.0,30.0,86.25,30.0,30.0,30.0,86.25,30.0,30.0,30.0,30.0,30.0,30.0,86.25,30.0,30.0,30.0,30.0,86.25,30.0,30.0,86.25,30.0,86.25
0.0,86.25,30.0,86.25,86.25,86.25,86.25,30.0,86.25,30.0,30.0,30.0,86.25,30.0,30.0,86.25,30.0,86.25,30.0,30.0,30.0,30.0,30.0,30.0,30.0,30.0,30.0,86.25,30.0,30.0,30.0,86.25,30.0,30.0,30.0,30.0,30.0,30.0,86.25,30.0,30.0,30.0,30.0,86.25,30.0,30.0,86.25,30.0,86.25
0.0,86.25,30.0,86.25,86.25,86.25,86.25,30.0,86.25,30.0,30.0,30.0,86.25,30.0,30.0,86.25,30.0,86.25,30.0,30.0,30.0,30.0,30.0,30.0,30.0,30.0,30.0,86.25,30.0,30.0,30.0,86.25,30.0,30.0,30.0,30.0,30.0,30.0,86.25,86.25,30.0,30.0,30.0,86.25,30.0,30.0,86.25,30.0,86.25
0.0,86.25,30.0,86.25,86.25,86.25,86.25,30.0,86.25,30.0,30.0,30.0,86.25,30.0,30.0,86.25,30.0,86.25,86.25,30.0,30.0,30.0,30.0,30.0,30.0,30.0,30.0,86.25,30.0,30.0,30.0,86.25,30.0,30.0,30.0,30.0,30.0,30.0,86.25,86.25,30.0,30.0,30.0,86.25,30.0,30.0,86.25,30.0,86.25
0.0,86.25,30.0,86.25,86.25,86.25,86.25,30.0,86.25,30.0,30.0,30.0,86.25,30.0,30.0,86.25,30.0,86.25,86.25,30.0,30.0,30.0,30.0,30.0,30.0,30.0,30.0,86.25,30.0,30.0,30.0,86.25,30.0,30.0,30.0,30.0,30.0,30.0,86.25,86.25,30.0,30.0,30.0,86.25,30.0,30.0,86.25,30.0,86.25
0.0,86.25,30.0,86.25,86.25,86.25,86.25,30.0,86.25,30.0,30.0,30.0,86.25,30.0,30.0,86.25,30.0,86.25,86.25,30.0,30.0,30.0,30.0,30.0,30.0,30.0,30.0,86.25,30.0,30.0,30.0,86.25,30.0,30.0,30.0,30.0,30.0,30.0,86.25,86.25,30.0,30.0,30.0,86.25,30.0,30.0,86.25,30.0,86.25
0.0,86.25,30.0,86.25,86.25,86.25,86.25,30.0,86.25,30.0,30.0,30.0,86.25,30.0,30.0,86.25,30.0,86.25,86.25,30.0,86.25,30.0,30.0,30.0,30.0,30.0,30.0,86.25,30.0,30.0,30.0,86.25,30.0,30.0,30.0,30.0,30.0,30.0,86.25,86.25,30.0,30.0,30.0,86.25,30.0,30.0,86.25,30.0,86.25
0.0,86.25,30.0,86.25,86.25,86.25,86.25,30.0,86.25,30.0,30.0,30.0,86.25,30.0,30.0,86.25,30.0,86.25,86.25,30.0,86.25,30.0,30.0,30.0,30.0,30.0,30.0,86.25,30.0,30.0,30.0,86.25,30.0,30.0,30.0,30.0,30.0,30.0,86.25,86.25,30.0,30.0,30.0,86.25,30.0,30.0,86.25,30.0,86.25
0.0,86.25,30.0,86.25,86.25,86.25,86.25,30.0,86.25,30.0,30.0,30.0,86.25,30.0,86.25,86.25,30.0,86.25,86.25,30.0,86.25,30.0,30.0,30.0,30.0,30.0,30.0,86.25,30.0,30.0,30.0,86.25,30.0,30.0,30.0,30.0,30.0,30.0,86.25,86.25,30.0,30.0,30.0,86.25,30.0,30.0,86.25,30.0,86.25
0.0,86.25,30.0,86.25,86.25,86.25,86.25,30.0,86.25,30.0,30.0,30.0,86.25,86.25,86.25,86.25,30.0,86.25,86.25,30.0,86.25,30.0,30.0,30.0,30.0,30.0,30.0,86.25,30.0,30.0,30.0,86.25,30.0,30.0,30.0,30.0,30.0,30.0,86.25,86.25,30.0,30.0,30.0,86.25,30.0,30.0,86.25,30.0,86.25
0.0,86.25,30.0,86.25,86.25,86.25,86.25,30.0,86.25,30.0,30.0,30.0,86.25,86.25,86.25,86.25,30.0,86.25,86.25,30.0,86.25,30.0,30.0,30.0,30.0,30.0,30.0,86.25,30.0,30.0,30.0,86.25,30.0,30.0,30.0,30.0,30.0,30.0,86.25,86.25,30.0,30.0,30.0,86.25,30.0,30.0,86.25,30.0,86.25
0.0,86.25,86.25,86.25,86.25,86.25,86.25,30.0,86.25,30.0,30.0,30.0,86.25,86.25,86.25,86.25,30.0,86.25,86.25,30.0,86.25,30.0,30.0,30.0,30.0,30.0,30.0,86.25,30.0,30.0,30.0,86.25,30.0,30.0,30.0,30.0,30.0,30.0,86.25,86.25,30.0,30.0,30.0,86.25,30.0,30.0,0.0,0.0,0.0
0.0,86.25,86.25,86.25,86.25,86.25,86.25,30.0,86.25,30.0,30.0,30.0,86.25,86.25,86.25,86.25,30.0,86.25,86.25,0.0,0.0,0.0,0.0,0.0,0.0,0.0,0.0,0.0,0.0,30.0,30.0,86.25,30.0,30.0,30.0,30.0,30.0,30.0,86.25,86.25,30.0,30.0,30.0,86.25,86.25,30.0,86.25,30.0,86.25
0.0,86.25,86.25,86.25,86.25,86.25,86.25,30.0,30.0,30.0,30.0,30.0,86.25,86.25,86.25,86.25,30.0,86.25,86.25,30.0,86.25,86.25,30.0,30.0,30.0,30.0,30.0,86.25,30.0,30.0,30.0,86.25,30.0,30.0,30.0,30.0,30.0,30.0,86.25,86.25,30.0,30.0,30.0,86.25,86.25,30.0,86.25,30.0,86.25
0.0,86.25,86.25,86.25,86.25,86.25,86.25,30.0,30.0,30.0,30.0,30.0,86.25,86.25,86.25,86.25,30.0,86.25,86.25,30.0,86.25,86.25,86.25,30.0,30.0,30.0,30.0,30.0,30.0,30.0,30.0,86.25,30.0,30.0,30.0,30.0,30.0,30.0,86.25,86.25,30.0,30.0,30.0,86.25,86.25,0.0,0.0,0.0,0.0
0.0,86.25,86.25,86.25,86.25,86.25,86.25,30.0,30.0,30.0,30.0,30.0,86.25,86.25,86.25,86.25,30.0,86.25,86.25,30.0,86.25,86.25,30.0,30.0,30.0,30.0,30.0,30.0,30.0,30.0,30.0,86.25,30.0,30.0,30.0,30.0,30.0,30.0,86.25,86.25,30.0,30.0,86.25,86.25,86.25,30.0,86.25,30.0,86.25
0.0,86.25,86.25,86.25,86.25,86.25,86.25,30.0,30.0,30.0,30.0,30.0,86.25,86.25,86.25,86.25,30.0,86.25,86.25,30.0,86.25,86.25,30.0,30.0,30.0,30.0,30.0,30.0,30.0,30.0,30.0,86.25,30.0,30.0,30.0,30.0,30.0,30.0,86.25,86.25,30.0,30.0,86.25,86.25,86.25,30.0,86.25,30.0,86.25
0.0,86.25,86.25,86.25,86.25,86.25,86.25,30.0,30.0,30.0,30.0,30.0,86.25,86.25,86.25,86.25,30.0,86.25,86.25,30.0,86.25,86.25,30.0,30.0,30.0,30.0,30.0,30.0,30.0,30.0,30.0,86.25,30.0,30.0,30.0,30.0,30.0,30.0,86.25,86.25,30.0,30.0,86.25,86.25,86.25,30.0,86.25,30.0,86.25
0.0,86.25,86.25,86.25,86.25,86.25,86.25,30.0,30.0,30.0,30.0,30.0,86.25,86.25,86.25,86.25,30.0,86.25,86.25,30.0,86.25,86.25,30.0,30.0,30.0,30.0,30.0,30.0,30.0,30.0,30.0,86.25,30.0,30.0,30.0,30.0,30.0,30.0,86.25,86.25,30.0,30.0,86.25,86.25,86.25,30.0,86.25,30.0,86.25
0.0,86.25,86.25,86.25,86.25,86.25,86.25,30.0,30.0,30.0,30.0,30.0,86.25,86.25,86.25,86.25,30.0,86.25,86.25,30.0,86.25,86.25,30.0,30.0,30.0,30.0,30.0,30.0,30.0,30.0,30.0,86.25,30.0,30.0,30.0,30.0,30.0,30.0,86.25,86.25,30.0,30.0,86.25,86.25,86.25,30.0,86.25,30.0,86.25
0.0,86.25,86.25,86.25,86.25,86.25,86.25,30.0,30.0,30.0,30.0,30.0,86.25,86.25,86.25,86.25,30.0,86.25,86.25,30.0,86.25,86.25,30.0,30.0,30.0,30.0,30.0,30.0,30.0,30.0,30.0,86.25,30.0,30.0,30.0,30.0,30.0,30.0,86.25,86.25,30.0,30.0,86.25,86.25,86.25,30.0,86.25,30.0,86.25
0.0,86.25,86.25,86.25,86.25,86.25,86.25,30.0,30.0,30.0,30.0,30.0,86.25,86.25,86.25,86.25,30.0,86.25,86.25,30.0,86.25,86.25,30.0,30.0,30.0,30.0,30.0,30.0,30.0,30.0,30.0,86.25,30.0,30.0,30.0,30.0,86.25,30.0,86.25,86.25,30.0,30.0,86.25,86.25,86.25,30.0,86.25,30.0,86.25
0.0,86.25,86.25,86.25,86.25,86.25,86.25,30.0,30.0,30.0,30.0,30.0,86.25,86.25,86.25,86.25,30.0,86.25,86.25,30.0,86.25,86.25,30.0,30.0,30.0,30.0,30.0,30.0,30.0,30.0,30.0,86.25,30.0,30.0,30.0,30.0,86.25,30.0,86.25,86.25,30.0,30.0,86.25,86.25,86.25,30.0,86.25,30.0,86.25
0.0,86.25,86.25,86.25,86.25,86.25,86.25,30.0,30.0,30.0,30.0,30.0,86.25,86.25,86.25,86.25,30.0,86.25,86.25,30.0,86.25,86.25,30.0,30.0,30.0,30.0,30.0,30.0,30.0,30.0,86.25,86.25,30.0,30.0,30.0,30.0,86.25,86.25,86.25,86.25,30.0,30.0,86.25,86.25,86.25,30.0,86.0490122544694,30.0,86.25
0.0,0.0,0.0,0.0,0.0,0.0,0.0,0.0,30.0,30.0,30.0,30.0,86.25,86.25,86.25,86.25,30.0,86.25,86.25,30.0,86.25,86.25,30.0,30.0,30.0,30.0,30.0,30.0,30.0,30.0,86.25,86.25,30.0,30.0,30.0,30.0,86.25,86.25,86.25,86.25,30.0,30.0,86.25,86.25,86.25,30.0,30.0,30.0,86.25
0.0,86.25,86.25,86.25,86.25,86.25,86.25,30.0,30.0,30.0,30.0,30.0,86.25,86.25,86.25,86.25,30.0,86.25,86.25,30.0,86.25,86.25,30.0,30.0,30.0,30.0,30.0,30.0,30.0,30.0,86.25,86.25,30.0,30.0,30.0,30.0,86.25,86.25,86.25,86.25,30.0,30.0,86.25,86.25,86.25,30.0,30.0,30.0,86.25
0.0,0.0,0.0,0.0,0.0,0.0,0.0,0.0,30.0,30.0,30.0,30.0,86.25,86.25,86.25,86.25,30.0,86.25,86.25,30.0,86.25,86.25,30.0,30.0,30.0,30.0,30.0,30.0,30.0,30.0,86.25,86.25,30.0,30.0,30.0,30.0,86.25,86.25,86.25,86.25,30.0,30.0,86.25,86.25,86.25,30.0,30.0,30.0,86.25
0.0,86.25,86.25,86.25,86.25,86.25,86.25,30.0,30.0,30.0,30.0,30.0,86.25,86.25,86.25,86.25,30.0,86.25,86.25,30.0,86.25,86.25,30.0,30.0,30.0,30.0,30.0,30.0,30.0,30.0,86.25,86.25,30.0,30.0,30.0,30.0,86.25,86.25,86.25,86.25,30.0,30.0,86.25,86.25,86.25,30.0,30.0,30.0,86.25
0.0,86.25,86.25,86.25,86.25,86.25,86.25,30.0,30.0,30.0,30.0,30.0,86.25,86.25,86.25,86.25,30.0,86.25,86.25,30.0,86.25,86.25,30.0,30.0,30.0,30.0,30.0,30.0,30.0,30.0,86.25,86.25,30.0,30.0,30.0,30.0,86.25,86.25,86.25,86.25,30.0,30.0,86.25,86.25,86.25,30.0,30.0,30.0,86.25
0.0,0.0,0.0,0.0,0.0,0.0,0.0,0.0,0.0,0.0,0.0,0.0,0.0,0.0,0.0,0.0,29.32,84.295,84.295,29.32,84.295,84.295,29.32,29.32,29.32,29.319999999999997,29.32,29.32,29.32,29.32,84.295,84.295,29.32,29.32,29.32,29.32,84.295,84.295,84.295,84.295,29.32,29.32,84.295,84.295,84.295,29.32,29.32,29.32,84.295
0.0,0.0,0.0,0.0,0.0,0.0,0.0,0.0,0.0,0.0,0.0,0.0,0.0,84.295,84.295,29.32,29.32,84.295,84.295,29.32,84.295,84.295,29.32,0.0,0.0,0.0,0.0,0.0,0.0,0.0,0.0,0.0,0.0,0.0,0.0,29.32,84.295,84.295,84.295,84.295,29.32,29.32,84.295,84.295,84.295,29.32,29.32,29.32,84.295
0.0,84.295,84.295,84.295,84.295,84.295,84.295,29.32,29.32,29.32,29.32,29.32,84.295,84.295,84.295,84.295,29.32,84.295,0.0,0.0,0.0,0.0,0.0,0.0,0.0,0.0,0.0,0.0,0.0,0.0,0.0,0.0,0.0,0.0,0.0,0.0,0.0,84.295,84.295,84.295,29.32,29.32,84.295,84.295,84.295,29.32,29.32,29.32,84.295
0.0,0.0,0.0,0.0,0.0,0.0,0.0,0.0,0.0,0.0,0.0,0.0,0.0,0.0,0.0,84.295,29.32,84.295,84.295,29.32,84.295,84.295,29.32,29.32,29.32,0.0,0.0,0.0,0.0,0.0,0.0,0.0,0.0,0.0,0.0,0.0,0.0,84.295,84.295,84.295,29.32,29.32,84.295,84.295,84.295,29.32,29.32,29.32,84.295
0.0,0.0,0.0,0.0,0.0,0.0,0.0,0.0,0.0,0.0,0.0,29.32,84.295,84.295,84.295,84.295,29.32,84.295,84.295,29.32,84.295,0.0,0.0,0.0,0.0,0.0,0.0,0.0,0.0,0.0,0.0,0.0,0.0,0.0,0.0,0.0,0.0,84.295,84.295,84.295,29.32,29.32,84.295,84.295,84.295,29.32,29.32,29.32,84.295
0.0,0.0,0.0,0.0,0.0,0.0,0.0,0.0,0.0,0.0,0.0,0.0,0.0,0.0,0.0,0.0,84.295,84.295,84.295,29.32,84.295,84.295,29.32,29.32,29.32,29.32,0.0,0.0,0.0,0.0,0.0,0.0,0.0,0.0,0.0,0.0,0.0,84.295,84.295,84.295,29.32,29.32,84.295,84.295,84.295,29.32,29.32,29.32,84.295
0.0,0.0,0.0,0.0,0.0,0.0,0.0,0.0,0.0,0.0,0.0,29.32,84.295,84.295,84.295,84.295,84.295,84.295,84.295,29.32,84.295,0.0,0.0,0.0,0.0,0.0,0.0,0.0,0.0,0.0,0.0,0.0,0.0,0.0,0.0,0.0,0.0,84.295,84.295,84.295,29.32,29.32,84.295,84.295,84.295,84.295,29.32,29.32,84.295
0.0,0.0,0.0,0.0,0.0,0.0,0.0,0.0,0.0,0.0,0.0,0.0,0.0,0.0,0.0,0.0,0.0,0.0,0.0,0.0,0.0,0.0,0.0,0.0,0.0,0.0,0.0,0.0,0.0,0.0,0.0,0.0,0.0,0.0,0.0,29.32,84.295,84.295,84.295,84.295,29.32,29.32,84.295,84.295,84.295,84.295,29.32,29.32,84.295
0.0,84.295,84.295,0.0,0.0,0.0,0.0,0.0,0.0,0.0,0.0,0.0,0.0,0.0,84.295,84.295,84.295,84.295,84.295,29.32,84.295,84.295,29.32,29.32,0.0,0.0,0.0,0.0,0.0,0.0,0.0,0.0,0.0,0.0,0.0,0.0,0.0,0.0,0.0,0.0,0.0,0.0,0.0,0.0,84.295,84.295,29.32,29.32,84.295
0.0,0.0,0.0,0.0,0.0,0.0,0.0,0.0,0.0,0.0,0.0,0.0,0.0,0.0,0.0,0.0,0.0,0.0,0.0,0.0,0.0,0.0,0.0,0.0,0.0,0.0,0.0,0.0,0.0,0.0,0.0,0.0,0.0,0.0,0.0,0.0,0.0,84.295,84.295,84.295,29.32,29.32,84.295,84.295,84.295,84.295,29.32,29.32,84.295
0.0,0.0,0.0,0.0,0.0,0.0,0.0,0.0,0.0,0.0,0.0,29.32,84.295,84.295,84.295,84.295,84.295,84.295,84.295,29.32,84.295,0.0,0.0,0.0,0.0,0.0,0.0,0.0,0.0,0.0,0.0,0.0,0.0,0.0,0.0,0.0,0.0,84.295,84.295,84.295,29.32,29.32,84.295,84.295,84.295,84.295,29.32,29.32,84.295
0.0,0.0,0.0,0.0,0.0,0.0,0.0,0.0,0.0,0.0,0.0,0.0,0.0,0.0,0.0,0.0,0.0,0.0,0.0,0.0,0.0,0.0,0.0,0.0,0.0,0.0,0.0,0.0,0.0,0.0,0.0,0.0,0.0,0.0,0.0,0.0,84.295,84.295,84.295,84.295,29.32,29.32,84.295,84.295,84.295,84.295,29.32,29.32,84.295
0.0,0.0,0.0,0.0,0.0,0.0,0.0,0.0,0.0,0.0,0.0,0.0,84.295,84.295,84.295,84.295,84.295,84.295,84.295,29.32,84.295,84.295,0.0,0.0,0.0,0.0,0.0,0.0,0.0,0.0,0.0,0.0,0.0,0.0,0.0,0.0,0.0,84.295,84.295,84.295,29.32,29.32,84.295,84.295,84.295,84.295,29.32,29.32,84.295
0.0,0.0,0.0,0.0,0.0,0.0,0.0,0.0,0.0,0.0,0.0,29.32,84.295,84.295,84.295,84.295,84.295,84.295,84.295,29.32,84.295,84.295,84.295,0.0,0.0,0.0,0.0,0.0,0.0,0.0,0.0,0.0,0.0,0.0,0.0,0.0,0.0,84.295,84.295,84.295,84.295,29.32,84.295,84.295,84.295,84.295,29.32,84.295,84.295
0.0,0.0,0.0,0.0,0.0,0.0,0.0,0.0,0.0,0.0,0.0,29.32,84.295,84.295,84.295,84.295,84.295,84.295,84.295,29.32,29.32,0.0,0.0,0.0,0.0,0.0,0.0,0.0,0.0,0.0,0.0,0.0,0.0,0.0,0.0,0.0,0.0,84.295,84.295,84.295,84.295,29.32,84.295,84.295,84.295,84.295,29.32,84.295,84.295
0.0,84.295,84.295,84.295,84.295,84.295,0.0,0.0,0.0,0.0,0.0,0.0,0.0,0.0,0.0,0.0,84.295,84.295,84.295,29.32,29.32,84.295,84.295,29.32,29.32,29.32,0.0,0.0,0.0,0.0,0.0,0.0,0.0,0.0,0.0,0.0,0.0,0.0,84.295,84.295,84.295,29.32,84.295,84.295,84.295,84.295,29.32,84.295,84.295
0.0,84.295,84.295,84.295,84.295,84.295,84.295,29.32,29.32,29.32,29.32,29.32,84.295,84.295,84.295,84.295,0.0,0.0,0.0,0.0,0.0,0.0,0.0,0.0,0.0,0.0,0.0,0.0,0.0,0.0,0.0,0.0,0.0,0.0,0.0,0.0,0.0,84.295,84.295,84.295,84.295,29.32,84.295,84.295,84.295,84.295,29.32,84.295,84.295
0.0,84.295,84.295,0.0,0.0,0.0,0.0,0.0,0.0,0.0,0.0,0.0,0.0,0.0,0.0,0.0,0.0,0.0,0.0,0.0,0.0,0.0,0.0,0.0,0.0,0.0,29.32,29.32,29.32,29.32,84.295,84.295,29.32,29.32,29.32,29.32,84.295,84.295,84.295,84.295,84.295,84.295,84.295,84.295,84.295,84.295,29.32,84.295,84.295
0.0,84.295,84.295,84.295,84.295,84.295,84.295,29.32,29.32,29.32,29.32,29.32,84.295,84.295,84.295,84.295,84.295,84.295,84.295,29.32,29.32,84.295,84.295,29.32,29.32,0.0,0.0,0.0,0.0,0.0,0.0,0.0,0.0,0.0,0.0,0.0,84.295,84.295,84.295,84.295,84.295,84.295,84.295,84.295,84.295,84.295,29.32,84.295,84.295
0.0,84.295,84.295,84.295,84.295,84.295,84.295,29.32,29.32,29.32,29.32,29.32,84.295,84.295,84.295,0.0,0.0,0.0,0.0,0.0,0.0,0.0,0.0,0.0,0.0,0.0,29.32,29.32,29.32,29.32,84.295,84.295,29.32,29.32,29.32,29.32,84.295,84.295,84.295,84.295,84.295,84.295,84.295,84.295,84.295,84.295,29.32,84.295,84.295
0.0,84.295,84.295,0.0,0.0,0.0,0.0,0.0,0.0,0.0,0.0,0.0,0.0,0.0,0.0,84.295,84.295,84.295,84.295,29.32,29.32,84.295,84.295,29.32,29.32,0.0,0.0,0.0,0.0,0.0,0.0,0.0,0.0,0.0,0.0,0.0,0.0,84.295,84.295,84.295,84.295,84.295,84.295,84.295,84.295,84.295,29.32,84.295,84.295
0.0,84.295,84.295,84.295,84.295,84.295,84.295,29.32,29.32,29.32,0.0,0.0,0.0,0.0,0.0,0.0,0.0,0.0,0.0,0.0,0.0,0.0,84.295,29.32,29.32,29.32,29.32,29.32,29.32,29.32,84.295,84.295,29.32,29.32,84.295,29.32,84.295,84.295,84.295,84.295,84.295,84.295,84.295,84.295,84.295,84.295,29.32,84.295,84.295
0.0,84.295,84.295,84.295,84.295,84.295,84.295,29.32,29.32,29.32,29.32,84.295,84.295,0.0,0.0,0.0,0.0,0.0,0.0,0.0,0.0,0.0,0.0,29.32,29.32,29.32,29.32,29.32,29.32,29.32,84.295,84.295,29.32,29.32,84.295,29.32,84.295,84.295,84.295,84.295,84.295,84.295,84.295,84.295,84.295,84.295,29.32,84.295,84.295
0.0,84.295,84.295,84.295,84.295,84.295,84.295,29.32,29.32,29.32,29.32,84.295,84.295,84.295,0.0,0.0,0.0,0.0,0.0,0.0,0.0,0.0,0.0,0.0,29.32,29.32,29.32,29.32,29.32,29.32,84.295,29.32,29.32,29.32,84.295,29.32,84.295,84.295,84.295,84.295,84.295,84.295,84.295,84.295,84.295,84.295,29.32,84.295,84.295
0.0,0.0,0.0,0.0,0.0,0.0,0.0,0.0,0.0,0.0,0.0,0.0,0.0,0.0,0.0,0.0,0.0,0.0,0.0,0.0,0.0,0.0,0.0,0.0,27.84,27.840000000000003,27.84,27.84,27.84,27.84,80.04,27.83999999999999,27.84,27.84,0.0,0.0,0.0,0.0,0.0,0.0,0.0,0.0,0.0,0.0,0.0,0.0,0.0,0.0,0.0
0.0,0.0,0.0,0.0,0.0,0.0,0.0,0.0,0.0,0.0,0.0,0.0,0.0,0.0,0.0,0.0,0.0,0.0,0.0,0.0,0.0,0.0,0.0,0.0,0.0,27.84,27.84,27.84,27.839999999999996,27.839999999999996,80.04,27.84,27.84,27.83999999999999,80.04000000000002,27.84,0.0,0.0,0.0,0.0,0.0,0.0,0.0,0.0,0.0,0.0,0.0,0.0,0.0
0.0,80.04,0.0,0.0,0.0,0.0,0.0,0.0,0.0,0.0,0.0,0.0,0.0,0.0,0.0,0.0,0.0,0.0,0.0,0.0,0.0,0.0,0.0,27.84,27.84,27.84,27.839999999999666,27.84,27.84,27.84,27.84,27.839999999999996,27.839999999999996,27.84,80.04,27.84,0.0,0.0,0.0,0.0,0.0,0.0,0.0,0.0,0.0,0.0,0.0,0.0,0.0
0.0,0.0,0.0,0.0,0.0,0.0,0.0,0.0,0.0,0.0,0.0,0.0,0.0,0.0,0.0,0.0,0.0,0.0,0.0,0.0,0.0,0.0,0.0,0.0,27.84,27.84,27.84,27.84,27.84,27.84,27.84,27.84,27.84,27.84,80.04,0.0,0.0,0.0,0.0,0.0,0.0,0.0,0.0,0.0,0.0,0.0,0.0,0.0,0.0
0.0,0.0,0.0,0.0,0.0,0.0,0.0,0.0,0.0,0.0,0.0,0.0,0.0,0.0,0.0,0.0,0.0,0.0,0.0,0.0,0.0,0.0,0.0,0.0,0.0,27.840000000000003,27.84,27.84,27.84,27.84,27.84,27.84,80.04,27.84,80.04000000000002,27.84,0.0,0.0,0.0,0.0,0.0,0.0,0.0,0.0,0.0,0.0,0.0,0.0,0.0
0.0,0.0,0.0,0.0,0.0,0.0,0.0,0.0,0.0,0.0,0.0,0.0,0.0,0.0,0.0,0.0,0.0,0.0,0.0,0.0,0.0,0.0,0.0,0.0,0.0,27.84,27.84,27.84,27.84,27.84,27.84,27.84,80.04,27.839999999999996,80.04000000000002,27.84,0.0,0.0,0.0,0.0,0.0,0.0,0.0,0.0,0.0,0.0,0.0,0.0,0.0
0.0,0.0,0.0,0.0,0.0,0.0,0.0,0.0,0.0,0.0,0.0,80.04,80.04,80.04,80.04,80.04,80.04,80.04,80.04,27.84,27.84,80.04,80.04,27.84,0.0,0.0,0.0,0.0,0.0,0.0,0.0,0.0,0.0,0.0,0.0,27.84,80.04,80.04000000000002,80.04000000000002,80.04000000000002,80.04,80.04000000000002,80.04000000000002,80.04,80.04,80.04000000000002,27.840000000000003,80.04000000000002,80.04000000000002
0.0,80.04,80.04,80.04,80.04,80.04,80.04,0.0,0.0,0.0,0.0,0.0,0.0,0.0,0.0,0.0,0.0,80.04,80.04,27.84,27.84,80.04,80.04,27.84,27.84,27.84,27.84,27.840000000000003,27.84,27.840000000000003,0.0,0.0,0.0,0.0,0.0,0.0,0.0,0.0,0.0,0.0,80.04,80.04000000000002,80.04000000000002,80.04,80.04,80.04000000000002,27.840000000000003,80.04000000000002,80.04000000000002
0.0,80.04,80.04000000000002,80.04,80.04,80.04,80.04,27.84,27.84,27.84,0.0,0.0,0.0,0.0,0.0,0.0,0.0,0.0,0.0,0.0,0.0,80.04,80.04,27.84,27.84,27.84,27.840000000000003,27.84,27.84,27.840000000000003,27.840000000000003,0.0,0.0,0.0,0.0,0.0,0.0,0.0,0.0,0.0,0.0,80.04000000000002,80.04000000000002,80.04000000000002,80.04,80.04000000000002,27.840000000000003,80.04000000000002,80.04000000000002
0.0,80.04,80.04000000000002,80.04,80.04,80.04,80.04,27.84,27.84,27.84,80.04,80.04,80.04,80.04,80.04,80.04,80.04,80.04,80.04,27.84,27.84,80.04,80.04,27.84,27.84,27.84,27.84,27.84,27.84,27.84,0.0,0.0,0.0,0.0,0.0,0.0,0.0,0.0,0.0,0.0,80.04000000000002,80.04000000000002,80.04000000000002,80.04000000000002,80.04,80.04000000000002,27.840000000000003,80.04000000000002,80.04000000000002
0.0,0.0,0.0,0.0,0.0,0.0,0.0,0.0,0.0,0.0,0.0,0.0,80.04,80.04,80.04,80.04,80.04,80.04,80.04,27.84,27.84,80.04,80.04,27.84,27.84,27.84,27.84,27.84,0.0,0.0,0.0,0.0,0.0,0.0,0.0,0.0,0.0,0.0,80.04000000000002,80.04000000000002,80.04000000000002,80.04000000000002,80.04000000000002,80.04000000000002,80.04,80.04000000000002,27.840000000000003,80.04000000000002,0.0
0.0,80.04,80.04,80.04,80.04,80.04,80.04000000000002,27.84,0.0,0.0,0.0,0.0,0.0,0.0,0.0,0.0,0.0,0.0,80.04,27.84,27.84,80.04,80.04,27.84,27.84,27.84,27.840000000000003,27.840000000000003,27.84,27.84,0.0,0.0,0.0,0.0,0.0,0.0,0.0,0.0,0.0,0.0,80.04000000000002,80.04000000000002,80.04000000000002,80.04000000000002,80.04,80.04000000000002,27.84,80.04000000000002,80.04000000000002
0.0,80.04,80.04,80.04,80.04,80.04,80.04,27.84,27.84,27.84,80.04,80.04,80.04,80.04,80.04,80.04,80.04,27.84,80.04,27.84,27.84,80.04,80.04,27.84,27.84,0.0,0.0,0.0,0.0,0.0,0.0,0.0,0.0,0.0,0.0,27.84,80.04,80.04000000000002,80.04000000000002,80.04000000000002,80.04000000000002,80.04000000000002,80.04000000000002,80.04,80.04,80.04000000000002,27.84,80.04000000000002,80.04000000000002
0.0,80.04,80.04,80.04,80.04,80.04,80.04,27.84,0.0,0.0,0.0,0.0,0.0,0.0,0.0,0.0,0.0,0.0,80.04,27.84,27.84,27.84,80.04,27.84,27.84,27.84,27.84,27.84,27.84,27.84,27.840000000000003,27.84,80.04,27.84,80.04,27.84,80.04,80.04000000000002,80.04000000000002,80.04000000000002,80.04000000000002,80.04000000000002,80.04000000000002,80.04,80.04,80.04000000000002,27.84,80.04000000000002,0.0
0.0,80.04,80.04,80.04,80.04,80.04,80.04,27.84,0.0,0.0,0.0,0.0,0.0,0.0,0.0,0.0,0.0,0.0,0.0,0.0,27.84,27.84,80.04,27.84,27.84,27.84,27.84,27.84,27.84,27.84,27.84,0.0,0.0,0.0,0.0,0.0,0.0,0.0,0.0,0.0,0.0,0.0,0.0,80.04,80.04,80.04000000000002,27.84,80.04000000000002,80.04000000000002
0.0,80.04,80.04,80.04000000000002,80.04,80.04,80.04,27.84,27.84,27.84,80.04,80.04,80.04,80.04,80.04,80.04,80.04,27.84,80.04,27.84,27.84,27.84,80.04,27.84,80.04,27.84,27.84,27.84,27.84,27.84,27.84,27.84,80.04000000000002,27.84,80.04,27.84,80.04,80.04000000000002,80.04000000000002,80.04000000000002,80.04000000000002,80.04000000000002,80.04000000000002,80.04,80.04,80.04000000000002,27.84,80.04000000000002,0.0
0.0,80.04,80.04,80.04,80.04,80.04,80.04,27.84,27.84,27.84,80.04,0.0,0.0,0.0,0.0,0.0,0.0,0.0,0.0,0.0,0.0,27.84,80.04,27.84,80.04,27.84,27.84,27.84,27.84,27.84,27.84,0.0,0.0,0.0,0.0,0.0,0.0,0.0,0.0,0.0,0.0,80.04000000000002,80.04000000000002,80.04,80.04,80.04000000000002,27.84,80.04000000000002,80.04000000000002
0.0,80.04,0.0,0.0,0.0,0.0,0.0,0.0,0.0,0.0,0.0,0.0,0.0,0.0,80.04,80.04,80.04,27.84,80.04,27.84,27.84,27.84,80.04,27.84,80.04,0.0,0.0,0.0,0.0,0.0,0.0,0.0,0.0,0.0,0.0,27.84,80.04,80.04000000000002,80.04000000000002,80.04000000000002,80.04000000000002,80.04000000000002,80.04000000000002,80.04,80.04000000000002,80.04000000000002,27.84,80.04000000000002,80.04000000000002
0.0,80.04,80.04,80.04000000000002,80.04,80.04,80.04,27.84,27.84,27.84,80.04,80.04,80.04,0.0,0.0,0.0,0.0,0.0,0.0,0.0,0.0,0.0,0.0,27.84,80.04,27.84,27.84,27.84,27.84,27.84,27.84,27.840000000000003,80.04,80.04000000000002,80.04,27.84,80.04,80.04000000000002,80.04000000000002,80.04000000000002,80.04000000000002,80.04000000000002,80.04000000000002,80.04,80.04000000000002,80.04000000000002,27.84,80.04000000000002,80.04000000000002
0.0,0.0,0.0,0.0,0.0,0.0,0.0,27.84,27.840000000000003,27.84,80.04,80.04,80.04,80.04,80.04,80.04,80.04,0.0,0.0,0.0,0.0,0.0,0.0,0.0,0.0,0.0,0.0,0.0,0.0,0.0,27.84,27.840000000000003,80.04,80.04,80.04,27.84,80.04,80.04000000000002,80.04000000000002,80.04000000000002,80.04000000000002,80.04000000000002,80.04000000000002,80.04,80.04000000000002,80.04000000000002,27.84,80.04000000000002,80.04000000000002
0.0,0.0,0.0,0.0,0.0,0.0,0.0,0.0,0.0,0.0,80.04,80.04,80.04,80.04,80.04,80.04,80.04,27.84,80.04,27.84,27.84,27.84,80.04,27.84,0.0,0.0,0.0,0.0,0.0,0.0,0.0,0.0,0.0,0.0,80.04,27.84,80.04,80.04000000000002,80.04000000000002,80.04000000000002,80.04000000000002,80.04000000000002,80.04000000000002,80.04,80.04000000000002,80.04000000000002,27.84,80.04000000000002,80.04000000000002
0.0,0.0,0.0,80.04,80.04,80.04000000000002,80.04,27.84,27.84,27.84,80.04,80.04,80.04,0.0,0.0,0.0,0.0,0.0,0.0,0.0,0.0,0.0,0.0,0.0,0.0,0.0,0.0,0.0,0.0,0.0,0.0,0.0,0.0,0.0,80.04,27.84,80.04,80.04000000000002,80.04000000000002,80.04000000000002,80.04000000000002,80.04000000000002,80.04000000000002,80.04,80.04000000000002,80.04000000000002,27.84,80.04000000000002,80.04
0.0,0.0,0.0,0.0,0.0,0.0,0.0,27.84,27.840000000000003,27.84,80.04,80.04,80.04,80.04,80.04,80.04,80.04,27.840000000000003,80.04,27.84,0.0,0.0,0.0,0.0,0.0,0.0,0.0,0.0,0.0,0.0,27.84,27.84,80.04000000000002,80.04,80.04,27.84,80.04000000000002,80.04000000000002,80.04000000000002,80.04000000000002,80.04000000000002,80.04000000000002,80.04000000000002,80.04000000000002,80.04000000000002,80.04000000000002,27.84,80.04000000000002,80.04
0.0,0.0,0.0,80.04,80.04,80.04,80.04,27.84,27.84,27.84,80.04,80.04,80.04,80.04,80.04,80.04,80.04,27.84,80.04,27.84,27.84,27.84,80.04000000000002,27.84,80.04,0.0,0.0,0.0,0.0,0.0,0.0,0.0,0.0,0.0,0.0,0.0,0.0,80.04000000000002,80.04000000000002,80.04000000000002,80.04000000000002,80.04000000000002,80.04000000000002,80.04000000000002,80.04,80.04000000000002,27.84,80.04000000000002,80.04
0.0,0.0,0.0,0.0,0.0,80.04,80.04,27.84,27.84,27.840000000000003,80.04,80.04,80.04,80.04,80.04,0.0,0.0,0.0,0.0,0.0,0.0,0.0,0.0,0.0,0.0,0.0,0.0,0.0,0.0,0.0,0.0,27.840000000000003,80.04,80.04,80.04,27.84,80.04000000000002,80.04000000000002,80.04000000000002,80.04000000000002,80.04000000000002,80.04000000000002,80.04000000000002,80.04000000000002,80.04000000000002,80.04000000000002,27.84,80.04000000000002,80.04
0.0,0.0,80.04,80.04,80.04,80.04,80.04000000000002,27.84,27.84,27.84,80.04000000000002,80.04,0.0,0.0,0.0,0.0,0.0,0.0,0.0,0.0,0.0,0.0,0.0,27.84,80.04,27.84,27.84,27.84,27.84,27.84,27.84,27.84,80.04,80.04000000000002,80.04,27.84,80.04,80.04000000000002,80.04000000000002,80.04000000000002,80.04000000000002,80.04000000000002,80.04,80.04,80.04000000000002,80.04,27.84,80.04,80.04
0.0,0.0,0.0,0.0,0.0,0.0,0.0,0.0,0.0,0.0,0.0,0.0,0.0,0.0,0.0,0.0,0.0,0.0,0.0,0.0,0.0,0.0,0.0,0.0,167.6,167.6,167.6,223.57425966973187,423.5742596697319,281.85,481.85,328.6062447365823,167.6,367.6,167.60000000000002,367.51554846467866,424.89922886467707,453.13901901320514,481.85,281.85,481.85,481.85,281.91403640090493,481.85,281.85,194.12443838785748,194.06040198695337,0.0,0.0
0.0,0.0,0.0,0.0,0.0,0.0,0.0,0.0,0.0,0.0,0.0,0.0,0.0,0.0,0.0,0.0,0.0,0.0,0.0,0.0,0.0,0.0,0.0,230.13425908294218,167.6,167.6,167.6,281.85,481.85,480.6031028158304,281.85,481.85,281.85,481.85,281.85,481.85,481.85,281.85,394.57269319418924,394.5086567932847,481.85,281.85,481.85,481.85,481.85,481.85,481.85,0.0,0.0
0.0,0.0,0.0,0.0,0.0,0.0,0.0,0.0,0.0,0.0,0.0,0.0,0.0,0.0,0.0,0.0,0.0,0.0,0.0,0.0,0.0,0.0,0.0,0.0,0.0,167.6,167.6,167.60000000000002,367.6,167.6,367.6,481.85,356.5887170140917,423.3477105818888,223.3477105818888,423.3477105818888,223.3477105818888,423.3477105818888,481.85,481.85,394.44462039238033,394.38058399147576,394.2525111896666,194.25251118966662,394.18847478876205,481.85,481.85,0.0,0.0
0.0,200.0,0.0,0.0,0.0,0.0,0.0,0.0,0.0,0.0,0.0,0.0,0.0,0.0,0.0,0.0,0.0,0.0,0.0,0.0,0.0,0.0,167.6,367.6,167.6,167.6,167.6,167.6,367.6,167.6,182.43278509772927,167.6,167.6,367.6,167.60000000000002,367.6,481.85,481.85,481.85,481.85,281.85,481.85,481.85,481.85,481.85,481.85,481.85,0.0,0.0
0.0,0.0,0.0,0.0,0.0,0.0,0.0,0.0,0.0,0.0,0.0,0.0,0.0,0.0,0.0,0.0,0.0,0.0,0.0,0.0,0.0,0.0,0.0,0.0,0.0,0.0,0.0,0.0,0.0,0.0,0.0,0.0,0.0,0.0,0.0,0.0,0.0,183.8571287431489,362.25,231.4639746521409,148.86575588424807,126.0,126.0,126.0,126.0,126.0,126.0,0.0,0.0
0.0,126.0,0.0,0.0,0.0,0.0,0.0,0.0,0.0,0.0,0.0,0.0,0.0,0.0,0.0,0.0,0.0,0.0,0.0,0.0,0.0,0.0,0.0,0.0,0.0,0.0,0.0,0.0,0.0,0.0,0.0,0.0,0.0,0.0,0.0,0.0,0.0,126.0,303.9445568721485,362.25,326.0,126.0,263.8999324484966,126.0,126.0,126.0,126.0,0.0,0.0
0.0,0.0,0.0,0.0,0.0,0.0,0.0,0.0,0.0,0.0,0.0,0.0,0.0,0.0,0.0,0.0,0.0,0.0,0.0,0.0,0.0,0.0,0.0,126.0,126.0,126.0,126.0,126.0,126.0,126.0,126.0,126.0,126.0,126.0,126.0,126.0,126.0,126.0,326.0,362.25,0.0,0.0,0.0,0.0,0.0,0.0,0.0,0.0,0.0
0.0,0.0,0.0,0.0,0.0,0.0,0.0,0.0,0.0,0.0,0.0,0.0,0.0,0.0,0.0,0.0,0.0,0.0,0.0,0.0,0.0,0.0,0.0,0.0,0.0,0.0,0.0,0.0,0.0,0.0,0.0,0.0,0.0,0.0,0.0,0.0,0.0,126.0,362.25,362.25,326.0,126.0,326.0,126.0,126.0,126.0,126.0,0.0,0.0
0.0,0.0,0.0,0.0,0.0,0.0,0.0,0.0,0.0,0.0,0.0,0.0,0.0,0.0,0.0,0.0,0.0,0.0,0.0,0.0,0.0,0.0,0.0,0.0,0.0,0.0,0.0,0.0,0.0,0.0,0.0,0.0,0.0,0.0,123.99999999999997,123.99999999999997,124.0,123.99999999999989,187.51642025855233,356.5,355.4028517268496,356.5,304.0642026483622,136.58885291469724,336.5888529146972,136.5888529146972,156.5,356.5,267.8017792453017
0.0,264.9950238867749,264.99502388683317,228.34050434188214,356.5,173.43591307109736,124.0,124.0,124.0,0.0,0.0,0.0,0.0,0.0,0.0,0.0,0.0,0.0,0.0,200.5672908080356,200.56729080803532,200.5672908080356,200.5672908080356,124.0,141.21583738233,124.0,124.0,141.21583738233,141.21583738233,0.0,0.0,0.0,0.0,0.0,0.0,0.0,0.0,0.0,0.0,0.0,0.0,0.0,0.0,0.0,0.0,0.0,0.0,0.0,0.0
0.0,0.0,0.0,0.0,0.0,0.0,0.0,0.0,0.0,0.0,0.0,0.0,0.0,0.0,0.0,0.0,0.0,0.0,0.0,0.0,0.0,0.0,0.0,123.99999999999997,124.0,141.21583738233,141.21583738232994,124.0,124.0,130.74686050779766,173.41814789257208,173.4158034059476,195.39540708209202,195.39540708209202,124.0,124.0,124.0,124.0,324.0,336.47390989336714,356.5,356.5,156.5,323.99487653384006,124.0,124.0,295.07948751321953,0.0,0.0
0.0,356.5,356.5,356.5,228.34050434188214,0.0,0.0,0.0,0.0,0.0,0.0,0.0,0.0,0.0,0.0,0.0,0.0,0.0,0.0,0.0,0.0,0.0,0.0,0.0,0.0,0.0,0.0,0.0,0.0,0.0,0.0,0.0,0.0,0.0,0.0,0.0,0.0,124.0,124.0,124.0,324.0,257.97664712369806,356.5,356.5,356.5,314.9986090536039,124.0,219.08287517279348,0.0
0.0,208.24999995372042,0.0,0.0,0.0,0.0,0.0,0.0,0.0,0.0,0.0,0.0,0.0,0.0,0.0,0.0,0.0,0.0,0.0,0.0,0.0,0.0,0.0,0.0,0.0,0.0,0.0,0.0,0.0,0.0,0.0,0.0,0.0,0.0,408.25,408.25,408.25,408.25,408.25,408.25,408.25,408.25,408.25,408.25,0.0,0.0,0.0,0.0,0.0
0.0,0.0,0.0,0.0,0.0,0.0,0.0,0.0,0.0,0.0,0.0,0.0,0.0,0.0,0.0,187.36542745668453,187.36364223693437,187.36185701718506,187.3600717974353,266.55546100749416,295.29516789808497,295.28881852369136,295.28246914929764,295.2761197749041,295.2697704005105,0.0,0.0,0.0,0.0,0.0,0.0,0.0,0.0,0.0,0.0,408.25,408.25,408.25,408.25,408.25,408.25,408.25,408.25,408.25,299.3721018655581,142.0,0.0,0.0,0.0
0.0,0.0,0.0,0.0,0.0,0.0,0.0,0.0,0.0,0.0,0.0,0.0,0.0,0.0,0.0,0.0,0.0,0.0,0.0,0.0,0.0,0.0,0.0,0.0,0.0,0.0,0.0,0.0,0.0,0.0,0.0,0.0,0.0,0.0,0.0,0.0,0.0,0.0,0.0,0.0,0.0,0.0,0.0,0.0,0.0,0.0,0.0,0.0,0.0
0.0,0.0,0.0,0.0,0.0,0.0,0.0,0.0,0.0,0.0,0.0,0.0,0.0,0.0,0.0,0.0,0.0,0.0,0.0,0.0,0.0,0.0,0.0,0.0,0.0,0.0,142.0,142.0,178.7026921441628,178.70505191794547,266.53994541433906,266.53858721314873,266.5372259440471,408.25,408.25,408.25,408.25,408.25,408.25,408.25,408.25,0.0,0.0,0.0,0.0,0.0,0.0,0.0,0.0
0.0,209.3,209.3,0.0,0.0,0.0,0.0,0.0,0.0,0.0,0.0,0.0,0.0,0.0,0.0,0.0,0.0,0.0,0.0,0.0,0.0,0.0,0.0,0.0,0.0,0.0,0.0,0.0,0.0,0.0,0.0,0.0,0.0,0.0,0.0,0.0,209.3,209.3,209.3,209.3,209.3,209.3,209.3,209.3,209.3,209.3,0.0,0.0,0.0
0.0,209.3,209.3,209.3,0.0,0.0,0.0,0.0,0.0,0.0,0.0,0.0,0.0,0.0,0.0,0.0,0.0,72.8,209.3,72.8,72.8,72.8,209.3,72.8,209.3,72.8,72.8,0.0,0.0,0.0,0.0,0.0,0.0,0.0,0.0,0.0,0.0,0.0,0.0,0.0,0.0,209.3,209.3,209.3,209.3,209.3,72.79999999999998,209.3,209.3
0.0,0.0,0.0,0.0,0.0,0.0,0.0,0.0,0.0,0.0,0.0,0.0,0.0,0.0,0.0,0.0,0.0,0.0,0.0,0.0,0.0,0.0,0.0,0.0,0.0,0.0,0.0,0.0,0.0,0.0,0.0,0.0,0.0,0.0,0.0,0.0,0.0,209.3,209.3000000000003,209.3,209.3,209.3,209.3,209.3,209.3,209.3,72.8,0.0,0.0
0.0,209.3,209.3,0.0,0.0,0.0,0.0,0.0,0.0,0.0,0.0,0.0,0.0,0.0,0.0,0.0,0.0,72.8,209.3,72.8,72.8,72.8,72.8,72.8,209.3,72.8,72.8,0.0,0.0,0.0,0.0,0.0,0.0,0.0,0.0,0.0,0.0,209.3,209.3,209.3,209.3,209.3,209.3,209.3,209.3,209.3,72.8,0.0,0.0
0.0,0.0,0.0,0.0,0.0,0.0,0.0,0.0,0.0,0.0,0.0,0.0,0.0,0.0,0.0,0.0,0.0,0.0,0.0,0.0,0.0,0.0,70.0,70.0,201.25,70.0,70.0,70.0,70.0,70.0,70.0,70.0,201.25,201.25,201.25,70.0,201.25,201.25,201.25,201.25,201.25,201.25,201.25,201.25,201.25,0.0,0.0,0.0,0.0
0.0,0.0,0.0,0.0,0.0,0.0,0.0,0.0,0.0,0.0,0.0,0.0,0.0,0.0,0.0,0.0,0.0,0.0,0.0,0.0,0.0,0.0,0.0,0.0,0.0,0.0,0.0,0.0,0.0,0.0,70.0,70.0,201.25,201.25,201.25,70.0,201.25,201.25,201.25,201.25,0.0,0.0,0.0,0.0,0.0,0.0,0.0,0.0,0.0
0.0,0.0,0.0,0.0,0.0,0.0,0.0,0.0,0.0,0.0,0.0,0.0,0.0,0.0,0.0,0.0,0.0,0.0,0.0,0.0,32.8,32.8,32.8,32.8,94.3,32.8,32.8,32.8,32.8,32.8,32.8,32.8,94.3,94.3,94.3,32.8,94.3,94.3,94.3,94.3,94.3,94.3,94.3,94.3,0.0,0.0,0.0,0.0,0.0
0.0,0.0,0.0,0.0,0.0,0.0,0.0,0.0,0.0,0.0,0.0,0.0,0.0,0.0,0.0,0.0,0.0,0.0,0.0,0.0,0.0,0.0,0.0,0.0,0.0,0.0,0.0,0.0,0.0,0.0,0.0,0.0,0.0,0.0,0.0,0.0,0.0,0.0,0.0,0.0,0.0,0.0,0.0,0.0,0.0,0.0,0.0,0.0,0.0
0.0,34.5,34.5,0.0,0.0,0.0,0.0,0.0,0.0,0.0,0.0,0.0,0.0,0.0,0.0,0.0,0.0,0.0,0.0,0.0,0.0,0.0,0.0,0.0,34.5,12.0,12.0,12.0,12.0,12.0,12.0,12.0,12.0,12.0,34.5,12.0,12.0,12.0,34.5,12.0,34.5,12.0,12.0,12.0,12.0,34.5,12.0,34.5,34.5
0.0,0.0,0.0,0.0,0.0,0.0,0.0,0.0,0.0,0.0,0.0,0.0,0.0,0.0,0.0,0.0,0.0,0.0,0.0,0.0,0.0,0.0,0.0,0.0,0.0,0.0,0.0,0.0,0.0,0.0,0.0,0.0,0.0,0.0,34.5,12.0,34.5,34.5,34.5,12.0,34.5,12.0,12.0,12.0,34.5,0.0,0.0,0.0,0.0
0.0,0.0,0.0,0.0,0.0,0.0,0.0,0.0,0.0,0.0,0.0,0.0,0.0,0.0,0.0,0.0,0.0,0.0,0.0,0.0,0.0,0.0,12.0,12.0,34.5,12.0,12.0,12.0,12.0,12.0,12.0,12.0,34.5,12.0,34.5,12.0,34.5,34.5,34.5,34.5,34.5,34.5,34.5,34.5,34.5,0.0,0.0,0.0,0.0
0.0,34.5,34.5,34.5,12.0,12.0,12.0,12.0,12.0,12.0,34.5,34.5,0.0,0.0,0.0,0.0,0.0,0.0,0.0,0.0,0.0,0.0,0.0,0.0,0.0,0.0,0.0,0.0,0.0,0.0,0.0,0.0,0.0,0.0,34.5,12.0,34.5,34.5,34.5,34.5,34.5,34.5,34.5,34.5,34.5,34.5,0.0,0.0,0.0
0.0,34.5,34.5,34.5,12.0,34.5,34.5,12.0,12.0,12.0,34.5,34.5,12.0,34.5,12.0,34.5,12.0,12.0,0.0,0.0,0.0,0.0,0.0,0.0,0.0,0.0,0.0,0.0,0.0,0.0,0.0,0.0,0.0,0.0,34.5,12.0,34.5,34.5,34.5,34.5,34.5,34.5,34.5,34.5,34.5,0.0,0.0,0.0,0.0
0.0,0.0,0.0,0.0,0.0,0.0,0.0,0.0,0.0,0.0,0.0,0.0,0.0,0.0,0.0,0.0,0.0,0.0,0.0,0.0,0.0,0.0,0.0,0.0,0.0,0.0,0.0,0.0,0.0,0.0,0.0,0.0,0.0,34.5,34.5,12.0,34.5,34.5,34.5,34.5,34.5,34.5,34.5,34.5,34.5,0.0,0.0,0.0,0.0
0.0,143.75,143.75,143.75,143.75,0.0,0.0,0.0,0.0,0.0,0.0,0.0,0.0,0.0,0.0,0.0,0.0,0.0,0.0,0.0,0.0,0.0,0.0,0.0,0.0,0.0,0.0,0.0,0.0,0.0,0.0,0.0,0.0,0.0,0.0,0.0,0.0,0.0,0.0,0.0,0.0,0.0,0.0,0.0,0.0,0.0,0.0,0.0,0.0
0.0,0.0,0.0,0.0,0.0,0.0,0.0,0.0,0.0,0.0,0.0,0.0,0.0,0.0,0.0,0.0,0.0,0.0,0.0,0.0,0.0,0.0,0.0,0.0,0.0,0.0,0.0,0.0,0.0,0.0,0.0,0.0,0.0,0.0,0.0,0.0,0.0,143.75,143.75,143.75,143.75,143.75,143.75,143.75,143.75,143.75,143.75,0.0,0.0
0.0,0.0,0.0,0.0,0.0,0.0,0.0,0.0,0.0,0.0,0.0,0.0,0.0,0.0,0.0,0.0,0.0,0.0,0.0,0.0,0.0,0.0,0.0,0.0,0.0,0.0,0.0,0.0,0.0,0.0,0.0,0.0,0.0,0.0,0.0,0.0,143.75,143.75,143.75,143.75,143.75,143.75,143.75,143.75,143.75,143.75,143.75,0.0,0.0
0.0,0.0,0.0,0.0,0.0,0.0,0.0,0.0,0.0,0.0,0.0,0.0,0.0,0.0,0.0,0.0,0.0,0.0,0.0,0.0,0.0,0.0,0.0,0.0,143.75,50.0,50.0,50.0,50.0,50.0,50.0,50.0,143.75,143.75,50.0,50.0,143.75,143.75,143.75,143.75,143.75,143.75,143.75,143.75,143.75,143.75,143.75,143.75,0.0
0.0,71.875,71.875,71.875,71.875,71.875,71.875,0.0,0.0,0.0,0.0,0.0,0.0,0.0,0.0,0.0,0.0,0.0,0.0,0.0,0.0,0.0,0.0,0.0,0.0,0.0,25.0,25.0,25.0,25.0,25.0,25.0,71.875,71.875,25.0,25.0,0.0,0.0,0.0,0.0,0.0,0.0,0.0,0.0,0.0,0.0,71.875,71.875,71.875
0.0,0.0,0.0,0.0,0.0,0.0,0.0,0.0,0.0,0.0,0.0,0.0,0.0,0.0,0.0,0.0,0.0,0.0,0.0,0.0,0.0,0.0,0.0,0.0,0.0,0.0,0.0,0.0,0.0,0.0,0.0,0.0,0.0,0.0,0.0,0.0,71.875,71.875,71.875,71.875,71.875,71.875,71.875,71.875,71.875,71.875,71.875,0.0,0.0
0.0,49.795,49.795,49.795,49.795,49.795,49.795,17.32,0.0,0.0,0.0,0.0,0.0,0.0,0.0,0.0,0.0,0.0,49.795,17.32,17.32,17.32,17.32,17.32,49.795,17.32,17.32,17.32,17.32,17.32,17.32,17.32,49.795,49.795,17.32,17.32,49.795,49.795,49.795,49.795,49.795,49.795,49.795,49.795,49.795,49.795,49.795,49.795,49.795
0.0,49.795,49.795,49.795,49.795,49.795,49.795,17.32,17.32,17.32,49.795,49.795,49.795,17.32,49.795,49.795,49.795,17.32,49.795,17.32,17.32,17.32,17.32,17.32,49.795,17.32,17.32,17.32,17.32,17.32,17.32,17.32,49.795,49.795,17.32,17.32,49.795,49.795,49.795,49.795,49.795,49.795,49.795,49.795,49.795,49.795,49.795,49.795,49.795
0.0,49.795,49.795,49.795,49.795,49.795,49.795,17.32,17.32,17.32,49.795,49.795,49.795,17.32,49.795,49.795,49.795,17.32,49.795,17.32,17.32,17.32,17.32,17.32,49.795,17.32,17.32,17.32,17.32,17.32,17.32,17.32,49.795,49.795,17.32,17.32,49.795,49.795,49.795,49.795,49.795,49.795,49.795,49.795,49.795,49.795,49.795,49.795,49.795
0.0,57.5,57.5,57.5,0.0,0.0,0.0,0.0,0.0,0.0,0.0,0.0,0.0,0.0,0.0,0.0,0.0,0.0,0.0,20.0,20.0,20.0,20.0,20.0,57.5,20.0,20.0,20.0,20.0,20.0,20.0,20.0,57.5,57.5,20.0,20.0,57.5,57.5,57.5,57.5,57.5,57.5,57.5,57.5,57.5,57.5,57.5,57.5,57.5
0.0,57.5,57.5,57.5,57.5,57.5,57.5,20.0,20.0,20.0,57.5,57.5,57.5,20.0,57.5,57.5,57.5,20.0,20.0,20.0,20.0,20.0,20.0,20.0,57.5,20.0,20.0,20.0,20.0,20.0,20.0,20.0,57.5,57.5,20.0,20.0,57.5,57.5,57.5,57.5,57.5,57.5,57.5,57.5,57.5,57.5,57.5,57.5,57.5
0.0,74.75,74.75,74.75,74.75,74.75,74.75,26.0,26.0,26.0,74.75,74.75,74.75,26.0,74.75,74.75,74.75,26.0,26.0,26.0,26.0,26.0,26.0,26.0,74.75,26.0,26.0,26.0,26.0,26.0,26.0,26.0,74.75,74.75,26.0,26.0,74.75,74.75,74.75,74.75,74.75,74.75,74.75,74.75,74.75,74.75,74.75,0.0,0.0
0.0,74.75,74.75,74.75,74.75,74.75,74.75,26.0,26.0,26.0,74.75,74.75,74.75,26.0,74.75,74.75,74.75,26.0,26.0,26.0,26.0,26.0,26.0,26.0,74.75,26.0,26.0,26.0,26.0,26.0,26.0,26.0,74.75,74.75,26.0,26.0,74.75,74.75,74.75,74.75,74.75,74.75,74.75,74.75,74.75,74.75,74.75,74.75,74.75
0.0,170.0,0.0,0.0,0.0,0.0,0.0,0.0,0.0,0.0,0.0,0.0,0.0,0.0,0.0,0.0,0.0,0.0,0.0,0.0,170.0,170.0,185.85197935244895,485.85197935244895,467.0912237794378,467.08046820646643,488.75,488.75,488.75,488.75,488.75,0.0,0.0,0.0,0.0,0.0,0.0,0.0,0.0,0.0,0.0,0.0,0.0,0.0,0.0,0.0,0.0,0.0,0.0
0.0,0.0,0.0,0.0,0.0,0.0,0.0,0.0,0.0,0.0,0.0,0.0,0.0,0.0,0.0,0.0,0.0,0.0,0.0,0.0,0.0,182.41190574052024,170.0,470.0,488.75,488.75,467.0697126334553,467.0589570604839,467.0482014874927,467.03744591450146,467.02669034151023,0.0,0.0,0.0,0.0,0.0,0.0,0.0,0.0,0.0,0.0,0.0,0.0,0.0,0.0,0.0,0.0,0.0,0.0
0.0,0.0,0.0,0.0,0.0,0.0,0.0,0.0,0.0,0.0,0.0,0.0,0.0,0.0,0.0,0.0,0.0,0.0,0.0,0.0,0.0,0.0,0.0,0.0,0.0,0.0,0.0,0.0,0.0,0.0,0.0,0.0,0.0,0.0,0.0,0.0,0.0,0.0,0.0,0.0,0.0,0.0,0.0,0.0,0.0,0.0,0.0,0.0,0.0
0.0,172.5,172.5,172.5,172.5,172.5,172.5,60.0,0.0,0.0,0.0,0.0,0.0,0.0,0.0,0.0,0.0,0.0,0.0,0.0,0.0,0.0,0.0,0.0,0.0,0.0,60.0,60.0,60.0,60.0,60.0,60.0,172.5,172.5,60.0,60.0,172.5,0.0,0.0,0.0,0.0,0.0,0.0,0.0,0.0,0.0,0.0,0.0,0.0
0.0,172.5,172.5,172.5,172.5,172.5,172.5,0.0,0.0,0.0,0.0,0.0,0.0,0.0,0.0,0.0,0.0,0.0,0.0,0.0,0.0,0.0,0.0,0.0,0.0,0.0,0.0,60.0,60.0,60.0,60.0,60.0,172.5,172.5,60.0,60.0,172.5,0.0,0.0,0.0,0.0,0.0,0.0,0.0,0.0,0.0,0.0,0.0,0.0
0.0,0.0,0.0,0.0,0.0,0.0,0.0,0.0,0.0,0.0,0.0,0.0,0.0,0.0,0.0,0.0,0.0,0.0,0.0,0.0,0.0,0.0,0.0,0.0,0.0,0.0,0.0,60.0,60.0,60.0,60.0,60.0,60.0,172.5,60.0,60.0,172.5,0.0,0.0,0.0,0.0,0.0,0.0,0.0,0.0,0.0,0.0,0.0,0.0
0.0,139.84,139.84,139.84,0.0,0.0,0.0,0.0,0.0,0.0,0.0,0.0,0.0,0.0,0.0,0.0,0.0,0.0,0.0,0.0,0.0,0.0,0.0,0.0,0.0,0.0,0.0,0.0,0.0,0.0,0.0,0.0,0.0,139.84,48.64,48.64,139.84,139.84,139.84,139.84,139.84,139.84,139.84,0.0,0.0,0.0,0.0,0.0,0.0
0.0,0.0,0.0,0.0,139.84,139.84,139.84,48.64,48.64,48.64,139.84,139.84,139.84,48.64,0.0,0.0,0.0,0.0,0.0,0.0,0.0,0.0,0.0,0.0,0.0,0.0,0.0,0.0,0.0,0.0,0.0,0.0,48.64,139.84,48.64,48.64,139.84,139.84,139.84,139.84,139.84,139.84,139.84,0.0,0.0,0.0,0.0,0.0,0.0
0.0,0.0,0.0,0.0,0.0,0.0,0.0,0.0,0.0,0.0,0.0,0.0,0.0,0.0,0.0,0.0,0.0,0.0,0.0,0.0,0.0,0.0,0.0,0.0,0.0,0.0,0.0,0.0,0.0,0.0,0.0,0.0,0.0,0.0,0.0,0.0,0.0,0.0,0.0,0.0,0.0,0.0,0.0,0.0,0.0,0.0,0.0,0.0,0.0
0.0,0.0,0.0,0.0,0.0,0.0,0.0,0.0,0.0,0.0,0.0,0.0,0.0,0.0,0.0,0.0,0.0,0.0,0.0,0.0,0.0,0.0,0.0,0.0,0.0,0.0,0.0,0.0,0.0,0.0,0.0,0.0,0.0,0.0,0.0,0.0,0.0,0.0,0.0,0.0,0.0,0.0,0.0,0.0,0.0,0.0,0.0,0.0,0.0
0.0,0.0,0.0,0.0,0.0,0.0,0.0,0.0,0.0,0.0,0.0,0.0,0.0,0.0,0.0,0.0,0.0,0.0,0.0,0.0,0.0,0.0,0.0,0.0,0.0,0.0,0.0,0.0,0.0,0.0,0.0,0.0,0.0,0.0,0.0,0.0,0.0,0.0,0.0,0.0,0.0,0.0,0.0,0.0,0.0,0.0,0.0,0.0,0.0
0.0,146.33737612506678,207.575,146.33737612508952,207.575,146.33737612508952,146.33737612508952,72.2,72.2,72.2,207.575,207.575,205.63762387470092,205.63762387470092,207.575,207.575,207.575,72.2,72.2,0.0,0.0,0.0,0.0,0.0,0.0,0.0,0.0,0.0,0.0,0.0,0.0,0.0,0.0,0.0,0.0,72.2,207.575,205.63762387470092,205.63762387470092,205.63762387470092,205.63762387470092,205.63762387470092,207.575,207.57499999979046,174.13737612508953,0.0,0.0,0.0,0.0
0.0,0.0,0.0,0.0,0.0,0.0,0.0,0.0,0.0,0.0,0.0,0.0,0.0,0.0,0.0,0.0,146.33737612508952,72.2,72.2,72.2,72.2,72.2,72.2,72.2,207.575,72.2,0.0,0.0,0.0,0.0,0.0,0.0,0.0,0.0,0.0,0.0,0.0,0.0,0.0,0.0,0.0,0.0,0.0,0.0,0.0,0.0,0.0,0.0,0.0
0.0,207.57499999979046,146.33737612508952,207.575,146.33737612508952,207.575,207.575,72.2,72.2,72.2,146.33737612508952,146.33737612508952,0.0,0.0,0.0,0.0,0.0,0.0,0.0,0.0,0.0,0.0,0.0,0.0,0.0,0.0,207.575,72.2,72.2,72.2,205.63762387470092,205.63762387470092,205.63762387470092,207.575,205.63762387470092,72.2,146.33737612508952,0.0,0.0,0.0,0.0,0.0,0.0,0.0,0.0,0.0,0.0,0.0,0.0
0.0,0.0,0.0,0.0,0.0,0.0,0.0,0.0,0.0,0.0,0.0,0.0,0.0,0.0,0.0,0.0,0.0,0.0,0.0,72.2,72.2,72.2,72.2,72.2,146.33737612508952,72.2,146.33737612508952,72.2,72.2,72.2,0.0,0.0,0.0,0.0,0.0,0.0,0.0,0.0,0.0,0.0,0.0,0.0,0.0,0.0,0.0,0.0,0.0,0.0,0.0
0.0,0.0,0.0,0.0,0.0,0.0,0.0,0.0,0.0,0.0,0.0,0.0,0.0,0.0,0.0,0.0,0.0,0.0,0.0,0.0,0.0,0.0,0.0,0.0,0.0,0.0,0.0,0.0,0.0,0.0,0.0,0.0,0.0,0.0,0.0,0.0,0.0,0.0,0.0,0.0,0.0,0.0,0.0,146.33737612508952,179.77499999979045,205.63762387470092,205.63762387470092,205.63762387470092,205.63762387470092
0.0,156.285,156.285,156.285,156.285,156.285,156.285,106.285,156.285,106.285,150.31125245866613,100.31125245866613,145.16230057530038,95.16230057530038,54.36,54.36,54.36,54.36,104.36,107.26039626878728,156.285,106.285,138.29361888513958,138.29361888513958,136.3686188851396,136.3686188851396,156.285,156.285,156.285,156.285,156.285,156.285,156.285,106.285,56.285,106.285,136.3686188851396,136.3686188851396,156.285,156.285,138.29361888513958,156.285,156.285,156.285,156.285,106.285,156.285,156.285,156.285
0.0,156.285,156.285,156.285,156.285,156.285,138.2936188851396,104.36,54.36,54.36,54.36,104.36000000000001,154.36,104.36,54.36,54.36,104.36,154.36,156.285,156.285,156.285,106.285,156.285,156.285,156.285,156.285,156.285,106.285,156.285,136.3686188851396,86.3686188851396,86.3686188851396,136.3686188851396,156.285,156.285,156.285,156.285,156.285,106.285,88.29361888513958,156.285,156.285,156.285,156.285,156.285,106.285,156.285,156.285,106.285
0.0,156.285,156.285,156.285,156.285,106.285,106.285,156.285,138.29361888513958,156.285,156.285,106.285,104.36,54.36,54.36,54.36,104.36,154.36,156.285,156.285,156.285,156.285,156.285,156.285,156.285,156.285,106.285,156.285,136.3686188851396,156.285,156.285,156.285,156.285,106.285,156.285,156.285,156.285,156.285,156.285,106.285,156.285,138.2936188851396,156.285,156.285,156.285,156.285,156.285,156.285,156.285
0.0,156.285,156.285,156.285,156.285,156.285,156.285,156.285,156.285,156.285,113.90883062733766,104.36000000000001,154.36,104.36,54.36,54.36,104.36,71.95132690333605,56.285,106.285,156.285,156.285,156.285,156.285,156.285,156.285,106.285,156.285,156.285,156.285,106.285,156.285,156.285,156.285,156.285,156.285,106.285,156.285,136.36861888513963,156.285,156.285,156.285,156.285,106.285,86.3686188851396,136.3686188851396,86.3686188851396,136.3686188851396,156.285
0.0,86.3686188851396,136.3686188851396,86.3686188851396,54.36,104.36,154.36,138.29361888513958,156.285,106.285,156.285,156.285,106.285,56.285,54.36,54.36,80.88769075630103,54.36,85.39322261635232,135.39322261635232,156.285,136.3686188851396,104.36,54.36,56.285,106.285,156.285,156.285,156.285,106.285,156.285,106.285,106.285,156.285,136.3686188851396,106.285,156.285,156.285,106.285,156.285,156.285,156.285,156.285,136.3686188851396,106.285,156.285,156.285,106.285,156.285
0.0,106.285,56.285,106.285,156.285,138.2936188851396,156.285,156.285,156.285,106.285,156.285,106.285,104.36,54.36,54.36,54.36,56.285,106.285,156.285,156.285,106.285,156.285,106.285,156.285,156.285,156.285,136.3686188851396,136.3686188851396,156.285,156.285,156.285,156.285,156.285,156.285,156.285,156.285,106.285,106.285,156.285,156.285,156.285,156.285,136.3686188851396,156.285,156.285,156.285,156.285,156.285,136.3686188851396
0.0,156.285,156.285,156.285,156.285,156.285,156.285,156.285,156.285,133.72945484026013,156.285,156.285,154.36,104.36,54.36,54.36,54.36,56.285,106.285,156.285,136.3686188851396,156.285,156.285,156.285,156.285,106.285,156.285,156.285,156.285,156.285,156.285,156.285,106.285,136.3686188851396,156.285,136.3686188851396,156.285,106.285,156.285,156.285,156.285,156.285,156.285,156.285,156.285,156.285,106.285,106.285,156.285
0.0,156.285,156.285,156.285,138.29361888513958,156.285,106.285,156.285,156.285,106.285,156.285,154.36,104.36,54.36,54.36,54.36,54.36,56.285,106.285,156.285,106.285,156.285,156.285,156.285,156.285,156.285,156.285,106.285,56.285,106.285,156.285,156.285,156.285,156.285,156.285,156.285,156.285,156.285,156.285,154.36,104.36,54.36,56.285,106.285,156.285,156.285,156.285,156.285,156.285
0.0,0.0,0.0,0.0,0.0,0.0,0.0,0.0,0.0,0.0,0.0,0.0,0.0,0.0,0.0,0.0,0.0,0.0,0.0,9.0,9.0,9.0,9.0,9.0,25.875,9.0,9.0,9.0,9.0,0.0,0.0,0.0,0.0,0.0,0.0,0.0,0.0,0.0,0.0,25.875,25.875,25.875,25.875,25.875,25.875,25.875,9.0,25.875,25.875
0.0,25.875,25.875,25.875,25.875,25.875,25.875,9.0,0.0,0.0,0.0,0.0,0.0,0.0,0.0,0.0,0.0,0.0,0.0,0.0,0.0,0.0,0.0,0.0,0.0,0.0,0.0,0.0,0.0,0.0,0.0,0.0,0.0,0.0,0.0,0.0,25.875,25.875,25.875,25.875,25.875,25.875,25.875,25.875,25.875,25.875,25.875,25.875,25.875
0.0,0.0,0.0,0.0,0.0,0.0,0.0,0.0,0.0,0.0,0.0,0.0,0.0,0.0,0.0,0.0,0.0,0.0,0.0,0.0,0.0,0.0,0.0,0.0,0.0,0.0,0.0,0.0,0.0,0.0,0.0,0.0,0.0,0.0,0.0,0.0,0.0,0.0,0.0,0.0,0.0,0.0,0.0,0.0,0.0,0.0,0.0,0.0,0.0
0.0,0.0,0.0,0.0,0.0,0.0,0.0,0.0,0.0,0.0,0.0,0.0,0.0,0.0,0.0,0.0,0.0,0.0,0.0,0.0,0.0,0.0,0.0,0.0,0.0,0.0,0.0,0.0,0.0,0.0,0.0,0.0,0.0,0.0,0.0,0.0,0.0,0.0,0.0,0.0,0.0,0.0,0.0,0.0,0.0,0.0,0.0,0.0,0.0
0.0,0.0,0.0,0.0,0.0,0.0,0.0,0.0,0.0,0.0,0.0,0.0,0.0,0.0,0.0,0.0,0.0,0.0,0.0,0.0,0.0,0.0,0.0,0.0,0.0,0.0,0.0,0.0,0.0,0.0,0.0,0.0,0.0,0.0,0.0,0.0,0.0,0.0,0.0,0.0,0.0,0.0,0.0,0.0,0.0,0.0,0.0,0.0,0.0
0.0,0.0,0.0,0.0,0.0,0.0,0.0,0.0,0.0,0.0,0.0,0.0,0.0,0.0,0.0,0.0,0.0,0.0,0.0,0.0,0.0,0.0,0.0,0.0,0.0,0.0,0.0,0.0,0.0,0.0,0.0,0.0,0.0,0.0,0.0,0.0,0.0,0.0,0.0,0.0,0.0,0.0,0.0,0.0,0.0,0.0,0.0,0.0,0.0
0.0,0.0,0.0,0.0,0.0,0.0,0.0,0.0,0.0,0.0,0.0,0.0,0.0,0.0,0.0,0.0,0.0,0.0,0.0,0.0,0.0,0.0,0.0,0.0,0.0,0.0,0.0,0.0,0.0,0.0,0.0,0.0,0.0,0.0,0.0,0.0,0.0,0.0,0.0,0.0,0.0,0.0,0.0,0.0,0.0,0.0,0.0,0.0,0.0
0.0,0.0,0.0,0.0,0.0,0.0,0.0,0.0,0.0,0.0,0.0,0.0,0.0,0.0,0.0,0.0,0.0,0.0,0.0,0.0,0.0,0.0,0.0,0.0,0.0,0.0,0.0,0.0,0.0,0.0,0.0,0.0,0.0,0.0,0.0,0.0,0.0,0.0,0.0,0.0,0.0,0.0,0.0,0.0,0.0,0.0,0.0,0.0,0.0
0.0,0.0,0.0,0.0,0.0,0.0,0.0,0.0,0.0,0.0,0.0,0.0,0.0,0.0,0.0,0.0,0.0,0.0,0.0,0.0,0.0,0.0,0.0,0.0,0.0,0.0,0.0,0.0,0.0,0.0,0.0,0.0,0.0,0.0,0.0,0.0,0.0,0.0,0.0,0.0,0.0,0.0,0.0,0.0,0.0,0.0,0.0,0.0,0.0
0.0,0.0,0.0,0.0,0.0,0.0,0.0,0.0,0.0,0.0,0.0,0.0,0.0,0.0,0.0,0.0,0.0,0.0,0.0,0.0,0.0,0.0,0.0,0.0,0.0,0.0,0.0,0.0,0.0,0.0,0.0,0.0,0.0,0.0,0.0,0.0,0.0,0.0,0.0,0.0,0.0,0.0,0.0,0.0,0.0,0.0,0.0,0.0,0.0
0.0,0.0,0.0,0.0,0.0,0.0,0.0,0.0,0.0,0.0,0.0,0.0,0.0,0.0,0.0,0.0,0.0,0.0,0.0,0.0,0.0,0.0,0.0,0.0,0.0,0.0,0.0,0.0,0.0,0.0,0.0,0.0,0.0,0.0,0.0,0.0,0.0,0.0,0.0,0.0,0.0,0.0,0.0,0.0,0.0,0.0,0.0,0.0,0.0
0.0,0.0,0.0,0.0,0.0,0.0,0.0,0.0,0.0,0.0,0.0,0.0,0.0,0.0,0.0,0.0,0.0,0.0,0.0,0.0,0.0,0.0,0.0,0.0,0.0,0.0,0.0,0.0,0.0,140.0,140.0,140.0,140.0,152.5,202.5,252.5,302.5,352.5,402.5,0.0,0.0,0.0,0.0,0.0,0.0,0.0,0.0,0.0,0.0
0.0,0.0,0.0,0.0,0.0,0.0,0.0,0.0,0.0,0.0,0.0,0.0,0.0,0.0,0.0,0.0,0.0,0.0,0.0,0.0,0.0,0.0,0.0,0.0,0.0,0.0,0.0,0.0,0.0,140.0,139.999999264881,140.0,140.0,140.0,190.0,240.0,290.0,340.0,390.0,0.0,0.0,0.0,0.0,0.0,0.0,0.0,0.0,0.0,0.0
0.0,0.0,0.0,0.0,0.0,0.0,0.0,0.0,0.0,0.0,0.0,0.0,0.0,0.0,0.0,0.0,0.0,0.0,0.0,0.0,0.0,0.0,0.0,0.0,0.0,0.0,0.0,0.0,0.0,0.0,0.0,0.0,0.0,0.0,0.0,0.0,0.0,402.5,353.94167253764584,303.94167253764584,253.94167253764584,203.94167253764584,249.1974358846372,269.6981972829716,277.76540060909656,227.76540060909653,177.76540060909653,0.0,0.0
0.0,0.0,0.0,0.0,0.0,0.0,0.0,0.0,0.0,0.0,0.0,0.0,0.0,0.0,0.0,0.0,0.0,0.0,0.0,0.0,0.0,0.0,0.0,0.0,0.0,0.0,0.0,0.0,0.0,0.0,0.0,0.0,0.0,0.0,0.0,0.0,0.0,0.0,0.0,0.0,0.0,0.0,0.0,0.0,0.0,0.0,0.0,0.0,0.0
0.0,0.0,0.0,0.0,0.0,0.0,0.0,0.0,0.0,0.0,0.0,0.0,0.0,0.0,0.0,0.0,0.0,0.0,0.0,0.0,0.0,0.0,0.0,0.0,0.0,0.0,0.0,0.0,0.0,0.0,0.0,0.0,0.0,0.0,0.0,0.0,0.0,0.0,0.0,0.0,0.0,0.0,0.0,0.0,0.0,0.0,0.0,0.0,0.0
0.0,0.0,0.0,0.0,0.0,0.0,0.0,0.0,0.0,0.0,0.0,0.0,0.0,0.0,0.0,0.0,0.0,0.0,0.0,0.0,0.0,0.0,0.0,0.0,0.0,0.0,0.0,0.0,0.0,0.0,0.0,0.0,0.0,0.0,0.0,0.0,0.0,0.0,0.0,0.0,0.0,0.0,0.0,0.0,0.0,0.0,0.0,0.0,0.0
0.0,0.0,0.0,0.0,0.0,0.0,0.0,0.0,0.0,0.0,0.0,0.0,0.0,0.0,0.0,0.0,0.0,0.0,0.0,0.0,0.0,0.0,0.0,0.0,0.0,0.0,0.0,0.0,0.0,0.0,0.0,156.0,156.0,182.76718563836013,232.76718563836013,282.76718563836016,332.76718563836016,382.76718563836016,432.76718563836016,398.5,448.5,0.0,0.0,0.0,0.0,0.0,0.0,0.0,0.0
0.0,0.0,0.0,0.0,0.0,0.0,0.0,0.0,0.0,0.0,0.0,0.0,0.0,0.0,0.0,0.0,0.0,0.0,0.0,0.0,0.0,0.0,0.0,0.0,0.0,0.0,0.0,0.0,0.0,0.0,0.0,0.0,0.0,0.0,0.0,0.0,0.0,0.0,0.0,0.0,0.0,0.0,0.0,0.0,0.0,0.0,0.0,0.0,0.0
0.0,0.0,0.0,0.0,0.0,0.0,0.0,0.0,0.0,0.0,0.0,0.0,0.0,0.0,0.0,0.0,0.0,0.0,0.0,0.0,0.0,0.0,0.0,0.0,0.0,0.0,0.0,0.0,0.0,0.0,0.0,0.0,0.0,0.0,0.0,0.0,0.0,0.0,0.0,0.0,0.0,0.0,0.0,0.0,0.0,0.0,0.0,0.0,0.0
0.0,0.0,0.0,0.0,0.0,0.0,0.0,0.0,0.0,0.0,0.0,0.0,0.0,0.0,0.0,0.0,0.0,0.0,0.0,0.0,0.0,0.0,0.0,0.0,0.0,0.0,0.0,0.0,0.0,0.0,0.0,0.0,0.0,0.0,0.0,0.0,0.0,0.0,0.0,0.0,0.0,0.0,0.0,0.0,0.0,0.0,0.0,0.0,0.0
0.0,0.0,0.0,0.0,0.0,0.0,0.0,0.0,0.0,0.0,0.0,0.0,0.0,0.0,0.0,0.0,0.0,0.0,0.0,0.0,0.0,0.0,0.0,0.0,0.0,0.0,0.0,0.0,0.0,0.0,0.0,0.0,0.0,0.0,0.0,0.0,0.0,0.0,0.0,0.0,0.0,0.0,0.0,0.0,0.0,0.0,0.0,0.0,0.0
0.0,0.0,0.0,0.0,0.0,0.0,0.0,0.0,0.0,0.0,0.0,0.0,0.0,0.0,0.0,0.0,0.0,0.0,0.0,0.0,0.0,0.0,0.0,0.0,0.0,0.0,0.0,0.0,0.0,0.0,0.0,0.0,0.0,0.0,0.0,0.0,0.0,0.0,0.0,0.0,0.0,0.0,0.0,0.0,0.0,0.0,0.0,0.0,0.0
0.0,0.0,0.0,0.0,0.0,0.0,0.0,0.0,0.0,0.0,0.0,0.0,0.0,0.0,0.0,0.0,0.0,0.0,0.0,0.0,0.0,0.0,0.0,0.0,0.0,0.0,0.0,0.0,0.0,0.0,156.0,156.0,156.0,156.0,156.0,156.0,161.06427086042368,211.06427086042368,261.0642708604237,211.06427086042368,0.0,0.0,0.0,0.0,0.0,0.0,0.0,0.0,0.0
0.0,0.0,0.0,0.0,0.0,0.0,0.0,0.0,0.0,0.0,0.0,0.0,0.0,0.0,0.0,0.0,0.0,0.0,0.0,0.0,0.0,0.0,0.0,0.0,0.0,0.0,0.0,0.0,0.0,0.0,0.0,0.0,0.0,0.0,0.0,0.0,0.0,0.0,0.0,0.0,0.0,0.0,0.0,0.0,0.0,0.0,0.0,0.0,0.0
0.0,0.0,0.0,0.0,0.0,0.0,0.0,0.0,0.0,0.0,0.0,0.0,0.0,0.0,0.0,0.0,0.0,0.0,0.0,0.0,0.0,0.0,0.0,0.0,0.0,0.0,0.0,0.0,0.0,0.0,0.0,0.0,0.0,0.0,0.0,0.0,0.0,0.0,0.0,0.0,0.0,0.0,0.0,0.0,0.0,0.0,0.0,0.0,0.0
0.0,0.0,0.0,0.0,0.0,0.0,0.0,0.0,0.0,0.0,0.0,0.0,0.0,0.0,0.0,0.0,0.0,0.0,0.0,0.0,0.0,0.0,0.0,0.0,0.0,0.0,0.0,0.0,0.0,0.0,0.0,0.0,0.0,0.0,0.0,0.0,0.0,0.0,0.0,0.0,0.0,0.0,0.0,0.0,0.0,0.0,0.0,0.0,0.0
0.0,0.0,0.0,0.0,0.0,0.0,0.0,0.0,0.0,0.0,0.0,0.0,0.0,0.0,0.0,0.0,0.0,0.0,0.0,0.0,0.0,0.0,0.0,0.0,0.0,0.0,0.0,0.0,0.0,0.0,0.0,0.0,0.0,0.0,0.0,0.0,0.0,0.0,0.0,0.0,0.0,0.0,0.0,0.0,0.0,0.0,0.0,0.0,0.0
0.0,181.24009114188334,165.02573738073755,0.0,0.0,0.0,0.0,0.0,0.0,0.0,0.0,0.0,0.0,0.0,0.0,0.0,0.0,0.0,0.0,0.0,0.0,0.0,0.0,0.0,0.0,0.0,0.0,0.0,0.0,0.0,0.0,0.0,0.0,0.0,0.0,0.0,0.0,0.0,0.0,0.0,0.0,0.0,0.0,0.0,0.0,0.0,0.0,165.27652779682717,185.9586479093998
0.0,165.02017855790555,181.24009114656235,181.24009114666143,181.24009114676048,165.04241384969922,165.04797267276402,70.0,70.0,0.0,0.0,0.0,0.0,0.0,0.0,0.0,0.0,0.0,0.0,0.0,0.0,0.0,0.0,70.0,165.14803148606816,70.0,165.159149131965,70.0,70.0,70.0,70.0,156.05314789981776,156.04758907685198,0.0,0.0,0.0,0.0,0.0,0.0,0.0,0.0,0.0,0.0,165.25364912243734,165.25920794550214,165.2654101508957,181.2400911467302,181.24073452919274,170.0
0.0,0.0,0.0,0.0,0.0,0.0,0.0,0.0,0.0,0.0,165.07020796455765,165.07576678762243,181.24009114662164,70.0,165.09244325635123,181.240091146686,165.1035609024809,70.0,70.0,70.0,70.0,0.0,0.0,0.0,0.0,0.0,0.0,0.0,0.0,0.0,0.0,0.0,0.0,181.24009114660655,156.03647143092047,156.0309126079547,181.24009114667095,165.22029618474684,165.22585500757887,165.23141383064367,165.23697265347565,165.24253147654048,165.24809029937248,0.0,0.0,0.0,0.0,0.0,0.0
0.0,0.0,0.0,0.0,0.0,0.0,0.0,0.0,0.0,0.0,0.0,0.0,0.0,70.0,181.2400911465869,165.0980020794161,181.24009114678506,70.0,70.0,70.0,70.0,70.0,70.0,0.0,0.0,0.0,0.0,0.0,0.0,0.0,0.0,0.0,0.0,0.0,0.0,0.0,165.214737361682,181.24009114677003,181.2400911466363,181.24009114673532,186.0031184931259,181.24009114670062,181.24009114656687,181.24009114666597,181.240091146765,181.24073452919276,0.0,0.0,0.0
0.0,0.0,0.0,165.03129620380238,165.0368550268672,181.24009114662675,181.24009114672577,70.0,70.0,156.1754420050645,181.24009114665637,181.2400911467554,165.08132561045443,0.0,0.0,0.0,0.0,0.0,0.0,0.0,0.0,0.0,0.0,0.0,0.0,0.0,0.0,0.0,0.0,0.0,0.0,0.0,0.0,0.0,0.0,0.0,0.0,0.0,0.0,0.0,0.0,0.0,0.0,0.0,0.0,0.0,0.0,0.0,0.0
0.0,0.0,0.0,0.0,0.0,0.0,0.0,0.0,0.0,0.0,0.0,0.0,0.0,0.0,0.0,0.0,0.0,0.0,0.0,0.0,0.0,70.0,70.0,165.1424726632362,181.24009114664622,70.0,181.24009114661152,70.0,70.0,70.0,70.0,0.0,0.0,0.0,0.0,0.0,0.0,0.0,0.0,0.0,0.0,0.0,0.0,0.0,0.0,0.0,0.0,0.0,0.0
0.0,130.0,240.50015352694498,225.0623864042861,226.41386493160593,198.64,198.64,0.0,0.0,0.0,0.0,0.0,0.0,0.0,0.0,0.0,0.0,0.0,0.0,0.0,0.0,0.0,0.0,0.0,0.0,0.0,0.0,0.0,98.64,98.64,98.64,98.64,98.64,198.64,98.64,98.64,269.29828839921487,198.64,198.64,198.64,198.64,198.64,0.0,0.0,0.0,0.0,0.0,0.0,0.0
0.0,193.70664713984237,98.64,199.9957392636599,198.64,198.64,198.64,98.64,198.64,0.0,0.0,0.0,0.0,0.0,0.0,0.0,0.0,0.0,0.0,0.0,0.0,0.0,0.0,0.0,0.0,0.0,0.0,0.0,0.0,0.0,0.0,0.0,0.0,0.0,0.0,0.0,198.64,198.64,269.2843392369295,198.64,269.2703900746442,198.64,198.64,198.64,114.25671804898884,198.64,0.0,0.0,0.0
0.0,0.0,0.0,0.0,0.0,0.0,0.0,0.0,0.0,0.0,0.0,0.0,0.0,0.0,0.0,269.44475460321115,269.43778002206847,98.64,98.64,98.64,98.64,98.64,98.64,198.64,198.64,98.64,199.99302541885731,98.64,98.64,98.64,98.64,98.64,98.64,198.64,98.64,98.64,198.64,269.2913138180722,198.64,269.27736465578687,198.64,269.2634154935015,198.64,198.64,0.0,0.0,0.0,0.0,0.0
0.0,0.0,0.0,0.0,0.0,0.0,0.0,0.0,0.0,0.0,0.0,198.64,198.64,98.64,98.64,198.64,198.64,98.64,98.64,98.64,98.64,98.64,98.64,269.3889579540697,198.64,0.0,0.0,0.0,0.0,0.0,0.0,0.0,0.0,0.0,0.0,0.0,0.0,0.0,0.0,0.0,0.0,0.0,269.2564409123588,226.1609767810344,240.41343409368315,224.7967160446943,240.41343409359672,140.4190517528479,226.139673099334
0.0,0.0,0.0,198.64,198.64,226.40960419526584,226.40534345892576,225.04108272258566,131.1925416045933,225.0321735438646,244.62416443547107,229.15231142220455,198.64,98.64,98.64,0.0,0.0,0.0,0.0,0.0,0.0,0.0,0.0,0.0,0.0,0.0,98.64,98.64,98.64,98.64,98.64,98.64,98.64,269.3192121426429,98.64,98.64,0.0,0.0,0.0,0.0,0.0,0.0,0.0,0.0,0.0,0.0,0.0,0.0,198.64
0.0,0.0,0.0,0.0,0.0,0.0,0.0,0.0,0.0,98.64,153.0759439487682,198.64,258.57546120136135,98.64,98.64,198.64,198.64,98.64,98.64,198.64,98.64,98.64,98.64,198.64,269.38198337292704,268.01500879178434,98.64,98.64,0.0,0.0,0.0,0.0,0.0,0.0,0.0,0.0,0.0,0.0,0.0,0.0,0.0,0.0,0.0,0.0,0.0,199.99573926365989,114.2652395215825,214.26659644449347,198.64
0.0,0.0,0.0,0.0,0.0,0.0,0.0,0.0,0.0,0.0,0.0,0.0,0.0,0.0,0.0,0.0,0.0,0.0,0.0,0.0,0.0,0.0,0.0,0.0,0.0,0.0,0.0,0.0,0.0,0.0,0.0,0.0,0.0,0.0,0.0,0.0,0.0,0.0,0.0,0.0,0.0,0.0,0.0,0.0,0.0,0.0,0.0,0.0,0.0
0.0,0.0,0.0,0.0,0.0,0.0,0.0,0.0,0.0,0.0,0.0,0.0,0.0,0.0,0.0,0.0,0.0,0.0,0.0,0.0,0.0,0.0,0.0,0.0,0.0,0.0,0.0,0.0,0.0,0.0,0.0,0.0,0.0,0.0,0.0,0.0,0.0,0.0,0.0,0.0,0.0,0.0,0.0,0.0,0.0,0.0,0.0,0.0,0.0
0.0,0.0,0.0,0.0,0.0,0.0,0.0,0.0,0.0,0.0,0.0,0.0,0.0,0.0,0.0,0.0,0.0,0.0,0.0,0.0,0.0,0.0,0.0,0.0,0.0,0.0,0.0,0.0,0.0,0.0,0.0,0.0,0.0,0.0,0.0,0.0,0.0,0.0,0.0,0.0,0.0,0.0,0.0,0.0,0.0,0.0,0.0,0.0,0.0
0.0,0.0,0.0,0.0,0.0,0.0,0.0,0.0,0.0,0.0,0.0,0.0,0.0,0.0,0.0,0.0,0.0,0.0,0.0,0.0,0.0,0.0,0.0,0.0,0.0,0.0,0.0,0.0,0.0,0.0,0.0,0.0,0.0,0.0,0.0,0.0,0.0,0.0,0.0,0.0,0.0,0.0,0.0,0.0,0.0,0.0,0.0,0.0,0.0
0.0,0.0,0.0,0.0,0.0,69.0,69.0,24.0,24.0,24.0,69.0,69.0,24.0,24.0,24.0,0.0,0.0,0.0,0.0,0.0,0.0,0.0,0.0,0.0,0.0,0.0,0.0,0.0,0.0,0.0,0.0,0.0,0.0,0.0,0.0,0.0,0.0,0.0,0.0,0.0,0.0,0.0,0.0,0.0,0.0,0.0,0.0,0.0,0.0
0.0,0.0,0.0,0.0,0.0,0.0,0.0,0.0,0.0,0.0,0.0,0.0,0.0,0.0,0.0,0.0,0.0,0.0,0.0,0.0,0.0,0.0,0.0,0.0,0.0,0.0,0.0,0.0,0.0,0.0,0.0,0.0,0.0,0.0,0.0,0.0,0.0,0.0,0.0,0.0,0.0,0.0,0.0,0.0,0.0,0.0,0.0,0.0,0.0
0.0,0.0,0.0,0.0,0.0,0.0,0.0,0.0,0.0,0.0,0.0,0.0,0.0,0.0,0.0,0.0,0.0,0.0,0.0,0.0,0.0,0.0,0.0,0.0,0.0,0.0,0.0,0.0,0.0,0.0,0.0,0.0,0.0,0.0,0.0,0.0,0.0,0.0,0.0,0.0,0.0,0.0,0.0,0.0,0.0,0.0,0.0,0.0,0.0
0.0,0.0,0.0,0.0,0.0,0.0,0.0,0.0,0.0,0.0,0.0,0.0,0.0,0.0,0.0,0.0,0.0,0.0,0.0,0.0,0.0,0.0,0.0,0.0,0.0,0.0,0.0,0.0,0.0,0.0,0.0,0.0,0.0,0.0,0.0,0.0,0.0,0.0,0.0,0.0,0.0,0.0,0.0,0.0,0.0,0.0,0.0,0.0,0.0
0.0,0.0,0.0,0.0,0.0,0.0,0.0,0.0,0.0,0.0,0.0,0.0,0.0,0.0,0.0,0.0,0.0,0.0,0.0,0.0,0.0,0.0,0.0,0.0,0.0,0.0,0.0,0.0,0.0,0.0,0.0,0.0,0.0,0.0,0.0,0.0,0.0,0.0,0.0,0.0,0.0,0.0,0.0,0.0,0.0,0.0,0.0,0.0,0.0
0.0,0.0,0.0,0.0,0.0,0.0,0.0,0.0,0.0,0.0,0.0,0.0,0.0,0.0,0.0,0.0,0.0,0.0,0.0,0.0,0.0,0.0,0.0,0.0,0.0,0.0,0.0,0.0,0.0,0.0,0.0,0.0,0.0,0.0,0.0,0.0,0.0,0.0,0.0,0.0,0.0,0.0,0.0,0.0,0.0,0.0,0.0,0.0,0.0
0.0,0.0,0.0,0.0,0.0,0.0,0.0,0.0,0.0,0.0,0.0,0.0,0.0,0.0,0.0,0.0,0.0,0.0,0.0,0.0,0.0,0.0,0.0,0.0,0.0,0.0,0.0,0.0,0.0,0.0,0.0,0.0,0.0,0.0,0.0,0.0,0.0,0.0,0.0,0.0,0.0,0.0,0.0,0.0,0.0,0.0,0.0,0.0,0.0
0.0,0.0,0.0,0.0,0.0,0.0,0.0,0.0,0.0,0.0,0.0,0.0,0.0,0.0,0.0,0.0,0.0,0.0,0.0,0.0,0.0,0.0,0.0,0.0,0.0,0.0,0.0,0.0,0.0,0.0,0.0,0.0,0.0,0.0,0.0,0.0,0.0,0.0,0.0,0.0,0.0,0.0,0.0,0.0,0.0,0.0,0.0,0.0,0.0
0.0,0.0,0.0,0.0,0.0,0.0,0.0,0.0,0.0,0.0,0.0,0.0,0.0,0.0,0.0,0.0,0.0,0.0,0.0,0.0,0.0,0.0,0.0,0.0,0.0,0.0,0.0,0.0,0.0,0.0,0.0,0.0,0.0,0.0,0.0,0.0,0.0,0.0,0.0,0.0,0.0,0.0,0.0,0.0,0.0,0.0,0.0,0.0,0.0
0.0,0.0,0.0,0.0,0.0,0.0,0.0,0.0,0.0,0.0,0.0,0.0,0.0,0.0,0.0,0.0,0.0,0.0,0.0,0.0,0.0,0.0,0.0,0.0,0.0,0.0,0.0,0.0,0.0,0.0,0.0,0.0,0.0,0.0,0.0,0.0,0.0,0.0,0.0,0.0,0.0,0.0,0.0,0.0,0.0,0.0,0.0,0.0,0.0
0.0,0.0,0.0,0.0,0.0,0.0,0.0,0.0,0.0,0.0,0.0,0.0,0.0,0.0,0.0,0.0,0.0,0.0,0.0,0.0,0.0,0.0,0.0,0.0,0.0,0.0,0.0,0.0,0.0,0.0,0.0,0.0,0.0,0.0,0.0,0.0,0.0,0.0,0.0,0.0,0.0,0.0,0.0,0.0,0.0,0.0,0.0,0.0,0.0
0.0,0.0,0.0,0.0,0.0,0.0,0.0,0.0,0.0,0.0,0.0,0.0,0.0,0.0,0.0,0.0,0.0,0.0,0.0,0.0,0.0,0.0,0.0,0.0,0.0,0.0,0.0,0.0,0.0,0.0,0.0,0.0,0.0,0.0,0.0,0.0,0.0,0.0,0.0,0.0,0.0,0.0,0.0,0.0,0.0,0.0,0.0,0.0,0.0
0.0,0.0,0.0,0.0,0.0,0.0,0.0,0.0,0.0,0.0,0.0,0.0,0.0,0.0,0.0,0.0,0.0,0.0,0.0,0.0,0.0,0.0,0.0,0.0,0.0,0.0,0.0,0.0,0.0,0.0,0.0,0.0,0.0,0.0,0.0,0.0,0.0,0.0,0.0,0.0,0.0,0.0,0.0,0.0,0.0,0.0,0.0,0.0,0.0
0.0,199.99999999999983,271.96000000000004,448.836210438769,471.96000000000004,463.9139809679468,463.9139809679468,463.91398096794705,471.96000000000004,371.96000000000004,0.0,0.0,0.0,0.0,0.0,0.0,0.0,0.0,0.0,0.0,189.02943649981987,164.16,164.16,238.76313392423273,238.76313392532754,189.02943649981978,164.16,189.02943649981978,289.0294364998198,253.18943649981986,353.18943649981986,364.15999999999997,264.15999999999997,364.15999999999997,264.15999999999997,164.16,164.16,164.15999999999997,164.16,253.18943649981998,353.18943649982,353.18943649982,371.9599999999995,336.11999999999915,264.15999999999997,264.15999999999997,336.1199999999997,0.0,0.0
0.0,0.0,0.0,0.0,0.0,0.0,0.0,0.0,0.0,0.0,0.0,164.16,212.43633404967136,264.15999999999997,164.16,264.15999999999997,264.15999999999997,164.16,225.81240530493346,325.81240530493346,264.15999999999997,164.16,338.7631343084733,238.76313392423273,238.76313392532754,164.16,164.16,264.15999999999997,228.32000000000005,164.16,164.15999999999985,253.18943649981986,353.18943649981986,317.3494364998197,353.18943649981986,253.18943649981986,253.18943649981986,164.16,264.15999999999997,264.15999999999997,164.16,164.16,182.93056350017966,347.09056350017926,264.15999999999997,264.15999999999997,0.0,0.0,0.0
0.0,359.2437895592563,287.2837895601765,264.1599999993667,0.0,0.0,0.0,0.0,0.0,0.0,0.0,0.0,0.0,0.0,164.16,264.15999999999997,264.15999999999997,264.15999999999997,364.15999999999997,264.15999999999997,164.16,164.16,263.6325708082931,263.6325704240525,263.6325704251473,164.16,264.15999999999997,164.16,0.0,0.0,0.0,0.0,0.0,0.0,0.0,0.0,0.0,0.0,0.0,0.0,0.0,0.0,0.0,0.0,0.0,0.0,0.0,471.96,453.1894364998203
0.0,0.0,0.0,0.0,0.0,0.0,264.15999999999997,264.15999999999997,332.95633404967134,232.95633404967134,328.32000000000005,264.15999999999997,164.16,164.16,164.16,279.44614264056827,0.0,0.0,0.0,0.0,0.0,0.0,0.0,0.0,0.0,0.0,0.0,0.0,0.0,0.0,0.0,0.0,0.0,0.0,164.16,264.15999999999997,364.15999999999997,453.18943649981986,429.35526902017887,264.15999999999985,264.15999999999985,164.15999999999985,282.9305635001795,347.09056350017926,264.15999999999997,264.15999999999997,247.0905635001793,182.93056350017966,182.93056350017966
0.0,0.0,0.0,0.0,0.0,0.0,0.0,0.0,0.0,200.0,164.16,164.16,264.15999999999997,212.43633404967136,164.16,264.15999999999997,164.16,250.75714508956514,164.16,164.16,164.16,189.02943649981978,238.76313430847333,238.76313392423273,238.76313392532754,264.15999999999997,164.16,164.16,264.15999999999997,364.15999999999997,264.15999999999997,164.16,164.15999999999997,264.15999999999997,164.16,264.15999999999997,164.16,164.16,164.16,364.15999999999997,164.16,264.15999999999997,182.93056350017966,247.0905635001793,264.15999999999997,164.16,364.15999999999997,182.93056350017966,282.93056350017906
0.0,0.0,0.0,0.0,0.0,0.0,0.0,0.0,0.0,0.0,312.43633404967136,212.43633404967136,164.16,164.16,164.16,264.15999999999997,253.18943649981986,164.16,164.16,191.53703119488637,164.16,264.15999999999997,238.76313430847333,338.7631339242327,338.7631339253275,164.16,189.02943649981967,164.16,164.16,164.16,164.16,164.16,164.15999999999997,0.0,0.0,0.0,0.0,0.0,0.0,0.0,0.0,0.0,0.0,0.0,389.0294364998198,289.0294364998198,347.0905635001787,182.93056350017903,182.93056350017966
0.0,0.0,0.0,0.0,0.0,0.0,0.0,0.0,0.0,0.0,0.0,0.0,0.0,0.0,0.0,0.0,0.0,0.0,0.0,0.0,0.0,0.0,310.8,210.8,310.8,310.8,210.8,221.60000000000008,221.60000000000008,210.8,310.8,210.8,310.8,310.8,410.8,310.8,310.8,310.8,310.8,310.8,321.60000000000014,288.41596966709704,286.5861846915082,210.8,210.8,221.60000000000008,310.8,310.8,0.0
0.0,210.8,210.8,407.87036063673526,310.8,407.87036063673526,0.0,0.0,0.0,0.0,0.0,0.0,0.0,0.0,0.0,0.0,0.0,0.0,0.0,0.0,0.0,0.0,310.8,210.8,310.8,410.8,410.8,310.8,410.8,310.8,399.99999999999994,299.99999999999994,0.0,0.0,0.0,0.0,0.0,0.0,0.0,0.0,0.0,0.0,0.0,0.0,0.0,0.0,0.0,310.8,288.4159696670964
0.0,210.8,210.8,310.8,407.87036063673526,310.8,407.8703606363627,357.374690068112,357.374690068112,357.374690068112,457.3746900681121,0.0,0.0,0.0,0.0,0.0,0.0,0.0,0.0,0.0,0.0,0.0,0.0,0.0,0.0,0.0,0.0,0.0,0.0,210.8,250.03403033290255,239.2340303329026,339.2340303329026,439.2340303329026,339.2340303329026,339.2340303329026,339.2340303329026,410.80000000000007,310.8,310.8,0.0,0.0,0.0,0.0,0.0,0.0,0.0,0.0,0.0
0.0,0.0,0.0,0.0,0.0,0.0,0.0,0.0,0.0,0.0,0.0,357.37469006860834,210.79999999999944,310.79999999999944,290.94950064735394,242.27419071546728,325.1635719646441,425.1635719646441,525.1635719646441,425.1635719646441,325.1635719646441,0.0,0.0,0.0,0.0,0.0,0.0,0.0,0.0,0.0,0.0,210.8,310.8,210.8,210.8,310.8,310.8,310.8,310.8,410.8,510.8,399.21596966709717,421.60000000000014,321.60000000000014,221.60000000000014,310.8,310.8,0.0,0.0
0.0,0.0,0.0,0.0,0.0,0.0,0.0,0.0,0.0,0.0,0.0,0.0,0.0,0.0,0.0,0.0,0.0,0.0,0.0,0.0,216.07341158207942,316.0734115820794,316.0734115820794,210.8,310.8,239.2340303329026,339.2340303329026,428.4340303329025,328.4340303329025,228.43403033290252,0.0,0.0,0.0,0.0,0.0,0.0,0.0,0.0,0.0,0.0,0.0,0.0,0.0,0.0,0.0,0.0,310.8,310.8,410.8
0.0,0.0,0.0,0.0,0.0,0.0,310.8,310.8,210.8,310.8,310.8,410.8,357.37469006811335,457.37469006811335,557.3746900681133,606.05,523.1606187508231,423.1606187508231,323.1606187508231,423.1606187508231,323.1606187508231,423.1606187508231,423.1606187508231,223.16061875082312,0.0,0.0,0.0,0.0,0.0,0.0,0.0,0.0,0.0,0.0,0.0,0.0,400.0,328.43403033290247,428.43403033290247,328.43403033290247,428.43403033290247,506.0499999999995,328.43403033290247,428.43403033290247,528.4340303329025,428.43403033290247,428.43403033290247,428.43403033290247,528.4340303329025
